ym,ticker,dv63,rk
2014-01,AAL,359168962.8020241,85.0
2014-01,AAPL,6524329210.024685,2.0
2014-01,AIG,512024754.34134954,58.0
2014-01,AMGN,366509246.08092535,84.0
2014-01,AMZN,1174590774.6354966,14.0
2014-01,AXP,329400628.25448173,97.0
2014-01,BA,612227071.5271602,48.0
2014-01,BAC,1607141373.555076,10.0
2014-01,BIDU,589681486.7159163,49.0
2014-01,BIIB,370962290.179516,80.0
2014-01,BKNG,714984323.8865383,40.0
2014-01,BMY,422595909.3031202,68.0
2014-01,BRK-B,413343899.81803286,72.0
2014-01,C,1244288851.5515707,12.0
2014-01,CAT,487292303.18301976,60.0
2014-01,CMCSA,533267909.71440744,54.0
2014-01,COP,336765762.20700705,93.0
2014-01,CPRI,355739716.4784749,87.0
2014-01,CSCO,1013816656.3527182,20.0
2014-01,CVS,358347958.92016697,86.0
2014-01,CVX,719451385.0297474,39.0
2014-01,DAL,380242016.64538914,78.0
2014-01,DD,420493374.256662,69.0
2014-01,DDD,441510431.36538553,67.0
2014-01,DIA,1139309853.749036,15.0
2014-01,DIS,475257556.19327605,61.0
2014-01,EBAY,773685911.1407574,35.0
2014-01,EEM,2835116570.73377,5.0
2014-01,EFA,1110784601.3526068,16.0
2014-01,EWJ,391388946.4284609,75.0
2014-01,F,707434884.226086,42.0
2014-01,FAS,333571926.19034296,96.0
2014-01,FCX,369236536.2949977,83.0
2014-01,FXI,863432572.631951,25.0
2014-01,GDX,827178756.3723307,26.0
2014-01,GE,1027024979.5291905,18.0
2014-01,GILD,806319845.1312232,33.0
2014-01,GLD,908858337.2025384,24.0
2014-01,GM,958298021.0859572,21.0
2014-01,GOOG,2023360345.0684717,8.0
2014-01,GOOGL,2023360358.0853229,7.0
2014-01,GS,493728698.2660203,59.0
2014-01,HAL,461259676.9702003,64.0
2014-01,HD,518013725.3306313,56.0
2014-01,HPQ,419512738.44289815,70.0
2014-01,HYG,340526863.7944539,92.0
2014-01,IBM,941308274.6956102,23.0
2014-01,INTC,819860493.7930607,27.0
2014-01,IVV,812858378.2609001,30.0
2014-01,IWM,4149812470.0227647,3.0
2014-01,IYR,577829891.8334597,50.0
2014-01,JNJ,712910877.6925465,41.0
2014-01,JPM,1023603383.6207315,19.0
2014-01,KO,552019402.845092,53.0
2014-01,LOW,334525204.2104025,95.0
2014-01,LVS,327814042.28181386,99.0
2014-01,MA,571235951.4167664,51.0
2014-01,MCD,516626266.2475465,57.0
2014-01,MDLZ,326069275.3967346,100.0
2014-01,MDY,458159611.737327,66.0
2014-01,META,3681813617.5062513,4.0
2014-01,MMM,380453979.1526326,77.0
2014-01,MRK,629952186.1261752,46.0
2014-01,MS,370475702.8856641,81.0
2014-01,MSFT,1528971498.1602197,11.0
2014-01,MU,818343003.1394203,29.0
2014-01,NFLX,1036100743.9087762,17.0
2014-01,ORCL,649421629.9828423,45.0
2014-01,OXY,341072777.7008329,90.0
2014-01,PEP,376662870.8943322,79.0
2014-01,PFE,771013898.0247623,37.0
2014-01,PG,705081810.6482006,43.0
2014-01,PM,465842046.84954447,63.0
2014-01,QCOM,773384053.6565024,36.0
2014-01,QQQ,2794951754.2992487,6.0
2014-01,SBUX,413908421.1810763,71.0
2014-01,SLB,527658020.9579468,55.0
2014-01,SPY,19528770351.08887,1.0
2014-01,T,809435133.3750217,31.0
2014-01,TGT,369890617.7610367,82.0
2014-01,TLT,807707921.0972499,32.0
2014-01,TNA,564621637.6539079,52.0
2014-01,TSLA,1637146848.400729,9.0
2014-01,UNP,328210842.3528035,98.0
2014-01,UPS,336718911.9009957,94.0
2014-01,V,681584804.130869,44.0
2014-01,VLO,397391225.4890684,74.0
2014-01,VOD,342226740.8905046,89.0
2014-01,VWO,803241493.7874688,34.0
2014-01,VZ,625885384.6518986,47.0
2014-01,WFC,739965329.6234009,38.0
2014-01,WMT,471434256.17239815,62.0
2014-01,XLE,942534973.0083647,22.0
2014-01,XLF,819435580.0294069,28.0
2014-01,XLI,460460002.5919294,65.0
2014-01,XLP,384781634.3040769,76.0
2014-01,XLU,401484310.17954385,73.0
2014-01,XLV,340846995.6088051,91.0
2014-01,XLY,351764983.0885206,88.0
2014-01,XOM,1211485824.0404522,13.0
2014-02,AAL,383032342.93125695,85.0
2014-02,AAPL,6850146424.1090555,2.0
2014-02,ABBV,348108906.6477034,98.0
2014-02,AIG,478855291.8130844,63.0
2014-02,AMGN,376885208.2703969,87.0
2014-02,AMZN,1341069194.144476,13.0
2014-02,AXP,352103283.66957164,97.0
2014-02,BA,666102400.7437812,47.0
2014-02,BAC,1664054219.045722,10.0
2014-02,BIDU,640174897.6474096,49.0
2014-02,BIIB,404104688.4118943,80.0
2014-02,BKNG,851215094.1005585,30.0
2014-02,BMY,437690102.1231152,71.0
2014-02,BRK-B,429520404.84776574,73.0
2014-02,C,1290849525.7407537,14.0
2014-02,CAT,540274816.358863,56.0
2014-02,CMCSA,715229001.6816415,43.0
2014-02,COP,355062620.88728404,96.0
2014-02,CSCO,979431566.1156881,23.0
2014-02,CVS,397175681.5151033,82.0
2014-02,CVX,746060071.4944991,41.0
2014-02,DAL,375758142.98614925,89.0
2014-02,DD,478463783.7184465,64.0
2014-02,DDD,454678908.6138044,68.0
2014-02,DIA,1234479833.7765648,15.0
2014-02,DIS,535395078.76840013,57.0
2014-02,EBAY,763521972.7038541,38.0
2014-02,EEM,2928733066.130926,6.0
2014-02,EFA,1160183594.6516674,17.0
2014-02,EWJ,428492479.1643491,75.0
2014-02,F,698478220.8512397,45.0
2014-02,FAS,375439401.63019574,90.0
2014-02,FCX,367683771.2428562,93.0
2014-02,FXI,836307707.2295053,32.0
2014-02,GDX,848248608.2456195,31.0
2014-02,GE,991654334.9008073,22.0
2014-02,GILD,888549160.5564299,29.0
2014-02,GLD,966689319.2885021,24.0
2014-02,GM,1034004233.916752,20.0
2014-02,GOOG,2367480578.9232583,8.0
2014-02,GOOGL,2367480599.1796546,7.0
2014-02,GS,530397426.5843467,58.0
2014-02,HAL,475390806.499457,65.0
2014-02,HD,529172791.6136484,60.0
2014-02,HPQ,407647081.824524,79.0
2014-02,HYG,374661014.7479708,91.0
2014-02,IBM,908877768.2457315,26.0
2014-02,INTC,793585278.8213003,36.0
2014-02,IVV,920675498.9552816,25.0
2014-02,IWM,4353640917.440639,3.0
2014-02,IYR,626188594.043223,51.0
2014-02,JNJ,751758247.8013175,39.0
2014-02,JPM,1013625345.5464741,21.0
2014-02,KO,615069220.7897247,54.0
2014-02,LVS,366864319.2454868,94.0
2014-02,MA,615463645.8731515,53.0
2014-02,MCD,464505379.74240744,67.0
2014-02,MDY,620153155.2230593,52.0
2014-02,META,3688421555.2029023,4.0
2014-02,MMM,419828338.02725303,77.0
2014-02,MRK,645098197.6017364,48.0
2014-02,MS,386188048.95435816,83.0
2014-02,MSFT,1475079669.324675,12.0
2014-02,MU,821731640.4737047,33.0
2014-02,NFLX,1087541060.4370966,18.0
2014-02,ORCL,631187990.7445575,50.0
2014-02,OXY,375963329.3051152,88.0
2014-02,PEP,451751709.376429,69.0
2014-02,PFE,805002530.2920281,35.0
2014-02,PG,728796461.4179338,42.0
2014-02,PM,469605947.4966019,66.0
2014-02,QCOM,689712104.3305291,46.0
2014-02,QQQ,3090447253.3649383,5.0
2014-02,RTX,373146944.80917555,92.0
2014-02,SBUX,442979415.5707102,70.0
2014-02,SLB,529950717.43570966,59.0
2014-02,SPY,20898494953.065372,1.0
2014-02,T,895693105.3105574,27.0
2014-02,TGT,420360806.9506509,76.0
2014-02,TLT,784665220.9461879,37.0
2014-02,TNA,612841190.1387653,55.0
2014-02,TSLA,1760578468.101002,9.0
2014-02,UNH,355209556.3534449,95.0
2014-02,UNP,339357305.2519541,99.0
2014-02,UPS,337097121.01646304,100.0
2014-02,V,712041648.3948481,44.0
2014-02,VLO,428724427.22138906,74.0
2014-02,VOD,431223313.7339987,72.0
2014-02,VWO,815734171.0491302,34.0
2014-02,VZ,1555527198.9099169,11.0
2014-02,WFC,746277148.3692533,40.0
2014-02,WMT,499824727.8377533,62.0
2014-02,XLE,1034226031.0667129,19.0
2014-02,XLF,892510691.4338421,28.0
2014-02,XLI,515907254.41289026,61.0
2014-02,XLP,401961911.10323346,81.0
2014-02,XLU,380212999.34126234,86.0
2014-02,XLV,417517212.2553326,78.0
2014-02,XLY,384319429.5296321,84.0
2014-02,XOM,1209413583.2051232,16.0
2014-03,AAL,369802485.4156343,97.0
2014-03,AAPL,6063000689.18864,2.0
2014-03,AIG,476809625.7221404,67.0
2014-03,AMGN,415627501.25547135,82.0
2014-03,AMZN,1424476262.3806908,14.0
2014-03,AXP,364253807.5111268,99.0
2014-03,BA,691086459.9923028,47.0
2014-03,BAC,1891688066.0427942,11.0
2014-03,BIDU,739127384.286596,44.0
2014-03,BIIB,504124061.9116889,65.0
2014-03,BKNG,1023827621.9265045,20.0
2014-03,BMY,486894641.4461529,66.0
2014-03,BRK-B,473071524.90798706,69.0
2014-03,C,1469854664.3804157,12.0
2014-03,CAT,583961626.7174857,54.0
2014-03,CMCSA,827646127.5610857,34.0
2014-03,COP,357806340.3480409,100.0
2014-03,CSCO,963419350.390413,28.0
2014-03,CVS,409979118.1734721,84.0
2014-03,CVX,762821908.240618,40.0
2014-03,DAL,397866632.137017,89.0
2014-03,DD,466360159.9368406,73.0
2014-03,DDD,443632854.2961847,77.0
2014-03,DIA,1244881845.9184194,16.0
2014-03,DIS,569641691.876584,58.0
2014-03,EBAY,736547745.769454,45.0
2014-03,EEM,3042249296.301215,6.0
2014-03,EFA,1313820900.545871,15.0
2014-03,EWJ,472183881.168202,70.0
2014-03,F,588206231.3862755,53.0
2014-03,FAS,450536873.83482194,76.0
2014-03,FCX,398882459.4085481,87.0
2014-03,FXI,945116449.6361021,31.0
2014-03,GDX,938704343.3538043,32.0
2014-03,GE,954628047.8698225,30.0
2014-03,GILD,1015115733.3555192,22.0
2014-03,GLD,1012587675.7446653,24.0
2014-03,GM,961032092.6048218,29.0
2014-03,GOOG,2464512734.974259,8.0
2014-03,GOOGL,2606063131.7591467,7.0
2014-03,GS,560287152.4657476,59.0
2014-03,HAL,452330365.2716561,75.0
2014-03,HD,531951077.7924674,62.0
2014-03,HPQ,386072811.52716625,94.0
2014-03,HYG,400584594.00357443,86.0
2014-03,IBB,435689533.14757574,78.0
2014-03,IBM,985103517.8035778,26.0
2014-03,INTC,786892015.6219785,38.0
2014-03,IVV,1001133631.5701197,25.0
2014-03,IWM,5025071990.503087,3.0
2014-03,IYR,684658552.6693435,49.0
2014-03,JNJ,805350611.1209325,36.0
2014-03,JPM,1116236389.3332405,19.0
2014-03,KO,639769260.9811026,51.0
2014-03,LVS,392480910.3139847,92.0
2014-03,MA,575798839.3278698,56.0
2014-03,MCD,508335436.82884336,64.0
2014-03,MDY,581805622.8675964,55.0
2014-03,META,3772373581.3925123,4.0
2014-03,MMM,392274346.40978724,93.0
2014-03,MRK,687913177.9826939,48.0
2014-03,MS,410396759.8405505,83.0
2014-03,MSFT,1459846733.135762,13.0
2014-03,MU,748857026.1834189,43.0
2014-03,NFLX,1170592664.3525229,18.0
2014-03,ORCL,637110785.850985,52.0
2014-03,OXY,392651763.64806587,91.0
2014-03,PEP,474506231.3672868,68.0
2014-03,PFE,837176117.4338942,33.0
2014-03,PG,751085465.0695437,41.0
2014-03,PM,472154994.0109132,71.0
2014-03,QCOM,750353367.5108532,42.0
2014-03,QQQ,3354529018.255155,5.0
2014-03,RTX,408189790.0507086,85.0
2014-03,SBUX,471970495.7029191,72.0
2014-03,SLB,557786107.4335492,60.0
2014-03,SPY,22137092506.793476,1.0
2014-03,T,1012635665.9451216,23.0
2014-03,TGT,394514332.19072855,90.0
2014-03,TLT,812854754.2229426,35.0
2014-03,TNA,665290829.6041821,50.0
2014-03,TSLA,1899510756.089733,10.0
2014-03,UNH,383835945.0763884,95.0
2014-03,UNP,372793978.80297464,96.0
2014-03,V,716016157.86329,46.0
2014-03,VLO,427729304.9452948,79.0
2014-03,VOD,459641442.3159398,74.0
2014-03,VWO,783864200.8103567,39.0
2014-03,VZ,1916407395.5518935,9.0
2014-03,WFC,800321408.9520954,37.0
2014-03,WMT,522156017.33824414,63.0
2014-03,WYNN,368039479.84921896,98.0
2014-03,XLE,1019717057.1274409,21.0
2014-03,XLF,983592296.9088652,27.0
2014-03,XLI,574155383.5191394,57.0
2014-03,XLP,398027803.85881454,88.0
2014-03,XLU,418085351.03047085,80.0
2014-03,XLV,541567260.0884695,61.0
2014-03,XLY,416984202.6542179,81.0
2014-03,XOM,1184036885.060386,17.0
2014-04,AAL,385251584.1635689,95.0
2014-04,AAPL,5594106039.645471,3.0
2014-04,AIG,469952116.67450196,71.0
2014-04,AMGN,466356145.8793882,72.0
2014-04,AMZN,1753466703.159514,12.0
2014-04,BA,632873387.6342046,52.0
2014-04,BAC,1809737501.407838,11.0
2014-04,BIDU,804087849.7899374,37.0
2014-04,BIIB,561595676.1952233,62.0
2014-04,BKNG,1231025403.2039642,17.0
2014-04,BMY,441934862.65048075,74.0
2014-04,BRK-B,474099802.31386214,70.0
2014-04,C,1351643473.491935,14.0
2014-04,CAT,582821888.8127282,56.0
2014-04,CMCSA,934692287.2501985,28.0
2014-04,COP,398704311.7186289,90.0
2014-04,CRM,386448038.1753528,94.0
2014-04,CSCO,960066651.8323323,27.0
2014-04,CVS,424456173.77473134,79.0
2014-04,CVX,787602444.88615,39.0
2014-04,DAL,403946906.1989799,87.0
2014-04,DD,411547425.274221,84.0
2014-04,DIA,1121470338.000464,20.0
2014-04,DIS,579379702.4631076,58.0
2014-04,EBAY,643012793.582021,51.0
2014-04,EEM,2977906035.322062,6.0
2014-04,EFA,1305954069.163265,15.0
2014-04,EOG,394382892.20320684,93.0
2014-04,EWJ,462111677.6151324,73.0
2014-04,F,512927792.3776127,66.0
2014-04,FAS,435096142.71837264,78.0
2014-04,FXI,913014246.9256023,30.0
2014-04,GDX,905833130.4538908,32.0
2014-04,GE,848137122.3623606,34.0
2014-04,GILD,1274444519.8183331,16.0
2014-04,GLD,970562139.9937948,26.0
2014-04,GM,907037395.0999608,31.0
2014-04,GOOG,2206525892.187064,8.0
2014-04,GOOGL,2390930718.944362,7.0
2014-04,GS,581125648.2426234,57.0
2014-04,HAL,489355991.9998472,68.0
2014-04,HD,569975370.3877646,61.0
2014-04,HPQ,404142254.7742236,86.0
2014-04,HYG,378298207.5638544,97.0
2014-04,IBB,623005045.9889003,54.0
2014-04,IBM,997155433.6986272,25.0
2014-04,INTC,761606035.4825368,43.0
2014-04,IVV,881735848.5090468,33.0
2014-04,IWM,5630545658.514065,2.0
2014-04,IYR,710730620.184302,46.0
2014-04,JNJ,816031911.0690284,36.0
2014-04,JPM,1109463678.4395552,21.0
2014-04,KO,703258850.0446078,47.0
2014-04,LVS,439345554.3432811,76.0
2014-04,MA,516214116.8394422,65.0
2014-04,MCD,524096916.46247745,63.0
2014-04,MDY,576491402.763851,60.0
2014-04,META,4508498678.062663,4.0
2014-04,MMM,384916636.78827846,96.0
2014-04,MRK,653917712.1698982,50.0
2014-04,MS,397750971.11440384,91.0
2014-04,MSFT,1453389916.0018559,13.0
2014-04,MU,775617714.8945913,42.0
2014-04,NFLX,1195850664.0321944,18.0
2014-04,ORCL,686358717.5069536,48.0
2014-04,OXY,399377524.8107559,89.0
2014-04,PEP,504518301.64834887,67.0
2014-04,PFE,923295851.142364,29.0
2014-04,PG,728520707.8306047,44.0
2014-04,PM,440878210.8055236,75.0
2014-04,PSKY,419027863.71040344,80.0
2014-04,QCOM,776972664.687638,41.0
2014-04,QQQ,3862461459.4479513,5.0
2014-04,REGN,372983462.66455275,100.0
2014-04,RTX,406859608.3956657,85.0
2014-04,SBUX,437796826.82421243,77.0
2014-04,SLB,579057384.5028226,59.0
2014-04,SPY,22244500083.758083,1.0
2014-04,T,1035353119.7483152,22.0
2014-04,TLT,784307922.3380073,40.0
2014-04,TNA,664120818.6031039,49.0
2014-04,TSLA,1987541057.3054495,10.0
2014-04,UNH,397674787.6996358,92.0
2014-04,UNP,377934976.38380265,98.0
2014-04,V,791350409.3451364,38.0
2014-04,VLO,412048614.5654648,82.0
2014-04,VOD,411811608.8319114,83.0
2014-04,VWO,716517530.3813632,45.0
2014-04,VZ,2031160659.5894163,9.0
2014-04,WFC,819992646.0301596,35.0
2014-04,WMT,522152858.12080926,64.0
2014-04,WYNN,402422828.2677787,88.0
2014-04,XLE,1017803503.6807711,23.0
2014-04,XLF,1012689624.1324021,24.0
2014-04,XLI,596107834.4534374,55.0
2014-04,XLU,485053935.0574675,69.0
2014-04,XLV,631077014.4639333,53.0
2014-04,XLY,416158580.8710068,81.0
2014-04,XOM,1168318614.3161714,19.0
2014-04,YELP,373037705.8668349,99.0
2014-05,AAL,378855193.74792916,89.0
2014-05,AAPL,5488344762.828148,3.0
2014-05,AIG,433209839.6585071,71.0
2014-05,AMGN,447441427.2675772,66.0
2014-05,AMZN,1505981785.3275177,11.0
2014-05,AZN,367940281.67086405,94.0
2014-05,BA,480081491.39757913,64.0
2014-05,BAC,1554946249.312902,10.0
2014-05,BHC,417271142.6286364,75.0
2014-05,BIDU,726694879.9752371,39.0
2014-05,BIIB,520385934.1835143,58.0
2014-05,BKNG,1169093680.1969438,17.0
2014-05,BMY,433987676.56722903,70.0
2014-05,BRK-B,441228630.7213435,68.0
2014-05,C,1143273441.574793,18.0
2014-05,CAT,507586960.68195164,61.0
2014-05,CMCSA,807969098.2442374,31.0
2014-05,COP,404551137.3072064,79.0
2014-05,CRM,386808017.5284492,84.0
2014-05,CSCO,902042165.5982093,25.0
2014-05,CVS,384578975.7727608,86.0
2014-05,CVX,696895972.8164067,42.0
2014-05,DAL,399242354.8473843,81.0
2014-05,DD,411258548.3213777,77.0
2014-05,DIA,933800593.2827662,23.0
2014-05,DIS,542163948.5863943,55.0
2014-05,EBAY,627750465.341034,48.0
2014-05,EEM,2617665456.022124,6.0
2014-05,EFA,1169983905.7215614,16.0
2014-05,EOG,376011764.13964164,90.0
2014-05,EWJ,397987492.8784643,82.0
2014-05,F,447601305.9582241,65.0
2014-05,FAS,350152396.50285506,99.0
2014-05,FXI,812904714.0732175,30.0
2014-05,GDX,733695282.0857396,36.0
2014-05,GE,737326550.8746479,35.0
2014-05,GILD,1250957110.964978,14.0
2014-05,GLD,849229748.3899677,28.0
2014-05,GM,695918569.578086,43.0
2014-05,GOOG,1557455789.7483091,9.0
2014-05,GOOGL,1789595817.0620334,7.0
2014-05,GS,510743197.71481466,60.0
2014-05,HAL,441330667.46652997,67.0
2014-05,HD,516128326.2040396,59.0
2014-05,HPQ,410291005.93046147,78.0
2014-05,IBB,599805315.0695801,51.0
2014-05,IBM,928565603.4207705,24.0
2014-05,INTC,749666539.8862929,34.0
2014-05,IVV,721352603.6045861,41.0
2014-05,IWM,5890614381.033701,2.0
2014-05,IYR,689359617.8954109,45.0
2014-05,JNJ,755126652.0204937,33.0
2014-05,JPM,1039279285.7827867,19.0
2014-05,KO,592435679.1875627,52.0
2014-05,LVS,440020816.9884818,69.0
2014-05,MA,428159396.14117336,72.0
2014-05,MCD,505432863.01146007,62.0
2014-05,MDY,397338067.9132855,83.0
2014-05,META,4165064003.721031,4.0
2014-05,MMM,348930975.2952779,100.0
2014-05,MRK,605086735.3056464,50.0
2014-05,MS,369968642.31224364,93.0
2014-05,MSFT,1324722774.2216685,12.0
2014-05,MU,723348934.7112988,40.0
2014-05,NFLX,1279646203.1357021,13.0
2014-05,ORCL,692830600.7855734,44.0
2014-05,OXY,371262647.36407554,92.0
2014-05,PEP,415710199.79449075,76.0
2014-05,PFE,943459418.8315634,22.0
2014-05,PG,652159869.0046401,46.0
2014-05,PM,384956503.5050407,85.0
2014-05,PSKY,424569758.46149504,73.0
2014-05,QCOM,728007717.2470214,38.0
2014-05,QQQ,3813867307.863145,5.0
2014-05,RTX,373609045.53013766,91.0
2014-05,SBUX,366412449.6351575,95.0
2014-05,SLB,556081276.0508462,54.0
2014-05,SPY,19818011338.831223,1.0
2014-05,T,995706562.6864464,21.0
2014-05,TLT,819453879.1685437,29.0
2014-05,TNA,635594380.7725028,47.0
2014-05,TSLA,1583613637.1034212,8.0
2014-05,TZA,379864561.7777778,88.0
2014-05,UNH,361409973.620666,97.0
2014-05,UNP,363639392.96630377,96.0
2014-05,V,731888570.838686,37.0
2014-05,VLO,381263933.28103566,87.0
2014-05,VWO,616041152.280087,49.0
2014-05,VZ,1185881192.543817,15.0
2014-05,WFC,795389813.1965759,32.0
2014-05,WMT,485792595.11449903,63.0
2014-05,WYNN,423027553.9044092,74.0
2014-05,XLE,870328517.486766,27.0
2014-05,XLF,888886257.118909,26.0
2014-05,XLI,530457093.2075561,57.0
2014-05,XLU,536526999.96575856,56.0
2014-05,XLV,557523306.7403703,53.0
2014-05,XLY,355974411.6325439,98.0
2014-05,XOM,1038571260.0097656,20.0
2014-05,YELP,401460378.2722352,80.0
2014-06,AAL,491955541.36161196,57.0
2014-06,AAPL,5735656909.563773,2.0
2014-06,AIG,416084316.1965143,76.0
2014-06,AMGN,404251513.2059733,80.0
2014-06,AMZN,1471723035.3664823,7.0
2014-06,AZN,400706665.9747048,81.0
2014-06,BA,450911852.74492294,65.0
2014-06,BAC,1224903096.2024841,11.0
2014-06,BHC,476633923.9427839,58.0
2014-06,BIDU,622262798.9969163,44.0
2014-06,BIIB,415473060.2238731,77.0
2014-06,BKNG,1093153990.2685559,15.0
2014-06,BMY,444681681.3202873,68.0
2014-06,BRK-B,380043981.2917316,85.0
2014-06,C,893627862.2046758,18.0
2014-06,CAT,439893382.12759835,69.0
2014-06,CMCSA,734505287.7213454,32.0
2014-06,COP,428589892.1320113,73.0
2014-06,CRM,346680168.07852244,92.0
2014-06,CSCO,805532281.5224239,27.0
2014-06,CVS,344382597.6604401,94.0
2014-06,CVX,727197202.5610546,33.0
2014-06,DAL,447146030.6601267,66.0
2014-06,DD,392704934.0383916,83.0
2014-06,DIA,789476377.6319716,29.0
2014-06,DIS,526535463.65810573,54.0
2014-06,EBAY,663366187.0026301,39.0
2014-06,EEM,2204500907.9681516,6.0
2014-06,EFA,986053832.2789267,17.0
2014-06,EOG,363728356.86153835,90.0
2014-06,EWJ,325032374.50972664,98.0
2014-06,F,446351512.4771648,67.0
2014-06,FXI,640728259.0923612,41.0
2014-06,GDX,624050980.9152633,43.0
2014-06,GE,699150520.5526586,35.0
2014-06,GILD,1112360174.8224409,14.0
2014-06,GLD,753353717.0889355,31.0
2014-06,GM,597323421.2227534,47.0
2014-06,GOOG,1220905751.2350252,12.0
2014-06,GOOGL,1331238681.0389628,9.0
2014-06,GS,453953374.5121305,64.0
2014-06,HAL,432745044.38193184,72.0
2014-06,HD,515407132.68701464,55.0
2014-06,HPQ,374922559.892037,88.0
2014-06,IBB,458650397.3587036,62.0
2014-06,IBM,800814592.4094245,28.0
2014-06,INTC,872122976.6309799,22.0
2014-06,IVV,564291238.8228159,51.0
2014-06,IWM,5395806379.498388,3.0
2014-06,IYR,655263984.5433432,40.0
2014-06,JNJ,686121461.9525728,36.0
2014-06,JPM,879420725.9928688,20.0
2014-06,KO,564683208.5438259,50.0
2014-06,LVS,434152763.2146442,70.0
2014-06,MA,389480219.1204616,84.0
2014-06,MCD,461424642.8097316,61.0
2014-06,MDT,424973035.56208533,74.0
2014-06,MDY,433974730.0498115,71.0
2014-06,MET,328182799.46337944,96.0
2014-06,META,3731998431.6521597,4.0
2014-06,MRK,564952093.8740445,49.0
2014-06,MS,333518122.0834429,95.0
2014-06,MSFT,1204538242.682236,13.0
2014-06,MU,810164566.3107889,26.0
2014-06,NFLX,1282063317.1104856,10.0
2014-06,ORCL,635880535.1434375,42.0
2014-06,OXY,372481794.65936786,89.0
2014-06,PBR,319584896.740046,100.0
2014-06,PEP,377070660.02627176,87.0
2014-06,PFE,880720506.6983509,19.0
2014-06,PG,616616855.5810958,45.0
2014-06,PM,404302507.0297362,79.0
2014-06,PSKY,506498395.53394014,56.0
2014-06,QCOM,671120558.6581881,37.0
2014-06,QQQ,3502728551.7058477,5.0
2014-06,RTX,359940511.7600576,91.0
2014-06,SLB,590387224.0555173,48.0
2014-06,SPY,17445097290.679596,1.0
2014-06,T,872577514.8455632,21.0
2014-06,TGT,321132916.2767138,99.0
2014-06,TLT,844576318.0184742,25.0
2014-06,TNA,608020576.6557178,46.0
2014-06,TSLA,1405326238.6271384,8.0
2014-06,TZA,377281672.38095236,86.0
2014-06,UNH,326075784.5580207,97.0
2014-06,UNP,345056919.933973,93.0
2014-06,V,666312151.3117472,38.0
2014-06,VLO,396772507.522256,82.0
2014-06,VWO,532404089.4759526,53.0
2014-06,VZ,847292912.8437526,24.0
2014-06,WFC,754738795.5511789,30.0
2014-06,WMT,465910403.2341094,59.0
2014-06,WYNN,407283146.1507404,78.0
2014-06,XLE,864390564.1120305,23.0
2014-06,XLF,720564281.365646,34.0
2014-06,XLI,456241050.8418492,63.0
2014-06,XLU,551020242.217291,52.0
2014-06,XLV,461628359.56695193,60.0
2014-06,XOM,991415939.3748087,16.0
2014-06,YELP,418946686.81388736,75.0
2014-07,AAL,514590517.67908126,50.0
2014-07,AAPL,5222595189.878639,2.0
2014-07,ABBV,461897203.38135374,62.0
2014-07,AIG,382820661.0072545,76.0
2014-07,AMGN,350834094.3862673,83.0
2014-07,AMZN,1285071699.8138428,7.0
2014-07,AZN,323357660.5793302,94.0
2014-07,BA,511866749.29242814,51.0
2014-07,BAC,1008513303.3183324,12.0
2014-07,BHC,400405016.25808233,73.0
2014-07,BIDU,588411834.19514,45.0
2014-07,BIIB,363607855.79766166,78.0
2014-07,BKNG,907064647.7233039,17.0
2014-07,BMY,416433459.94707745,68.0
2014-07,BRK-B,334020423.84741646,87.0
2014-07,C,788614491.4718567,25.0
2014-07,CAT,385643058.0412971,74.0
2014-07,CMCSA,656087880.2043718,37.0
2014-07,COP,419061056.03112113,67.0
2014-07,CSCO,748571830.1615306,28.0
2014-07,CVX,675053306.3710893,35.0
2014-07,DAL,477331290.75029767,58.0
2014-07,DD,368210866.9670954,77.0
2014-07,DG,324621468.59052145,92.0
2014-07,DIA,693740378.5864209,34.0
2014-07,DIS,505832304.58732486,52.0
2014-07,EBAY,626797602.6227475,40.0
2014-07,EEM,1833730055.3649054,6.0
2014-07,EFA,848103112.0651367,20.0
2014-07,EOG,324071340.8259558,93.0
2014-07,F,441769078.5813725,64.0
2014-07,FCX,319051711.7206634,96.0
2014-07,FXI,598989026.707743,43.0
2014-07,GDX,707176993.9440621,32.0
2014-07,GE,718133915.4345257,31.0
2014-07,GILD,965718090.991659,14.0
2014-07,GLD,767814280.0006806,27.0
2014-07,GM,497394683.6275373,55.0
2014-07,GOOG,948942627.7363237,15.0
2014-07,GOOGL,1058431486.2130786,11.0
2014-07,GS,413167523.4134492,69.0
2014-07,HAL,402443858.91356695,72.0
2014-07,HD,472066737.3984564,59.0
2014-07,HPQ,326073061.1018439,90.0
2014-07,IBB,309066230.71517944,100.0
2014-07,IBM,721273565.6583104,30.0
2014-07,INTC,993634291.5566157,13.0
2014-07,IVV,619218781.1681838,42.0
2014-07,IWM,4874123379.843648,3.0
2014-07,IYR,628274362.4559675,39.0
2014-07,JNJ,636279420.4643977,38.0
2014-07,JPM,790484136.947214,24.0
2014-07,KO,499626490.7504067,54.0
2014-07,LVS,359113978.1872704,79.0
2014-07,MA,327543800.5355835,88.0
2014-07,MCD,455726105.378154,63.0
2014-07,MDT,493925070.8595276,56.0
2014-07,MDY,470926727.0914956,60.0
2014-07,MET,310227706.279195,98.0
2014-07,META,3010554982.5010448,4.0
2014-07,MRK,502085959.4828742,53.0
2014-07,MSFT,1217448341.5969787,9.0
2014-07,MU,814394831.3418163,21.0
2014-07,NFLX,1183652181.5427144,10.0
2014-07,ORCL,561065510.73982,48.0
2014-07,OXY,356665684.1932744,81.0
2014-07,PBR,310159575.2474058,99.0
2014-07,PEP,346635648.5587953,84.0
2014-07,PFE,782741067.264833,26.0
2014-07,PG,573216974.3000697,47.0
2014-07,PM,385208275.5838182,75.0
2014-07,PSKY,884333294.41977,18.0
2014-07,QCOM,667948856.2792339,36.0
2014-07,QQQ,2891583567.469291,5.0
2014-07,RTX,407099449.68782914,70.0
2014-07,SLB,587344692.4864875,46.0
2014-07,SPY,16163395925.11868,1.0
2014-07,T,812269933.337284,22.0
2014-07,TGT,321155339.68176466,95.0
2014-07,TLT,858950190.0707306,19.0
2014-07,TNA,626547677.7877383,41.0
2014-07,TSLA,1222875103.9228666,8.0
2014-07,TZA,337658565.3333333,86.0
2014-07,UNP,314282367.9781838,97.0
2014-07,V,531206199.4156126,49.0
2014-07,VLO,403376479.1725522,71.0
2014-07,VWO,465760538.3957273,61.0
2014-07,VZ,696052089.5552499,33.0
2014-07,WFC,741597980.9672401,29.0
2014-07,WMB,325324009.505063,91.0
2014-07,WMT,439508006.17878324,65.0
2014-07,WYNN,357055761.8741717,80.0
2014-07,XLE,797859964.5525008,23.0
2014-07,XLF,596191200.7774198,44.0
2014-07,XLI,437056416.2852696,66.0
2014-07,XLU,479955320.12886167,57.0
2014-07,XLV,341911404.9892789,85.0
2014-07,XLY,327004707.86412555,89.0
2014-07,XOM,918775575.5608816,16.0
2014-07,YELP,355291248.94211787,82.0
2014-08,AAL,506461749.4867476,56.0
2014-08,AAPL,4668811284.620146,2.0
2014-08,ABBV,566895799.6893867,49.0
2014-08,AIG,383473449.7970399,74.0
2014-08,AMGN,373758035.3085957,77.0
2014-08,AMZN,1238831761.1914134,8.0
2014-08,AXP,302856252.14802575,96.0
2014-08,BA,538259263.4325057,50.0
2014-08,BAC,1026649136.1950601,13.0
2014-08,BHC,341959406.13297963,87.0
2014-08,BIDU,594629367.4421523,46.0
2014-08,BIIB,358411010.86934406,80.0
2014-08,BKNG,895484782.9640101,16.0
2014-08,BMY,357611237.7820817,81.0
2014-08,BRK-B,351835440.2192979,83.0
2014-08,C,780467093.6332461,24.0
2014-08,CAT,404802892.34328496,71.0
2014-08,CMCSA,585536415.4277353,47.0
2014-08,COP,403554720.91160125,72.0
2014-08,CSCO,643652724.6300833,36.0
2014-08,CVX,660161971.3637578,34.0
2014-08,DAL,479195502.26733494,59.0
2014-08,DD,305672551.072545,95.0
2014-08,DG,401339352.9725453,73.0
2014-08,DIA,696659235.5170598,30.0
2014-08,DIS,501065108.26913744,57.0
2014-08,EBAY,616974376.0613867,42.0
2014-08,EEM,1853221716.32292,6.0
2014-08,EFA,878951539.6889096,19.0
2014-08,EOG,321609447.7258107,91.0
2014-08,F,432038135.4074842,66.0
2014-08,FCX,309294893.44575065,94.0
2014-08,FXI,615729841.050254,43.0
2014-08,GDX,765125691.0637537,25.0
2014-08,GDXJ,298312972.09975225,100.0
2014-08,GE,758562335.1925535,26.0
2014-08,GILD,1095413449.5307922,11.0
2014-08,GLD,781128612.4888223,23.0
2014-08,GM,467650843.10853744,63.0
2014-08,GOOG,894126892.3900348,17.0
2014-08,GOOGL,972806612.6885188,14.0
2014-08,GS,411561147.4884275,69.0
2014-08,HAL,436764255.17374676,64.0
2014-08,HD,522704476.7230443,52.0
2014-08,HPQ,326168779.3135459,89.0
2014-08,HYG,322114801.4267089,90.0
2014-08,IBM,674771834.0585276,33.0
2014-08,INTC,1106467504.5474582,10.0
2014-08,IVV,641077121.7409407,37.0
2014-08,IWM,4251597090.368059,3.0
2014-08,IYR,619173660.7763381,40.0
2014-08,JNJ,632476003.1681606,38.0
2014-08,JPM,741599228.224279,27.0
2014-08,KMI,409626303.41789,70.0
2014-08,KO,525550508.3901299,51.0
2014-08,LVS,331218067.1996586,88.0
2014-08,MA,317507408.4885855,92.0
2014-08,MCD,471425461.14035714,61.0
2014-08,MDT,572853649.9469635,48.0
2014-08,MDY,507928481.1594161,54.0
2014-08,MET,300978268.98089135,99.0
2014-08,META,2680846219.996086,5.0
2014-08,MRK,471032808.7738275,62.0
2014-08,MSFT,1220473866.6727881,9.0
2014-08,MU,818088952.6258923,22.0
2014-08,NFLX,1042780731.5593295,12.0
2014-08,ORCL,519253902.38939923,53.0
2014-08,OXY,344278514.39968616,85.0
2014-08,PBR,352725521.967956,82.0
2014-08,PEP,374062500.2921937,76.0
2014-08,PFE,681616848.9822916,31.0
2014-08,PG,605339537.7566262,44.0
2014-08,PM,360745733.2541208,79.0
2014-08,PSKY,847803278.8896409,21.0
2014-08,QCOM,677085399.3633695,32.0
2014-08,QQQ,2785591064.809878,4.0
2014-08,RTX,429314272.1386347,67.0
2014-08,SLB,625820935.5838715,39.0
2014-08,SPY,16577047931.760757,1.0
2014-08,T,721025719.6447388,28.0
2014-08,TLT,889165676.7335196,18.0
2014-08,TNA,595633850.4792349,45.0
2014-08,TSLA,1267661846.6372943,7.0
2014-08,UNH,301081424.62404037,98.0
2014-08,V,506610014.14392865,55.0
2014-08,VLO,381088797.3540654,75.0
2014-08,VWO,435750526.8157959,65.0
2014-08,VZ,652264942.7735102,35.0
2014-08,WFC,713317754.013655,29.0
2014-08,WMB,343013656.1738211,86.0
2014-08,WMT,426952830.67150116,68.0
2014-08,XLE,852676999.6719844,20.0
2014-08,XLF,617364050.3934227,41.0
2014-08,XLI,489129326.27281916,58.0
2014-08,XLP,302677679.1911413,97.0
2014-08,XLU,477559564.68611217,60.0
2014-08,XLV,363738459.22683233,78.0
2014-08,XLY,350624935.13792735,84.0
2014-08,XOM,928964576.666611,15.0
2014-08,YELP,316053745.6245059,93.0
2014-09,AAL,396765134.7021981,75.0
2014-09,AAPL,5410414802.538457,2.0
2014-09,ABBV,679212120.078211,35.0
2014-09,AIG,385907542.5319187,79.0
2014-09,AMGN,410816295.7314991,73.0
2014-09,AMZN,1193255024.3658338,10.0
2014-09,AXP,331641096.72269064,93.0
2014-09,BA,523706462.05131894,53.0
2014-09,BAC,1184854504.098738,11.0
2014-09,BHC,301270466.8139261,99.0
2014-09,BIDU,666889714.7992815,39.0
2014-09,BIIB,370462105.76055616,82.0
2014-09,BKNG,916360184.9433354,18.0
2014-09,BRK-B,389113328.5707988,78.0
2014-09,C,799368095.8072238,21.0
2014-09,CAT,465023004.4389755,64.0
2014-09,CMCSA,638678254.6881189,44.0
2014-09,COP,410550518.9412072,74.0
2014-09,CPRI,311224639.4955832,96.0
2014-09,CSCO,644102948.5430309,42.0
2014-09,CVX,643679092.6395355,43.0
2014-09,DAL,439370510.3910416,68.0
2014-09,DD,364959215.26934135,83.0
2014-09,DE,303634072.5027175,98.0
2014-09,DG,343313511.60123914,87.0
2014-09,DIA,779251628.7019275,23.0
2014-09,DIS,484905498.64845884,59.0
2014-09,EBAY,717308691.4249891,30.0
2014-09,EEM,2305797631.801036,6.0
2014-09,EFA,906684122.9391552,19.0
2014-09,EOG,342241759.2920576,88.0
2014-09,F,445379460.20710963,67.0
2014-09,FCX,312379175.9087699,95.0
2014-09,FXI,725014716.1415584,29.0
2014-09,GDX,792149906.1763036,22.0
2014-09,GDXJ,333249143.7915741,91.0
2014-09,GE,742514106.468116,28.0
2014-09,GILD,1354163478.621068,9.0
2014-09,GLD,763845223.5784379,26.0
2014-09,GM,411697388.03603154,72.0
2014-09,GOOG,866532289.353303,20.0
2014-09,GOOGL,950031465.0607638,15.0
2014-09,GPRO,482903458.8430798,60.0
2014-09,GS,434006461.66812956,69.0
2014-09,HAL,470918910.3146265,62.0
2014-09,HD,581027737.6744589,49.0
2014-09,HPQ,337451666.86359,90.0
2014-09,HYG,395398252.6101612,76.0
2014-09,IBM,632138053.8070573,45.0
2014-09,INTC,1053799132.6034939,12.0
2014-09,IVV,674122540.7058958,37.0
2014-09,IWM,4139412828.4041147,3.0
2014-09,IYR,689760938.7059045,32.0
2014-09,JNJ,648849280.2900527,41.0
2014-09,JPM,750826886.7599245,27.0
2014-09,KMI,470733917.521946,63.0
2014-09,KO,547125878.1017364,51.0
2014-09,LVS,371123261.17249745,81.0
2014-09,MA,313510640.32509214,94.0
2014-09,MCD,546886814.5818559,52.0
2014-09,MDT,489137804.7909994,57.0
2014-09,MDY,495065098.15715003,56.0
2014-09,META,2675287556.558494,5.0
2014-09,MMM,306486962.8066581,97.0
2014-09,MRK,482185411.8812803,61.0
2014-09,MSFT,1486139914.5265672,7.0
2014-09,MU,769159708.8446146,25.0
2014-09,NFLX,956497469.6484141,13.0
2014-09,ORCL,566263584.366753,50.0
2014-09,OXY,341799530.84392077,89.0
2014-09,PBR,488155222.2400272,58.0
2014-09,PEP,384806130.080874,80.0
2014-09,PFE,676304141.8406004,36.0
2014-09,PG,599813479.3082343,47.0
2014-09,PM,332017242.1013847,92.0
2014-09,PSKY,779069235.2266766,24.0
2014-09,QCOM,673856070.9989518,38.0
2014-09,QQQ,3139072221.3737245,4.0
2014-09,RTX,430899934.6428198,70.0
2014-09,SLB,619738964.1310314,46.0
2014-09,SPY,17974593328.833054,1.0
2014-09,T,684138897.7107453,34.0
2014-09,TLT,927517819.5893303,17.0
2014-09,TNA,583661055.1729354,48.0
2014-09,TSLA,1388616997.1818242,8.0
2014-09,V,507381613.2268754,54.0
2014-09,VLO,353160163.183182,85.0
2014-09,VWO,464255158.4620339,65.0
2014-09,VZ,662770555.2556356,40.0
2014-09,WFC,696718628.9621929,31.0
2014-09,WMT,418690997.7603822,71.0
2014-09,WYNN,344855621.16253567,86.0
2014-09,XLE,955952906.9729276,14.0
2014-09,XLF,686343170.6909369,33.0
2014-09,XLI,501090242.4968356,55.0
2014-09,XLP,299919233.5647401,100.0
2014-09,XLU,450924337.04451907,66.0
2014-09,XLV,391311352.1301209,77.0
2014-09,XLY,362818730.77563334,84.0
2014-09,XOM,945040828.2574366,16.0
2014-10,AAL,476817393.45379484,75.0
2014-10,AAPL,5947392057.48876,2.0
2014-10,ABBV,799712627.8164091,28.0
2014-10,AIG,465635928.52983624,78.0
2014-10,AMGN,539185853.3750988,63.0
2014-10,AMZN,1155790831.8596492,12.0
2014-10,AXP,373592176.4094035,93.0
2014-10,BA,496987155.03497654,71.0
2014-10,BAC,1374637210.6490045,11.0
2014-10,BIDU,732722058.8355896,39.0
2014-10,BIIB,412026659.0609111,86.0
2014-10,BKNG,973446310.9075456,21.0
2014-10,BRK-B,491233700.5057441,72.0
2014-10,C,894346742.798015,23.0
2014-10,CAT,513810969.85867214,68.0
2014-10,CMCSA,792782991.1833602,30.0
2014-10,COP,480594296.8758356,73.0
2014-10,CSCO,655899284.3156754,47.0
2014-10,CVX,768905336.9813586,32.0
2014-10,DAL,527084716.6273692,64.0
2014-10,DD,510220696.39047146,69.0
2014-10,DIA,1102320476.040504,14.0
2014-10,DIS,575201758.2722497,59.0
2014-10,EBAY,734902122.6289309,38.0
2014-10,EEM,2731458879.668269,6.0
2014-10,EFA,1073440493.1237296,15.0
2014-10,EOG,474640798.4654623,76.0
2014-10,F,470252852.1862605,77.0
2014-10,FXI,794591131.2821343,29.0
2014-10,GDX,834178207.018162,25.0
2014-10,GE,745925477.3554281,36.0
2014-10,GILD,1526997918.1817434,10.0
2014-10,GLD,759468358.7720356,35.0
2014-10,GM,455845169.3518351,79.0
2014-10,GOOG,976230568.8227539,20.0
2014-10,GOOGL,1054085795.4507858,19.0
2014-10,GPRO,642309279.1184077,50.0
2014-10,GS,503566333.72291684,70.0
2014-10,HAL,643981164.4738091,49.0
2014-10,HD,618914786.8804568,51.0
2014-10,HPQ,434470480.17106044,81.0
2014-10,HYG,519468353.3066886,66.0
2014-10,IBM,731187455.6545151,40.0
2014-10,INTC,1057770140.864678,18.0
2014-10,IVV,862424487.3964097,24.0
2014-10,IWM,4918131889.862328,3.0
2014-10,IYR,779399825.6095765,31.0
2014-10,JNJ,764644316.8237354,34.0
2014-10,JPM,823875229.0757498,27.0
2014-10,KMI,605799610.1361108,53.0
2014-10,KO,710229007.2261083,42.0
2014-10,LVS,417895427.6971,84.0
2014-10,LYB,423098739.5780654,83.0
2014-10,MA,363840307.27829707,95.0
2014-10,MCD,553180013.9792669,62.0
2014-10,MDT,584121460.3801425,57.0
2014-10,MDY,563467672.7945237,61.0
2014-10,META,2801162192.9414296,5.0
2014-10,MMM,389635454.5181374,88.0
2014-10,MRK,587279848.958491,55.0
2014-10,MSFT,1562877408.291941,8.0
2014-10,MU,826629514.4581416,26.0
2014-10,NFLX,1065232081.8612311,16.0
2014-10,OIH,351602762.7701774,100.0
2014-10,ORCL,594491702.2940923,54.0
2014-10,OXY,415242784.0618962,85.0
2014-10,PBR,677882745.5336722,45.0
2014-10,PEP,432634773.5554407,82.0
2014-10,PFE,718273104.6631831,41.0
2014-10,PG,660694996.5187073,46.0
2014-10,PM,361127568.06078714,96.0
2014-10,PSKY,396718161.42692566,87.0
2014-10,QCOM,615428059.5592196,52.0
2014-10,QQQ,3998354290.3795757,4.0
2014-10,RTX,441716027.93934083,80.0
2014-10,SLB,765871357.8145102,33.0
2014-10,SPY,23523946759.05079,1.0
2014-10,T,705687982.0532968,43.0
2014-10,TLT,1060416089.4505334,17.0
2014-10,TNA,586181717.5705017,56.0
2014-10,TSLA,1531122646.436941,9.0
2014-10,UNP,380355528.1389388,91.0
2014-10,UVXY,360687499.6825397,97.0
2014-10,V,583920278.3300248,58.0
2014-10,VWO,514622518.74313354,67.0
2014-10,VZ,683603161.7200639,44.0
2014-10,WFC,744958657.3749481,37.0
2014-10,WMB,357211139.6398817,98.0
2014-10,WMT,480383976.5642166,74.0
2014-10,WYNN,353237743.0187407,99.0
2014-10,XLB,365889143.7296731,94.0
2014-10,XLE,1655835595.68496,7.0
2014-10,XLF,909069033.2019782,22.0
2014-10,XLI,650189511.5505097,48.0
2014-10,XLK,379227592.2771393,92.0
2014-10,XLP,382204021.9462561,90.0
2014-10,XLU,525940627.7636513,65.0
2014-10,XLV,568111970.4136076,60.0
2014-10,XLY,389513734.4099257,89.0
2014-10,XOM,1111232981.3276987,13.0
2014-11,AAL,535345912.2574307,71.0
2014-11,AAPL,6094137105.414474,2.0
2014-11,ABBV,760885536.4274403,43.0
2014-11,AIG,456713011.8096064,83.0
2014-11,AMGN,583426151.1996073,63.0
2014-11,AMZN,1241785786.5482512,13.0
2014-11,BA,510727185.230352,76.0
2014-11,BABA,3477617377.057251,5.0
2014-11,BAC,1313628450.8975284,12.0
2014-11,BIDU,826420916.9677976,32.0
2014-11,BIIB,442161906.888108,86.0
2014-11,BKNG,987884482.0205749,22.0
2014-11,BKR,476378422.1554711,81.0
2014-11,BRK-B,502935494.6275257,77.0
2014-11,C,884510495.5386329,27.0
2014-11,CAT,492563620.2048165,78.0
2014-11,CMCSA,945887594.9453183,24.0
2014-11,COP,533620360.37051487,72.0
2014-11,CSCO,693829879.6916417,48.0
2014-11,CVX,855314221.4169699,30.0
2014-11,DAL,576920268.7602088,65.0
2014-11,DD,579277872.2398509,64.0
2014-11,DIA,1121028869.7436862,15.0
2014-11,DIS,614795130.1875887,55.0
2014-11,EBAY,649348570.5070125,53.0
2014-11,EEM,2666928233.1264677,7.0
2014-11,EFA,1061138800.3350394,19.0
2014-11,EOG,553153809.4909062,68.0
2014-11,F,513717089.5104242,74.0
2014-11,FXI,812713773.834834,36.0
2014-11,GDX,1095171719.680562,16.0
2014-11,GDXJ,450390927.26559716,85.0
2014-11,GE,767934938.5900669,42.0
2014-11,GILD,1631499072.3488944,10.0
2014-11,GLD,817393421.8900529,33.0
2014-11,GM,455695904.7312358,84.0
2014-11,GOOG,1000736557.0026475,21.0
2014-11,GOOGL,1080158012.3895917,18.0
2014-11,GPRO,815595547.6944515,34.0
2014-11,GS,511777647.39474344,75.0
2014-11,HAL,887298671.6084254,26.0
2014-11,HD,594237063.8398548,61.0
2014-11,HPQ,428884104.55125195,88.0
2014-11,HYG,551573309.2337351,70.0
2014-11,IBM,799061572.4959888,39.0
2014-11,INTC,1081875877.0162067,17.0
2014-11,IVV,939754181.4259847,25.0
2014-11,IWM,4898089681.076546,3.0
2014-11,IYR,811443588.5186816,37.0
2014-11,JNJ,810756482.8141106,38.0
2014-11,JPM,841258580.048007,31.0
2014-11,KMI,775243106.7024292,41.0
2014-11,KO,741023236.6553715,45.0
2014-11,LVS,415897297.5512005,93.0
2014-11,LYB,482485439.8680672,79.0
2014-11,MA,396231980.06912714,95.0
2014-11,MCD,552827249.2017473,69.0
2014-11,MDT,590553564.9715605,62.0
2014-11,MDY,601649873.0783614,60.0
2014-11,META,2778459498.3140855,6.0
2014-11,MMM,411078255.9014258,94.0
2014-11,MRK,622952202.6357776,54.0
2014-11,MSFT,1649198730.4226046,9.0
2014-11,MU,815409736.741505,35.0
2014-11,NFLX,1026328207.0675956,20.0
2014-11,OIH,426051215.29347736,90.0
2014-11,ORCL,614783224.4098663,56.0
2014-11,OXY,477348350.78278196,80.0
2014-11,PBR,681407861.2336341,51.0
2014-11,PEP,432788393.1374444,87.0
2014-11,PFE,729835921.428633,46.0
2014-11,PG,688498471.5940446,50.0
2014-11,PM,392194316.508387,96.0
2014-11,PSKY,427175454.6448844,89.0
2014-11,QCOM,755546372.8910416,44.0
2014-11,QQQ,3859768916.635047,4.0
2014-11,RTX,459686139.34745336,82.0
2014-11,SLB,874115835.1631649,29.0
2014-11,SPY,23809811021.97343,1.0
2014-11,T,725125476.3108643,47.0
2014-11,TLT,952235214.9635437,23.0
2014-11,TNA,613726465.4940348,57.0
2014-11,TSLA,1555435025.9103322,11.0
2014-11,UNP,425223239.0345134,92.0
2014-11,V,656561249.0558927,52.0
2014-11,VLO,379393933.9344812,100.0
2014-11,VWO,518157205.01771957,73.0
2014-11,VZ,693802484.3651121,49.0
2014-11,WFC,778818919.8858957,40.0
2014-11,WMT,568241016.1042259,66.0
2014-11,XLB,388946830.98765177,98.0
2014-11,XLE,1991367474.9613445,8.0
2014-11,XLF,883172244.1854148,28.0
2014-11,XLI,608543034.8643832,59.0
2014-11,XLK,382447611.9528453,99.0
2014-11,XLP,391001175.8229392,97.0
2014-11,XLU,567438581.4336383,67.0
2014-11,XLV,610970005.9221903,58.0
2014-11,XLY,425500897.2999331,91.0
2014-11,XOM,1188086266.1002991,14.0
2014-12,AAL,655796475.1241503,54.0
2014-12,AAPL,5499215849.288298,2.0
2014-12,ABBV,699436819.6733081,48.0
2014-12,AIG,447952816.24233305,90.0
2014-12,AMGN,638615462.4525766,58.0
2014-12,AMZN,1293534779.362179,13.0
2014-12,BA,543242235.1735917,79.0
2014-12,BABA,2593133372.5329566,5.0
2014-12,BAC,1289344907.0693424,14.0
2014-12,BIDU,773519202.999442,42.0
2014-12,BIIB,559343940.4180617,72.0
2014-12,BKNG,924446718.7384953,27.0
2014-12,BKR,519231662.5982981,80.0
2014-12,BRK-B,563823048.6467149,70.0
2014-12,C,923232320.901459,28.0
2014-12,CAT,493101587.49561614,83.0
2014-12,CMCSA,920007728.946377,29.0
2014-12,COP,613259181.0695829,62.0
2014-12,CSCO,719372090.094315,47.0
2014-12,CVS,406086799.0463257,95.0
2014-12,CVX,965680158.721609,24.0
2014-12,DAL,625416634.4424777,60.0
2014-12,DD,571835463.2068526,69.0
2014-12,DIA,1222180022.7344089,15.0
2014-12,DIS,658587780.596948,53.0
2014-12,EBAY,493859625.4161952,82.0
2014-12,EEM,2374071695.284132,8.0
2014-12,EFA,1202330611.1603994,16.0
2014-12,EOG,614261974.0394956,61.0
2014-12,EWJ,398041221.60896724,99.0
2014-12,F,475711753.2712119,86.0
2014-12,FCX,398299629.98104095,98.0
2014-12,FXI,777077786.1334907,41.0
2014-12,GDX,1181353914.2832894,18.0
2014-12,GDXJ,500749309.7161248,81.0
2014-12,GE,873055839.9612062,32.0
2014-12,GILD,1764008305.405874,9.0
2014-12,GLD,820550147.7752564,38.0
2014-12,GM,455101333.28114164,88.0
2014-12,GOOG,1057073065.8728755,21.0
2014-12,GOOGL,1187434707.6945834,17.0
2014-12,GPRO,672168289.9086726,52.0
2014-12,GS,560599421.2639703,71.0
2014-12,HAL,1063639892.2184172,20.0
2014-12,HD,552872220.9217132,74.0
2014-12,HPQ,456812192.92008793,87.0
2014-12,HYG,655475738.970257,55.0
2014-12,IBB,439257926.69081914,92.0
2014-12,IBM,849198560.8267856,35.0
2014-12,INTC,1105496428.8249485,19.0
2014-12,IVV,998935710.7296171,23.0
2014-12,IWM,4939165079.036242,3.0
2014-12,IYR,779693518.4201316,40.0
2014-12,JNJ,865773932.1381584,33.0
2014-12,JPM,908001487.9554265,30.0
2014-12,KMI,1023452121.2709397,22.0
2014-12,KO,729730684.5455412,45.0
2014-12,LYB,546463871.1361113,76.0
2014-12,MA,402157018.61953735,96.0
2014-12,MCD,579458944.1986084,67.0
2014-12,MDT,572654281.0337127,68.0
2014-12,MDY,594537057.3522174,64.0
2014-12,META,2485235350.431981,7.0
2014-12,MMM,423256109.28340346,93.0
2014-12,MRK,645378070.281894,56.0
2014-12,MSFT,1455491018.5116901,10.0
2014-12,MU,727281671.9384148,46.0
2014-12,NFLX,934124710.478094,26.0
2014-12,OIH,450531930.57426816,89.0
2014-12,ORCL,585622525.5644238,66.0
2014-12,OXY,544195717.0436884,78.0
2014-12,PBR,547829137.8156375,75.0
2014-12,PEP,442112647.0846267,91.0
2014-12,PFE,755822375.6726608,44.0
2014-12,PG,682797402.8307354,50.0
2014-12,QCOM,773517194.9482145,43.0
2014-12,QQQ,3920302036.058577,4.0
2014-12,RTX,490933815.9608775,84.0
2014-12,SLB,951541976.7215426,25.0
2014-12,SPY,26484268112.51257,1.0
2014-12,T,823145152.0778399,37.0
2014-12,TLT,889582119.1903614,31.0
2014-12,TNA,593127794.6195087,65.0
2014-12,TSLA,1410571691.7613802,11.0
2014-12,UNP,485822346.3110303,85.0
2014-12,UVXY,397359128.25396824,100.0
2014-12,V,682127070.361643,51.0
2014-12,VWO,557943244.2911844,73.0
2014-12,VZ,779849995.5334921,39.0
2014-12,WFC,847727882.8966353,36.0
2014-12,WMB,422073444.4125039,94.0
2014-12,WMT,601710359.0721221,63.0
2014-12,XLB,400614383.3342779,97.0
2014-12,XLE,2541073528.3276877,6.0
2014-12,XLF,856395137.3682629,34.0
2014-12,XLI,644423810.468377,57.0
2014-12,XLU,635750984.716591,59.0
2014-12,XLV,693966789.3954625,49.0
2014-12,XLY,545774951.7295595,77.0
2014-12,XOM,1392663209.0397062,12.0
2015-01,AAL,649746507.0408595,51.0
2015-01,AAPL,5840289338.630179,2.0
2015-01,ABBV,489040432.91279626,79.0
2015-01,AIG,433775086.3848005,90.0
2015-01,AMGN,575480286.9595482,64.0
2015-01,AMZN,1326303598.0793483,13.0
2015-01,BA,594155295.763155,63.0
2015-01,BABA,2623757433.4104266,5.0
2015-01,BAC,1336970304.530321,12.0
2015-01,BIDU,702549162.9737732,46.0
2015-01,BIIB,604143336.0570998,60.0
2015-01,BKNG,897560629.5738523,30.0
2015-01,BKR,488935995.95336306,80.0
2015-01,BMY,406522122.602923,98.0
2015-01,BRK-B,572561196.9927591,65.0
2015-01,C,960523333.6601682,27.0
2015-01,CAT,539750992.1044486,72.0
2015-01,CMCSA,824777657.1278759,36.0
2015-01,COP,601423575.0820765,61.0
2015-01,CSCO,789474798.8125362,40.0
2015-01,CVS,419001645.82582504,92.0
2015-01,CVX,1005152566.6766092,22.0
2015-01,DAL,557038910.1777757,67.0
2015-01,DD,472305595.0951525,83.0
2015-01,DIA,1140891755.186099,18.0
2015-01,DIS,625346767.5118582,55.0
2015-01,EBAY,474835940.4588581,82.0
2015-01,EEM,2223925936.4849997,7.0
2015-01,EFA,1218960135.5657003,15.0
2015-01,EOG,545708922.3009139,68.0
2015-01,F,441376905.5312535,87.0
2015-01,FCX,401453003.9953353,100.0
2015-01,FXI,732321008.6054605,44.0
2015-01,GDX,1265045775.3497803,14.0
2015-01,GDXJ,544857634.9407074,70.0
2015-01,GE,938317869.208233,28.0
2015-01,GILD,1731635786.9021583,9.0
2015-01,GLD,972349172.8693644,26.0
2015-01,GM,438014388.10724837,88.0
2015-01,GOOG,1062009608.0184892,20.0
2015-01,GOOGL,1183382128.6787002,16.0
2015-01,GPRO,511270541.1560906,77.0
2015-01,GS,536652543.51370674,74.0
2015-01,HAL,992167254.3109046,25.0
2015-01,HD,545618600.1154339,69.0
2015-01,HPQ,411327764.2705013,96.0
2015-01,HYG,618361528.0497838,57.0
2015-01,IBB,432866499.94888306,91.0
2015-01,IBM,778560071.7934878,41.0
2015-01,INTC,1109329284.1037629,19.0
2015-01,IVV,999283494.4922311,23.0
2015-01,IWM,4250632823.29173,3.0
2015-01,IYR,767767218.16158,43.0
2015-01,JNJ,863793167.7135043,33.0
2015-01,JPM,998374455.5901421,24.0
2015-01,KMI,1007928706.254941,21.0
2015-01,KO,616174816.0241687,58.0
2015-01,LYB,453772832.6721797,85.0
2015-01,MA,417172524.47963893,94.0
2015-01,MCD,626131675.8026245,54.0
2015-01,MDT,624470733.4726849,56.0
2015-01,MDY,516185984.3367319,76.0
2015-01,META,2057339748.0128455,8.0
2015-01,MRK,634837433.9506799,52.0
2015-01,MSFT,1570600529.1964333,10.0
2015-01,MU,701920963.1190679,47.0
2015-01,NFLX,820060317.8408941,37.0
2015-01,ORCL,611595050.1223791,59.0
2015-01,OXY,519573465.27033913,75.0
2015-01,PEP,446275250.57561964,86.0
2015-01,PFE,792084909.4881139,39.0
2015-01,PG,659184096.6766236,49.0
2015-01,PM,407649448.4495375,97.0
2015-01,QCOM,871595502.5034889,31.0
2015-01,QQQ,3530799101.4156885,4.0
2015-01,RTX,491478773.9902431,78.0
2015-01,SBUX,437781556.107076,89.0
2015-01,SLB,866042364.9928622,32.0
2015-01,SPY,26042202446.52143,1.0
2015-01,T,846343472.432935,35.0
2015-01,TLT,922988451.2456259,29.0
2015-01,TNA,598270631.9427854,62.0
2015-01,TSLA,1174170155.73136,17.0
2015-01,UNH,417627883.081418,93.0
2015-01,UNP,487315271.2389991,81.0
2015-01,UPS,415519176.0325235,95.0
2015-01,USO,457036741.5774691,84.0
2015-01,UVXY,401848215.49206346,99.0
2015-01,V,715080791.0079714,45.0
2015-01,VWO,541591203.3879355,71.0
2015-01,VZ,808128172.7544209,38.0
2015-01,WFC,863171383.9750139,34.0
2015-01,WMT,631068208.440381,53.0
2015-01,XLE,2387556449.7559924,6.0
2015-01,XLF,770292343.3737062,42.0
2015-01,XLI,561770858.7730892,66.0
2015-01,XLU,653309896.269765,50.0
2015-01,XLV,676718763.6384146,48.0
2015-01,XLY,537904499.7389294,73.0
2015-01,XOM,1419296956.726038,11.0
2015-02,AAL,665979532.5695341,52.0
2015-02,AAPL,6609971999.497452,2.0
2015-02,ABBV,585489861.7833092,66.0
2015-02,AIG,466856125.91007775,85.0
2015-02,AMGN,560952634.7765242,73.0
2015-02,AMZN,1383006878.8810306,13.0
2015-02,AXP,565645963.0651686,71.0
2015-02,BA,662975298.3368647,53.0
2015-02,BABA,1578477889.0267146,10.0
2015-02,BAC,1544509279.0598733,11.0
2015-02,BHC,429168956.78228956,94.0
2015-02,BIDU,673234704.4291178,50.0
2015-02,BIIB,636452011.8854825,58.0
2015-02,BKNG,907335515.4941195,30.0
2015-02,BRK-B,585677625.0141689,65.0
2015-02,C,1014056324.2548321,23.0
2015-02,CAT,569746857.1090214,70.0
2015-02,CMCSA,774249608.6187084,42.0
2015-02,COP,617733665.1107243,61.0
2015-02,CSCO,836321610.6742617,37.0
2015-02,CVS,450454247.046625,89.0
2015-02,CVX,1024129370.0898792,22.0
2015-02,DAL,588370669.4729335,64.0
2015-02,DD,439106797.5781237,91.0
2015-02,DIA,1143333125.8275836,17.0
2015-02,DIS,676144786.1320738,49.0
2015-02,EBAY,485220870.7463136,80.0
2015-02,EEM,2123460448.7933507,6.0
2015-02,EFA,1287295567.6212673,14.0
2015-02,EOG,557232083.8147602,74.0
2015-02,F,428245418.02366954,95.0
2015-02,FCX,411282182.56402093,100.0
2015-02,FXI,696628813.5986389,48.0
2015-02,GDX,1054915461.2298208,21.0
2015-02,GDXJ,435066319.1102376,93.0
2015-02,GE,983361160.9754996,26.0
2015-02,GILD,1636180409.7518678,8.0
2015-02,GLD,919169565.6936524,29.0
2015-02,GM,530307917.14160556,76.0
2015-02,GOOG,1087219453.4892914,19.0
2015-02,GOOGL,1258383073.6441233,15.0
2015-02,GPRO,423690946.47056335,98.0
2015-02,GS,555199926.7341008,75.0
2015-02,HAL,849477524.3951524,36.0
2015-02,HD,578081919.7145008,67.0
2015-02,HPQ,461311891.61218786,86.0
2015-02,HYG,650999388.5327414,55.0
2015-02,IBB,455069108.62016225,87.0
2015-02,IBM,760516132.2778994,43.0
2015-02,INTC,1012149601.5377469,24.0
2015-02,IVV,989029709.9628509,25.0
2015-02,IWM,4043568694.239214,3.0
2015-02,IYR,861747015.5407618,34.0
2015-02,JNJ,939159975.4195925,27.0
2015-02,JPM,1075282690.3045714,20.0
2015-02,KMI,860495019.5486645,35.0
2015-02,KO,626150737.0783428,59.0
2015-02,LYB,451946671.34459966,88.0
2015-02,MA,426442222.07814777,96.0
2015-02,MCD,699033292.9598248,47.0
2015-02,MDT,642751897.6623051,56.0
2015-02,MDY,502872171.8597412,78.0
2015-02,META,1965487087.0470803,7.0
2015-02,MRK,639494926.2043436,57.0
2015-02,MSFT,1604381051.88753,9.0
2015-02,MU,726403607.2443221,44.0
2015-02,NFLX,809554036.1814499,40.0
2015-02,ORCL,624655014.437073,60.0
2015-02,OXY,495521255.21992296,79.0
2015-02,PEP,481812503.96829027,82.0
2015-02,PFE,922140823.1490006,28.0
2015-02,PG,669386653.7256271,51.0
2015-02,QCOM,821584227.89214,39.0
2015-02,QQQ,3527577817.191593,4.0
2015-02,RTX,475761691.1720884,84.0
2015-02,SBUX,437776879.3760269,92.0
2015-02,SLB,824449376.0146973,38.0
2015-02,SPY,26779960050.274902,1.0
2015-02,T,876549321.6927773,33.0
2015-02,TLT,1147555817.8327773,16.0
2015-02,TNA,571678620.5189902,69.0
2015-02,TSLA,1098393495.15622,18.0
2015-02,UNH,443044828.7549942,90.0
2015-02,UNP,482089497.0300341,81.0
2015-02,USO,597425055.7843778,63.0
2015-02,UVXY,478303571.17460316,83.0
2015-02,V,660004193.3664231,54.0
2015-02,VLO,424250151.7496442,97.0
2015-02,VWO,561341818.6589499,72.0
2015-02,VZ,878975670.5183665,32.0
2015-02,WFC,890562624.1418021,31.0
2015-02,WMB,419054291.27930534,99.0
2015-02,WMT,612157116.2145888,62.0
2015-02,XLE,2455912079.2897906,5.0
2015-02,XLF,808941366.9077184,41.0
2015-02,XLI,572050724.0066953,68.0
2015-02,XLU,715021220.3474438,46.0
2015-02,XLV,725052947.4089123,45.0
2015-02,XLY,528713156.4172654,77.0
2015-02,XOM,1489926316.3528926,12.0
2015-03,AAL,741300583.2844083,43.0
2015-03,AAPL,6974507952.732292,2.0
2015-03,ABBV,690024134.8247164,50.0
2015-03,AIG,480400746.8242403,82.0
2015-03,AMGN,551291510.3881836,70.0
2015-03,AMZN,1283129285.364272,13.0
2015-03,AXP,641233367.3000517,58.0
2015-03,BA,666266318.3449155,54.0
2015-03,BABA,1492611822.4372258,10.0
2015-03,BAC,1550424805.2728896,9.0
2015-03,BHC,571966509.2977614,65.0
2015-03,BIDU,642198836.4091177,57.0
2015-03,BIIB,762638551.9332159,42.0
2015-03,BKNG,890146951.4463818,31.0
2015-03,BMY,403535837.0253548,98.0
2015-03,BRK-B,547101526.1019268,71.0
2015-03,C,1065451107.1197994,19.0
2015-03,CAT,542126295.0113326,73.0
2015-03,CMCSA,838155386.2310504,37.0
2015-03,COP,529351288.2663727,74.0
2015-03,CSCO,868101110.4249561,36.0
2015-03,CVS,462620151.47396266,86.0
2015-03,CVX,914649516.0469903,29.0
2015-03,DAL,558831558.1745934,66.0
2015-03,DD,407705601.8275453,96.0
2015-03,DIA,1048190899.5788332,20.0
2015-03,DIS,677363180.9570434,52.0
2015-03,EBAY,507480768.29971874,75.0
2015-03,EEM,2097898634.7324615,5.0
2015-03,EFA,1261171458.5942223,14.0
2015-03,EOG,461500050.7960123,87.0
2015-03,F,440470558.72596407,92.0
2015-03,FCX,402845179.292588,99.0
2015-03,FXI,680498377.6620835,51.0
2015-03,GDX,976684696.601898,24.0
2015-03,GE,933280072.0655503,26.0
2015-03,GILD,1349686255.9341552,11.0
2015-03,GLD,882800747.4651761,33.0
2015-03,GM,554313423.6672962,67.0
2015-03,GOOG,1047103877.193968,21.0
2015-03,GOOGL,1188903423.3168344,16.0
2015-03,GS,491707198.4838819,79.0
2015-03,HAL,662004800.8498237,55.0
2015-03,HD,582258827.8085982,64.0
2015-03,HPQ,479973442.70535064,83.0
2015-03,HYG,614134159.8619734,61.0
2015-03,IBB,546666944.4469271,72.0
2015-03,IBM,771319537.6160293,40.0
2015-03,INTC,1113084613.6947813,17.0
2015-03,IVV,949356294.2976452,25.0
2015-03,IWM,3687074104.025317,3.0
2015-03,IYR,878677027.4271647,35.0
2015-03,JNJ,926815995.937408,28.0
2015-03,JPM,1071418507.900232,18.0
2015-03,KMI,433460023.6906869,94.0
2015-03,KO,645881848.4602731,56.0
2015-03,MA,444148057.3870704,90.0
2015-03,MCD,704316212.8476218,49.0
2015-03,MDT,623878603.9828588,59.0
2015-03,MDY,457014001.6304137,88.0
2015-03,META,2034058218.179273,6.0
2015-03,MRK,670955524.096416,53.0
2015-03,MSFT,1674372029.896182,8.0
2015-03,MU,765317229.2219919,41.0
2015-03,NFLX,927673334.2118793,27.0
2015-03,ORCL,618702022.8623345,60.0
2015-03,OXY,400790771.191984,100.0
2015-03,PEP,507315460.9232221,76.0
2015-03,PFE,1001184602.9922744,23.0
2015-03,PG,728823076.3252622,46.0
2015-03,PM,440153723.3389476,93.0
2015-03,QCOM,900672134.9145132,30.0
2015-03,QQQ,3270515614.239284,4.0
2015-03,RTX,477652725.5683745,84.0
2015-03,SBUX,442351662.99425155,91.0
2015-03,SLB,711532290.6184605,48.0
2015-03,SPY,26242235073.29041,1.0
2015-03,T,880201321.3950329,34.0
2015-03,TLT,1234602549.9173603,15.0
2015-03,TNA,554264747.3621671,68.0
2015-03,TSLA,1042060641.5235656,22.0
2015-03,UNH,465110138.5526506,85.0
2015-03,UNP,489322881.41657513,80.0
2015-03,USO,607564354.3461292,62.0
2015-03,UVXY,499275792.63492066,78.0
2015-03,V,734398349.9890524,45.0
2015-03,VLO,449182715.07771206,89.0
2015-03,VNQ,404865303.5404629,97.0
2015-03,VWO,503955502.69483536,77.0
2015-03,VZ,819165968.4275491,39.0
2015-03,WFC,884502807.802279,32.0
2015-03,WMT,605462419.5268358,63.0
2015-03,XLE,1907346902.866412,7.0
2015-03,XLF,828233256.821041,38.0
2015-03,XLI,553894266.3161384,69.0
2015-03,XLP,416596316.2228963,95.0
2015-03,XLU,713217036.853875,47.0
2015-03,XLV,735362038.3657182,44.0
2015-03,XLY,487381604.09270996,81.0
2015-03,XOM,1342515025.785307,12.0
2015-04,AAL,695731746.9364591,48.0
2015-04,AAPL,6723634695.254129,2.0
2015-04,ABBV,785774412.2930375,39.0
2015-04,AIG,451109386.3618094,87.0
2015-04,AMAT,464854816.2853059,82.0
2015-04,AMGN,556475159.8823184,67.0
2015-04,AMZN,1428430545.4201472,9.0
2015-04,AXP,644231359.9113828,57.0
2015-04,BA,647340075.3433955,56.0
2015-04,BABA,1369547416.2309434,10.0
2015-04,BAC,1347496224.1728692,11.0
2015-04,BHC,586394080.3429013,63.0
2015-04,BIDU,689234920.2148438,49.0
2015-04,BIIB,848860372.5292872,31.0
2015-04,BKNG,797970166.8805925,36.0
2015-04,BMY,400702214.6214137,98.0
2015-04,BRK-B,486516834.7419133,73.0
2015-04,C,971238869.4399395,24.0
2015-04,CAT,486732291.84371704,72.0
2015-04,CMCSA,973574347.8152084,23.0
2015-04,COP,498116313.3564419,71.0
2015-04,CSCO,798792135.9803941,35.0
2015-04,CVS,473196861.893342,80.0
2015-04,CVX,797902264.3365164,37.0
2015-04,DAL,553333896.905675,68.0
2015-04,DD,399762282.59635925,100.0
2015-04,DIA,928359140.9529186,26.0
2015-04,DIS,675112238.4159875,52.0
2015-04,EBAY,465413423.48170227,81.0
2015-04,EEM,2024008678.2131982,6.0
2015-04,EFA,1187882499.6586392,14.0
2015-04,EOG,427999876.7737131,93.0
2015-04,EWJ,413397272.622608,95.0
2015-04,F,434241314.6210746,91.0
2015-04,FXI,843151938.2555704,32.0
2015-04,GDX,851874915.5563718,30.0
2015-04,GE,1186306529.776563,15.0
2015-04,GILD,1193852512.5137572,13.0
2015-04,GLD,697799972.2754705,46.0
2015-04,GM,602233817.7380033,60.0
2015-04,GOOG,1031948472.8050668,20.0
2015-04,GOOGL,1170994852.2366722,16.0
2015-04,GS,481870129.14637005,77.0
2015-04,HAL,662909841.519716,53.0
2015-04,HD,568467597.1241058,66.0
2015-04,HEDJ,403961888.18593705,96.0
2015-04,HPQ,456229980.8274217,85.0
2015-04,HYG,571709991.8033903,64.0
2015-04,IBB,631635759.9395388,58.0
2015-04,IBM,726568481.6878926,42.0
2015-04,INTC,1010895126.1504248,21.0
2015-04,IVV,783388648.5474844,40.0
2015-04,IWM,3384784864.8947945,3.0
2015-04,IYR,838170066.6529822,33.0
2015-04,JNJ,879994074.0664527,29.0
2015-04,JPM,966253797.8964003,25.0
2015-04,KMI,399981726.2662615,99.0
2015-04,KO,631491902.3132749,59.0
2015-04,MA,449092868.7026493,88.0
2015-04,MCD,697651168.6366854,47.0
2015-04,MDT,474096748.82524276,79.0
2015-04,MDY,457500573.145936,84.0
2015-04,META,2085176345.8509657,5.0
2015-04,MRK,681492624.5001472,51.0
2015-04,MSFT,1666872801.4720614,7.0
2015-04,MU,657634639.148158,55.0
2015-04,NFLX,1153158396.1047597,17.0
2015-04,ORCL,593223373.5797398,62.0
2015-04,PEP,484063763.87534976,75.0
2015-04,PFE,1010091930.6340809,22.0
2015-04,PG,713833118.913269,43.0
2015-04,PM,452541027.7825734,86.0
2015-04,QCOM,892793094.420975,28.0
2015-04,QQQ,2907412628.1946335,4.0
2015-04,RTX,419650751.4050658,94.0
2015-04,SBUX,402982993.98611766,97.0
2015-04,SLB,727779268.9081949,41.0
2015-04,SPY,22737662025.431847,1.0
2015-04,T,899321450.1910967,27.0
2015-04,TLT,1115595635.7797654,18.0
2015-04,TNA,477283380.7774983,78.0
2015-04,TSLA,1078315125.9842145,19.0
2015-04,UNH,459427284.1106112,83.0
2015-04,UNP,526001316.3667951,70.0
2015-04,USO,595221985.6818024,61.0
2015-04,UVXY,428639881.0793651,92.0
2015-04,V,686219361.7118957,50.0
2015-04,VLO,444211007.851095,89.0
2015-04,VTRS,550236088.4398022,69.0
2015-04,VWO,484994082.00681174,74.0
2015-04,VZ,794080037.3552171,38.0
2015-04,WFC,831517412.0690784,34.0
2015-04,WMT,569133896.1070287,65.0
2015-04,XLE,1484128847.4559119,8.0
2015-04,XLF,710903284.8130324,44.0
2015-04,XLI,482148198.20516676,76.0
2015-04,XLU,659121135.6973436,54.0
2015-04,XLV,708719543.916999,45.0
2015-04,XLY,441048174.4816735,90.0
2015-04,XOM,1221153394.8239887,12.0
2015-05,AAL,703552893.8714346,41.0
2015-05,AAPL,6245492006.020525,2.0
2015-05,ABBV,758703269.171524,35.0
2015-05,AIG,403923052.14604574,91.0
2015-05,AMAT,481663316.8991089,70.0
2015-05,AMGN,536939498.4321231,67.0
2015-05,AMZN,1226168277.7498639,10.0
2015-05,AXP,494545494.4154891,68.0
2015-05,BA,581219956.6202557,58.0
2015-05,BABA,1599095048.1086853,8.0
2015-05,BAC,1198655841.604775,11.0
2015-05,BHC,466178109.51538086,73.0
2015-05,BIDU,671248050.8631631,44.0
2015-05,BIIB,825845360.5280316,30.0
2015-05,BKNG,730618648.8511827,38.0
2015-05,BMY,437270966.0179683,83.0
2015-05,BRK-B,457264501.7537919,75.0
2015-05,C,933085966.6489495,25.0
2015-05,CAT,452093824.1852291,76.0
2015-05,CMCSA,982116010.2680907,22.0
2015-05,COP,438534237.9643698,82.0
2015-05,CSCO,742754088.8295552,36.0
2015-05,CVS,449663196.0144043,78.0
2015-05,CVX,732212141.6063702,37.0
2015-05,DAL,543260888.2055495,64.0
2015-05,DIA,888206636.4549183,28.0
2015-05,DIS,630012934.0529426,52.0
2015-05,EBAY,447541079.4476192,80.0
2015-05,EEM,2006809047.196264,5.0
2015-05,EFA,1160715345.5510943,13.0
2015-05,EWJ,412396543.2938031,88.0
2015-05,F,398530494.8931876,95.0
2015-05,FXI,987394215.9207722,21.0
2015-05,GDX,780401156.6968979,34.0
2015-05,GE,1174603300.4198158,12.0
2015-05,GILD,1146425605.8535259,14.0
2015-05,GLD,615003024.253712,55.0
2015-05,GM,542310611.1266606,65.0
2015-05,GOOG,977212094.8785933,23.0
2015-05,GOOGL,1053336772.9194883,19.0
2015-05,GS,475892505.3917295,71.0
2015-05,HAL,617699610.1168133,54.0
2015-05,HD,538730471.6436719,66.0
2015-05,HEDJ,407006307.66486514,90.0
2015-05,HPQ,399605194.435491,93.0
2015-05,HYG,578769898.1239197,59.0
2015-05,IBB,665609989.5795549,49.0
2015-05,IBM,671684432.8585764,43.0
2015-05,INTC,1008124285.0544006,20.0
2015-05,IVV,704778219.5059882,40.0
2015-05,IWM,3511612163.5388327,3.0
2015-05,IYR,800121356.852371,32.0
2015-05,JNJ,788481357.8664628,33.0
2015-05,JPM,923037352.9915159,26.0
2015-05,KO,574306059.8119645,60.0
2015-05,MA,398878985.5175442,94.0
2015-05,MCD,669545876.063477,47.0
2015-05,MDLZ,394062954.62401253,97.0
2015-05,MDT,400213979.92679656,92.0
2015-05,MDY,434759842.9170639,84.0
2015-05,META,1983278051.1016967,6.0
2015-05,MRK,669090931.3020384,48.0
2015-05,MSFT,1646768400.445551,7.0
2015-05,MU,623080535.1340613,53.0
2015-05,NFLX,1299513235.9015148,9.0
2015-05,ORCL,556104449.6139102,61.0
2015-05,PEP,433587558.27738446,86.0
2015-05,PFE,901060669.7307667,27.0
2015-05,PG,661408121.9237434,50.0
2015-05,PM,426414171.3072762,87.0
2015-05,PRGO,392421355.4160708,99.0
2015-05,QCOM,837601144.4427248,29.0
2015-05,QQQ,2943076404.5565653,4.0
2015-05,REGN,386546015.77255005,100.0
2015-05,RTX,409184174.8140746,89.0
2015-05,SBUX,395132618.4554327,96.0
2015-05,SLB,669646487.2094412,46.0
2015-05,SPY,22181021250.904945,1.0
2015-05,SWKS,434171336.4676339,85.0
2015-05,T,975368656.9393017,24.0
2015-05,TLT,1078078045.2448163,16.0
2015-05,TNA,449190299.7303433,79.0
2015-05,TSLA,1054331481.0506048,18.0
2015-05,UNH,450981218.7253316,77.0
2015-05,UNP,587515020.2677894,57.0
2015-05,USO,494383245.5473769,69.0
2015-05,V,611700772.3024156,56.0
2015-05,VLO,394043973.9419483,98.0
2015-05,VTRS,633759134.8792424,51.0
2015-05,VWO,459528698.7126487,74.0
2015-05,VZ,729156399.6401832,39.0
2015-05,WFC,809199726.1973184,31.0
2015-05,WMT,552853563.414828,63.0
2015-05,XLE,1137943196.9859412,15.0
2015-05,XLF,670747763.8540745,45.0
2015-05,XLI,467297611.2093729,72.0
2015-05,XLU,554660994.7017609,62.0
2015-05,XLV,679142649.2608328,42.0
2015-05,XLY,446568208.40767753,81.0
2015-05,XOM,1066363504.9073355,17.0
2015-06,AAL,566344187.2235434,59.0
2015-06,AAPL,5750480834.822204,2.0
2015-06,ABBV,716892162.4318683,34.0
2015-06,AIG,453241379.048187,74.0
2015-06,AMAT,449775639.7235477,75.0
2015-06,AMGN,519353942.1150813,66.0
2015-06,AMZN,1273869717.4619038,10.0
2015-06,AVGO,430067288.5062203,82.0
2015-06,AXP,476603178.24687654,70.0
2015-06,BA,542431403.6074926,60.0
2015-06,BABA,1421916782.3742578,9.0
2015-06,BAC,1185853591.6511898,12.0
2015-06,BHC,380624731.2405783,97.0
2015-06,BIDU,659987372.9588584,41.0
2015-06,BIIB,641780879.1489375,44.0
2015-06,BKNG,703827375.0934904,36.0
2015-06,BMY,445835970.3464326,76.0
2015-06,BRK-B,437127484.40607464,80.0
2015-06,C,890027712.7623906,26.0
2015-06,CAT,397891614.7446526,91.0
2015-06,CI,385462690.4999748,94.0
2015-06,CMCSA,970009657.3136345,20.0
2015-06,COP,402197834.71103245,88.0
2015-06,CSCO,688988292.2951773,38.0
2015-06,CVS,454371238.5637193,73.0
2015-06,CVX,700986863.596126,37.0
2015-06,DAL,531814706.1920711,64.0
2015-06,DD,385637620.5224344,93.0
2015-06,DIA,869810236.4592537,27.0
2015-06,DIS,650181596.4316595,43.0
2015-06,EBAY,425472476.02472925,83.0
2015-06,EEM,1905947490.590462,6.0
2015-06,EFA,1156634705.791195,14.0
2015-06,EWJ,378479317.6535273,100.0
2015-06,F,380549925.7817662,98.0
2015-06,FXI,1057462822.0709785,17.0
2015-06,GDX,671341665.857418,39.0
2015-06,GE,1176403976.9913926,13.0
2015-06,GILD,1202681437.0664325,11.0
2015-06,GLD,574278872.6273552,56.0
2015-06,GM,536785073.89826095,61.0
2015-06,GOOG,924810464.0268964,24.0
2015-06,GOOGL,972615449.4769989,19.0
2015-06,GS,519289215.12814474,67.0
2015-06,HAL,597258000.571151,53.0
2015-06,HD,533994482.0794605,62.0
2015-06,HUM,439715542.2955952,79.0
2015-06,HYG,566470533.5922363,58.0
2015-06,IBB,633826928.4950984,47.0
2015-06,IBM,619649847.9687171,51.0
2015-06,INTC,907030513.0095285,25.0
2015-06,IVV,661022052.924238,40.0
2015-06,IWM,3663726023.9534774,3.0
2015-06,IYR,742028892.3344687,32.0
2015-06,JNJ,771166141.6397458,31.0
2015-06,JPM,964324297.0593588,21.0
2015-06,KMI,414574390.0684296,85.0
2015-06,KO,518111384.94015044,68.0
2015-06,LLY,395976925.661638,92.0
2015-06,MCD,583082528.7507435,55.0
2015-06,MDT,401482397.99028426,90.0
2015-06,MDY,440442851.5893361,78.0
2015-06,META,1958184591.9243102,5.0
2015-06,MRK,625071785.0449371,49.0
2015-06,MSFT,1580973127.1929607,8.0
2015-06,MU,641267320.6134493,45.0
2015-06,NFLX,1678331577.340285,7.0
2015-06,ORCL,613334541.7998298,52.0
2015-06,PEP,401787795.73103887,89.0
2015-06,PFE,819126632.5130106,29.0
2015-06,PG,631421168.5735673,48.0
2015-06,PM,384984172.44527906,95.0
2015-06,PRGO,406635714.53109014,87.0
2015-06,QCOM,793272334.14214,30.0
2015-06,QQQ,2868256036.90676,4.0
2015-06,REGN,378877486.15509516,99.0
2015-06,RTX,384493890.68937165,96.0
2015-06,SLB,657777160.8472189,42.0
2015-06,SPY,21545170002.53635,1.0
2015-06,T,1084252156.1419513,16.0
2015-06,TLT,1145687746.9608853,15.0
2015-06,TNA,432076114.1078888,81.0
2015-06,TSLA,943775060.1874079,22.0
2015-06,UNH,499697402.3338076,69.0
2015-06,UNP,596646697.6413666,54.0
2015-06,USO,419262893.25586784,84.0
2015-06,V,468825027.5167556,71.0
2015-06,VTRS,640853443.3699533,46.0
2015-06,VWO,466568147.4279737,72.0
2015-06,VZ,740939124.54111,33.0
2015-06,WFC,831630571.4767698,28.0
2015-06,WMB,533837407.7678196,63.0
2015-06,WMT,570052170.3024546,57.0
2015-06,XLE,985191741.7145623,18.0
2015-06,XLF,708857027.3591192,35.0
2015-06,XLI,443171997.9099637,77.0
2015-06,XLU,525018724.07968915,65.0
2015-06,XLV,621368281.9813561,50.0
2015-06,XLY,413780210.26702154,86.0
2015-06,XOM,940184348.9270043,23.0
2015-07,AAL,540210904.4963655,60.0
2015-07,AAPL,5714385033.1620245,2.0
2015-07,ABBV,648136275.4587506,44.0
2015-07,AIG,434852586.5679847,83.0
2015-07,AMBA,391994710.52953327,95.0
2015-07,AMGN,528077842.44321793,64.0
2015-07,AMZN,1507574149.8573546,8.0
2015-07,AVGO,512448587.11752814,66.0
2015-07,AXP,449726834.7078838,78.0
2015-07,BA,493367891.0059611,71.0
2015-07,BABA,1278890957.3880877,11.0
2015-07,BAC,1332547297.1321316,10.0
2015-07,BAX,415381235.58034045,87.0
2015-07,BIDU,738709664.3141489,32.0
2015-07,BIIB,701412284.4785175,38.0
2015-07,BKNG,724358934.4294109,35.0
2015-07,BMY,446602301.84207493,80.0
2015-07,BRK-B,438642441.9611855,82.0
2015-07,C,997693923.3794985,19.0
2015-07,CAT,403140606.5874857,91.0
2015-07,CI,478427882.4875968,73.0
2015-07,CMCSA,823918314.4841485,27.0
2015-07,COP,401832993.40434605,92.0
2015-07,CSCO,690626723.2410067,41.0
2015-07,CVS,426170327.93954515,85.0
2015-07,CVX,730964256.0512846,33.0
2015-07,DAL,513687163.8535454,65.0
2015-07,DD,408683502.97994936,90.0
2015-07,DHR,383206984.90179133,98.0
2015-07,DIA,818163826.3599699,28.0
2015-07,DIS,676780401.3877869,42.0
2015-07,EBAY,589108257.5318,53.0
2015-07,EEM,1880077845.590313,6.0
2015-07,EFA,1199478743.2548947,14.0
2015-07,F,395926001.07489693,94.0
2015-07,FXI,1122361882.4398768,18.0
2015-07,GDX,670272704.6139233,43.0
2015-07,GE,826187084.4504232,26.0
2015-07,GILD,1243469171.894364,13.0
2015-07,GLD,634638810.745312,45.0
2015-07,GM,509703249.94196516,69.0
2015-07,GOOG,1162174620.0729249,16.0
2015-07,GOOGL,1273064346.8088422,12.0
2015-07,GS,511272649.0168738,67.0
2015-07,HAL,568198131.3015409,55.0
2015-07,HD,528444107.13986593,63.0
2015-07,HUM,538131827.1775261,61.0
2015-07,HYG,618488328.9506216,47.0
2015-07,IBB,605008293.9711797,49.0
2015-07,IBM,608967663.2200378,48.0
2015-07,INTC,989164842.2040455,20.0
2015-07,IVV,711081531.2923129,37.0
2015-07,IWM,3781047089.0808225,3.0
2015-07,IYR,694288613.4304107,40.0
2015-07,JNJ,727952186.4317153,34.0
2015-07,JPM,982865236.9739593,21.0
2015-07,KMI,440706637.2357626,81.0
2015-07,KO,499887959.82423204,70.0
2015-07,LLY,448198060.3779142,79.0
2015-07,MCD,556067624.6638827,58.0
2015-07,MDT,391849528.7819999,96.0
2015-07,MDY,462078319.9600462,76.0
2015-07,META,2390743243.777708,5.0
2015-07,MRK,554575799.4723003,59.0
2015-07,MSFT,1457574650.2881427,9.0
2015-07,MU,697235654.551951,39.0
2015-07,NFLX,1748497732.337437,7.0
2015-07,ORCL,603303992.8309667,50.0
2015-07,PEP,412414884.4165257,88.0
2015-07,PFE,774253271.1203578,30.0
2015-07,PG,629490188.2521977,46.0
2015-07,QCOM,803061553.2275426,29.0
2015-07,QQQ,2968406777.2117977,4.0
2015-07,RTX,477567683.245896,74.0
2015-07,SBUX,388038430.0039201,97.0
2015-07,SLB,598978303.4788586,51.0
2015-07,SPY,22570395992.07163,1.0
2015-07,SWKS,379367160.5364603,100.0
2015-07,T,1159002176.3776617,17.0
2015-07,TLT,1193833163.4332082,15.0
2015-07,TNA,411542995.5693684,89.0
2015-07,TSLA,929829265.5314491,24.0
2015-07,UNH,510857406.8266611,68.0
2015-07,UNP,556071940.7951233,57.0
2015-07,USO,383149335.2335842,99.0
2015-07,UVXY,431907341.6507937,84.0
2015-07,V,491950251.2319898,72.0
2015-07,VTRS,420388169.1937583,86.0
2015-07,VWO,476961367.6107861,75.0
2015-07,VZ,716860321.2144579,36.0
2015-07,WFC,826245787.1296958,25.0
2015-07,WMB,591201126.5420035,52.0
2015-07,WMT,556371520.3028452,56.0
2015-07,XLE,965502890.511104,22.0
2015-07,XLF,756137167.7874929,31.0
2015-07,XLI,461942031.567183,77.0
2015-07,XLU,529290482.60023934,62.0
2015-07,XLV,578541079.0342785,54.0
2015-07,XLY,396989753.424157,93.0
2015-07,XOM,933732984.4227988,23.0
2015-08,AAL,477045341.3101317,85.0
2015-08,AAPL,6607473546.696218,2.0
2015-08,ABBV,636274164.0325698,52.0
2015-08,AIG,516752227.03856814,74.0
2015-08,AMBA,439922686.93107724,94.0
2015-08,AMGN,571026042.6308042,62.0
2015-08,AMZN,1822988103.6011226,8.0
2015-08,AVGO,470106715.7388415,87.0
2015-08,AXP,505245814.28870547,77.0
2015-08,BA,500867751.4413864,78.0
2015-08,BABA,1077571939.49723,22.0
2015-08,BAC,1489594013.5460913,11.0
2015-08,BAX,510085733.4959778,76.0
2015-08,BIDU,795190449.4034541,37.0
2015-08,BIIB,802385379.355246,36.0
2015-08,BKNG,766146369.629209,39.0
2015-08,BRK-B,512766223.33435786,75.0
2015-08,C,1075832568.2365115,23.0
2015-08,CAT,468284918.3527871,88.0
2015-08,CI,480386261.17030555,80.0
2015-08,CMCSA,847718016.5972365,31.0
2015-08,COP,472316429.15048146,86.0
2015-08,CSCO,738679888.8204604,41.0
2015-08,CVS,492555612.5399393,79.0
2015-08,CVX,872461840.3027973,30.0
2015-08,DAL,456872250.5110968,92.0
2015-08,DD,422922045.26747847,97.0
2015-08,DIA,1111601162.1318514,20.0
2015-08,DIS,1141037196.2666104,19.0
2015-08,EBAY,577804734.9039304,60.0
2015-08,EEM,2209893993.615244,6.0
2015-08,EFA,1357625208.7827168,13.0
2015-08,EWJ,477539695.346142,84.0
2015-08,FXI,1181679041.332487,16.0
2015-08,GDX,832440938.4066204,34.0
2015-08,GE,843860483.3225218,32.0
2015-08,GILD,1233094415.1713295,14.0
2015-08,GLD,704640602.3252699,45.0
2015-08,GM,548150854.4786605,67.0
2015-08,GOOG,1412576021.6438656,12.0
2015-08,GOOGL,1560510253.9392502,9.0
2015-08,GS,553465034.2792087,66.0
2015-08,HAL,580326938.7970031,59.0
2015-08,HD,594234015.0761075,55.0
2015-08,HUM,480116995.1267545,81.0
2015-08,HYG,665563751.0800074,50.0
2015-08,IBB,676711527.8345017,48.0
2015-08,IBM,669846911.9956651,49.0
2015-08,INTC,1009807756.7751263,26.0
2015-08,IVV,888815613.8717167,29.0
2015-08,IWM,4168812261.47513,3.0
2015-08,IYR,739134873.3077639,40.0
2015-08,JNJ,780209103.0309647,38.0
2015-08,JPM,1075786159.7422705,24.0
2015-08,KMI,522667974.3640718,73.0
2015-08,KO,559006609.1346983,64.0
2015-08,LLY,478006168.49941677,83.0
2015-08,MCD,558862116.1526151,65.0
2015-08,MDLZ,418234209.2685094,100.0
2015-08,MDY,546613237.4667455,68.0
2015-08,META,2856555858.241405,5.0
2015-08,MRK,581560083.7919171,58.0
2015-08,MSFT,1521701198.735961,10.0
2015-08,MU,683151404.2721097,47.0
2015-08,NFLX,2205365835.0292387,7.0
2015-08,ORCL,654535074.6835496,51.0
2015-08,PEP,459638522.5109282,91.0
2015-08,PFE,817576086.387745,35.0
2015-08,PG,726035699.8388745,44.0
2015-08,QCOM,837228736.2343318,33.0
2015-08,QQQ,3741328194.164591,4.0
2015-08,RTX,544548950.4709675,69.0
2015-08,SBUX,467730804.88921875,89.0
2015-08,SLB,730365894.478474,42.0
2015-08,SPY,27810573859.3967,1.0
2015-08,SWKS,427184167.682018,95.0
2015-08,T,1194660141.0037196,15.0
2015-08,TLT,1151185519.6155608,17.0
2015-08,TSLA,1034530248.0325245,25.0
2015-08,UNH,529132943.8742623,71.0
2015-08,UNP,524559664.7327605,72.0
2015-08,UVXY,592425991.7460318,56.0
2015-08,V,539017306.0906546,70.0
2015-08,VLO,426392109.55236524,96.0
2015-08,VOO,418955876.53559124,99.0
2015-08,VTRS,441671149.0660834,93.0
2015-08,VWO,622280032.9584212,53.0
2015-08,VZ,729994836.0077873,43.0
2015-08,WFC,908902036.6998582,28.0
2015-08,WMB,569433641.3845426,63.0
2015-08,WMT,610040932.2012402,54.0
2015-08,XLE,1144867833.340339,18.0
2015-08,XLF,932295636.1258234,27.0
2015-08,XLI,576838485.4390583,61.0
2015-08,XLK,421879956.82518977,98.0
2015-08,XLP,463561789.8081462,90.0
2015-08,XLU,584084175.7137299,57.0
2015-08,XLV,690940413.9424884,46.0
2015-08,XLY,479013070.56667995,82.0
2015-08,XOM,1111299065.228417,21.0
2015-09,AAPL,7055992719.09319,2.0
2015-09,ABBV,648403368.3697655,52.0
2015-09,AIG,476214668.75950646,87.0
2015-09,AMGN,613687829.9493457,57.0
2015-09,AMZN,2092363433.9511206,8.0
2015-09,AVGO,459791509.0778593,90.0
2015-09,AXP,462215971.73986286,89.0
2015-09,BA,525177108.94766915,75.0
2015-09,BABA,1210777236.4226143,18.0
2015-09,BAC,1497597686.654153,12.0
2015-09,BHC,562334647.7432009,67.0
2015-09,BIDU,812872462.1377612,41.0
2015-09,BIIB,904998264.5388165,33.0
2015-09,BKNG,813557248.8983094,40.0
2015-09,BMY,445181979.8478444,95.0
2015-09,BRK-B,565037214.2152454,66.0
2015-09,C,1074944381.246494,25.0
2015-09,CAT,557930795.6200736,69.0
2015-09,CMCSA,868142202.356788,35.0
2015-09,COP,520364965.6131926,77.0
2015-09,CSCO,743982091.6576295,44.0
2015-09,CVS,494517231.22920686,83.0
2015-09,CVX,928565389.8744129,31.0
2015-09,DD,549440176.7761196,72.0
2015-09,DIA,1270523908.4421551,14.0
2015-09,DIS,1225212620.8931332,17.0
2015-09,EBAY,522570200.0538525,76.0
2015-09,EEM,2299302912.5135508,7.0
2015-09,EFA,1392031183.59946,13.0
2015-09,EWJ,599219352.9153612,59.0
2015-09,F,446119802.1062775,94.0
2015-09,FCX,442950417.7236103,97.0
2015-09,FXI,1183526236.2925575,19.0
2015-09,GDX,881975688.9789037,34.0
2015-09,GE,920888044.5035882,32.0
2015-09,GILD,1234768519.7395325,15.0
2015-09,GLD,715510459.5720321,48.0
2015-09,GM,556514662.3861858,70.0
2015-09,GOOG,1608476942.1285598,10.0
2015-09,GOOGL,1715356708.344838,9.0
2015-09,GPRO,442492087.3239608,98.0
2015-09,GS,582657567.3663669,63.0
2015-09,HAL,561098620.8806174,68.0
2015-09,HD,644977385.4661124,53.0
2015-09,HYG,648888270.9362817,51.0
2015-09,IBB,848470206.544531,37.0
2015-09,IBM,650707774.878674,50.0
2015-09,INTC,1000160513.806664,27.0
2015-09,IVV,1098664455.145288,22.0
2015-09,IWM,4282905514.4289775,3.0
2015-09,IYR,738131517.6917666,45.0
2015-09,JNJ,825129762.8740704,39.0
2015-09,JPM,1069756648.7674108,26.0
2015-09,KMI,503910566.0355674,82.0
2015-09,KO,599148616.0299997,60.0
2015-09,LLY,438739658.2945082,99.0
2015-09,MCD,587511170.9206233,62.0
2015-09,MDLZ,480310869.8426504,85.0
2015-09,MDT,443700942.57426184,96.0
2015-09,MDY,540692345.6192744,73.0
2015-09,META,3071282720.8298216,5.0
2015-09,MRK,636716962.1860893,55.0
2015-09,MSFT,1519479869.3710327,11.0
2015-09,MU,569211690.9359448,64.0
2015-09,NFLX,2301823631.5103254,6.0
2015-09,NKE,462970412.1107071,88.0
2015-09,ORCL,592510816.9704982,61.0
2015-09,PEP,480077567.665754,86.0
2015-09,PFE,849204075.6359098,36.0
2015-09,PG,751563454.8743354,43.0
2015-09,PYPL,459503428.85034317,91.0
2015-09,QCOM,792940338.7197343,42.0
2015-09,QQQ,4232894166.4064317,4.0
2015-09,RTX,566852894.8776983,65.0
2015-09,SBUX,515268615.4160454,78.0
2015-09,SLB,732115577.4973794,46.0
2015-09,SPY,29660668839.273438,1.0
2015-09,T,1075270001.2267184,24.0
2015-09,TLT,1108668961.7196946,21.0
2015-09,TSLA,1097798359.1582434,23.0
2015-09,UNH,511284373.80023533,79.0
2015-09,UNP,506920204.9813891,81.0
2015-09,USO,435242274.5950058,100.0
2015-09,UVXY,847970635.6825397,38.0
2015-09,V,624256469.670759,56.0
2015-09,VLO,448668589.42022175,93.0
2015-09,VOO,480982759.25217885,84.0
2015-09,VWO,726901477.5022537,47.0
2015-09,VZ,710367193.0029551,49.0
2015-09,WFC,932050738.9246683,30.0
2015-09,WMT,602299106.4396449,58.0
2015-09,XLE,1233864109.447128,16.0
2015-09,XLF,946960447.3324748,29.0
2015-09,XLI,638942379.7595736,54.0
2015-09,XLK,459103688.66664344,92.0
2015-09,XLP,507715834.92761034,80.0
2015-09,XLU,551239408.2066066,71.0
2015-09,XLV,962540638.3472503,28.0
2015-09,XLY,533611764.3267435,74.0
2015-09,XOM,1165145385.9570942,20.0
2015-10,AAL,438335896.80300516,100.0
2015-10,AAPL,6887042002.23155,2.0
2015-10,ABBV,673197344.1790323,57.0
2015-10,AIG,495683962.1777368,83.0
2015-10,AMGN,643816951.1831374,61.0
2015-10,AMZN,2156792524.611579,8.0
2015-10,AVGO,455872140.27930063,94.0
2015-10,AXP,463610635.3576418,93.0
2015-10,BA,569883943.0957975,67.0
2015-10,BABA,1328906167.5332146,17.0
2015-10,BAC,1437884933.5568306,12.0
2015-10,BHC,1198938131.5379188,22.0
2015-10,BIDU,706554769.6087065,51.0
2015-10,BIIB,890105470.3553215,37.0
2015-10,BKNG,862644954.7602638,40.0
2015-10,BMY,472151876.77148485,91.0
2015-10,BRK-B,567697467.1627105,68.0
2015-10,C,992090331.3622853,30.0
2015-10,CAT,549979920.8673387,70.0
2015-10,CMCSA,816711184.5483638,41.0
2015-10,COP,520438946.4108785,79.0
2015-10,CSCO,743081925.2341255,47.0
2015-10,CVS,556554076.5960088,69.0
2015-10,CVX,962286897.6235768,33.0
2015-10,DAL,438505030.4723891,99.0
2015-10,DD,654525257.1095337,60.0
2015-10,DIA,1391847464.9744911,13.0
2015-10,DIS,1254169580.6634328,19.0
2015-10,EEM,2379844142.090764,6.0
2015-10,EFA,1352507073.93774,14.0
2015-10,EWJ,633597047.2594898,63.0
2015-10,F,448677223.79208064,97.0
2015-10,FCX,445209911.27292997,98.0
2015-10,FXI,1006258315.2456738,28.0
2015-10,GDX,989333780.77276,31.0
2015-10,GE,1329237547.03906,16.0
2015-10,GILD,1247983943.3944097,20.0
2015-10,GLD,680701380.1267473,54.0
2015-10,GM,521106410.67686534,78.0
2015-10,GOOG,1518664537.4894521,11.0
2015-10,GOOGL,1566125274.387844,10.0
2015-10,GS,611996711.015441,64.0
2015-10,HAL,495855294.54478914,82.0
2015-10,HD,656872577.0708477,59.0
2015-10,HYG,737293704.3752035,48.0
2015-10,IBB,1012601182.2735378,27.0
2015-10,IBM,678213326.272741,56.0
2015-10,INTC,982634476.238723,32.0
2015-10,IVV,1110306062.187752,24.0
2015-10,IWM,4384994373.264555,3.0
2015-10,IYR,746688151.6102382,46.0
2015-10,JNJ,881625785.2052598,39.0
2015-10,JPM,1050863484.201516,26.0
2015-10,KMI,521557099.879943,77.0
2015-10,KO,667962094.8175521,58.0
2015-10,LLY,478147800.8019947,90.0
2015-10,MCD,683764861.655535,53.0
2015-10,MDLZ,500189630.38102406,81.0
2015-10,MDT,468506060.87527806,92.0
2015-10,MDY,529610147.64857215,75.0
2015-10,META,2774551505.1795354,5.0
2015-10,MRK,706568247.6885402,50.0
2015-10,MS,452963555.08790696,96.0
2015-10,MSFT,1672362712.7069867,9.0
2015-10,MU,501552378.57577765,80.0
2015-10,NFLX,2378530751.736247,7.0
2015-10,NKE,531678399.8010302,74.0
2015-10,ORCL,592688283.7835221,66.0
2015-10,PEP,493410966.7266482,85.0
2015-10,PFE,944802227.4153793,36.0
2015-10,PG,762205774.7988504,44.0
2015-10,QCOM,680025172.2380925,55.0
2015-10,QQQ,4367364791.55891,4.0
2015-10,REGN,479822753.7697444,89.0
2015-10,RTX,495152676.38922644,84.0
2015-10,SBUX,544081170.3859056,72.0
2015-10,SLB,766225985.6170533,43.0
2015-10,SPY,29732134146.62122,1.0
2015-10,T,959656152.2835588,34.0
2015-10,TLT,1105995615.4738169,25.0
2015-10,TQQQ,455326096.5170179,95.0
2015-10,TSLA,1111901951.8195333,23.0
2015-10,UNH,528806339.78747416,76.0
2015-10,UNP,491192160.9944177,86.0
2015-10,UVXY,889112897.5873016,38.0
2015-10,V,633843044.0567138,62.0
2015-10,VOO,485503794.1878304,88.0
2015-10,VWO,761054176.3941629,45.0
2015-10,VZ,692961948.2617939,52.0
2015-10,WFC,954330859.6526736,35.0
2015-10,WMT,767047123.2463473,42.0
2015-10,XLE,1336235214.2869737,15.0
2015-10,XLF,1005496168.676948,29.0
2015-10,XLI,717909378.7998078,49.0
2015-10,XLK,488525757.50625247,87.0
2015-10,XLP,544298972.994759,71.0
2015-10,XLU,544069883.823086,73.0
2015-10,XLV,1269688326.4904082,18.0
2015-10,XLY,596547708.4904867,65.0
2015-10,XOM,1211355154.719943,21.0
2015-11,AAPL,5568931142.018019,2.0
2015-11,ABBV,605425888.6821444,60.0
2015-11,AIG,493161741.5371365,73.0
2015-11,AMGN,590149325.9043133,63.0
2015-11,AMZN,2422796130.9945245,7.0
2015-11,AVGO,421123048.4773394,94.0
2015-11,BA,499132041.7689248,71.0
2015-11,BABA,1507323901.5025365,12.0
2015-11,BAC,1317302643.5050964,15.0
2015-11,BHC,1578004259.6522982,11.0
2015-11,BIDU,779654663.0482023,41.0
2015-11,BIIB,805440754.8631941,38.0
2015-11,BKNG,885106958.9887346,32.0
2015-11,BMY,448739394.12177557,85.0
2015-11,BRK-B,488147018.5804821,75.0
2015-11,C,908754196.0996174,31.0
2015-11,CAT,485860239.2115275,77.0
2015-11,CMCSA,667419781.9815015,52.0
2015-11,CMG,492161438.9626185,74.0
2015-11,COP,446880539.6729666,88.0
2015-11,CSCO,728973877.6245087,43.0
2015-11,CVS,537368349.3825155,67.0
2015-11,CVX,876483500.1266963,34.0
2015-11,DAL,424604298.1259361,91.0
2015-11,DD,678452221.7671576,47.0
2015-11,DIA,1144938072.8131976,19.0
2015-11,DIS,942112609.6857222,26.0
2015-11,EEM,2153147361.3909645,8.0
2015-11,EFA,1211921889.9382696,17.0
2015-11,EWJ,516207726.2267325,69.0
2015-11,F,423278583.22908616,92.0
2015-11,FCX,403979937.07466274,100.0
2015-11,FXI,884103316.5511721,33.0
2015-11,GDX,854624359.7347775,36.0
2015-11,GE,2609872752.001854,6.0
2015-11,GILD,1122964985.8194988,20.0
2015-11,GLD,603423232.9628233,61.0
2015-11,GM,463271200.9103472,81.0
2015-11,GOOG,1389007135.7530866,14.0
2015-11,GOOGL,1453685400.1849341,13.0
2015-11,GS,573010954.5295594,64.0
2015-11,HAL,438532380.7379889,90.0
2015-11,HD,637007100.6456163,57.0
2015-11,HYG,706235532.9713004,45.0
2015-11,IBB,941949771.8131655,27.0
2015-11,IBM,650750579.7505181,54.0
2015-11,ILMN,407231520.93100655,97.0
2015-11,INTC,927327041.2567229,29.0
2015-11,IVV,989542556.7493014,23.0
2015-11,IWM,3912417535.2461195,3.0
2015-11,IYR,675158414.8635743,49.0
2015-11,JNJ,796977102.7138362,39.0
2015-11,JPM,939320958.9725555,28.0
2015-11,KMI,505850541.1199963,70.0
2015-11,KO,628895248.0892121,58.0
2015-11,LLY,455524397.2278777,84.0
2015-11,MCD,711539664.9803525,44.0
2015-11,MDT,455533473.47797215,83.0
2015-11,MDY,475197733.4259033,78.0
2015-11,META,2724396097.4782915,5.0
2015-11,MRK,639148247.4909593,56.0
2015-11,MS,418845824.01651657,95.0
2015-11,MSFT,1707956806.4541466,10.0
2015-11,MU,423199976.253396,93.0
2015-11,NFLX,2137228244.6545346,9.0
2015-11,NKE,553468841.1378528,65.0
2015-11,ORCL,601663453.0731262,62.0
2015-11,PEP,448097476.24175054,86.0
2015-11,PFE,1103642735.1426702,22.0
2015-11,PG,671694059.0648954,50.0
2015-11,QCOM,678197446.6126881,48.0
2015-11,QQQ,3699671387.0349946,4.0
2015-11,REGN,463116323.20963544,82.0
2015-11,RTX,446946683.84141207,87.0
2015-11,SBUX,494546587.4037364,72.0
2015-11,SLB,641864673.3765376,55.0
2015-11,SPY,24608942270.404587,1.0
2015-11,T,785873733.508295,40.0
2015-11,TGT,417737357.3226687,96.0
2015-11,TLT,973158663.9378744,24.0
2015-11,TQQQ,405989961.16254896,99.0
2015-11,TSLA,953308421.1480277,25.0
2015-11,UAL,406012054.013885,98.0
2015-11,UNH,524283338.04247415,68.0
2015-11,UNP,465214176.0956537,79.0
2015-11,UVXY,834162699.4920635,37.0
2015-11,V,663964574.6919905,53.0
2015-11,VWO,668377722.5665804,51.0
2015-11,VZ,618411631.5828536,59.0
2015-11,WFC,868290244.1636221,35.0
2015-11,WMT,737179680.1041285,42.0
2015-11,XLE,1195755834.5959678,18.0
2015-11,XLF,926788062.2607687,30.0
2015-11,XLI,688707886.2109957,46.0
2015-11,XLK,442086300.9587848,89.0
2015-11,XLP,463847694.01579964,80.0
2015-11,XLU,487808117.1774304,76.0
2015-11,XLV,1216505801.9377089,16.0
2015-11,XLY,541588125.135779,66.0
2015-11,XOM,1115459258.56781,21.0
2015-12,AAPL,4937350133.024355,2.0
2015-12,ABBV,518694951.46980894,70.0
2015-12,AIG,531941246.2113941,69.0
2015-12,AMGN,543517650.4828801,67.0
2015-12,AMZN,2715256415.016901,6.0
2015-12,AVGO,445824087.2492412,85.0
2015-12,AXP,400646436.0895914,98.0
2015-12,BA,505441934.16222465,71.0
2015-12,BABA,1461253672.9027097,13.0
2015-12,BAC,1339766941.5062103,16.0
2015-12,BHC,1630729262.5180805,11.0
2015-12,BIDU,804481666.9174922,37.0
2015-12,BIIB,674948785.9574091,51.0
2015-12,BKNG,813681507.4602762,36.0
2015-12,BRK-B,458005932.131958,81.0
2015-12,C,869193062.4474117,30.0
2015-12,CAT,435590836.5310669,88.0
2015-12,CMCSA,602551359.6445552,59.0
2015-12,CMG,747017557.4787079,41.0
2015-12,COP,445903737.5794668,84.0
2015-12,CSCO,705361040.1817443,48.0
2015-12,CVS,544278028.2498193,66.0
2015-12,CVX,933916074.4762118,27.0
2015-12,DAL,440377384.55330986,86.0
2015-12,DD,676082636.0997609,49.0
2015-12,DIA,1092834087.5287738,20.0
2015-12,DIS,1018988375.7720463,21.0
2015-12,EEM,2150945626.9670277,8.0
2015-12,EFA,1334796352.2517674,17.0
2015-12,EWJ,436964287.35898185,87.0
2015-12,FXI,849085552.653897,32.0
2015-12,GDX,865172045.0187895,31.0
2015-12,GE,2766415849.1676846,5.0
2015-12,GILD,984669768.528578,24.0
2015-12,GLD,603048105.5602906,58.0
2015-12,GM,417041577.89817387,90.0
2015-12,GOOG,1417637949.6117244,14.0
2015-12,GOOGL,1517816316.1129422,12.0
2015-12,GS,533443282.9607282,68.0
2015-12,HAL,451735687.2791956,83.0
2015-12,HD,613049201.0456994,57.0
2015-12,HYG,995804520.2826848,23.0
2015-12,IBB,721946964.4167582,46.0
2015-12,IBM,666841301.8124216,53.0
2015-12,ILMN,393093990.97331285,100.0
2015-12,INTC,834542197.4428298,33.0
2015-12,IVV,920325056.1232551,28.0
2015-12,IWM,3809274811.3162208,3.0
2015-12,IYR,668962493.865228,52.0
2015-12,JNJ,748958358.2278539,40.0
2015-12,JNK,473519558.06098807,76.0
2015-12,JPM,907991366.7543684,29.0
2015-12,KMI,737606145.8646623,43.0
2015-12,KO,597007624.761757,60.0
2015-12,LLY,408679770.76996094,93.0
2015-12,MCD,727274810.7866439,45.0
2015-12,MDT,411642260.709042,91.0
2015-12,MDY,465544436.0771785,78.0
2015-12,META,2496855581.969488,7.0
2015-12,MRK,572647907.1129582,64.0
2015-12,MS,406330165.6796713,94.0
2015-12,MSFT,1918375605.8596718,10.0
2015-12,MU,393759738.4775192,99.0
2015-12,NFLX,1934841512.5660517,9.0
2015-12,NKE,579677733.5851154,62.0
2015-12,NXPI,409072154.8775325,92.0
2015-12,ORCL,585798729.6110971,61.0
2015-12,PEP,434595841.9865926,89.0
2015-12,PFE,1173814632.2803738,19.0
2015-12,PG,665655847.5512308,54.0
2015-12,QCOM,734021112.85358,44.0
2015-12,QQQ,3540266430.6384497,4.0
2015-12,REGN,402567340.6711639,97.0
2015-12,RTX,467529942.43738246,77.0
2015-12,SBUX,486967631.96489847,73.0
2015-12,SLB,616390707.3588538,56.0
2015-12,SPY,23617386869.902237,1.0
2015-12,SYF,451791913.25011784,82.0
2015-12,T,772812253.9974562,38.0
2015-12,TGT,405942491.0371084,95.0
2015-12,TLT,948900276.4127338,26.0
2015-12,TSLA,832755190.5579568,34.0
2015-12,UNH,482162379.3482463,74.0
2015-12,UNP,480487212.22612894,75.0
2015-12,UVXY,738804960.3174603,42.0
2015-12,V,675531430.5585588,50.0
2015-12,VOO,404916279.06634617,96.0
2015-12,VWO,650251776.6668652,55.0
2015-12,VZ,579401192.9296645,63.0
2015-12,WFC,815174476.2846689,35.0
2015-12,WMT,749666864.3077033,39.0
2015-12,XLE,1345246826.5855336,15.0
2015-12,XLF,970324586.0107241,25.0
2015-12,XLI,715882560.0661081,47.0
2015-12,XLK,459893115.36223394,80.0
2015-12,XLP,464826527.0445566,79.0
2015-12,XLU,496851542.6495022,72.0
2015-12,XLV,1008090625.54136,22.0
2015-12,XLY,557361625.2561054,65.0
2015-12,XOM,1183853108.9897518,18.0
2016-01,AAPL,5214422314.657327,2.0
2016-01,ABBV,528145835.12167555,80.0
2016-01,AIG,585458088.9562334,66.0
2016-01,AMGN,559197800.8458213,72.0
2016-01,AMZN,3190722919.122968,5.0
2016-01,AVGO,574294704.1885437,69.0
2016-01,AXP,497660448.3067649,84.0
2016-01,BA,592605892.0690749,65.0
2016-01,BABA,1463654615.0606792,15.0
2016-01,BAC,1538228044.6321003,13.0
2016-01,BHC,1158746476.9817412,21.0
2016-01,BIDU,810684741.3502526,38.0
2016-01,BIIB,558533518.4112065,73.0
2016-01,BKNG,871541475.0253587,35.0
2016-01,BRK-B,540419331.2193977,78.0
2016-01,C,1005658552.5160774,29.0
2016-01,CAT,450771481.66439724,91.0
2016-01,CMCSA,658254192.5188524,56.0
2016-01,CMG,869802804.6076639,36.0
2016-01,COP,506302116.87745595,83.0
2016-01,CSCO,808983869.317627,40.0
2016-01,CVS,554155223.0052524,75.0
2016-01,CVX,1030167168.7446716,27.0
2016-01,DAL,466969691.2409343,87.0
2016-01,DD,580580665.1941315,68.0
2016-01,DIA,1322933289.1594782,18.0
2016-01,DIS,1125949392.8733704,23.0
2016-01,EEM,2141111932.1778405,8.0
2016-01,EFA,1596464737.0924995,12.0
2016-01,EWJ,508486903.52925646,82.0
2016-01,F,460283597.51419187,89.0
2016-01,FXI,933900585.7416031,31.0
2016-01,GDX,736707053.5530424,49.0
2016-01,GE,2693928603.3601336,7.0
2016-01,GILD,979722404.6189566,30.0
2016-01,GLD,630350808.5127573,60.0
2016-01,GM,445094688.78377885,92.0
2016-01,GOOG,1481179812.71217,14.0
2016-01,GOOGL,1639192912.5212412,11.0
2016-01,GS,616328195.7053291,62.0
2016-01,HAL,444951410.2247723,93.0
2016-01,HD,740953574.4305686,47.0
2016-01,HYG,1127360733.3288767,22.0
2016-01,IBB,660144812.6937503,55.0
2016-01,IBM,671904735.763512,54.0
2016-01,INTC,809905452.1564484,39.0
2016-01,IVV,1070522276.2395465,24.0
2016-01,IWM,4205033163.9557853,3.0
2016-01,IYR,762499465.844012,45.0
2016-01,JNJ,827903436.9176835,37.0
2016-01,JNK,484362265.3262929,86.0
2016-01,JPM,1059454928.9910877,25.0
2016-01,KMI,745371552.0040754,46.0
2016-01,KO,593774005.8805798,64.0
2016-01,MA,434302353.75821555,96.0
2016-01,MCD,770804258.8752505,44.0
2016-01,MDT,435210959.82984513,95.0
2016-01,MDY,620929862.9484147,61.0
2016-01,META,3003263211.2350826,6.0
2016-01,MRK,565435339.643881,71.0
2016-01,MS,415522034.9049008,100.0
2016-01,MSFT,2098897762.8115637,9.0
2016-01,NFLX,2075625886.8795123,10.0
2016-01,NKE,611591988.7308091,63.0
2016-01,ORCL,640753162.0275407,59.0
2016-01,PEP,452477995.31409854,90.0
2016-01,PFE,1239708240.502101,19.0
2016-01,PG,738494651.3652015,48.0
2016-01,QCOM,781457172.3683131,42.0
2016-01,QQQ,4194064521.319677,4.0
2016-01,REGN,418756529.1269454,99.0
2016-01,RTX,528259609.125861,79.0
2016-01,SBUX,581169601.9251021,67.0
2016-01,SLB,652666919.7025421,58.0
2016-01,SPY,27887932350.61408,1.0
2016-01,SYF,497174970.59369767,85.0
2016-01,T,885605085.7867,34.0
2016-01,TLT,1056303871.4143783,26.0
2016-01,TQQQ,432919954.004651,97.0
2016-01,TSLA,773217090.3383436,43.0
2016-01,UNH,461778403.3148024,88.0
2016-01,UNP,527756198.8993448,81.0
2016-01,USO,439944558.82459426,94.0
2016-01,UVXY,1011261309.5238096,28.0
2016-01,V,797891550.824241,41.0
2016-01,VLO,429181319.0485515,98.0
2016-01,VOO,545124953.8399348,76.0
2016-01,VWO,700565475.3856235,52.0
2016-01,VZ,694634618.7926217,53.0
2016-01,WFC,928504236.4597079,32.0
2016-01,WMT,717791082.8589575,51.0
2016-01,XLE,1458460448.0155036,16.0
2016-01,XLF,1162082461.9411209,20.0
2016-01,XLI,727198141.244858,50.0
2016-01,XLK,542167950.7368664,77.0
2016-01,XLP,566723355.8102623,70.0
2016-01,XLU,555940060.8324142,74.0
2016-01,XLV,910536484.3316094,33.0
2016-01,XLY,657786402.4856446,57.0
2016-01,XOM,1341326553.8695562,17.0
2016-02,AAPL,4944428195.677234,2.0
2016-02,ABBV,512351323.9945003,83.0
2016-02,AIG,580797060.2392045,76.0
2016-02,AMGN,585105237.0655363,74.0
2016-02,AMZN,3321335397.678981,6.0
2016-02,AVGO,634822591.7799814,66.0
2016-02,AXP,505120456.9632031,84.0
2016-02,BA,743420602.1902539,53.0
2016-02,BABA,1282235960.847582,20.0
2016-02,BAC,1813197387.6816175,11.0
2016-02,BHC,813120282.2210644,42.0
2016-02,BIDU,730837575.5190653,54.0
2016-02,BIIB,512914882.8666566,82.0
2016-02,BKNG,852584080.204888,38.0
2016-02,BMY,437005418.07795936,100.0
2016-02,BRK-B,605995515.0525532,70.0
2016-02,C,1092620755.288006,27.0
2016-02,CAT,460719304.1587466,93.0
2016-02,CMCSA,765003160.8825395,49.0
2016-02,CMG,865806925.4317359,37.0
2016-02,COP,584724151.1759652,75.0
2016-02,CSCO,799330743.8430454,45.0
2016-02,CVS,526949303.77348644,81.0
2016-02,CVX,1081144082.8628056,29.0
2016-02,DAL,487862712.65550643,88.0
2016-02,DD,561090273.4688692,79.0
2016-02,DIA,1414743096.7040532,17.0
2016-02,DIS,1112024755.8488634,25.0
2016-02,EEM,2117448018.24253,8.0
2016-02,EFA,1739544457.5089166,13.0
2016-02,EWJ,579844069.3669213,77.0
2016-02,F,501914069.2534659,85.0
2016-02,FXI,977316863.6346817,34.0
2016-02,GDX,1050697632.543311,30.0
2016-02,GE,1509437156.030588,15.0
2016-02,GILD,1101473486.8562608,26.0
2016-02,GLD,1031584920.6060985,32.0
2016-02,GM,471523822.2533241,91.0
2016-02,GOOG,1805568041.8990605,12.0
2016-02,GOOGL,1953964636.1071875,10.0
2016-02,GS,749660291.1463662,50.0
2016-02,HD,780883571.1529323,47.0
2016-02,HYG,1284592611.5865314,19.0
2016-02,IBB,672426382.7262515,63.0
2016-02,IBM,697606015.6682338,61.0
2016-02,INTC,798614612.9955807,46.0
2016-02,IVV,1089791142.616926,28.0
2016-02,IWM,4393592915.943424,4.0
2016-02,IYR,744579267.7683392,52.0
2016-02,JNJ,945874438.7366765,35.0
2016-02,JNK,493730928.45018935,87.0
2016-02,JPM,1218836365.6568677,22.0
2016-02,KMI,728236349.1784762,55.0
2016-02,KO,631557549.7494228,67.0
2016-02,LQD,458654091.17339605,94.0
2016-02,MA,448746768.27461606,97.0
2016-02,MCD,845900742.5574772,39.0
2016-02,MDLZ,464440797.5550334,92.0
2016-02,MDT,454595483.3367968,95.0
2016-02,MDY,594919662.6367962,73.0
2016-02,META,3505120189.9870977,5.0
2016-02,MRK,599046640.3914574,71.0
2016-02,MS,447752103.3017022,98.0
2016-02,MSFT,2187383195.6331162,7.0
2016-02,NFLX,2036328241.0727153,9.0
2016-02,NKE,643773852.8435904,65.0
2016-02,ORCL,630931525.1157367,68.0
2016-02,PEP,482335073.54477173,89.0
2016-02,PFE,1156916881.1250377,24.0
2016-02,PG,803070664.3810453,44.0
2016-02,QCOM,694749669.0558479,62.0
2016-02,QQQ,4678094042.001742,3.0
2016-02,RTX,663667632.276778,64.0
2016-02,SBUX,625569987.6732962,69.0
2016-02,SLB,701526865.5851274,58.0
2016-02,SPY,30107545133.132812,1.0
2016-02,T,1017161750.2181476,33.0
2016-02,TLT,1245824549.479651,21.0
2016-02,TQQQ,500726896.36274976,86.0
2016-02,TSLA,845881619.901816,40.0
2016-02,UNH,443859876.33131725,99.0
2016-02,UNP,529377864.9327112,80.0
2016-02,USO,474731042.574642,90.0
2016-02,UVXY,1193391269.8412697,23.0
2016-02,V,803073608.0991472,43.0
2016-02,VLO,451703956.6905249,96.0
2016-02,VOO,575735506.4325726,78.0
2016-02,VWO,724441912.0456483,56.0
2016-02,VZ,840451766.5160769,41.0
2016-02,WFC,1042521168.6311631,31.0
2016-02,WMT,776438785.7907522,48.0
2016-02,XLE,1632916948.0237567,14.0
2016-02,XLF,1377570248.1123207,18.0
2016-02,XLI,746803175.4135435,51.0
2016-02,XLK,598627368.5375698,72.0
2016-02,XLP,697822146.6983311,60.0
2016-02,XLU,698636172.5657508,59.0
2016-02,XLV,934390961.3351852,36.0
2016-02,XLY,714570881.1290075,57.0
2016-02,XOM,1444795781.179204,16.0
2016-03,AAPL,4558593114.344751,2.0
2016-03,ABBV,490045547.6863922,82.0
2016-03,AIG,529772829.1635362,77.0
2016-03,AMGN,605981111.2693908,70.0
2016-03,AMZN,3212590139.0704203,6.0
2016-03,AVGO,657999386.5172825,61.0
2016-03,AXP,489296968.953281,84.0
2016-03,BA,777115097.8028433,47.0
2016-03,BABA,1011253035.9311785,31.0
2016-03,BAC,1843602275.9560494,11.0
2016-03,BHC,913282634.9956785,37.0
2016-03,BIDU,575953389.039636,73.0
2016-03,BIIB,508078593.8267299,79.0
2016-03,BKNG,865453322.4985335,41.0
2016-03,BMY,461251704.3416523,94.0
2016-03,BRK-B,609555271.8952482,69.0
2016-03,C,1102898666.341812,27.0
2016-03,CAT,475732598.8788302,90.0
2016-03,CMCSA,711766363.2690688,54.0
2016-03,CMG,775106238.902864,48.0
2016-03,COP,585898623.08316,71.0
2016-03,CSCO,798066920.2231967,45.0
2016-03,CVS,489871943.7698849,83.0
2016-03,CVX,1021539442.6024059,30.0
2016-03,DAL,469168617.3605722,91.0
2016-03,DIA,1221466071.3690622,23.0
2016-03,DIS,898779798.0685401,38.0
2016-03,EEM,2178733667.537081,7.0
2016-03,EFA,1578392107.804035,14.0
2016-03,EWJ,566356028.9150965,75.0
2016-03,F,523335247.76748174,78.0
2016-03,FXI,920224695.0616382,36.0
2016-03,GDX,1442703498.8340771,15.0
2016-03,GE,1314745368.6908312,18.0
2016-03,GILD,1164732476.682342,25.0
2016-03,GLD,1314224700.3798227,19.0
2016-03,GM,468775006.50564224,92.0
2016-03,GOOG,1769144596.1383638,12.0
2016-03,GOOGL,1933355778.80048,9.0
2016-03,GS,773152926.3205876,49.0
2016-03,HD,751605481.3925244,51.0
2016-03,HYG,1198059046.7839074,24.0
2016-03,IBB,693911323.5580081,57.0
2016-03,IBM,726669215.2947346,53.0
2016-03,INTC,798644254.2494819,44.0
2016-03,IVV,983878709.1729058,33.0
2016-03,IWM,4344377512.1742735,4.0
2016-03,IYR,691928502.9643588,58.0
2016-03,JNJ,972379683.9216565,34.0
2016-03,JNK,467936037.7165337,93.0
2016-03,JPM,1226661206.1422498,22.0
2016-03,KMI,478027545.25347364,89.0
2016-03,KO,679595790.7220447,60.0
2016-03,LQD,481234037.0456393,87.0
2016-03,MA,452044963.40013534,98.0
2016-03,MCD,892014682.8457787,39.0
2016-03,MDLZ,484884087.3522077,86.0
2016-03,MDT,456187314.93938386,95.0
2016-03,MDY,610764516.8258183,68.0
2016-03,META,3695292574.7675576,5.0
2016-03,MRK,579442617.0692252,72.0
2016-03,MS,454580650.97377414,96.0
2016-03,MSFT,2021211203.0991206,8.0
2016-03,NFLX,1894921876.4330547,10.0
2016-03,NKE,627303568.0176871,66.0
2016-03,ORCL,631361374.4332935,64.0
2016-03,PEP,500214743.58806306,80.0
2016-03,PFE,1257308734.0719717,20.0
2016-03,PG,824084332.9835316,43.0
2016-03,PM,453566566.8529813,97.0
2016-03,QCOM,632616790.2411325,63.0
2016-03,QQQ,4367782212.268805,3.0
2016-03,RTX,630172421.9412174,65.0
2016-03,SBUX,623078766.3117605,67.0
2016-03,SLB,698724816.2657057,56.0
2016-03,SPY,28111895420.614647,1.0
2016-03,T,1037127704.857887,29.0
2016-03,TGT,430514836.67990065,100.0
2016-03,TLT,1229054323.7397451,21.0
2016-03,TQQQ,492815759.7131093,81.0
2016-03,TSLA,986382984.743981,32.0
2016-03,UNH,440112870.6248571,99.0
2016-03,UNP,488604069.1012065,85.0
2016-03,USO,479980908.3007768,88.0
2016-03,UVXY,1118808531.7460318,26.0
2016-03,V,784133646.1574979,46.0
2016-03,VOO,543174899.731639,76.0
2016-03,VWO,651687023.2272921,62.0
2016-03,VZ,875419279.4518789,40.0
2016-03,WFC,1055799588.7370276,28.0
2016-03,WMT,771505931.3552039,50.0
2016-03,XLE,1578483063.6439369,13.0
2016-03,XLF,1409379940.8769565,16.0
2016-03,XLI,701863608.2345992,55.0
2016-03,XLK,571821755.1163689,74.0
2016-03,XLP,736502366.7364756,52.0
2016-03,XLU,827000076.9020202,42.0
2016-03,XLV,942573448.6409262,35.0
2016-03,XLY,679990227.3856875,59.0
2016-03,XOM,1375114286.0607328,17.0
2016-04,AAPL,3913778088.0050054,2.0
2016-04,ABBV,418402687.2653053,94.0
2016-04,AIG,451188695.91762,80.0
2016-04,AMGN,534749780.95921105,67.0
2016-04,AMZN,2659379005.1552305,6.0
2016-04,AVGO,509636865.8793767,73.0
2016-04,BA,698108637.3398069,46.0
2016-04,BABA,868289524.2603605,33.0
2016-04,BAC,1671634335.4246337,12.0
2016-04,BHC,1051460344.4485861,26.0
2016-04,BIDU,510657154.9202571,72.0
2016-04,BIIB,476123727.53136045,77.0
2016-04,BKNG,765235798.3481694,42.0
2016-04,BMY,415355236.86064464,95.0
2016-04,BRK-B,527160447.0038883,68.0
2016-04,C,983267514.1180311,27.0
2016-04,CAT,448468505.51589483,82.0
2016-04,CHTR,442315454.0656438,85.0
2016-04,CMCSA,675685515.1206859,52.0
2016-04,CMG,653436847.5820148,54.0
2016-04,COP,512531242.24810827,71.0
2016-04,CSCO,682468244.491129,50.0
2016-04,CVS,442169683.55290246,86.0
2016-04,CVX,877032600.8221823,32.0
2016-04,DAL,446512947.73962235,84.0
2016-04,DIA,834626258.7624444,36.0
2016-04,DIS,773489925.2949669,41.0
2016-04,DVN,400641135.6813189,100.0
2016-04,EEM,2140532261.6691773,7.0
2016-04,EFA,1330684789.8022,17.0
2016-04,EWJ,521905177.43139416,69.0
2016-04,F,458029749.8697402,79.0
2016-04,FCX,477182840.03866816,76.0
2016-04,FXI,785025219.808091,39.0
2016-04,GDX,1784989563.1311903,10.0
2016-04,GE,1065173611.1605084,25.0
2016-04,GILD,1115185534.2238653,21.0
2016-04,GLD,1490177674.4694421,15.0
2016-04,GM,405733079.1064035,99.0
2016-04,GOOG,1693622145.3130813,11.0
2016-04,GOOGL,1842903909.0549529,8.0
2016-04,GS,690587251.9314721,47.0
2016-04,HD,629652578.2982842,58.0
2016-04,HON,414378904.1608577,96.0
2016-04,HYG,1078729190.6059144,24.0
2016-04,IBB,633531659.0842474,57.0
2016-04,IBM,680257513.8051382,51.0
2016-04,INTC,739555353.9384207,44.0
2016-04,IVV,779956392.6538861,40.0
2016-04,IWM,3550794423.3276854,4.0
2016-04,IYR,602635525.8565146,59.0
2016-04,JNJ,904092341.5405273,30.0
2016-04,JNK,423989118.25406176,91.0
2016-04,JPM,1104743732.4227228,22.0
2016-04,KO,686106714.0704987,49.0
2016-04,LQD,463809450.6255619,78.0
2016-04,MCD,798633735.3142754,38.0
2016-04,MDLZ,427377215.49487644,88.0
2016-04,MDT,422313467.6350911,92.0
2016-04,MDY,447598593.81171334,83.0
2016-04,META,3703769208.738333,3.0
2016-04,MRK,521821473.13366795,70.0
2016-04,MS,426548182.2585091,90.0
2016-04,MSFT,1797637198.6727517,9.0
2016-04,NFLX,1582671510.7136984,13.0
2016-04,NKE,591701209.8216647,60.0
2016-04,ORCL,543993370.0521439,66.0
2016-04,PEP,485993760.18796647,75.0
2016-04,PFE,1499523133.491886,14.0
2016-04,PG,740851073.3818418,43.0
2016-04,PM,448966730.0742982,81.0
2016-04,QCOM,559478647.674385,61.0
2016-04,QQQ,3479445801.899562,5.0
2016-04,RTX,557403290.4402277,63.0
2016-04,SBUX,556442657.1558756,64.0
2016-04,SLB,653105625.51255,55.0
2016-04,SPY,22543797339.575417,1.0
2016-04,T,923945689.6392998,29.0
2016-04,TLT,1095591798.2240949,23.0
2016-04,TQQQ,407798908.5170019,98.0
2016-04,TSLA,1243044213.480291,19.0
2016-04,UNH,421405809.7541567,93.0
2016-04,UNP,431293255.7896932,87.0
2016-04,USO,410420202.82880557,97.0
2016-04,UVXY,864197023.8095238,34.0
2016-04,V,687436496.3012817,48.0
2016-04,VOO,426757030.936444,89.0
2016-04,VWO,558118430.1062993,62.0
2016-04,VZ,810834750.0989702,37.0
2016-04,WFC,960900701.2898339,28.0
2016-04,WMT,647694890.1643299,56.0
2016-04,XLE,1393437328.0339558,16.0
2016-04,XLF,1267354687.2005131,18.0
2016-04,XLI,668405441.5219685,53.0
2016-04,XLK,487377789.93473357,74.0
2016-04,XLP,701252841.4580815,45.0
2016-04,XLU,877651477.4745033,31.0
2016-04,XLV,855969998.753696,35.0
2016-04,XLY,554702706.6570221,65.0
2016-04,XOM,1145828602.8275142,20.0
2016-05,AAPL,3957676492.897191,2.0
2016-05,ABBV,454820300.8162544,75.0
2016-05,AIG,383670909.8397028,96.0
2016-05,AMGN,477128907.8374469,69.0
2016-05,AMZN,2577131402.133639,6.0
2016-05,AVGO,420862976.18190825,87.0
2016-05,BA,579940787.4682472,58.0
2016-05,BABA,1001237784.9214947,21.0
2016-05,BAC,1337360804.3104126,14.0
2016-05,BAX,444217693.9002749,77.0
2016-05,BHC,1103746848.238288,19.0
2016-05,BIDU,596935749.9333942,54.0
2016-05,BIIB,432720875.77689034,82.0
2016-05,BKNG,675843853.9636703,41.0
2016-05,BMY,404754007.6571328,90.0
2016-05,BRK-B,463602025.9352911,72.0
2016-05,C,884935671.6294788,28.0
2016-05,CAT,439651599.8308696,79.0
2016-05,CHTR,669132716.0649618,42.0
2016-05,CMCSA,589468609.729,57.0
2016-05,CMG,543216077.907426,61.0
2016-05,COP,422365701.01987445,85.0
2016-05,COST,383000041.1999899,98.0
2016-05,CSCO,641482782.1932626,45.0
2016-05,CVS,440908935.9997825,78.0
2016-05,CVX,755047684.0462215,35.0
2016-05,DAL,436435888.77660966,81.0
2016-05,DIA,592906320.9530785,56.0
2016-05,DIS,741161806.6620721,36.0
2016-05,EEM,2213158715.688033,7.0
2016-05,EFA,1250293715.002738,16.0
2016-05,EWJ,454103928.10741305,76.0
2016-05,F,408903893.64682907,89.0
2016-05,FCX,526078576.3689677,63.0
2016-05,FXI,765478149.4209622,34.0
2016-05,GDX,1911813962.8992171,8.0
2016-05,GDXJ,423277701.18741536,84.0
2016-05,GE,949911290.9082876,25.0
2016-05,GILD,972618149.3073479,24.0
2016-05,GLD,1270484255.7838802,15.0
2016-05,GOOG,1341328989.6476383,13.0
2016-05,GOOGL,1417581870.5286903,10.0
2016-05,GS,529361502.05761135,62.0
2016-05,HAL,419897046.2395138,88.0
2016-05,HD,598410900.5357772,53.0
2016-05,HYG,1054767169.4327339,20.0
2016-05,IBB,554307588.4096419,60.0
2016-05,IBM,633750698.6500862,46.0
2016-05,INTC,691371400.0100847,39.0
2016-05,IVV,697933581.4305139,38.0
2016-05,IWM,3286679170.51193,3.0
2016-05,IYR,602591446.6771564,52.0
2016-05,JNJ,813181678.5592337,31.0
2016-05,JPM,934835081.7804549,26.0
2016-05,KO,633201820.2098604,47.0
2016-05,LQD,455121236.2838745,74.0
2016-05,MCD,717505033.5032872,37.0
2016-05,MDT,395216177.7802967,92.0
2016-05,MDY,438611300.7327125,80.0
2016-05,META,3055677787.218984,4.0
2016-05,MO,379828209.31217253,100.0
2016-05,MRK,473396688.86693525,70.0
2016-05,MS,391698524.1201431,94.0
2016-05,MSFT,1536157397.7381935,9.0
2016-05,NFLX,1395375699.0052328,12.0
2016-05,NKE,561473456.5598443,59.0
2016-05,ORCL,491409427.22640264,66.0
2016-05,PEP,477796838.2330758,68.0
2016-05,PFE,1411183572.7031791,11.0
2016-05,PG,656661956.029341,43.0
2016-05,PM,420977703.3171275,86.0
2016-05,QCOM,524128355.8711218,64.0
2016-05,QQQ,2831933800.2146645,5.0
2016-05,RTX,395161332.1787563,93.0
2016-05,SBUX,490888219.19417006,67.0
2016-05,SLB,594984006.4781795,55.0
2016-05,SPY,19282697660.376072,1.0
2016-05,T,814350574.4908073,30.0
2016-05,TGT,455766414.1847641,73.0
2016-05,TLT,920708634.4217694,27.0
2016-05,TSLA,1226307388.7978735,17.0
2016-05,UNH,398083618.1299724,91.0
2016-05,UNP,391088123.68144685,95.0
2016-05,UVXY,654856746.031746,44.0
2016-05,V,616477387.29001,49.0
2016-05,VOO,381026763.6095804,99.0
2016-05,VWO,518744413.6533465,65.0
2016-05,VZ,682086760.8351753,40.0
2016-05,WFC,868814758.8948083,29.0
2016-05,WMT,611279661.0938208,51.0
2016-05,XBI,383665035.12386143,97.0
2016-05,XLE,1154965108.6643825,18.0
2016-05,XLF,988161803.1735305,22.0
2016-05,XLI,623586058.91763,48.0
2016-05,XLK,430947790.59077066,83.0
2016-05,XLP,616402864.4988953,50.0
2016-05,XLU,795257756.521128,32.0
2016-05,XLV,779854809.2250158,33.0
2016-05,XLY,465054730.7178679,71.0
2016-05,XOM,978065409.5668126,23.0
2016-06,AAPL,3948371112.881724,2.0
2016-06,ABBV,536916145.4154726,60.0
2016-06,ABT,406943123.1330448,96.0
2016-06,AMGN,441770652.7619377,83.0
2016-06,AMZN,2588455325.702546,6.0
2016-06,AVGO,413016447.0761768,94.0
2016-06,BA,569978666.7669266,58.0
2016-06,BABA,1192319464.0674772,18.0
2016-06,BAC,1325878692.9532475,13.0
2016-06,BAX,462887587.4728854,78.0
2016-06,BHC,920616544.4540114,27.0
2016-06,BIDU,639729880.5604239,48.0
2016-06,BIIB,491632435.20987374,69.0
2016-06,BKNG,822313594.2719475,33.0
2016-06,BMY,422474431.43580604,88.0
2016-06,BRK-B,479129156.93751746,73.0
2016-06,C,971928835.3295281,25.0
2016-06,CAT,398503521.7721122,98.0
2016-06,CHTR,729016678.5153828,37.0
2016-06,CMCSA,594283768.8102163,54.0
2016-06,CMG,459412923.43393207,79.0
2016-06,COST,398777060.36616737,97.0
2016-06,CSCO,649106208.7391384,46.0
2016-06,CVS,486866139.5044478,70.0
2016-06,CVX,689156935.8167375,43.0
2016-06,DAL,468133142.34065104,77.0
2016-06,DIA,608957872.008793,50.0
2016-06,DIS,760036092.8645543,35.0
2016-06,EEM,2285615136.7426014,7.0
2016-06,EFA,1543488932.9116578,10.0
2016-06,EWJ,474648175.82882774,75.0
2016-06,F,418237783.6351788,90.0
2016-06,FCX,492663565.8118702,68.0
2016-06,FXI,822353994.1119452,32.0
2016-06,GDX,1990396421.8320603,8.0
2016-06,GDXJ,521090871.91310155,64.0
2016-06,GE,1005083243.3996183,23.0
2016-06,GILD,866798286.5576366,29.0
2016-06,GLD,1386096223.9785936,12.0
2016-06,GOOG,1304075739.9317424,14.0
2016-06,GOOGL,1404419203.6004446,11.0
2016-06,GS,517660018.3016338,65.0
2016-06,HAL,444366199.62734044,82.0
2016-06,HD,638214229.0215023,49.0
2016-06,HYG,1158470398.4767127,19.0
2016-06,IBB,534081163.7624468,63.0
2016-06,IBM,575136077.7482162,56.0
2016-06,INTC,702999118.3505497,41.0
2016-06,IVV,750149793.5306852,36.0
2016-06,IWM,3363509235.5878434,3.0
2016-06,IYR,644203913.2337661,47.0
2016-06,JNJ,827002042.5457909,31.0
2016-06,JNK,413730044.29963464,93.0
2016-06,JPM,994757598.2035501,24.0
2016-06,KO,570429397.641191,57.0
2016-06,LQD,481796992.4555703,72.0
2016-06,MCD,685536405.4289802,44.0
2016-06,MDT,423726587.28469366,86.0
2016-06,MDY,478720565.8398825,74.0
2016-06,META,2959589163.644797,4.0
2016-06,MRK,498170409.82752174,66.0
2016-06,MS,394661731.16211665,100.0
2016-06,MSFT,1660857276.5057518,9.0
2016-06,NFLX,1232220216.7656307,16.0
2016-06,NKE,607641575.7300603,52.0
2016-06,NVDA,411904694.0765835,95.0
2016-06,ORCL,536074231.80261034,61.0
2016-06,PEP,471076689.5217532,76.0
2016-06,PFE,1226397954.4521682,17.0
2016-06,PG,587977204.519181,55.0
2016-06,PM,437995982.18556964,84.0
2016-06,QCOM,492878350.61764795,67.0
2016-06,QQQ,2814046448.8075743,5.0
2016-06,SBUX,486076984.0249319,71.0
2016-06,SLB,535428280.9379214,62.0
2016-06,SPY,20491069109.235542,1.0
2016-06,SVXY,417065305.9378669,91.0
2016-06,T,836929457.4096841,30.0
2016-06,TGT,454016844.769275,80.0
2016-06,TLT,1021182959.7781711,22.0
2016-06,TSLA,1239590600.6027858,15.0
2016-06,UNH,422980106.4078558,87.0
2016-06,UNP,395606419.29145694,99.0
2016-06,UVXY,706726785.7142857,40.0
2016-06,V,673091108.2743812,45.0
2016-06,VOO,419813357.480803,89.0
2016-06,VWO,567430880.7757303,59.0
2016-06,VZ,710410304.8574054,39.0
2016-06,WFC,914819704.2057279,28.0
2016-06,WMT,608217986.7451622,51.0
2016-06,XBI,415931047.55079484,92.0
2016-06,XLE,1031312662.0717306,20.0
2016-06,XLF,1030531409.7589592,21.0
2016-06,XLI,699184451.8615178,42.0
2016-06,XLK,428017619.26953757,85.0
2016-06,XLP,598840040.862365,53.0
2016-06,XLU,727234943.4772491,38.0
2016-06,XLV,767338117.5345163,34.0
2016-06,XLY,453176559.63465375,81.0
2016-06,XOM,958041588.5180277,26.0
2016-07,AAPL,3623382095.9977164,2.0
2016-07,ABBV,563359835.0898015,58.0
2016-07,ABT,438167949.45722914,83.0
2016-07,AMGN,445656176.5255883,81.0
2016-07,AMZN,2656299595.8870783,4.0
2016-07,AVGO,398005853.3317627,98.0
2016-07,BA,540631340.8110361,60.0
2016-07,BABA,1200795093.9005654,15.0
2016-07,BAC,1260100008.8597934,12.0
2016-07,BAX,407149632.2574797,95.0
2016-07,BHC,778603854.4293026,34.0
2016-07,BIDU,662549697.4516611,46.0
2016-07,BIIB,488110270.4778278,70.0
2016-07,BKNG,861115798.5587347,27.0
2016-07,BMY,415566217.67913574,93.0
2016-07,BRK-B,487000463.7817625,71.0
2016-07,C,957711189.4155654,23.0
2016-07,CHTR,689525290.9492614,41.0
2016-07,CMCSA,585820106.5987077,55.0
2016-07,CMG,465107545.8887645,75.0
2016-07,COST,411656166.15603006,94.0
2016-07,CSCO,672020291.8870804,44.0
2016-07,CVS,503489213.10330343,66.0
2016-07,CVX,679319166.0754249,43.0
2016-07,DAL,463163275.1767476,76.0
2016-07,DIA,601982889.9195353,52.0
2016-07,DIS,732788988.241129,36.0
2016-07,EEM,2373743761.618139,7.0
2016-07,EFA,1582158545.5553086,10.0
2016-07,EWJ,429233908.00084764,89.0
2016-07,F,433040352.7186439,84.0
2016-07,FCX,455028350.14462245,78.0
2016-07,FXI,795517922.9355555,32.0
2016-07,GDX,2135564306.1740904,8.0
2016-07,GDXJ,659883011.2913283,47.0
2016-07,GE,1097838161.5911727,19.0
2016-07,GILD,841412218.3612521,30.0
2016-07,GLD,1511452706.159622,11.0
2016-07,GOOG,1180369663.149637,17.0
2016-07,GOOGL,1256084176.1896043,13.0
2016-07,GS,508440936.8949769,65.0
2016-07,HAL,424804941.13153124,90.0
2016-07,HD,637490946.8698289,49.0
2016-07,HYG,1214550310.4602873,14.0
2016-07,IBB,431215144.1705613,86.0
2016-07,IBM,536369686.75117636,62.0
2016-07,INTC,744003237.5993426,35.0
2016-07,IVV,788372194.9248784,33.0
2016-07,IWM,3330244169.5855155,3.0
2016-07,IYR,651969946.3308789,48.0
2016-07,JNJ,823267925.6989373,31.0
2016-07,JNK,430639438.65410227,87.0
2016-07,JPM,955926152.4525536,24.0
2016-07,KO,521057585.8792986,64.0
2016-07,LMT,415907240.9886436,92.0
2016-07,LQD,538496487.380049,61.0
2016-07,MCD,684415393.4115455,42.0
2016-07,MDT,418545241.18701994,91.0
2016-07,MDY,469686153.0358693,74.0
2016-07,META,2585038844.027238,6.0
2016-07,MO,405100113.56498474,97.0
2016-07,MRK,495506266.2292568,67.0
2016-07,MSFT,1649394629.580295,9.0
2016-07,NFLX,1185934895.2276442,16.0
2016-07,NKE,597111735.1691473,53.0
2016-07,NVDA,471420098.24088264,72.0
2016-07,NXPI,394411018.40335906,100.0
2016-07,ORCL,553120807.3312184,59.0
2016-07,PEP,470233064.99410963,73.0
2016-07,PFE,846185647.1925807,29.0
2016-07,PG,585482305.5336726,56.0
2016-07,PM,452249149.18090576,79.0
2016-07,QCOM,532310744.19886273,63.0
2016-07,QQQ,2639725931.7212424,5.0
2016-07,SBUX,495060906.8509965,69.0
2016-07,SLB,495422334.85146177,68.0
2016-07,SPY,20187998313.497826,1.0
2016-07,SVXY,450409895.30129206,80.0
2016-07,T,856959035.4269637,28.0
2016-07,TGT,456739089.0770564,77.0
2016-07,TLT,1157618746.8779306,18.0
2016-07,TSLA,1022828931.8473908,20.0
2016-07,UNH,443955725.4586356,82.0
2016-07,UVXY,631902063.4920635,50.0
2016-07,V,692782895.398918,39.0
2016-07,VOO,431743727.871583,85.0
2016-07,VWO,569968454.6122777,57.0
2016-07,VZ,705520509.0218196,38.0
2016-07,WFC,901133659.6992432,26.0
2016-07,WMT,622085788.2682437,51.0
2016-07,XBI,396733757.88508826,99.0
2016-07,XLE,918970979.587119,25.0
2016-07,XLF,991917070.8139338,21.0
2016-07,XLI,690405289.3400586,40.0
2016-07,XLK,405424228.7939162,96.0
2016-07,XLP,592772974.8038034,54.0
2016-07,XLU,714748805.8961838,37.0
2016-07,XLV,668064801.4075627,45.0
2016-07,XLY,430194099.54454935,88.0
2016-07,XOM,982201787.2077578,22.0
2016-08,AAPL,3235367552.910275,2.0
2016-08,ABBV,502757094.7920663,66.0
2016-08,ABT,428272467.5178286,81.0
2016-08,AMGN,473157272.5634378,71.0
2016-08,AMZN,2188977438.28716,7.0
2016-08,AVGO,406387925.7717587,90.0
2016-08,BA,480510483.63638985,69.0
2016-08,BABA,1264825839.9732924,13.0
2016-08,BAC,1270529786.785339,12.0
2016-08,BHC,752565785.9158138,33.0
2016-08,BIDU,463750069.26332504,73.0
2016-08,BIIB,572139731.8401518,56.0
2016-08,BKNG,826913057.8997779,30.0
2016-08,BMY,648487405.30582,45.0
2016-08,BRK-B,473519385.5028425,70.0
2016-08,C,918476205.7378557,24.0
2016-08,CHTR,416898089.4033765,88.0
2016-08,CMCSA,536088898.5372758,60.0
2016-08,CMG,454395465.1343255,75.0
2016-08,CSCO,685556059.2470442,42.0
2016-08,CVS,470059213.2211473,72.0
2016-08,CVX,664064167.3814077,43.0
2016-08,DAL,436288435.3677477,80.0
2016-08,DIA,590088279.190233,53.0
2016-08,DIS,708694757.0927453,38.0
2016-08,EEM,2523881713.4069533,4.0
2016-08,EFA,1409655640.26043,11.0
2016-08,EWJ,412149314.44449955,89.0
2016-08,F,438693064.1393101,79.0
2016-08,FCX,381761149.83656144,100.0
2016-08,FXI,718523942.8317055,36.0
2016-08,GDX,2104164926.5250523,8.0
2016-08,GDXJ,706530431.5421331,39.0
2016-08,GE,1055452731.6877618,18.0
2016-08,GILD,846068427.5377183,29.0
2016-08,GLD,1540232715.0222778,10.0
2016-08,GM,396536820.5047123,91.0
2016-08,GOOG,1079079745.764475,17.0
2016-08,GOOGL,1196885913.0418565,14.0
2016-08,GS,480914050.42831177,68.0
2016-08,HD,578270186.0765367,55.0
2016-08,HYG,1142726347.154587,16.0
2016-08,IBB,442379944.358753,78.0
2016-08,IBM,524537634.64198184,62.0
2016-08,INTC,737452992.719505,35.0
2016-08,IVV,749610900.2839588,34.0
2016-08,IWM,3059236542.9592314,3.0
2016-08,IYR,607627560.8655294,50.0
2016-08,JNJ,814851295.5491202,31.0
2016-08,JNK,423616297.09103525,85.0
2016-08,JPM,921151941.9165657,23.0
2016-08,KO,509125258.1266191,64.0
2016-08,LMT,917266089.9169922,25.0
2016-08,LOW,384856646.0160513,95.0
2016-08,LQD,570782570.5287389,57.0
2016-08,MA,382871300.725398,97.0
2016-08,MCD,617717943.2173955,48.0
2016-08,MDT,396407608.9146569,92.0
2016-08,MDY,425103273.2185485,84.0
2016-08,META,2388046084.6813745,5.0
2016-08,MO,381854930.8191572,99.0
2016-08,MRK,591586051.7425103,52.0
2016-08,MS,391899398.6828002,93.0
2016-08,MSFT,1606924020.1383376,9.0
2016-08,MU,386229094.2627559,94.0
2016-08,NFLX,1044086927.7632426,19.0
2016-08,NKE,550307038.6818113,59.0
2016-08,NVDA,514339848.5543916,63.0
2016-08,ORCL,531261686.83759904,61.0
2016-08,PEP,420066500.6088136,87.0
2016-08,PFE,758671886.2352588,32.0
2016-08,PG,650438779.6487476,44.0
2016-08,PM,450087915.3441777,76.0
2016-08,QCOM,507363441.70420206,65.0
2016-08,QQQ,2352421259.1221037,6.0
2016-08,SBUX,494243350.2622695,67.0
2016-08,SLB,462659628.7850153,74.0
2016-08,SPY,19004210606.523254,1.0
2016-08,SVXY,421392076.93698823,86.0
2016-08,T,876811273.2548944,26.0
2016-08,TGT,384041739.4039699,96.0
2016-08,TLT,1153885694.432528,15.0
2016-08,TSLA,871474817.9488863,27.0
2016-08,UNH,426530125.93720454,83.0
2016-08,UVXY,638121111.1111112,46.0
2016-08,V,688691347.1316988,41.0
2016-08,VOO,444177945.05218023,77.0
2016-08,VWO,581001509.4853537,54.0
2016-08,VZ,717567265.1739091,37.0
2016-08,WFC,867334007.4510362,28.0
2016-08,WMT,601822169.3312781,51.0
2016-08,XBI,427375877.6255471,82.0
2016-08,XLE,968790171.6813587,21.0
2016-08,XLF,943467547.7508706,22.0
2016-08,XLI,634967385.0064474,47.0
2016-08,XLP,570588536.3463144,58.0
2016-08,XLU,695495140.2409266,40.0
2016-08,XLV,608944742.221905,49.0
2016-08,XLY,382794402.34023803,98.0
2016-08,XOM,973320202.1427094,20.0
2016-09,AAPL,3821494638.9486647,2.0
2016-09,ABBV,446837536.69150215,74.0
2016-09,ABT,409094310.7814789,84.0
2016-09,AMGN,483193846.5977018,67.0
2016-09,AMZN,2230097577.9363236,7.0
2016-09,AVGO,432688521.2555386,77.0
2016-09,BA,429797316.4183238,78.0
2016-09,BABA,1622215797.068072,10.0
2016-09,BAC,1245961237.1377537,13.0
2016-09,BHC,666603444.001434,44.0
2016-09,BIDU,482493502.7303786,68.0
2016-09,BIIB,517294856.35957265,63.0
2016-09,BKNG,684007079.7833942,40.0
2016-09,BMY,716570730.1383669,35.0
2016-09,BRK-B,462714625.46558684,71.0
2016-09,C,826684728.7844158,29.0
2016-09,CHTR,603236836.8636358,50.0
2016-09,CMCSA,544961207.7105178,61.0
2016-09,CMG,450767641.68497115,73.0
2016-09,CRM,405487185.7597351,85.0
2016-09,CSCO,687202930.0041138,39.0
2016-09,CVS,454358029.4506739,72.0
2016-09,CVX,666777457.4061561,43.0
2016-09,DAL,389092475.6205483,90.0
2016-09,DIA,573835560.1414514,56.0
2016-09,DIS,721009551.255992,34.0
2016-09,EEM,2690775195.9083133,4.0
2016-09,EFA,1158339239.3244426,14.0
2016-09,EWJ,371032921.68468297,96.0
2016-09,F,436072467.183705,75.0
2016-09,FXI,703192900.8633326,36.0
2016-09,GDX,2120032288.1374028,8.0
2016-09,GDXJ,812912107.7544621,30.0
2016-09,GE,993003912.7933913,21.0
2016-09,GILD,854445429.6074519,27.0
2016-09,GLD,1362671024.4197059,12.0
2016-09,GM,417702854.0594646,80.0
2016-09,GOOG,994863687.2116573,20.0
2016-09,GOOGL,1138413753.048246,15.0
2016-09,GS,433741917.44408983,76.0
2016-09,HD,572700929.4970074,57.0
2016-09,HYG,1030665046.0597205,19.0
2016-09,IBB,400434979.5142037,87.0
2016-09,IBM,520730540.5689235,62.0
2016-09,INTC,794806764.647826,31.0
2016-09,IVV,700470514.1901652,37.0
2016-09,IWM,2865646116.5695796,3.0
2016-09,IYR,627213113.9956156,49.0
2016-09,JNJ,758025700.1866659,32.0
2016-09,JNK,381038370.8138511,93.0
2016-09,JPM,878825357.2961898,26.0
2016-09,KO,492393133.09932286,66.0
2016-09,LMT,926735030.2378821,24.0
2016-09,LOW,385650744.5064,92.0
2016-09,LQD,636766885.5909438,47.0
2016-09,MA,361442348.71852815,100.0
2016-09,MCD,561087648.4261407,59.0
2016-09,MDT,364521430.75743175,99.0
2016-09,META,2363117242.2227283,6.0
2016-09,MRK,599328133.4065672,52.0
2016-09,MS,373515440.68363434,95.0
2016-09,MSFT,1447699621.4769757,11.0
2016-09,MU,392550119.65359885,88.0
2016-09,NFLX,983280813.8294069,23.0
2016-09,NKE,508287934.5454201,64.0
2016-09,NVDA,589329793.6559178,53.0
2016-09,ORCL,477081599.61274165,69.0
2016-09,PEP,420812234.8489792,79.0
2016-09,PFE,676038707.408464,41.0
2016-09,PG,1628959741.3568163,9.0
2016-09,PM,413731286.1075265,82.0
2016-09,QCOM,567612171.8438467,58.0
2016-09,QQQ,2401868328.817107,5.0
2016-09,SBUX,503981220.15335447,65.0
2016-09,SLB,473712302.4517241,70.0
2016-09,SPY,18338476783.37153,1.0
2016-09,SVXY,379321974.04888695,94.0
2016-09,T,828191862.205517,28.0
2016-09,TGT,388383712.9713149,91.0
2016-09,TLT,1138337942.6882546,16.0
2016-09,TSLA,690602157.4065799,38.0
2016-09,UNH,413655693.008326,83.0
2016-09,USO,364949827.4725848,98.0
2016-09,UVXY,640466626.9841269,46.0
2016-09,V,633045068.0905297,48.0
2016-09,VOO,404849228.7223937,86.0
2016-09,VWO,560200174.8545814,60.0
2016-09,VZ,671333113.3328211,42.0
2016-09,WFC,1090219494.820489,17.0
2016-09,WMT,600143216.0334178,51.0
2016-09,XBI,391695486.09811693,89.0
2016-09,XLE,1068706265.1686169,18.0
2016-09,XLF,913529569.2779245,25.0
2016-09,XLI,577982546.0488032,55.0
2016-09,XLK,416639434.7767603,81.0
2016-09,XLP,646231478.5278804,45.0
2016-09,XLU,750411977.888513,33.0
2016-09,XLV,578508322.4687122,54.0
2016-09,XLY,368593752.1706233,97.0
2016-09,XOM,989426582.8660874,22.0
2016-10,AAPL,3925913835.625615,2.0
2016-10,ABBV,408258582.41213846,83.0
2016-10,ABT,371665468.1781224,95.0
2016-10,AMAT,373641779.8437603,94.0
2016-10,AMGN,498066810.2372669,65.0
2016-10,AMZN,2367151349.334838,6.0
2016-10,AVGO,437120515.82287985,78.0
2016-10,BA,441664751.67413133,76.0
2016-10,BABA,1733221849.6992323,10.0
2016-10,BAC,1305484203.8360822,12.0
2016-10,BHC,576584039.9706492,57.0
2016-10,BIDU,441903867.56306,75.0
2016-10,BIIB,443091298.7862239,74.0
2016-10,BKNG,625812501.788215,50.0
2016-10,BMY,859166194.8777274,27.0
2016-10,BRK-B,454618513.96712047,71.0
2016-10,C,804062561.6750141,28.0
2016-10,CAT,365171893.7521556,98.0
2016-10,CHTR,641730845.6324744,46.0
2016-10,CMCSA,564110584.1010375,59.0
2016-10,CMG,462630254.4729672,68.0
2016-10,CRM,579798081.7537581,56.0
2016-10,CSCO,643414397.0938637,45.0
2016-10,CVS,486346025.74468946,67.0
2016-10,CVX,645423869.5189824,43.0
2016-10,DAL,385669476.73125494,91.0
2016-10,DIA,531600904.61798775,61.0
2016-10,DIS,710600276.1262681,36.0
2016-10,EEM,2614172720.7347994,4.0
2016-10,EFA,1016366789.3629892,19.0
2016-10,F,382767542.2834654,92.0
2016-10,FXI,702435228.9747995,37.0
2016-10,GDX,1990183420.2268057,8.0
2016-10,GDXJ,798949023.4307789,29.0
2016-10,GE,909875259.2831132,25.0
2016-10,GILD,737927310.1605612,34.0
2016-10,GLD,1182620589.4100976,14.0
2016-10,GM,386789082.2766894,90.0
2016-10,GOOG,1034134258.2433791,18.0
2016-10,GOOGL,1162017392.0203314,15.0
2016-10,GS,423700959.1108292,80.0
2016-10,HD,596035472.9824975,54.0
2016-10,HON,365901902.6944606,97.0
2016-10,HYG,963434651.286219,21.0
2016-10,IBB,399703574.8487563,86.0
2016-10,IBM,527560233.8040018,62.0
2016-10,INTC,763951538.3104415,32.0
2016-10,IVV,668799910.0169833,39.0
2016-10,IWM,2815430211.2399755,3.0
2016-10,IYR,643786042.2288319,44.0
2016-10,JNJ,747981510.7604253,33.0
2016-10,JNK,363411895.78391254,100.0
2016-10,JPM,913188670.8840022,23.0
2016-10,KO,491983046.9322931,66.0
2016-10,LMT,790696476.5725272,30.0
2016-10,LOW,410080184.606316,82.0
2016-10,LQD,640450804.2626759,47.0
2016-10,MCD,519477158.6891901,63.0
2016-10,META,2040517090.6466286,7.0
2016-10,MRK,674715517.3418399,38.0
2016-10,MSFT,1424229682.4918532,11.0
2016-10,MU,418538471.63651633,81.0
2016-10,NFLX,1004097637.2800857,20.0
2016-10,NKE,510577358.00426424,64.0
2016-10,NVDA,606266382.0573641,53.0
2016-10,NXPI,455608012.5240387,69.0
2016-10,ORCL,450735868.4206645,73.0
2016-10,PEP,404412494.61986,84.0
2016-10,PFE,654426460.4651848,41.0
2016-10,PG,1938764777.241516,9.0
2016-10,PM,388546375.2259391,89.0
2016-10,QCOM,591224490.7899524,55.0
2016-10,QQQ,2386184029.452963,5.0
2016-10,SBUX,437736338.4968107,77.0
2016-10,SLB,455451648.44253784,70.0
2016-10,SPY,18381101138.17158,1.0
2016-10,T,912565431.7768831,24.0
2016-10,TGT,364198064.83470374,99.0
2016-10,TLT,1080765753.2090445,16.0
2016-10,TSLA,713879765.4547011,35.0
2016-10,UNH,430536704.7065856,79.0
2016-10,USO,451383320.19858694,72.0
2016-10,UVXY,665550793.6507937,40.0
2016-10,V,636752875.55565,49.0
2016-10,VNQ,391050082.88666254,88.0
2016-10,VOO,366797013.6149573,96.0
2016-10,VWO,564798080.4847475,58.0
2016-10,VZ,647586990.8383203,42.0
2016-10,WFC,1230199803.3916836,13.0
2016-10,WMT,621098885.0802286,51.0
2016-10,XBI,373987602.85804385,93.0
2016-10,XLE,1059011802.4851966,17.0
2016-10,XLF,953179272.7043121,22.0
2016-10,XLI,558899264.6598755,60.0
2016-10,XLK,402957189.5123073,85.0
2016-10,XLP,639928215.2831728,48.0
2016-10,XLU,769125985.1708186,31.0
2016-10,XLV,607468667.2579447,52.0
2016-10,XLY,392751463.72955567,87.0
2016-10,XOM,901164303.6371624,26.0
2016-11,AAPL,4229045796.9302464,2.0
2016-11,ABBV,454554057.95569646,83.0
2016-11,AIG,402212918.67124164,100.0
2016-11,AMGN,574134516.5569003,62.0
2016-11,AMZN,3175609492.5816855,4.0
2016-11,AVGO,462579217.50716555,82.0
2016-11,BA,496870297.59107316,70.0
2016-11,BABA,1590981017.7459595,12.0
2016-11,BAC,1849754812.5233562,10.0
2016-11,BIDU,443647329.56753683,89.0
2016-11,BIIB,468552893.1764633,80.0
2016-11,BKNG,692856260.7180883,48.0
2016-11,BMY,703201471.1335076,47.0
2016-11,BRK-B,534391049.2565579,66.0
2016-11,C,1020136128.1362988,24.0
2016-11,CAT,451087971.5491643,85.0
2016-11,CHTR,739200389.2771403,41.0
2016-11,CMCSA,689824239.1487241,49.0
2016-11,CMG,494854085.96538365,72.0
2016-11,CRM,644244012.2962468,56.0
2016-11,CSCO,673692291.5499066,54.0
2016-11,CVS,641762823.846048,57.0
2016-11,CVX,757922269.3414961,39.0
2016-11,DAL,424376565.3567904,92.0
2016-11,DIA,633744799.8952472,58.0
2016-11,DIS,735532684.4390869,43.0
2016-11,EEM,2776497987.677111,6.0
2016-11,EFA,1084568435.815793,22.0
2016-11,F,408848276.5439942,98.0
2016-11,FXI,753489284.2538561,40.0
2016-11,GDX,2045714128.163489,8.0
2016-11,GDXJ,852645720.3449674,30.0
2016-11,GE,1013370134.305804,25.0
2016-11,GILD,738561693.7819465,42.0
2016-11,GLD,1241335469.1058083,18.0
2016-11,GM,437208032.87312645,90.0
2016-11,GOOG,1282128925.0858853,16.0
2016-11,GOOGL,1460521210.145254,15.0
2016-11,GS,596424301.1218358,61.0
2016-11,HD,682295100.9638226,51.0
2016-11,HON,417615930.27226704,95.0
2016-11,HYG,1138719109.234946,21.0
2016-11,IBB,490982248.3351571,74.0
2016-11,IBM,556884755.7481389,63.0
2016-11,INTC,795504179.9229032,34.0
2016-11,IVV,883332974.250188,28.0
2016-11,IWM,3843989817.9792376,3.0
2016-11,IYR,725126103.5695273,45.0
2016-11,JNJ,818887229.7798641,32.0
2016-11,JNK,450964327.9698817,86.0
2016-11,JPM,1216285622.9782104,19.0
2016-11,KO,554680182.3867798,65.0
2016-11,LOW,447149052.4479457,87.0
2016-11,LQD,676709702.9918731,53.0
2016-11,MA,407715425.12297857,99.0
2016-11,MCD,514784294.7077191,68.0
2016-11,MDT,447119243.33985347,88.0
2016-11,META,2645653721.840813,7.0
2016-11,MO,415099967.78145444,96.0
2016-11,MRK,657467539.8738081,55.0
2016-11,MS,424017891.17445266,93.0
2016-11,MSFT,1633228457.4748268,11.0
2016-11,MU,453916597.8850047,84.0
2016-11,NFLX,1033089335.8174582,23.0
2016-11,NKE,491067522.1646324,73.0
2016-11,NVDA,820092453.1383817,31.0
2016-11,NXPI,526826789.8775615,67.0
2016-11,ORCL,484326204.61871433,76.0
2016-11,PEP,475993092.0304919,78.0
2016-11,PFE,793718385.6419972,35.0
2016-11,PG,1984040621.9800918,9.0
2016-11,PM,471312191.13116795,79.0
2016-11,QCOM,677175093.4345245,52.0
2016-11,QQQ,2873093259.0070815,5.0
2016-11,SBUX,498001112.24212646,69.0
2016-11,SLB,465511709.3038892,81.0
2016-11,SPY,20807931497.096397,1.0
2016-11,T,961401771.2596174,26.0
2016-11,TLT,1278328030.1613216,17.0
2016-11,TSLA,817833494.3052247,33.0
2016-11,UNH,555853557.5514294,64.0
2016-11,USO,495100669.20463794,71.0
2016-11,UVXY,686259880.9523809,50.0
2016-11,V,766800365.5701653,38.0
2016-11,VNQ,432283726.4866299,91.0
2016-11,VOO,413198715.30056906,97.0
2016-11,VWO,622294123.2439435,60.0
2016-11,VZ,723004431.0779511,46.0
2016-11,WFC,1518531367.7711062,13.0
2016-11,WMT,624276903.691973,59.0
2016-11,XBI,419855830.87171525,94.0
2016-11,XLE,1146935560.4542809,20.0
2016-11,XLF,1507661361.6160405,14.0
2016-11,XLI,726881557.1823968,44.0
2016-11,XLK,488148003.57351154,75.0
2016-11,XLP,780210974.7990079,37.0
2016-11,XLU,875489859.2147888,29.0
2016-11,XLV,790349914.336141,36.0
2016-11,XLY,477133192.4029638,77.0
2016-11,XOM,948757331.106301,27.0
2016-12,AAPL,3624259866.5848627,3.0
2016-12,ABBV,460778156.26667565,82.0
2016-12,AMGN,572935075.8658031,61.0
2016-12,AMZN,3220431069.8681784,4.0
2016-12,AVGO,448481326.3607025,88.0
2016-12,BA,505682591.7914254,67.0
2016-12,BABA,1206402166.611299,18.0
2016-12,BAC,2266242864.919199,8.0
2016-12,BIIB,510404203.15784276,66.0
2016-12,BKNG,670052594.5618039,51.0
2016-12,BMY,630172679.4350579,55.0
2016-12,BRK-B,565881487.5211928,63.0
2016-12,C,1156950372.660652,19.0
2016-12,CAT,453060196.67263937,86.0
2016-12,CHTR,495434992.81093055,69.0
2016-12,CMCSA,697841698.0097352,44.0
2016-12,CMG,492242429.290991,71.0
2016-12,CRM,580421627.9464358,59.0
2016-12,CSCO,666114854.7767488,52.0
2016-12,CVS,671104963.4266686,50.0
2016-12,CVX,765196942.5122094,38.0
2016-12,DAL,425295606.4641438,96.0
2016-12,DIA,682649605.3355142,48.0
2016-12,DIS,786063214.4200885,36.0
2016-12,EEM,2363918691.2498293,7.0
2016-12,EFA,1023999170.2908652,24.0
2016-12,FCX,419372138.2133893,97.0
2016-12,FXI,685792062.0911189,47.0
2016-12,GDX,1848556106.4459147,9.0
2016-12,GDXJ,759888127.0140148,39.0
2016-12,GE,983221143.0640097,26.0
2016-12,GILD,705951279.7425648,42.0
2016-12,GLD,1090663554.1496882,20.0
2016-12,GM,465686780.36274683,78.0
2016-12,GOOG,1341396982.8523908,15.0
2016-12,GOOGL,1494785487.0121062,12.0
2016-12,GS,811964602.9815432,35.0
2016-12,HAL,414903471.37233794,100.0
2016-12,HD,674297763.2971628,49.0
2016-12,HON,436104699.5197822,93.0
2016-12,HYG,1078647359.7706022,21.0
2016-12,IBB,486556083.972277,73.0
2016-12,IBM,565301350.8189303,64.0
2016-12,INTC,731937022.4536109,41.0
2016-12,IVV,924064844.4540842,28.0
2016-12,IWM,4142676937.248981,2.0
2016-12,IYR,689875467.1603975,46.0
2016-12,JNJ,823379355.2593534,34.0
2016-12,JNK,433818569.9958348,95.0
2016-12,JPM,1343915824.2500305,14.0
2016-12,KO,571280442.7325052,62.0
2016-12,LLY,437762739.7026304,92.0
2016-12,LOW,452374102.9397026,87.0
2016-12,LQD,649016991.5525285,54.0
2016-12,MCD,498375805.74912417,68.0
2016-12,MDT,479215954.1088286,76.0
2016-12,MDY,438243271.57675123,91.0
2016-12,META,2642634064.5172844,6.0
2016-12,MO,435365926.7687116,94.0
2016-12,MRK,659268458.0894306,53.0
2016-12,MS,464015768.7925853,79.0
2016-12,MSFT,1660388274.6605768,11.0
2016-12,MU,514573068.3775039,65.0
2016-12,NFLX,1023476986.8880529,25.0
2016-12,NKE,465721124.6567378,77.0
2016-12,NVDA,1338925955.7697737,16.0
2016-12,NXPI,458992746.561226,84.0
2016-12,ORCL,490731047.94840133,72.0
2016-12,PEP,463848222.2616771,80.0
2016-12,PFE,837227077.9290496,31.0
2016-12,PG,1028517307.0022947,23.0
2016-12,PM,459284050.60324293,83.0
2016-12,QCOM,617312405.9087844,56.0
2016-12,QQQ,2808292610.32096,5.0
2016-12,SBUX,483590272.28856766,75.0
2016-12,SLB,447444835.17286515,89.0
2016-12,SPY,19475907738.758224,1.0
2016-12,T,950600700.9359562,27.0
2016-12,TLT,1273801051.4575655,17.0
2016-12,TSLA,872798925.7325217,30.0
2016-12,UNH,604446670.5820477,57.0
2016-12,USO,453389630.850562,85.0
2016-12,UVXY,493646468.25396824,70.0
2016-12,V,836538773.7393818,32.0
2016-12,VNQ,416194629.50358313,98.0
2016-12,VOO,443511825.983659,90.0
2016-12,VWO,578581839.1310617,60.0
2016-12,VZ,701020907.4882083,43.0
2016-12,WFC,1412088952.1071963,13.0
2016-12,WMT,604013560.2199645,58.0
2016-12,XBI,415120663.8628702,99.0
2016-12,XLE,1059476276.1091323,22.0
2016-12,XLF,1717929100.2332807,10.0
2016-12,XLI,695484860.5482919,45.0
2016-12,XLK,461387523.73990256,81.0
2016-12,XLP,751770528.0377706,40.0
2016-12,XLU,830389789.2572615,33.0
2016-12,XLV,765663613.714866,37.0
2016-12,XLY,484436755.34629214,74.0
2016-12,XOM,895008612.3342484,29.0
2017-01,AAPL,3478739790.568349,3.0
2017-01,ABBV,498322674.5603289,75.0
2017-01,AMD,468954552.7399979,84.0
2017-01,AMGN,592783256.7811512,61.0
2017-01,AMZN,3192314605.579437,4.0
2017-01,AVGO,538184625.3402346,65.0
2017-01,BA,523405048.1005472,71.0
2017-01,BABA,1207368568.5648842,19.0
2017-01,BAC,2532703409.2362447,7.0
2017-01,BIIB,531740419.1384936,69.0
2017-01,BKNG,682327222.4065993,51.0
2017-01,BMY,652743862.2626714,56.0
2017-01,BRK-B,614528208.4764268,60.0
2017-01,C,1284277264.6111383,18.0
2017-01,CAT,456589703.20786977,90.0
2017-01,CHTR,564925979.5655266,63.0
2017-01,CMCSA,753606058.3342729,41.0
2017-01,CMG,434304185.3093344,98.0
2017-01,CRM,443949180.2429441,93.0
2017-01,CSCO,685440428.4021014,50.0
2017-01,CSX,473798468.23501134,80.0
2017-01,CVS,676790905.3519719,52.0
2017-01,CVX,787911951.5650431,36.0
2017-01,DIA,796431746.9152057,35.0
2017-01,DIS,848138677.1487887,32.0
2017-01,EEM,2274817997.4716067,8.0
2017-01,EFA,1191043725.081362,20.0
2017-01,F,462571760.30886817,85.0
2017-01,FCX,483562387.2360714,78.0
2017-01,FXI,689744710.0128052,49.0
2017-01,GDX,1805520803.374375,10.0
2017-01,GDXJ,783847859.2547523,38.0
2017-01,GE,1005823753.0642226,24.0
2017-01,GILD,727763883.4563967,47.0
2017-01,GLD,1030223024.9005272,23.0
2017-01,GM,514988230.11245424,73.0
2017-01,GOOG,1372183542.2372968,16.0
2017-01,GOOGL,1552401695.4235501,13.0
2017-01,GS,973483238.80017,26.0
2017-01,HAL,451196703.66816443,92.0
2017-01,HD,670229094.5601327,53.0
2017-01,HYG,1076642038.125562,21.0
2017-01,IBB,497212098.1497628,76.0
2017-01,IBM,624588347.3252157,57.0
2017-01,INTC,738611613.7170216,46.0
2017-01,IVV,967556538.8176086,28.0
2017-01,IWM,4489539335.529545,2.0
2017-01,IYR,663212769.8332409,54.0
2017-01,JNJ,839846299.394105,33.0
2017-01,JNK,441380677.72177184,94.0
2017-01,JPM,1496995762.34763,14.0
2017-01,KO,561754029.4252425,64.0
2017-01,KRE,433400784.6652379,99.0
2017-01,LLY,456896527.24682033,89.0
2017-01,LOW,438644283.7566315,96.0
2017-01,LQD,660962475.8905804,55.0
2017-01,MCD,473128954.63968915,81.0
2017-01,MDT,531170829.4186304,70.0
2017-01,MDY,471004535.37583125,83.0
2017-01,META,2791149853.1525264,6.0
2017-01,MO,454158078.97886246,91.0
2017-01,MRK,693574907.226361,48.0
2017-01,MS,504544445.6509908,74.0
2017-01,MSFT,1609023813.9583468,12.0
2017-01,MU,533210389.76514,67.0
2017-01,NFLX,930412170.4444734,29.0
2017-01,NKE,472212071.9956474,82.0
2017-01,NVDA,1726748924.51334,11.0
2017-01,ORCL,517057213.69731236,72.0
2017-01,PEP,458064290.60015,88.0
2017-01,PFE,917830644.5825001,30.0
2017-01,PG,776196013.5335892,39.0
2017-01,PM,460421880.11728925,86.0
2017-01,QCOM,746693971.8711066,45.0
2017-01,QQQ,2796071825.6856647,5.0
2017-01,SBUX,536746986.43226016,66.0
2017-01,SLB,459948809.7881741,87.0
2017-01,SPY,19163907709.91395,1.0
2017-01,T,897180035.996755,31.0
2017-01,TGT,435047350.46297103,97.0
2017-01,TLT,1314225504.9297514,17.0
2017-01,TSLA,972747443.5327166,27.0
2017-01,UNH,616599662.389071,59.0
2017-01,UVXY,440848373.015873,95.0
2017-01,V,822735509.9005078,34.0
2017-01,VOO,532794944.6118794,68.0
2017-01,VWO,572304793.0529156,62.0
2017-01,VZ,773347294.5419009,40.0
2017-01,WFC,1388021217.3468816,15.0
2017-01,WMT,618978548.5914594,58.0
2017-01,XBI,426401203.31921655,100.0
2017-01,XLE,1048892512.8905644,22.0
2017-01,XLF,1833301514.0655246,9.0
2017-01,XLI,749031096.8989842,43.0
2017-01,XLK,479385289.9257236,79.0
2017-01,XLP,751230275.6749774,42.0
2017-01,XLU,784802096.8388693,37.0
2017-01,XLV,747690801.9167461,44.0
2017-01,XLY,487829350.4791381,77.0
2017-01,XOM,999802135.7421997,25.0
2017-02,AAPL,3546346804.8880806,3.0
2017-02,ABBV,448509834.2613584,83.0
2017-02,AIG,406974393.67121136,94.0
2017-02,AMD,694105949.791215,43.0
2017-02,AMGN,556978077.6258923,65.0
2017-02,AMZN,2893817116.475302,4.0
2017-02,AVGO,557492763.4135958,64.0
2017-02,BA,556948591.6569785,66.0
2017-02,BABA,1003341733.1464494,22.0
2017-02,BAC,2404981797.285316,6.0
2017-02,BIIB,509491304.4669984,71.0
2017-02,BKNG,646368643.4396108,51.0
2017-02,BMY,674485362.2700707,48.0
2017-02,BRK-B,595351011.4600772,59.0
2017-02,C,1177457669.9952261,18.0
2017-02,CAT,425628234.47062176,89.0
2017-02,CHTR,506318462.19894165,72.0
2017-02,CMCSA,675982134.3332888,47.0
2017-02,CMG,409685762.91617894,92.0
2017-02,CRM,389171386.2089611,100.0
2017-02,CSCO,679242257.9400955,46.0
2017-02,CSX,514954603.49843615,70.0
2017-02,CVS,593491177.910505,61.0
2017-02,CVX,748820174.7045971,41.0
2017-02,DIA,784280844.6511163,38.0
2017-02,DIS,814754820.4802135,32.0
2017-02,EEM,1812618521.4437754,9.0
2017-02,EFA,1143638329.4486575,20.0
2017-02,F,452898213.72210944,82.0
2017-02,FCX,458802881.64971066,81.0
2017-02,FXI,630659154.9349346,53.0
2017-02,GDX,1596587942.3952286,10.0
2017-02,GDXJ,776071003.700438,40.0
2017-02,GE,943925134.5197827,25.0
2017-02,GILD,776420895.2102661,39.0
2017-02,GLD,873991441.0606263,29.0
2017-02,GM,535553468.4927683,67.0
2017-02,GOOG,1232286201.720707,16.0
2017-02,GOOGL,1353363883.3265758,14.0
2017-02,GS,972609229.2165605,24.0
2017-02,HAL,465663124.92223465,77.0
2017-02,HD,595179725.9963505,60.0
2017-02,HON,395107716.72624195,99.0
2017-02,HYG,878592503.8897318,27.0
2017-02,IBB,396522903.19497246,98.0
2017-02,IBM,624459398.4247158,55.0
2017-02,INTC,807929257.2788299,34.0
2017-02,IVV,828720014.0256125,31.0
2017-02,IWM,3913404138.1775627,2.0
2017-02,IYR,584850012.5457764,62.0
2017-02,JNJ,809090008.7030199,33.0
2017-02,JNUG,399897195.4285714,97.0
2017-02,JPM,1376797943.4093173,13.0
2017-02,KO,597581471.1633894,58.0
2017-02,LOW,407252661.6266402,93.0
2017-02,LQD,610815605.4221743,57.0
2017-02,MCD,463296648.27029514,79.0
2017-02,MDT,459632793.30085874,80.0
2017-02,MDY,442526956.82343984,85.0
2017-02,META,2469885935.763235,5.0
2017-02,MO,440638720.8315047,86.0
2017-02,MRK,673119318.5116303,49.0
2017-02,MS,487084719.95824176,75.0
2017-02,MSFT,1525126820.3509076,12.0
2017-02,MU,581243170.2744681,63.0
2017-02,NFLX,886172363.1169304,26.0
2017-02,NKE,500795570.5212124,74.0
2017-02,NVDA,1954770986.0280504,8.0
2017-02,ORCL,517214368.79366314,69.0
2017-02,PEP,445597006.8456014,84.0
2017-02,PFE,839585913.247391,30.0
2017-02,PG,807357782.2393388,35.0
2017-02,PM,437434142.93589514,87.0
2017-02,QCOM,735828948.1892056,42.0
2017-02,QQQ,2397584187.741464,7.0
2017-02,SBUX,524047064.8255,68.0
2017-02,SLB,479190720.42172146,76.0
2017-02,SPY,17805185055.373104,1.0
2017-02,T,875580087.2339859,28.0
2017-02,TGT,426837140.89181083,88.0
2017-02,TLT,1243439480.5460732,15.0
2017-02,TSLA,1200363339.8917968,17.0
2017-02,TXN,401725123.2793051,96.0
2017-02,UNH,612820221.7647977,56.0
2017-02,UNP,405610164.53656393,95.0
2017-02,V,784786722.0383174,37.0
2017-02,VOO,501254568.8921732,73.0
2017-02,VWO,463558512.3678177,78.0
2017-02,VZ,796323387.3493316,36.0
2017-02,WFC,1167320289.810005,19.0
2017-02,WMT,633264825.2319609,52.0
2017-02,XLE,998271539.6034362,23.0
2017-02,XLF,1566430867.3973417,11.0
2017-02,XLI,669523060.5122521,50.0
2017-02,XLK,414274701.5751551,91.0
2017-02,XLP,687240819.6235838,45.0
2017-02,XLU,690728474.7738612,44.0
2017-02,XLV,626607986.2631298,54.0
2017-02,XLY,417044479.00164163,90.0
2017-02,XOM,1024707944.5638263,21.0
2017-03,AAPL,3591945117.1764073,3.0
2017-03,ABBV,430135213.45808846,89.0
2017-03,AIG,434889339.7951883,87.0
2017-03,AMD,870042038.5824642,29.0
2017-03,AMGN,676721211.849588,47.0
2017-03,AMZN,2727048480.428181,4.0
2017-03,AVGO,588115825.3085726,61.0
2017-03,BA,578732031.0476394,63.0
2017-03,BABA,987587145.479172,23.0
2017-03,BAC,2324527416.8692575,7.0
2017-03,BIIB,480609333.3099365,78.0
2017-03,BKNG,674164324.1004338,50.0
2017-03,BMY,707591948.0286734,44.0
2017-03,BRK-B,608272887.2356596,57.0
2017-03,C,1125790833.7480817,19.0
2017-03,CAT,488606469.69680786,75.0
2017-03,CHTR,468035556.7380391,82.0
2017-03,CMCSA,629908391.7186759,55.0
2017-03,CSCO,663045366.5973634,51.0
2017-03,CSX,578960029.0267627,62.0
2017-03,CVS,549039228.9092534,70.0
2017-03,CVX,740517991.5174091,39.0
2017-03,DAL,401701152.6008727,98.0
2017-03,DIA,778730837.9670401,38.0
2017-03,DIS,719835755.0381494,43.0
2017-03,EEM,2034146255.7951427,8.0
2017-03,EFA,1174839731.6159868,17.0
2017-03,F,480776400.7375611,77.0
2017-03,FCX,410036950.26792043,95.0
2017-03,FXI,608062277.2016193,58.0
2017-03,GDX,1555528357.347352,11.0
2017-03,GDXJ,886128187.7338591,28.0
2017-03,GE,914346748.7309922,26.0
2017-03,GILD,735469306.0744512,40.0
2017-03,GLD,889584400.9656391,27.0
2017-03,GM,568147691.2263719,66.0
2017-03,GOOG,1228185767.207312,16.0
2017-03,GOOGL,1327315687.9747179,15.0
2017-03,GS,920608641.7568873,25.0
2017-03,HAL,453832116.9977824,85.0
2017-03,HD,577081239.1767229,64.0
2017-03,HYG,985284154.7644721,24.0
2017-03,IBB,389698686.8971325,100.0
2017-03,IBM,641286968.991033,54.0
2017-03,INTC,860228915.4842861,30.0
2017-03,IVV,813382947.2421798,36.0
2017-03,IWM,3960200839.880759,2.0
2017-03,IYR,570775011.7777264,65.0
2017-03,JNJ,852269726.0247972,32.0
2017-03,JNK,408423263.7709427,96.0
2017-03,JNUG,508115112.9206349,72.0
2017-03,JPM,1397817712.6170325,13.0
2017-03,KO,611459903.8285816,56.0
2017-03,KRE,427870276.34538317,90.0
2017-03,LOW,417192648.16471887,91.0
2017-03,LQD,554680710.4393369,68.0
2017-03,MCD,467095844.2169916,83.0
2017-03,MDT,412653803.6979675,93.0
2017-03,MDY,398663382.5334337,99.0
2017-03,META,2367931356.5223575,5.0
2017-03,MO,477642749.06395805,79.0
2017-03,MRK,674881985.3121498,48.0
2017-03,MS,503228192.40260047,73.0
2017-03,MSFT,1473286985.9070067,12.0
2017-03,MU,660503984.8750826,52.0
2017-03,NFLX,856916844.6955606,31.0
2017-03,NKE,535697495.1178536,71.0
2017-03,NVDA,1814007860.6696808,9.0
2017-03,ORCL,560367570.6450871,67.0
2017-03,PEP,445434317.6115975,86.0
2017-03,PFE,831089565.8207712,34.0
2017-03,PG,836998433.0791292,33.0
2017-03,PM,476896860.2200099,80.0
2017-03,QCOM,723833020.762495,41.0
2017-03,QQQ,2341489169.060783,6.0
2017-03,SBUX,553581083.9766306,69.0
2017-03,SLB,493485595.3123062,74.0
2017-03,SPY,17992800173.12823,1.0
2017-03,T,813462837.070275,35.0
2017-03,TGT,465960376.2531886,84.0
2017-03,TLT,1131500302.3522756,18.0
2017-03,TSLA,1337730071.1333182,14.0
2017-03,TXN,410276027.4770949,94.0
2017-03,UNH,604527559.7754585,59.0
2017-03,UNP,415565301.39565843,92.0
2017-03,UVXY,431297182.53968257,88.0
2017-03,V,695985606.781793,45.0
2017-03,VOO,487863574.04518735,76.0
2017-03,VWO,475801881.0461438,81.0
2017-03,VZ,783891435.8132317,37.0
2017-03,WFC,1029957209.0168121,21.0
2017-03,WMT,645297523.7473624,53.0
2017-03,XLE,988934098.9300561,22.0
2017-03,XLF,1620426256.1408634,10.0
2017-03,XLI,685492711.438727,46.0
2017-03,XLK,403040661.6336459,97.0
2017-03,XLP,599221149.8218415,60.0
2017-03,XLU,720285409.4758472,42.0
2017-03,XLV,674752702.9444982,49.0
2017-03,XOM,1080860414.1102746,20.0
2017-04,AAPL,3466198231.9886346,3.0
2017-04,ABBV,393204164.0590607,98.0
2017-04,AIG,440843053.94721866,83.0
2017-04,AMD,928890922.8078237,26.0
2017-04,AMGN,643501611.6453867,49.0
2017-04,AMZN,2920307342.7163987,4.0
2017-04,AVGO,525546296.7628297,69.0
2017-04,BA,562184622.1083142,64.0
2017-04,BABA,936839642.549206,25.0
2017-04,BAC,2342117687.9194865,6.0
2017-04,BIDU,405247556.97917634,93.0
2017-04,BIIB,462698169.8364258,79.0
2017-04,BKNG,703903923.2723297,43.0
2017-04,BMY,586794819.5540837,57.0
2017-04,BRK-B,625480004.4861082,51.0
2017-04,C,1063480944.1205221,19.0
2017-04,CAT,531689648.26706177,67.0
2017-04,CMCSA,606233059.0140733,54.0
2017-04,CMG,402002088.8971147,95.0
2017-04,COST,398938742.6500593,97.0
2017-04,CSCO,651665374.6839856,48.0
2017-04,CSX,448180904.0357181,82.0
2017-04,CVS,530901554.17914015,68.0
2017-04,CVX,705045701.6673133,42.0
2017-04,DAL,411818403.8812425,91.0
2017-04,DIA,710954842.2383384,41.0
2017-04,DIS,671181523.079088,46.0
2017-04,EEM,2048506972.4517944,8.0
2017-04,EFA,1149431691.7165606,17.0
2017-04,F,456547744.21777725,80.0
2017-04,FXI,575581014.4786229,60.0
2017-04,GDX,1467148559.7532847,12.0
2017-04,GDXJ,845820700.4395863,30.0
2017-04,GE,881076611.4643813,28.0
2017-04,GILD,663400041.3348849,47.0
2017-04,GLD,973765477.3982215,23.0
2017-04,GM,542722229.2018163,65.0
2017-04,GOOG,1189348668.3674161,16.0
2017-04,GOOGL,1287455727.399069,15.0
2017-04,GS,916387025.0526307,27.0
2017-04,HAL,418630877.18248516,89.0
2017-04,HD,581832798.3204917,58.0
2017-04,HYG,966931890.8778236,24.0
2017-04,IBM,678996762.1700999,44.0
2017-04,INTC,867306454.7984896,29.0
2017-04,IVV,819099844.2741516,32.0
2017-04,IWM,4100128243.475366,2.0
2017-04,IYR,569872861.0343933,62.0
2017-04,JNJ,819062935.7139224,33.0
2017-04,JNK,387948984.5891289,100.0
2017-04,JNUG,455537507.93650794,81.0
2017-04,JPM,1392293220.1813593,14.0
2017-04,KO,620312183.5027119,52.0
2017-04,KRE,437636373.6233121,86.0
2017-04,LOW,410240387.69419837,92.0
2017-04,LQD,493700151.0803586,75.0
2017-04,MCD,493538655.69094706,76.0
2017-04,MDY,399096454.7377329,96.0
2017-04,META,2280055370.749434,7.0
2017-04,MO,463397388.1455921,78.0
2017-04,MRK,578628230.1224328,59.0
2017-04,MS,506648946.1514004,72.0
2017-04,MSFT,1467018519.0601408,13.0
2017-04,MU,713556539.8623148,40.0
2017-04,NFLX,834055531.1507422,31.0
2017-04,NKE,521440273.5222892,70.0
2017-04,NVDA,1624590239.640796,10.0
2017-04,ORCL,566896117.171121,63.0
2017-04,PEP,437747983.5816277,85.0
2017-04,PFE,775191863.91933,36.0
2017-04,PG,783403218.6157832,35.0
2017-04,PM,512236987.1035379,71.0
2017-04,QCOM,599636006.0672033,55.0
2017-04,QQQ,2453051423.007977,5.0
2017-04,SBUX,570574760.3945899,61.0
2017-04,SLB,501730980.1073226,73.0
2017-04,SPY,18618061461.812794,1.0
2017-04,SVXY,417950429.76680934,90.0
2017-04,T,789019284.0564204,34.0
2017-04,TGT,422698221.0496993,87.0
2017-04,TLT,1077968417.4766057,18.0
2017-04,TSLA,1537678754.0365853,11.0
2017-04,TXN,404394764.55211335,94.0
2017-04,UNH,591866536.6992769,56.0
2017-04,UNP,392514728.1413487,99.0
2017-04,UVXY,500753888.8888889,74.0
2017-04,V,726284362.5282166,38.0
2017-04,VOO,440740551.5636383,84.0
2017-04,VWO,471295742.906086,77.0
2017-04,VZ,769065290.6652602,37.0
2017-04,WFC,1021411216.035298,21.0
2017-04,WMT,610682143.104753,53.0
2017-04,XLE,1049509787.8163534,20.0
2017-04,XLF,1785743644.263876,9.0
2017-04,XLI,676569957.4264345,45.0
2017-04,XLK,421181201.8399435,88.0
2017-04,XLP,537001186.8672689,66.0
2017-04,XLU,714099789.4297826,39.0
2017-04,XLV,641356742.9249476,50.0
2017-04,XOM,1014428398.6338055,22.0
2017-05,AAPL,3596121104.5346456,3.0
2017-05,AIG,445274811.3637773,81.0
2017-05,AMD,861738900.5890679,28.0
2017-05,AMGN,604111121.9466436,53.0
2017-05,AMZN,3007477084.054372,4.0
2017-05,AVGO,526058314.55972457,66.0
2017-05,BA,528558493.64788723,64.0
2017-05,BABA,1167894567.188602,18.0
2017-05,BAC,2118563587.5935752,8.0
2017-05,BIDU,439619951.55663866,83.0
2017-05,BIIB,425232789.5791432,89.0
2017-05,BKNG,787318059.5964099,32.0
2017-05,BMY,487659587.64451647,73.0
2017-05,BRK-B,616839466.1670746,50.0
2017-05,C,1016407286.0367608,21.0
2017-05,CAT,544156695.7319835,61.0
2017-05,CHTR,438984772.3059276,84.0
2017-05,CMCSA,646724430.5339081,45.0
2017-05,CMG,385882117.75722957,100.0
2017-05,COST,400093154.75219244,95.0
2017-05,CSCO,660209158.2048538,42.0
2017-05,CSX,407706529.8947743,93.0
2017-05,CVS,508985043.5269916,71.0
2017-05,CVX,643116030.7404654,47.0
2017-05,DAL,402894900.98442805,94.0
2017-05,DIA,631430721.1444674,48.0
2017-05,DIS,692953609.629083,40.0
2017-05,EEM,2212655312.197452,7.0
2017-05,EFA,1282585082.3233104,16.0
2017-05,F,478845060.4123933,76.0
2017-05,FXI,589775635.619227,54.0
2017-05,GDX,1350974718.8390582,14.0
2017-05,GDXJ,763243364.9809489,34.0
2017-05,GE,919281740.3407724,26.0
2017-05,GILD,523616777.1373083,68.0
2017-05,GLD,944792064.3676516,24.0
2017-05,GM,527260824.748999,65.0
2017-05,GOOG,1247453373.210362,17.0
2017-05,GOOGL,1378329629.1081262,13.0
2017-05,GS,860642166.7481196,29.0
2017-05,HAL,433198689.8352608,86.0
2017-05,HD,615258687.2101799,51.0
2017-05,HYG,1007155496.3187444,22.0
2017-05,IBM,729204164.067134,38.0
2017-05,IEMG,397192462.2027866,96.0
2017-05,INTC,791936560.1478758,31.0
2017-05,IVV,836700395.6841605,30.0
2017-05,IWM,4049785371.692476,2.0
2017-05,IYR,544787234.2804439,60.0
2017-05,JNJ,747659634.7008841,35.0
2017-05,JNK,393680046.5530897,97.0
2017-05,JNUG,393422716.28571427,98.0
2017-05,JPM,1318970408.3757672,15.0
2017-05,KO,551689012.2854687,59.0
2017-05,KRE,440941563.06364274,82.0
2017-05,LOW,425000127.6121957,90.0
2017-05,LQD,456349601.18405783,80.0
2017-05,MCD,513026610.7916938,70.0
2017-05,MDY,391031584.95042586,99.0
2017-05,META,2311604282.756018,6.0
2017-05,MO,462445057.29175144,78.0
2017-05,MRK,564139066.2548139,56.0
2017-05,MS,460095891.4077577,79.0
2017-05,MSFT,1498201151.4908805,12.0
2017-05,MU,729912123.6345291,36.0
2017-05,NFLX,883059865.7859318,27.0
2017-05,NKE,524899503.6826058,67.0
2017-05,NVDA,1930484196.6491728,9.0
2017-05,ORCL,553905878.6963811,58.0
2017-05,PEP,409607220.851874,92.0
2017-05,PFE,729872122.7107304,37.0
2017-05,PG,657771750.6130885,43.0
2017-05,PM,475328681.12433296,77.0
2017-05,QCOM,611754447.3560394,52.0
2017-05,QQQ,2856479072.949243,5.0
2017-05,SBUX,521157012.1336982,69.0
2017-05,SLB,536608435.3398641,62.0
2017-05,SNAP,656002839.6085558,44.0
2017-05,SPY,18101213177.383083,1.0
2017-05,SVXY,431014869.95712763,87.0
2017-05,T,785040222.7427242,33.0
2017-05,TGT,415884525.21342325,91.0
2017-05,TLT,965906145.1887463,23.0
2017-05,TSLA,1729900766.8589637,11.0
2017-05,UNH,555527178.801473,57.0
2017-05,UVXY,481624000.0,75.0
2017-05,V,692681912.0121669,41.0
2017-05,VOO,428749322.4543254,88.0
2017-05,VWO,497736605.509864,72.0
2017-05,VZ,722327934.4713787,39.0
2017-05,WFC,1023763890.221732,20.0
2017-05,WMT,570281118.7092826,55.0
2017-05,XLE,1071984552.6548356,19.0
2017-05,XLF,1842600762.834122,10.0
2017-05,XLI,619066644.4494944,49.0
2017-05,XLK,483981771.1495536,74.0
2017-05,XLP,434039749.67309254,85.0
2017-05,XLU,645514330.2376763,46.0
2017-05,XLV,532741612.9734705,63.0
2017-05,XOM,925515752.8106447,25.0
2017-06,AAPL,4022569609.6910505,3.0
2017-06,AIG,406669308.57127964,96.0
2017-06,AMAT,421811343.78406584,89.0
2017-06,AMD,949318408.8665206,26.0
2017-06,AMGN,556752203.2252237,59.0
2017-06,AMZN,3725826425.2327814,5.0
2017-06,AVGO,634850965.5834985,45.0
2017-06,BA,541038731.1944629,64.0
2017-06,BABA,2056012283.8683598,10.0
2017-06,BAC,1933023215.9273117,11.0
2017-06,BIDU,466273330.99113345,76.0
2017-06,BIIB,417677850.8107503,93.0
2017-06,BKNG,879801912.7503653,29.0
2017-06,BMY,448345534.9785275,80.0
2017-06,BRK-B,588361679.2659457,52.0
2017-06,C,1037722895.758535,21.0
2017-06,CAT,517252271.13677734,70.0
2017-06,CHTR,518957938.2504418,69.0
2017-06,CMCSA,736176953.1809113,38.0
2017-06,CMG,419184254.1951225,91.0
2017-06,COST,541083644.7546823,63.0
2017-06,CRM,415994522.9448591,94.0
2017-06,CSCO,695828077.9228694,42.0
2017-06,CVS,522485342.5854032,67.0
2017-06,CVX,583160320.3176225,54.0
2017-06,DAL,397805636.2603566,98.0
2017-06,DIA,566545733.1393529,58.0
2017-06,DIS,759436743.578932,35.0
2017-06,EEM,2129302925.3268287,9.0
2017-06,EFA,1330108860.8259413,16.0
2017-06,F,454497383.74730366,77.0
2017-06,FXI,579901115.471637,56.0
2017-06,GDX,1249576876.2403853,18.0
2017-06,GDXJ,605390565.8630552,49.0
2017-06,GE,1040977752.3533531,20.0
2017-06,GILD,580539708.2206726,55.0
2017-06,GLD,946225291.7500087,27.0
2017-06,GM,447217382.0297544,81.0
2017-06,GOOG,1477084547.1233792,15.0
2017-06,GOOGL,1613520889.6211896,14.0
2017-06,GS,799091368.936908,33.0
2017-06,HAL,437352315.0403401,85.0
2017-06,HD,658450066.9962808,44.0
2017-06,HYG,955024231.0606941,25.0
2017-06,IBM,720363262.2802385,40.0
2017-06,INTC,781571168.2293847,34.0
2017-06,IVV,840871344.8110671,30.0
2017-06,IWM,3973743309.35979,4.0
2017-06,IYR,548668192.2196162,60.0
2017-06,JD,423750719.0142556,88.0
2017-06,JNJ,740493647.5930108,37.0
2017-06,JPM,1285172551.262471,17.0
2017-06,KO,508136043.33598423,72.0
2017-06,KRE,406010754.87213135,97.0
2017-06,LOW,450210386.55384606,78.0
2017-06,LQD,494043647.91294885,73.0
2017-06,MCD,510975948.26192707,71.0
2017-06,MDY,411011352.7462914,95.0
2017-06,META,2588762034.1943893,7.0
2017-06,MO,418945157.706076,92.0
2017-06,MRK,575037290.2203293,57.0
2017-06,MS,425887888.4313614,87.0
2017-06,MSFT,1727498552.982197,13.0
2017-06,MU,815435922.131269,31.0
2017-06,NFLX,975458329.3994571,24.0
2017-06,NKE,544468693.2141501,61.0
2017-06,NVDA,2771116699.629178,6.0
2017-06,ORCL,605354867.6919483,50.0
2017-06,PFE,711338429.411278,41.0
2017-06,PG,585436188.08951,53.0
2017-06,PM,442363602.4974399,84.0
2017-06,PYPL,395635306.0463981,99.0
2017-06,QCOM,620456124.0496075,47.0
2017-06,QQQ,4309226197.114466,2.0
2017-06,REGN,442495487.0640346,83.0
2017-06,SBUX,492001597.0095801,74.0
2017-06,SLB,542968056.0019357,62.0
2017-06,SPY,17527926830.662296,1.0
2017-06,SVXY,480424900.51942855,75.0
2017-06,T,814416941.217496,32.0
2017-06,TGT,421543932.65106565,90.0
2017-06,TLT,986232308.7379334,23.0
2017-06,TSLA,2387785992.1422234,8.0
2017-06,UNH,529657513.73770577,65.0
2017-06,UVXY,446545817.46031743,82.0
2017-06,V,759364651.7829653,36.0
2017-06,VOO,430526205.49914646,86.0
2017-06,VWO,449229572.0030467,79.0
2017-06,VZ,730599459.9549915,39.0
2017-06,WFC,1033593056.5282367,22.0
2017-06,WMT,674817880.2095958,43.0
2017-06,XLE,1097200488.3911073,19.0
2017-06,XLF,1791164564.3473368,12.0
2017-06,XLI,633051177.2898599,46.0
2017-06,XLK,613830143.3383942,48.0
2017-06,XLP,522188099.01778203,68.0
2017-06,XLU,592741512.294957,51.0
2017-06,XLV,524235475.69586134,66.0
2017-06,XLY,393799863.32175845,100.0
2017-06,XOM,930648558.3218287,28.0
2017-07,AAPL,4090934084.767611,3.0
2017-07,AMAT,465662005.5933332,82.0
2017-07,AMD,1110835740.2733,19.0
2017-07,AMGN,564339545.6669883,58.0
2017-07,AMZN,3852324041.4996676,4.0
2017-07,AVGO,670292110.7097201,44.0
2017-07,BA,646676601.6227359,48.0
2017-07,BABA,2391337013.90112,9.0
2017-07,BAC,1769399048.812182,13.0
2017-07,BIDU,533825640.10227746,65.0
2017-07,BIIB,408799806.9333031,94.0
2017-07,BKNG,893113338.8431488,28.0
2017-07,BMY,421954297.90818954,90.0
2017-07,BRK-B,546418106.2755282,63.0
2017-07,C,1105839014.5013356,20.0
2017-07,CAT,488291243.73781717,73.0
2017-07,CHTR,567565114.5043267,56.0
2017-07,CMCSA,732959419.9486754,37.0
2017-07,CMG,507087554.5668602,70.0
2017-07,COST,658689567.2869244,46.0
2017-07,CRM,402636775.79488605,98.0
2017-07,CSCO,690308462.4225101,41.0
2017-07,CSX,415686093.28681403,92.0
2017-07,CVS,476325442.23194426,78.0
2017-07,CVX,577851729.0468973,53.0
2017-07,DAL,404111963.34677196,97.0
2017-07,DIA,505959892.59658086,72.0
2017-07,DIS,767598332.0207989,33.0
2017-07,EEM,2187016173.7779465,10.0
2017-07,EFA,1261320212.0412676,16.0
2017-07,F,434246388.34228367,87.0
2017-07,FXI,575629314.7346618,55.0
2017-07,GDX,1058191083.2711658,23.0
2017-07,GDXJ,481127996.787044,76.0
2017-07,GE,1097407326.578572,22.0
2017-07,GILD,601812318.6612326,50.0
2017-07,GLD,829810232.5296311,31.0
2017-07,GM,421681727.47573245,91.0
2017-07,GOOG,1655235143.725925,14.0
2017-07,GOOGL,1823731445.3204927,11.0
2017-07,GS,725261190.100582,38.0
2017-07,HAL,451403822.11759055,83.0
2017-07,HD,713646513.1341358,39.0
2017-07,HYG,1004150848.1641012,24.0
2017-07,IBM,665675949.2089236,45.0
2017-07,INTC,753018311.1691853,35.0
2017-07,IVV,802992376.6147432,32.0
2017-07,IWM,3484785790.8619227,5.0
2017-07,IYR,520808625.35343474,68.0
2017-07,JD,473556023.062485,79.0
2017-07,JNJ,750975897.406466,36.0
2017-07,JPM,1221739791.172185,17.0
2017-07,KO,480184604.14799887,77.0
2017-07,LOW,484827958.9247204,74.0
2017-07,LQD,563622624.9368577,59.0
2017-07,MA,404613813.6879331,96.0
2017-07,MCD,506699413.33831304,71.0
2017-07,META,2985549970.1603966,7.0
2017-07,MO,482848659.9930778,75.0
2017-07,MRK,580891776.0831083,52.0
2017-07,MS,401885623.59474427,100.0
2017-07,MSFT,1774948620.417604,12.0
2017-07,MU,876207670.0695643,29.0
2017-07,NFLX,1116975129.8955736,18.0
2017-07,NKE,565276914.0528785,57.0
2017-07,NVDA,3354491630.3616176,6.0
2017-07,ORCL,622167764.6538568,49.0
2017-07,ORLY,402524563.43149006,99.0
2017-07,PFE,670573833.0888567,43.0
2017-07,PG,557082248.2303075,60.0
2017-07,PM,447193021.5536693,85.0
2017-07,PYPL,470283760.21748495,80.0
2017-07,QCOM,550274035.1870946,62.0
2017-07,QQQ,5021094122.002955,2.0
2017-07,REGN,448582838.1750682,84.0
2017-07,SBUX,510066354.40434045,69.0
2017-07,SLB,530054962.8479125,66.0
2017-07,SPY,15590324333.456179,1.0
2017-07,SVXY,468754244.3672786,81.0
2017-07,T,872207023.4278519,30.0
2017-07,TGT,427674561.94550043,88.0
2017-07,TLT,952886597.5614275,25.0
2017-07,TQQQ,410054390.3700147,93.0
2017-07,TSLA,2717300482.463519,8.0
2017-07,UNH,523984442.63341993,67.0
2017-07,UVXY,406895537.6984127,95.0
2017-07,V,764114215.9459069,34.0
2017-07,VOO,425560105.17544216,89.0
2017-07,VWO,446792192.39946395,86.0
2017-07,VZ,683642597.2353375,42.0
2017-07,WFC,952201791.7408776,26.0
2017-07,WMT,692054125.2761841,40.0
2017-07,XLE,1099571095.2010443,21.0
2017-07,XLF,1624324208.3659854,15.0
2017-07,XLI,584986146.8711611,51.0
2017-07,XLK,658332528.6489335,47.0
2017-07,XLP,552039603.8095807,61.0
2017-07,XLU,577415398.9431896,54.0
2017-07,XLV,541986763.7428889,64.0
2017-07,XOM,926305955.8299716,27.0
2017-08,AAPL,4150494239.4764247,3.0
2017-08,ADP,522591155.74763465,69.0
2017-08,AMAT,455027840.73722476,81.0
2017-08,AMD,1048519174.0667616,20.0
2017-08,AMGN,507135274.4324215,71.0
2017-08,AMZN,3865223883.2535515,4.0
2017-08,AVGO,662376866.7355189,45.0
2017-08,BA,765303970.9548223,35.0
2017-08,BABA,3068123844.385892,7.0
2017-08,BAC,1656111621.880619,13.0
2017-08,BIDU,587862191.0497514,54.0
2017-08,BIIB,391746099.45327514,96.0
2017-08,BKNG,893603238.801502,27.0
2017-08,BMY,388880296.45577085,98.0
2017-08,BRK-B,528044542.3096188,67.0
2017-08,BTI,436415752.7662065,84.0
2017-08,C,1132304338.3559697,18.0
2017-08,CAT,435597481.0790531,85.0
2017-08,CHTR,571490112.5045534,56.0
2017-08,CMCSA,682200210.4307624,43.0
2017-08,CMG,524338927.2728042,68.0
2017-08,COST,701483667.0688932,41.0
2017-08,CSCO,648043207.8576375,49.0
2017-08,CSX,393305571.6392699,94.0
2017-08,CVS,429172183.40221584,86.0
2017-08,CVX,558036852.5297256,58.0
2017-08,DAL,392663188.98440164,95.0
2017-08,DIA,550503197.6501223,62.0
2017-08,DIS,770129050.022973,34.0
2017-08,EEM,2104922631.2930636,10.0
2017-08,EFA,1117240059.4562833,19.0
2017-08,F,385674451.15767735,100.0
2017-08,FXI,540018868.2729448,64.0
2017-08,GDX,1025425655.395647,21.0
2017-08,GDXJ,426042226.35085696,87.0
2017-08,GE,1013112521.6691206,23.0
2017-08,GILD,704981607.5455076,40.0
2017-08,GLD,864497662.4886407,30.0
2017-08,GOOG,1566865849.5208497,14.0
2017-08,GOOGL,1760016554.6258593,11.0
2017-08,GS,675060927.1769205,44.0
2017-08,HAL,387450653.1387632,99.0
2017-08,HD,746676669.0217276,37.0
2017-08,HYG,1024318781.6531954,22.0
2017-08,IBM,592246647.2323397,52.0
2017-08,INTC,779961578.9473943,33.0
2017-08,IVV,794917100.3511944,32.0
2017-08,IWM,3218404680.787174,6.0
2017-08,IYR,503071588.0085294,72.0
2017-08,JD,528979835.54065037,66.0
2017-08,JNJ,735305964.8586698,38.0
2017-08,JPM,1186419218.0022588,17.0
2017-08,KO,449568425.6298247,82.0
2017-08,LOW,474904811.87223405,76.0
2017-08,LQD,649075048.0565389,48.0
2017-08,LRCX,391048660.90415776,97.0
2017-08,MCD,486673640.35092306,75.0
2017-08,META,2823186735.934957,8.0
2017-08,MO,494440853.225593,74.0
2017-08,MRK,533344730.45801884,65.0
2017-08,MS,397792836.48457605,92.0
2017-08,MSFT,1694136288.2774231,12.0
2017-08,MU,890403342.9992918,28.0
2017-08,NFLX,1198013048.552816,16.0
2017-08,NKE,511112637.5967843,70.0
2017-08,NTES,394850632.42031276,93.0
2017-08,NVDA,3294249845.6202006,5.0
2017-08,ORCL,627739079.4334472,50.0
2017-08,PFE,587882228.518035,53.0
2017-08,PG,547709323.7822639,63.0
2017-08,PM,446572867.7711002,83.0
2017-08,PYPL,457161408.03536916,79.0
2017-08,QCOM,459380824.64724344,78.0
2017-08,QQQ,5614309275.514149,2.0
2017-08,REGN,406551987.49394494,91.0
2017-08,SBUX,553293632.182966,60.0
2017-08,SLB,471691926.01475793,77.0
2017-08,SPY,15631892267.57471,1.0
2017-08,SVXY,555087788.0020384,59.0
2017-08,T,827333702.5531594,31.0
2017-08,TGT,418918027.45116705,88.0
2017-08,TLT,947467181.7690169,25.0
2017-08,TQQQ,455282584.87368995,80.0
2017-08,TSLA,2705650353.2049994,9.0
2017-08,UNH,498336469.2976452,73.0
2017-08,UVXY,693609732.1428572,42.0
2017-08,V,763842952.6068914,36.0
2017-08,VOO,409561345.2744015,89.0
2017-08,VWO,407393719.47549486,90.0
2017-08,VZ,654228093.6670394,47.0
2017-08,WFC,922549775.6789434,26.0
2017-08,WMT,714093285.8904158,39.0
2017-08,XLE,1001710697.163373,24.0
2017-08,XLF,1457032721.1800985,15.0
2017-08,XLI,597003015.3779529,51.0
2017-08,XLK,654415626.2323773,46.0
2017-08,XLP,579180572.8910173,55.0
2017-08,XLU,560293274.0137312,57.0
2017-08,XLV,550767652.4945092,61.0
2017-08,XOM,888618384.5786321,29.0
2017-09,AAPL,4358199116.039894,3.0
2017-09,ABBV,488874945.197829,74.0
2017-09,ADP,536018682.463764,63.0
2017-09,AMAT,466106934.2672984,77.0
2017-09,AMD,863779868.3599472,30.0
2017-09,AMGN,442915424.5683458,79.0
2017-09,AMZN,3369875350.466168,4.0
2017-09,AVGO,616596323.8845704,50.0
2017-09,BA,884457246.3654292,28.0
2017-09,BABA,2887430982.268827,7.0
2017-09,BAC,1625309869.7722933,11.0
2017-09,BIDU,638943087.7363901,48.0
2017-09,BKNG,834721014.1941857,31.0
2017-09,BRK-B,545045177.9694331,61.0
2017-09,BTI,438515012.95709157,83.0
2017-09,C,1081337587.7262297,18.0
2017-09,CAT,396697118.84814066,94.0
2017-09,CHTR,663613927.5739882,45.0
2017-09,CMCSA,786766177.2956986,36.0
2017-09,CMG,508565723.8999624,70.0
2017-09,COST,550537554.3897599,59.0
2017-09,CSCO,639438067.0158962,47.0
2017-09,CVS,386310786.5103464,98.0
2017-09,CVX,562221414.7420974,57.0
2017-09,DAL,387493187.8659142,97.0
2017-09,DD,429950599.9735542,86.0
2017-09,DIA,521727692.3266941,67.0
2017-09,DIS,817770386.8306841,32.0
2017-09,EEM,2146930927.171919,10.0
2017-09,EFA,1029024814.4698855,19.0
2017-09,F,382672864.5938359,100.0
2017-09,FXI,511190274.63727075,69.0
2017-09,GDX,996321519.84163,21.0
2017-09,GDXJ,431730885.95246816,85.0
2017-09,GE,983914774.2286029,22.0
2017-09,GILD,727364725.7773384,39.0
2017-09,GLD,934732977.3340135,24.0
2017-09,GM,393826537.1596745,95.0
2017-09,GOOG,1373500330.8851454,14.0
2017-09,GOOGL,1575069755.7983398,12.0
2017-09,GS,640011433.2259405,46.0
2017-09,HD,794799193.1521461,34.0
2017-09,HYG,899928212.8375341,27.0
2017-09,IBM,583005737.2377186,51.0
2017-09,INTC,774910539.6841322,37.0
2017-09,IVV,793158354.4013371,35.0
2017-09,IWM,3098893855.7552276,5.0
2017-09,IYR,483538720.8412534,75.0
2017-09,JD,526165513.83426607,66.0
2017-09,JNJ,697415094.5529029,41.0
2017-09,JPM,1135037244.652279,17.0
2017-09,KO,434590861.1752586,84.0
2017-09,LOW,504116235.89321315,71.0
2017-09,LQD,683482715.6244671,43.0
2017-09,MA,418106579.2655097,89.0
2017-09,MCD,541754129.8107814,62.0
2017-09,MDT,385044365.29324245,99.0
2017-09,META,2721094209.033518,8.0
2017-09,MO,533295356.14472646,65.0
2017-09,MRK,493195301.12732697,73.0
2017-09,MSFT,1496808153.7787664,13.0
2017-09,MU,936477614.6447349,23.0
2017-09,NFLX,1206199039.150223,16.0
2017-09,NKE,481007278.4000336,76.0
2017-09,NVDA,2954692320.3634534,6.0
2017-09,ORCL,663845968.8722217,44.0
2017-09,PEP,396960708.1782992,93.0
2017-09,PFE,583005318.3900965,52.0
2017-09,PG,567555526.787107,55.0
2017-09,PM,439744300.9757027,81.0
2017-09,PYPL,454923091.3458385,78.0
2017-09,QCOM,438950770.7533397,82.0
2017-09,QQQ,4876616246.031552,2.0
2017-09,RTX,409681107.51761955,91.0
2017-09,SBUX,561668390.4880705,58.0
2017-09,SLB,439793076.0616726,80.0
2017-09,SNAP,401350380.1752242,92.0
2017-09,SPY,15255807763.9538,1.0
2017-09,SVXY,533858748.5045539,64.0
2017-09,T,917143015.98863,26.0
2017-09,TEVA,419095808.777626,88.0
2017-09,TLT,1014759127.9102386,20.0
2017-09,TQQQ,424251686.2076532,87.0
2017-09,TSLA,2332303165.8418293,9.0
2017-09,UNH,504104326.39290947,72.0
2017-09,UVXY,764075440.4761904,38.0
2017-09,V,723905599.797155,40.0
2017-09,VOO,390523981.3459366,96.0
2017-09,VWO,417576456.56246006,90.0
2017-09,VZ,687702447.5288755,42.0
2017-09,WFC,920270493.8636053,25.0
2017-09,WMT,635253569.7586968,49.0
2017-09,XLE,882412982.7576168,29.0
2017-09,XLF,1330855691.2348733,15.0
2017-09,XLI,572574569.564335,53.0
2017-09,XLK,545559379.987535,60.0
2017-09,XLP,564204536.0001397,56.0
2017-09,XLU,568716910.45221,54.0
2017-09,XLV,518191594.2030407,68.0
2017-09,XOM,809039443.7695094,33.0
2017-10,AAPL,4377803486.123318,3.0
2017-10,ABBV,565297961.1927577,61.0
2017-10,ADBE,395848804.7990103,99.0
2017-10,ADP,388874818.34107655,100.0
2017-10,AMAT,494635643.1004297,74.0
2017-10,AMD,740438765.965153,38.0
2017-10,AMGN,457811035.44626385,79.0
2017-10,AMZN,3319477546.9532313,4.0
2017-10,AVGO,638956411.9081346,49.0
2017-10,BA,864986833.4144714,29.0
2017-10,BABA,3110967021.8042526,6.0
2017-10,BAC,1631096790.5484426,11.0
2017-10,BIDU,673113426.2511238,46.0
2017-10,BIIB,420384246.77051365,91.0
2017-10,BKNG,818470338.6673095,31.0
2017-10,BRK-B,549436945.5617511,63.0
2017-10,C,1078659751.9088624,20.0
2017-10,CAT,428422846.5685527,85.0
2017-10,CHTR,735884962.3183477,39.0
2017-10,CMCSA,882266880.1575708,28.0
2017-10,CMG,437956664.11547434,84.0
2017-10,COST,523265897.2705417,68.0
2017-10,CSCO,634197761.7708418,50.0
2017-10,CVS,507624137.3650445,71.0
2017-10,CVX,573057132.8918335,60.0
2017-10,DD,504385529.8046186,72.0
2017-10,DIA,552708755.2866861,62.0
2017-10,DIS,812538254.7009665,32.0
2017-10,EEM,2205970056.4916945,9.0
2017-10,EFA,978835179.0600489,24.0
2017-10,EFX,415484507.4972728,92.0
2017-10,F,409379354.26799685,95.0
2017-10,FXI,527073638.94550383,67.0
2017-10,GDX,988025911.1370603,23.0
2017-10,GDXJ,421294983.5568958,87.0
2017-10,GE,1266931345.182703,17.0
2017-10,GILD,771654680.9082515,34.0
2017-10,GLD,935404444.5346893,25.0
2017-10,GM,514347210.3982532,70.0
2017-10,GOOG,1276582177.183242,16.0
2017-10,GOOGL,1469263728.0864413,12.0
2017-10,GS,624180552.9950581,52.0
2017-10,HD,719972160.6341649,42.0
2017-10,HYG,801965628.264085,33.0
2017-10,IBM,653725238.5224493,48.0
2017-10,INTC,906308084.0275477,27.0
2017-10,IVV,826291856.9313413,30.0
2017-10,IWM,3286221589.9104285,5.0
2017-10,IYR,456664809.23924524,81.0
2017-10,JD,612264617.7089388,53.0
2017-10,JNJ,725937397.0759073,40.0
2017-10,JPM,1108760067.187161,19.0
2017-10,KO,420406712.11114913,90.0
2017-10,LOW,490311782.27718294,76.0
2017-10,LQD,701176767.7938068,45.0
2017-10,MA,441829527.462817,83.0
2017-10,MCD,535269107.59279764,65.0
2017-10,MDT,420415654.47399807,89.0
2017-10,META,2428777022.154987,8.0
2017-10,MO,457445766.16562134,80.0
2017-10,MRK,547539993.3855393,64.0
2017-10,MSFT,1466333370.8056858,13.0
2017-10,MU,1184024495.8750591,18.0
2017-10,NFLX,1311790415.4773288,14.0
2017-10,NKE,531058394.93674624,66.0
2017-10,NVDA,2790203434.437388,7.0
2017-10,ORCL,721802849.5303441,41.0
2017-10,PEP,407982072.0265343,97.0
2017-10,PFE,589931833.582982,56.0
2017-10,PG,629312244.685933,51.0
2017-10,PM,414816552.4865408,93.0
2017-10,PYPL,493235063.72867763,75.0
2017-10,QCOM,408290654.9249195,96.0
2017-10,QQQ,4445266895.080252,2.0
2017-10,RTX,424395014.8847248,86.0
2017-10,SBUX,488920802.03914946,77.0
2017-10,SLB,453530412.2707791,82.0
2017-10,SNAP,420612913.31991017,88.0
2017-10,SPY,16098439100.47971,1.0
2017-10,SVXY,581261675.721329,58.0
2017-10,T,1005394235.8010728,22.0
2017-10,TEVA,461976057.63547385,78.0
2017-10,TLT,1008680499.7148423,21.0
2017-10,TQQQ,406256117.6464989,98.0
2017-10,TSLA,1954506845.7990375,10.0
2017-10,UNH,579663847.5020393,59.0
2017-10,UVXY,748846339.2857143,37.0
2017-10,V,707310005.2429683,44.0
2017-10,VWO,409609064.332738,94.0
2017-10,VZ,669425477.5136977,47.0
2017-10,WFC,932132241.0638233,26.0
2017-10,WMT,710760761.915543,43.0
2017-10,XLE,762423901.000807,35.0
2017-10,XLF,1301131150.5435007,15.0
2017-10,XLI,607711238.4129843,54.0
2017-10,XLK,499205356.6129412,73.0
2017-10,XLP,581899429.858895,57.0
2017-10,XLU,595697356.2164125,55.0
2017-10,XLV,516123862.93282884,69.0
2017-10,XOM,751845952.8685312,36.0
2017-11,AAPL,4611835055.330743,2.0
2017-11,ABBV,616978244.1165985,56.0
2017-11,ADBE,448648674.1555108,87.0
2017-11,AMAT,558745478.7802318,68.0
2017-11,AMD,711439356.1061163,46.0
2017-11,AMGN,487088328.2581874,83.0
2017-11,AMZN,3666332035.7065353,4.0
2017-11,AVGO,744590787.422937,39.0
2017-11,BA,806790236.5300739,33.0
2017-11,BABA,3192228942.5285945,6.0
2017-11,BAC,1736456753.5348408,11.0
2017-11,BIDU,655354076.0858203,50.0
2017-11,BIIB,421908041.3217696,97.0
2017-11,BKNG,866793583.9111086,29.0
2017-11,BRK-B,570507755.0057547,65.0
2017-11,C,1088293111.799137,21.0
2017-11,CAT,452550252.7098641,86.0
2017-11,CHTR,742793520.1748319,40.0
2017-11,CMCSA,997049805.0316924,25.0
2017-11,COST,512438808.2275875,76.0
2017-11,CRM,430432501.7692324,94.0
2017-11,CSCO,666150058.3881893,49.0
2017-11,CVS,579189013.060373,63.0
2017-11,CVX,598280872.2659762,61.0
2017-11,DD,550278371.1879816,71.0
2017-11,DIA,566036877.836076,66.0
2017-11,DIS,795935994.9596102,34.0
2017-11,EEM,2295437927.584106,9.0
2017-11,EFA,1050128273.5890222,23.0
2017-11,EFX,443195772.5729564,89.0
2017-11,EWJ,425108356.36044455,96.0
2017-11,F,431447801.1228637,93.0
2017-11,FXI,554429437.377191,70.0
2017-11,GDX,879042892.5246042,28.0
2017-11,GE,1584454888.4136388,12.0
2017-11,GILD,683141806.3652523,48.0
2017-11,GLD,847732582.2527931,31.0
2017-11,GM,609310675.7388705,58.0
2017-11,GOOG,1309892065.5593872,18.0
2017-11,GOOGL,1508807486.7534335,14.0
2017-11,GS,633445872.9356312,53.0
2017-11,HD,742144054.9418131,41.0
2017-11,HYG,900929818.9440773,27.0
2017-11,IBM,702884332.7436519,47.0
2017-11,INTC,1087576248.1893327,22.0
2017-11,IVV,862064775.4993742,30.0
2017-11,IWM,3463167617.8452992,5.0
2017-11,IYR,492113688.8009329,81.0
2017-11,JD,623784552.6065766,55.0
2017-11,JNJ,724050616.599746,43.0
2017-11,JPM,1177784559.9736896,20.0
2017-11,KO,443183296.716575,90.0
2017-11,LOW,501580683.69605654,80.0
2017-11,LQD,715461052.1643987,45.0
2017-11,LRCX,427737209.5769246,95.0
2017-11,MA,504325829.073031,79.0
2017-11,MCD,544573909.7172086,72.0
2017-11,MDT,444711235.3466095,88.0
2017-11,META,2699038452.6895676,8.0
2017-11,MO,455203202.83300614,84.0
2017-11,MRK,628482067.8290708,54.0
2017-11,MSFT,1569803159.1902232,13.0
2017-11,MU,1454279755.5707722,15.0
2017-11,NFLX,1312279971.0551972,17.0
2017-11,NKE,555311582.425169,69.0
2017-11,NTES,438491203.7226359,91.0
2017-11,NVDA,2865962630.043393,7.0
2017-11,ORCL,756734826.7073556,37.0
2017-11,PEP,419321363.377998,99.0
2017-11,PFE,574226303.0813906,64.0
2017-11,PG,633781872.1755134,52.0
2017-11,PM,435527928.0668471,92.0
2017-11,PYPL,601356766.0140749,59.0
2017-11,QCOM,726503175.5450355,42.0
2017-11,QQQ,4176045975.576661,3.0
2017-11,SBUX,508737705.1372589,77.0
2017-11,SLB,504417634.51088196,78.0
2017-11,SPY,16065012166.646538,1.0
2017-11,SVXY,565935457.4922713,67.0
2017-11,T,1275611012.833859,19.0
2017-11,TGT,416136208.11641634,100.0
2017-11,TLT,1006965774.7900827,24.0
2017-11,TQQQ,420446088.4893145,98.0
2017-11,TSLA,2037479338.722638,10.0
2017-11,UNH,614685777.658081,57.0
2017-11,UVXY,489316938.49206346,82.0
2017-11,V,722472894.0991235,44.0
2017-11,VWO,453650271.42861986,85.0
2017-11,VZ,776478792.7017212,36.0
2017-11,WFC,958273783.9866577,26.0
2017-11,WMT,807104171.8596323,32.0
2017-11,XLE,790630315.9791371,35.0
2017-11,XLF,1427724415.751027,16.0
2017-11,XLI,599206658.5517399,60.0
2017-11,XLK,523473744.00934494,74.0
2017-11,XLP,585481593.5709332,62.0
2017-11,XLU,636515102.9691484,51.0
2017-11,XLV,529953605.57019675,73.0
2017-11,XOM,751395006.6222175,38.0
2017-11,XYZ,518074630.82779175,75.0
2017-12,AAPL,4361655635.08434,2.0
2017-12,ABBV,486928511.25576687,84.0
2017-12,ADBE,496254239.9898953,82.0
2017-12,AMAT,586016847.217469,67.0
2017-12,AMD,594523331.1240104,65.0
2017-12,AMGN,480289902.2809952,85.0
2017-12,AMZN,3823891516.53641,4.0
2017-12,AVGO,813649822.8351654,33.0
2017-12,BA,832789706.2919738,32.0
2017-12,BABA,3333762765.136186,6.0
2017-12,BAC,1855143621.962547,11.0
2017-12,BIDU,621287234.6063038,58.0
2017-12,BKNG,850483321.3364131,30.0
2017-12,BRK-B,618311894.583687,60.0
2017-12,C,1157290157.2029114,23.0
2017-12,CAT,504398974.69627744,77.0
2017-12,CHTR,677077222.1498035,48.0
2017-12,CMCSA,960960771.8660997,27.0
2017-12,COST,566135814.9750483,71.0
2017-12,CRM,438107013.9074901,96.0
2017-12,CSCO,676023945.1639751,49.0
2017-12,CVS,699120154.4874767,47.0
2017-12,CVX,602299601.4634995,62.0
2017-12,DD,508640030.35472846,76.0
2017-12,DIA,699884624.0031651,46.0
2017-12,DIS,846940535.7002985,31.0
2017-12,EEM,2300862829.732931,9.0
2017-12,EFA,1218618971.0982792,22.0
2017-12,EWJ,464927793.01466566,89.0
2017-12,F,424656004.8816212,99.0
2017-12,FXI,576749408.466006,69.0
2017-12,GDX,770015448.9070832,37.0
2017-12,GE,1557971457.8368351,15.0
2017-12,GILD,605869926.5571716,61.0
2017-12,GLD,780263977.0928761,36.0
2017-12,GM,595543657.3171889,64.0
2017-12,GOOG,1360996312.832787,17.0
2017-12,GOOGL,1563952906.0987442,14.0
2017-12,GS,650842998.2285757,54.0
2017-12,HD,768507766.580612,38.0
2017-12,HYG,962429669.6379162,26.0
2017-12,IBM,739744385.6796151,42.0
2017-12,IEMG,430386321.08493984,98.0
2017-12,INTC,1237007598.925515,21.0
2017-12,IVV,926186043.8558427,28.0
2017-12,IWM,3592219967.2601123,5.0
2017-12,IYR,501350111.9965932,79.0
2017-12,JD,632536656.937469,56.0
2017-12,JNJ,735378170.316351,43.0
2017-12,JPM,1289941880.8153183,20.0
2017-12,KO,450919070.21547955,93.0
2017-12,LOW,502684071.3436066,78.0
2017-12,LQD,717714716.754768,45.0
2017-12,LRCX,497131033.6430262,81.0
2017-12,MA,493184483.6954268,83.0
2017-12,MCD,497338954.52566,80.0
2017-12,MDT,434264680.7596237,97.0
2017-12,META,2771001613.5438223,7.0
2017-12,MMM,439659933.8339575,95.0
2017-12,MO,459852756.47426784,91.0
2017-12,MRK,670296379.559921,50.0
2017-12,MSFT,1752239944.1240704,12.0
2017-12,MU,1651381562.3180144,13.0
2017-12,NFLX,1334276953.8070436,18.0
2017-12,NKE,575335860.8160776,70.0
2017-12,NTES,466065748.5597096,88.0
2017-12,NVDA,2625679321.1322966,8.0
2017-12,ORCL,719068391.0345107,44.0
2017-12,PFE,539740339.751326,74.0
2017-12,PG,618581733.8136582,59.0
2017-12,PM,464827251.5068418,90.0
2017-12,PYPL,658465817.5219218,52.0
2017-12,QCOM,763925335.8196319,41.0
2017-12,QQQ,4260323894.257706,3.0
2017-12,SBUX,511784369.13146365,75.0
2017-12,SLB,551049191.9351668,72.0
2017-12,SPY,18222716130.200123,1.0
2017-12,SVXY,589361451.4028156,66.0
2017-12,T,1294332527.1760488,19.0
2017-12,TGT,424341339.1753182,100.0
2017-12,TLT,968460743.4679183,25.0
2017-12,TQQQ,447555498.9179157,94.0
2017-12,TSLA,1968835554.6195621,10.0
2017-12,UNH,631309733.8708302,57.0
2017-12,UNP,472954828.2611544,86.0
2017-12,V,804545448.1118823,34.0
2017-12,VOO,458933459.0922038,92.0
2017-12,VWO,467879240.41669333,87.0
2017-12,VZ,798177566.5397644,35.0
2017-12,WFC,1046110645.2223339,24.0
2017-12,WMT,862579391.7140143,29.0
2017-12,XLE,764760543.8269358,40.0
2017-12,XLF,1551948217.8759167,16.0
2017-12,XLI,639925885.8186752,55.0
2017-12,XLK,596224843.9344921,63.0
2017-12,XLP,579660250.9660025,68.0
2017-12,XLU,669287756.6119845,51.0
2017-12,XLV,540355994.0204681,73.0
2017-12,XOM,768294919.542464,39.0
2017-12,XYZ,654520950.1758939,53.0
2018-01,AAPL,5004096164.755589,2.0
2018-01,ABBV,540907549.4983854,84.0
2018-01,ADBE,482500635.516745,99.0
2018-01,AMAT,637647880.1630172,65.0
2018-01,AMD,593402645.686304,73.0
2018-01,AMGN,503672035.78963506,94.0
2018-01,AMZN,4560040574.48263,4.0
2018-01,AVGO,926216643.208973,32.0
2018-01,BA,1226182498.6752949,22.0
2018-01,BABA,3795179032.467797,5.0
2018-01,BAC,1994999898.2964075,11.0
2018-01,BIDU,580624273.6810594,76.0
2018-01,BKNG,909437254.1566879,33.0
2018-01,BRK-B,743135225.7715135,51.0
2018-01,C,1158163692.3045325,24.0
2018-01,CAT,673436026.152959,58.0
2018-01,CHTR,599736947.6734464,70.0
2018-01,CMCSA,951108474.390641,29.0
2018-01,COST,522071782.8731476,88.0
2018-01,CRM,474447047.3105052,100.0
2018-01,CSCO,830588633.68896,43.0
2018-01,CVS,690619528.2291715,56.0
2018-01,CVX,672650186.4109464,59.0
2018-01,DD,534564326.3668153,87.0
2018-01,DIA,942187319.9664888,30.0
2018-01,DIS,926680814.031607,31.0
2018-01,EEM,2618780418.867172,9.0
2018-01,EFA,1588475970.5435374,17.0
2018-01,EWJ,552791047.3463815,80.0
2018-01,F,484480432.94142616,97.0
2018-01,FXI,655946865.7863739,61.0
2018-01,GDX,791513684.326744,47.0
2018-01,GE,1584639291.2926373,18.0
2018-01,GILD,628341354.2000906,66.0
2018-01,GLD,892833970.763482,35.0
2018-01,GM,542777667.6465715,82.0
2018-01,GOOG,1401529063.685947,21.0
2018-01,GOOGL,1598381621.5252347,16.0
2018-01,GS,766693602.5791713,48.0
2018-01,HD,878775558.9681716,38.0
2018-01,HYG,1157524071.6361394,25.0
2018-01,IBM,820482491.8706709,44.0
2018-01,IEMG,515953669.6966807,90.0
2018-01,INTC,1515133165.2940235,19.0
2018-01,IVV,1068783674.2601182,28.0
2018-01,IWM,3612855156.09717,6.0
2018-01,IYR,565106938.7935336,79.0
2018-01,JD,642728416.3474915,62.0
2018-01,JNJ,862657804.767427,41.0
2018-01,JPM,1442921587.4176269,20.0
2018-01,KO,506133773.87706214,93.0
2018-01,LOW,573077601.3784257,77.0
2018-01,LQD,745970926.8296741,50.0
2018-01,LRCX,593707830.4726131,72.0
2018-01,MA,519588556.790912,89.0
2018-01,MCD,541278205.4404365,83.0
2018-01,META,3396337411.445448,7.0
2018-01,MO,482630161.9276864,98.0
2018-01,MRK,728072466.6907182,54.0
2018-01,MSFT,2047888701.3302395,10.0
2018-01,MU,1727415492.5594454,13.0
2018-01,NFLX,1612876008.5721395,15.0
2018-01,NKE,538638177.149697,86.0
2018-01,NTES,511950890.87141126,91.0
2018-01,NVDA,2817274757.574263,8.0
2018-01,ORCL,760762594.8961409,49.0
2018-01,PFE,639163523.1921464,64.0
2018-01,PG,642700577.1961393,63.0
2018-01,PM,484490465.7514058,96.0
2018-01,PYPL,663925594.4041177,60.0
2018-01,QCOM,834157470.5687629,42.0
2018-01,QQQ,4867247489.928787,3.0
2018-01,SBUX,591737139.0821245,74.0
2018-01,SLB,623401126.8258413,67.0
2018-01,SPY,21907293960.09512,1.0
2018-01,SVXY,683363722.7001493,57.0
2018-01,T,1225232637.4215128,23.0
2018-01,TGT,508268859.344876,92.0
2018-01,TLT,1123511221.1381943,26.0
2018-01,TQQQ,569512413.778087,78.0
2018-01,TSLA,1994326943.160375,12.0
2018-01,TXN,538722127.6744903,85.0
2018-01,UNH,690994141.6640508,55.0
2018-01,UNP,588063022.5636921,75.0
2018-01,V,865071369.1472977,40.0
2018-01,VOO,599523987.234933,71.0
2018-01,VWO,552367243.0700212,81.0
2018-01,VZ,872819272.0659165,39.0
2018-01,WFC,1099233490.8664825,27.0
2018-01,WMT,881484586.5098772,36.0
2018-01,WYNN,492661391.60626125,95.0
2018-01,XLE,901541245.6953503,34.0
2018-01,XLF,1629331208.3928456,14.0
2018-01,XLI,729169768.3792478,53.0
2018-01,XLK,734379968.854783,52.0
2018-01,XLP,608136416.3336738,68.0
2018-01,XLU,792764223.8016522,46.0
2018-01,XLV,606907979.2111472,69.0
2018-01,XOM,878789838.9286708,37.0
2018-01,XYZ,800270964.0491364,45.0
2018-02,AAPL,6007241361.672392,4.0
2018-02,ABBV,658543121.5237209,78.0
2018-02,ADBE,539918699.1014996,99.0
2018-02,AMAT,749654216.1115434,64.0
2018-02,AMD,632596612.0690815,85.0
2018-02,AMGN,655817021.5793185,80.0
2018-02,AMZN,6558943500.232031,3.0
2018-02,AVGO,912913625.3582788,47.0
2018-02,BA,1675363479.708959,20.0
2018-02,BABA,4032634099.345277,7.0
2018-02,BAC,2391967304.0820227,11.0
2018-02,BIDU,661835564.2389207,76.0
2018-02,BKNG,867677702.651251,51.0
2018-02,BRK-B,945540853.9248512,45.0
2018-02,C,1297357603.2092261,28.0
2018-02,CAT,873629238.1251744,50.0
2018-02,CHTR,581412259.4118633,93.0
2018-02,CMCSA,1060971982.1610267,33.0
2018-02,CSCO,1080423907.9926808,32.0
2018-02,CVS,726363559.8534842,67.0
2018-02,CVX,809329797.3665631,57.0
2018-02,DD,588671854.6900969,90.0
2018-02,DIA,1482385501.5505352,22.0
2018-02,DIS,1005189706.933073,39.0
2018-02,EEM,3436588544.8160324,8.0
2018-02,EFA,2038279857.1436806,14.0
2018-02,EWJ,659208867.0865922,77.0
2018-02,FXI,988046616.9853938,40.0
2018-02,GDX,940724698.0176805,46.0
2018-02,GE,1443995921.0358672,24.0
2018-02,GILD,695562398.20266,71.0
2018-02,GLD,1041266365.2315413,36.0
2018-02,GM,569407127.6977417,96.0
2018-02,GOOG,1803799942.447844,18.0
2018-02,GOOGL,2097933244.2645118,13.0
2018-02,GS,903458208.007643,48.0
2018-02,HD,1026349059.1148255,38.0
2018-02,HYG,1333702655.6862845,27.0
2018-02,IBM,883214202.3471326,49.0
2018-02,IEMG,691932393.0571723,72.0
2018-02,INTC,1562387678.8775973,21.0
2018-02,IVV,1445343408.0154176,23.0
2018-02,IWM,4032881692.434959,6.0
2018-02,IYR,648288631.888217,83.0
2018-02,JD,617696775.8567568,88.0
2018-02,JNJ,1057897150.4258655,35.0
2018-02,JNK,572084602.8827152,95.0
2018-02,JPM,1762514739.0400236,19.0
2018-02,KO,578485938.465082,94.0
2018-02,LOW,652729001.9504972,82.0
2018-02,LQD,832766370.1152499,53.0
2018-02,LRCX,689079103.6823817,74.0
2018-02,MA,639162680.9091477,84.0
2018-02,MCD,689233356.5716456,73.0
2018-02,META,4049820177.3795233,5.0
2018-02,MMM,584771434.5060042,92.0
2018-02,MO,537384117.067337,100.0
2018-02,MRK,756678379.5703486,63.0
2018-02,MSFT,2608346982.78564,10.0
2018-02,MU,1881478949.2565095,17.0
2018-02,NFLX,2128676862.7536411,12.0
2018-02,NKE,563165571.0833716,97.0
2018-02,NVDA,3404303021.2187996,9.0
2018-02,ORCL,825428464.8574284,54.0
2018-02,PFE,808401900.786534,58.0
2018-02,PG,778468898.3464438,61.0
2018-02,PM,549802970.095474,98.0
2018-02,PYPL,792324337.2978816,59.0
2018-02,QCOM,735217379.6709696,65.0
2018-02,QQQ,6786720340.41765,2.0
2018-02,RTX,598448826.0765622,89.0
2018-02,SBUX,629277324.9197339,86.0
2018-02,SLB,663628170.8077325,75.0
2018-02,SPY,29770887107.12755,1.0
2018-02,SVXY,719310498.4998477,68.0
2018-02,T,1169621892.9333477,29.0
2018-02,TLT,1341398633.5242863,26.0
2018-02,TQQQ,787287836.437407,60.0
2018-02,TSLA,1899850090.6916115,16.0
2018-02,TXN,658265076.7799256,79.0
2018-02,UNH,842079060.7134622,52.0
2018-02,UNP,733503226.9260831,66.0
2018-02,UVXY,587431811.5079365,91.0
2018-02,V,1033884655.5689857,37.0
2018-02,VOO,814850016.2780762,56.0
2018-02,VWO,718894267.183758,69.0
2018-02,VZ,947283090.5975523,44.0
2018-02,WFC,1399277386.1411927,25.0
2018-02,WMT,1058879343.9449674,34.0
2018-02,WYNN,625983197.0056201,87.0
2018-02,XLE,1089841210.3180537,31.0
2018-02,XLF,1935197138.7328193,15.0
2018-02,XLI,974798165.0904337,42.0
2018-02,XLK,977731321.0364932,41.0
2018-02,XLP,772380801.335465,62.0
2018-02,XLU,966200315.5518486,43.0
2018-02,XLV,818303326.5898689,55.0
2018-02,XLY,653596084.9391271,81.0
2018-02,XOM,1123598865.34752,30.0
2018-02,XYZ,715278077.5190989,70.0
2018-03,AAPL,6345457938.44108,4.0
2018-03,ABBV,791153835.6664748,65.0
2018-03,ADBE,619499522.3324003,92.0
2018-03,AMAT,822633867.4315801,64.0
2018-03,AMD,746292592.6487575,71.0
2018-03,AMGN,942736670.8754282,49.0
2018-03,AMZN,8389145238.268292,2.0
2018-03,AVGO,1009264487.8199744,41.0
2018-03,BA,2058565871.6093032,16.0
2018-03,BABA,3861249073.0735416,7.0
2018-03,BAC,2325459737.5758004,14.0
2018-03,BIDU,727794321.2793744,75.0
2018-03,BKNG,978340320.832086,47.0
2018-03,BRK-B,996235769.7144282,44.0
2018-03,C,1298912897.0647297,27.0
2018-03,CAT,986058277.5802612,45.0
2018-03,CMCSA,1044167332.6672164,38.0
2018-03,CRM,688707731.2888978,80.0
2018-03,CSCO,1226929980.5744958,29.0
2018-03,CVS,623400914.5512414,90.0
2018-03,CVX,851757378.8728987,60.0
2018-03,DD,634397877.8174595,89.0
2018-03,DIA,1633856337.589179,22.0
2018-03,DIS,861842128.5962301,56.0
2018-03,EEM,3658615883.7842364,9.0
2018-03,EFA,2110267137.1724567,15.0
2018-03,EWJ,745658743.8526032,73.0
2018-03,F,564220243.9927782,99.0
2018-03,FXI,1198661989.564732,31.0
2018-03,GDX,953932951.6213706,48.0
2018-03,GE,1475307302.414509,24.0
2018-03,GILD,681924161.5601797,81.0
2018-03,GLD,1037810025.2893478,39.0
2018-03,GOOG,2054987618.343656,17.0
2018-03,GOOGL,2417695078.2866707,13.0
2018-03,GS,905771528.6858937,50.0
2018-03,HD,997742346.3499281,43.0
2018-03,HYG,1382899928.5674565,25.0
2018-03,IBM,876917389.1765674,54.0
2018-03,IEFA,673530453.926813,86.0
2018-03,IEMG,753198217.9637303,69.0
2018-03,INTC,1697287214.8661053,21.0
2018-03,IVV,1542217233.9686801,23.0
2018-03,IWM,3869465354.287671,6.0
2018-03,IYR,678754685.2339851,84.0
2018-03,JD,643554408.8600945,88.0
2018-03,JNJ,1087494282.3577275,35.0
2018-03,JNK,593926869.7778637,96.0
2018-03,JPM,1785517478.1969342,20.0
2018-03,KO,599996412.8102802,95.0
2018-03,LOW,681177669.7096447,82.0
2018-03,LQD,859230721.4120895,57.0
2018-03,LRCX,751698301.1724381,70.0
2018-03,MA,677381000.2402896,85.0
2018-03,MCD,780030347.9712108,66.0
2018-03,META,5636375520.851184,5.0
2018-03,MMM,620997597.9798763,91.0
2018-03,MRK,735784932.6533874,74.0
2018-03,MSFT,3015076412.1831865,11.0
2018-03,MU,2581446361.2376866,12.0
2018-03,NFLX,3050849284.8815007,10.0
2018-03,NVDA,3792191228.8625503,8.0
2018-03,ORCL,854576976.3141632,58.0
2018-03,PFE,882442132.2290901,53.0
2018-03,PG,835107708.2909842,61.0
2018-03,PM,565294140.4400538,98.0
2018-03,PYPL,771918737.3741634,67.0
2018-03,QCOM,825746744.2987896,63.0
2018-03,QQQ,7863421155.547273,3.0
2018-03,RTX,660530837.562383,87.0
2018-03,SBUX,618824058.3030822,93.0
2018-03,SLB,610580020.9816343,94.0
2018-03,SPY,31761347819.67657,1.0
2018-03,SVXY,590002496.8824416,97.0
2018-03,T,1054781795.947017,37.0
2018-03,TLT,1273155615.1593163,28.0
2018-03,TQQQ,981874778.3152262,46.0
2018-03,TSLA,2047025522.8298278,18.0
2018-03,TXN,680374487.0306469,83.0
2018-03,UNH,889541041.1927965,52.0
2018-03,UNP,698735271.6355823,79.0
2018-03,UPS,559323516.271682,100.0
2018-03,UVXY,711531097.2222222,77.0
2018-03,V,1024743861.9386097,40.0
2018-03,VOO,874585617.1604217,55.0
2018-03,VWO,745891230.3459954,72.0
2018-03,VZ,890522640.7028804,51.0
2018-03,WFC,1349608509.0746562,26.0
2018-03,WMT,1134039658.401807,32.0
2018-03,WYNN,758136535.6926328,68.0
2018-03,XLE,1126425150.604902,33.0
2018-03,XLF,1818009352.051617,19.0
2018-03,XLI,1099111592.3763216,34.0
2018-03,XLK,1058548955.7750096,36.0
2018-03,XLP,832410699.6672676,62.0
2018-03,XLU,999118038.0861737,42.0
2018-03,XLV,854087180.0886487,59.0
2018-03,XLY,702911823.6569723,78.0
2018-03,XOM,1225258110.4814923,30.0
2018-03,XYZ,720648192.6688119,76.0
2018-04,AAPL,6409255597.1472845,4.0
2018-04,ABBV,791952389.5661854,67.0
2018-04,ADBE,659922596.5366424,85.0
2018-04,AMAT,835245834.8838382,60.0
2018-04,AMD,713173358.1165782,76.0
2018-04,AMGN,951509518.1892031,45.0
2018-04,AMZN,9593133563.280863,2.0
2018-04,AVGO,1020212462.7594116,41.0
2018-04,BA,2017914582.1702745,18.0
2018-04,BABA,3515399860.293022,9.0
2018-04,BAC,2352155559.1255217,14.0
2018-04,BIDU,737000355.1843795,73.0
2018-04,BKNG,940349544.6320186,46.0
2018-04,BMY,566453287.076181,100.0
2018-04,BRK-B,968530460.3682745,44.0
2018-04,C,1320075768.9337957,27.0
2018-04,CAT,930153568.4005495,48.0
2018-04,CHTR,572799839.8117307,98.0
2018-04,CMCSA,1062457100.4697245,37.0
2018-04,CRM,732414424.3562728,74.0
2018-04,CSCO,1263717736.1267695,29.0
2018-04,CVS,605410979.7938453,92.0
2018-04,CVX,879814133.5625422,52.0
2018-04,DD,657763020.3479223,86.0
2018-04,DIA,1665012668.686567,21.0
2018-04,DIS,849532071.5405903,56.0
2018-04,EEM,3699948316.09672,8.0
2018-04,EFA,2111362522.5420876,17.0
2018-04,EWJ,668661172.3420643,81.0
2018-04,FXI,1326238255.6809561,26.0
2018-04,GDX,933953610.8656445,47.0
2018-04,GE,1154610723.8981678,32.0
2018-04,GILD,594502488.6562408,93.0
2018-04,GLD,985279395.6821017,43.0
2018-04,GOOG,2250876276.3843837,16.0
2018-04,GOOGL,2665411716.7186437,13.0
2018-04,GS,893678169.5783342,51.0
2018-04,HD,1003341703.4907266,42.0
2018-04,HYG,1387355065.1820955,24.0
2018-04,IBM,801568929.1545246,63.0
2018-04,IEFA,674720135.094246,79.0
2018-04,IEMG,746081780.5198791,72.0
2018-04,INTC,1617264312.2706215,22.0
2018-04,IVV,1484828559.1513498,23.0
2018-04,IWM,3891351940.815057,6.0
2018-04,IYR,693740443.8318646,78.0
2018-04,JD,583691450.0407083,96.0
2018-04,JNJ,1024149346.681177,40.0
2018-04,JNK,585388985.3759681,95.0
2018-04,JPM,1859934455.3833735,20.0
2018-04,KO,594023190.8895947,94.0
2018-04,LOW,666475451.0557871,82.0
2018-04,LQD,792340858.6643158,66.0
2018-04,LRCX,774203855.974046,68.0
2018-04,MA,747073673.2928805,71.0
2018-04,MCD,823984697.2028702,61.0
2018-04,META,6264373896.505398,5.0
2018-04,MMM,664699258.6104957,83.0
2018-04,MO,572854328.1203012,97.0
2018-04,MRK,722308033.1757025,75.0
2018-04,MSFT,3266700998.0127363,11.0
2018-04,MU,2867609536.690854,12.0
2018-04,NFLX,3484203826.6383886,10.0
2018-04,NVDA,3818483971.296068,7.0
2018-04,NXPI,627936160.5467297,90.0
2018-04,ORCL,801252910.4643322,64.0
2018-04,PFE,879766927.151792,53.0
2018-04,PG,840806196.212272,58.0
2018-04,PM,648951427.2582524,88.0
2018-04,PYPL,758834715.0933402,69.0
2018-04,QCOM,820409912.8836193,62.0
2018-04,QQQ,8626918261.214943,3.0
2018-04,RTX,660329036.596019,84.0
2018-04,SBUX,571827171.1177887,99.0
2018-04,SPY,31815979107.56836,1.0
2018-04,T,1055296012.4932493,39.0
2018-04,TLT,1128016815.8730037,33.0
2018-04,TQQQ,1085426107.012994,36.0
2018-04,TSLA,2271252768.881616,15.0
2018-04,TXN,633004275.1353673,89.0
2018-04,UNH,896298173.3881632,50.0
2018-04,UNP,650429181.3190521,87.0
2018-04,UVXY,795304509.9206349,65.0
2018-04,V,1061704159.452614,38.0
2018-04,VOO,868806350.3802345,55.0
2018-04,VWO,707239112.4445355,77.0
2018-04,VZ,835572915.762765,59.0
2018-04,WFC,1356588720.4495082,25.0
2018-04,WMT,1086834096.2350118,35.0
2018-04,WYNN,619632175.9726872,91.0
2018-04,XLE,1163640894.5190551,31.0
2018-04,XLF,1867151235.1986082,19.0
2018-04,XLI,1186677934.150284,30.0
2018-04,XLK,1111428254.6703217,34.0
2018-04,XLP,878637151.5786912,54.0
2018-04,XLU,916725012.5104874,49.0
2018-04,XLV,847328602.346608,57.0
2018-04,XLY,747077772.073437,70.0
2018-04,XOM,1267737522.2277687,28.0
2018-04,XYZ,674257373.5853044,80.0
2018-05,AAPL,5433794740.696377,5.0
2018-05,ABBV,870840115.1319716,42.0
2018-05,ADBE,660402793.7109084,70.0
2018-05,AMAT,781937829.8907264,53.0
2018-05,AMD,645228842.9726253,73.0
2018-05,AMGN,811260604.7601124,49.0
2018-05,AMZN,7839102451.11641,2.0
2018-05,AVGO,950946785.6820728,36.0
2018-05,BA,1709777919.2733037,17.0
2018-05,BABA,3265229728.159635,8.0
2018-05,BAC,2067886575.9915366,15.0
2018-05,BIDU,852860398.6251589,44.0
2018-05,BKNG,838115074.8752413,45.0
2018-05,BRK-B,814760264.9071587,48.0
2018-05,C,1221508479.28072,22.0
2018-05,CAT,774969356.6308643,55.0
2018-05,CHTR,541636545.0876871,85.0
2018-05,CMCSA,894507294.1009505,39.0
2018-05,CRM,706547639.3727257,65.0
2018-05,CSCO,1081521773.3884962,29.0
2018-05,CVS,562270107.698598,84.0
2018-05,CVX,819982888.2776048,47.0
2018-05,DD,587878738.983953,82.0
2018-05,DIA,1173818621.0420156,23.0
2018-05,DIS,801502317.1998765,50.0
2018-05,EEM,3102677908.997091,11.0
2018-05,EFA,1567564299.4927058,19.0
2018-05,EWJ,497028557.29141843,98.0
2018-05,FXI,1093151774.6190813,27.0
2018-05,GDX,788635293.7504207,51.0
2018-05,GE,986716167.0877275,32.0
2018-05,GILD,522873550.6652711,92.0
2018-05,GLD,827640648.148564,46.0
2018-05,GOOG,1961995050.3261507,16.0
2018-05,GOOGL,2294726527.8980317,14.0
2018-05,GS,782003980.8554028,52.0
2018-05,HD,882358235.505095,41.0
2018-05,HYG,1167371761.5521264,24.0
2018-05,IBM,720013518.6025003,60.0
2018-05,IEFA,487100429.61109704,100.0
2018-05,IEMG,613370647.8615232,79.0
2018-05,INTC,1506862938.315788,21.0
2018-05,IVV,1043287346.0027301,30.0
2018-05,IWM,3207590805.538868,10.0
2018-05,IYR,638872725.990683,75.0
2018-05,JD,517632976.18289524,95.0
2018-05,JNJ,861046938.2768782,43.0
2018-05,JPM,1617008378.8160536,18.0
2018-05,KO,527961509.3198322,90.0
2018-05,LMT,528267492.7917965,89.0
2018-05,LOW,597549292.7608187,81.0
2018-05,LQD,621893215.2825613,77.0
2018-05,LRCX,709848443.1411198,64.0
2018-05,MA,686953432.0799328,67.0
2018-05,MCD,672222122.8212386,69.0
2018-05,META,5690065802.024865,4.0
2018-05,MMM,618565344.1767336,78.0
2018-05,MO,524806417.54028684,91.0
2018-05,MRK,640835851.0857363,74.0
2018-05,MS,522261169.5261577,93.0
2018-05,MSFT,2817978242.5183854,12.0
2018-05,MU,3221683514.800032,9.0
2018-05,NFLX,3285477231.655787,7.0
2018-05,NKE,487247152.444349,99.0
2018-05,NVDA,3416556019.7920423,6.0
2018-05,NXPI,732368552.0889282,59.0
2018-05,ORCL,719849444.7552091,61.0
2018-05,PEP,522245734.35570854,94.0
2018-05,PFE,775601602.1551446,54.0
2018-05,PG,718333470.4209827,63.0
2018-05,PM,603594079.1336544,80.0
2018-05,PYPL,651099926.6426328,72.0
2018-05,QCOM,677818418.2788243,68.0
2018-05,QQQ,6982857095.757766,3.0
2018-05,RTX,514751650.4982307,96.0
2018-05,SPY,24399030648.462547,1.0
2018-05,T,960071009.2345103,34.0
2018-05,TLT,908398044.6662419,38.0
2018-05,TQQQ,950713338.6226532,37.0
2018-05,TSLA,2311773213.1964817,13.0
2018-05,TXN,540542399.7583419,86.0
2018-05,UNH,757926890.8685108,56.0
2018-05,UNP,538269904.6194894,88.0
2018-05,UVXY,505585244.04761904,97.0
2018-05,V,964131300.1639714,33.0
2018-05,VOO,623926116.7442685,76.0
2018-05,VWO,539160956.3717191,87.0
2018-05,VZ,719262404.2631785,62.0
2018-05,WFC,1082292254.9215286,28.0
2018-05,WMT,888862388.1978444,40.0
2018-05,XLE,1105528678.1306555,26.0
2018-05,XLF,1557816630.3834975,20.0
2018-05,XLI,1014668501.2769306,31.0
2018-05,XLK,958453720.440371,35.0
2018-05,XLP,752775831.7678906,57.0
2018-05,XLU,750380733.3126249,58.0
2018-05,XLV,701077196.6696966,66.0
2018-05,XLY,580296968.5725741,83.0
2018-05,XOM,1133504577.5767977,25.0
2018-05,XYZ,654256764.1644977,71.0
2018-06,AAPL,5076840536.424764,4.0
2018-06,ABBV,839418319.7911943,43.0
2018-06,ADBE,685953970.3983368,64.0
2018-06,AMAT,714938545.9374927,58.0
2018-06,AMD,787520136.9139066,47.0
2018-06,AMGN,566513318.8502963,83.0
2018-06,AMZN,6934262252.057756,2.0
2018-06,AVGO,846900651.9335792,42.0
2018-06,BA,1465366937.303525,20.0
2018-06,BABA,3426614777.5531344,7.0
2018-06,BAC,1973022222.7407908,15.0
2018-06,BIDU,936061872.0574515,33.0
2018-06,BKNG,756942459.9275135,52.0
2018-06,BMY,493552360.4817708,97.0
2018-06,BRK-B,781066617.6003592,49.0
2018-06,C,1155542195.741381,24.0
2018-06,CAT,694091112.9778181,60.0
2018-06,CHTR,544142366.3577125,87.0
2018-06,CMCSA,939371647.9148538,32.0
2018-06,COP,509679273.82670814,93.0
2018-06,CRM,638109851.2190561,69.0
2018-06,CSCO,983085067.2392224,30.0
2018-06,CVS,591569023.3480241,76.0
2018-06,CVX,829878059.2266264,44.0
2018-06,DD,567739724.0214329,82.0
2018-06,DIA,1091055400.3908672,26.0
2018-06,DIS,899192324.7900947,38.0
2018-06,EEM,3167631785.524144,8.0
2018-06,EFA,1587680742.2711205,17.0
2018-06,FXI,1027808428.0803014,28.0
2018-06,GDX,721683372.0631644,56.0
2018-06,GE,946889898.3470626,31.0
2018-06,GILD,503515066.772691,95.0
2018-06,GLD,800398633.687095,46.0
2018-06,GOOG,1761775158.8644602,16.0
2018-06,GOOGL,2125975399.1823952,14.0
2018-06,GS,745106392.5738864,54.0
2018-06,HD,864513056.5703377,40.0
2018-06,HYG,1132202042.3919678,25.0
2018-06,IBM,687171852.2250483,63.0
2018-06,IEMG,613389909.8708137,73.0
2018-06,INTC,1448286814.9932134,21.0
2018-06,IVV,936025889.2147003,34.0
2018-06,IWM,3160514743.141368,9.0
2018-06,IYR,630531491.8107532,72.0
2018-06,JD,532212284.63751775,88.0
2018-06,JNJ,818254970.216963,45.0
2018-06,JPM,1567733071.24503,18.0
2018-06,KO,517311652.94896686,91.0
2018-06,LOW,513778398.6566695,92.0
2018-06,LQD,580776524.0714179,79.0
2018-06,LRCX,676121917.8788927,66.0
2018-06,MA,672339854.3150402,67.0
2018-06,MCD,635758437.5934662,70.0
2018-06,META,4221173963.153803,5.0
2018-06,MMM,584397993.9559777,78.0
2018-06,MO,483824164.0136295,100.0
2018-06,MRK,657676333.205853,68.0
2018-06,MS,508787481.1390468,94.0
2018-06,MSFT,2661920153.834994,13.0
2018-06,MU,2790350777.338143,11.0
2018-06,NFLX,3487342945.9514318,6.0
2018-06,NKE,487137523.8632687,99.0
2018-06,NVDA,2987928042.6996627,10.0
2018-06,NXPI,850736076.608228,41.0
2018-06,ORCL,721228865.8256167,57.0
2018-06,PEP,545308573.5126556,86.0
2018-06,PFE,752600253.3661616,53.0
2018-06,PG,689582779.0206788,61.0
2018-06,PM,602476898.5227433,74.0
2018-06,PYPL,634949733.4356399,71.0
2018-06,QCOM,545847711.4633106,85.0
2018-06,QQQ,6293076918.143282,3.0
2018-06,SBUX,571877470.979091,80.0
2018-06,SLB,496718771.4501275,96.0
2018-06,SPOT,492315013.1142268,98.0
2018-06,SPY,21456695253.40513,1.0
2018-06,T,1303721456.403187,22.0
2018-06,TLT,897330717.0200045,39.0
2018-06,TQQQ,786017094.3023076,48.0
2018-06,TSLA,2665623490.4803324,12.0
2018-06,TXN,521118690.92522275,90.0
2018-06,UNH,688751035.0407919,62.0
2018-06,UNP,524160311.042713,89.0
2018-06,V,934709027.1409898,35.0
2018-06,VOO,595123429.0855771,75.0
2018-06,VWO,548992108.3630759,84.0
2018-06,VZ,767296906.2546624,51.0
2018-06,WFC,1020956225.2641951,29.0
2018-06,WMT,781003880.3960619,50.0
2018-06,XLE,1159496289.015004,23.0
2018-06,XLF,1529610561.8588493,19.0
2018-06,XLI,925104735.5834597,36.0
2018-06,XLK,919013987.3852443,37.0
2018-06,XLP,714519093.1364998,59.0
2018-06,XLU,734583100.40239,55.0
2018-06,XLV,677479587.9082937,65.0
2018-06,XLY,568147333.9226253,81.0
2018-06,XOM,1042856855.0871108,27.0
2018-06,XYZ,586574125.9231204,77.0
2018-07,AAPL,4434846300.700378,4.0
2018-07,ABBV,838718493.4316847,43.0
2018-07,ADBE,707875397.859967,56.0
2018-07,AMAT,654131861.5632012,63.0
2018-07,AMD,1003521567.2507815,28.0
2018-07,AMGN,536861321.62117124,85.0
2018-07,AMZN,6792955774.19172,2.0
2018-07,AVGO,1162021233.1278968,23.0
2018-07,BA,1254483721.4729915,22.0
2018-07,BABA,3510882860.5004687,7.0
2018-07,BAC,1908239764.4293528,15.0
2018-07,BIDU,962790849.7063047,33.0
2018-07,BIIB,620578794.2144485,71.0
2018-07,BKNG,747833920.015002,51.0
2018-07,BRK-B,789605390.8874996,47.0
2018-07,C,1131061363.4588695,24.0
2018-07,CAT,637115865.291995,69.0
2018-07,CMCSA,876004506.0366075,40.0
2018-07,COP,455142369.3582565,99.0
2018-07,CRM,685027373.3574277,58.0
2018-07,CSCO,964791249.0070585,32.0
2018-07,CVS,547143490.7318357,82.0
2018-07,CVX,761625534.5600915,49.0
2018-07,DD,512326064.4350384,90.0
2018-07,DIA,998188956.5137106,29.0
2018-07,DIS,914676816.3733588,37.0
2018-07,EEM,3078735759.2932987,9.0
2018-07,EFA,1590441963.8715835,17.0
2018-07,FXI,970237089.1028026,31.0
2018-07,GDX,714011634.2660358,55.0
2018-07,GE,896679379.6735748,39.0
2018-07,GILD,534198444.64727736,86.0
2018-07,GLD,752664717.8413875,50.0
2018-07,GM,468988972.4358695,96.0
2018-07,GOOG,1706205365.561107,16.0
2018-07,GOOGL,2143826599.6199107,14.0
2018-07,GS,671348788.4486849,61.0
2018-07,HD,803792026.1574639,46.0
2018-07,HYG,1036335221.3695223,27.0
2018-07,IBM,614660351.104549,72.0
2018-07,IEMG,647085897.9976593,66.0
2018-07,INTC,1319244071.1880276,21.0
2018-07,IVV,924866380.3724985,36.0
2018-07,IWM,3200506619.735403,8.0
2018-07,IYR,642549932.6762487,68.0
2018-07,JD,538576009.157308,84.0
2018-07,JNJ,827313195.1677837,45.0
2018-07,JPM,1507493695.6753564,19.0
2018-07,KO,490376734.3897017,91.0
2018-07,LMT,440340386.66551375,100.0
2018-07,LOW,461829835.2513631,98.0
2018-07,LQD,585198079.1682289,76.0
2018-07,LRCX,588253022.0973302,75.0
2018-07,MA,674266848.4768095,59.0
2018-07,MCD,583604793.0123223,77.0
2018-07,META,4251293310.525004,5.0
2018-07,MMM,524365915.84855676,88.0
2018-07,MRK,580263099.655355,78.0
2018-07,MS,468222757.457824,97.0
2018-07,MSFT,2648072459.1353884,12.0
2018-07,MU,2587693604.8071847,13.0
2018-07,NFLX,4071770757.231606,6.0
2018-07,NKE,474533838.1660825,95.0
2018-07,NVDA,2673426107.479368,11.0
2018-07,NXPI,935863315.0399224,35.0
2018-07,ORCL,838525472.4741073,44.0
2018-07,PEP,646137375.9334503,67.0
2018-07,PFE,734452117.2440003,53.0
2018-07,PG,648468376.6772679,65.0
2018-07,PM,522540596.883138,89.0
2018-07,PYPL,673425311.9363694,60.0
2018-07,QCOM,579283770.1119922,79.0
2018-07,QQQ,5894511497.768753,3.0
2018-07,RTX,486081071.42127395,93.0
2018-07,SBUX,612210740.4687064,73.0
2018-07,SLB,478139339.1209557,94.0
2018-07,SPY,19147422127.079556,1.0
2018-07,T,1422659010.6170127,20.0
2018-07,TLT,874047451.3183594,41.0
2018-07,TQQQ,664841954.7437395,62.0
2018-07,TSLA,2693822620.0735455,10.0
2018-07,TXN,489954283.37187994,92.0
2018-07,UNH,633006295.1571994,70.0
2018-07,UNP,528924769.13255966,87.0
2018-07,V,975156018.647972,30.0
2018-07,VOO,568652712.1039981,80.0
2018-07,VWO,558552764.0565115,81.0
2018-07,VZ,732802780.94041,54.0
2018-07,WFC,1043261454.618569,26.0
2018-07,WMT,734530458.200482,52.0
2018-07,XLE,1096229891.1442468,25.0
2018-07,XLF,1520732385.8721325,18.0
2018-07,XLI,863660455.2773733,42.0
2018-07,XLK,899518383.1024534,38.0
2018-07,XLP,697426629.6456897,57.0
2018-07,XLU,769724717.731385,48.0
2018-07,XLV,652882432.7307686,64.0
2018-07,XLY,545798468.3893355,83.0
2018-07,XOM,960562450.2889118,34.0
2018-07,XYZ,604612252.9279739,74.0
2018-08,AAPL,4984612688.111563,4.0
2018-08,ABBV,594469192.0011005,73.0
2018-08,ADBE,722533341.2020003,52.0
2018-08,AMAT,576195529.9447256,77.0
2018-08,AMD,1549638121.8826401,18.0
2018-08,AMGN,483733447.20841664,91.0
2018-08,AMZN,7844084133.571322,2.0
2018-08,AVGO,1126254123.9325206,23.0
2018-08,BA,1120191967.8708515,24.0
2018-08,BABA,3825812206.950015,7.0
2018-08,BAC,1739411838.146449,15.0
2018-08,BIDU,857709699.9605209,35.0
2018-08,BIIB,578564597.6630317,75.0
2018-08,BKNG,823299514.9352058,40.0
2018-08,BRK-B,788491287.857419,47.0
2018-08,C,1050425004.8368303,26.0
2018-08,CAT,625982846.5843079,64.0
2018-08,CHTR,435489863.4791783,99.0
2018-08,CMCSA,804496818.3703456,43.0
2018-08,CRM,711372617.1889048,53.0
2018-08,CSCO,914861452.298125,33.0
2018-08,CVS,509343728.74200004,84.0
2018-08,CVX,673345811.8827456,58.0
2018-08,DD,504977976.8575051,86.0
2018-08,DIA,990625080.3049723,28.0
2018-08,DIS,834189741.0502963,39.0
2018-08,EEM,3007592358.096289,10.0
2018-08,EFA,1563230493.5748389,17.0
2018-08,FXI,1060792638.0385928,25.0
2018-08,GDX,801373499.2658888,46.0
2018-08,GE,803046117.2215261,45.0
2018-08,GILD,489582658.887845,87.0
2018-08,GLD,742290828.8232591,51.0
2018-08,GM,437138780.3485144,98.0
2018-08,GOOG,1672889920.5686781,16.0
2018-08,GOOGL,2118383375.0260367,13.0
2018-08,GS,647600612.2851417,60.0
2018-08,HD,761408537.9376608,50.0
2018-08,HYG,917979556.1372424,32.0
2018-08,IBM,590204260.3715842,74.0
2018-08,IEMG,657716866.9576069,59.0
2018-08,INTC,1272434721.7613704,22.0
2018-08,IVV,968012520.0016567,30.0
2018-08,IWM,3172476293.88762,9.0
2018-08,IYR,598604019.317954,71.0
2018-08,JD,570205187.1692779,79.0
2018-08,JNJ,806463794.3856617,42.0
2018-08,JPM,1437590311.1304388,20.0
2018-08,KO,481647509.7492339,92.0
2018-08,LQD,626165222.8392586,63.0
2018-08,LRCX,557379933.6644733,82.0
2018-08,MA,622900350.5489774,65.0
2018-08,MCD,574762603.7046887,78.0
2018-08,META,4599844130.018688,5.0
2018-08,MMM,447866299.5791309,94.0
2018-08,MRK,557680221.7945714,81.0
2018-08,MS,444921810.89034307,96.0
2018-08,MSFT,2609603395.8356223,11.0
2018-08,MU,2011711888.1450713,14.0
2018-08,NFLX,4436391311.612295,6.0
2018-08,NKE,484563612.0271713,89.0
2018-08,NVDA,2532202329.95769,12.0
2018-08,NXPI,808498612.2216119,41.0
2018-08,ORCL,879466120.6113664,34.0
2018-08,PEP,617299836.8882315,68.0
2018-08,PFE,776868495.985087,49.0
2018-08,PG,618596031.4385792,67.0
2018-08,PM,479500567.2994341,93.0
2018-08,PYPL,620040481.300463,66.0
2018-08,QCOM,637193644.8742094,61.0
2018-08,QQQ,5904400178.118557,3.0
2018-08,RTX,483928799.339682,90.0
2018-08,SBUX,636365502.663573,62.0
2018-08,SLB,439458598.1090001,97.0
2018-08,SPY,18010826161.20048,1.0
2018-08,STZ,445462184.2448159,95.0
2018-08,T,1392753178.38058,21.0
2018-08,TLT,804144507.2195871,44.0
2018-08,TQQQ,612687367.6298232,69.0
2018-08,TSLA,3443176490.9106207,8.0
2018-08,TXN,486090524.1636004,88.0
2018-08,UNH,598664634.917777,70.0
2018-08,UNP,507788162.8424508,85.0
2018-08,V,972834764.0881493,29.0
2018-08,VOO,595398662.7931625,72.0
2018-08,VWO,578300263.6311122,76.0
2018-08,VZ,710225178.8870434,54.0
2018-08,WFC,1037066600.4144759,27.0
2018-08,WMT,699513143.435233,56.0
2018-08,WYNN,427911026.7407614,100.0
2018-08,XLE,936315488.6326503,31.0
2018-08,XLF,1474178002.2150252,19.0
2018-08,XLI,835211521.6345288,38.0
2018-08,XLK,854848149.9016172,36.0
2018-08,XLP,702143225.8011893,55.0
2018-08,XLU,779071619.2334856,48.0
2018-08,XLV,563629551.8472823,80.0
2018-08,XLY,545649257.4060955,83.0
2018-08,XOM,844869364.8065597,37.0
2018-08,XYZ,688489102.4518573,57.0
2018-09,AAPL,5946237991.85481,3.0
2018-09,ABBV,531758610.7517787,81.0
2018-09,ADBE,693682026.1868916,55.0
2018-09,AMAT,514272444.92776054,86.0
2018-09,AMD,2669429290.49006,11.0
2018-09,AMGN,477046580.774386,90.0
2018-09,AMZN,8644032283.770365,2.0
2018-09,AVGO,1197715464.3597376,21.0
2018-09,BA,1050001822.2586496,26.0
2018-09,BABA,3776759439.5249867,7.0
2018-09,BAC,1654505470.6679115,17.0
2018-09,BIDU,728369656.9978744,53.0
2018-09,BIIB,575752251.5802777,75.0
2018-09,BKNG,830107592.0150393,40.0
2018-09,BRK-B,808500374.316479,44.0
2018-09,C,1008231649.5747037,28.0
2018-09,CAT,618825289.7955517,68.0
2018-09,CGC,452184917.226531,96.0
2018-09,CI,488247889.91972905,89.0
2018-09,CMCSA,691163456.3107897,56.0
2018-09,CRM,736538553.136214,52.0
2018-09,CSCO,896842567.6021637,31.0
2018-09,CVS,504172547.3453461,88.0
2018-09,CVX,638061597.1920438,63.0
2018-09,DD,509532531.8223669,87.0
2018-09,DIA,887677491.8484643,33.0
2018-09,DIS,766843782.9482669,49.0
2018-09,EEM,2865683565.7056537,10.0
2018-09,EFA,1453856995.4364474,18.0
2018-09,FXI,1129810017.2774541,23.0
2018-09,GDX,862594307.6523949,37.0
2018-09,GE,738443763.5167757,51.0
2018-09,GILD,475533457.16138566,92.0
2018-09,GLD,684784388.9138358,58.0
2018-09,GOOG,1708935360.4564364,16.0
2018-09,GOOGL,2158185259.3234835,14.0
2018-09,GS,626319100.4470098,66.0
2018-09,HD,770508825.5324833,48.0
2018-09,HYG,972688216.0183498,29.0
2018-09,IBM,629210489.5750852,65.0
2018-09,IEMG,698342308.3160158,54.0
2018-09,INTC,1121257053.5969083,24.0
2018-09,IVV,955006313.9079261,30.0
2018-09,IWM,2949550537.240092,9.0
2018-09,IYR,616684120.8607628,69.0
2018-09,JD,565553513.5429382,76.0
2018-09,JNJ,827257372.7897644,42.0
2018-09,JPM,1377322542.9508028,19.0
2018-09,KO,458883730.3239005,95.0
2018-09,LOW,465168777.43925065,93.0
2018-09,LQD,637584172.6833525,64.0
2018-09,LRCX,464974237.496482,94.0
2018-09,MA,644718286.0145447,62.0
2018-09,MCD,533727857.6106238,80.0
2018-09,META,4815073813.376194,5.0
2018-09,MMM,444342369.99920386,99.0
2018-09,MRK,524064626.1577356,84.0
2018-09,MSFT,2595499592.33218,12.0
2018-09,MU,1819077668.2384489,15.0
2018-09,NFLX,3994033881.1639757,6.0
2018-09,NKE,526622358.08741254,83.0
2018-09,NVDA,2436366170.0561466,13.0
2018-09,NXPI,786656956.1636789,47.0
2018-09,ORCL,894164132.6867481,32.0
2018-09,PEP,576720288.1243509,74.0
2018-09,PFE,788555269.8307066,46.0
2018-09,PG,586764007.6029459,73.0
2018-09,PM,448384581.1018929,98.0
2018-09,PYPL,645341020.2127002,61.0
2018-09,QCOM,815210617.0893836,43.0
2018-09,QQQ,5797520933.134218,4.0
2018-09,ROKU,442215551.2717595,100.0
2018-09,RTX,476158078.4971223,91.0
2018-09,SBUX,520212254.94700235,85.0
2018-09,SLB,448400791.4054568,97.0
2018-09,SPY,17200252831.138973,1.0
2018-09,T,1131422529.2855442,22.0
2018-09,TLRY,858661974.338732,38.0
2018-09,TLT,828408500.3717816,41.0
2018-09,TQQQ,609953031.4607408,70.0
2018-09,TSLA,3230010175.001826,8.0
2018-09,TXN,536065396.4083111,79.0
2018-09,UNH,620266133.8038611,67.0
2018-09,UNP,598224450.8896843,72.0
2018-09,V,1020956829.7960554,27.0
2018-09,VOO,598367401.5495664,71.0
2018-09,VWO,549426122.4404168,78.0
2018-09,VZ,686776246.0336776,57.0
2018-09,WFC,1079608337.3667703,25.0
2018-09,WMT,664354880.3648359,59.0
2018-09,XLE,876408778.362153,34.0
2018-09,XLF,1369995881.7547934,20.0
2018-09,XLI,802330880.5396065,45.0
2018-09,XLK,865061343.2021731,35.0
2018-09,XLP,654541877.930299,60.0
2018-09,XLU,759969102.4645427,50.0
2018-09,XLV,561757265.7358199,77.0
2018-09,XLY,530870695.63874745,82.0
2018-09,XOM,840351888.5021755,39.0
2018-09,XYZ,863902023.7717402,36.0
2018-10,AAPL,7092185812.308611,4.0
2018-10,ADBE,881263500.9986272,47.0
2018-10,AMAT,515875697.26675427,95.0
2018-10,AMD,3266083154.8999243,10.0
2018-10,AMGN,528516827.4501498,90.0
2018-10,AMZN,10695252621.11022,2.0
2018-10,AVGO,845291054.9856821,54.0
2018-10,BA,1264541824.2198641,23.0
2018-10,BABA,3962246433.591885,7.0
2018-10,BAC,1790228628.551162,17.0
2018-10,BIDU,673494727.4326143,73.0
2018-10,BKNG,866311183.1071641,49.0
2018-10,BRK-B,909089503.9099072,45.0
2018-10,C,1084349723.5096765,32.0
2018-10,CAT,753303556.2169272,67.0
2018-10,CGC,657586080.4477485,75.0
2018-10,CI,522632735.9059894,93.0
2018-10,CMCSA,767549097.6078604,64.0
2018-10,COST,530721952.96967524,89.0
2018-10,CRM,848039739.272829,53.0
2018-10,CSCO,965898003.8667588,37.0
2018-10,CVS,548383176.8202524,85.0
2018-10,CVX,695545771.40027,70.0
2018-10,DD,618998932.3889295,79.0
2018-10,DIA,1222568459.8650734,25.0
2018-10,DIS,807012932.8602382,57.0
2018-10,EEM,3163561096.96031,11.0
2018-10,EFA,1959742874.9371665,15.0
2018-10,EWJ,520901282.2448125,94.0
2018-10,FTV,542539355.9784696,87.0
2018-10,FXI,1301776497.879319,22.0
2018-10,GDX,945618110.8522841,40.0
2018-10,GE,997019809.2898083,36.0
2018-10,GLD,834064374.6246338,55.0
2018-10,GOOG,1884451478.3041818,16.0
2018-10,GOOGL,2277370615.992107,14.0
2018-10,GS,655424149.1812085,76.0
2018-10,HD,928396351.0878063,42.0
2018-10,HYG,1323598467.82935,21.0
2018-10,IBM,803767498.9442118,58.0
2018-10,IEFA,513929069.74178493,97.0
2018-10,IEMG,749597680.4751744,68.0
2018-10,INTC,1262723045.3347101,24.0
2018-10,IVV,1183935230.7437956,29.0
2018-10,IWM,3723865703.2895284,8.0
2018-10,IYR,670131912.7255152,74.0
2018-10,JD,543238234.4267013,86.0
2018-10,JNJ,874116165.857854,48.0
2018-10,JPM,1557999269.7115943,20.0
2018-10,KO,532893028.9200253,88.0
2018-10,LIN,598114358.1695799,82.0
2018-10,LOW,526875764.6677774,91.0
2018-10,LQD,781864518.0301242,62.0
2018-10,MA,791332095.7997882,59.0
2018-10,MCD,615562816.0634843,80.0
2018-10,META,4188671722.05268,5.0
2018-10,MPC,513869746.6726757,98.0
2018-10,MRK,652833472.4489173,78.0
2018-10,MSFT,3149593267.398919,12.0
2018-10,MU,1669279685.322268,18.0
2018-10,NFLX,3979168217.917397,6.0
2018-10,NKE,604044738.4190878,81.0
2018-10,NVDA,2956266327.9190364,13.0
2018-10,NXPI,594914626.3205755,83.0
2018-10,ORCL,885960514.2424508,46.0
2018-10,PEP,504213109.44582015,100.0
2018-10,PFE,910356384.3441067,44.0
2018-10,PG,724568150.1608227,69.0
2018-10,PYPL,784383273.9495171,60.0
2018-10,QCOM,952239491.5776268,38.0
2018-10,QQQ,8544878764.018928,3.0
2018-10,ROKU,526753853.36610705,92.0
2018-10,RTX,507639959.01124126,99.0
2018-10,SBUX,561951254.4949607,84.0
2018-10,SPY,24290374118.155296,1.0
2018-10,STZ,515498929.19907343,96.0
2018-10,T,1119596433.8614213,31.0
2018-10,TLRY,917915582.1914455,43.0
2018-10,TLT,1013379292.5076923,35.0
2018-10,TQQQ,780876007.9651121,63.0
2018-10,TSLA,3518119779.6617694,9.0
2018-10,TXN,693452837.9633101,72.0
2018-10,UNH,757063854.3185763,66.0
2018-10,UNP,693456334.5301068,71.0
2018-10,V,1186787211.9144258,28.0
2018-10,VOO,767330516.3615878,65.0
2018-10,VWO,653200151.9628918,77.0
2018-10,VZ,855933757.8035567,51.0
2018-10,WFC,1130686116.7234633,30.0
2018-10,WMT,821903653.8695835,56.0
2018-10,XLE,1043566947.8197613,33.0
2018-10,XLF,1629035503.0606315,19.0
2018-10,XLI,1014571849.7411093,34.0
2018-10,XLK,1217596219.1961863,27.0
2018-10,XLP,850104920.1716105,52.0
2018-10,XLU,929024264.506343,41.0
2018-10,XLV,859314797.0582024,50.0
2018-10,XLY,784106419.2409576,61.0
2018-10,XOM,946717812.4507359,39.0
2018-10,XYZ,1218777460.4231215,26.0
2018-11,AAPL,8079269343.166485,4.0
2018-11,ABBV,561946032.6712351,91.0
2018-11,ADBE,987941416.8919882,43.0
2018-11,AMD,3223911894.6259813,11.0
2018-11,AMGN,571164604.3738471,89.0
2018-11,AMZN,11618157889.978317,2.0
2018-11,AVGO,871842795.3052521,60.0
2018-11,BA,1410988074.132235,23.0
2018-11,BABA,3470941361.5972366,9.0
2018-11,BAC,1812432833.9006665,17.0
2018-11,BIDU,590691772.5630987,87.0
2018-11,BKNG,789273400.8949522,70.0
2018-11,BRK-B,966272582.5165279,48.0
2018-11,C,1157331006.4837441,34.0
2018-11,CAT,821718800.1134843,67.0
2018-11,CGC,616604697.660537,84.0
2018-11,CMCSA,855512507.3195711,63.0
2018-11,COST,569900314.0912737,90.0
2018-11,CRM,959317816.0648285,50.0
2018-11,CSCO,1063164129.078868,37.0
2018-11,CVS,628976194.5814223,82.0
2018-11,CVX,777590207.1987818,71.0
2018-11,DD,670236406.8770525,80.0
2018-11,DIA,1301875728.869532,29.0
2018-11,DIS,911485690.356954,54.0
2018-11,EEM,3418396581.7304516,10.0
2018-11,EFA,2202706649.481825,15.0
2018-11,EWJ,591823567.9768275,86.0
2018-11,FTV,536611163.98361,96.0
2018-11,FXI,1456299019.4132185,22.0
2018-11,GDX,877910376.4329182,59.0
2018-11,GE,1244602022.6861825,30.0
2018-11,GLD,934750608.0051119,52.0
2018-11,GOOG,2000835697.4286277,16.0
2018-11,GOOGL,2338705673.8479857,14.0
2018-11,GS,731590174.158829,75.0
2018-11,HD,1045588208.896964,40.0
2018-11,HYG,1736074351.927076,19.0
2018-11,IBM,908749669.6104681,55.0
2018-11,IEFA,580881123.8242558,88.0
2018-11,IEMG,885484645.352185,58.0
2018-11,INTC,1329332784.253947,27.0
2018-11,IVV,1310804697.1513052,28.0
2018-11,IWM,3862517666.8738227,7.0
2018-11,IYR,717885431.5705677,76.0
2018-11,JNJ,987855159.8542229,44.0
2018-11,JNK,544564932.8746034,93.0
2018-11,JPM,1665886084.307716,20.0
2018-11,KO,599891526.283894,85.0
2018-11,LIN,717117377.8835236,77.0
2018-11,LOW,533234724.61161536,97.0
2018-11,LQD,953216799.2492918,51.0
2018-11,MA,904497862.9046243,56.0
2018-11,MCD,694163688.2941352,79.0
2018-11,META,3979770461.8523974,6.0
2018-11,MMM,525152045.3444061,99.0
2018-11,MPC,542226327.1145412,95.0
2018-11,MRK,805389859.5318938,69.0
2018-11,MSFT,3671557911.4608884,8.0
2018-11,MU,1498074712.7506132,21.0
2018-11,NFLX,4074790509.54631,5.0
2018-11,NKE,617760333.3676413,83.0
2018-11,NVDA,2986986003.6238413,12.0
2018-11,NXPI,524111971.9468616,100.0
2018-11,ORCL,964782496.9160837,49.0
2018-11,PFE,974672342.2975614,46.0
2018-11,PG,866605256.0256836,61.0
2018-11,PYPL,831161641.1256214,65.0
2018-11,QCOM,1053362193.9949036,39.0
2018-11,QQQ,9913354933.055986,3.0
2018-11,RTX,636340718.5285035,81.0
2018-11,SBUX,760482188.6047182,73.0
2018-11,SLB,556110457.0378803,92.0
2018-11,SPY,27619600740.40387,1.0
2018-11,T,1190244280.9793558,32.0
2018-11,TLRY,926915528.9873105,53.0
2018-11,TLT,1037448739.4861009,41.0
2018-11,TQQQ,865950737.4534668,62.0
2018-11,TSLA,2934048937.255496,13.0
2018-11,TXN,754961728.7538196,74.0
2018-11,UNH,899497442.6362537,57.0
2018-11,UNP,760589730.7603866,72.0
2018-11,UVXY,542924673.8095238,94.0
2018-11,V,1370048960.5891879,24.0
2018-11,VEA,527136087.9757412,98.0
2018-11,VOO,817485891.8020581,68.0
2018-11,VWO,709883758.8740878,78.0
2018-11,VZ,976912926.7877306,45.0
2018-11,WFC,1166301226.3723888,33.0
2018-11,WMT,828548067.2033129,66.0
2018-11,XLE,1193433651.5434144,31.0
2018-11,XLF,1772007650.0359159,18.0
2018-11,XLI,1148367635.719275,35.0
2018-11,XLK,1341487031.5772526,26.0
2018-11,XLP,973821342.6002744,47.0
2018-11,XLU,1069712293.4245216,36.0
2018-11,XLV,1002399045.6937275,42.0
2018-11,XLY,849319674.0144639,64.0
2018-11,XOM,1058879009.4919598,38.0
2018-11,XYZ,1359934745.1539237,25.0
2018-12,AAPL,8018806079.618085,4.0
2018-12,ABBV,590620386.9071476,95.0
2018-12,ADBE,1083785319.7925143,48.0
2018-12,AGG,610501992.9038032,91.0
2018-12,AMD,2338275468.1997204,15.0
2018-12,AMGN,593680307.9647003,94.0
2018-12,AMZN,12468249314.077711,2.0
2018-12,AVGO,888768315.3504568,66.0
2018-12,BA,1510637336.3182917,25.0
2018-12,BABA,3153155904.8871965,10.0
2018-12,BAC,2020579329.1985526,19.0
2018-12,BIDU,589811563.5461959,96.0
2018-12,BKNG,789891482.6929002,75.0
2018-12,BRK-B,1077917650.17567,50.0
2018-12,C,1298020966.8191273,32.0
2018-12,CAT,852374642.0650663,71.0
2018-12,CMCSA,846928200.2857916,73.0
2018-12,COST,627189027.2397238,88.0
2018-12,CRM,997447593.6344692,58.0
2018-12,CSCO,1215930337.403052,40.0
2018-12,CVS,678915404.4659024,86.0
2018-12,CVX,864141240.0949872,69.0
2018-12,DD,715313161.9272933,82.0
2018-12,DIA,1553642506.2773447,23.0
2018-12,DIS,941358504.0970696,62.0
2018-12,EEM,3840607157.7647495,9.0
2018-12,EFA,2883387463.7932067,12.0
2018-12,EWJ,742569363.1929427,79.0
2018-12,FXI,1566786301.0497684,22.0
2018-12,GDX,1008906965.3319736,56.0
2018-12,GE,1291239807.7615383,33.0
2018-12,GLD,1096390446.8398926,45.0
2018-12,GOOG,2122575798.1177435,16.0
2018-12,GOOGL,2373387510.364472,14.0
2018-12,GS,824252205.1967076,74.0
2018-12,HD,1084417587.5479078,47.0
2018-12,HYG,2076243642.9285321,17.0
2018-12,IBM,896348811.0079504,64.0
2018-12,IEFA,877315786.9175018,67.0
2018-12,IEMG,1110743053.2389324,43.0
2018-12,INTC,1409452720.9368327,27.0
2018-12,IVV,1686872663.7936304,21.0
2018-12,IWM,4464939835.232362,5.0
2018-12,IYR,780614354.2614528,77.0
2018-12,JNJ,1331674544.728694,29.0
2018-12,JNK,617995601.77028,89.0
2018-12,JPM,1912223304.4885907,20.0
2018-12,KO,695263528.6827269,83.0
2018-12,LIN,781204390.3075688,76.0
2018-12,LQD,1044245026.2521532,51.0
2018-12,MA,1000638971.6389489,57.0
2018-12,MCD,727120806.182498,80.0
2018-12,META,3879407019.727144,8.0
2018-12,MO,586253812.8205193,97.0
2018-12,MRK,984379675.868397,60.0
2018-12,MS,580928329.1573176,99.0
2018-12,MSFT,4369059522.849649,6.0
2018-12,MU,1262049609.8177593,36.0
2018-12,NFLX,4077065209.7424097,7.0
2018-12,NKE,606963111.3845098,93.0
2018-12,NVDA,3014422641.6411777,11.0
2018-12,ORCL,1023730757.6529367,54.0
2018-12,PEP,581638594.4945562,98.0
2018-12,PFE,1104118754.0947974,44.0
2018-12,PG,1014760698.9961897,55.0
2018-12,PYPL,850249301.951696,72.0
2018-12,QCOM,995443739.9390266,59.0
2018-12,QQQ,11518654031.826008,3.0
2018-12,RTX,720515279.0829241,81.0
2018-12,SBUX,859667734.1261061,70.0
2018-12,SLB,608893895.3594995,92.0
2018-12,SPY,34525182907.417465,1.0
2018-12,T,1285194280.5308125,34.0
2018-12,TLT,1156850170.1035879,42.0
2018-12,TQQQ,1028723109.8972684,53.0
2018-12,TSLA,2849313287.588119,13.0
2018-12,TXN,764030610.0321695,78.0
2018-12,UNH,1037418756.6875882,52.0
2018-12,UNP,693975194.8313395,84.0
2018-12,UVXY,635084138.4920635,87.0
2018-12,V,1540236405.1562717,24.0
2018-12,VEA,876545760.792923,68.0
2018-12,VNQ,616023499.8012118,90.0
2018-12,VOO,1085262707.191758,46.0
2018-12,VTI,687904120.8185347,85.0
2018-12,VWO,891325431.8640935,65.0
2018-12,VZ,1079435575.2465262,49.0
2018-12,WFC,1258340174.8605213,37.0
2018-12,WMT,906905897.0059894,63.0
2018-12,XLB,576765549.667322,100.0
2018-12,XLE,1376232009.5777845,28.0
2018-12,XLF,2050884895.671457,18.0
2018-12,XLI,1298961660.6194875,31.0
2018-12,XLK,1458981216.406565,26.0
2018-12,XLP,1252452858.9636545,38.0
2018-12,XLU,1238265436.0022771,39.0
2018-12,XLV,1271537173.8117278,35.0
2018-12,XLY,972242573.1583126,61.0
2018-12,XOM,1196166297.1307786,41.0
2018-12,XYZ,1316308210.654062,30.0
2019-01,AAPL,7534946029.186164,4.0
2019-01,ABBV,666331296.1408706,84.0
2019-01,ADBE,954867405.8421302,58.0
2019-01,AGG,656037275.3498744,86.0
2019-01,AMD,2116809288.18185,15.0
2019-01,AMGN,620228917.2458951,92.0
2019-01,AMZN,11418719893.699766,2.0
2019-01,AVGO,936153825.4370614,60.0
2019-01,BA,1498797199.328904,22.0
2019-01,BABA,2878727967.946758,11.0
2019-01,BAC,2001558518.6698065,17.0
2019-01,BKNG,801253605.7862781,72.0
2019-01,BMY,653933082.5748141,87.0
2019-01,BRK-B,1061370456.1809721,48.0
2019-01,C,1288671444.5193214,28.0
2019-01,CAT,757264420.9485978,74.0
2019-01,CI,571225759.8844498,98.0
2019-01,CMCSA,822035945.1288469,70.0
2019-01,CRM,950387749.6075585,59.0
2019-01,CSCO,1164777119.2358108,37.0
2019-01,CVS,717172240.1989408,78.0
2019-01,CVX,854840547.3395574,68.0
2019-01,DD,690556883.7607532,82.0
2019-01,DIA,1291015582.1290517,27.0
2019-01,DIS,916333603.1257993,62.0
2019-01,EEM,3858731885.7823567,9.0
2019-01,EFA,2601943886.6153355,12.0
2019-01,EWJ,649719551.7675127,89.0
2019-01,FXI,1485596361.587924,23.0
2019-01,GDX,974086614.0078106,55.0
2019-01,GE,1185338692.598136,34.0
2019-01,GLD,1091971067.5064209,46.0
2019-01,GOOG,1895563280.9678335,18.0
2019-01,GOOGL,2086319266.5201824,16.0
2019-01,GS,848124628.9443728,69.0
2019-01,HD,1003410104.9953158,53.0
2019-01,HYG,2200340833.796692,14.0
2019-01,IBM,806268236.2766039,71.0
2019-01,IEFA,901476820.2922094,65.0
2019-01,IEMG,1177240021.8558176,35.0
2019-01,INTC,1368981077.4717724,25.0
2019-01,IVV,1641560516.9901772,21.0
2019-01,IWD,562653544.9282207,100.0
2019-01,IWM,3865830164.702364,7.0
2019-01,IYR,742035853.7113734,76.0
2019-01,JNJ,1364913617.700595,26.0
2019-01,JNK,641558213.3684268,90.0
2019-01,JPM,1757645023.9052303,20.0
2019-01,KO,709631571.1896564,79.0
2019-01,LIN,613030460.946849,94.0
2019-01,LQD,1131687037.205687,43.0
2019-01,MA,929724666.3728018,61.0
2019-01,MCD,703972390.7930404,80.0
2019-01,MDT,567648062.1453179,99.0
2019-01,META,3862811094.381738,8.0
2019-01,MO,666075881.3931117,85.0
2019-01,MRK,1052962794.2068689,50.0
2019-01,MS,590300153.9653354,96.0
2019-01,MSFT,4152506119.5080833,5.0
2019-01,MU,1215122063.4383001,30.0
2019-01,NFLX,3966119891.4213934,6.0
2019-01,NKE,575658072.5811671,97.0
2019-01,NVDA,2908105643.704672,10.0
2019-01,ORCL,966999379.5695531,57.0
2019-01,PEP,594815748.5690889,95.0
2019-01,PFE,1146250298.69138,39.0
2019-01,PG,1014371669.281684,52.0
2019-01,PYPL,777522949.918535,73.0
2019-01,QCOM,992502173.8079252,54.0
2019-01,QQQ,9357450065.97651,3.0
2019-01,RTX,735344295.5151716,77.0
2019-01,SBUX,909215611.8935418,63.0
2019-01,SLB,632259305.8519515,91.0
2019-01,SPY,30954414967.41059,1.0
2019-01,T,1207269581.2761283,32.0
2019-01,TLT,1098870110.5688913,45.0
2019-01,TQQQ,972086357.7563573,56.0
2019-01,TSLA,2488727230.8049884,13.0
2019-01,TXN,697380042.4499996,81.0
2019-01,UNH,1052941992.2399611,51.0
2019-01,UNP,687747663.0085294,83.0
2019-01,V,1455326636.011069,24.0
2019-01,VEA,907659016.9738286,64.0
2019-01,VNQ,617011521.3801429,93.0
2019-01,VOO,1055529155.3587414,49.0
2019-01,VTI,652912624.9547201,88.0
2019-01,VWO,870951763.354141,66.0
2019-01,VZ,1062756891.4795285,47.0
2019-01,WFC,1208410280.7034507,31.0
2019-01,WMT,858249838.217263,67.0
2019-01,XLE,1256679380.4717352,29.0
2019-01,XLF,1782598077.5135221,19.0
2019-01,XLI,1142506519.0616062,40.0
2019-01,XLK,1122348670.4820845,44.0
2019-01,XLP,1135868433.9474087,42.0
2019-01,XLU,1165146422.8680506,36.0
2019-01,XLV,1136922279.3447585,41.0
2019-01,XLY,756294917.1914237,75.0
2019-01,XOM,1149468458.6036804,38.0
2019-01,XYZ,1205792686.5033832,33.0
2019-02,AAPL,6110889563.846019,4.0
2019-02,ABBV,590278587.7655877,96.0
2019-02,ADBE,889698513.6081756,61.0
2019-02,AGG,686614468.7411596,79.0
2019-02,AMD,1990319950.6714745,16.0
2019-02,AMGN,621588211.7612324,90.0
2019-02,AMZN,10071094748.351809,2.0
2019-02,AVGO,905336716.2296659,60.0
2019-02,BA,1591147067.7618117,20.0
2019-02,BABA,2528083849.1289654,11.0
2019-02,BAC,1974385714.365614,17.0
2019-02,BKNG,787325767.2418867,73.0
2019-02,BMY,817635247.4533081,69.0
2019-02,BRK-B,1027233135.6029692,47.0
2019-02,C,1209107888.44507,28.0
2019-02,CAT,683754081.9702512,81.0
2019-02,CI,600708340.3066968,94.0
2019-02,CMCSA,792887979.9325001,72.0
2019-02,CRM,928072499.7094896,57.0
2019-02,CSCO,1155092477.7183714,31.0
2019-02,CVS,801670496.0032266,71.0
2019-02,CVX,811701059.4256083,70.0
2019-02,DD,681496376.7459319,83.0
2019-02,DIA,1174426354.1544597,30.0
2019-02,DIS,925802245.2379742,59.0
2019-02,EEM,3661424741.24992,7.0
2019-02,EFA,2386906834.790972,13.0
2019-02,EWJ,621086206.7924075,91.0
2019-02,FXI,1389597857.8963325,23.0
2019-02,GDX,1050432339.350858,44.0
2019-02,GE,1033463490.0181817,46.0
2019-02,GLD,1066730488.4121366,42.0
2019-02,GOOG,1838685495.031811,18.0
2019-02,GOOGL,2038134857.3295956,14.0
2019-02,GS,742818020.7130554,77.0
2019-02,HD,942694460.6173319,56.0
2019-02,HYG,2037010805.3842816,15.0
2019-02,IBM,647883078.48947,87.0
2019-02,IEF,591466846.8529837,95.0
2019-02,IEFA,857473470.2750676,64.0
2019-02,IEMG,1131082033.346691,34.0
2019-02,INTC,1315019073.2067957,25.0
2019-02,IVV,1588466149.4354975,21.0
2019-02,IWM,3715249088.6337643,6.0
2019-02,IYR,786482960.4632059,75.0
2019-02,JNJ,1304690327.5161138,26.0
2019-02,JNK,606280639.2872204,93.0
2019-02,JPM,1662589839.5721192,19.0
2019-02,KO,786915187.3748719,74.0
2019-02,LLY,960064070.3810192,54.0
2019-02,LQD,1108756212.4271212,35.0
2019-02,MA,879750028.2571702,62.0
2019-02,MCD,713513415.9058828,78.0
2019-02,MDT,560224739.946989,100.0
2019-02,META,3454900856.581697,9.0
2019-02,MO,643202556.8518261,89.0
2019-02,MRK,995649896.4671619,51.0
2019-02,MS,577064395.9964389,98.0
2019-02,MSFT,3776740598.984588,5.0
2019-02,MU,1292296862.6489186,27.0
2019-02,NFLX,3647572971.7947035,8.0
2019-02,NKE,564882135.055106,99.0
2019-02,NVDA,2552479724.9226346,10.0
2019-02,ORCL,928006257.7596877,58.0
2019-02,PEP,617387488.5069348,92.0
2019-02,PFE,1132412202.4042692,33.0
2019-02,PG,996321774.2426554,50.0
2019-02,PYPL,771302683.9618622,76.0
2019-02,QCOM,865537194.3869455,63.0
2019-02,QQQ,7819266680.090961,3.0
2019-02,RTX,681634052.0951558,82.0
2019-02,SBUX,848111611.1627609,67.0
2019-02,SLB,581403657.8382583,97.0
2019-02,SPY,28654575555.754185,1.0
2019-02,T,1176974794.7107637,29.0
2019-02,TLT,1107460062.9470825,36.0
2019-02,TQQQ,949879771.8617817,55.0
2019-02,TSLA,2405345596.148445,12.0
2019-02,TXN,658513492.3194885,86.0
2019-02,UNH,1100720657.5502667,37.0
2019-02,UNP,684283567.3570906,80.0
2019-02,V,1371777331.406451,24.0
2019-02,VEA,850851677.8811439,65.0
2019-02,VNQ,674098570.9578015,84.0
2019-02,VOO,1065104185.5444287,43.0
2019-02,VTI,645706732.6295762,88.0
2019-02,VWO,849160860.5265602,66.0
2019-02,VZ,981812788.3345891,53.0
2019-02,WFC,1136809323.241812,32.0
2019-02,WMT,831130980.582437,68.0
2019-02,XLE,1079454215.7434735,40.0
2019-02,XLF,1583668004.4044979,22.0
2019-02,XLI,1018167963.9871143,49.0
2019-02,XLK,989765398.2902346,52.0
2019-02,XLP,1018953961.3657876,48.0
2019-02,XLU,1049108258.0814483,45.0
2019-02,XLV,1066959499.7037009,41.0
2019-02,XLY,665743762.7101717,85.0
2019-02,XOM,1100616279.2972262,38.0
2019-02,XYZ,1091847888.6112576,39.0
2019-03,AAPL,5403183344.958181,4.0
2019-03,ABBV,559290152.0150926,93.0
2019-03,ADBE,784698926.983352,64.0
2019-03,AGG,578009121.7609466,90.0
2019-03,AMD,1889774390.4871259,15.0
2019-03,AMGN,590270359.7090948,87.0
2019-03,AMZN,8710037673.466032,2.0
2019-03,AVGO,832594433.2687439,60.0
2019-03,BA,2618871962.5939264,10.0
2019-03,BABA,2212428203.2030864,13.0
2019-03,BAC,1777224017.3160522,19.0
2019-03,BIIB,543924124.2499942,95.0
2019-03,BKNG,882960902.7917044,55.0
2019-03,BMY,985374247.6422446,42.0
2019-03,BRK-B,895663709.0342447,52.0
2019-03,C,1074364464.1496143,30.0
2019-03,CAT,601435620.1155163,85.0
2019-03,CMCSA,774152063.1521314,66.0
2019-03,CRM,886440905.1918151,54.0
2019-03,CSCO,1033179354.3681856,33.0
2019-03,CVS,804136861.4903466,62.0
2019-03,CVX,733060415.9668696,72.0
2019-03,DD,655530045.5912883,77.0
2019-03,DIA,1007603308.1921048,37.0
2019-03,DIS,1175710740.6588237,28.0
2019-03,EEM,3176228473.7484884,7.0
2019-03,EFA,1809251658.5239532,18.0
2019-03,EMB,530416467.4533178,100.0
2019-03,FXI,1249698505.311185,26.0
2019-03,GDX,994002262.8556812,39.0
2019-03,GE,1000368568.0612115,38.0
2019-03,GLD,1018871424.7141036,35.0
2019-03,GOOG,1676374012.4480233,20.0
2019-03,GOOGL,1861083999.223255,17.0
2019-03,GS,642376810.4746258,79.0
2019-03,HD,851333168.2568263,58.0
2019-03,HYG,1877202594.1305857,16.0
2019-03,IBM,572429134.6795866,91.0
2019-03,IEF,559576751.3965182,92.0
2019-03,IEFA,629918460.0085909,81.0
2019-03,IEMG,929235961.8947468,48.0
2019-03,INTC,1204038046.9309368,27.0
2019-03,IVV,1255752283.9180355,25.0
2019-03,IWM,3399232791.9790845,5.0
2019-03,IYR,769824127.6762463,68.0
2019-03,JNJ,942811667.0373946,44.0
2019-03,JNK,581757100.428981,88.0
2019-03,JPM,1447126876.527974,21.0
2019-03,KO,786923209.0683467,63.0
2019-03,LLY,2074633566.3936312,14.0
2019-03,LQD,1056081181.8776811,32.0
2019-03,MA,765076996.5297638,69.0
2019-03,MCD,648317498.8172258,78.0
2019-03,MDT,530908727.57159036,99.0
2019-03,META,3156717762.31578,9.0
2019-03,MO,632600982.5243692,80.0
2019-03,MRK,870489079.8190562,56.0
2019-03,MS,533818356.6596137,98.0
2019-03,MSFT,3175487187.0248585,8.0
2019-03,MU,1294268355.1727052,24.0
2019-03,NFLX,3355224052.485693,6.0
2019-03,NKE,555192588.3104234,94.0
2019-03,NVDA,2528718711.456026,12.0
2019-03,ORCL,810208379.631763,61.0
2019-03,PEP,629509062.3365735,82.0
2019-03,PFE,1068307751.1124021,31.0
2019-03,PG,921703496.7165387,50.0
2019-03,PYPL,712136891.0056099,74.0
2019-03,QCOM,773495273.1509193,67.0
2019-03,QQQ,6349674161.930532,3.0
2019-03,ROKU,726822269.1268437,73.0
2019-03,RTX,543147244.3688766,96.0
2019-03,SBUX,758822648.5503181,70.0
2019-03,SPY,23056021608.041893,1.0
2019-03,T,986836724.7297443,41.0
2019-03,TLT,1023234495.3514099,34.0
2019-03,TQQQ,942381052.0075783,45.0
2019-03,TSLA,2532090189.092318,11.0
2019-03,TXN,592615931.9341387,86.0
2019-03,UNH,1074838311.5056841,29.0
2019-03,UNP,680855491.6664002,76.0
2019-03,V,1305533197.2036936,23.0
2019-03,VEA,537722699.4479285,97.0
2019-03,VNQ,612377885.12503,83.0
2019-03,VOO,848206443.9645435,59.0
2019-03,VWO,694162154.5469677,75.0
2019-03,VXX,607147202.0309787,84.0
2019-03,VZ,862849437.4494401,57.0
2019-03,WFC,1016913183.4138235,36.0
2019-03,WMT,749365803.7715548,71.0
2019-03,XLE,898233466.8599931,51.0
2019-03,XLF,1401476838.1257071,22.0
2019-03,XLI,942346327.5639005,46.0
2019-03,XLK,924396915.7147241,49.0
2019-03,XLP,774802551.5307775,65.0
2019-03,XLU,938514477.3675767,47.0
2019-03,XLV,891534940.3568571,53.0
2019-03,XLY,579251137.9458957,89.0
2019-03,XOM,990148343.7975445,40.0
2019-03,XYZ,983738871.6300904,43.0
2019-04,AAPL,5070836344.557796,4.0
2019-04,ABBV,488192079.0833246,100.0
2019-04,ADBE,739359146.4760674,66.0
2019-04,AGG,516102629.26055664,92.0
2019-04,AMD,1794014462.3811753,16.0
2019-04,AMGN,555705380.0559634,88.0
2019-04,AMZN,7718582024.968223,2.0
2019-04,AVGO,734259178.4142691,67.0
2019-04,BA,3042181806.0691714,7.0
2019-04,BABA,2206076416.266426,13.0
2019-04,BAC,1657964208.5368686,18.0
2019-04,BIDU,515155579.1915409,93.0
2019-04,BIIB,606103609.6166943,79.0
2019-04,BKNG,872773592.1572125,51.0
2019-04,BMY,920765302.7086046,44.0
2019-04,BRK-B,801569805.2822052,59.0
2019-04,C,954349935.7343947,39.0
2019-04,CAT,556053579.2588733,87.0
2019-04,CI,507320100.9769258,97.0
2019-04,CMCSA,712453052.0546007,70.0
2019-04,CRM,824207041.9323876,55.0
2019-04,CSCO,1034459676.1746664,32.0
2019-04,CVS,806093216.0899208,58.0
2019-04,CVX,921200322.9891338,43.0
2019-04,DD,647468490.6756102,76.0
2019-04,DIA,911146666.3299803,46.0
2019-04,DIS,1627333601.6195147,19.0
2019-04,EEM,2836654840.7477,9.0
2019-04,EFA,1581534351.9345784,20.0
2019-04,ELV,586145049.6056209,82.0
2019-04,EMB,539743856.184254,89.0
2019-04,FXI,1266768628.2635825,25.0
2019-04,GDX,952531799.850582,40.0
2019-04,GE,906419098.5974178,47.0
2019-04,GLD,894200018.1514195,48.0
2019-04,GOOG,1696616026.3145084,17.0
2019-04,GOOGL,1902077525.9652517,15.0
2019-04,GS,579738405.0537109,84.0
2019-04,HD,807777522.251771,57.0
2019-04,HYG,1558369167.1700008,21.0
2019-04,IBM,513253993.95090437,95.0
2019-04,IEFA,513903778.3655379,94.0
2019-04,IEMG,809469896.4399792,56.0
2019-04,INTC,1167964763.8369484,29.0
2019-04,IVV,1120407309.0709867,30.0
2019-04,IWM,3133950449.834212,6.0
2019-04,IYR,757011879.7019231,64.0
2019-04,JNJ,880628651.4241052,49.0
2019-04,JPM,1363177962.6851764,24.0
2019-04,KO,763862491.8541257,62.0
2019-04,LLY,2120973553.081803,14.0
2019-04,LQD,989754456.2227643,33.0
2019-04,MA,758222972.8140937,63.0
2019-04,MCD,624133787.3342605,77.0
2019-04,MDT,509782227.9652913,96.0
2019-04,META,3239376018.786403,5.0
2019-04,MO,582085145.3089699,83.0
2019-04,MRK,851891205.3213744,52.0
2019-04,MS,501358123.9646003,98.0
2019-04,MSFT,2905913883.620477,8.0
2019-04,MU,1201856481.7846446,28.0
2019-04,NFLX,2714538701.460157,10.0
2019-04,NKE,531953019.31832933,90.0
2019-04,NVDA,2306398665.318277,12.0
2019-04,ORCL,717236284.9043165,69.0
2019-04,PEP,601298247.0273093,80.0
2019-04,PFE,986694152.7508247,34.0
2019-04,PG,848402782.8490242,53.0
2019-04,PYPL,710619406.6113669,71.0
2019-04,QCOM,1206732085.8104584,27.0
2019-04,QQQ,5491239179.465739,3.0
2019-04,ROKU,781328274.8011332,61.0
2019-04,SBUX,672431220.0091649,75.0
2019-04,SPY,19845564713.704964,1.0
2019-04,T,963010216.5529426,38.0
2019-04,TLT,980974772.029368,35.0
2019-04,TQQQ,914771024.0821172,45.0
2019-04,TSLA,2650087107.281344,11.0
2019-04,TWLO,499556254.6496921,99.0
2019-04,TXN,557019521.5648227,86.0
2019-04,UNH,1377695262.6798358,23.0
2019-04,UNP,610650902.389817,78.0
2019-04,V,1263170594.5263574,26.0
2019-04,VNQ,561852347.5074041,85.0
2019-04,VOO,707458144.6524484,72.0
2019-04,VWO,597676187.8041403,81.0
2019-04,VXX,730730107.1639656,68.0
2019-04,VZ,794177712.2825139,60.0
2019-04,WFC,1079295300.4688203,31.0
2019-04,WMT,697440076.3600576,73.0
2019-04,XLE,836964413.3570958,54.0
2019-04,XLF,1377979893.8030272,22.0
2019-04,XLI,878349922.039371,50.0
2019-04,XLK,932674071.8036349,41.0
2019-04,XLP,686408670.0400822,74.0
2019-04,XLU,927235084.9716792,42.0
2019-04,XLV,972446064.2083426,36.0
2019-04,XLY,521847367.9783655,91.0
2019-04,XOM,966077893.1773231,37.0
2019-04,XYZ,755020584.3040588,65.0
2019-05,AAPL,5699278187.967282,4.0
2019-05,ADBE,708357030.1243373,65.0
2019-05,AMD,1871410017.9457045,15.0
2019-05,AMGN,522511927.6356773,94.0
2019-05,AMZN,7967579460.5645075,2.0
2019-05,AVGO,810650398.8173954,54.0
2019-05,BA,2959516082.5299945,7.0
2019-05,BABA,2760105672.356403,11.0
2019-05,BAC,1600180411.45807,21.0
2019-05,BIDU,606218035.8963618,76.0
2019-05,BIIB,616191229.5043945,75.0
2019-05,BKNG,849416728.9960952,50.0
2019-05,BMY,798253415.4601203,57.0
2019-05,BRK-B,777363250.1382252,60.0
2019-05,C,958796882.8680674,43.0
2019-05,CAT,568014052.099791,84.0
2019-05,CMCSA,704257519.1390043,67.0
2019-05,CRM,779118624.264817,59.0
2019-05,CSCO,1094759203.7783425,30.0
2019-05,CVS,706526408.727228,66.0
2019-05,CVX,987064348.3866979,38.0
2019-05,DD,585829063.949909,79.0
2019-05,DIA,976635226.9930401,40.0
2019-05,DIS,1739887918.600585,16.0
2019-05,EEM,2903132087.939229,9.0
2019-05,EFA,1704838959.046833,18.0
2019-05,ELV,551750597.2890944,86.0
2019-05,EMB,510323993.88213384,96.0
2019-05,FXI,1318470247.6900978,26.0
2019-05,GDX,818924138.3795602,52.0
2019-05,GE,708563214.0107204,64.0
2019-05,GLD,808082455.2949209,55.0
2019-05,GOOG,1717328431.7393227,17.0
2019-05,GOOGL,1909458215.0340004,14.0
2019-05,GS,550224647.8646656,88.0
2019-05,HD,782554725.2379644,58.0
2019-05,HYG,1677874183.2458375,19.0
2019-05,IBM,499284673.2200488,99.0
2019-05,IEFA,488625307.4091291,100.0
2019-05,IEMG,762256229.8925915,61.0
2019-05,INTC,1238684157.621311,27.0
2019-05,IVV,1082003612.2856019,32.0
2019-05,IWM,3165866769.6426635,5.0
2019-05,IYR,646611355.3938366,72.0
2019-05,JD,507513109.3331261,98.0
2019-05,JNJ,907484487.9512968,47.0
2019-05,JNK,548556510.859729,89.0
2019-05,JPM,1326232054.6643455,25.0
2019-05,KO,631737959.7985706,73.0
2019-05,LLY,1628567250.2236986,20.0
2019-05,LOW,523054043.04252505,93.0
2019-05,LQD,1010848314.8854936,37.0
2019-05,MA,817844267.3765395,53.0
2019-05,MCD,526086897.1557617,92.0
2019-05,MDT,509407609.9697174,97.0
2019-05,META,2955674730.475968,8.0
2019-05,MMM,586930214.8799516,78.0
2019-05,MO,511710006.22515,95.0
2019-05,MRK,824562968.4096895,51.0
2019-05,MSFT,2982120773.290277,6.0
2019-05,MU,1081384614.5237331,33.0
2019-05,NFLX,2468225493.159945,12.0
2019-05,NKE,578162191.3724142,80.0
2019-05,NVDA,2194474544.597535,13.0
2019-05,ORCL,669510263.787527,69.0
2019-05,OXY,561267900.1826998,85.0
2019-05,PEP,578025306.573123,82.0
2019-05,PFE,976971849.0124778,39.0
2019-05,PG,758406380.9637645,62.0
2019-05,PYPL,650014379.5186481,71.0
2019-05,QCOM,1572864864.8299384,22.0
2019-05,QQQ,6352718104.291789,3.0
2019-05,ROKU,962632542.670047,42.0
2019-05,SBUX,591830835.2742997,77.0
2019-05,SPY,21023073696.454823,1.0
2019-05,T,919450291.9038994,45.0
2019-05,TLT,1034146141.5403215,36.0
2019-05,TQQQ,1046108135.8839973,35.0
2019-05,TSLA,2772598963.4694824,10.0
2019-05,TWLO,532793829.9808563,91.0
2019-05,TXN,545603739.562298,90.0
2019-05,UNH,1383447456.3361273,24.0
2019-05,UNP,578039492.2022744,81.0
2019-05,V,1212132783.2717412,28.0
2019-05,VOO,720381754.2397635,63.0
2019-05,VWO,577418569.5023794,83.0
2019-05,VXX,876374608.3454862,49.0
2019-05,VZ,805319798.5414717,56.0
2019-05,WFC,1078617310.5940986,34.0
2019-05,WMT,631370302.6505606,74.0
2019-05,XLE,901346545.4484546,48.0
2019-05,XLF,1403666402.4624052,23.0
2019-05,XLI,957349773.0800084,44.0
2019-05,XLK,1092416008.1943693,31.0
2019-05,XLP,693288187.5825428,68.0
2019-05,XLU,974556961.1736661,41.0
2019-05,XLV,1175110281.6829016,29.0
2019-05,XLY,550324855.4249597,87.0
2019-05,XOM,911343005.9380183,46.0
2019-05,XYZ,652793894.8631953,70.0
2019-06,AAPL,5437659946.137492,4.0
2019-06,ABBV,579268684.935264,77.0
2019-06,ADBE,728170580.0040109,64.0
2019-06,AMD,2060172708.1805487,12.0
2019-06,AMGN,512674062.0716156,91.0
2019-06,AMZN,7509368676.464021,2.0
2019-06,AVGO,810689420.5336496,54.0
2019-06,BA,1893914202.0391555,15.0
2019-06,BABA,3240079684.979684,5.0
2019-06,BAC,1502546595.544582,21.0
2019-06,BIDU,599562366.3722931,73.0
2019-06,BIIB,475331597.67538404,99.0
2019-06,BKNG,761622555.1774766,56.0
2019-06,BMY,689594543.0597517,65.0
2019-06,BRK-B,739564410.3167821,61.0
2019-06,C,896634234.8595997,48.0
2019-06,CAT,569310710.3601123,80.0
2019-06,CMCSA,751809084.3808072,57.0
2019-06,CNC,503804703.2017178,94.0
2019-06,CRM,898339433.6837769,47.0
2019-06,CSCO,1225825568.8378046,26.0
2019-06,CVS,569819950.2076346,79.0
2019-06,CVX,972762177.135298,39.0
2019-06,DD,491722893.31549215,97.0
2019-06,DIA,899447997.225177,46.0
2019-06,DIS,1593884964.0506926,20.0
2019-06,EEM,2794332383.6946096,9.0
2019-06,EFA,1692754238.4310284,18.0
2019-06,ELV,541269214.1436622,87.0
2019-06,EMB,494608121.0995144,96.0
2019-06,FXI,1193631305.4422107,27.0
2019-06,GDX,931560907.5276148,43.0
2019-06,GE,576405873.1571087,78.0
2019-06,GLD,933651333.1628224,42.0
2019-06,GOOG,1731991790.4463267,17.0
2019-06,GOOGL,1925169204.9904475,13.0
2019-06,GS,499847012.5455584,95.0
2019-06,HD,812150004.7808692,53.0
2019-06,HYG,1817162202.8551738,16.0
2019-06,IBM,473503200.0812545,100.0
2019-06,IEMG,746579944.9201796,58.0
2019-06,INTC,1190669140.6952994,28.0
2019-06,IVV,1084638719.8310974,32.0
2019-06,IWM,2919827693.1253586,8.0
2019-06,IYR,609423793.6126587,71.0
2019-06,JNJ,952453658.8928707,40.0
2019-06,JNK,651924706.8197092,68.0
2019-06,JPM,1279499338.0036368,24.0
2019-06,KO,580950769.4336301,76.0
2019-06,LLY,552186764.8095994,82.0
2019-06,LOW,516190864.86109173,90.0
2019-06,LQD,1264000755.2456083,25.0
2019-06,MA,902753904.5373099,44.0
2019-06,MCD,554161497.9363577,81.0
2019-06,MDT,506611511.2784734,93.0
2019-06,META,3169940434.8743014,6.0
2019-06,MMM,588710301.7135184,75.0
2019-06,MRK,874403150.3934872,51.0
2019-06,MSFT,3008195852.728296,7.0
2019-06,MU,1014180242.8551629,34.0
2019-06,NFLX,2298395619.29727,11.0
2019-06,NKE,551358862.1084789,83.0
2019-06,NVDA,1896351311.9040594,14.0
2019-06,ORCL,733690105.954591,63.0
2019-06,OXY,618385221.0169353,70.0
2019-06,PEP,536860268.56225634,89.0
2019-06,PFE,943076260.1735135,41.0
2019-06,PG,743226214.6899753,59.0
2019-06,PYPL,663949476.2627617,67.0
2019-06,QCOM,1635998335.0012946,19.0
2019-06,QQQ,6231474729.900033,3.0
2019-06,ROKU,984328257.6740386,38.0
2019-06,SBUX,596494062.7474346,74.0
2019-06,SHOP,510781551.1018965,92.0
2019-06,SPY,20062731403.65339,1.0
2019-06,T,900911050.8822622,45.0
2019-06,TLT,1126879493.4671433,31.0
2019-06,TQQQ,984606200.2455878,37.0
2019-06,TSLA,2655478675.004164,10.0
2019-06,TWLO,551104149.3213956,84.0
2019-06,TXN,539962988.4557331,88.0
2019-06,UNH,1300204529.2181833,23.0
2019-06,UNP,545585712.7213978,85.0
2019-06,V,1153607605.6568205,30.0
2019-06,VOO,680050867.481486,66.0
2019-06,VWO,544771502.3954967,86.0
2019-06,VXX,742036973.2363572,60.0
2019-06,VZ,769671469.7962443,55.0
2019-06,WFC,1007506976.9340999,35.0
2019-06,WMT,636059394.718043,69.0
2019-06,XLE,888776346.5855492,49.0
2019-06,XLF,1301939198.8568745,22.0
2019-06,XLI,876373422.6632254,50.0
2019-06,XLK,1020908884.372578,33.0
2019-06,XLP,734385480.0119127,62.0
2019-06,XLU,999600327.3392208,36.0
2019-06,XLV,1177267692.2638183,29.0
2019-06,XLY,485970240.55250865,98.0
2019-06,XOM,845509518.3488634,52.0
2019-06,XYZ,601407560.6810918,72.0
2019-07,AAPL,5161275609.432499,4.0
2019-07,ABBV,682609759.7624763,68.0
2019-07,ADBE,720830627.5710818,66.0
2019-07,AMD,2037154977.209842,12.0
2019-07,AMGN,489238599.4604928,93.0
2019-07,AMZN,7280083454.794263,2.0
2019-07,AVGO,838495886.7312235,48.0
2019-07,BA,1616560259.300886,17.0
2019-07,BABA,3404781727.7893553,5.0
2019-07,BAC,1353151973.9706948,20.0
2019-07,BIDU,520948818.9907256,90.0
2019-07,BKNG,675076578.9013817,69.0
2019-07,BMY,619193072.2024161,72.0
2019-07,BRK-B,744637799.4164603,60.0
2019-07,BYND,1253707273.1475713,21.0
2019-07,C,880383034.4619751,46.0
2019-07,CAT,568766844.601828,78.0
2019-07,CMCSA,776959439.9261774,56.0
2019-07,CRM,966777705.9207977,43.0
2019-07,CSCO,1192913972.1369183,24.0
2019-07,CVX,726922911.8020679,65.0
2019-07,DIA,832580817.6596506,49.0
2019-07,DIS,1223057075.2627661,23.0
2019-07,EEM,2676939077.461866,9.0
2019-07,EFA,1590073304.7927978,18.0
2019-07,EMB,462325129.0941269,100.0
2019-07,FIS,524604708.18910146,89.0
2019-07,FXI,1035490723.9044008,35.0
2019-07,GDX,1143485020.5956383,30.0
2019-07,GDXJ,548512968.6185534,85.0
2019-07,GE,511351879.9871617,91.0
2019-07,GLD,1150511253.4410992,27.0
2019-07,GOOG,1751722429.233127,15.0
2019-07,GOOGL,1885286191.2890236,13.0
2019-07,GS,466005419.98957074,96.0
2019-07,HD,786859691.330392,55.0
2019-07,HYG,1859717734.622568,14.0
2019-07,IBM,472666614.97564554,94.0
2019-07,IEMG,728678306.1362373,63.0
2019-07,INTC,1102660661.9127123,32.0
2019-07,IVV,1083170381.390623,33.0
2019-07,IWM,2812309924.976821,8.0
2019-07,IYR,564544328.7358602,79.0
2019-07,JNJ,1004901317.657398,37.0
2019-07,JNK,727596031.1599556,64.0
2019-07,JPM,1241644461.5231469,22.0
2019-07,KO,609328206.8537091,74.0
2019-07,LLY,465246807.89425564,97.0
2019-07,LOW,507977403.930434,92.0
2019-07,LQD,1365334532.078746,19.0
2019-07,MA,904001824.6367681,45.0
2019-07,MCD,576457033.8791863,76.0
2019-07,META,3128384786.3831778,7.0
2019-07,MMM,573115436.4769536,77.0
2019-07,MRK,828645626.3758445,50.0
2019-07,MSFT,3164870462.9709396,6.0
2019-07,MU,1144528974.1638608,28.0
2019-07,NFLX,2348365921.2067924,11.0
2019-07,NKE,543639403.5903083,87.0
2019-07,NOW,463909560.2773333,98.0
2019-07,NVDA,1731411430.0050282,16.0
2019-07,ORCL,793573405.992084,53.0
2019-07,OXY,559805283.8669248,80.0
2019-07,PEP,559790233.5784307,81.0
2019-07,PFE,1003305333.3178952,38.0
2019-07,PG,790416570.0097705,54.0
2019-07,PYPL,661637405.7896447,70.0
2019-07,QCOM,1144362608.682021,29.0
2019-07,QQQ,6004933515.122646,3.0
2019-07,ROKU,1046032296.6306899,34.0
2019-07,RTX,466075021.2547922,95.0
2019-07,SBUX,653171484.3421694,71.0
2019-07,SHOP,555276039.8524148,82.0
2019-07,SPY,19432360227.956333,1.0
2019-07,T,914232059.2245955,44.0
2019-07,TLT,1125378633.3451166,31.0
2019-07,TQQQ,1024877383.8314904,36.0
2019-07,TSLA,2418738316.7200766,10.0
2019-07,TWLO,551488846.7303563,83.0
2019-07,TXN,544608553.282759,86.0
2019-07,UBER,706100154.6764574,67.0
2019-07,UNH,986218236.4526416,39.0
2019-07,UNP,549842531.4044771,84.0
2019-07,V,1154175424.7056265,26.0
2019-07,VOO,735597789.5281111,61.0
2019-07,VWO,529270387.2599587,88.0
2019-07,VXX,731978211.4370059,62.0
2019-07,VZ,748941549.2204393,58.0
2019-07,WFC,879749613.5070376,47.0
2019-07,WMT,613922362.3271397,73.0
2019-07,XLE,822613680.6119707,51.0
2019-07,XLF,1181399754.025965,25.0
2019-07,XLI,817400861.9085766,52.0
2019-07,XLK,967185425.3334773,42.0
2019-07,XLP,748383914.1060178,59.0
2019-07,XLU,970235280.4597945,41.0
2019-07,XLV,983689105.5155436,40.0
2019-07,XLY,463655262.43780226,99.0
2019-07,XOM,768831224.8192197,57.0
2019-07,XYZ,588266879.1809566,75.0
2019-08,AAPL,5219566200.392756,4.0
2019-08,ABBV,749334175.82478,63.0
2019-08,ADBE,728730296.2171282,65.0
2019-08,AMD,2113805370.1012263,11.0
2019-08,AMGN,581505588.9894515,81.0
2019-08,AMZN,6479022591.310047,2.0
2019-08,AVGO,746905715.4156215,64.0
2019-08,BA,1547252596.8382335,20.0
2019-08,BABA,3089773051.375834,6.0
2019-08,BAC,1466892965.2024708,22.0
2019-08,BKNG,619227513.5294596,74.0
2019-08,BMY,602780896.5053256,78.0
2019-08,BRK-B,761242122.2014412,60.0
2019-08,BYND,1270850728.4940088,26.0
2019-08,C,904655483.9181749,42.0
2019-08,CAT,518303041.9650608,86.0
2019-08,CMCSA,767943973.5441576,57.0
2019-08,COST,493752736.97461325,90.0
2019-08,CRM,1174331180.0840106,29.0
2019-08,CSCO,1149111223.2680547,32.0
2019-08,CVS,473440406.3451071,97.0
2019-08,CVX,653567450.6960914,70.0
2019-08,DIA,813472696.585422,52.0
2019-08,DIS,1248493207.8637986,27.0
2019-08,EEM,2557511565.1735096,9.0
2019-08,EFA,1580092732.4968731,18.0
2019-08,EMB,464404525.84645104,98.0
2019-08,FIS,609348496.6930814,77.0
2019-08,FISV,483244144.3076724,95.0
2019-08,FXI,964612057.2008103,39.0
2019-08,GDX,1549467076.0318635,19.0
2019-08,GDXJ,649931507.9427053,71.0
2019-08,GE,614392808.9754099,76.0
2019-08,GLD,1600473193.226018,17.0
2019-08,GOOG,1647374602.5739398,15.0
2019-08,GOOGL,1741416495.9003508,14.0
2019-08,HD,834010054.7903637,48.0
2019-08,HYG,1796241758.4132845,13.0
2019-08,IBM,519135310.3439911,85.0
2019-08,IEF,497653908.7060232,89.0
2019-08,IEMG,755182953.8354964,61.0
2019-08,INTC,1022616812.1575129,36.0
2019-08,IVV,1166618426.3698032,30.0
2019-08,IWM,2914786707.977198,8.0
2019-08,IYR,581716677.394867,80.0
2019-08,JNJ,1020156323.1932625,37.0
2019-08,JNK,766451982.3971097,58.0
2019-08,JPM,1280100303.061228,25.0
2019-08,KO,637023667.030946,73.0
2019-08,LOW,492792248.06960577,91.0
2019-08,LQD,1460307544.4145808,23.0
2019-08,MA,898351231.2894306,43.0
2019-08,MCD,614997475.1960633,75.0
2019-08,MDT,452779503.3261496,100.0
2019-08,META,3046319383.37785,7.0
2019-08,MMM,477010416.34662783,96.0
2019-08,MRK,823477750.0402857,51.0
2019-08,MSFT,3312799772.023301,5.0
2019-08,MU,1155210962.977588,31.0
2019-08,NFLX,2305720320.793939,10.0
2019-08,NKE,505147158.9798579,88.0
2019-08,NVDA,1625141875.3673007,16.0
2019-08,ORCL,773725649.5562235,56.0
2019-08,PEP,577670733.007982,82.0
2019-08,PFE,1002559966.660357,38.0
2019-08,PG,860126920.9474231,46.0
2019-08,PM,486834020.8845714,94.0
2019-08,PYPL,709126065.6941369,66.0
2019-08,QCOM,829796145.9983584,50.0
2019-08,QQQ,5689504476.818582,3.0
2019-08,ROKU,1129187263.6319478,33.0
2019-08,SBUX,660934158.37079,68.0
2019-08,SHOP,657407629.728953,69.0
2019-08,SNAP,454823724.7159867,99.0
2019-08,SPY,20318641315.73835,1.0
2019-08,T,949537219.7557702,41.0
2019-08,TGT,508837328.1299288,87.0
2019-08,TLT,1499951563.6688476,21.0
2019-08,TQQQ,1119820954.5321872,34.0
2019-08,TSLA,1923749658.1236975,12.0
2019-08,TWLO,491175561.83814394,92.0
2019-08,TXN,563720941.2993174,83.0
2019-08,UNH,890428465.8073789,44.0
2019-08,UNP,539168620.7955012,84.0
2019-08,V,1197308204.6091716,28.0
2019-08,VOO,752302644.6123396,62.0
2019-08,VWO,490936676.00940526,93.0
2019-08,VXX,777648844.3956609,55.0
2019-08,VZ,708580459.2039926,67.0
2019-08,WFC,880611838.91165,45.0
2019-08,WMT,638103261.8346441,72.0
2019-08,XLE,848568680.2804009,47.0
2019-08,XLF,1302874863.1126404,24.0
2019-08,XLI,765115486.3309225,59.0
2019-08,XLK,950636306.3689702,40.0
2019-08,XLP,809732273.8081311,53.0
2019-08,XLU,1026736201.5442076,35.0
2019-08,XLV,831516686.2803868,49.0
2019-08,XOM,780016532.3898437,54.0
2019-08,XYZ,590431044.5400662,79.0
2019-09,AAPL,5552416212.098524,3.0
2019-09,ABBV,635499676.1062319,72.0
2019-09,ADBE,718022765.0238521,62.0
2019-09,AMD,1872305003.1236646,11.0
2019-09,AMGN,594599463.7925406,81.0
2019-09,AMZN,6195162878.04425,2.0
2019-09,AVGO,649891847.9531001,69.0
2019-09,BA,1543291944.5985825,23.0
2019-09,BABA,2655887354.926046,8.0
2019-09,BAC,1582853615.106071,20.0
2019-09,BKNG,606146822.0447359,79.0
2019-09,BMY,545796581.8611629,85.0
2019-09,BRK-B,784177040.2403574,53.0
2019-09,BYND,861427227.6346881,48.0
2019-09,C,919545988.5217757,44.0
2019-09,CAT,512552190.7033648,92.0
2019-09,CHTR,465010683.56420124,100.0
2019-09,CMCSA,716030647.369449,63.0
2019-09,COST,573938904.9753824,82.0
2019-09,CRM,962180954.3204898,36.0
2019-09,CSCO,957525734.3238164,37.0
2019-09,CVX,672295486.979869,67.0
2019-09,DIA,789137504.4242253,52.0
2019-09,DIS,1158776246.2110972,30.0
2019-09,EEM,2481455250.815237,9.0
2019-09,EFA,1550325693.3213673,22.0
2019-09,EMB,472792401.61016554,98.0
2019-09,FIS,638573157.5336396,71.0
2019-09,FISV,532902137.60593957,86.0
2019-09,FXI,947749927.5378878,38.0
2019-09,GDX,1769385270.5201528,13.0
2019-09,GDXJ,733791251.6110617,59.0
2019-09,GE,605187320.7311343,80.0
2019-09,GLD,1705013312.1561687,15.0
2019-09,GOOG,1646859245.8439176,19.0
2019-09,GOOGL,1687964536.2854004,16.0
2019-09,HD,814836255.2021329,50.0
2019-09,HYG,1687390249.4862149,17.0
2019-09,IBM,527781957.18040913,88.0
2019-09,IEF,614207601.3704573,77.0
2019-09,IEMG,722786943.3554453,61.0
2019-09,INTC,1030701633.4983401,34.0
2019-09,IVV,1186363446.8065534,28.0
2019-09,IWM,3155390174.5821514,6.0
2019-09,IYR,608170226.7231774,78.0
2019-09,JNJ,943988762.1909732,40.0
2019-09,JNK,712007422.5924537,64.0
2019-09,JPM,1271128221.3985624,26.0
2019-09,KO,621670930.7910677,75.0
2019-09,LOW,483100633.84479344,95.0
2019-09,LQD,1333849344.0557692,25.0
2019-09,MA,939175892.3045809,41.0
2019-09,MCD,626174722.5521996,73.0
2019-09,MDT,470837575.64728755,99.0
2019-09,META,2713985721.634129,7.0
2019-09,MO,479370467.72964114,96.0
2019-09,MRK,761492724.7447774,57.0
2019-09,MSFT,3309969236.5838914,5.0
2019-09,MU,1151349869.9956803,31.0
2019-09,NFLX,2464571752.6474,10.0
2019-09,NKE,522763637.4599033,90.0
2019-09,NVDA,1562524522.6804643,21.0
2019-09,ORCL,691597980.3484114,66.0
2019-09,PEP,559671226.2499613,84.0
2019-09,PFE,947621307.4255009,39.0
2019-09,PG,871440026.8835644,47.0
2019-09,PM,532498238.9808291,87.0
2019-09,PYPL,732396150.0647409,60.0
2019-09,QCOM,696090503.4732032,65.0
2019-09,QQQ,5475773975.65189,4.0
2019-09,ROKU,1807823684.6886892,12.0
2019-09,SBUX,642291470.5724323,70.0
2019-09,SHOP,802656074.2909265,51.0
2019-09,SNAP,478048901.26050466,97.0
2019-09,SPY,20392972396.726917,1.0
2019-09,T,1139988595.5133119,32.0
2019-09,TGT,521679659.93534875,91.0
2019-09,TLT,1683908526.0982454,18.0
2019-09,TQQQ,1162907323.5644264,29.0
2019-09,TSLA,1721118598.241738,14.0
2019-09,TWLO,493946629.8699394,93.0
2019-09,TXN,561402424.284048,83.0
2019-09,UNH,924679508.4120493,43.0
2019-09,UNP,525896119.9996706,89.0
2019-09,V,1251596474.1120353,27.0
2019-09,VOO,742623630.5029006,58.0
2019-09,VWO,492391579.6649267,94.0
2019-09,VXX,886763083.5068998,46.0
2019-09,VZ,672113236.9620913,68.0
2019-09,WFC,966794962.6583827,35.0
2019-09,WMT,625751476.10272,74.0
2019-09,XLE,901167720.7837362,45.0
2019-09,XLF,1401093424.7610579,24.0
2019-09,XLI,772420321.3663495,55.0
2019-09,XLK,928527656.8766155,42.0
2019-09,XLP,854597722.1744356,49.0
2019-09,XLU,1062244629.1017926,33.0
2019-09,XLV,773388907.6197912,54.0
2019-09,XOM,762840788.5521419,56.0
2019-09,XYZ,616446180.279977,76.0
2019-10,AAPL,6044626808.437989,2.0
2019-10,ABBV,555091145.311295,81.0
2019-10,ADBE,754916984.9298387,56.0
2019-10,AMD,1757187456.0589955,15.0
2019-10,AMGN,566700717.0113457,78.0
2019-10,AMZN,5687968917.060973,3.0
2019-10,AVGO,603019918.9471896,72.0
2019-10,BA,1554033470.211356,23.0
2019-10,BABA,2298080521.0859995,11.0
2019-10,BAC,1659995409.725719,18.0
2019-10,BIIB,489317367.3188951,95.0
2019-10,BKNG,584599535.5557638,75.0
2019-10,BMY,548416515.6519088,83.0
2019-10,BRK-B,789516224.8416961,53.0
2019-10,BYND,522198928.2059733,87.0
2019-10,C,907831130.5463579,44.0
2019-10,CAT,514621799.4796632,91.0
2019-10,CHTR,497223171.27855086,94.0
2019-10,CMCSA,692227381.4694334,63.0
2019-10,COST,640131979.404946,68.0
2019-10,CRM,840774808.2058861,47.0
2019-10,CSCO,948452895.7883017,40.0
2019-10,CVX,656239017.1511211,67.0
2019-10,DIA,811107468.9207047,50.0
2019-10,DIS,1115840391.4105854,31.0
2019-10,EEM,2477888796.982169,8.0
2019-10,EFA,1676328268.7927852,17.0
2019-10,FIS,459949817.51527333,99.0
2019-10,FXI,992140914.2073919,36.0
2019-10,GDX,1761107412.8632104,14.0
2019-10,GDXJ,677172409.6161736,64.0
2019-10,GE,599241428.3811088,74.0
2019-10,GLD,1561883849.671258,22.0
2019-10,GOOG,1562356131.1507452,21.0
2019-10,GOOGL,1576747737.8185213,19.0
2019-10,GS,477304288.35194904,96.0
2019-10,HD,820174093.6137366,49.0
2019-10,HYG,1689212179.2738414,16.0
2019-10,IBM,514150531.580544,92.0
2019-10,IEF,630389399.6789114,71.0
2019-10,IEMG,705572073.3616723,59.0
2019-10,INTC,1029121569.1375732,33.0
2019-10,IVV,1159614629.409354,29.0
2019-10,IWM,3091369471.7165265,6.0
2019-10,IYR,638649101.7689296,69.0
2019-10,JNJ,1016171319.5385646,34.0
2019-10,JNK,701696523.9390177,60.0
2019-10,JPM,1301761002.4673824,26.0
2019-10,KO,601908777.8900874,73.0
2019-10,LQD,1301304324.7450209,27.0
2019-10,MA,979390844.9446421,38.0
2019-10,MCD,733422510.622297,57.0
2019-10,MDT,464141685.83123344,97.0
2019-10,META,2500142470.8815804,7.0
2019-10,MO,516202769.75201195,90.0
2019-10,MRK,700812957.8190842,61.0
2019-10,MSFT,3357515598.339626,5.0
2019-10,MU,972290144.0195659,39.0
2019-10,NFLX,2396948372.8048835,9.0
2019-10,NKE,574922192.6138136,77.0
2019-10,NOW,548721888.2573446,82.0
2019-10,NVDA,1575075467.2926948,20.0
2019-10,ORCL,674414931.6377549,65.0
2019-10,PEP,516824390.5756148,89.0
2019-10,PFE,766960400.633921,54.0
2019-10,PG,827225814.3691653,48.0
2019-10,PM,526504168.26433456,86.0
2019-10,PYPL,712456108.40069,58.0
2019-10,QCOM,546629064.9502951,84.0
2019-10,QQQ,5452366392.427112,4.0
2019-10,ROKU,2335316383.2408237,10.0
2019-10,SBUX,575223359.5018296,76.0
2019-10,SHOP,859987092.8652627,45.0
2019-10,SPY,20801492995.048645,1.0
2019-10,T,1143358706.826055,30.0
2019-10,TGT,556897082.8351218,79.0
2019-10,TLT,1792473134.5060077,13.0
2019-10,TQQQ,1205543742.8396316,28.0
2019-10,TSLA,1944981034.8624957,12.0
2019-10,TWLO,458508136.35585725,100.0
2019-10,TXN,556806520.6092834,80.0
2019-10,UNH,980829508.7827168,37.0
2019-10,UNP,536385011.7058164,85.0
2019-10,UVXY,460775051.1904762,98.0
2019-10,V,1310983293.6146812,25.0
2019-10,VOO,696835124.8228527,62.0
2019-10,VWO,518805617.6723359,88.0
2019-10,VXX,931351656.2052835,43.0
2019-10,VZ,657725671.7656393,66.0
2019-10,WFC,1005332072.3950522,35.0
2019-10,WMT,630655419.4119589,70.0
2019-10,XLE,936146877.5000678,42.0
2019-10,XLF,1482463233.4428334,24.0
2019-10,XLI,793665326.5611316,51.0
2019-10,XLK,936974083.4733025,41.0
2019-10,XLP,846016505.2422357,46.0
2019-10,XLU,1099507007.476195,32.0
2019-10,XLV,789757062.7808223,52.0
2019-10,XOM,765523403.1724112,55.0
2019-10,XYZ,497814250.5216447,93.0
2019-11,AAPL,6012286441.451493,2.0
2019-11,ABBV,603309309.8098149,73.0
2019-11,ADBE,761700726.355368,54.0
2019-11,AMD,1737583003.4925673,13.0
2019-11,AMGN,493212112.515719,91.0
2019-11,AMZN,5166030024.184212,3.0
2019-11,AVGO,625909578.5242413,70.0
2019-11,BA,1594640177.431379,17.0
2019-11,BABA,2606373760.4282923,8.0
2019-11,BAC,1572763460.2878025,19.0
2019-11,BIIB,562773761.4206707,81.0
2019-11,BKNG,645364058.9465792,67.0
2019-11,BMY,836061656.8750352,44.0
2019-11,BRK-B,768414863.8765123,52.0
2019-11,C,850455519.9982659,43.0
2019-11,CAT,516851725.4091656,88.0
2019-11,CHTR,478721285.9569247,93.0
2019-11,CMCSA,721772968.1064212,57.0
2019-11,COST,598914739.6891761,74.0
2019-11,CRM,700593728.9106581,61.0
2019-11,CSCO,909158616.7263939,40.0
2019-11,CVS,469431737.2178759,96.0
2019-11,CVX,665932005.0083342,64.0
2019-11,DIA,668169947.5770012,63.0
2019-11,DIS,1349588560.4671419,24.0
2019-11,EEM,2342680645.0531125,11.0
2019-11,EFA,1484954010.8133104,21.0
2019-11,FXI,961669863.3701203,37.0
2019-11,GDX,1594351618.838071,18.0
2019-11,GDXJ,607574764.4486746,72.0
2019-11,GE,522591351.77692103,85.0
2019-11,GLD,1232392477.1132212,27.0
2019-11,GOOG,1601646449.4928026,16.0
2019-11,GOOGL,1641568053.929889,14.0
2019-11,GS,493745980.7405986,90.0
2019-11,HD,872662158.7237403,42.0
2019-11,HON,475187375.42023385,95.0
2019-11,HYG,1487788825.0149803,20.0
2019-11,IBM,477832039.24436903,94.0
2019-11,IEF,573474737.6572261,79.0
2019-11,IEFA,451879111.6371094,100.0
2019-11,IEMG,663984843.1077745,65.0
2019-11,INTC,977564644.7100321,35.0
2019-11,IVV,1036355744.0859356,32.0
2019-11,IWM,2815060044.442289,7.0
2019-11,IYR,674772704.8498124,62.0
2019-11,JNJ,954000384.63842,38.0
2019-11,JNK,575792663.1902907,78.0
2019-11,JPM,1297840607.68653,26.0
2019-11,KO,587734439.7200872,76.0
2019-11,LQD,1190084625.2267625,29.0
2019-11,MA,963472403.3665732,36.0
2019-11,MCD,819077763.2755824,46.0
2019-11,MDT,463108337.9702856,98.0
2019-11,META,2540362002.3779006,9.0
2019-11,MO,465951808.27249193,97.0
2019-11,MRK,705683463.6741616,60.0
2019-11,MSFT,3173051620.2967324,5.0
2019-11,MU,915605524.769774,39.0
2019-11,NEE,459171241.64792013,99.0
2019-11,NFLX,2341116702.740503,12.0
2019-11,NKE,576015350.3292387,77.0
2019-11,NOW,787528674.3612441,50.0
2019-11,NVDA,1638752144.2359743,15.0
2019-11,ORCL,643634058.0635858,68.0
2019-11,PEP,481516483.2733639,92.0
2019-11,PFE,720839591.0322235,58.0
2019-11,PG,803902886.8987068,48.0
2019-11,PYPL,719229001.9649445,59.0
2019-11,QCOM,649565067.20443,66.0
2019-11,QQQ,4537255276.346189,4.0
2019-11,ROKU,2826820948.870317,6.0
2019-11,SBUX,565172958.8801913,80.0
2019-11,SHOP,790636108.8556865,49.0
2019-11,SPY,17786663550.83933,1.0
2019-11,T,1208419238.323335,28.0
2019-11,TGT,545958171.6592335,84.0
2019-11,TLT,1472650738.2677834,22.0
2019-11,TQQQ,1043542330.4634397,31.0
2019-11,TSLA,2367020647.9801908,10.0
2019-11,TXN,554515933.7796892,83.0
2019-11,UBER,560620908.1946994,82.0
2019-11,UNH,1020247183.6180187,33.0
2019-11,UNP,518810986.7230612,86.0
2019-11,V,1313347483.3895001,25.0
2019-11,VOO,625689641.0170782,71.0
2019-11,VWO,506770047.8082687,89.0
2019-11,VXX,729381316.8854612,56.0
2019-11,VZ,639578771.0466839,69.0
2019-11,WFC,1010875824.325404,34.0
2019-11,WMT,597911501.6954149,75.0
2019-11,XLE,880208245.6903428,41.0
2019-11,XLF,1357247757.5092893,23.0
2019-11,XLI,767368992.507765,53.0
2019-11,XLK,809559348.3824109,47.0
2019-11,XLP,738716211.6341485,55.0
2019-11,XLU,1071355644.5984492,30.0
2019-11,XLV,820610530.6823852,45.0
2019-11,XOM,778890714.7335113,51.0
2019-11,XYZ,517857964.9689205,87.0
2019-12,AAPL,6635484601.688179,2.0
2019-12,ABBV,601698932.1386913,74.0
2019-12,ADBE,712829649.6001713,59.0
2019-12,AGG,449347644.97429985,97.0
2019-12,AMD,1898275639.5032732,13.0
2019-12,AMGN,476279037.01900905,91.0
2019-12,AMZN,5280472590.958853,3.0
2019-12,AVGO,644850827.5192503,65.0
2019-12,BA,1790385709.2350066,14.0
2019-12,BABA,2863239474.634443,7.0
2019-12,BAC,1506653319.0231988,20.0
2019-12,BIIB,614771501.8449329,71.0
2019-12,BKNG,613580440.483396,72.0
2019-12,BMY,1003493681.7455353,33.0
2019-12,BRK-B,782667196.9755627,50.0
2019-12,C,861155513.8380747,44.0
2019-12,CAT,474663241.6061765,92.0
2019-12,CHTR,473066408.7526352,93.0
2019-12,CMCSA,785670734.9294881,49.0
2019-12,COST,580107810.6070383,77.0
2019-12,CRM,744974956.5278795,57.0
2019-12,CSCO,912793739.4472213,42.0
2019-12,CVS,463010689.96988934,95.0
2019-12,CVX,640750012.0907859,68.0
2019-12,DHR,1660586660.475337,17.0
2019-12,DIA,613218660.4117742,73.0
2019-12,DIS,1390992294.4920132,22.0
2019-12,EEM,2402096455.646745,11.0
2019-12,EFA,1512233002.0758796,19.0
2019-12,FXI,955556893.7954797,39.0
2019-12,GDX,1369993408.0093896,23.0
2019-12,GDXJ,526938885.51113796,85.0
2019-12,GE,548737095.8305138,81.0
2019-12,GLD,946550310.2322291,40.0
2019-12,GOOG,1638257032.842848,18.0
2019-12,GOOGL,1712066240.222507,16.0
2019-12,GS,494896157.8276135,86.0
2019-12,HD,970124954.1870117,36.0
2019-12,HON,447633818.68982273,99.0
2019-12,HYG,1439322999.4921124,21.0
2019-12,IBM,484363493.9237866,89.0
2019-12,IEFA,493116241.39972264,88.0
2019-12,IEMG,644187142.5783187,66.0
2019-12,INTC,1033443429.3188065,32.0
2019-12,IVV,1062702914.7754972,28.0
2019-12,IWM,2414565779.357014,10.0
2019-12,IYR,643947812.3325287,67.0
2019-12,JNJ,974281759.4150119,35.0
2019-12,JNK,527724768.91640556,84.0
2019-12,JPM,1311487389.4947112,24.0
2019-12,KO,586928190.9534636,75.0
2019-12,LQD,1056648556.1621892,29.0
2019-12,MA,872348396.9366649,43.0
2019-12,MCD,775560724.828932,51.0
2019-12,META,2598046535.195196,9.0
2019-12,MMM,448847637.62469095,98.0
2019-12,MRK,673071012.337136,62.0
2019-12,MSFT,3192126071.4568124,5.0
2019-12,MU,937138593.4112124,41.0
2019-12,NEE,436383282.57954913,100.0
2019-12,NFLX,2153914155.0659904,12.0
2019-12,NKE,577684644.4233365,78.0
2019-12,NOW,788821690.6601436,48.0
2019-12,NVDA,1750374267.4474866,15.0
2019-12,ORCL,571090053.3121018,79.0
2019-12,PEP,483954699.92188954,90.0
2019-12,PFE,691028280.8022419,61.0
2019-12,PG,794504506.4740378,47.0
2019-12,PYPL,701017319.5354037,60.0
2019-12,QCOM,717347537.1987237,58.0
2019-12,QQQ,4194529947.18858,4.0
2019-12,ROKU,2613431559.988282,8.0
2019-12,SBUX,543785300.1562815,83.0
2019-12,SCHW,460021106.17838055,96.0
2019-12,SHOP,764594606.3038054,53.0
2019-12,SPY,17684599080.613537,1.0
2019-12,T,1055436387.4226719,30.0
2019-12,TGT,554838015.1930673,80.0
2019-12,TLT,1230778454.651436,27.0
2019-12,TQQQ,1041291846.9629076,31.0
2019-12,TSLA,3102145637.04611,6.0
2019-12,TXN,548048617.8807334,82.0
2019-12,UBER,753852777.4680789,56.0
2019-12,UNH,961705343.3267261,37.0
2019-12,UNP,493845391.220553,87.0
2019-12,V,1282211763.34943,25.0
2019-12,VOO,672149652.9889303,63.0
2019-12,VWO,467933215.66550237,94.0
2019-12,VXX,636375462.3104345,69.0
2019-12,VZ,665492269.9724833,64.0
2019-12,WFC,959549954.0489802,38.0
2019-12,WMT,582461433.7771097,76.0
2019-12,XLE,798867125.9741405,46.0
2019-12,XLF,1238766361.2630632,26.0
2019-12,XLI,759380058.7565831,54.0
2019-12,XLK,756704413.7543936,55.0
2019-12,XLP,620360507.3358082,70.0
2019-12,XLU,987647273.1284368,34.0
2019-12,XLV,768140855.0512646,52.0
2019-12,XOM,838062634.4093444,45.0
2020-01,AAPL,8265625870.19525,2.0
2020-01,ABBV,695787540.36399,70.0
2020-01,ADBE,720207060.4961576,68.0
2020-01,AGG,512482278.51112,92.0
2020-01,AMD,2384830134.8405447,11.0
2020-01,AMGN,531844414.025225,90.0
2020-01,AMZN,6042931211.386302,3.0
2020-01,AVGO,766738918.9188821,60.0
2020-01,BA,2135334710.3179448,13.0
2020-01,BABA,3287491113.535297,7.0
2020-01,BAC,1523125498.645401,21.0
2020-01,BIDU,508352425.3943307,94.0
2020-01,BIIB,485870593.4414818,99.0
2020-01,BKNG,752467825.9247068,61.0
2020-01,BMY,1125511480.2424114,35.0
2020-01,BRK-B,837959817.1733553,51.0
2020-01,BYND,814645627.163458,54.0
2020-01,C,921434892.6598685,46.0
2020-01,CHTR,532532781.52291435,89.0
2020-01,CMCSA,909323244.2313821,47.0
2020-01,COST,592688013.5305737,80.0
2020-01,CRM,825384180.4290771,53.0
2020-01,CSCO,928463644.2472548,45.0
2020-01,CVS,492927423.11933005,96.0
2020-01,CVX,746186754.4366624,63.0
2020-01,DHR,1699547533.2919679,18.0
2020-01,DIA,642583018.1361123,77.0
2020-01,DIS,1529356107.8258696,20.0
2020-01,EEM,2814643349.296309,9.0
2020-01,EFA,1480694010.5769687,22.0
2020-01,FXI,1174531017.1895769,32.0
2020-01,GDX,1356023761.9703686,25.0
2020-01,GDXJ,548764024.8318143,87.0
2020-01,GE,678447137.8714546,71.0
2020-01,GILD,481101384.29109484,100.0
2020-01,GLD,1045656343.9029027,37.0
2020-01,GOOG,1896979968.4531803,16.0
2020-01,GOOGL,1942499647.7288141,15.0
2020-01,GS,581576780.8268472,81.0
2020-01,HD,1112414283.9253502,36.0
2020-01,HYG,1646084626.9621954,19.0
2020-01,IBM,550281259.5218884,85.0
2020-01,IEFA,549153536.8572114,86.0
2020-01,IEMG,742715599.9630519,65.0
2020-01,INTC,1230345847.0870547,27.0
2020-01,IVV,1224321843.7497578,28.0
2020-01,IWM,2597744773.4468975,10.0
2020-01,IYR,656443218.526701,74.0
2020-01,JNJ,929962571.9553387,44.0
2020-01,JNK,553732478.5681467,84.0
2020-01,JPM,1414320898.3393836,24.0
2020-01,KO,658405452.8882102,73.0
2020-01,LQD,1221890823.9919875,29.0
2020-01,MA,974136503.4671844,41.0
2020-01,MCD,743894214.1820514,64.0
2020-01,META,3003990336.742607,8.0
2020-01,MMM,486933996.10078865,98.0
2020-01,MRK,729822089.9825726,66.0
2020-01,MSFT,3541744553.771198,6.0
2020-01,MU,1128374761.7453864,34.0
2020-01,NFLX,2102718672.5121756,14.0
2020-01,NKE,568741493.1849889,83.0
2020-01,NOW,721998414.2478762,67.0
2020-01,NVDA,1806778177.4646819,17.0
2020-01,ORCL,547229173.0088309,88.0
2020-01,PEP,525080114.2708188,91.0
2020-01,PFE,806288079.9630495,55.0
2020-01,PG,830591999.3898543,52.0
2020-01,PYPL,747842827.5151933,62.0
2020-01,QCOM,857905152.4695139,48.0
2020-01,QQQ,4672455008.777316,5.0
2020-01,ROKU,2288889249.320899,12.0
2020-01,SBUX,627740477.7551318,78.0
2020-01,SHOP,772058599.3211534,59.0
2020-01,SPY,19137785987.69536,1.0
2020-01,T,1159030660.1186788,33.0
2020-01,TGT,660851568.9645313,72.0
2020-01,TLT,1211216639.4719684,30.0
2020-01,TQQQ,1254078250.5185566,26.0
2020-01,TSLA,5588023786.370232,4.0
2020-01,TXN,572614740.4391456,82.0
2020-01,UBER,958271729.6694105,42.0
2020-01,UNH,986601265.0770158,40.0
2020-01,UNP,496516748.14552426,95.0
2020-01,V,1456858494.6443346,23.0
2020-01,VOO,787593585.9991649,58.0
2020-01,VWO,509766804.99336,93.0
2020-01,VXX,593514462.7092867,79.0
2020-01,VZ,706588599.806722,69.0
2020-01,WFC,1010148666.0859365,38.0
2020-01,WMT,653069637.1264322,75.0
2020-01,XLE,857249632.8447251,49.0
2020-01,XLF,1193597510.7103107,31.0
2020-01,XLI,854687671.8597412,50.0
2020-01,XLK,803295342.8579421,56.0
2020-01,XLP,647644457.3435768,76.0
2020-01,XLU,954081589.503915,43.0
2020-01,XLV,794160914.9787176,57.0
2020-01,XOM,993122044.3024468,39.0
2020-01,XYZ,490554460.27030337,97.0
2020-02,AAPL,10006259432.266333,3.0
2020-02,ABBV,767710042.3345172,73.0
2020-02,ADBE,839302180.765594,62.0
2020-02,AGG,620892285.2319869,86.0
2020-02,AMD,2689309286.440374,11.0
2020-02,AMZN,7633095144.773695,4.0
2020-02,AVGO,785821398.4400128,69.0
2020-02,BA,2244749808.194842,15.0
2020-02,BABA,3319084146.672906,7.0
2020-02,BAC,1631120985.513684,23.0
2020-02,BIIB,544934405.8484274,99.0
2020-02,BKNG,824544827.0985436,66.0
2020-02,BMY,934551498.9256238,54.0
2020-02,BRK-B,926127620.2325245,55.0
2020-02,BYND,982569109.0516881,51.0
2020-02,C,1017712631.4651247,47.0
2020-02,CHTR,604187423.468938,88.0
2020-02,CMCSA,963639593.923206,52.0
2020-02,COST,646437505.9103345,82.0
2020-02,CRM,937262539.7233267,53.0
2020-02,CSCO,1015074022.2354708,48.0
2020-02,CVX,781489296.0416884,71.0
2020-02,DHR,1638280416.321712,22.0
2020-02,DIA,878899725.6237696,57.0
2020-02,DIS,1496715009.8868475,26.0
2020-02,EEM,3124170201.965296,9.0
2020-02,EFA,1811480183.9006455,19.0
2020-02,EWJ,544428083.2199702,100.0
2020-02,FXI,1286460708.6716607,34.0
2020-02,GDX,1455038968.1867266,28.0
2020-02,GDXJ,640469506.578942,83.0
2020-02,GE,706173957.111612,75.0
2020-02,GILD,857991764.8376646,59.0
2020-02,GLD,1354281032.4308364,31.0
2020-02,GOOG,2232932406.380063,16.0
2020-02,GOOGL,2348134399.989537,13.0
2020-02,GS,668149453.8166107,80.0
2020-02,HD,1089363064.0084403,39.0
2020-02,HYG,2147245874.56223,17.0
2020-02,IBM,691095128.9715466,78.0
2020-02,IEFA,586841319.0270318,92.0
2020-02,IEMG,855404016.7907654,60.0
2020-02,INTC,1383143654.7976902,30.0
2020-02,IVV,1585547353.2401433,24.0
2020-02,IWM,3005748436.230711,10.0
2020-02,IYR,723358461.6099039,74.0
2020-02,JNJ,1003028125.3957839,49.0
2020-02,JNK,767750003.0460418,72.0
2020-02,JPM,1516356063.3880253,25.0
2020-02,KO,695874729.6109154,77.0
2020-02,LQD,1435746220.189025,29.0
2020-02,MA,1224651676.0115366,35.0
2020-02,MCD,697823824.6383425,76.0
2020-02,META,3174698716.159251,8.0
2020-02,MRK,851411065.1899968,61.0
2020-02,MS,597276402.5931948,90.0
2020-02,MSFT,5098511379.656861,6.0
2020-02,MU,1349560549.1393075,33.0
2020-02,NFLX,2248043678.876937,14.0
2020-02,NKE,624557900.60535,85.0
2020-02,NOW,549625068.2128725,98.0
2020-02,NVDA,2506005003.0519395,12.0
2020-02,ORCL,574561087.5160339,94.0
2020-02,PEP,602355560.5564178,89.0
2020-02,PFE,872929322.8767256,58.0
2020-02,PG,881518676.9454592,56.0
2020-02,PYPL,805567890.0633796,68.0
2020-02,QCOM,836626898.4848144,63.0
2020-02,QQQ,6879873813.816107,5.0
2020-02,ROKU,1932909523.4186323,18.0
2020-02,RTX,558726641.0287783,96.0
2020-02,SBUX,666097487.3878601,81.0
2020-02,SHOP,1034408321.1184305,46.0
2020-02,SPY,24723355547.649273,1.0
2020-02,T,1198871055.6761084,36.0
2020-02,TGT,558276870.4557995,97.0
2020-02,TLT,1469974154.1722615,27.0
2020-02,TQQQ,1733340339.8041499,20.0
2020-02,TSLA,10731916975.266502,2.0
2020-02,TXN,594589935.9289745,91.0
2020-02,UBER,1068689371.3120809,40.0
2020-02,UNH,1102751347.6215422,38.0
2020-02,V,1723960117.8118024,21.0
2020-02,VOO,1053822469.5967417,41.0
2020-02,VTI,614433175.4426986,87.0
2020-02,VWO,584977729.2771415,93.0
2020-02,VXX,834165942.6238936,64.0
2020-02,VZ,807941861.2457759,67.0
2020-02,WFC,1047493985.4392581,43.0
2020-02,WMT,676776343.7875838,79.0
2020-02,XLE,997752925.220647,50.0
2020-02,XLF,1353480364.399471,32.0
2020-02,XLI,1046715814.2585512,44.0
2020-02,XLK,1045577974.4312831,45.0
2020-02,XLP,784221658.0781361,70.0
2020-02,XLU,1049429931.4415947,42.0
2020-02,XLV,826524661.2049164,65.0
2020-02,XLY,632070385.7377794,84.0
2020-02,XOM,1152720429.6741788,37.0
2020-02,XYZ,559630809.661611,95.0
2020-03,AAPL,13879204397.006735,2.0
2020-03,ABBV,1015804933.1304157,72.0
2020-03,ADBE,1213473988.9066665,53.0
2020-03,AGG,975918138.4788029,75.0
2020-03,AMD,3494385425.897768,11.0
2020-03,AMZN,10452362885.77755,5.0
2020-03,AVGO,936987384.3266623,80.0
2020-03,BA,3345371847.977254,13.0
2020-03,BABA,3542781580.466594,10.0
2020-03,BAC,2127288379.7271152,26.0
2020-03,BKNG,1051398657.4386415,66.0
2020-03,BMY,976181119.3685561,74.0
2020-03,BRK-B,1449316921.2809002,42.0
2020-03,BYND,1024432303.17843,68.0
2020-03,C,1272880710.1383936,50.0
2020-03,CHTR,873747713.7258378,84.0
2020-03,CMCSA,1167843153.2635887,59.0
2020-03,COST,1019546427.818807,70.0
2020-03,CRM,1185703081.2361944,57.0
2020-03,CSCO,1295419308.1306942,49.0
2020-03,CVX,1112751198.308545,62.0
2020-03,DAL,728151776.8959773,100.0
2020-03,DIA,1568882120.9809318,35.0
2020-03,DIS,2063811350.5422683,27.0
2020-03,EEM,3549168339.4207125,9.0
2020-03,EFA,2480966711.157614,20.0
2020-03,FXI,1547767042.6583123,39.0
2020-03,GDX,1844322662.2878847,30.0
2020-03,GDXJ,837911197.7563162,92.0
2020-03,GE,848213706.7976757,87.0
2020-03,GILD,1385507140.410378,45.0
2020-03,GLD,2161095332.0296273,25.0
2020-03,GOOG,2964314923.851982,16.0
2020-03,GOOGL,3197859010.3029523,14.0
2020-03,GS,849328353.8856628,86.0
2020-03,HD,1352057198.6520917,47.0
2020-03,HYG,3173253160.7440524,15.0
2020-03,IBM,872167747.4102197,85.0
2020-03,IEF,739844657.6791431,98.0
2020-03,IEFA,934678958.114182,81.0
2020-03,IEMG,1209132075.990568,55.0
2020-03,INTC,1774255838.9369905,33.0
2020-03,IVV,2443001980.283586,21.0
2020-03,IWM,4346109783.10525,7.0
2020-03,IYR,842811005.1963867,91.0
2020-03,JNJ,1439021653.9045546,44.0
2020-03,JNK,1029570064.4131857,67.0
2020-03,JPM,2165453602.4914937,24.0
2020-03,KO,997987721.697332,73.0
2020-03,LQD,2322707144.203489,22.0
2020-03,MA,1807016920.130775,31.0
2020-03,MCD,967813113.1916833,76.0
2020-03,MCK,735620245.6068251,99.0
2020-03,META,3938306728.762333,8.0
2020-03,MRK,1094525696.205115,63.0
2020-03,MS,783733126.4177474,96.0
2020-03,MSFT,7850772067.382352,6.0
2020-03,MU,1495467661.4000351,41.0
2020-03,NEE,774620611.7367699,97.0
2020-03,NFLX,2725151229.8016624,17.0
2020-03,NKE,843910557.4367948,90.0
2020-03,NVDA,3426886914.9885025,12.0
2020-03,PEP,844485398.7112863,89.0
2020-03,PFE,1130855408.5147183,61.0
2020-03,PG,1212460062.9326835,54.0
2020-03,PYPL,1017582100.7602631,71.0
2020-03,QCOM,954685303.7848034,78.0
2020-03,QQQ,12044533449.886284,4.0
2020-03,ROKU,1506895302.9203627,40.0
2020-03,RTX,845208342.2050725,88.0
2020-03,SBUX,938852385.8907487,79.0
2020-03,SHOP,1166444762.6084223,60.0
2020-03,SPY,42775197896.55071,1.0
2020-03,T,1601807744.8633988,34.0
2020-03,TLT,2530348209.3691387,19.0
2020-03,TQQQ,2723443832.1070414,18.0
2020-03,TSLA,13127384404.691559,3.0
2020-03,TXN,789148436.9311984,95.0
2020-03,UBER,1207660885.2293198,56.0
2020-03,UNH,1568830210.1955838,36.0
2020-03,V,2314039988.9413257,23.0
2020-03,VEA,876591093.0280322,83.0
2020-03,VOO,1853693863.8982863,29.0
2020-03,VTI,1023314694.8930286,69.0
2020-03,VWO,912232881.7976664,82.0
2020-03,VXX,1548238518.9939952,38.0
2020-03,VZ,1169286192.1982539,58.0
2020-03,WFC,1258039191.1277165,51.0
2020-03,WMT,1066878188.9357976,65.0
2020-03,XLE,1224080947.7960193,52.0
2020-03,XLF,2027574383.052381,28.0
2020-03,XLI,1368483912.2429802,46.0
2020-03,XLK,1791401029.1895185,32.0
2020-03,XLP,1074060215.183688,64.0
2020-03,XLU,1441581650.6200035,43.0
2020-03,XLV,1312477219.085548,48.0
2020-03,XLY,825716728.9887928,93.0
2020-03,XOM,1568305800.1672957,37.0
2020-03,XYZ,817255094.8686751,94.0
2020-03,ZM,959855086.1831665,77.0
2020-04,AAPL,13895786381.804766,2.0
2020-04,ABBV,1024279122.7637033,78.0
2020-04,ABT,860885155.4950775,90.0
2020-04,ADBE,1363730307.211013,52.0
2020-04,AGG,1041670997.1312265,75.0
2020-04,AMD,3973571896.5647864,11.0
2020-04,AMZN,12791291043.08864,5.0
2020-04,AVGO,902719392.549212,86.0
2020-04,BA,4221086119.098542,9.0
2020-04,BABA,3585813113.7498646,12.0
2020-04,BAC,2183796661.831365,27.0
2020-04,BKNG,1042936362.5328125,74.0
2020-04,BMY,948227040.9238664,82.0
2020-04,BRK-B,1612729775.970241,42.0
2020-04,C,1405426072.1634457,49.0
2020-04,CCL,805346978.2166277,97.0
2020-04,CHTR,866514435.8697315,89.0
2020-04,CMCSA,1126204415.1660123,66.0
2020-04,COST,1172587281.2327068,63.0
2020-04,CRM,1240724790.486823,59.0
2020-04,CSCO,1331464076.1434464,55.0
2020-04,CVX,1246725083.2140908,58.0
2020-04,DAL,1078371099.1711571,70.0
2020-04,DIA,1826602087.2666132,33.0
2020-04,DIS,2247809808.74325,26.0
2020-04,EEM,3025393808.8790407,18.0
2020-04,EFA,2654780066.789524,20.0
2020-04,FXI,1348894768.8712225,53.0
2020-04,GDX,1807355248.9513881,35.0
2020-04,GDXJ,857419580.9201014,91.0
2020-04,GE,835941176.5552003,94.0
2020-04,GILD,1916267140.2090406,31.0
2020-04,GLD,2387349878.864058,25.0
2020-04,GOOG,3138730038.529169,17.0
2020-04,GOOGL,3559026256.747049,13.0
2020-04,GS,819749417.9495918,95.0
2020-04,HD,1390980743.6365278,50.0
2020-04,HYG,3464804866.1441016,14.0
2020-04,IBM,902945282.0113883,85.0
2020-04,IEF,776983217.5381979,100.0
2020-04,IEFA,1045277983.5698627,72.0
2020-04,IEMG,1235669056.5372407,60.0
2020-04,INTC,1824953037.5972202,34.0
2020-04,IVV,2679095237.8153243,19.0
2020-04,IWM,5139519055.004361,7.0
2020-04,IYR,851199240.0060563,92.0
2020-04,JNJ,1638533511.2653944,40.0
2020-04,JNK,1085632813.9600966,69.0
2020-04,JPM,2420728662.041861,24.0
2020-04,KO,1040538696.9185481,76.0
2020-04,LQD,2526315589.501529,22.0
2020-04,MA,1992173889.4710965,30.0
2020-04,MCD,1019423691.9830806,79.0
2020-04,META,4360103928.988429,8.0
2020-04,MRK,1136774708.4508526,64.0
2020-04,MS,801660389.8464535,98.0
2020-04,MSFT,9077084590.507992,6.0
2020-04,MU,1473177129.8758068,46.0
2020-04,NEE,840884404.9547225,93.0
2020-04,NFLX,3292025889.262366,15.0
2020-04,NKE,879195705.6499906,88.0
2020-04,NVDA,4073968939.771894,10.0
2020-04,PEP,890645383.9352804,87.0
2020-04,PFE,1114473933.2188072,67.0
2020-04,PG,1369229463.5396442,51.0
2020-04,PYPL,1076540497.1508934,71.0
2020-04,QCOM,921173309.610052,84.0
2020-04,QQQ,13670630694.534761,4.0
2020-04,ROKU,1508921762.555743,44.0
2020-04,RTX,989865055.4581822,80.0
2020-04,SBUX,1032667971.082427,77.0
2020-04,SHOP,1650513418.9477346,38.0
2020-04,SPY,48073251123.71523,1.0
2020-04,T,1561730598.0360823,43.0
2020-04,TLT,2585106769.6081977,21.0
2020-04,TQQQ,3231894216.277016,16.0
2020-04,TSLA,13821625067.902792,3.0
2020-04,TXN,807783924.3629819,96.0
2020-04,UBER,1186098192.179256,62.0
2020-04,UNH,1645756572.728378,39.0
2020-04,V,2468055341.236926,23.0
2020-04,VEA,1045025910.2064526,73.0
2020-04,VOO,2147829395.56536,29.0
2020-04,VTI,1131758662.9030983,65.0
2020-04,VWO,960908532.7094759,81.0
2020-04,VXX,1630690874.4770837,41.0
2020-04,VZ,1229780611.9194758,61.0
2020-04,WFC,1277034960.1459322,56.0
2020-04,WMT,1248107966.9940767,57.0
2020-04,XLE,1408806069.175799,48.0
2020-04,XLF,2170416085.259607,28.0
2020-04,XLI,1334295030.8865259,54.0
2020-04,XLK,1898855688.2208567,32.0
2020-04,XLP,1109300267.9704816,68.0
2020-04,XLU,1494937290.024282,45.0
2020-04,XLV,1449971983.6149065,47.0
2020-04,XLY,786376462.1705313,99.0
2020-04,XOM,1732203453.9035797,37.0
2020-04,XYZ,939090903.956816,83.0
2020-04,ZM,1737245382.7095275,36.0
2020-05,AAL,825135582.534295,98.0
2020-05,AAPL,13463244291.080608,2.0
2020-05,ABBV,1095553669.6413434,66.0
2020-05,ABT,924487455.3946117,86.0
2020-05,ADBE,1341850792.88674,53.0
2020-05,AGG,1005429016.6765728,81.0
2020-05,AMD,3903286489.678646,12.0
2020-05,AMZN,12432844055.56597,4.0
2020-05,AVGO,853722351.2396737,93.0
2020-05,BA,4893051278.369614,9.0
2020-05,BABA,4030780756.6842456,11.0
2020-05,BAC,2137158708.4879405,28.0
2020-05,BKNG,1036948199.2111509,75.0
2020-05,BMY,1016511544.2983718,78.0
2020-05,BRK-B,1670210639.858258,37.0
2020-05,BYND,855047419.3780266,91.0
2020-05,C,1482743514.92203,44.0
2020-05,CCL,924333288.8625137,87.0
2020-05,CHTR,803536106.7365859,99.0
2020-05,CMCSA,1070646030.7824455,69.0
2020-05,COST,1247302451.4553494,61.0
2020-05,CRM,1276099919.318741,56.0
2020-05,CSCO,1260677578.85566,59.0
2020-05,CVX,1262332717.0296018,58.0
2020-05,DAL,1349343491.9956298,52.0
2020-05,DIA,1748925831.6032288,36.0
2020-05,DIS,2394530677.2653246,24.0
2020-05,EEM,2451238061.7366796,22.0
2020-05,EFA,2503079845.4365563,20.0
2020-05,FXI,1266397308.852108,57.0
2020-05,GDX,1627794145.522266,38.0
2020-05,GE,847618389.0582358,95.0
2020-05,GILD,1753568642.6939464,34.0
2020-05,GLD,2344270900.510903,26.0
2020-05,GOOG,2934051808.3675323,17.0
2020-05,GOOGL,3351900876.509409,14.0
2020-05,HD,1483903584.0898545,43.0
2020-05,HYG,3131291288.2665,16.0
2020-05,IEFA,1052801401.9217173,71.0
2020-05,IEMG,1128908445.6406367,64.0
2020-05,INTC,1752503830.7887485,35.0
2020-05,IVV,2533840039.20058,19.0
2020-05,IWM,5499832946.776375,7.0
2020-05,JD,865950532.2049701,90.0
2020-05,JNJ,1595599135.0525146,41.0
2020-05,JNK,950659469.4539145,84.0
2020-05,JPM,2625295592.22578,18.0
2020-05,KO,1074528620.7739027,68.0
2020-05,LQD,2473694440.2775354,21.0
2020-05,MA,1836505692.3596094,32.0
2020-05,MCD,1005529490.7049755,80.0
2020-05,META,4999632461.124505,8.0
2020-05,MRK,1037646518.6450312,74.0
2020-05,MRNA,1051974591.070263,72.0
2020-05,MSFT,8501481951.333691,6.0
2020-05,MU,1356712427.1335056,50.0
2020-05,NEE,800855617.8012182,100.0
2020-05,NFLX,3516103178.852929,13.0
2020-05,NKE,848355685.740383,94.0
2020-05,NOW,825364957.6292795,97.0
2020-05,NVDA,4411306335.133265,10.0
2020-05,PEP,934110973.5956343,85.0
2020-05,PFE,1048446932.1810945,73.0
2020-05,PG,1351053094.183967,51.0
2020-05,PYPL,1260339752.6365614,60.0
2020-05,QCOM,854969104.1517651,92.0
2020-05,QQQ,13175944563.885426,3.0
2020-05,RCL,891314865.2190193,89.0
2020-05,REGN,836334013.375467,96.0
2020-05,ROKU,1324725308.776916,55.0
2020-05,RTX,1003883440.2682316,82.0
2020-05,SBUX,1033629976.1568463,76.0
2020-05,SHOP,2178759734.807817,27.0
2020-05,SPY,45710450929.48698,1.0
2020-05,T,1466152994.7279887,46.0
2020-05,TLT,2436913899.4484553,23.0
2020-05,TQQQ,3335248214.2853026,15.0
2020-05,TSLA,11106600495.939528,5.0
2020-05,UAL,1100719373.346683,65.0
2020-05,UBER,1084892913.591621,67.0
2020-05,UNH,1601877591.2035503,39.0
2020-05,V,2346174427.3978095,25.0
2020-05,VEA,1032232134.280238,77.0
2020-05,VOO,2055671044.1359262,30.0
2020-05,VTI,1053258649.8076665,70.0
2020-05,VWO,912213528.228793,88.0
2020-05,VXX,1476692613.8361564,45.0
2020-05,VZ,1208578225.3500016,62.0
2020-05,WFC,1372185225.31995,48.0
2020-05,WMT,1360706682.5103033,49.0
2020-05,XLE,1339966800.6281958,54.0
2020-05,XLF,2107766259.3403437,29.0
2020-05,XLI,1133127749.5864263,63.0
2020-05,XLK,1773776782.9419212,33.0
2020-05,XLP,1009805550.603582,79.0
2020-05,XLU,1382390788.0832248,47.0
2020-05,XLV,1489146981.5793355,42.0
2020-05,XOM,1599343959.9460783,40.0
2020-05,XYZ,1003851499.184006,83.0
2020-05,ZM,1940724525.493428,31.0
2020-06,AAL,1313071346.108361,42.0
2020-06,AAPL,11439444508.21979,2.0
2020-06,ABBV,926550336.1610049,74.0
2020-06,ABT,747945843.1210473,97.0
2020-06,ADBE,1167877455.7491243,54.0
2020-06,AMD,3425353790.1369305,12.0
2020-06,AMZN,11257662535.278563,4.0
2020-06,AVGO,751258702.2734748,95.0
2020-06,BA,7524826342.148434,6.0
2020-06,BABA,3849382071.4764547,11.0
2020-06,BAC,1842485113.391749,27.0
2020-06,BKNG,921482481.2469785,75.0
2020-06,BMY,969612636.6242121,69.0
2020-06,BRK-B,1354588599.923028,39.0
2020-06,BYND,1148681484.385841,55.0
2020-06,C,1513624405.3250751,33.0
2020-06,CCL,1017439474.4408616,65.0
2020-06,CMCSA,827834764.4838163,86.0
2020-06,COST,956534953.9693197,70.0
2020-06,CRM,1142961810.1911757,57.0
2020-06,CSCO,1082070455.3820837,60.0
2020-06,CVX,1005632152.2534204,66.0
2020-06,DAL,1574793562.6182768,32.0
2020-06,DIA,1351238428.0733624,40.0
2020-06,DIS,1997018900.4487052,21.0
2020-06,ECL,881167604.409451,79.0
2020-06,EEM,1943419671.7563026,22.0
2020-06,EFA,1934517513.5073345,24.0
2020-06,FXI,948951152.9251885,72.0
2020-06,GDX,1144989068.832267,56.0
2020-06,GE,784376006.0186174,92.0
2020-06,GILD,1345109781.468455,41.0
2020-06,GLD,1836952367.5932384,28.0
2020-06,GOOG,2485968661.943587,17.0
2020-06,GOOGL,2815526917.85334,15.0
2020-06,HD,1222578145.7543752,49.0
2020-06,HYG,2593467472.4139624,16.0
2020-06,IEFA,831097609.4732981,85.0
2020-06,IEMG,837513522.4444193,84.0
2020-06,INTC,1512626339.9054513,34.0
2020-06,IVV,1826350645.6750295,29.0
2020-06,IWM,5302332090.392824,9.0
2020-06,JD,840945833.1295922,83.0
2020-06,JNJ,1257809913.1253197,45.0
2020-06,JNK,895632528.1074888,77.0
2020-06,JPM,2363689418.736776,20.0
2020-06,KO,860238430.0529299,81.0
2020-06,LQD,1937966778.571695,23.0
2020-06,LUV,800873454.5029595,89.0
2020-06,MA,1410714436.7898366,36.0
2020-06,MCD,790870101.962353,91.0
2020-06,META,5311845282.831344,8.0
2020-06,MRK,870235022.2477506,80.0
2020-06,MRNA,1219471667.0960019,50.0
2020-06,MSFT,6967802326.469107,7.0
2020-06,MU,1201647347.002405,51.0
2020-06,NCLH,976711235.1790397,67.0
2020-06,NFLX,3218861306.402721,13.0
2020-06,NOW,742892145.1650347,98.0
2020-06,NVDA,4302107205.065621,10.0
2020-06,OXY,758412883.9473028,93.0
2020-06,PEP,758394479.7890073,94.0
2020-06,PFE,973501225.9125296,68.0
2020-06,PG,1072030096.2345184,61.0
2020-06,PYPL,1225822901.5839107,48.0
2020-06,QCOM,808245713.069274,87.0
2020-06,QQQ,10119230721.343435,5.0
2020-06,RCL,1088636740.2513957,59.0
2020-06,REGN,799487971.1826385,90.0
2020-06,ROKU,1356241614.5231943,38.0
2020-06,RTX,850864012.8155595,82.0
2020-06,SBUX,881173668.8646165,78.0
2020-06,SHOP,2451495102.612632,18.0
2020-06,SPY,32646381922.64414,1.0
2020-06,T,1170700371.257774,53.0
2020-06,TLT,1637729286.529541,31.0
2020-06,TMUS,804699292.0150999,88.0
2020-06,TQQQ,3145933221.305732,14.0
2020-06,TSLA,11391994653.772717,3.0
2020-06,TWLO,722754215.3030154,100.0
2020-06,UAL,1909481710.8716478,25.0
2020-06,UBER,937869602.1328608,73.0
2020-06,UNH,1254433330.3910513,46.0
2020-06,V,1851280406.475055,26.0
2020-06,VOO,1436466800.064862,35.0
2020-06,VTI,750219690.1229616,96.0
2020-06,VXX,1024612254.6133549,64.0
2020-06,VZ,951434537.4383109,71.0
2020-06,WFC,1368263953.6102417,37.0
2020-06,WMT,1135846869.9389322,58.0
2020-06,XLE,1274096744.2822957,44.0
2020-06,XLF,1801264833.224908,30.0
2020-06,XLI,919304088.562151,76.0
2020-06,XLK,1197471822.8944204,52.0
2020-06,XLP,736461544.3572392,99.0
2020-06,XLU,1050319823.292045,62.0
2020-06,XLV,1231202287.1928382,47.0
2020-06,XOM,1309588358.3101485,43.0
2020-06,XYZ,1050259861.9762118,63.0
2020-06,ZM,2392625869.050598,19.0
2020-07,AAL,1298856680.1649091,39.0
2020-07,AAPL,12260172264.071556,4.0
2020-07,ABBV,869733762.1557811,72.0
2020-07,ADBE,1157564463.0672395,45.0
2020-07,AMD,3533226287.1771135,13.0
2020-07,AMZN,12620751579.444523,3.0
2020-07,BA,7887836039.848255,6.0
2020-07,BABA,4409465646.331569,10.0
2020-07,BAC,1765699505.7095087,26.0
2020-07,BKNG,849947370.7657769,77.0
2020-07,BMY,864271050.4585993,73.0
2020-07,BRK-B,1260747189.684453,41.0
2020-07,BYND,1154290982.3968332,46.0
2020-07,C,1412872229.1226282,34.0
2020-07,CCL,805037852.2720715,85.0
2020-07,CMCSA,807357163.986314,84.0
2020-07,COST,819541665.5200292,83.0
2020-07,CRM,1098912163.148668,54.0
2020-07,CSCO,1034281482.2251456,61.0
2020-07,CVX,839084087.315841,80.0
2020-07,DAL,1293482528.4552224,40.0
2020-07,DIA,1136401574.7836642,47.0
2020-07,DIS,1795624337.5562153,25.0
2020-07,DOCU,847628133.657304,78.0
2020-07,ECL,875932432.6085651,71.0
2020-07,EEM,1978392499.585966,23.0
2020-07,EFA,1741583272.8793068,28.0
2020-07,FXI,969961344.847773,66.0
2020-07,GDX,1187134038.4488485,43.0
2020-07,GILD,773977720.7249596,86.0
2020-07,GLD,2002926936.8687222,22.0
2020-07,GOOG,2378052383.5112557,17.0
2020-07,GOOGL,2650038030.8927507,16.0
2020-07,GS,724232566.8089367,93.0
2020-07,HD,1099237938.7059288,53.0
2020-07,HYG,2290692936.770533,18.0
2020-07,INO,752204879.8787695,91.0
2020-07,INTC,1604958520.893321,32.0
2020-07,IVV,1459926959.962439,33.0
2020-07,IWM,4733435048.744239,9.0
2020-07,JD,843932909.9962628,79.0
2020-07,JNJ,1019308093.213375,63.0
2020-07,JNK,885638132.3185875,69.0
2020-07,JPM,2217196239.103832,19.0
2020-07,KO,832391411.7988162,81.0
2020-07,LQD,1687603460.5171688,29.0
2020-07,LUV,717877592.194545,94.0
2020-07,MA,1206321343.1294758,42.0
2020-07,META,5650567496.973213,8.0
2020-07,MRK,766263852.0366273,87.0
2020-07,MRNA,1904828412.893247,24.0
2020-07,MSFT,6754391671.6416855,7.0
2020-07,MU,1078790486.277892,56.0
2020-07,NCLH,1058297931.8357892,60.0
2020-07,NFLX,3557026633.778103,12.0
2020-07,NIO,1112525874.5538905,51.0
2020-07,NOW,728557492.6307315,92.0
2020-07,NVDA,4349652896.648407,11.0
2020-07,ORCL,704192931.8263402,98.0
2020-07,PDD,711382988.7493436,97.0
2020-07,PEP,713102809.9469382,96.0
2020-07,PFE,1126481704.9305136,48.0
2020-07,PG,884017422.7374606,70.0
2020-07,PYPL,1370262246.9911969,36.0
2020-07,QCOM,850659392.6311796,76.0
2020-07,QQQ,10219025531.933619,5.0
2020-07,RCL,983232908.2684592,65.0
2020-07,REGN,766010464.7195483,88.0
2020-07,ROKU,1363657653.6650643,37.0
2020-07,RTX,698549990.3585827,100.0
2020-07,SBUX,763544729.5657687,89.0
2020-07,SHOP,2742437945.867024,15.0
2020-07,SPOT,701032878.6981492,99.0
2020-07,SPY,27490005722.616283,1.0
2020-07,T,1113302434.14661,50.0
2020-07,TLT,1628542727.9165118,31.0
2020-07,TMUS,826047520.2694726,82.0
2020-07,TQQQ,3417620782.060569,14.0
2020-07,TSLA,15782077770.383108,2.0
2020-07,TWLO,889541836.3902017,68.0
2020-07,UAL,2107134044.0372741,20.0
2020-07,UBER,859235087.9171977,75.0
2020-07,UNH,1079334817.0005193,55.0
2020-07,UVXY,759511894.4444444,90.0
2020-07,V,1644835310.662309,30.0
2020-07,VOO,1165988037.7287364,44.0
2020-07,VXX,1032614182.1477206,62.0
2020-07,VZ,889586068.7109509,67.0
2020-07,WFC,1371480129.2214408,35.0
2020-07,WMT,1106023700.196584,52.0
2020-07,XBI,715717186.7424495,95.0
2020-07,XLE,1076870153.688455,57.0
2020-07,XLF,1742511469.0190694,27.0
2020-07,XLI,864052602.2205534,74.0
2020-07,XLK,1120622122.1620831,49.0
2020-07,XLU,1010603540.4575106,64.0
2020-07,XLV,1074565779.5127385,58.0
2020-07,XOM,1064118967.7194566,59.0
2020-07,XYZ,1359044632.298866,38.0
2020-07,ZM,2081104971.4089289,21.0
2020-08,AAL,1386878060.3647084,36.0
2020-08,AAPL,16498413019.824196,3.0
2020-08,ABBV,681219269.3780081,99.0
2020-08,ADBE,1230279309.9757118,42.0
2020-08,AGG,690943956.0831705,97.0
2020-08,AMD,4131070628.0194664,10.0
2020-08,AMZN,13950219480.216375,4.0
2020-08,AVGO,647801976.1398557,100.0
2020-08,BA,8261800635.730246,6.0
2020-08,BABA,4034674228.4573026,12.0
2020-08,BAC,1674004446.6456552,26.0
2020-08,BKNG,682789065.1879991,98.0
2020-08,BMY,700459976.13483,94.0
2020-08,BRK-B,1185894496.2724957,45.0
2020-08,BYND,777980079.481023,78.0
2020-08,C,1246630164.7715554,40.0
2020-08,CCL,732614057.4433402,86.0
2020-08,CMCSA,738564486.7442628,83.0
2020-08,COST,730898142.7219452,87.0
2020-08,CRM,1597134144.5788913,30.0
2020-08,CSCO,1013497357.7326033,55.0
2020-08,CVX,774771389.6672324,79.0
2020-08,DAL,1065627638.8519468,49.0
2020-08,DIA,1032839597.1125042,53.0
2020-08,DIS,1517412611.9345891,34.0
2020-08,DOCU,900960975.3850302,65.0
2020-08,EEM,1876765309.743742,23.0
2020-08,EFA,1500053494.7798169,35.0
2020-08,FSLY,933664832.6267182,63.0
2020-08,FXI,869011032.2535499,70.0
2020-08,GDX,1256288262.8617666,39.0
2020-08,GLD,2522785021.89675,17.0
2020-08,GOOG,2598364444.7607617,16.0
2020-08,GOOGL,2605529715.7357836,15.0
2020-08,GS,692980629.3744526,96.0
2020-08,HD,977136352.0168971,58.0
2020-08,HYG,2092671197.1894279,19.0
2020-08,INO,706028235.8719449,93.0
2020-08,INTC,1718147650.7947407,25.0
2020-08,IVV,1233075137.0670865,41.0
2020-08,IWM,4047228805.77332,11.0
2020-08,JD,860210819.4031065,71.0
2020-08,JNJ,950469675.8308047,62.0
2020-08,JNK,814276113.2585919,75.0
2020-08,JPM,1970759730.6946163,22.0
2020-08,KO,735323997.345552,85.0
2020-08,LQD,1619488315.4687548,28.0
2020-08,MA,1178964255.577063,46.0
2020-08,META,6310894321.1470585,8.0
2020-08,MRK,694424260.4211452,95.0
2020-08,MRNA,1540840947.7039397,33.0
2020-08,MSFT,7079487996.074228,7.0
2020-08,MU,992155626.0139647,57.0
2020-08,NCLH,892205498.0868399,66.0
2020-08,NFLX,3568398324.730222,14.0
2020-08,NIO,1722015058.4505558,24.0
2020-08,NOW,735805099.3040175,84.0
2020-08,NVAX,889008969.089835,67.0
2020-08,NVDA,4467531835.978554,9.0
2020-08,ORCL,711473253.558834,91.0
2020-08,PDD,803342641.3267953,76.0
2020-08,PFE,1076406816.4911175,48.0
2020-08,PG,853792569.8603312,72.0
2020-08,PYPL,1311112776.3327463,38.0
2020-08,QCOM,957880350.2364991,60.0
2020-08,QQQ,10247796690.259468,5.0
2020-08,RCL,881129478.7376707,68.0
2020-08,ROKU,1381275448.5226948,37.0
2020-08,SBUX,709062791.9754028,92.0
2020-08,SHOP,2306796246.4783683,18.0
2020-08,SLV,1099961894.9538336,47.0
2020-08,SPOT,718605924.5141892,89.0
2020-08,SPY,24205604341.02512,1.0
2020-08,T,1037239284.0970198,52.0
2020-08,TDOC,749227044.4102212,82.0
2020-08,TLT,1640575149.7870793,27.0
2020-08,TMUS,774653855.8001685,80.0
2020-08,TQQQ,3663967521.8943276,13.0
2020-08,TSLA,21698312746.607677,2.0
2020-08,TSM,753047319.7526538,81.0
2020-08,TWLO,719717083.8496375,88.0
2020-08,UAL,2040096176.3987253,21.0
2020-08,UBER,711584728.5952916,90.0
2020-08,UNH,952177767.7397228,61.0
2020-08,UVXY,830135390.4761904,74.0
2020-08,V,1586492985.8219934,32.0
2020-08,VOO,1057686676.1366103,50.0
2020-08,VXX,1002142465.885684,56.0
2020-08,VZ,799884544.8401496,77.0
2020-08,WFC,1219597330.0975647,44.0
2020-08,WMT,1221335483.0553145,43.0
2020-08,XLE,959368508.8421049,59.0
2020-08,XLF,1612795695.162007,29.0
2020-08,XLI,845944304.7298492,73.0
2020-08,XLK,1047745655.0499568,51.0
2020-08,XLU,931982240.3871566,64.0
2020-08,XLV,877350620.4259479,69.0
2020-08,XOM,1021918287.0627873,54.0
2020-08,XYZ,1589880098.3552358,31.0
2020-08,ZM,2082625350.0971234,20.0
2020-09,AAL,842365516.0536721,70.0
2020-09,AAPL,19184269416.963875,3.0
2020-09,ABBV,650897256.4010499,94.0
2020-09,ADBE,1429745720.1667907,36.0
2020-09,AGG,725005945.1622736,84.0
2020-09,AMD,4655884464.468099,10.0
2020-09,AMGN,630260381.424701,99.0
2020-09,AMZN,16016314506.126284,4.0
2020-09,AVGO,641571129.0858133,97.0
2020-09,BA,5024132799.427093,9.0
2020-09,BABA,4003442520.3209286,12.0
2020-09,BAC,1490362356.9696548,32.0
2020-09,BRK-B,1100272875.7129972,48.0
2020-09,BYND,642742316.7252371,96.0
2020-09,C,1134260757.5489407,47.0
2020-09,CMCSA,766531726.3144174,76.0
2020-09,COST,764443746.708219,77.0
2020-09,CRM,1860580858.884006,22.0
2020-09,CRWD,700325648.4648327,89.0
2020-09,CSCO,958109864.7336203,54.0
2020-09,CVX,796866938.8745626,74.0
2020-09,DAL,670486134.053639,93.0
2020-09,DIA,883525274.6707977,64.0
2020-09,DIS,1340412076.3273451,39.0
2020-09,DKNG,710370436.8956944,87.0
2020-09,DOCU,1331155742.7632408,40.0
2020-09,EEM,1770287088.2150197,23.0
2020-09,EFA,1399273359.5663342,37.0
2020-09,FDX,699761857.682868,90.0
2020-09,FSLY,872143756.9955372,65.0
2020-09,FXI,886851206.9178566,62.0
2020-09,GDX,1219404965.8530583,44.0
2020-09,GLD,2590592534.2460027,18.0
2020-09,GOOG,2719506284.002879,16.0
2020-09,GOOGL,2697993993.808807,17.0
2020-09,GS,704290135.7093447,88.0
2020-09,HD,943187216.4459713,55.0
2020-09,HYG,1987149875.413586,21.0
2020-09,INTC,1732333116.138198,25.0
2020-09,IVV,1151787747.9761033,46.0
2020-09,IWM,3335310557.460022,15.0
2020-09,JD,848808988.8032035,68.0
2020-09,JNJ,894629556.7811754,61.0
2020-09,JNK,720443300.5879962,85.0
2020-09,JPM,1751978414.8903983,24.0
2020-09,KO,726163751.9702609,83.0
2020-09,LQD,1497635701.949274,30.0
2020-09,LULU,635103842.8971548,98.0
2020-09,MA,1182787276.7571344,45.0
2020-09,META,6407924359.273008,7.0
2020-09,MRK,644831678.2006118,95.0
2020-09,MRNA,1435320091.212627,35.0
2020-09,MSFT,7336743736.685108,6.0
2020-09,MU,939130309.5262073,57.0
2020-09,NFLX,3667866537.7690754,13.0
2020-09,NIO,2105061841.1981325,20.0
2020-09,NKE,732960010.1130531,81.0
2020-09,NOW,713527952.6806786,86.0
2020-09,NVAX,923520071.2936885,58.0
2020-09,NVDA,6336536754.373096,8.0
2020-09,ORCL,820798556.273318,72.0
2020-09,PDD,757874410.0446186,79.0
2020-09,PFE,966364691.9108196,53.0
2020-09,PG,816434538.6114575,73.0
2020-09,PTON,1463240497.6905944,34.0
2020-09,PYPL,1496678035.21387,31.0
2020-09,QCOM,991902888.400535,51.0
2020-09,QQQ,12585457605.720205,5.0
2020-09,ROKU,1550566963.004727,28.0
2020-09,SBUX,628853838.51477,100.0
2020-09,SHOP,2319507785.0373282,19.0
2020-09,SLV,1305862064.8418276,41.0
2020-09,SPY,22582780441.534954,2.0
2020-09,T,971748075.1370988,52.0
2020-09,TDOC,759132148.8685002,78.0
2020-09,TLT,1550452467.2250898,29.0
2020-09,TQQQ,4461408165.551273,11.0
2020-09,TSLA,29316580379.0014,1.0
2020-09,TSM,884991066.2246765,63.0
2020-09,TWLO,678100523.0628604,92.0
2020-09,UAL,1302050286.4088905,42.0
2020-09,UBER,726280543.3515912,82.0
2020-09,UNH,855991579.0299189,66.0
2020-09,UVXY,921569367.8571428,59.0
2020-09,V,1587411829.3905592,27.0
2020-09,VOO,996400906.368292,50.0
2020-09,VXX,905844765.9620342,60.0
2020-09,VZ,782082561.3539741,75.0
2020-09,W,695404779.2594062,91.0
2020-09,WFC,1068969196.1980456,49.0
2020-09,WMT,1476631209.318688,33.0
2020-09,XLE,849343904.2156341,67.0
2020-09,XLF,1367546711.807042,38.0
2020-09,XLI,846220273.0067662,69.0
2020-09,XLK,1263554212.1068199,43.0
2020-09,XLU,835337046.6199602,71.0
2020-09,XLV,757759025.3994896,80.0
2020-09,XOM,941394108.5731143,56.0
2020-09,XYZ,1732067457.4486263,26.0
2020-09,ZM,3508486269.936867,14.0
2020-10,AAL,813917982.3181819,71.0
2020-10,AAPL,19555411105.60701,3.0
2020-10,ABBV,661757502.3571196,95.0
2020-10,ADBE,1420622983.5564992,34.0
2020-10,AGG,705702190.3182378,87.0
2020-10,AMD,4586333188.510968,11.0
2020-10,AMGN,657198652.4931408,98.0
2020-10,AMZN,15831835044.678703,4.0
2020-10,AVGO,647057556.0649691,99.0
2020-10,BA,3908624190.477232,12.0
2020-10,BABA,3643686214.4985623,13.0
2020-10,BAC,1459673149.5231051,33.0
2020-10,BRK-B,1021781429.1039845,50.0
2020-10,BYND,661868484.4969618,94.0
2020-10,C,1141858804.382312,43.0
2020-10,CMCSA,745853222.1179326,83.0
2020-10,COST,776970269.4196913,80.0
2020-10,CRM,1907125922.9689825,22.0
2020-10,CRWD,703435614.9344792,88.0
2020-10,CSCO,983045475.2272409,52.0
2020-10,CVX,824159242.6213945,68.0
2020-10,DIA,893993242.0340886,61.0
2020-10,DIS,1287625927.4964228,38.0
2020-10,DKNG,1125732308.3781288,45.0
2020-10,DOCU,1246239636.8549893,40.0
2020-10,EEM,1799118089.2047822,23.0
2020-10,EFA,1385274658.0918024,35.0
2020-10,FDX,811515406.0697833,74.0
2020-10,FSLY,1059731116.8333386,46.0
2020-10,FXI,778356800.0807202,79.0
2020-10,GDX,1032655167.0416938,48.0
2020-10,GE,673074551.8998691,93.0
2020-10,GLD,2224046983.65074,19.0
2020-10,GOOG,2829825642.948938,16.0
2020-10,GOOGL,2759000740.757776,17.0
2020-10,GS,659358231.9652497,96.0
2020-10,HD,939256643.1729755,57.0
2020-10,HYG,2181932999.477362,20.0
2020-10,INTC,1623519433.0163016,25.0
2020-10,IVV,1195651697.1654015,42.0
2020-10,IWM,3443565533.066692,14.0
2020-10,JD,877585722.4898263,62.0
2020-10,JNJ,895304522.6275247,60.0
2020-10,JNK,723285330.5860246,84.0
2020-10,JPM,1614019853.1673129,26.0
2020-10,KO,683073170.6314934,90.0
2020-10,LQD,1578132750.6333365,30.0
2020-10,MA,1212373713.1010509,41.0
2020-10,META,6451414707.29714,8.0
2020-10,MRK,657541332.2887965,97.0
2020-10,MRNA,679441277.8985523,92.0
2020-10,MSFT,6766044161.705623,6.0
2020-10,MU,906360348.0332996,59.0
2020-10,NFLX,3087682365.8680387,15.0
2020-10,NIO,2308391669.514597,18.0
2020-10,NKE,784518009.2414008,77.0
2020-10,NOW,681163741.5023682,91.0
2020-10,NVAX,701174884.1422671,89.0
2020-10,NVDA,6724736222.7516165,7.0
2020-10,ORCL,780342234.7859337,78.0
2020-10,PDD,643682190.9320529,100.0
2020-10,PFE,841555239.4224496,65.0
2020-10,PG,812214050.7163638,72.0
2020-10,PINS,811624463.6936249,73.0
2020-10,PTON,2131846826.4086647,21.0
2020-10,PYPL,1545070511.0800364,31.0
2020-10,QCOM,957102570.3438411,56.0
2020-10,QQQ,12972754189.514742,5.0
2020-10,ROKU,1461446141.8539138,32.0
2020-10,SHOP,1784439461.088877,24.0
2020-10,SLV,1128667326.8717992,44.0
2020-10,SNAP,1033362035.4687645,47.0
2020-10,SPY,23806972915.81295,2.0
2020-10,T,1022091281.8843101,49.0
2020-10,TDOC,823907143.4635949,70.0
2020-10,TLT,1608802814.2144582,27.0
2020-10,TQQQ,4688572488.413553,9.0
2020-10,TSLA,26204160153.843834,1.0
2020-10,TSM,718996900.5639818,86.0
2020-10,TWLO,809391877.8453766,75.0
2020-10,UAL,1021671340.1774452,51.0
2020-10,UBER,722975465.5616306,85.0
2020-10,UNH,855119909.5807272,64.0
2020-10,UVXY,826730888.8888888,67.0
2020-10,V,1583717563.2575383,29.0
2020-10,VOO,960381151.1247908,55.0
2020-10,VXX,870868482.8214616,63.0
2020-10,VZ,824011399.2542388,69.0
2020-10,W,792678854.415167,76.0
2020-10,WFC,961643171.1884302,54.0
2020-10,WMT,1368161550.8246467,36.0
2020-10,XLE,829538602.9931387,66.0
2020-10,XLF,1367963886.147687,37.0
2020-10,XLI,915621352.7266608,58.0
2020-10,XLK,1271706303.9546785,39.0
2020-10,XLU,773047785.9706576,82.0
2020-10,XLV,774019736.7852468,81.0
2020-10,XOM,966277327.9288579,53.0
2020-10,XYZ,1601741825.4347544,28.0
2020-10,ZM,4589565429.986645,10.0
2020-11,AAL,865217277.0011129,74.0
2020-11,AAPL,16403705286.642818,3.0
2020-11,ABBV,781938586.1980741,87.0
2020-11,ADBE,1421061061.2884521,36.0
2020-11,AMD,4217327768.785095,13.0
2020-11,AMZN,16290556020.890978,4.0
2020-11,BA,3912611525.682746,15.0
2020-11,BABA,4925905148.52835,11.0
2020-11,BAC,1558982343.9044318,33.0
2020-11,BKNG,718601731.4266024,95.0
2020-11,BRK-B,1069782045.1254467,50.0
2020-11,BYND,748562053.1718633,91.0
2020-11,C,1266913534.238028,43.0
2020-11,CCL,798563463.6467434,84.0
2020-11,CMCSA,869141612.5399891,73.0
2020-11,COST,833674906.4376104,78.0
2020-11,CRM,1624911746.172805,29.0
2020-11,CRWD,715348913.1138756,96.0
2020-11,CSCO,998708749.9478415,57.0
2020-11,CVX,918922097.6042732,66.0
2020-11,DIA,1042031721.8423026,53.0
2020-11,DIS,1313359917.3077781,40.0
2020-11,DKNG,1327263489.5981684,38.0
2020-11,DOCU,1271666715.9699697,42.0
2020-11,EEM,2108044335.6796627,21.0
2020-11,EFA,1529286004.7810388,34.0
2020-11,FDX,821118516.9075303,80.0
2020-11,FSLY,848771114.4263979,77.0
2020-11,FXI,763225189.6931664,89.0
2020-11,GDX,931160656.9685436,65.0
2020-11,GE,851390269.6217853,76.0
2020-11,GLD,1734924673.3277094,24.0
2020-11,GOOG,2921196888.124496,17.0
2020-11,GOOGL,2930674224.6263294,16.0
2020-11,GS,691845866.6020226,99.0
2020-11,HD,977451419.8420933,61.0
2020-11,HYG,2556071274.235244,19.0
2020-11,IEMG,729885827.4741279,93.0
2020-11,INTC,1620294856.6382816,30.0
2020-11,IVV,1349123994.8237343,37.0
2020-11,IWM,4151623045.0306726,14.0
2020-11,JD,997089714.7848462,58.0
2020-11,JNJ,995753407.9910278,59.0
2020-11,JNK,803464180.4587954,82.0
2020-11,JPM,1726561832.644181,26.0
2020-11,KO,782690153.406573,86.0
2020-11,LOW,722401792.8492713,94.0
2020-11,LQD,1666059912.0610313,28.0
2020-11,MA,1245479865.3930664,44.0
2020-11,META,5626766162.691704,8.0
2020-11,MRK,690685508.1711495,100.0
2020-11,MRNA,1094182756.0767522,48.0
2020-11,MSFT,6623693935.905844,6.0
2020-11,MU,935084895.9959424,63.0
2020-11,NFLX,2909348536.7733183,18.0
2020-11,NIO,5509910369.183909,9.0
2020-11,NKE,823728403.6569989,79.0
2020-11,NVDA,6553804930.765061,7.0
2020-11,ORCL,764521873.8680098,88.0
2020-11,PDD,898917455.9506735,67.0
2020-11,PFE,1219540592.285416,45.0
2020-11,PG,863799946.1387513,75.0
2020-11,PINS,934205869.5563543,64.0
2020-11,PTON,2552445065.911635,20.0
2020-11,PYPL,1889622530.7526846,22.0
2020-11,QCOM,1050410379.8194643,52.0
2020-11,QQQ,13452927554.012335,5.0
2020-11,ROKU,1505138657.4460711,35.0
2020-11,SHOP,1739903361.4738102,23.0
2020-11,SLV,731212285.8726954,92.0
2020-11,SNAP,1276059885.5872746,41.0
2020-11,SNOW,883185112.7710018,70.0
2020-11,SPY,27062330411.218792,1.0
2020-11,T,1097060187.1592379,47.0
2020-11,TLT,1676392962.7346704,27.0
2020-11,TMO,714461857.178025,97.0
2020-11,TQQQ,4815735433.216834,12.0
2020-11,TSLA,23022701169.08947,2.0
2020-11,TSM,750587342.7329048,90.0
2020-11,TWLO,787339005.4498097,85.0
2020-11,UAL,898890677.4763743,68.0
2020-11,UBER,872811775.29992,72.0
2020-11,UNH,988147892.6835318,60.0
2020-11,UVXY,806825095.6349206,81.0
2020-11,V,1614159250.5569942,31.0
2020-11,VOO,1024560638.7136792,55.0
2020-11,VXX,873542649.6042635,71.0
2020-11,VZ,895551829.4159178,69.0
2020-11,W,694179160.8374702,98.0
2020-11,WFC,1029359343.7480291,54.0
2020-11,WMT,1213935593.9448948,46.0
2020-11,XLE,1059202377.3399202,51.0
2020-11,XLF,1561039395.4524844,32.0
2020-11,XLI,1022703847.3796905,56.0
2020-11,XLK,1323964129.9915133,39.0
2020-11,XLU,800239714.130765,83.0
2020-11,XLV,959321492.5755213,62.0
2020-11,XOM,1092302223.7963116,49.0
2020-11,XYZ,1727715038.0216327,25.0
2020-11,ZM,5466237798.02435,10.0
2020-12,AAL,1094633851.271684,53.0
2020-12,AAPL,13784235347.791132,4.0
2020-12,ABBV,772475078.2289172,86.0
2020-12,ADBE,1179260954.007297,47.0
2020-12,AMD,3922104712.190985,14.0
2020-12,AMZN,14184051102.786594,3.0
2020-12,BA,4110108370.60496,12.0
2020-12,BABA,6005429301.910158,8.0
2020-12,BAC,1505181680.286129,35.0
2020-12,BIDU,925658146.5507265,65.0
2020-12,BKNG,719161392.8843302,95.0
2020-12,BRK-B,1103702962.6397512,52.0
2020-12,C,1183002729.6144698,45.0
2020-12,CCL,914433528.0376449,67.0
2020-12,CHTR,689701039.7498721,100.0
2020-12,CMCSA,811697339.4378141,81.0
2020-12,COST,829350934.4342912,80.0
2020-12,CRM,1956529674.5194693,22.0
2020-12,CRWD,740313267.8606063,89.0
2020-12,CSCO,907341821.6350495,68.0
2020-12,CVX,904646552.8395153,70.0
2020-12,DIA,996092346.854122,58.0
2020-12,DIS,1760743602.1616497,26.0
2020-12,DKNG,1149055110.123613,49.0
2020-12,DOCU,857512449.4848827,78.0
2020-12,EEM,2096923728.1733196,21.0
2020-12,EFA,1467378586.3651216,36.0
2020-12,FDX,807167191.3220994,82.0
2020-12,FSLY,904539700.6069002,71.0
2020-12,GDX,864123361.0369061,77.0
2020-12,GE,903641214.1843705,72.0
2020-12,GLD,1566411971.8327115,33.0
2020-12,GOOG,2780120235.701788,16.0
2020-12,GOOGL,2738261434.89438,17.0
2020-12,HD,1005802077.6290652,57.0
2020-12,HYG,2360463966.25629,20.0
2020-12,IBM,694486255.5694462,99.0
2020-12,IEMG,720263592.3551589,94.0
2020-12,INTC,1750975059.2266023,27.0
2020-12,IVV,1416979769.555228,39.0
2020-12,IWM,4513800764.341857,10.0
2020-12,JD,1017289322.828093,56.0
2020-12,JNJ,1037715124.5036776,54.0
2020-12,JNK,716979867.4369328,96.0
2020-12,JPM,1622597913.3046348,30.0
2020-12,KO,754441918.2247525,87.0
2020-12,LI,787893439.0932931,84.0
2020-12,LOW,778089561.8763031,85.0
2020-12,LQD,1634118142.3876565,29.0
2020-12,MA,1213626933.719066,43.0
2020-12,META,5026895722.946796,9.0
2020-12,MRNA,2565522778.2887173,18.0
2020-12,MS,695274342.1260228,98.0
2020-12,MSFT,6040081207.876272,7.0
2020-12,MU,974914088.7726557,61.0
2020-12,NFLX,2535416472.179655,19.0
2020-12,NIO,7148318604.564095,6.0
2020-12,NKE,734267329.0251474,93.0
2020-12,NVDA,4301767097.397456,11.0
2020-12,PDD,1180418550.6341965,46.0
2020-12,PFE,1655876729.7224743,28.0
2020-12,PG,884370072.730243,75.0
2020-12,PINS,921611819.8211246,66.0
2020-12,PLTR,1249836367.7459688,41.0
2020-12,PLUG,796084148.9140344,83.0
2020-12,PTON,1920916955.658952,23.0
2020-12,PYPL,1851292148.2958596,24.0
2020-12,QCOM,1131821886.9776893,50.0
2020-12,QQQ,10201601224.796888,5.0
2020-12,ROKU,1407770362.8859262,40.0
2020-12,SHOP,1527088803.0885968,34.0
2020-12,SNAP,1433416721.8094385,38.0
2020-12,SNOW,1219071178.783429,42.0
2020-12,SPY,24780017156.199234,1.0
2020-12,T,1187653731.1621659,44.0
2020-12,TLT,1613699469.6131873,32.0
2020-12,TMO,752728045.4546732,88.0
2020-12,TQQQ,3907983298.2164655,15.0
2020-12,TSLA,23556749529.33095,2.0
2020-12,TSM,737389739.9756054,91.0
2020-12,TTD,698137361.6862222,97.0
2020-12,TWLO,870781095.7894946,76.0
2020-12,UAL,832529948.9976974,79.0
2020-12,UBER,927193149.4316223,64.0
2020-12,UNH,1033666128.4443204,55.0
2020-12,V,1618915054.907929,31.0
2020-12,VOO,978419881.3752674,60.0
2020-12,VXX,739058324.3483964,90.0
2020-12,VZ,891746416.3709247,74.0
2020-12,WFC,973899714.5896397,62.0
2020-12,WMT,980636256.6310701,59.0
2020-12,XLE,1156140322.4841557,48.0
2020-12,XLF,1444171103.1348455,37.0
2020-12,XLI,903447142.5109379,73.0
2020-12,XLK,944258358.1985958,63.0
2020-12,XLU,736572349.1669791,92.0
2020-12,XLV,906213404.6816629,69.0
2020-12,XOM,1129900421.9559867,51.0
2020-12,XYZ,1838719336.0022166,25.0
2020-12,ZM,3962565930.263071,13.0
2021-01,AAL,1230314570.9609423,54.0
2021-01,AAPL,13973838464.91359,3.0
2021-01,ABBV,842511614.9441674,88.0
2021-01,ADBE,1290966472.460792,50.0
2021-01,AMC,781111850.5585252,99.0
2021-01,AMD,4038160473.7973166,12.0
2021-01,AMZN,12846132016.907707,4.0
2021-01,BA,4010246109.7163367,13.0
2021-01,BABA,6778465234.010436,7.0
2021-01,BAC,1618681981.0680387,38.0
2021-01,BIDU,1589353759.79188,41.0
2021-01,BKNG,814694988.0318415,92.0
2021-01,BRK-B,1230072997.0995705,55.0
2021-01,C,1300604380.3242214,48.0
2021-01,CCL,983153983.7629423,72.0
2021-01,CMCSA,914750117.8013812,81.0
2021-01,COST,902613404.3799022,83.0
2021-01,CRM,2180299702.5498405,23.0
2021-01,CRWD,837784347.584897,89.0
2021-01,CSCO,932558316.4816054,78.0
2021-01,CVX,952185773.8043044,75.0
2021-01,DIA,1084090149.2215595,65.0
2021-01,DIS,1933846425.2495296,27.0
2021-01,DKNG,898702655.1668197,84.0
2021-01,DOCU,850023081.5800742,87.0
2021-01,EEM,2302893780.7268777,21.0
2021-01,EFA,1610877417.5192091,39.0
2021-01,FDX,812583218.8622437,93.0
2021-01,GDX,924362496.4444538,79.0
2021-01,GE,960771306.9366926,74.0
2021-01,GLD,1738751514.1005502,34.0
2021-01,GM,949142415.0362166,76.0
2021-01,GME,2180913088.742424,22.0
2021-01,GOOG,2966121121.5469117,18.0
2021-01,GOOGL,3059090181.752523,17.0
2021-01,GS,792453998.7878951,97.0
2021-01,HD,1112412537.1888175,62.0
2021-01,HYG,2538092460.302044,20.0
2021-01,IEMG,811750495.7836696,94.0
2021-01,INTC,2095600839.4232976,24.0
2021-01,IVV,1627716847.0028832,37.0
2021-01,IWM,5289557004.313466,10.0
2021-01,JD,1125669591.0711741,60.0
2021-01,JNJ,1243836616.3952782,53.0
2021-01,JNK,796373197.9404631,96.0
2021-01,JPM,1855467582.3565044,28.0
2021-01,KO,922696243.503401,80.0
2021-01,LI,1001157041.7697179,67.0
2021-01,LLY,783071765.6896198,98.0
2021-01,LOW,815316889.2430139,91.0
2021-01,LQD,1812737143.5371037,31.0
2021-01,MA,1379130131.7800856,46.0
2021-01,MELI,872441462.7222455,85.0
2021-01,META,5399693026.678225,9.0
2021-01,MRNA,3170616334.517282,16.0
2021-01,MSFT,6527396450.418696,8.0
2021-01,MU,1262910497.5531442,51.0
2021-01,NFLX,2696539148.641919,19.0
2021-01,NIO,8570720273.036046,6.0
2021-01,NVDA,4133770660.255069,11.0
2021-01,PDD,1457145006.4697387,44.0
2021-01,PFE,1790104077.2596142,32.0
2021-01,PG,969234694.7067988,73.0
2021-01,PINS,908342490.2514503,82.0
2021-01,PLTR,1784843433.6757357,33.0
2021-01,PLUG,1851018576.166601,29.0
2021-01,PTON,1486536390.3226337,43.0
2021-01,PYPL,1935233322.4487548,26.0
2021-01,QCOM,1229515754.9466572,56.0
2021-01,QQQ,9993588477.77216,5.0
2021-01,QS,988207925.3717377,71.0
2021-01,ROKU,1645840625.9952848,36.0
2021-01,SHOP,1505147505.4347932,42.0
2021-01,SNAP,1066975389.4529252,66.0
2021-01,SNOW,1406773943.6726162,45.0
2021-01,SPY,25961427505.0369,2.0
2021-01,T,1253978750.7573097,52.0
2021-01,TDOC,781108415.7332163,100.0
2021-01,TLT,1665492390.7069614,35.0
2021-01,TMO,863712482.2546096,86.0
2021-01,TQQQ,3479301477.5868735,14.0
2021-01,TSLA,27924468819.575718,1.0
2021-01,TSM,1166227538.7034218,58.0
2021-01,UBER,1170498825.8106475,57.0
2021-01,UNH,1136935355.0078862,59.0
2021-01,V,1831021099.87885,30.0
2021-01,VOO,1107839945.3633626,63.0
2021-01,VTI,808043970.5890958,95.0
2021-01,VXX,826821653.3870481,90.0
2021-01,VZ,997423177.4823688,70.0
2021-01,WFC,1123599529.8577566,61.0
2021-01,WMT,1093302280.6640987,64.0
2021-01,XLE,1349944636.747775,47.0
2021-01,XLF,1604213211.644233,40.0
2021-01,XLI,998114656.7758106,69.0
2021-01,XLK,947313603.1531198,77.0
2021-01,XLV,999638953.326743,68.0
2021-01,XOM,1297081839.4530947,49.0
2021-01,XYZ,2061377613.5552301,25.0
2021-01,ZM,3237574462.5972686,15.0
2021-02,AAL,1190859457.2817166,63.0
2021-02,AAPL,13782846423.672682,3.0
2021-02,ABNB,1465237798.6766598,44.0
2021-02,ADBE,1248730423.0205717,57.0
2021-02,AMC,1222063793.4615045,58.0
2021-02,AMD,3955079341.0010567,12.0
2021-02,AMZN,11834194095.90803,4.0
2021-02,ARKK,1088911679.706319,69.0
2021-02,BA,3301376828.2740035,13.0
2021-02,BABA,5586118554.890079,8.0
2021-02,BAC,1601791939.492686,39.0
2021-02,BIDU,2385973649.1696796,22.0
2021-02,BRK-B,1193819619.9465797,62.0
2021-02,C,1264475305.5709536,56.0
2021-02,CCL,968672694.4962366,77.0
2021-02,CMCSA,874729204.1155659,90.0
2021-02,COST,917922133.0408006,83.0
2021-02,CRM,2211738023.896838,27.0
2021-02,CRWD,918829646.1670164,82.0
2021-02,CSCO,898474306.8214961,87.0
2021-02,CVX,948504734.1788882,79.0
2021-02,DD,977183414.3899789,76.0
2021-02,DIA,1000028914.8317367,73.0
2021-02,DIS,2179316738.034421,28.0
2021-02,DKNG,844874720.3767625,96.0
2021-02,DOCU,841048826.7572312,97.0
2021-02,EEM,2223666049.5986147,26.0
2021-02,EFA,1556345184.0534875,42.0
2021-02,FUBO,855574309.3946829,94.0
2021-02,GDX,847436847.6439824,95.0
2021-02,GE,887659429.2409999,88.0
2021-02,GLD,1651804231.4628723,37.0
2021-02,GM,1074846470.315909,70.0
2021-02,GME,3286060288.5079684,14.0
2021-02,GOOG,2902892943.930974,18.0
2021-02,GOOGL,3184113041.387891,16.0
2021-02,GS,857371007.3325505,93.0
2021-02,HD,1142077099.8069158,66.0
2021-02,HYG,2359313817.4835205,23.0
2021-02,INTC,2101473696.5986283,29.0
2021-02,IVV,1564665338.335552,41.0
2021-02,IWM,5582633567.350697,9.0
2021-02,JD,964388120.8078778,78.0
2021-02,JNJ,1301237191.680109,53.0
2021-02,JPM,1792504887.58597,33.0
2021-02,KO,906984429.5154027,84.0
2021-02,LCID,1199064838.9478798,60.0
2021-02,LQD,1868930857.2959294,32.0
2021-02,MA,1383523754.1832333,48.0
2021-02,MELI,898710659.4980391,86.0
2021-02,META,4993286547.024391,10.0
2021-02,MRNA,3252588516.6393704,15.0
2021-02,MSFT,6452453783.764527,6.0
2021-02,MU,1386948077.9129634,47.0
2021-02,NFLX,2456173264.3726287,20.0
2021-02,NIO,6174785242.359071,7.0
2021-02,NVAX,879672121.2617784,89.0
2021-02,NVDA,4035685855.5357795,11.0
2021-02,PDD,1327692067.3941233,51.0
2021-02,PFE,1566311011.9865417,40.0
2021-02,PG,1003771963.1202214,72.0
2021-02,PINS,873058394.899229,91.0
2021-02,PLTR,2462123349.803189,19.0
2021-02,PLUG,2045972184.051535,30.0
2021-02,PTON,1285897105.713593,54.0
2021-02,PYPL,2251434464.185757,25.0
2021-02,QCOM,1423153257.8039744,45.0
2021-02,QQQ,10494827555.282593,5.0
2021-02,QS,1306588611.7833273,52.0
2021-02,ROKU,1748603774.4843984,34.0
2021-02,SE,830798652.6165433,99.0
2021-02,SHOP,1679150570.6153748,36.0
2021-02,SLV,994744675.1854517,74.0
2021-02,SNAP,1210715059.9249158,59.0
2021-02,SNOW,1536995055.9733074,43.0
2021-02,SPY,25188460189.924644,2.0
2021-02,T,1267092980.945712,55.0
2021-02,TLRY,978434154.4119408,75.0
2021-02,TLT,1741256743.9353821,35.0
2021-02,TMO,829649481.0241215,100.0
2021-02,TQQQ,3034946648.330374,17.0
2021-02,TSLA,29305761942.483517,1.0
2021-02,TSM,1398931661.3851516,46.0
2021-02,UBER,1174425283.955668,64.0
2021-02,UNH,1112861263.096546,68.0
2021-02,V,1950384776.487393,31.0
2021-02,VOO,1112921545.4389784,67.0
2021-02,VTI,834514705.7449583,98.0
2021-02,VXX,866496392.7419065,92.0
2021-02,VZ,1055696774.6617211,71.0
2021-02,WFC,1165669028.0001535,65.0
2021-02,WMT,1197351736.8635087,61.0
2021-02,XLE,1363552099.20552,49.0
2021-02,XLF,1607928419.8879695,38.0
2021-02,XLI,946324639.5089043,80.0
2021-02,XLK,906453855.6497847,85.0
2021-02,XLV,921514640.1837304,81.0
2021-02,XOM,1341045285.9346783,50.0
2021-02,XYZ,2268632246.6173687,24.0
2021-02,ZM,2392461656.8194675,21.0
2021-03,AAL,1062598650.9388969,77.0
2021-03,AAPL,14064703500.878569,4.0
2021-03,ABNB,1113965611.3852606,74.0
2021-03,ADBE,1330473721.5083046,56.0
2021-03,AMAT,1016685318.5012333,88.0
2021-03,AMC,1627788648.6120496,46.0
2021-03,AMD,3824294377.3303804,13.0
2021-03,AMZN,11490680425.222246,5.0
2021-03,ARKK,1615292466.8660724,48.0
2021-03,AVGO,1014265739.2467318,89.0
2021-03,BA,3767392357.442535,14.0
2021-03,BABA,4792428012.917485,11.0
2021-03,BAC,1907202272.840479,34.0
2021-03,BIDU,3653531173.124065,15.0
2021-03,BRK-B,1290795013.832722,62.0
2021-03,C,1363111632.940704,54.0
2021-03,CCL,1030191605.6200784,85.0
2021-03,CMCSA,990424859.4897114,93.0
2021-03,COST,1050169024.8636397,80.0
2021-03,CRM,1641172920.0151474,45.0
2021-03,CSCO,1052220686.9590275,79.0
2021-03,CVX,1126957615.2214656,73.0
2021-03,DD,961501935.0761484,96.0
2021-03,DIA,1302058925.985621,60.0
2021-03,DIS,2192707211.339581,27.0
2021-03,DKNG,1010229222.9635814,91.0
2021-03,EEM,2513420536.1285863,21.0
2021-03,EFA,1646608102.6455834,43.0
2021-03,F,925987395.7186426,99.0
2021-03,GE,1042738012.0749357,82.0
2021-03,GLD,1655464581.074645,42.0
2021-03,GM,1332326264.3315997,55.0
2021-03,GME,5271364048.658126,10.0
2021-03,GOOG,3114924245.118883,18.0
2021-03,GOOGL,3526279409.7977896,16.0
2021-03,GS,994997921.670726,92.0
2021-03,HD,1281755461.9843984,63.0
2021-03,HYG,2612751790.400042,19.0
2021-03,INTC,2162118607.043348,29.0
2021-03,IVV,1657344401.010907,41.0
2021-03,IWM,6816989422.137209,7.0
2021-03,JD,1044810657.6743958,81.0
2021-03,JNJ,1328956452.447413,57.0
2021-03,JNK,1066687229.5234196,76.0
2021-03,JPM,2204831559.168897,26.0
2021-03,KO,981376965.7875909,94.0
2021-03,LCID,1488453423.489042,51.0
2021-03,LQD,2176612143.0276055,28.0
2021-03,MA,1579317054.086013,49.0
2021-03,MELI,1013261065.0408064,90.0
2021-03,META,5520550998.384748,9.0
2021-03,MRK,918621581.505941,100.0
2021-03,MRNA,1783494524.113307,36.0
2021-03,MSFT,6994905863.609072,6.0
2021-03,MU,1743024979.446617,37.0
2021-03,NFLX,2545160154.8748317,20.0
2021-03,NIO,5539477281.297684,8.0
2021-03,NVDA,4448077410.660397,12.0
2021-03,PDD,1427228485.1503522,53.0
2021-03,PFE,1176979104.714094,68.0
2021-03,PG,1074842182.4248662,75.0
2021-03,PINS,953343183.6146703,97.0
2021-03,PLTR,2322699433.642451,24.0
2021-03,PLUG,2210220383.3514533,25.0
2021-03,PSKY,1786079774.1825104,35.0
2021-03,PTON,1024093003.0702621,86.0
2021-03,PYPL,2443307551.162671,23.0
2021-03,QCOM,1509483686.1867995,50.0
2021-03,QQQ,15645138854.983473,3.0
2021-03,QS,1019037878.561038,87.0
2021-03,ROKU,1741972824.8877146,38.0
2021-03,SE,1032671218.7508477,84.0
2021-03,SHOP,1694093328.1434073,39.0
2021-03,SLV,1037173258.5674891,83.0
2021-03,SNAP,1302296347.5317214,59.0
2021-03,SNOW,1198660340.0265164,65.0
2021-03,SPY,32010171095.51043,1.0
2021-03,T,1304029417.33157,58.0
2021-03,TLRY,1128566521.3023498,72.0
2021-03,TLT,2090417748.3289447,31.0
2021-03,TQQQ,3492088752.0104547,17.0
2021-03,TSLA,26434464651.16083,2.0
2021-03,TSM,1664553238.7356956,40.0
2021-03,UBER,1172998868.9704955,69.0
2021-03,UNH,1184044647.0918202,67.0
2021-03,V,2127124014.535014,30.0
2021-03,VOO,1428213056.787836,52.0
2021-03,VXX,939703167.8471476,98.0
2021-03,VZ,1166417289.7331116,70.0
2021-03,WFC,1275690457.3337345,64.0
2021-03,WMT,1298039170.6431072,61.0
2021-03,XBI,970647069.4534302,95.0
2021-03,XLE,1626439930.0741408,47.0
2021-03,XLF,2043535981.25825,32.0
2021-03,XLI,1188147485.7925658,66.0
2021-03,XLK,1155709434.1262817,71.0
2021-03,XLV,1057623727.1258036,78.0
2021-03,XOM,1643355264.4422925,44.0
2021-03,XYZ,2488863119.970364,22.0
2021-03,ZM,2014891387.8176734,33.0
2021-04,AAL,918539322.3109533,96.0
2021-04,AAPL,12866074339.370848,4.0
2021-04,ABNB,907063535.8886477,97.0
2021-04,ADBE,1208370520.4541404,62.0
2021-04,AMAT,1210351224.793534,61.0
2021-04,AMC,1056008226.9500401,76.0
2021-04,AMD,3584336296.1186485,16.0
2021-04,AMZN,11647439472.92558,5.0
2021-04,ARKK,1590634276.2073457,38.0
2021-04,AVGO,1074966871.6602023,72.0
2021-04,BA,3868113172.492811,11.0
2021-04,BABA,3852704337.6924787,12.0
2021-04,BAC,1976016273.299217,31.0
2021-04,BIDU,3224301648.8204956,17.0
2021-04,BKNG,951656432.9395597,90.0
2021-04,BRK-B,1245805660.0165958,59.0
2021-04,C,1308799167.400578,54.0
2021-04,CCL,1073225872.6093656,73.0
2021-04,CMCSA,943632000.740534,92.0
2021-04,COST,983854194.3181113,86.0
2021-04,CRM,1451052197.5650122,47.0
2021-04,CSCO,1034657101.3458191,79.0
2021-04,CVX,1107927948.854828,67.0
2021-04,DIA,1333044429.498969,53.0
2021-04,DIS,2086827210.6017582,27.0
2021-04,DKNG,981527057.2450244,87.0
2021-04,EEM,2324284366.7979045,21.0
2021-04,EFA,1543378316.0742986,43.0
2021-04,FXI,882894405.7140592,98.0
2021-04,GE,989404018.478302,84.0
2021-04,GLD,1405445532.998391,50.0
2021-04,GM,1139264103.5945468,66.0
2021-04,GME,3645859847.6579027,13.0
2021-04,GOOG,3219067756.585742,18.0
2021-04,GOOGL,3601302684.114486,14.0
2021-04,GS,986551333.731951,85.0
2021-04,HD,1344590288.3206322,51.0
2021-04,HYG,2235502906.946636,22.0
2021-04,IEF,880883529.8333426,99.0
2021-04,INTC,1907751338.3559756,33.0
2021-04,IVV,1691443787.6998658,36.0
2021-04,IWM,6650109791.439528,7.0
2021-04,JD,936916674.875762,94.0
2021-04,JNJ,1247127398.7738957,58.0
2021-04,JNK,1045319997.14502,77.0
2021-04,JPM,2192805751.597256,25.0
2021-04,LCID,1278244326.807929,55.0
2021-04,LQD,2076256641.6717772,28.0
2021-04,LRCX,950210848.2556418,91.0
2021-04,MA,1421472518.1458974,48.0
2021-04,META,5595132696.803598,8.0
2021-04,MRK,939416547.6292554,93.0
2021-04,MRNA,1501015701.5244257,45.0
2021-04,MSFT,6850074479.571121,6.0
2021-04,MU,1766287865.481519,35.0
2021-04,NFLX,2213497061.7506237,23.0
2021-04,NIO,4088500408.716383,10.0
2021-04,NKE,930983403.8149637,95.0
2021-04,NVDA,4681129975.961473,9.0
2021-04,ORCL,954287606.2616378,89.0
2021-04,PDD,1149227847.1842327,65.0
2021-04,PFE,1077930113.6681693,71.0
2021-04,PG,1086788526.6636803,70.0
2021-04,PINS,1092914314.268972,68.0
2021-04,PLTR,2050023852.4456327,29.0
2021-04,PLUG,1333351161.2776558,52.0
2021-04,PSKY,2193208187.0376644,24.0
2021-04,PTON,1022119055.3254505,81.0
2021-04,PYPL,2407940589.804416,20.0
2021-04,QCOM,1590023192.5629873,39.0
2021-04,QQQ,16268720932.720802,3.0
2021-04,ROKU,1529621016.5020654,44.0
2021-04,SE,1029238736.2645468,80.0
2021-04,SHOP,1785553591.0787432,34.0
2021-04,SNAP,1576239962.6632872,41.0
2021-04,SNOW,971978400.3176734,88.0
2021-04,SPY,32439738317.32042,1.0
2021-04,T,1231139901.0715585,60.0
2021-04,TLRY,1042598909.1948954,78.0
2021-04,TLT,2100883669.2013695,26.0
2021-04,TQQQ,3597812286.095162,15.0
2021-04,TSLA,23818295535.964314,2.0
2021-04,TSM,1411254131.6115484,49.0
2021-04,UAL,869536585.8641851,100.0
2021-04,UBER,1056567048.2163807,75.0
2021-04,UNH,1156042144.4391644,63.0
2021-04,V,1980260729.4291663,30.0
2021-04,VOO,1494034890.089925,46.0
2021-04,VZ,1072182435.102051,74.0
2021-04,WFC,1276475244.8620508,56.0
2021-04,WMT,1262184663.5357084,57.0
2021-04,XBI,1016843782.2810582,82.0
2021-04,XLE,1596131208.232111,37.0
2021-04,XLF,1972543399.111775,32.0
2021-04,XLI,1153572949.4599478,64.0
2021-04,XLK,1091254123.6085923,69.0
2021-04,XLV,1004793987.8335015,83.0
2021-04,XOM,1585298466.0341778,40.0
2021-04,XYZ,2638751640.6384907,19.0
2021-04,ZM,1556043773.6999028,42.0
2021-05,AAPL,12283707285.213736,4.0
2021-05,ABNB,1065820624.2705815,76.0
2021-05,ADBE,1161465422.6369221,65.0
2021-05,AMAT,1361868144.3088834,51.0
2021-05,AMC,1599555150.0295317,40.0
2021-05,AMD,3598917237.528677,14.0
2021-05,AMZN,11652377046.147907,5.0
2021-05,ARKK,1554871580.4079692,41.0
2021-05,AVGO,1067751825.4822019,74.0
2021-05,BA,3928247270.93128,10.0
2021-05,BABA,3786314548.614405,12.0
2021-05,BAC,1988321810.0713034,26.0
2021-05,BIDU,2607525105.266583,18.0
2021-05,BKNG,942154263.6498951,92.0
2021-05,BRK-B,1343498822.0427012,54.0
2021-05,C,1359477938.7672062,52.0
2021-05,CCL,943884572.8901757,91.0
2021-05,CMCSA,1018661087.7096485,82.0
2021-05,COST,963935468.8111805,89.0
2021-05,CRM,1390489324.1640122,48.0
2021-05,CSCO,1115426124.5966775,68.0
2021-05,CVX,1138712529.3049283,67.0
2021-05,DIA,1474384501.0727656,44.0
2021-05,DIS,1864380765.9221103,30.0
2021-05,DKNG,1021090411.3609436,81.0
2021-05,EEM,2225925399.126719,21.0
2021-05,EFA,1622205700.1304748,38.0
2021-05,F,982186687.561854,87.0
2021-05,FCX,923246066.2763686,97.0
2021-05,GE,1017937155.0421932,83.0
2021-05,GLD,1434160337.3758225,47.0
2021-05,GM,1063908819.4946531,77.0
2021-05,GME,2851943230.310337,17.0
2021-05,GOOG,3160960490.2552047,16.0
2021-05,GOOGL,3561330460.5962358,15.0
2021-05,GS,1010904879.4038802,85.0
2021-05,HD,1375744526.9251747,49.0
2021-05,HYG,2067419403.8035438,24.0
2021-05,INTC,1831491292.1509454,32.0
2021-05,IVV,1898186060.2991498,29.0
2021-05,IWM,6541047742.335897,7.0
2021-05,JD,930927889.7872803,94.0
2021-05,JNJ,1197985662.4068487,62.0
2021-05,JNK,1058387904.9600511,78.0
2021-05,JPM,2270659182.097008,20.0
2021-05,LQD,1858291825.0233243,31.0
2021-05,LRCX,969109533.0259535,88.0
2021-05,MA,1343386881.4412434,55.0
2021-05,META,5939154569.692557,8.0
2021-05,MRK,946763576.6359065,90.0
2021-05,MRNA,1443706807.7605474,46.0
2021-05,MS,882653561.3098872,100.0
2021-05,MSFT,6833231657.649618,6.0
2021-05,MU,1798085651.0302227,33.0
2021-05,NFLX,2175211261.941153,23.0
2021-05,NIO,3611511767.213958,13.0
2021-05,NKE,936493911.8740021,93.0
2021-05,NVDA,4756756971.185715,9.0
2021-05,ORCL,1012633055.1774766,84.0
2021-05,PDD,1067333404.8122345,75.0
2021-05,PFE,1083461193.5524895,72.0
2021-05,PG,1194630569.7791204,63.0
2021-05,PINS,926096555.8888935,96.0
2021-05,PLTR,1510072030.7618215,42.0
2021-05,PLUG,1177511225.1884158,64.0
2021-05,PSKY,2211697231.7655716,22.0
2021-05,PTON,1371016823.2163687,50.0
2021-05,PYPL,1963811542.4157522,28.0
2021-05,QCOM,1344622007.8293574,53.0
2021-05,QQQ,16932882704.838924,3.0
2021-05,RBLX,928484511.7771082,95.0
2021-05,ROKU,1455497107.419792,45.0
2021-05,SE,1034221277.7956039,80.0
2021-05,SHOP,1644657606.0333252,36.0
2021-05,SNAP,1339362045.9379046,56.0
2021-05,SNOW,1085879364.9413335,71.0
2021-05,SPY,33962139990.013874,1.0
2021-05,T,1475200594.588621,43.0
2021-05,TLT,1985572728.1523204,27.0
2021-05,TQQQ,3823494022.0107064,11.0
2021-05,TSLA,23168482983.499947,2.0
2021-05,TSM,1242336305.810462,60.0
2021-05,TXN,884470577.0471482,99.0
2021-05,UBER,1086623650.2299716,70.0
2021-05,UNH,1102617060.527208,69.0
2021-05,V,1764441854.4896202,34.0
2021-05,VOO,1659980090.2434335,35.0
2021-05,VXX,897177513.2004888,98.0
2021-05,VZ,1055055216.4157081,79.0
2021-05,WFC,1281866762.4916682,57.0
2021-05,WMT,1221521750.1005263,61.0
2021-05,XBI,1002206324.8037187,86.0
2021-05,XLE,1635989065.1505606,37.0
2021-05,XLF,1996882204.704866,25.0
2021-05,XLI,1278497709.2611525,58.0
2021-05,XLK,1146822614.873105,66.0
2021-05,XLV,1081130450.1115708,73.0
2021-05,XOM,1604736041.474642,39.0
2021-05,XYZ,2572080069.198366,19.0
2021-05,ZM,1277619545.4236228,59.0
2021-06,AAPL,10713834436.546047,5.0
2021-06,ABNB,1177758567.4982464,60.0
2021-06,ADBE,1097621861.6126652,67.0
2021-06,AMAT,1258153670.001778,52.0
2021-06,AMC,5858301762.783331,8.0
2021-06,AMD,3462220440.2470303,11.0
2021-06,AMZN,11590502745.029026,4.0
2021-06,ARKK,1170960273.808543,63.0
2021-06,AVGO,835603841.2120153,96.0
2021-06,BA,2997385701.582506,16.0
2021-06,BABA,3413905465.04272,13.0
2021-06,BAC,1837619380.5631788,25.0
2021-06,BIDU,1202025287.4340482,56.0
2021-06,BRK-A,1639206030.1587303,32.0
2021-06,BRK-B,1300013687.2649662,49.0
2021-06,C,1455624395.7369971,42.0
2021-06,CMCSA,917379162.1687596,86.0
2021-06,COIN,2484079115.6178975,18.0
2021-06,CRM,1327570543.3419847,47.0
2021-06,CRWD,811250966.153487,100.0
2021-06,CSCO,983117276.1546241,77.0
2021-06,CVX,1021284870.4276555,74.0
2021-06,DIA,1287049913.5273767,50.0
2021-06,DIS,1510421714.4275,38.0
2021-06,DKNG,854911139.2296079,91.0
2021-06,EEM,1831551526.3244328,26.0
2021-06,EFA,1566674905.507236,36.0
2021-06,F,1121143851.2133248,65.0
2021-06,FCX,954700038.2383437,82.0
2021-06,GLD,1485018591.6223192,41.0
2021-06,GM,959583666.4477333,79.0
2021-06,GME,1602698741.4088657,34.0
2021-06,GOOG,3160711273.1793118,15.0
2021-06,GOOGL,3421825500.5168614,12.0
2021-06,GS,1018767399.4784884,75.0
2021-06,HD,1282787378.0981638,51.0
2021-06,HYG,1699498972.1449957,30.0
2021-06,INTC,1552665018.648977,37.0
2021-06,IVV,1856406474.0294442,24.0
2021-06,IWM,5734953860.257394,9.0
2021-06,JD,831316953.9957803,98.0
2021-06,JNJ,1160383848.7174382,64.0
2021-06,JNK,829836334.0542506,99.0
2021-06,JPM,2217302813.8104877,20.0
2021-06,LQD,1652890334.1338143,31.0
2021-06,LRCX,849422659.0138996,93.0
2021-06,MA,1173282991.0394578,62.0
2021-06,META,5698582307.924737,10.0
2021-06,MRK,947669864.8626186,83.0
2021-06,MRNA,1742120334.6515715,28.0
2021-06,MS,853619312.1940855,92.0
2021-06,MSFT,6334266942.0924835,6.0
2021-06,MU,1606003486.6502066,33.0
2021-06,NFLX,2088375747.2856915,21.0
2021-06,NIO,2789102815.994447,17.0
2021-06,NKE,1003126376.8938094,76.0
2021-06,NVDA,6248712124.209813,7.0
2021-06,ORCL,956929826.524123,81.0
2021-06,PDD,839611361.4582849,95.0
2021-06,PFE,1025944929.866149,73.0
2021-06,PG,1183432002.5490656,59.0
2021-06,PINS,859909707.7671838,89.0
2021-06,PLTR,1322867251.8307157,48.0
2021-06,PLUG,1030597070.6415479,72.0
2021-06,PSKY,1236666880.4699974,55.0
2021-06,PTON,1361769654.6136765,45.0
2021-06,PYPL,1758123256.9490705,27.0
2021-06,QCOM,1173679302.7858188,61.0
2021-06,QQQ,13219210914.935932,3.0
2021-06,RBLX,911979743.4092809,87.0
2021-06,ROKU,1494537916.2155879,40.0
2021-06,SE,855743445.35428,90.0
2021-06,SHOP,1741923471.7883155,29.0
2021-06,SNAP,1248786678.3439333,54.0
2021-06,SNOW,959192982.0082649,80.0
2021-06,SPCE,971515919.8071604,78.0
2021-06,SPY,28368595140.498474,1.0
2021-06,T,1355649791.6208317,46.0
2021-06,TLT,1901524409.751238,22.0
2021-06,TMO,835251673.1662811,97.0
2021-06,TQQQ,3239910149.223812,14.0
2021-06,TSLA,18937519617.27949,2.0
2021-06,TSM,1046247792.2537304,71.0
2021-06,UBER,1049990939.5384955,70.0
2021-06,UNH,1199265717.645409,57.0
2021-06,V,1567203540.0176275,35.0
2021-06,VOO,1447804900.328524,43.0
2021-06,VXX,842777801.3218578,94.0
2021-06,VZ,938875429.8526703,85.0
2021-06,WFC,1249465947.8871422,53.0
2021-06,WMT,1102598826.212765,66.0
2021-06,XBI,866651840.8912417,88.0
2021-06,XLE,1505915311.8527005,39.0
2021-06,XLF,1883806552.2681887,23.0
2021-06,XLI,1189827188.732668,58.0
2021-06,XLK,939447521.3022867,84.0
2021-06,XLV,1050431913.7184991,69.0
2021-06,XOM,1430663973.1535048,44.0
2021-06,XYZ,2259280363.7572756,19.0
2021-06,ZM,1051508691.510591,68.0
2021-07,AAPL,11181683423.411718,5.0
2021-07,ABNB,1250714904.1535392,52.0
2021-07,ADBE,1095867305.7995994,65.0
2021-07,AMAT,1086293676.7511518,66.0
2021-07,AMC,7050617402.289468,7.0
2021-07,AMD,3892123738.2747107,11.0
2021-07,AMZN,12265525389.252678,4.0
2021-07,ARKK,1143872633.7867253,62.0
2021-07,BA,2963453061.9413104,17.0
2021-07,BABA,3644539338.6489143,12.0
2021-07,BAC,1844811931.6518934,25.0
2021-07,BIDU,1005614613.8789344,75.0
2021-07,BRK-A,1562955363.4920635,35.0
2021-07,BRK-B,1293599112.45558,48.0
2021-07,C,1489769908.6939008,41.0
2021-07,CAT,814634845.1107206,96.0
2021-07,CCL,789429158.5174834,100.0
2021-07,CMCSA,898533316.5751399,87.0
2021-07,COIN,1282080273.432438,50.0
2021-07,CRM,1443376289.151001,42.0
2021-07,CRWD,803680064.8002261,97.0
2021-07,CSCO,962884392.3367213,79.0
2021-07,CVX,1064582978.4070696,68.0
2021-07,DIA,1372757881.250678,44.0
2021-07,DIS,1571610810.6311374,34.0
2021-07,EEM,1820965441.3900766,27.0
2021-07,EFA,1678301105.452026,32.0
2021-07,F,1145591854.358505,61.0
2021-07,FCX,934143155.9584057,80.0
2021-07,FXI,853872361.2304688,91.0
2021-07,GLD,1499972348.630003,40.0
2021-07,GM,901122870.0862824,86.0
2021-07,GME,1303006346.65755,46.0
2021-07,GOOG,3005339969.569857,16.0
2021-07,GOOGL,3410793992.580111,13.0
2021-07,GS,993688363.5554239,76.0
2021-07,HD,1179828838.902549,58.0
2021-07,HYG,1744253301.8939426,29.0
2021-07,IEF,820053657.9272679,95.0
2021-07,INTC,1352335627.6344905,45.0
2021-07,IVV,1900078072.6262653,24.0
2021-07,IWM,6091578688.835895,9.0
2021-07,IYR,864296569.508713,90.0
2021-07,JD,913058668.9905682,84.0
2021-07,JNJ,1099849865.371922,64.0
2021-07,JNK,821316681.7491199,94.0
2021-07,JPM,2199520238.4250216,19.0
2021-07,KO,795440242.4509624,98.0
2021-07,LQD,1724383613.7553866,30.0
2021-07,LRCX,790930735.9650627,99.0
2021-07,MA,1219055536.6128104,53.0
2021-07,META,5518950686.424425,10.0
2021-07,MRK,882524580.7627336,88.0
2021-07,MRNA,3219267950.2879066,15.0
2021-07,MS,876905898.9624993,89.0
2021-07,MSFT,6367269334.88411,8.0
2021-07,MU,1505363470.0637696,39.0
2021-07,NFLX,1802063495.3395298,28.0
2021-07,NIO,2725878755.827843,18.0
2021-07,NKE,989803716.2477039,77.0
2021-07,NVDA,7061516158.616474,6.0
2021-07,ORCL,1008152576.6031175,74.0
2021-07,PDD,908070036.1566211,85.0
2021-07,PFE,1032477669.6080768,71.0
2021-07,PG,1160364846.6081407,59.0
2021-07,PLTR,1156245706.9809294,60.0
2021-07,PLUG,848506725.7500784,92.0
2021-07,PTON,1271019702.840254,51.0
2021-07,PYPL,1825113738.8734365,26.0
2021-07,QCOM,1077478426.1783419,67.0
2021-07,QQQ,13764127232.068598,3.0
2021-07,RBLX,928958044.9775212,81.0
2021-07,ROKU,1698309932.0236933,31.0
2021-07,SE,837731643.052746,93.0
2021-07,SHOP,1971132641.4195468,22.0
2021-07,SNAP,1201624013.6878967,55.0
2021-07,SNOW,1037022104.3597267,70.0
2021-07,SPCE,1551629949.9697027,37.0
2021-07,SPY,28591167970.06376,1.0
2021-07,T,1284933400.4507236,49.0
2021-07,TLT,2159806602.7717953,20.0
2021-07,TQQQ,3375383204.44692,14.0
2021-07,TSLA,15973867047.956486,2.0
2021-07,TSM,986766787.2111245,78.0
2021-07,UBER,1021641743.5690199,72.0
2021-07,UNH,1193629371.4122953,56.0
2021-07,V,1630328437.5577896,33.0
2021-07,VOO,1538117318.3896503,38.0
2021-07,VXX,917415213.8098654,82.0
2021-07,VZ,914932317.0495049,83.0
2021-07,WFC,1217194665.478558,54.0
2021-07,WMT,1058818638.2157825,69.0
2021-07,XLE,1555790247.8131428,36.0
2021-07,XLF,1991620211.9168901,21.0
2021-07,XLI,1296732200.4322839,47.0
2021-07,XLK,1011409877.9962691,73.0
2021-07,XLV,1189414479.2338538,57.0
2021-07,XOM,1427174861.00611,43.0
2021-07,XYZ,1959878263.2045686,23.0
2021-07,ZM,1106099764.6931965,63.0
2021-08,AAPL,10932297428.998468,5.0
2021-08,ABNB,1023699700.342257,62.0
2021-08,ADBE,1046896817.8706578,61.0
2021-08,AMAT,935636326.970612,76.0
2021-08,AMC,6220736090.054757,8.0
2021-08,AMD,6183009546.378677,9.0
2021-08,AMZN,11464568784.39428,4.0
2021-08,ARKK,827161734.9873981,87.0
2021-08,BA,2580454630.2605767,17.0
2021-08,BABA,4083329273.2133656,13.0
2021-08,BAC,1890869094.7332413,23.0
2021-08,BIDU,847499508.9044722,84.0
2021-08,BNTX,1292224075.9767563,44.0
2021-08,BRK-A,1416419390.4761906,40.0
2021-08,BRK-B,1166060102.6974149,53.0
2021-08,C,1417369743.7359521,39.0
2021-08,CAT,814545885.8943394,89.0
2021-08,CCL,755628698.3579665,100.0
2021-08,CMCSA,759197018.5764652,99.0
2021-08,COIN,1020184096.5129791,63.0
2021-08,CRM,1465633826.0871766,35.0
2021-08,CRWD,949628041.3097321,73.0
2021-08,CSCO,858881465.4495784,83.0
2021-08,CVX,1012863220.2018374,65.0
2021-08,DIA,1263377875.2953424,46.0
2021-08,DIS,1463563709.6901302,36.0
2021-08,EEM,1797858210.839214,26.0
2021-08,EFA,1533542873.3504765,34.0
2021-08,F,949640426.6970636,72.0
2021-08,FXI,909447588.2012019,79.0
2021-08,GE,812756179.7703485,90.0
2021-08,GLD,1346457104.7362797,43.0
2021-08,GM,941120667.640129,75.0
2021-08,GME,1001758644.1318815,66.0
2021-08,GOOG,2810358247.853355,16.0
2021-08,GOOGL,3238817516.358391,15.0
2021-08,GS,947062929.89594,74.0
2021-08,HD,1066822728.3108666,57.0
2021-08,HYG,1622971032.0666115,32.0
2021-08,IEF,817801893.7880864,88.0
2021-08,INTC,1217600209.3975732,50.0
2021-08,IVV,1783498877.633231,27.0
2021-08,IWM,6059901408.295913,10.0
2021-08,JD,882899742.8505247,81.0
2021-08,JNJ,1014314808.421035,64.0
2021-08,JPM,2031939078.6055064,20.0
2021-08,LQD,1854484930.0329783,25.0
2021-08,MA,1227049807.9608252,49.0
2021-08,META,4924160697.528367,12.0
2021-08,MRK,797969971.9754779,93.0
2021-08,MRNA,5781311807.270571,11.0
2021-08,MS,840707956.8605696,86.0
2021-08,MSFT,6328317440.326364,7.0
2021-08,MU,1599707070.1734755,33.0
2021-08,NFLX,1701830080.9482393,29.0
2021-08,NIO,2411539007.962914,18.0
2021-08,NKE,959522386.7706057,70.0
2021-08,NVAX,1054692906.8020291,59.0
2021-08,NVDA,7233599406.673583,6.0
2021-08,ORCL,924011688.0669488,78.0
2021-08,PDD,844166175.1609802,85.0
2021-08,PFE,1382761030.214673,42.0
2021-08,PG,978263304.2967297,68.0
2021-08,PLTR,1052623713.9852856,60.0
2021-08,PTON,788965716.203175,94.0
2021-08,PYPL,1744687839.875285,28.0
2021-08,QCOM,993088246.8644642,67.0
2021-08,QQQ,12478159831.821163,3.0
2021-08,RBLX,772131194.0854511,97.0
2021-08,ROKU,1666237595.4215398,31.0
2021-08,SE,878253500.6464883,82.0
2021-08,SHOP,1867550094.7077918,24.0
2021-08,SNAP,1168876794.8353176,52.0
2021-08,SNOW,1119598380.2170043,56.0
2021-08,SPCE,1447478214.4897873,38.0
2021-08,SPY,26552148182.51512,1.0
2021-08,T,901698871.1361803,80.0
2021-08,TLT,2322859533.885193,19.0
2021-08,TNA,768654687.9411727,98.0
2021-08,TQQQ,3378988442.5810676,14.0
2021-08,TSLA,13761635664.943367,2.0
2021-08,TSM,972595413.0706787,69.0
2021-08,UBER,952518570.9531814,71.0
2021-08,UNH,1150553550.22055,55.0
2021-08,UPST,810572929.1269575,91.0
2021-08,V,1672897422.681003,30.0
2021-08,VOO,1461266602.8859456,37.0
2021-08,VXX,773280448.0639935,95.0
2021-08,VZ,809507172.7408636,92.0
2021-08,WFC,1206617303.4337482,51.0
2021-08,WMT,1061799852.126385,58.0
2021-08,XLE,1402637567.0252788,41.0
2021-08,XLF,1913701374.135965,22.0
2021-08,XLI,1244631040.4506624,47.0
2021-08,XLK,932812558.9615837,77.0
2021-08,XLU,772672090.1663523,96.0
2021-08,XLV,1162367626.9936576,54.0
2021-08,XOM,1241014172.2347925,48.0
2021-08,XYZ,1990394358.7811425,21.0
2021-08,ZM,1281565459.2837863,45.0
2021-09,AAPL,11975050479.156084,4.0
2021-09,ABBV,801408398.2393538,96.0
2021-09,ABNB,942719041.7519221,74.0
2021-09,ADBE,1130424600.8361816,54.0
2021-09,AFRM,829733647.0405518,89.0
2021-09,AMAT,949632548.1332688,71.0
2021-09,AMC,3498730033.4991455,15.0
2021-09,AMD,6561868440.335931,8.0
2021-09,AMZN,11379258925.04689,5.0
2021-09,BA,2282373564.45499,18.0
2021-09,BABA,4424967795.38068,12.0
2021-09,BAC,1946320861.095489,19.0
2021-09,BIDU,807375007.1387881,95.0
2021-09,BNTX,1466436399.570889,38.0
2021-09,BRK-B,1156233849.0746877,53.0
2021-09,C,1298915423.1666565,44.0
2021-09,CCL,776122102.9220672,100.0
2021-09,CMCSA,826819961.341779,91.0
2021-09,COIN,964510134.6761794,69.0
2021-09,CRM,1583267161.3234506,33.0
2021-09,CRWD,912125333.2377359,79.0
2021-09,CSCO,901885063.5988508,81.0
2021-09,CVX,1038124670.7551624,62.0
2021-09,DIA,1394352846.5776231,41.0
2021-09,DIS,1526206820.8393643,35.0
2021-09,EEM,1920235907.0402236,21.0
2021-09,EFA,1737010665.5790298,30.0
2021-09,F,810622471.2778016,94.0
2021-09,FXI,1019107304.0445237,64.0
2021-09,GE,915858612.8176466,78.0
2021-09,GLD,1231339905.2039738,49.0
2021-09,GM,873365961.2748524,83.0
2021-09,GOOG,2886255724.8845177,16.0
2021-09,GOOGL,3558158753.5884795,14.0
2021-09,GS,928119301.282804,76.0
2021-09,HD,1005854130.4391043,66.0
2021-09,HYG,1758766174.3507748,29.0
2021-09,IEF,865259292.8253052,84.0
2021-09,INTC,1123418397.28904,55.0
2021-09,IVV,1874535687.9280696,24.0
2021-09,IWM,6257187540.950884,9.0
2021-09,IYR,826939945.3824846,90.0
2021-09,JD,854010976.5834203,85.0
2021-09,JNJ,1011214709.0384347,65.0
2021-09,JPM,1770767857.7027578,28.0
2021-09,LQD,1916146160.731143,22.0
2021-09,LRCX,781727250.1816523,99.0
2021-09,MA,1318819905.1710825,43.0
2021-09,META,5032312919.6382065,11.0
2021-09,MRNA,7010868751.827712,6.0
2021-09,MS,852170338.6917114,86.0
2021-09,MSFT,6694124261.164928,7.0
2021-09,MU,1447895417.0511518,39.0
2021-09,NFLX,1862392813.5208857,25.0
2021-09,NIO,1915027434.2928448,23.0
2021-09,NKE,947286076.5723335,72.0
2021-09,NVAX,1086164997.6345243,57.0
2021-09,NVDA,6130237569.351468,10.0
2021-09,ORCL,1004766470.7776508,67.0
2021-09,PDD,831033445.7588196,88.0
2021-09,PFE,1480118356.217345,37.0
2021-09,PG,944507007.1687486,73.0
2021-09,PLTR,1116798463.8005455,56.0
2021-09,PYPL,1715804192.114839,32.0
2021-09,QCOM,985440933.5747129,68.0
2021-09,QQQ,13989990602.580963,2.0
2021-09,ROKU,1522519227.9575408,36.0
2021-09,SE,1054821922.5140768,59.0
2021-09,SHOP,1571226726.522052,34.0
2021-09,SNAP,1265914486.0040998,47.0
2021-09,SNOW,1219133903.8073342,50.0
2021-09,SPCE,950995010.5130054,70.0
2021-09,SPY,30505003488.753933,1.0
2021-09,T,890550185.3710239,82.0
2021-09,TLT,2438889580.212499,17.0
2021-09,TNA,839055785.8285813,87.0
2021-09,TQQQ,4165872354.818326,13.0
2021-09,TSLA,13452925678.007723,3.0
2021-09,TSM,930498715.8096192,75.0
2021-09,UBER,1072680083.3020891,58.0
2021-09,UNH,1025865212.4142601,63.0
2021-09,UPST,1048754137.8977457,61.0
2021-09,UVXY,903064178.1746032,80.0
2021-09,V,1771500092.39221,27.0
2021-09,VOO,1726366196.4220803,31.0
2021-09,VTI,793087973.9003257,98.0
2021-09,VXX,916195090.2677147,77.0
2021-09,VZ,824146999.5951395,93.0
2021-09,WFC,1258990991.2854877,48.0
2021-09,WMT,1049594912.2049422,60.0
2021-09,XLE,1425576128.3147361,40.0
2021-09,XLF,1837918838.8957918,26.0
2021-09,XLI,1272262025.610606,46.0
2021-09,XLK,1182015275.0981164,51.0
2021-09,XLU,826572732.6826853,92.0
2021-09,XLV,1298198716.5459528,45.0
2021-09,XLY,796045163.8910203,97.0
2021-09,XOM,1176493373.8610525,52.0
2021-09,XYZ,1922492565.4949613,20.0
2021-09,ZM,1375397699.6538918,42.0
2021-10,AAPL,11133815664.139301,4.0
2021-10,ABBV,810364282.4921138,92.0
2021-10,ABNB,867835353.720771,86.0
2021-10,ADBE,1229748793.7066941,52.0
2021-10,ADI,806650913.0093771,93.0
2021-10,AFRM,1618596478.2958925,32.0
2021-10,AMAT,934252385.8876183,76.0
2021-10,AMC,2667568539.783572,16.0
2021-10,AMD,6410438908.472128,7.0
2021-10,AMZN,9903530860.46443,5.0
2021-10,BA,1897359166.327752,23.0
2021-10,BABA,4194173479.2226396,13.0
2021-10,BAC,1944562900.2954452,20.0
2021-10,BNTX,1363316236.0490103,44.0
2021-10,BRK-B,1139793049.710519,60.0
2021-10,C,1263689859.1586642,49.0
2021-10,CMCSA,900016150.1960558,81.0
2021-10,COIN,1292584624.76671,47.0
2021-10,COST,792734652.0636665,96.0
2021-10,CRM,1494638967.023553,35.0
2021-10,CRWD,909989260.9652807,80.0
2021-10,CSCO,895157982.9226903,83.0
2021-10,CVX,1079494626.0621328,64.0
2021-10,DIA,1374455776.2486534,42.0
2021-10,DIS,1510863805.784389,34.0
2021-10,EEM,1913634700.747142,21.0
2021-10,EFA,1734850788.2676625,30.0
2021-10,F,945379860.7433848,75.0
2021-10,FXI,991300221.9911485,70.0
2021-10,GE,863607030.7567158,87.0
2021-10,GLD,1191400444.2748296,56.0
2021-10,GM,969834087.8924718,73.0
2021-10,GOOG,3021759600.998167,15.0
2021-10,GOOGL,3893088910.459004,14.0
2021-10,GS,945720395.4427568,74.0
2021-10,HD,1028500998.5863096,67.0
2021-10,HYG,1860535626.2017386,25.0
2021-10,IEF,892616964.7807894,84.0
2021-10,INTC,1228534172.536093,53.0
2021-10,IVV,1776079209.127178,26.0
2021-10,IWM,5633168232.048447,10.0
2021-10,IYR,768097483.6252606,99.0
2021-10,JNJ,1007594163.8609387,68.0
2021-10,JNK,793001023.9504981,95.0
2021-10,JPM,1706653962.4362764,31.0
2021-10,KO,766078816.9115218,100.0
2021-10,LCID,998327265.8266243,69.0
2021-10,LQD,1901191311.156718,22.0
2021-10,LRCX,778983018.8436962,97.0
2021-10,MA,1383108177.4196565,41.0
2021-10,META,6206307834.402369,8.0
2021-10,MRK,1087460969.1379728,63.0
2021-10,MRNA,6193262914.997016,9.0
2021-10,MS,798825374.5987302,94.0
2021-10,MSFT,6855699394.524033,6.0
2021-10,MU,1386115061.901262,40.0
2021-10,NFLX,2224480321.798839,18.0
2021-10,NIO,1435341087.628089,38.0
2021-10,NKE,988710918.9953275,71.0
2021-10,NVAX,1142409406.95825,59.0
2021-10,NVDA,5544903811.38747,11.0
2021-10,ORCL,897784870.8412049,82.0
2021-10,PFE,1438927204.2598362,37.0
2021-10,PG,914637175.2078586,79.0
2021-10,PLTR,1210074647.387223,54.0
2021-10,PYPL,2060405397.736637,19.0
2021-10,QCOM,919672789.7601295,77.0
2021-10,QQQ,14457016209.68599,3.0
2021-10,ROKU,1268727508.245995,48.0
2021-10,SE,1117223788.5465107,61.0
2021-10,SHOP,1322263323.8128178,46.0
2021-10,SNAP,1370082989.3716297,43.0
2021-10,SNOW,1186807325.2609496,57.0
2021-10,SPY,31255326091.46283,1.0
2021-10,T,987459779.9852298,72.0
2021-10,TLT,2371714316.537282,17.0
2021-10,TNA,778725710.9093318,98.0
2021-10,TQQQ,4531293520.297592,12.0
2021-10,TSLA,16276291976.091293,2.0
2021-10,TSM,861641648.7073263,88.0
2021-10,UBER,1065472581.0148754,66.0
2021-10,UNH,1097068275.2847822,62.0
2021-10,UPST,1427364028.2312665,39.0
2021-10,UVXY,847846492.1031746,90.0
2021-10,V,1744427765.2417865,29.0
2021-10,VOO,1759416678.3400762,28.0
2021-10,VXX,881195219.2936968,85.0
2021-10,VZ,916311039.1918122,78.0
2021-10,WFC,1256646188.5883634,51.0
2021-10,WMT,1070475098.0814979,65.0
2021-10,XLE,1566649861.6964252,33.0
2021-10,XLF,1877825286.9868808,24.0
2021-10,XLI,1184153421.076929,58.0
2021-10,XLK,1358123566.9436016,45.0
2021-10,XLU,818515152.0201608,91.0
2021-10,XLV,1440210050.7009718,36.0
2021-10,XLY,849776181.3491337,89.0
2021-10,XOM,1204453851.9146934,55.0
2021-10,XYZ,1761871825.876,27.0
2021-10,ZM,1261829170.3394814,50.0
2021-11,AAPL,12020148661.955843,4.0
2021-11,ABBV,810563341.6668241,100.0
2021-11,ABNB,1031000130.8906192,77.0
2021-11,ADBE,1410158396.5320406,49.0
2021-11,AFRM,2003055740.7284448,24.0
2021-11,AMAT,997030365.3874352,80.0
2021-11,AMC,1943246033.1474376,28.0
2021-11,AMD,6328211268.667869,10.0
2021-11,AMZN,11019079269.683838,5.0
2021-11,AVGO,871523774.0190899,92.0
2021-11,BA,2022311211.6810148,23.0
2021-11,BABA,3483839437.8318667,14.0
2021-11,BAC,1991943278.1263804,25.0
2021-11,BNTX,980766841.570173,81.0
2021-11,BRK-B,1193268156.2072754,60.0
2021-11,C,1355573983.7916298,52.0
2021-11,CMCSA,965793331.2705575,85.0
2021-11,COIN,1491068796.8835256,42.0
2021-11,COST,906715532.5051929,88.0
2021-11,CRM,1439252261.7137606,46.0
2021-11,CRWD,872413428.6660088,91.0
2021-11,CSCO,1046424086.436196,75.0
2021-11,CVX,1168128624.8670306,65.0
2021-11,DIA,1494672209.667678,41.0
2021-11,DIS,1900145770.9565904,31.0
2021-11,EEM,1938860205.1390634,29.0
2021-11,EFA,1814257468.650733,32.0
2021-11,F,1421749552.6980915,48.0
2021-11,FXI,1050067921.6688247,74.0
2021-11,GE,848215148.9002383,95.0
2021-11,GLD,1219181188.8987708,59.0
2021-11,GM,1011587416.9405982,78.0
2021-11,GOOG,3275115614.6148195,15.0
2021-11,GOOGL,4339192904.462542,13.0
2021-11,GS,977358373.9719936,82.0
2021-11,HD,1158759375.6604877,66.0
2021-11,HYG,2114395344.1517057,21.0
2021-11,IEF,1078347776.919483,71.0
2021-11,INTC,1392857845.3971803,50.0
2021-11,IVV,1916523696.241203,30.0
2021-11,IWM,6399507663.98933,9.0
2021-11,JNJ,1121293714.9671283,68.0
2021-11,JNK,895567963.7281024,89.0
2021-11,JPM,1744621806.1265492,33.0
2021-11,KO,829593163.4544009,97.0
2021-11,LCID,2577703472.099033,17.0
2021-11,LQD,1983620432.1801322,26.0
2021-11,LRCX,824019671.2637402,98.0
2021-11,MA,1690221626.9663007,35.0
2021-11,META,7332505194.2004,8.0
2021-11,MRK,1288265733.0572824,54.0
2021-11,MRNA,4627206137.55653,12.0
2021-11,MS,861988829.6488687,94.0
2021-11,MSFT,7576196433.808826,7.0
2021-11,MU,1319450807.0020645,53.0
2021-11,NFLX,2458768560.47379,18.0
2021-11,NIO,1469639022.2766879,44.0
2021-11,NKE,1069255109.0082078,72.0
2021-11,NVAX,972593573.2848394,83.0
2021-11,NVDA,8755966262.90294,6.0
2021-11,ORCL,918024072.6986476,86.0
2021-11,PFE,1497383577.934477,40.0
2021-11,PG,966479576.8030318,84.0
2021-11,PLTR,1117033352.0747533,69.0
2021-11,PTON,869160352.5284358,93.0
2021-11,PYPL,2930692796.910095,16.0
2021-11,QCOM,1487899146.369365,43.0
2021-11,QQQ,16407136359.83664,3.0
2021-11,RBLX,1517555376.4905415,39.0
2021-11,ROKU,1180048757.8033204,61.0
2021-11,SE,1249789870.599898,57.0
2021-11,SHOP,1442385929.6320355,45.0
2021-11,SNAP,1372775226.7853448,51.0
2021-11,SNOW,1044001053.2267252,76.0
2021-11,SPY,32671794150.272236,1.0
2021-11,T,1114246727.930091,70.0
2021-11,TLT,2451462796.8018303,19.0
2021-11,TNA,821351461.088453,99.0
2021-11,TQQQ,5580314455.866701,11.0
2021-11,TSLA,23931917819.097027,2.0
2021-11,TSM,912868284.9122669,87.0
2021-11,UBER,1147790943.3751485,67.0
2021-11,UNH,1230864514.093405,58.0
2021-11,UPST,1423856650.3936284,47.0
2021-11,UVXY,839612151.9841269,96.0
2021-11,V,2223301952.903578,20.0
2021-11,VOO,1951309842.7451482,27.0
2021-11,VXX,894216776.7781494,90.0
2021-11,VZ,1001576034.3973553,79.0
2021-11,WFC,1269712103.306295,56.0
2021-11,WMT,1068630686.6586776,73.0
2021-11,XLE,1702187380.7307105,34.0
2021-11,XLF,2033422259.2486246,22.0
2021-11,XLI,1173969185.827794,64.0
2021-11,XLK,1679346328.6171565,36.0
2021-11,XLV,1556578990.599702,38.0
2021-11,XLY,1179945103.7238226,62.0
2021-11,XOM,1281164452.358809,55.0
2021-11,XYZ,1642985601.5000358,37.0
2021-11,ZM,1174415739.6913316,63.0
2021-12,AAPL,14289095117.084854,4.0
2021-12,ABNB,1039387988.9119709,78.0
2021-12,ADBE,1658162529.6189082,40.0
2021-12,AFRM,1701796717.1730285,36.0
2021-12,AMAT,1006766718.42764,81.0
2021-12,AMC,1449923931.6002254,50.0
2021-12,AMD,7495207734.87412,9.0
2021-12,AMZN,10966719904.042562,6.0
2021-12,ARKK,879851690.4724,96.0
2021-12,AVGO,1159702148.3078003,68.0
2021-12,BA,1996898029.814826,27.0
2021-12,BABA,3337138958.658939,14.0
2021-12,BAC,2042338234.4714391,26.0
2021-12,BNTX,899321938.0917988,94.0
2021-12,BRK-B,1182082932.2488935,64.0
2021-12,C,1374215181.6592262,52.0
2021-12,CMCSA,1029508007.218519,80.0
2021-12,COIN,1581794480.0564237,46.0
2021-12,COST,1134910075.6100125,71.0
2021-12,CRM,1470409876.6891723,49.0
2021-12,CSCO,1138693898.418384,70.0
2021-12,CVX,1166670835.1955595,67.0
2021-12,DIA,1607925227.5616357,44.0
2021-12,DIS,1943386389.9715605,30.0
2021-12,DJT,989939039.7099328,82.0
2021-12,DOCU,867375479.8696609,97.0
2021-12,EEM,1975651426.726671,28.0
2021-12,EFA,1815150607.8432233,32.0
2021-12,F,1701103012.9919643,37.0
2021-12,FXI,1119129767.296134,74.0
2021-12,GLD,1180695726.4800782,65.0
2021-12,GM,1081498652.1318345,77.0
2021-12,GOOG,3188322999.644446,16.0
2021-12,GOOGL,4368265733.229864,12.0
2021-12,GS,974552543.8866993,84.0
2021-12,HD,1330918764.6461608,53.0
2021-12,HYG,2161419545.4198565,23.0
2021-12,IEF,1139699326.2979538,69.0
2021-12,INTC,1598448695.9003994,45.0
2021-12,INTU,942774992.9075211,89.0
2021-12,IVV,2264696551.5238442,19.0
2021-12,IWM,7220226624.657064,10.0
2021-12,JNJ,1194249914.2610822,61.0
2021-12,JNK,965016857.9721118,85.0
2021-12,JPM,1753883586.2302024,34.0
2021-12,KO,909290295.7720257,91.0
2021-12,LCID,3049414668.672202,17.0
2021-12,LQD,1881168834.47239,31.0
2021-12,MA,1671998290.6308613,39.0
2021-12,META,7611066597.229924,8.0
2021-12,MRK,1168661171.616194,66.0
2021-12,MRNA,3599424530.286686,13.0
2021-12,MS,857144883.8215783,100.0
2021-12,MSFT,8370260428.59313,7.0
2021-12,MU,1511714580.8680217,48.0
2021-12,NFLX,2222881958.260733,20.0
2021-12,NIO,1652761785.4395819,42.0
2021-12,NKE,955012584.8945739,87.0
2021-12,NVAX,989743363.5202559,83.0
2021-12,NVDA,12181508896.25074,5.0
2021-12,ORCL,887531778.4661671,95.0
2021-12,PFE,2045160534.4384027,25.0
2021-12,PG,1088203485.7340496,76.0
2021-12,PYPL,3215877738.7417264,15.0
2021-12,QCOM,1705597569.1494534,35.0
2021-12,QQQ,18254722320.712517,3.0
2021-12,RBLX,1945265361.449808,29.0
2021-12,ROKU,1298962702.5718083,55.0
2021-12,SE,1220825313.097539,60.0
2021-12,SHOP,1553187860.653832,47.0
2021-12,SNAP,1222601188.861314,59.0
2021-12,SNOW,1037296121.5457008,79.0
2021-12,SPY,33759246874.018932,1.0
2021-12,T,1295662730.4294574,56.0
2021-12,TGT,864989317.0719934,98.0
2021-12,TLT,2536069808.183434,18.0
2021-12,TNA,946857688.3181497,88.0
2021-12,TQQQ,6953625971.222989,11.0
2021-12,TSLA,27247173634.93914,2.0
2021-12,TSM,916192948.7201872,90.0
2021-12,UBER,1133880381.7811513,73.0
2021-12,UNH,1313547378.9642818,54.0
2021-12,UPST,1189762467.3568242,62.0
2021-12,V,2192175232.724629,22.0
2021-12,VOO,2197213176.7333016,21.0
2021-12,VXX,900828531.1077329,93.0
2021-12,VZ,1119060685.8738005,75.0
2021-12,WFC,1184203258.6886208,63.0
2021-12,WMT,1231852278.936477,58.0
2021-12,XBI,904315456.3784403,92.0
2021-12,XLE,1656943598.0262573,41.0
2021-12,XLF,2157522142.638058,24.0
2021-12,XLI,1134000484.276823,72.0
2021-12,XLK,1814829572.0588322,33.0
2021-12,XLP,857474665.8511691,99.0
2021-12,XLV,1616760456.3376896,43.0
2021-12,XLY,1391311336.7056468,51.0
2021-12,XOM,1247126155.0980523,57.0
2021-12,XYZ,1698078522.9269361,38.0
2021-12,ZM,960301019.4034152,86.0
2022-01,AAPL,16552330575.089787,4.0
2022-01,ABNB,1156409885.3747413,82.0
2022-01,ADBE,1950674978.8163927,39.0
2022-01,AFRM,1164485514.7195725,81.0
2022-01,AMAT,1211448029.1794791,77.0
2022-01,AMC,1292642507.5768437,69.0
2022-01,AMD,9122681939.494783,8.0
2022-01,AMZN,11436647358.824715,6.0
2022-01,ARKK,1353822156.1099825,64.0
2022-01,AVGO,1480458228.97133,55.0
2022-01,BA,2164161300.0355554,33.0
2022-01,BABA,3126157267.6436286,16.0
2022-01,BAC,2318542419.804921,29.0
2022-01,BRK-B,1405378900.3213549,60.0
2022-01,C,1554084139.2268348,51.0
2022-01,CMCSA,1102566009.2317307,89.0
2022-01,COIN,1367737352.4056087,63.0
2022-01,COST,1353672359.7937205,65.0
2022-01,CRM,1664872828.0778673,49.0
2022-01,CSCO,1344642011.6763887,66.0
2022-01,CVX,1428008963.2558672,58.0
2022-01,DIA,2334583803.9839973,28.0
2022-01,DIS,2107436000.9602864,35.0
2022-01,EEM,2141303011.0149202,34.0
2022-01,EFA,2250291352.562956,31.0
2022-01,F,2347413768.5854053,27.0
2022-01,FXI,1265072266.815246,73.0
2022-01,GLD,1407963081.4917428,59.0
2022-01,GM,1170077729.813046,80.0
2022-01,GOOG,3461914270.8086286,13.0
2022-01,GOOGL,4484150409.753224,12.0
2022-01,GS,1155214631.2449138,83.0
2022-01,HD,1612998227.924456,50.0
2022-01,HYG,2728118834.979793,21.0
2022-01,IEF,1272513816.5390742,72.0
2022-01,INTC,1805518677.5262318,46.0
2022-01,INTU,1114926826.6170926,86.0
2022-01,IVV,3152082353.2983203,14.0
2022-01,IWM,8915133772.672623,9.0
2022-01,IYR,959911364.0460423,97.0
2022-01,JNJ,1310591576.840985,68.0
2022-01,JNK,1104945637.5764878,88.0
2022-01,JPM,2088778367.2659495,36.0
2022-01,KO,1027879821.3115692,93.0
2022-01,LCID,3084564970.895478,17.0
2022-01,LQD,2053777180.791425,37.0
2022-01,LRCX,954430349.0746514,100.0
2022-01,MA,1875014376.8443758,42.0
2022-01,META,6795353992.040338,11.0
2022-01,MRK,1107992361.8575687,87.0
2022-01,MRNA,3144998475.7894607,15.0
2022-01,MS,1032221134.3919542,91.0
2022-01,MSFT,10608533764.887056,7.0
2022-01,MU,1756086673.2323542,47.0
2022-01,NFLX,2913042212.550814,20.0
2022-01,NIO,1704424596.6481135,48.0
2022-01,NKE,958350434.9964929,98.0
2022-01,NVAX,976181856.4069839,96.0
2022-01,NVDA,14806214239.772676,5.0
2022-01,PFE,2424682772.6921268,25.0
2022-01,PG,1290319706.0932946,70.0
2022-01,PYPL,3042305030.421399,18.0
2022-01,QCOM,2000477566.9750638,38.0
2022-01,QQQ,24155126485.278366,3.0
2022-01,RBLX,2310483752.8832273,30.0
2022-01,RIVN,2690346991.7785916,23.0
2022-01,ROKU,1288254610.6026545,71.0
2022-01,SE,1495851400.8647616,54.0
2022-01,SHOP,1907766984.6835666,41.0
2022-01,SNOW,1179241992.3372784,78.0
2022-01,SPY,41839385931.123085,1.0
2022-01,T,1461266595.0811703,56.0
2022-01,TGT,954516754.250154,99.0
2022-01,TLT,2706698971.2281,22.0
2022-01,TNA,1128013670.3337412,85.0
2022-01,TQQQ,8272515898.898109,10.0
2022-01,TSLA,29862378650.571697,2.0
2022-01,TSM,1386289243.9649673,61.0
2022-01,TXN,979549788.7250385,95.0
2022-01,UBER,1226078285.1841154,75.0
2022-01,UNH,1528959715.135314,53.0
2022-01,UVXY,1031699953.3333334,92.0
2022-01,V,2386277554.618981,26.0
2022-01,VOO,3024506832.9186335,19.0
2022-01,VTI,1064010820.7367185,90.0
2022-01,VXX,1248290619.898497,74.0
2022-01,VZ,1178360809.729119,79.0
2022-01,WFC,1442305474.4665964,57.0
2022-01,WMT,1314530195.8775475,67.0
2022-01,XBI,1213562777.8508868,76.0
2022-01,XLE,1926323187.101812,40.0
2022-01,XLF,2538619730.435217,24.0
2022-01,XLI,1380150704.7751775,62.0
2022-01,XLK,2175959436.206757,32.0
2022-01,XLP,1152226524.496908,84.0
2022-01,XLU,1021054741.8706015,94.0
2022-01,XLV,1848351484.9802895,43.0
2022-01,XLY,1819414508.6016216,44.0
2022-01,XOM,1529103791.891982,52.0
2022-01,XYZ,1807667967.3433213,45.0
2022-02,AAPL,17424049123.745945,4.0
2022-02,ABBV,1066311247.015393,97.0
2022-02,ABNB,1070355564.0587459,96.0
2022-02,ADBE,2106536669.8205857,34.0
2022-02,AMAT,1229091911.2793937,79.0
2022-02,AMC,1136343957.8591096,87.0
2022-02,AMD,10595011123.840925,8.0
2022-02,AMZN,11699274425.044468,6.0
2022-02,ARKK,1682392001.612963,52.0
2022-02,AVGO,1635285247.6272583,53.0
2022-02,BA,2033338020.9825063,37.0
2022-02,BABA,2885626535.236855,20.0
2022-02,BAC,2443090406.5003896,24.0
2022-02,BRK-B,1595768224.1800458,57.0
2022-02,C,1611614197.4004352,55.0
2022-02,CMCSA,1207061996.4887304,81.0
2022-02,COIN,1093565415.394689,92.0
2022-02,COST,1399156970.6793406,65.0
2022-02,CRM,1766876296.8419878,48.0
2022-02,CSCO,1324386726.323718,71.0
2022-02,CVX,1697781018.4337919,51.0
2022-02,DIA,2691232559.61512,23.0
2022-02,DIS,1927602107.2284758,42.0
2022-02,EEM,2310774496.1343255,28.0
2022-02,EFA,2713273428.225841,22.0
2022-02,F,2220736344.5641413,32.0
2022-02,FXI,1303453192.8385901,73.0
2022-02,GLD,1728748988.862198,50.0
2022-02,GM,1123710627.2925422,88.0
2022-02,GOOG,4185279869.3784685,13.0
2022-02,GOOGL,5273928698.294988,12.0
2022-02,GS,1188992402.3421514,84.0
2022-02,HD,1765718759.626116,49.0
2022-02,HYG,3166747726.538716,17.0
2022-02,IEF,1244718232.4369884,77.0
2022-02,IEMG,1029000886.4999317,98.0
2022-02,INTC,1948243682.5215778,40.0
2022-02,INTU,1108706911.7140512,89.0
2022-02,IVV,3745374530.738516,14.0
2022-02,IWM,8811082640.522354,9.0
2022-02,IYR,1072911965.431492,95.0
2022-02,JNJ,1357612159.0095398,67.0
2022-02,JNK,1155099644.8736644,85.0
2022-02,JPM,2323686442.2206335,27.0
2022-02,KO,1206770978.3995128,82.0
2022-02,LCID,1824798341.9323027,46.0
2022-02,LQD,2302659404.305897,29.0
2022-02,MA,1787498981.4366417,47.0
2022-02,META,8763657271.859644,10.0
2022-02,MRK,1079195353.267803,93.0
2022-02,MRNA,2361457226.115345,25.0
2022-02,MS,1098217931.414141,91.0
2022-02,MSFT,11572596558.575342,7.0
2022-02,MU,1860044303.4673903,44.0
2022-02,NFLX,3295942978.5063,16.0
2022-02,NIO,1553325236.2535536,59.0
2022-02,NOW,1010319950.0671265,100.0
2022-02,NVDA,14269973841.784794,5.0
2022-02,PFE,2252874079.904853,31.0
2022-02,PG,1404833909.1107323,64.0
2022-02,PYPL,3010752639.94797,18.0
2022-02,QCOM,1887260886.2993271,43.0
2022-02,QQQ,27689001622.53103,2.0
2022-02,RBLX,1833199416.3441916,45.0
2022-02,RIVN,1337441805.4982927,69.0
2022-02,ROKU,1397578870.8135211,66.0
2022-02,SE,1566995193.1066847,58.0
2022-02,SHOP,2077283293.931628,36.0
2022-02,SNAP,1274302426.04731,75.0
2022-02,SNOW,1208674457.5327556,80.0
2022-02,SPY,49793007414.68515,1.0
2022-02,T,1531761859.6177163,60.0
2022-02,TLT,2889958146.367948,19.0
2022-02,TNA,1074118456.8964217,94.0
2022-02,TQQQ,8142510301.044144,11.0
2022-02,TSLA,25564599334.048756,3.0
2022-02,TSM,1441579989.7037082,63.0
2022-02,TXN,1103002455.546037,90.0
2022-02,UBER,1260616582.6436965,76.0
2022-02,UNH,1617237669.5788186,54.0
2022-02,UPST,1014062882.3430016,99.0
2022-02,UVXY,1298861020.1984127,74.0
2022-02,V,2102267174.5431082,35.0
2022-02,VOO,3588229559.3833804,15.0
2022-02,VTI,1151828977.634442,86.0
2022-02,VXX,1507263502.493288,61.0
2022-02,VZ,1237836862.383137,78.0
2022-02,WFC,1604876523.3737218,56.0
2022-02,WMT,1330915797.2104208,70.0
2022-02,XBI,1347405886.896854,68.0
2022-02,XLE,2288420109.46998,30.0
2022-02,XLF,2777633131.892038,21.0
2022-02,XLI,1500798463.972885,62.0
2022-02,XLK,2333594307.9840283,26.0
2022-02,XLP,1316685359.6662612,72.0
2022-02,XLU,1202621612.2505794,83.0
2022-02,XLV,1942056492.8932312,41.0
2022-02,XLY,1983805403.7873042,38.0
2022-02,XOM,1950932944.2405882,39.0
2022-02,XYZ,2165417950.0493126,33.0
2022-03,AAPL,15930021801.889448,4.0
2022-03,ABBV,1120682744.4193037,86.0
2022-03,ADBE,1933659885.6323726,41.0
2022-03,AGG,1100870413.1916592,91.0
2022-03,AMAT,1169941651.0110886,82.0
2022-03,AMC,1110090571.991863,89.0
2022-03,AMD,12089319374.514782,6.0
2022-03,AMZN,11881306156.298925,7.0
2022-03,ARKK,1767742026.278093,45.0
2022-03,AVGO,1541986038.681999,58.0
2022-03,BA,2023565254.605611,38.0
2022-03,BABA,3594825731.7184567,16.0
2022-03,BAC,2495328165.3102574,30.0
2022-03,BKNG,1078683817.1725802,94.0
2022-03,BRK-A,1080643495.2380953,93.0
2022-03,BRK-B,1766613618.96217,46.0
2022-03,C,1727601605.8853633,51.0
2022-03,CMCSA,1101460623.957482,90.0
2022-03,COST,1339128654.8245385,68.0
2022-03,CRM,1604653569.768488,54.0
2022-03,CSCO,1268195298.250707,75.0
2022-03,CVX,2601587127.298894,27.0
2022-03,DIA,2631020682.8234477,24.0
2022-03,DIS,1729582854.1560097,50.0
2022-03,EEM,2624503792.1163163,25.0
2022-03,EFA,2793083538.923851,23.0
2022-03,F,2060053522.2745018,36.0
2022-03,FXI,1550960708.377614,56.0
2022-03,GLD,2390531212.9132466,32.0
2022-03,GM,1023879135.3812869,100.0
2022-03,GOOG,4329102104.878501,13.0
2022-03,GOOGL,5279094550.180102,12.0
2022-03,GS,1182949667.6672072,81.0
2022-03,HD,1751900706.1759827,49.0
2022-03,HYG,3640010486.363487,15.0
2022-03,IEF,1252877928.9330497,77.0
2022-03,IEFA,1047216841.8512315,98.0
2022-03,IEMG,1097558632.7251737,92.0
2022-03,INTC,1971014981.3653915,40.0
2022-03,IVV,3844087954.642644,14.0
2022-03,IWM,7571626297.999137,10.0
2022-03,JNJ,1360523846.7783852,65.0
2022-03,JNK,1200430045.5774944,78.0
2022-03,JPM,2469279789.6771626,31.0
2022-03,KO,1196551331.4994752,80.0
2022-03,LCID,1038342235.3110468,99.0
2022-03,LMT,1049541698.789421,97.0
2022-03,LQD,2557940667.562951,28.0
2022-03,MA,1754294845.5144005,48.0
2022-03,META,8730447344.747972,9.0
2022-03,MRNA,1451498857.4243696,62.0
2022-03,MS,1113132992.7780514,88.0
2022-03,MSFT,11433991848.672195,8.0
2022-03,MU,1991510046.7222667,39.0
2022-03,NFLX,3346480209.9396844,18.0
2022-03,NIO,1542529193.3088605,57.0
2022-03,NVDA,13231640077.532299,5.0
2022-03,OXY,1589495208.3461277,55.0
2022-03,PFE,1786257859.1602144,44.0
2022-03,PG,1310712798.3341763,69.0
2022-03,PYPL,2837019916.85062,22.0
2022-03,QCOM,1862754270.452566,43.0
2022-03,QQQ,28593579223.28685,2.0
2022-03,RBLX,1481791214.8256938,60.0
2022-03,RIVN,1146085536.3210042,85.0
2022-03,ROKU,1061476537.6184251,96.0
2022-03,SE,1454987677.157181,61.0
2022-03,SHOP,2244781305.472298,33.0
2022-03,SNAP,1270636801.6246886,74.0
2022-03,SNOW,1359504838.810294,66.0
2022-03,SPY,50851223385.07714,1.0
2022-03,T,1300930662.817356,71.0
2022-03,TLT,3001108478.35611,19.0
2022-03,TQQQ,6746483867.809254,11.0
2022-03,TSLA,25147509493.16014,3.0
2022-03,TSM,1683129747.7169461,52.0
2022-03,TXN,1115379598.1220791,87.0
2022-03,UBER,1200116423.6885827,79.0
2022-03,UNH,1640424957.7862937,53.0
2022-03,UPST,1284385710.5228,73.0
2022-03,UVXY,1342159255.515873,67.0
2022-03,V,2025510488.5622056,37.0
2022-03,VEA,1063363517.0383817,95.0
2022-03,VOO,3430860258.093165,17.0
2022-03,VTI,1160861401.188902,84.0
2022-03,VXX,1389407024.354966,64.0
2022-03,VZ,1287092345.0104306,72.0
2022-03,WFC,1760785407.2907221,47.0
2022-03,WMT,1161749003.640965,83.0
2022-03,XBI,1266831407.593391,76.0
2022-03,XLE,2994782980.16906,20.0
2022-03,XLF,2849154679.9833994,21.0
2022-03,XLI,1514785562.506055,59.0
2022-03,XLK,2154869285.6549215,35.0
2022-03,XLP,1391315760.6577675,63.0
2022-03,XLU,1309455243.456232,70.0
2022-03,XLV,1876679002.4927533,42.0
2022-03,XLY,2155211982.6633754,34.0
2022-03,XOM,2610362746.0349917,26.0
2022-03,XYZ,2530137006.874944,29.0
2022-04,AAPL,14858986406.968277,4.0
2022-04,ABBV,1226574251.6083007,70.0
2022-04,ADBE,1635029698.9651635,45.0
2022-04,AGG,1102824540.7592046,80.0
2022-04,AMAT,1031374753.3047509,90.0
2022-04,AMC,1027784734.4429718,91.0
2022-04,AMD,11539771442.864956,7.0
2022-04,AMZN,11651688218.542433,6.0
2022-04,ARKK,1560270232.8353155,48.0
2022-04,AVGO,1381747401.7831712,57.0
2022-04,BA,1815187359.3808372,40.0
2022-04,BABA,3466198034.2113676,14.0
2022-04,BAC,2234371674.0432796,30.0
2022-04,BKNG,1065753141.2493993,87.0
2022-04,BMY,1095443400.322784,82.0
2022-04,BRK-A,1232936655.5555556,69.0
2022-04,BRK-B,1680008627.9022217,43.0
2022-04,C,1549503122.053213,49.0
2022-04,CMCSA,1039984651.2804648,88.0
2022-04,COST,1335067511.5093412,63.0
2022-04,CRM,1452926143.8083951,55.0
2022-04,CSCO,1154174589.8786938,76.0
2022-04,CVX,2536167710.2963886,26.0
2022-04,DIA,2066535175.553434,32.0
2022-04,DIS,1651571487.668743,44.0
2022-04,EEM,2566599774.0205617,25.0
2022-04,EFA,2525065077.1682134,27.0
2022-04,F,1348442827.0236895,60.0
2022-04,FXI,1523971467.752823,51.0
2022-04,GDX,965477547.4242195,96.0
2022-04,GLD,2385230055.7602415,29.0
2022-04,GOOG,4170692265.1636033,13.0
2022-04,GOOGL,5190273487.144591,12.0
2022-04,GS,1002578121.1232018,95.0
2022-04,HD,1580117328.4781804,46.0
2022-04,HYG,3449523768.564557,15.0
2022-04,IEF,1079062956.7081149,84.0
2022-04,IEFA,1006835251.8563951,94.0
2022-04,IEMG,1076859197.9002938,85.0
2022-04,INTC,1732602579.6713815,42.0
2022-04,IVV,3289292875.7212806,17.0
2022-04,IWM,6319211502.661012,10.0
2022-04,JNJ,1397558632.8228421,56.0
2022-04,JNK,1155523190.25495,75.0
2022-04,JPM,2187317842.814503,31.0
2022-04,KO,1145171444.004283,77.0
2022-04,LMT,1034404918.8110836,89.0
2022-04,LQD,2598857697.777969,24.0
2022-04,MA,1507142511.5662105,53.0
2022-04,META,8789225807.640028,9.0
2022-04,MRNA,1113700297.9746501,79.0
2022-04,MS,958262840.5987089,98.0
2022-04,MSFT,9831692284.022013,8.0
2022-04,MU,1862024625.9836106,36.0
2022-04,NFLX,3344412753.9491506,16.0
2022-04,NIO,1466572035.2400794,54.0
2022-04,NKE,952253369.0795898,100.0
2022-04,NVDA,12872154996.2015,5.0
2022-04,OXY,1837912670.0948987,39.0
2022-04,PFE,1513572793.147393,52.0
2022-04,PG,1206704587.9805307,72.0
2022-04,PYPL,2639165896.4854164,21.0
2022-04,QCOM,1857594136.652338,37.0
2022-04,QQQ,26253617540.56818,2.0
2022-04,RBLX,1216776843.3520875,71.0
2022-04,SE,1088114501.879798,83.0
2022-04,SHOP,2049164008.7451632,33.0
2022-04,SNAP,1315583351.0301924,66.0
2022-04,SNOW,1335476369.07741,62.0
2022-04,SPGI,960966692.2647278,97.0
2022-04,SPY,46495495167.20668,1.0
2022-04,T,1163664213.1431174,74.0
2022-04,TLT,3014071706.819153,18.0
2022-04,TQQQ,5663081079.279182,11.0
2022-04,TSLA,23269943666.00618,3.0
2022-04,TSM,1351350415.6498015,59.0
2022-04,TXN,1072094832.6861911,86.0
2022-04,UBER,1102154678.4501967,81.0
2022-04,UNH,1568477912.7955844,47.0
2022-04,UNP,957118428.855242,99.0
2022-04,UPST,1312350588.2886856,67.0
2022-04,UVXY,1282019397.5396826,68.0
2022-04,V,1806771339.4581628,41.0
2022-04,VEA,1025319334.3099201,92.0
2022-04,VOO,2773217581.015935,20.0
2022-04,VTI,1022669686.9271414,93.0
2022-04,VZ,1327605378.9232588,64.0
2022-04,WFC,1528713295.2268085,50.0
2022-04,WMT,1141625105.8979034,78.0
2022-04,XBI,1173968569.0842037,73.0
2022-04,XLE,2949937677.7241054,19.0
2022-04,XLF,2636998911.5618453,22.0
2022-04,XLI,1320832691.4109972,65.0
2022-04,XLK,1914577837.0691693,35.0
2022-04,XLP,1336119609.7560337,61.0
2022-04,XLU,1380415118.8192096,58.0
2022-04,XLV,1855744524.699523,38.0
2022-04,XLY,2016299561.0503907,34.0
2022-04,XOM,2633812425.3874397,23.0
2022-04,XYZ,2427175930.9958444,28.0
2022-05,AAPL,15594829698.258245,4.0
2022-05,ABBV,1152747648.363725,71.0
2022-05,ADBE,1504631800.714741,49.0
2022-05,AGG,1077320024.9234154,78.0
2022-05,AMAT,961163649.6048701,93.0
2022-05,AMC,945906846.5741742,97.0
2022-05,AMD,11143111785.515694,7.0
2022-05,AMZN,11301198386.229742,6.0
2022-05,ARKK,1586033408.1700704,45.0
2022-05,AVGO,1447355402.9851036,54.0
2022-05,BA,1655096365.659175,40.0
2022-05,BABA,3392347639.1293964,15.0
2022-05,BAC,2087884143.9466991,29.0
2022-05,BKNG,969275420.2228122,92.0
2022-05,BMY,1148519448.237404,72.0
2022-05,BRK-A,1322455761.9047618,63.0
2022-05,BRK-B,1583286311.0338,46.0
2022-05,C,1472161255.3795285,52.0
2022-05,CMCSA,1029478874.5006759,84.0
2022-05,COST,1555750338.855368,48.0
2022-05,CRM,1349870497.2790916,59.0
2022-05,CRWD,998347088.8112386,89.0
2022-05,CSCO,1217679475.1743438,67.0
2022-05,CVX,2444350811.391776,23.0
2022-05,DIA,1854234839.0303838,34.0
2022-05,DIS,1563691806.8281507,47.0
2022-05,EEM,2513046904.172007,22.0
2022-05,EFA,2327343382.836139,26.0
2022-05,F,1055056641.6690327,79.0
2022-05,FXI,1488920622.8802242,50.0
2022-05,GLD,2086857884.6980503,30.0
2022-05,GOOG,3729788553.4529915,13.0
2022-05,GOOGL,4536131015.718491,12.0
2022-05,HD,1473014508.4885855,51.0
2022-05,HYG,3436087731.2675595,14.0
2022-05,IEFA,1115945343.9200387,75.0
2022-05,IEMG,1106111145.4673405,76.0
2022-05,INTC,1618373018.9841921,41.0
2022-05,IVV,2926566233.411807,19.0
2022-05,IWM,6121393157.635885,10.0
2022-05,JD,943506992.3763033,98.0
2022-05,JNJ,1374959700.6899152,58.0
2022-05,JNK,1135349472.2400846,74.0
2022-05,JPM,1997510482.1184795,32.0
2022-05,KO,1186023366.6546533,69.0
2022-05,LQD,2436517629.7836423,24.0
2022-05,MA,1294941650.3097777,65.0
2022-05,META,6635864976.63458,9.0
2022-05,MRK,994070238.0370004,90.0
2022-05,MRNA,1052173349.9281989,81.0
2022-05,MSFT,9294698843.744404,8.0
2022-05,MU,1659416662.990897,39.0
2022-05,NFLX,2949612858.023386,17.0
2022-05,NIO,1386595512.937582,57.0
2022-05,NKE,954364284.858086,95.0
2022-05,NVDA,12235797644.410482,5.0
2022-05,OXY,2139105856.828756,28.0
2022-05,PANW,950625939.1456968,96.0
2022-05,PEP,934194877.8246683,99.0
2022-05,PFE,1426305027.23425,56.0
2022-05,PG,1177573356.6401649,70.0
2022-05,PYPL,1780592482.8732445,35.0
2022-05,QCOM,1601797438.008142,44.0
2022-05,QQQ,26237020611.401077,2.0
2022-05,RBLX,1006253312.6554914,88.0
2022-05,SBUX,932593975.1692514,100.0
2022-05,SHOP,2020837975.338497,31.0
2022-05,SNAP,960964818.9973997,94.0
2022-05,SNOW,1441866000.4185026,55.0
2022-05,SPGI,983149844.3013979,91.0
2022-05,SPY,43875370075.4178,1.0
2022-05,T,1054843869.0379273,80.0
2022-05,TGT,1051412825.5499704,82.0
2022-05,TLT,2942813148.8099356,18.0
2022-05,TQQQ,5738602635.397242,11.0
2022-05,TSLA,23809523989.874557,3.0
2022-05,TSM,1203960044.3004427,68.0
2022-05,TXN,1019087243.0071876,87.0
2022-05,UBER,1027565579.5927441,85.0
2022-05,UNH,1607305780.5340965,43.0
2022-05,UPST,1089169852.088238,77.0
2022-05,UVXY,1236549725.7936509,66.0
2022-05,V,1669722725.7634966,38.0
2022-05,VEA,1031671043.254937,83.0
2022-05,VOO,2352088436.4791145,25.0
2022-05,VTI,1021785536.0399519,86.0
2022-05,VZ,1322823239.0936956,62.0
2022-05,WFC,1326791309.8466601,61.0
2022-05,WMT,1330686025.6562915,60.0
2022-05,XBI,1146697508.5950215,73.0
2022-05,XLE,3021546261.1398363,16.0
2022-05,XLF,2610878967.9224586,21.0
2022-05,XLI,1303847023.0654278,64.0
2022-05,XLK,1756743321.0799203,37.0
2022-05,XLP,1618315228.6144438,42.0
2022-05,XLU,1448094444.7565715,53.0
2022-05,XLV,1862559632.2588723,33.0
2022-05,XLY,1775939066.5405273,36.0
2022-05,XOM,2701861194.400533,20.0
2022-05,XYZ,2167519745.226203,27.0
2022-06,AAPL,14240032219.145105,4.0
2022-06,ABBV,1127762058.9890254,71.0
2022-06,ABNB,915340913.7621683,90.0
2022-06,ADBE,1304268769.0621028,53.0
2022-06,AGG,937508847.2518437,84.0
2022-06,AMAT,916509213.8187711,89.0
2022-06,AMD,10161571574.900394,7.0
2022-06,AMZN,10792819499.105072,6.0
2022-06,ARKK,1485936418.9466386,44.0
2022-06,AVGO,1355745436.6176546,52.0
2022-06,BA,1502264041.101704,40.0
2022-06,BABA,2829016897.5004044,16.0
2022-06,BAC,1835596496.1925566,26.0
2022-06,BKNG,905471436.9250101,91.0
2022-06,BMY,1119730414.4753835,73.0
2022-06,BRK-A,1200412990.4761906,60.0
2022-06,BRK-B,1406645279.8001728,47.0
2022-06,C,1238296919.8095837,59.0
2022-06,CMCSA,1037178974.2832237,77.0
2022-06,COIN,929344328.8122389,86.0
2022-06,COST,1494668947.6416209,41.0
2022-06,CRM,1461334663.2143292,46.0
2022-06,CRWD,842944559.9853274,99.0
2022-06,CSCO,1158681369.1346548,67.0
2022-06,CVX,1815450674.5842586,27.0
2022-06,DIA,1629169208.7797134,34.0
2022-06,DIS,1494629990.9287226,42.0
2022-06,EEM,2132794135.7589664,24.0
2022-06,EFA,2107686023.6028337,25.0
2022-06,F,850189088.9258672,98.0
2022-06,FXI,1274139109.8545165,57.0
2022-06,GLD,1477030067.5468323,45.0
2022-06,GOOG,3602911541.4423866,13.0
2022-06,GOOGL,4488000170.301891,12.0
2022-06,GS,838234381.5466503,100.0
2022-06,HD,1393337218.9815462,48.0
2022-06,HYG,3464807096.100217,14.0
2022-06,IEFA,1041773503.0887059,76.0
2022-06,IEMG,1008131082.9558176,80.0
2022-06,INTC,1531969485.2363768,37.0
2022-06,IVV,2734577499.858021,18.0
2022-06,IWM,5922010276.027473,10.0
2022-06,IYR,897546525.3019545,94.0
2022-06,JNJ,1378356521.1526296,50.0
2022-06,JNK,1182635918.5517085,62.0
2022-06,JPM,1775929570.2459185,29.0
2022-06,KO,1153594551.457184,68.0
2022-06,LLY,932540425.1123822,85.0
2022-06,LQD,2341268895.259094,22.0
2022-06,MA,1162196054.556565,64.0
2022-06,META,6267296253.83451,9.0
2022-06,MRK,1109138471.0676043,75.0
2022-06,MRNA,850190196.5150137,97.0
2022-06,MSFT,8717681470.904736,8.0
2022-06,MU,1296071262.3312268,54.0
2022-06,NFLX,2861501893.297256,15.0
2022-06,NIO,1287190755.155712,55.0
2022-06,NKE,872767036.8548923,96.0
2022-06,NVDA,10814348846.861204,5.0
2022-06,OXY,1774219416.1165874,30.0
2022-06,PEP,917499514.9410187,88.0
2022-06,PFE,1244898554.2233784,58.0
2022-06,PG,1182953586.5120296,61.0
2022-06,PYPL,1489932348.4448144,43.0
2022-06,QCOM,1505752826.1148846,39.0
2022-06,QQQ,24023381709.76102,2.0
2022-06,RBLX,982874948.8790573,82.0
2022-06,SHOP,1795349184.2286367,28.0
2022-06,SNAP,875103643.5527182,95.0
2022-06,SNOW,1159730374.6357872,65.0
2022-06,SPGI,920703688.0972644,87.0
2022-06,SPY,41213532674.57411,1.0
2022-06,T,1020913567.2866219,78.0
2022-06,TGT,1128711231.8634517,70.0
2022-06,TLT,2604295809.2821517,20.0
2022-06,TQQQ,5536397465.697352,11.0
2022-06,TSLA,23481878644.912136,3.0
2022-06,TSM,971594023.3232166,83.0
2022-06,TXN,1010295206.2396822,79.0
2022-06,UBER,904668954.610873,92.0
2022-06,UNH,1737314897.6985385,31.0
2022-06,UVXY,1149848376.3095238,69.0
2022-06,V,1516968281.4933414,38.0
2022-06,VEA,897658017.6182944,93.0
2022-06,VOO,2240114273.2952785,23.0
2022-06,VTI,999158682.4927436,81.0
2022-06,VZ,1178549002.7018168,63.0
2022-06,WFC,1115477373.701695,74.0
2022-06,WMT,1278954379.4489543,56.0
2022-06,XBI,1122166299.2404635,72.0
2022-06,XLE,2814915378.4630547,17.0
2022-06,XLF,2399666751.431753,21.0
2022-06,XLI,1159729863.937269,66.0
2022-06,XLK,1554369921.8781486,35.0
2022-06,XLP,1547854126.2491136,36.0
2022-06,XLU,1384898820.7867334,49.0
2022-06,XLV,1731126284.4738672,32.0
2022-06,XLY,1370110814.7036598,51.0
2022-06,XOM,2649074008.204251,19.0
2022-06,XYZ,1675748373.2145278,33.0
2022-07,AAPL,13275321705.145021,4.0
2022-07,ABBV,987875253.1357539,77.0
2022-07,ABNB,880614676.4350286,87.0
2022-07,ADBE,1205118255.595858,51.0
2022-07,AGG,831106693.0556887,93.0
2022-07,AMAT,794435574.3514531,100.0
2022-07,AMD,9538907025.685509,7.0
2022-07,AMZN,10275678291.43983,5.0
2022-07,ARKK,1423639733.9645689,35.0
2022-07,AVGO,1273755599.2493403,45.0
2022-07,BA,1451153023.6571538,33.0
2022-07,BABA,2841677870.0262403,15.0
2022-07,BAC,1601383960.5555792,29.0
2022-07,BKNG,871279083.2401457,88.0
2022-07,BMY,994891554.5903887,75.0
2022-07,BRK-A,1018339526.9841269,70.0
2022-07,BRK-B,1287713154.0490046,43.0
2022-07,C,1181313526.81074,55.0
2022-07,CMCSA,1008482075.5608037,73.0
2022-07,COIN,1014100726.7485422,71.0
2022-07,COP,817335529.6698555,94.0
2022-07,COST,1411817117.4132333,36.0
2022-07,CRM,1294600688.9353435,42.0
2022-07,CSCO,1086005704.8410022,63.0
2022-07,CVX,1704201081.0019357,27.0
2022-07,DIA,1368649663.3708167,39.0
2022-07,DIS,1263538945.4304166,46.0
2022-07,DVN,797084243.8286252,99.0
2022-07,EEM,1923183015.9340088,24.0
2022-07,EFA,1865421779.5533316,25.0
2022-07,FXI,1194835941.7725215,53.0
2022-07,GLD,1257177497.8160312,47.0
2022-07,GOOG,3615932542.519439,13.0
2022-07,GOOGL,4379251284.513625,12.0
2022-07,HD,1196102413.3264935,52.0
2022-07,HYG,3486478742.9123287,14.0
2022-07,IEFA,937270873.2556843,80.0
2022-07,IEMG,881668865.2720618,86.0
2022-07,INTC,1554654604.3388004,31.0
2022-07,IVV,2500844880.951412,18.0
2022-07,IWM,5411661279.597207,10.0
2022-07,JNJ,1217186510.3505938,50.0
2022-07,JNK,1136255327.9209561,58.0
2022-07,JPM,1576420981.0038612,30.0
2022-07,KO,1104600512.2160835,62.0
2022-07,LLY,884317285.6998988,84.0
2022-07,LQD,2197586081.6674247,21.0
2022-07,MA,1049348109.5928373,66.0
2022-07,META,5720918356.476193,9.0
2022-07,MRK,1047042900.9616549,68.0
2022-07,MRNA,815643721.031843,95.0
2022-07,MSFT,8080740345.590767,8.0
2022-07,MU,1156130217.0437768,57.0
2022-07,NFLX,2231040575.721347,20.0
2022-07,NIO,1182142173.7100995,54.0
2022-07,NKE,836891939.3351358,91.0
2022-07,NOW,832133178.8671584,92.0
2022-07,NVDA,9631740332.26537,6.0
2022-07,OXY,1722849991.5958102,26.0
2022-07,PANW,798263166.4124988,98.0
2022-07,PEP,884051981.0950385,85.0
2022-07,PFE,1131319713.273754,59.0
2022-07,PG,1106134908.7240553,61.0
2022-07,PYPL,1242555302.988991,48.0
2022-07,QCOM,1339541988.714866,41.0
2022-07,QQQ,21581984090.129013,3.0
2022-07,RBLX,1084547631.572911,64.0
2022-07,SHOP,1542988162.9284754,32.0
2022-07,SNAP,804346369.3602365,97.0
2022-07,SNOW,1115498980.1882184,60.0
2022-07,SPGI,894683239.0533394,82.0
2022-07,SPY,37362442975.395515,1.0
2022-07,T,844703261.7826674,90.0
2022-07,TGT,1011855625.2137442,72.0
2022-07,TLT,2293448584.3082128,19.0
2022-07,TQQQ,5230242100.135182,11.0
2022-07,TSLA,22657998238.41313,2.0
2022-07,TSM,892959670.9221128,83.0
2022-07,TXN,971649325.3860474,78.0
2022-07,UBER,815570597.3854792,96.0
2022-07,UNH,1695991207.403516,28.0
2022-07,UVXY,993894363.1349206,76.0
2022-07,V,1378551310.0811913,37.0
2022-07,VEA,844818309.0335422,89.0
2022-07,VOO,2074351070.4485211,22.0
2022-07,VTI,912329575.9719365,81.0
2022-07,VZ,1043571864.646736,69.0
2022-07,WFC,968161216.1245073,79.0
2022-07,WMT,1240820204.7430675,49.0
2022-07,XBI,1047288991.327086,67.0
2022-07,XLE,2662291886.3654366,16.0
2022-07,XLF,2048385541.7189643,23.0
2022-07,XLI,1006992975.683073,74.0
2022-07,XLK,1285506723.9819965,44.0
2022-07,XLP,1341318078.9249723,40.0
2022-07,XLU,1164148377.9224577,56.0
2022-07,XLV,1372808994.6815128,38.0
2022-07,XLY,1058795616.2797474,65.0
2022-07,XOM,2568768878.286719,17.0
2022-07,XYZ,1425457319.170858,34.0
2022-08,AAPL,11117337802.997723,4.0
2022-08,ABBV,814733006.1371577,78.0
2022-08,ABNB,723466595.8172026,98.0
2022-08,ADBE,1043990768.2058183,49.0
2022-08,AMAT,717648926.5410287,100.0
2022-08,AMC,746192066.0299162,93.0
2022-08,AMD,7694692116.277107,7.0
2022-08,AMZN,8003207949.871729,6.0
2022-08,ARKK,1161286907.8728025,38.0
2022-08,AVGO,1026920520.4623995,52.0
2022-08,BA,1304594112.1373253,32.0
2022-08,BABA,2808231117.8734674,15.0
2022-08,BAC,1370450101.3491163,31.0
2022-08,BKNG,771365701.850104,83.0
2022-08,BMY,776046952.3585244,81.0
2022-08,BRK-A,1003769404.7619047,57.0
2022-08,BRK-B,1153515472.1193829,39.0
2022-08,C,958871333.7785145,62.0
2022-08,CMCSA,895388690.5486424,69.0
2022-08,COIN,993550403.1725748,58.0
2022-08,COP,749682349.8020838,90.0
2022-08,COST,1131887822.6237948,42.0
2022-08,CRM,1137058593.7096975,41.0
2022-08,CSCO,898872384.3098232,68.0
2022-08,CVX,1479586486.601863,26.0
2022-08,DIA,1004125961.5914966,56.0
2022-08,DIS,1204181040.0212486,35.0
2022-08,DVN,769235125.5158802,84.0
2022-08,EEM,1566517096.913952,24.0
2022-08,EFA,1394910134.5196195,29.0
2022-08,ENPH,764142089.2782544,85.0
2022-08,F,816804826.8630875,77.0
2022-08,FXI,1084652941.2107224,45.0
2022-08,GLD,1011336321.4215959,55.0
2022-08,GOOG,3012287904.9988155,13.0
2022-08,GOOGL,3662006231.005278,12.0
2022-08,GS,738203980.0593301,95.0
2022-08,HD,1041001888.6445545,50.0
2022-08,HYG,2966548943.0767846,14.0
2022-08,IEF,760593613.4965684,86.0
2022-08,INTC,1449011997.81575,28.0
2022-08,IVV,2061841612.2508216,19.0
2022-08,IWM,4393774489.547608,11.0
2022-08,JNJ,1164739377.9517279,37.0
2022-08,JNK,1035199084.4144548,51.0
2022-08,JPM,1391282484.22263,30.0
2022-08,KO,830332317.8511604,75.0
2022-08,LLY,847516168.9054459,73.0
2022-08,LQD,2100403657.2239468,18.0
2022-08,MA,905715835.6568836,67.0
2022-08,META,4781841571.09576,9.0
2022-08,MMM,928628057.6288652,65.0
2022-08,MRK,878634831.7208548,72.0
2022-08,MRNA,756677103.8932558,87.0
2022-08,MSFT,6787572837.89329,8.0
2022-08,MU,1026037413.9104267,53.0
2022-08,NFLX,1976753597.0825622,20.0
2022-08,NIO,1056563698.4463253,48.0
2022-08,NKE,749576255.0229753,91.0
2022-08,NOW,746385319.582924,92.0
2022-08,NVDA,8810888420.459959,5.0
2022-08,OXY,1719499196.7236655,22.0
2022-08,PDD,778277368.3103471,80.0
2022-08,PEP,722398273.6793396,99.0
2022-08,PFE,941008963.9231485,64.0
2022-08,PG,974142425.122361,60.0
2022-08,PYPL,1220828712.323761,33.0
2022-08,QCOM,1142907251.3984802,40.0
2022-08,QQQ,16846946149.379185,3.0
2022-08,RBLX,1016226282.713448,54.0
2022-08,ROKU,819218059.2244345,76.0
2022-08,SHOP,1197896253.0206952,36.0
2022-08,SNOW,1102345831.9488888,44.0
2022-08,SPY,29834949863.85624,1.0
2022-08,TGT,752013477.550543,88.0
2022-08,TLT,1915166223.0906775,21.0
2022-08,TQQQ,4556961913.557283,10.0
2022-08,TSLA,22102000894.872227,2.0
2022-08,TSM,951603119.7842553,63.0
2022-08,TXN,891272186.0894824,70.0
2022-08,UBER,751817062.0051036,89.0
2022-08,UNH,1522636144.4858127,25.0
2022-08,UVXY,734739194.4047619,96.0
2022-08,V,1214646672.4218943,34.0
2022-08,VOO,1660287005.5883014,23.0
2022-08,VTI,728909497.643389,97.0
2022-08,VZ,924375516.9370681,66.0
2022-08,WFC,771653709.2931596,82.0
2022-08,WMT,1069419730.9788659,46.0
2022-08,XBI,981569043.9286973,59.0
2022-08,XLE,2228214995.4231505,16.0
2022-08,XLF,1478978613.3418128,27.0
2022-08,XLI,741274879.005202,94.0
2022-08,XLK,959247387.1436225,61.0
2022-08,XLP,840948907.7727666,74.0
2022-08,XLU,882870691.0198636,71.0
2022-08,XLV,1061672702.1745591,47.0
2022-08,XLY,801549342.2674028,79.0
2022-08,XOM,2162847212.4833,17.0
2022-08,XYZ,1119305717.1829405,43.0
2022-09,AAPL,12323483245.513311,4.0
2022-09,ABBV,789041908.5981823,77.0
2022-09,ADBE,1226587366.6259766,34.0
2022-09,AGG,681655099.8778813,100.0
2022-09,AMD,6802734224.8960705,7.0
2022-09,AMZN,7297179959.477549,6.0
2022-09,ARKK,1062920307.0114317,45.0
2022-09,AVGO,1082657211.9835749,43.0
2022-09,BA,1142195394.0089755,39.0
2022-09,BABA,2039823373.4372215,17.0
2022-09,BAC,1298335150.9198506,30.0
2022-09,BKNG,739209583.4589761,86.0
2022-09,BMY,699640430.504487,95.0
2022-09,BRK-A,1066452730.1587301,44.0
2022-09,BRK-B,1106770851.5474834,42.0
2022-09,C,904897895.9355551,66.0
2022-09,CMCSA,915044687.5837427,65.0
2022-09,COIN,986882591.4916629,52.0
2022-09,COP,705678900.0328306,93.0
2022-09,COST,1118204618.860493,40.0
2022-09,CRM,1019903056.826976,49.0
2022-09,CSCO,833896933.4732177,74.0
2022-09,CVX,1397722877.0043268,25.0
2022-09,DIA,968865820.2993242,56.0
2022-09,DIS,1184649502.8605506,36.0
2022-09,DVN,722711582.1393452,89.0
2022-09,EEM,1481433320.0605178,24.0
2022-09,EFA,1315498868.6948988,28.0
2022-09,ENPH,982344162.3140365,54.0
2022-09,F,946246863.2784753,60.0
2022-09,FXI,933669635.9435006,62.0
2022-09,GLD,949613420.6992255,59.0
2022-09,GOOG,2769215803.7285576,13.0
2022-09,GOOGL,3298646182.3023963,12.0
2022-09,GS,686157836.253575,99.0
2022-09,HD,991902483.5878402,50.0
2022-09,HYG,2734405253.6041865,14.0
2022-09,IEFA,688669462.6140534,98.0
2022-09,INTC,1366829546.8825445,26.0
2022-09,IVV,1873045344.6725028,20.0
2022-09,IWM,4470093530.901494,10.0
2022-09,JNJ,1161938839.8996747,38.0
2022-09,JNK,951770644.1531832,58.0
2022-09,JPM,1334293534.163581,27.0
2022-09,KO,785198004.5978849,78.0
2022-09,LLY,864811262.4122741,70.0
2022-09,LOW,712976568.8913981,91.0
2022-09,LQD,2088369432.3577275,16.0
2022-09,MA,860263722.9921371,72.0
2022-09,META,4442067582.150462,11.0
2022-09,MMM,1250051880.0958257,32.0
2022-09,MRK,729248890.0744967,88.0
2022-09,MRNA,738045411.4018273,87.0
2022-09,MSFT,6504962756.72869,8.0
2022-09,MU,974308023.2061719,55.0
2022-09,NFLX,2297616398.5536366,15.0
2022-09,NIO,860586756.6047759,71.0
2022-09,NKE,766160211.4611187,80.0
2022-09,NOW,742968658.317021,84.0
2022-09,NVDA,8745179261.694227,5.0
2022-09,OXY,1604380208.8054657,22.0
2022-09,PANW,717470452.3008317,90.0
2022-09,PEP,750573644.3809388,81.0
2022-09,PFE,855243814.61485,73.0
2022-09,PG,921217500.5437216,64.0
2022-09,PYPL,1221005144.4602723,35.0
2022-09,QCOM,1034461281.7477393,47.0
2022-09,QQQ,16930738726.703463,3.0
2022-09,RBLX,960236118.3096689,57.0
2022-09,ROKU,749650777.5795105,82.0
2022-09,SHOP,1026273566.6816438,48.0
2022-09,SNOW,1162035768.085177,37.0
2022-09,SPY,30052947560.73066,1.0
2022-09,T,693409817.6624312,97.0
2022-09,TLT,1916878659.8425002,19.0
2022-09,TQQQ,4636935291.60033,9.0
2022-09,TSLA,20637238400.586445,2.0
2022-09,TSM,939468955.6318616,61.0
2022-09,TXN,901464296.4955405,67.0
2022-09,UBER,769677046.8125721,79.0
2022-09,UNH,1307356109.2353458,29.0
2022-09,UVXY,741147029.8412699,85.0
2022-09,V,1242249849.6269832,33.0
2022-09,VEA,704323404.6687958,94.0
2022-09,VOO,1591887910.8358233,23.0
2022-09,VTI,711183899.6169317,92.0
2022-09,VZ,901072929.6278696,68.0
2022-09,WFC,695875589.1427842,96.0
2022-09,WMT,1039584504.9714224,46.0
2022-09,XBI,983970764.3574669,53.0
2022-09,XLE,1978099248.5486228,18.0
2022-09,XLF,1296344738.7065282,31.0
2022-09,XLI,745640713.3453248,83.0
2022-09,XLK,925132122.2109476,63.0
2022-09,XLP,826538936.1107236,75.0
2022-09,XLU,883224789.5112659,69.0
2022-09,XLV,1110690626.473321,41.0
2022-09,XLY,802069625.8901687,76.0
2022-09,XOM,1789022006.6872249,21.0
2022-09,XYZ,988323118.3715396,51.0
2022-10,AAPL,13025222889.611477,4.0
2022-10,ABBV,755414133.0330017,90.0
2022-10,ADBE,1322717565.1537697,30.0
2022-10,AGG,696359447.8609842,100.0
2022-10,AMAT,732078623.5384502,94.0
2022-10,AMD,6299897217.545931,8.0
2022-10,AMZN,7222257761.808656,6.0
2022-10,ARKK,995606815.5593206,50.0
2022-10,AVGO,1109539100.38721,42.0
2022-10,BA,1004710334.88095,48.0
2022-10,BABA,1714312327.3053124,21.0
2022-10,BAC,1379557623.0014591,28.0
2022-10,BKNG,719859486.6580055,95.0
2022-10,BRK-A,1139176279.3650794,40.0
2022-10,BRK-B,1135583156.0257201,41.0
2022-10,C,820773478.743538,76.0
2022-10,CMCSA,906906085.8658588,65.0
2022-10,COIN,945569680.381012,57.0
2022-10,COP,790644552.3396205,81.0
2022-10,COST,1062663005.5121528,46.0
2022-10,CRM,1091594628.2716298,44.0
2022-10,CSCO,851508683.7033771,72.0
2022-10,CVX,1448532132.2763352,26.0
2022-10,DIA,1094882095.5851238,43.0
2022-10,DIS,1150860868.21765,38.0
2022-10,DVN,759586926.7328414,87.0
2022-10,EEM,1457019389.6136572,24.0
2022-10,EFA,1432873503.3766127,27.0
2022-10,ENPH,1065182826.1679513,45.0
2022-10,F,943237322.2856067,59.0
2022-10,FXI,903425999.7506368,66.0
2022-10,GLD,898059899.3427579,67.0
2022-10,GOOG,2517152691.5050807,15.0
2022-10,GOOGL,2928730890.6752815,12.0
2022-10,HD,1019615472.041781,47.0
2022-10,HYG,2849745081.4090304,13.0
2022-10,IEFA,742323283.87938,91.0
2022-10,INTC,1263630492.872432,33.0
2022-10,IVV,1880480941.8998113,19.0
2022-10,IWM,4854623230.096557,11.0
2022-10,JNJ,1197135003.3316233,37.0
2022-10,JNK,933913206.2534271,61.0
2022-10,JPM,1449572613.1554618,25.0
2022-10,KO,790872802.7246687,80.0
2022-10,LLY,922207645.7266672,63.0
2022-10,LOW,740786864.1788543,92.0
2022-10,LQD,2128535450.5030434,16.0
2022-10,LRCX,756236577.1262153,89.0
2022-10,MA,897600084.3662323,68.0
2022-10,META,4874298848.976305,10.0
2022-10,MMM,1236402698.5260837,35.0
2022-10,MRK,769898577.751644,84.0
2022-10,MRNA,714156035.6928023,96.0
2022-10,MSFT,6694504799.124872,7.0
2022-10,MU,1003004407.8848823,49.0
2022-10,NFLX,2767247379.6785445,14.0
2022-10,NIO,792528636.6901852,79.0
2022-10,NKE,811274859.2846704,77.0
2022-10,NOW,733783654.4420152,93.0
2022-10,NVDA,8322910871.459112,5.0
2022-10,OXY,1600483963.4828174,22.0
2022-10,PANW,702945478.8897802,98.0
2022-10,PDD,765231730.0782219,85.0
2022-10,PEP,830897209.4723898,74.0
2022-10,PFE,887480297.5905403,69.0
2022-10,PG,885724565.604776,70.0
2022-10,PYPL,1239086046.0856483,34.0
2022-10,QCOM,924182604.7650898,62.0
2022-10,QQQ,17059064637.022425,3.0
2022-10,RBLX,857257908.7425293,71.0
2022-10,SHOP,979665062.3349174,52.0
2022-10,SNOW,1206262786.4434137,36.0
2022-10,SPY,32675002702.425323,1.0
2022-10,T,757447353.7418698,88.0
2022-10,TLT,2060465816.8661087,18.0
2022-10,TMO,704325392.5715371,97.0
2022-10,TQQQ,4895896582.365853,9.0
2022-10,TSLA,19067595929.581318,2.0
2022-10,TSM,953606475.3001986,55.0
2022-10,TXN,960866883.0843245,53.0
2022-10,UBER,774037749.6232623,82.0
2022-10,UNH,1302331472.5894988,31.0
2022-10,V,1290328493.1313894,32.0
2022-10,VEA,762869804.5693655,86.0
2022-10,VOO,1600199555.5382137,23.0
2022-10,VTI,773231456.6863286,83.0
2022-10,VZ,915005375.2146766,64.0
2022-10,WFC,700060801.5375289,99.0
2022-10,WMT,952702507.4691954,56.0
2022-10,XBI,938721105.2225022,60.0
2022-10,XLE,2067807086.6704426,17.0
2022-10,XLF,1349450385.739702,29.0
2022-10,XLI,793841539.8066202,78.0
2022-10,XLK,958579052.5873214,54.0
2022-10,XLP,825749451.6202048,75.0
2022-10,XLU,982195808.6803315,51.0
2022-10,XLV,1142234101.563929,39.0
2022-10,XLY,831713440.2291192,73.0
2022-10,XOM,1878071965.4808288,20.0
2022-10,XYZ,944952772.4660238,58.0
2022-11,AAPL,13336173200.52972,4.0
2022-11,ABBV,819146011.8600028,82.0
2022-11,ADBE,1366207540.149168,31.0
2022-11,AGG,729185520.7323468,100.0
2022-11,AMAT,767671045.4858326,93.0
2022-11,AMD,5701588897.841409,8.0
2022-11,AMZN,8006946949.958922,5.0
2022-11,ARKK,952769181.3530452,56.0
2022-11,AVGO,1159040627.6486714,42.0
2022-11,BA,1130660979.660894,44.0
2022-11,BABA,1826608949.3133788,21.0
2022-11,BAC,1379515160.4991217,30.0
2022-11,BRK-A,1218338920.6349206,35.0
2022-11,BRK-B,1175934184.5928373,40.0
2022-11,C,836394501.3560885,81.0
2022-11,CMCSA,909978130.9919589,61.0
2022-11,COIN,844808575.0223736,79.0
2022-11,COP,869524588.029819,70.0
2022-11,COST,1067139812.1514698,46.0
2022-11,CRM,1094330348.0503142,45.0
2022-11,CSCO,865426466.4768219,73.0
2022-11,CVX,1487043381.7065284,27.0
2022-11,DHR,734114467.1246725,98.0
2022-11,DIA,1284850192.1466646,33.0
2022-11,DIS,1283565683.411262,34.0
2022-11,DVN,768364026.7484089,92.0
2022-11,EEM,1639085223.1494663,22.0
2022-11,EFA,1585404684.9775405,25.0
2022-11,ENPH,1151255406.2626915,43.0
2022-11,F,854638007.4514344,78.0
2022-11,FXI,1011888220.7537938,51.0
2022-11,GLD,931192927.4981786,57.0
2022-11,GOOG,2686042062.6520066,15.0
2022-11,GOOGL,3119190128.2688684,12.0
2022-11,GS,777549378.0595567,90.0
2022-11,HD,1207549622.2298274,37.0
2022-11,HYG,2926184675.831689,14.0
2022-11,IEFA,866225465.4120188,72.0
2022-11,IEMG,785269362.2415997,89.0
2022-11,INTC,1190713791.1680312,39.0
2022-11,IVV,1877101045.502387,20.0
2022-11,IWM,5026963040.719411,10.0
2022-11,JNJ,1192087819.6048796,38.0
2022-11,JNK,904657337.8295171,63.0
2022-11,JPM,1502824506.4090183,26.0
2022-11,KO,855413782.9910218,77.0
2022-11,LLY,1042332055.0876193,48.0
2022-11,LQD,2143247772.3550706,18.0
2022-11,LRCX,803471329.0144905,85.0
2022-11,MA,923838466.885376,58.0
2022-11,MCD,808582364.1819303,83.0
2022-11,META,5327988537.227594,9.0
2022-11,MRK,868192562.4127343,71.0
2022-11,MSFT,7077849578.847007,7.0
2022-11,MU,1012357071.4326888,50.0
2022-11,NFLX,3087819069.98819,13.0
2022-11,NIO,802693285.293016,86.0
2022-11,NKE,858133579.9508958,74.0
2022-11,NVDA,7794857367.011495,6.0
2022-11,OXY,1329123949.5508344,32.0
2022-11,PDD,776536910.9853472,91.0
2022-11,PEP,899894481.4623636,64.0
2022-11,PFE,920359200.9729476,59.0
2022-11,PG,913845992.1261742,60.0
2022-11,PYPL,1208202167.6351397,36.0
2022-11,QCOM,994351741.5849353,54.0
2022-11,QQQ,17412387748.227898,3.0
2022-11,SBUX,746493643.0573237,97.0
2022-11,SHOP,893544022.1180477,66.0
2022-11,SNOW,1009329639.1566322,53.0
2022-11,SPY,34878345743.80198,1.0
2022-11,T,798523525.4800736,88.0
2022-11,TGT,730345885.8241974,99.0
2022-11,TLT,2183163049.1604757,17.0
2022-11,TMO,801114401.2066069,87.0
2022-11,TMUS,764918463.4795415,94.0
2022-11,TQQQ,5004559952.978186,11.0
2022-11,TSLA,17817417073.810516,2.0
2022-11,TSM,1061322792.9305122,47.0
2022-11,TXN,1009622664.490933,52.0
2022-11,UBER,752285042.9760948,96.0
2022-11,UNH,1598637472.7271671,24.0
2022-11,V,1432892123.5728915,29.0
2022-11,VEA,807582347.8166307,84.0
2022-11,VOO,1598830966.2388394,23.0
2022-11,VTI,856107208.3315169,76.0
2022-11,VZ,906445563.4603833,62.0
2022-11,WFC,764219064.4147238,95.0
2022-11,WMT,897504516.6898092,65.0
2022-11,XBI,885068832.1794661,68.0
2022-11,XLE,2215750562.743535,16.0
2022-11,XLF,1437092398.8347826,28.0
2022-11,XLI,890337369.5241898,67.0
2022-11,XLK,964918676.7945789,55.0
2022-11,XLP,839874869.6466961,80.0
2022-11,XLU,1029708193.4845879,49.0
2022-11,XLV,1172346101.4096577,41.0
2022-11,XLY,857553802.6132977,75.0
2022-11,XOM,1957206232.277534,19.0
2022-11,XYZ,882754856.036377,69.0
2022-12,AAPL,11951565984.717669,4.0
2022-12,ABBV,803942469.5778983,80.0
2022-12,ADBE,1100720051.9348145,44.0
2022-12,AGG,753540182.7229939,90.0
2022-12,AMAT,772013824.621364,87.0
2022-12,AMD,4965169321.265757,9.0
2022-12,AMGN,759070271.5044779,89.0
2022-12,AMZN,7814394153.80123,5.0
2022-12,ARKK,887748916.7491974,63.0
2022-12,ASML,700747760.2273123,100.0
2022-12,AVGO,1180455392.8140912,38.0
2022-12,BA,1204969191.0343957,36.0
2022-12,BABA,1980992292.0375764,19.0
2022-12,BAC,1396822612.4878688,30.0
2022-12,BRK-A,1333978517.4603174,33.0
2022-12,BRK-B,1162079465.2448382,39.0
2022-12,C,811744402.437422,76.0
2022-12,CMCSA,862775297.4597732,69.0
2022-12,COIN,739930322.6451693,92.0
2022-12,COP,820256017.7915543,73.0
2022-12,COST,1089828023.2956176,45.0
2022-12,CRM,1266953687.231058,34.0
2022-12,CSCO,875519891.6998485,66.0
2022-12,CVX,1378577601.274787,31.0
2022-12,DIA,1418295834.7678049,29.0
2022-12,DIS,1364112874.5729356,32.0
2022-12,EEM,1593734818.052431,23.0
2022-12,EFA,1540644713.3871593,24.0
2022-12,ENPH,1089004477.4846153,46.0
2022-12,F,724036544.3791388,96.0
2022-12,FXI,1114157842.42597,41.0
2022-12,GDX,717821490.6169438,97.0
2022-12,GLD,868682696.7620608,68.0
2022-12,GOOG,2541988622.8244843,15.0
2022-12,GOOGL,3002307688.236818,13.0
2022-12,GS,811248338.6376275,77.0
2022-12,HD,1231072315.1960585,35.0
2022-12,HYG,2742455215.689886,14.0
2022-12,IEFA,790777444.3951622,86.0
2022-12,IEMG,736603226.5729328,93.0
2022-12,INTC,1113478377.3363144,42.0
2022-12,IVV,1822605177.2172232,21.0
2022-12,IWM,4641448728.221275,10.0
2022-12,JNJ,1116087409.851801,40.0
2022-12,JNK,814626715.8338517,74.0
2022-12,JPM,1481742556.9617376,26.0
2022-12,KO,803406984.9398416,81.0
2022-12,LLY,1004432623.799642,49.0
2022-12,LQD,1975474670.5077763,20.0
2022-12,LRCX,804931241.8189275,78.0
2022-12,MA,911884152.1155947,58.0
2022-12,MCD,799853344.9404036,83.0
2022-12,META,5056362503.547899,8.0
2022-12,MRK,962957199.7523233,51.0
2022-12,MRNA,935713869.8673309,56.0
2022-12,MSFT,7140002047.186715,7.0
2022-12,MU,953320418.4068226,54.0
2022-12,MUB,716545452.5844393,98.0
2022-12,NFLX,3148314711.7216926,12.0
2022-12,NKE,881657073.795367,64.0
2022-12,NVDA,7363643899.213852,6.0
2022-12,OXY,1041505842.4571991,48.0
2022-12,PDD,851225693.7332032,72.0
2022-12,PEP,875195620.023237,67.0
2022-12,PFE,996562108.400805,50.0
2022-12,PG,912392689.1537863,57.0
2022-12,PYPL,1191636387.152584,37.0
2022-12,QCOM,958530061.4770557,52.0
2022-12,QQQ,15821529058.658806,3.0
2022-12,SHOP,854577619.8695167,70.0
2022-12,SNOW,881518600.2810887,65.0
2022-12,SPY,33531600862.330505,1.0
2022-12,T,792036496.7299886,85.0
2022-12,TGT,733951366.9967409,94.0
2022-12,TLT,2235911567.5624666,16.0
2022-12,TMO,813141577.458748,75.0
2022-12,TMUS,768761347.1915593,88.0
2022-12,TQQQ,4545959184.421327,11.0
2022-12,TSLA,18632511438.09266,2.0
2022-12,TSM,1109912356.626644,43.0
2022-12,TXN,955436616.7094398,53.0
2022-12,UNH,1601431709.7843716,22.0
2022-12,V,1459856175.2510676,27.0
2022-12,VEA,732880359.3512036,95.0
2022-12,VOO,1522353423.512583,25.0
2022-12,VTI,851760990.7182239,71.0
2022-12,VZ,937505719.4964999,55.0
2022-12,WFC,804346290.662923,79.0
2022-12,WMT,899687095.7953135,60.0
2022-12,XBI,795969944.156562,84.0
2022-12,XLE,2082262698.6578078,17.0
2022-12,XLF,1425300661.2412317,28.0
2022-12,XLI,911273189.5122831,59.0
2022-12,XLK,898306940.1442754,61.0
2022-12,XLP,715236395.5807399,99.0
2022-12,XLU,898187419.4489797,62.0
2022-12,XLV,1066776717.7585905,47.0
2022-12,XLY,751996227.0877535,91.0
2022-12,XOM,1992044682.2921875,18.0
2022-12,XYZ,800350428.455044,82.0
2023-01,AAPL,10971011349.871584,4.0
2023-01,ABBV,852483821.8473405,68.0
2023-01,ADBE,995445823.930916,51.0
2023-01,AGG,790849141.0340687,81.0
2023-01,AMAT,708599936.9511559,95.0
2023-01,AMD,4373805129.064172,8.0
2023-01,AMGN,731131765.8822196,92.0
2023-01,AMZN,7652834410.017396,5.0
2023-01,ARKK,868751884.0333091,64.0
2023-01,ASML,685449587.8672767,99.0
2023-01,AVGO,1258382787.1889992,37.0
2023-01,BA,1351814888.003104,34.0
2023-01,BABA,2185236496.4767213,16.0
2023-01,BAC,1342535150.4699223,35.0
2023-01,BKNG,686166020.8363004,98.0
2023-01,BRK-A,1600804496.8253968,24.0
2023-01,BRK-B,1138890938.029601,42.0
2023-01,C,854038411.6544088,67.0
2023-01,CAT,776355184.8941864,84.0
2023-01,CMCSA,831994861.2049631,73.0
2023-01,COIN,763160906.5484607,89.0
2023-01,COP,728360484.8384433,93.0
2023-01,COST,1079006258.2205637,44.0
2023-01,CRM,1421406441.2275767,31.0
2023-01,CSCO,860622281.998486,66.0
2023-01,CVS,688678957.5115385,97.0
2023-01,CVX,1460676354.2231,27.0
2023-01,DIA,1398127573.775131,32.0
2023-01,DIS,1456507900.223844,29.0
2023-01,EEM,1667914244.445268,23.0
2023-01,EFA,1489069788.284223,25.0
2023-01,ENPH,1038956291.9721574,46.0
2023-01,FXI,1228740131.4010227,38.0
2023-01,GDX,763373943.3172286,88.0
2023-01,GLD,924908391.6449169,58.0
2023-01,GOOG,2461302737.4242992,15.0
2023-01,GOOGL,2984765701.95258,12.0
2023-01,GS,978262154.446508,54.0
2023-01,HD,1272321512.5086708,36.0
2023-01,HYG,2530342513.1399245,14.0
2023-01,IEFA,819775552.6239305,78.0
2023-01,IEMG,825044285.1576911,76.0
2023-01,INTC,1108577678.8628352,43.0
2023-01,INTU,681368493.7178354,100.0
2023-01,IVV,1771451979.971798,21.0
2023-01,IWM,4204046559.455266,10.0
2023-01,JNJ,1203469066.1496117,40.0
2023-01,JNK,774073344.6980795,85.0
2023-01,JPM,1389360956.1381748,33.0
2023-01,KO,776563399.5556302,83.0
2023-01,LLY,1011900616.2756057,48.0
2023-01,LQD,1931416920.6463406,18.0
2023-01,MA,983693947.9914105,53.0
2023-01,MCD,772511838.8089619,86.0
2023-01,META,4354230600.857725,9.0
2023-01,MRK,977744006.5550426,55.0
2023-01,MRNA,951667840.4566932,56.0
2023-01,MSFT,7231627859.390841,7.0
2023-01,MU,873856905.9884571,62.0
2023-01,NFLX,2905517000.025431,13.0
2023-01,NKE,876622164.1262721,61.0
2023-01,NVDA,7614457835.329964,6.0
2023-01,OXY,843970639.9899377,72.0
2023-01,PANW,690990738.3045257,96.0
2023-01,PDD,846001712.240752,71.0
2023-01,PEP,827802113.2698423,75.0
2023-01,PFE,1075738402.3547277,45.0
2023-01,PG,983713959.3609765,52.0
2023-01,PYPL,1156229107.4768915,41.0
2023-01,QCOM,997080273.5181535,50.0
2023-01,QQQ,14437419200.21498,3.0
2023-01,SHOP,850330089.9452693,69.0
2023-01,SNOW,791564410.0580245,80.0
2023-01,SPY,32050115664.36012,1.0
2023-01,T,737859260.4513925,91.0
2023-01,TGT,745866140.6815302,90.0
2023-01,TLT,2145850439.5030916,17.0
2023-01,TMO,873608331.6455175,63.0
2023-01,TMUS,770557441.7725579,87.0
2023-01,TQQQ,4010240043.071983,11.0
2023-01,TSLA,21117646504.79723,2.0
2023-01,TSM,1203904291.149218,39.0
2023-01,TXN,928598393.3757721,57.0
2023-01,UNH,1761481886.1363003,22.0
2023-01,V,1451997137.6347134,30.0
2023-01,VOO,1462190505.9447274,26.0
2023-01,VTI,820929032.882642,77.0
2023-01,VZ,922369639.9680305,59.0
2023-01,WFC,828004876.83384,74.0
2023-01,WMT,911616213.5448092,60.0
2023-01,XBI,810671846.381257,79.0
2023-01,XLE,1889325551.1491563,20.0
2023-01,XLF,1458867861.585938,28.0
2023-01,XLI,1029696269.6210588,47.0
2023-01,XLK,866639636.9170173,65.0
2023-01,XLP,726636069.1212245,94.0
2023-01,XLU,784482734.3204923,82.0
2023-01,XLV,1007436078.0642313,49.0
2023-01,XOM,1923777017.3407297,19.0
2023-01,XYZ,847716010.6973133,70.0
2023-02,AAPL,10502341676.893084,4.0
2023-02,ABBV,891617720.7758343,63.0
2023-02,ABNB,694334595.5229018,98.0
2023-02,ADBE,997827960.5100602,50.0
2023-02,AGG,792385984.1023036,79.0
2023-02,AMAT,690197044.9040246,100.0
2023-02,AMD,4186920449.026998,9.0
2023-02,AMZN,6999498763.992976,7.0
2023-02,ARKK,996636687.8251908,51.0
2023-02,AVGO,1302679832.5379992,35.0
2023-02,BA,1305443761.609783,34.0
2023-02,BABA,2171644102.086397,16.0
2023-02,BAC,1325152647.7767582,33.0
2023-02,BKNG,712267864.4044058,97.0
2023-02,BRK-A,1827857682.5396826,20.0
2023-02,BRK-B,1120118358.6844308,42.0
2023-02,C,853414323.4785231,71.0
2023-02,CAT,780155171.5894184,82.0
2023-02,CMCSA,811389243.645675,76.0
2023-02,COIN,892685567.1854715,62.0
2023-02,COP,718205739.4990225,94.0
2023-02,COST,1042997976.3538663,46.0
2023-02,CRM,1471870899.0621417,25.0
2023-02,CSCO,883760275.000339,65.0
2023-02,CVS,725486289.698622,91.0
2023-02,CVX,1470163359.7564454,26.0
2023-02,DIA,1332806302.6388018,32.0
2023-02,DIS,1294026344.7803438,36.0
2023-02,EEM,1584031214.949817,24.0
2023-02,EFA,1418789847.6170857,29.0
2023-02,ENPH,1021480336.535475,48.0
2023-02,F,753615629.8163974,87.0
2023-02,FXI,1200115881.9819708,40.0
2023-02,GDX,714857321.0389334,96.0
2023-02,GLD,959447977.3604378,56.0
2023-02,GOOG,2813042918.2283673,15.0
2023-02,GOOGL,3493091333.926888,12.0
2023-02,GS,941899103.8066561,57.0
2023-02,HD,1207020184.0605721,39.0
2023-02,HYG,2912976032.5213113,13.0
2023-02,IEFA,728608339.1887362,90.0
2023-02,IEMG,785686510.2433523,81.0
2023-02,INTC,1159726010.2864919,41.0
2023-02,IVV,1751910955.7488337,22.0
2023-02,IWM,4097152049.0430803,10.0
2023-02,JNJ,1292794457.8967867,37.0
2023-02,JNK,840590379.4319274,74.0
2023-02,JPM,1335652772.974093,31.0
2023-02,KO,808164991.0681286,77.0
2023-02,LIN,787733438.906812,80.0
2023-02,LLY,1001247877.3265052,49.0
2023-02,LQD,2043118008.5000417,18.0
2023-02,MA,975329112.3419868,53.0
2023-02,MCD,735610908.0826533,88.0
2023-02,META,4778444494.525498,8.0
2023-02,MRK,966662145.4636104,54.0
2023-02,MRNA,914644535.8592684,60.0
2023-02,MSFT,7726368267.399306,6.0
2023-02,MU,840828164.6065,73.0
2023-02,NFLX,2836617826.983376,14.0
2023-02,NKE,865467893.2863387,67.0
2023-02,NVDA,8894795789.653944,5.0
2023-02,OXY,768991136.7832003,85.0
2023-02,PANW,720506723.3008975,93.0
2023-02,PDD,857828775.5944388,68.0
2023-02,PEP,855373585.4737539,70.0
2023-02,PFE,1066754966.0383618,44.0
2023-02,PG,994541812.666999,52.0
2023-02,PYPL,1116325198.5345507,43.0
2023-02,QCOM,965678123.2533046,55.0
2023-02,QQQ,14861303260.615225,3.0
2023-02,SHOP,925861253.3481356,58.0
2023-02,SNOW,802660056.2684801,78.0
2023-02,SPY,32673666183.318752,1.0
2023-02,T,691858950.569168,99.0
2023-02,TLT,2068859200.1278589,17.0
2023-02,TMO,844013952.6013571,72.0
2023-02,TMUS,757813381.9843353,86.0
2023-02,TQQQ,4006697358.276431,11.0
2023-02,TSLA,27527176892.318546,2.0
2023-02,TSM,1208713192.9164827,38.0
2023-02,TXN,917248576.5617249,59.0
2023-02,UBER,723368921.4015567,92.0
2023-02,UNH,1757990773.624287,21.0
2023-02,V,1357688308.9312599,30.0
2023-02,VOO,1460504488.4874132,27.0
2023-02,VTI,734055360.860867,89.0
2023-02,VZ,885673208.5993934,64.0
2023-02,WFC,833811109.8772261,75.0
2023-02,WMT,873376665.6276158,66.0
2023-02,XBI,769836775.7981074,84.0
2023-02,XLE,1661636273.3536856,23.0
2023-02,XLF,1452481413.0106487,28.0
2023-02,XLI,1046303479.8389859,45.0
2023-02,XLK,896156290.9255981,61.0
2023-02,XLP,718002949.277569,95.0
2023-02,XLU,770234796.7028179,83.0
2023-02,XLV,1022122972.4561903,47.0
2023-02,XOM,1889458080.8644733,19.0
2023-02,XYZ,856595369.6705531,69.0
2023-03,AAPL,10134044703.118532,5.0
2023-03,ABBV,962868167.0059446,60.0
2023-03,ADBE,1071577543.8717797,50.0
2023-03,AGG,762263964.0548828,93.0
2023-03,AMAT,752857480.0403534,95.0
2023-03,AMD,5153004212.117465,10.0
2023-03,AMZN,6618687503.8549385,7.0
2023-03,ARKK,1092108003.0957177,48.0
2023-03,AVGO,1378387435.7608614,33.0
2023-03,BA,1303711474.0895588,37.0
2023-03,BABA,2393010887.569839,17.0
2023-03,BAC,1757211650.4048908,24.0
2023-03,BIL,756506759.412808,94.0
2023-03,BKNG,801335027.7228582,84.0
2023-03,BRK-A,2073945201.5873015,19.0
2023-03,BRK-B,1194617334.5387776,42.0
2023-03,C,982299244.5204841,57.0
2023-03,CAT,802623787.5389705,83.0
2023-03,CMCSA,738526504.5508738,98.0
2023-03,COIN,1236367992.9506574,41.0
2023-03,COST,956126996.3675847,62.0
2023-03,CRM,1533450264.77029,27.0
2023-03,CSCO,897532609.9520729,71.0
2023-03,CVS,773019060.5642651,89.0
2023-03,CVX,1483990352.0130703,29.0
2023-03,DIA,1297775403.2337976,38.0
2023-03,DIS,1127383929.8375328,47.0
2023-03,EEM,1465183584.2751398,30.0
2023-03,EFA,1485072696.850138,28.0
2023-03,ENPH,923766122.4491422,67.0
2023-03,F,857620196.9514347,75.0
2023-03,FXI,1088548697.0013058,49.0
2023-03,GDX,738215366.4761982,99.0
2023-03,GLD,1287724055.0766475,39.0
2023-03,GOOG,3119043319.540817,14.0
2023-03,GOOGL,3844717520.8288403,12.0
2023-03,GS,1032485481.7238944,53.0
2023-03,HD,1179330112.2796438,44.0
2023-03,HYG,3441080622.1591887,13.0
2023-03,IEF,893231325.3393991,72.0
2023-03,IEFA,744042524.2530944,97.0
2023-03,IEMG,746738314.9131653,96.0
2023-03,INTC,1325306604.7375934,35.0
2023-03,IVV,1787758850.176566,23.0
2023-03,IWM,5183070035.313488,9.0
2023-03,JNJ,1316902884.4678364,36.0
2023-03,JNK,902724093.875328,68.0
2023-03,JPM,1814166391.774423,22.0
2023-03,KO,835076831.249122,79.0
2023-03,KRE,931931210.3145418,65.0
2023-03,LIN,878681123.4654502,73.0
2023-03,LLY,1058267946.1102682,51.0
2023-03,LQD,2469476156.3308473,16.0
2023-03,MA,1041328850.4189627,52.0
2023-03,META,5552173433.461701,8.0
2023-03,MRK,946067671.4931185,63.0
2023-03,MS,735335891.7297,100.0
2023-03,MSFT,8324249195.745074,6.0
2023-03,MU,900566837.7780793,69.0
2023-03,NFLX,2601504784.531124,15.0
2023-03,NKE,775325953.2702855,88.0
2023-03,NVDA,10839808772.447239,4.0
2023-03,OXY,841621128.9019327,78.0
2023-03,PANW,765524059.8089067,92.0
2023-03,PDD,846315329.5667375,76.0
2023-03,PEP,828949142.4036419,80.0
2023-03,PFE,992362714.1210526,56.0
2023-03,PG,980219866.2462022,58.0
2023-03,PYPL,1016368940.2291313,54.0
2023-03,QCOM,959593504.8864697,61.0
2023-03,QQQ,17092958469.818163,3.0
2023-03,SCHW,1353592491.1282434,34.0
2023-03,SHOP,871050365.0557443,74.0
2023-03,SNOW,823380978.0917455,81.0
2023-03,SPY,36490003996.02598,1.0
2023-03,TLT,2278122199.5827446,18.0
2023-03,TMO,798748692.7228655,85.0
2023-03,TMUS,765833462.5828092,91.0
2023-03,TQQQ,4217897819.1416965,11.0
2023-03,TSLA,30111159606.878555,2.0
2023-03,TSM,1173362181.3567631,45.0
2023-03,TXN,935166683.5282825,64.0
2023-03,UBER,785609112.0501261,86.0
2023-03,UNH,1727450310.6424968,26.0
2023-03,V,1389152600.668795,32.0
2023-03,VOO,1461220288.5188026,31.0
2023-03,VZ,820212926.3319651,82.0
2023-03,WFC,979227166.5492951,59.0
2023-03,WMT,925140471.0300446,66.0
2023-03,XBI,775990968.0986072,87.0
2023-03,XLE,1729841422.5539677,25.0
2023-03,XLF,1868221584.1720762,20.0
2023-03,XLI,1237947064.9052818,40.0
2023-03,XLK,1004283669.4584317,55.0
2023-03,XLP,842876554.5043945,77.0
2023-03,XLU,900089728.3641331,70.0
2023-03,XLV,1190031148.5568092,43.0
2023-03,XLY,770618750.1247587,90.0
2023-03,XOM,1861960690.726047,21.0
2023-03,XYZ,1145927429.9246833,46.0
2023-04,AAPL,9717881670.627897,5.0
2023-04,ABBV,937124400.9044102,61.0
2023-04,ABNB,735344756.7773001,92.0
2023-04,ADBE,1054431139.418054,48.0
2023-04,AMAT,771679296.6319371,86.0
2023-04,AMD,5335790956.4902525,10.0
2023-04,AMZN,6498941991.629889,7.0
2023-04,ARKK,1012863526.4013926,50.0
2023-04,AVGO,1306236708.586738,36.0
2023-04,BA,1199840931.8218172,41.0
2023-04,BABA,2315245591.99048,16.0
2023-04,BAC,1813504544.024183,23.0
2023-04,BIL,756680086.1201453,89.0
2023-04,BKNG,805091715.757582,79.0
2023-04,BRK-A,2270479879.3650794,17.0
2023-04,BRK-B,1160103438.8334727,44.0
2023-04,C,942658515.9467243,58.0
2023-04,CAT,790411214.3866161,82.0
2023-04,CMCSA,703510944.9260381,97.0
2023-04,COIN,1264785631.215383,38.0
2023-04,COP,739878032.5981867,91.0
2023-04,COST,925973492.3381503,65.0
2023-04,CRM,1355205979.5012217,32.0
2023-04,CSCO,937448599.097164,60.0
2023-04,CVX,1380301557.6286194,31.0
2023-04,DIA,1194007010.029481,42.0
2023-04,DIS,1009004967.6541525,53.0
2023-04,EEM,1295161411.5284753,37.0
2023-04,EFA,1354358776.847706,33.0
2023-04,ENPH,896417492.3704602,68.0
2023-04,F,865276794.7719574,72.0
2023-04,FXI,947776926.5460907,57.0
2023-04,GDX,751352599.8211634,90.0
2023-04,GLD,1480888055.4584563,28.0
2023-04,GOOG,3155251715.8808513,14.0
2023-04,GOOGL,3916744942.51623,12.0
2023-04,GS,875621303.0889118,71.0
2023-04,HD,1170666768.4040372,43.0
2023-04,HYG,3511159229.2526245,13.0
2023-04,IEF,972475177.0571028,55.0
2023-04,INTC,1338491681.2978563,35.0
2023-04,IVV,1730267342.376176,24.0
2023-04,IWM,5353691166.236369,9.0
2023-04,JNJ,1339274356.7733037,34.0
2023-04,JNK,938947997.2624643,59.0
2023-04,JPM,1890491710.242111,21.0
2023-04,KO,817360685.5047619,78.0
2023-04,KRE,1097433443.8688066,46.0
2023-04,LIN,852796294.1464379,74.0
2023-04,LLY,1128251022.8062222,45.0
2023-04,LQD,2435128243.9199657,15.0
2023-04,MA,957630293.8285222,56.0
2023-04,MCD,760173863.6747814,88.0
2023-04,META,6018135436.059449,8.0
2023-04,MRK,877476977.1448529,70.0
2023-04,MSFT,8476566381.56576,6.0
2023-04,MU,996590150.4459018,54.0
2023-04,NFLX,2202731007.4103217,19.0
2023-04,NKE,688379200.345212,100.0
2023-04,NOW,703347192.8505671,98.0
2023-04,NVDA,11656687107.392176,4.0
2023-04,OXY,835008679.7022078,75.0
2023-04,PANW,714294548.4591287,95.0
2023-04,PDD,775954575.2871801,84.0
2023-04,PEP,799777475.9155273,81.0
2023-04,PFE,899194697.2314138,67.0
2023-04,PG,936673293.39774,62.0
2023-04,PYPL,935514099.9483624,63.0
2023-04,QCOM,863939075.1127334,73.0
2023-04,QQQ,18100087491.421703,3.0
2023-04,SCHW,1512153867.2453985,27.0
2023-04,SHOP,775011661.9529058,85.0
2023-04,SNOW,826370720.4422724,76.0
2023-04,SPY,36250943839.10329,1.0
2023-04,TLT,2250102653.7184577,18.0
2023-04,TMO,717777960.6451125,94.0
2023-04,TMUS,768542740.3306265,87.0
2023-04,TQQQ,4142140750.1116643,11.0
2023-04,TSLA,29538523356.448414,2.0
2023-04,TSM,1028692306.2765334,49.0
2023-04,TXN,879789797.2728184,69.0
2023-04,UBER,803444342.7041099,80.0
2023-04,UNH,1680042390.0097075,26.0
2023-04,UNP,711688542.524041,96.0
2023-04,V,1424876562.6284888,29.0
2023-04,VOO,1388742986.5677123,30.0
2023-04,VZ,731221529.5226809,93.0
2023-04,WFC,1010642496.2032802,51.0
2023-04,WMT,933590803.2663255,64.0
2023-04,XBI,700874012.7518064,99.0
2023-04,XLE,1690478426.6107469,25.0
2023-04,XLF,1890848837.369065,20.0
2023-04,XLI,1218045368.694366,40.0
2023-04,XLK,1010542823.4238155,52.0
2023-04,XLP,822652156.360384,77.0
2023-04,XLU,899955735.7461778,66.0
2023-04,XLV,1229811572.5350516,39.0
2023-04,XLY,782620381.8035792,83.0
2023-04,XOM,1879828499.8619685,22.0
2023-04,XYZ,1096903964.4214933,47.0
2023-05,AAPL,9649349866.472467,5.0
2023-05,ABBV,890618153.8948665,66.0
2023-05,ABNB,717154036.5514482,99.0
2023-05,ACN,753925404.5293899,89.0
2023-05,ADBE,1190533708.6324055,41.0
2023-05,AMAT,758359392.2195798,85.0
2023-05,AMD,6505664598.925224,8.0
2023-05,AMZN,6572495429.794191,7.0
2023-05,ARKK,767012652.6744418,83.0
2023-05,AVGO,1700018002.9902987,25.0
2023-05,BA,1110670411.413986,47.0
2023-05,BABA,2183217797.5244794,19.0
2023-05,BAC,1878069121.8261325,22.0
2023-05,BIL,725228635.571725,97.0
2023-05,BKNG,852067567.9010059,69.0
2023-05,BRK-A,2611066714.285714,15.0
2023-05,BRK-B,1145276152.5616844,45.0
2023-05,C,890584520.9724971,67.0
2023-05,CMCSA,740614137.0016651,93.0
2023-05,COIN,1008757699.3028308,54.0
2023-05,COST,972078715.9530882,56.0
2023-05,CRM,1337287149.955895,34.0
2023-05,CSCO,940329373.0151949,60.0
2023-05,CVX,1257346051.0516696,38.0
2023-05,DHR,752751917.1013479,90.0
2023-05,DIA,1118169866.9134715,46.0
2023-05,DIS,1031523233.8910784,52.0
2023-05,EEM,1158785075.2911766,43.0
2023-05,EFA,1309210826.471589,35.0
2023-05,ENPH,741398808.1327409,92.0
2023-05,F,795205142.3713335,77.0
2023-05,FXI,851323431.1838998,70.0
2023-05,GDX,779159578.7602743,81.0
2023-05,GLD,1658604984.0592158,26.0
2023-05,GOOG,3039653057.8336687,13.0
2023-05,GOOGL,3834461727.700878,11.0
2023-05,GS,782856393.0753678,79.0
2023-05,HD,1277923898.0806866,37.0
2023-05,HYG,3001023465.4080467,14.0
2023-05,IEF,960141254.0660313,58.0
2023-05,INTC,1345524221.4932425,33.0
2023-05,INTU,775826862.1512761,82.0
2023-05,IVV,1617306753.557623,27.0
2023-05,IWM,5760705950.669013,9.0
2023-05,JNJ,1147447531.2170603,44.0
2023-05,JNK,788222550.8329846,78.0
2023-05,JPM,1970553183.49217,20.0
2023-05,KO,813998012.0225997,73.0
2023-05,KRE,1442413352.7204545,31.0
2023-05,LLY,1244451310.9352717,40.0
2023-05,LQD,2265987780.279795,17.0
2023-05,LRCX,713740845.9794786,100.0
2023-05,MA,1041349015.4000903,49.0
2023-05,MCD,728616859.7869389,96.0
2023-05,META,5488933719.628519,10.0
2023-05,MRK,835270266.6556585,71.0
2023-05,MSFT,8626678420.192707,6.0
2023-05,MU,1161662648.0955033,42.0
2023-05,NFLX,2254612635.435619,18.0
2023-05,NKE,757216999.6079218,87.0
2023-05,NOW,756728180.1206195,88.0
2023-05,NVDA,13622995989.405224,4.0
2023-05,ORCL,731686340.6123812,95.0
2023-05,OXY,780656497.1722497,80.0
2023-05,PANW,757590017.8362408,86.0
2023-05,PDD,721945720.2204568,98.0
2023-05,PEP,807404372.6822627,76.0
2023-05,PFE,968940608.3238087,57.0
2023-05,PG,926551569.5561242,61.0
2023-05,PYPL,1032584939.4686683,51.0
2023-05,QCOM,903188265.4685853,65.0
2023-05,QQQ,18191105530.65801,3.0
2023-05,SCHW,1588621671.4530158,28.0
2023-05,SHOP,822393120.3863417,72.0
2023-05,SNOW,923780632.646591,63.0
2023-05,SPY,35945729935.31688,1.0
2023-05,TLT,2431023456.848302,16.0
2023-05,TMO,761724167.443557,84.0
2023-05,TMUS,812275264.1012768,74.0
2023-05,TQQQ,3709378831.9335694,12.0
2023-05,TSLA,23936534081.958443,2.0
2023-05,TSM,1036009567.362528,50.0
2023-05,TXN,867523673.4099858,68.0
2023-05,UBER,810427969.341381,75.0
2023-05,UNH,1465528215.9217956,30.0
2023-05,V,1470268330.3062077,29.0
2023-05,VOO,1353121420.8546472,32.0
2023-05,VZ,737468518.1440324,94.0
2023-05,WFC,1068676418.3574677,48.0
2023-05,WMT,942189795.2435267,59.0
2023-05,XLE,1711201776.711346,24.0
2023-05,XLF,1951271205.5217743,21.0
2023-05,XLI,1246257535.923985,39.0
2023-05,XLK,1019996758.0591837,53.0
2023-05,XLP,904312458.7778485,64.0
2023-05,XLU,926101533.6741432,62.0
2023-05,XLV,1285561335.7978337,36.0
2023-05,XLY,744264091.813466,91.0
2023-05,XOM,1774294278.0311706,23.0
2023-05,XYZ,977792129.8235455,55.0
2023-06,AAPL,10010105890.72813,5.0
2023-06,ABBV,830999520.3262571,75.0
2023-06,ABNB,759634092.3333668,86.0
2023-06,ACN,790084615.0669159,81.0
2023-06,ADBE,1568094752.90445,24.0
2023-06,AI,995357307.9443674,56.0
2023-06,AMAT,734612327.9499235,91.0
2023-06,AMD,7151137719.101001,8.0
2023-06,AMZN,7165079895.721714,7.0
2023-06,AVGO,2113551283.0226839,18.0
2023-06,BA,1131611654.8265245,44.0
2023-06,BABA,1781920366.382938,20.0
2023-06,BAC,1407749636.12,31.0
2023-06,BKNG,839324014.0103537,74.0
2023-06,BRK-A,3000495585.714286,14.0
2023-06,BRK-B,1078146308.457874,50.0
2023-06,C,707340350.7931906,98.0
2023-06,CAT,711310395.2835325,96.0
2023-06,CMCSA,742552989.1159531,89.0
2023-06,COIN,904593532.6445504,63.0
2023-06,COST,918285870.8692763,61.0
2023-06,CRM,1350128581.703719,33.0
2023-06,CSCO,922344796.7871469,60.0
2023-06,CVX,1224565486.3307407,36.0
2023-06,DE,700936726.18166,99.0
2023-06,DHR,783348976.2500511,82.0
2023-06,DIA,1010124179.8280262,54.0
2023-06,DIS,1165296662.5310988,40.0
2023-06,EEM,1108782763.7487202,47.0
2023-06,EFA,1150887253.544544,41.0
2023-06,F,757373355.2501966,88.0
2023-06,FXI,815217202.6047903,78.0
2023-06,GDX,689593310.8518902,100.0
2023-06,GLD,1448958431.8057106,29.0
2023-06,GOOG,3004741176.857249,13.0
2023-06,GOOGL,3873898418.310244,11.0
2023-06,GS,724849713.2376535,94.0
2023-06,HD,1296783716.1413283,34.0
2023-06,HYG,2621925566.052028,15.0
2023-06,IEF,764658963.8545445,85.0
2023-06,INTC,1417952858.8961098,30.0
2023-06,INTU,772037966.8963236,84.0
2023-06,IVV,1593717218.7562973,23.0
2023-06,IWM,5607172321.713329,10.0
2023-06,JNJ,1113028680.3427076,46.0
2023-06,JNK,721174040.8219353,95.0
2023-06,JPM,1523399803.2408214,26.0
2023-06,KO,828031306.7543817,77.0
2023-06,KRE,1089657283.3407993,49.0
2023-06,LLY,1270195100.4027836,35.0
2023-06,LQD,1924882062.0147948,19.0
2023-06,LRCX,758493660.902417,87.0
2023-06,MA,1058478203.8241916,51.0
2023-06,MCD,730653102.5250148,92.0
2023-06,META,5658621929.417443,9.0
2023-06,MRK,795712170.442115,80.0
2023-06,MRVL,777869039.0851884,83.0
2023-06,MSFT,8613459462.046547,6.0
2023-06,MU,1211255548.214437,37.0
2023-06,NFLX,2509895280.109345,16.0
2023-06,NKE,852490444.1433377,70.0
2023-06,NOW,807220696.2316604,79.0
2023-06,NVDA,16343842926.007982,4.0
2023-06,ORCL,1104452063.5337467,48.0
2023-06,PANW,1174685681.1331613,39.0
2023-06,PEP,830881401.8357534,76.0
2023-06,PFE,1018138277.0159222,53.0
2023-06,PG,922755328.6851429,59.0
2023-06,PLTR,899134127.1393291,65.0
2023-06,PYPL,1136383655.358136,42.0
2023-06,QCOM,932090305.733151,58.0
2023-06,QQQ,17890260174.205963,3.0
2023-06,SCHW,938293949.8001583,57.0
2023-06,SHOP,885884393.8556066,67.0
2023-06,SNOW,1055390531.9656856,52.0
2023-06,SPY,33591791669.700935,1.0
2023-06,TGT,736197986.2231905,90.0
2023-06,TLT,2218676658.2789707,17.0
2023-06,TMO,850879776.6972617,71.0
2023-06,TMUS,910689035.0666349,62.0
2023-06,TQQQ,3585079218.663028,12.0
2023-06,TSLA,28561105579.172455,2.0
2023-06,TSM,1122258201.2268794,45.0
2023-06,TXN,850447192.0128958,73.0
2023-06,UBER,902086282.3439401,64.0
2023-06,UNH,1672597295.0414264,21.0
2023-06,V,1497573281.0490685,28.0
2023-06,VOO,1381680516.163369,32.0
2023-06,VZ,729242887.2350299,93.0
2023-06,WFC,878682768.4879061,68.0
2023-06,WMT,896015906.2734331,66.0
2023-06,XLE,1548440884.7260005,25.0
2023-06,XLF,1516023498.9988842,27.0
2023-06,XLI,1135626967.434862,43.0
2023-06,XLK,1003736994.3269517,55.0
2023-06,XLP,859342304.6055264,69.0
2023-06,XLU,850505286.6718111,72.0
2023-06,XLV,1179247285.988932,38.0
2023-06,XLY,710829091.3210672,97.0
2023-06,XOM,1668106699.5062692,22.0
2023-07,AAPL,10330015230.638002,5.0
2023-07,ABBV,835015695.5605159,79.0
2023-07,ABNB,808454783.7059263,86.0
2023-07,ACN,766821853.3160013,95.0
2023-07,ADBE,1816323775.884913,20.0
2023-07,AI,1045769181.3628818,57.0
2023-07,AMAT,807982826.2816656,87.0
2023-07,AMD,7834001376.872641,7.0
2023-07,AMZN,7246424964.297898,8.0
2023-07,ASML,744100330.2450513,97.0
2023-07,AVGO,2470393814.308772,17.0
2023-07,BA,1194090921.981521,42.0
2023-07,BABA,1713397178.326634,23.0
2023-07,BAC,1376360124.4574502,32.0
2023-07,BKNG,883713062.104422,72.0
2023-07,BRK-A,3405965253.968254,13.0
2023-07,BRK-B,1079775395.3727117,52.0
2023-07,C,734128862.9368979,98.0
2023-07,CMCSA,782697859.7661729,90.0
2023-07,COIN,1165821074.637083,44.0
2023-07,COST,957048769.4640144,62.0
2023-07,CRM,1411401219.2276244,31.0
2023-07,CSCO,950334273.3369131,63.0
2023-07,CVNA,823961125.3185556,81.0
2023-07,CVX,1198040058.9088562,41.0
2023-07,DHR,798246295.8159153,89.0
2023-07,DIA,1075935543.6029344,53.0
2023-07,DIS,1348048331.3331604,34.0
2023-07,EEM,1161694190.843679,46.0
2023-07,EFA,1112786009.2223637,49.0
2023-07,F,803003839.481988,88.0
2023-07,FXI,839546161.6592075,78.0
2023-07,GLD,1207412458.6580307,40.0
2023-07,GOOG,3210659982.744102,14.0
2023-07,GOOGL,4186739099.619608,11.0
2023-07,GS,776750337.5650073,92.0
2023-07,HD,1271766059.2821393,35.0
2023-07,HYG,2508209544.2633615,16.0
2023-07,IEF,718681796.1720663,100.0
2023-07,INTC,1452800525.5226195,29.0
2023-07,INTU,828651875.2930171,80.0
2023-07,IVV,1745187438.5881696,22.0
2023-07,IWM,5722908393.115985,10.0
2023-07,JNJ,1243009626.7457266,37.0
2023-07,JPM,1531841384.0914288,26.0
2023-07,KO,848252004.2994969,76.0
2023-07,KRE,1065176253.9959499,56.0
2023-07,LLY,1257050613.240802,36.0
2023-07,LQD,2089010921.2681847,19.0
2023-07,LRCX,813075400.6998577,84.0
2023-07,MA,1082283586.099437,51.0
2023-07,META,7022919982.157026,9.0
2023-07,MRK,815579677.8744047,83.0
2023-07,MRVL,847751787.4899789,77.0
2023-07,MSFT,9557505791.211567,6.0
2023-07,MU,1125174002.3502169,48.0
2023-07,NFLX,2992976090.1858616,15.0
2023-07,NKE,911467721.34925,69.0
2023-07,NOW,777937229.1715713,91.0
2023-07,NVDA,19162588981.69551,3.0
2023-07,ORCL,1182699518.884023,43.0
2023-07,PANW,1365193538.2909381,33.0
2023-07,PEP,940323900.2692813,65.0
2023-07,PFE,1008405729.5429049,60.0
2023-07,PG,946532370.0778295,64.0
2023-07,PLTR,1161993125.1658425,45.0
2023-07,PYPL,1214758259.9874103,38.0
2023-07,QCOM,1031635588.494873,58.0
2023-07,QQQ,18399602487.78585,4.0
2023-07,RIVN,963132251.8254203,61.0
2023-07,RSP,809360717.8945874,85.0
2023-07,SCHW,750736274.9020228,96.0
2023-07,SHOP,928784848.2323722,66.0
2023-07,SNOW,1066966511.3059876,55.0
2023-07,SPY,33567747077.8889,1.0
2023-07,T,721856044.536297,99.0
2023-07,TGT,772642916.6394552,94.0
2023-07,TLT,2427665165.202816,18.0
2023-07,TMO,904897743.821789,70.0
2023-07,TMUS,882169481.5287999,73.0
2023-07,TQQQ,3731253218.6220593,12.0
2023-07,TSLA,31383852847.587753,2.0
2023-07,TSM,1159924650.8528936,47.0
2023-07,TXN,921654805.9853448,67.0
2023-07,UBER,1023119568.7495701,59.0
2023-07,UNH,1801071510.467626,21.0
2023-07,V,1457308124.8628404,28.0
2023-07,VOO,1494958263.1007118,27.0
2023-07,VZ,862755364.4312843,75.0
2023-07,WFC,817880094.1188328,82.0
2023-07,WMT,865721201.2441362,74.0
2023-07,XLE,1587789010.918051,25.0
2023-07,XLF,1413061385.0528111,30.0
2023-07,XLI,1094572550.3300984,50.0
2023-07,XLK,1074337687.8880577,54.0
2023-07,XLP,913433555.5063157,68.0
2023-07,XLU,886434596.3746692,71.0
2023-07,XLV,1214334846.412477,39.0
2023-07,XLY,775241979.3942164,93.0
2023-07,XOM,1680805450.27025,24.0
2023-08,AAPL,10435728965.606857,5.0
2023-08,ABBV,747196622.1887498,87.0
2023-08,ABNB,692008169.9740939,100.0
2023-08,ADBE,1708455420.3010197,23.0
2023-08,AGG,743881099.259101,89.0
2023-08,AI,869122250.0504781,69.0
2023-08,AMAT,806691730.4134308,78.0
2023-08,AMD,7558757544.293746,7.0
2023-08,AMZN,7195644954.096004,8.0
2023-08,ARKK,692780750.1333207,99.0
2023-08,ASML,704188188.1838844,98.0
2023-08,AVGO,2263556231.3644166,19.0
2023-08,BA,1242800983.7300134,37.0
2023-08,BABA,1649266411.1597092,24.0
2023-08,BAC,1270932270.1869662,36.0
2023-08,BKNG,864158208.5775951,70.0
2023-08,BRK-A,3776630550.7936506,14.0
2023-08,BRK-B,1069431931.623477,49.0
2023-08,C,731768346.8602558,92.0
2023-08,CAT,763256293.8480438,84.0
2023-08,CMCSA,728520107.0853616,94.0
2023-08,COIN,1181660279.42692,42.0
2023-08,COST,876799166.7749314,66.0
2023-08,CRM,1305996395.2304416,35.0
2023-08,CSCO,964989584.8236084,59.0
2023-08,CVNA,912498270.3857706,60.0
2023-08,CVX,1187216377.087378,41.0
2023-08,DIA,1131820635.855587,44.0
2023-08,DIS,1355176346.3861616,32.0
2023-08,EEM,1179459891.6504755,43.0
2023-08,EFA,1029370052.9622517,52.0
2023-08,F,733074347.855079,91.0
2023-08,FXI,902714760.5128363,61.0
2023-08,GLD,1045664080.3203038,50.0
2023-08,GOOG,2969663482.438175,15.0
2023-08,GOOGL,3835762063.5168653,12.0
2023-08,GS,761527012.1483697,85.0
2023-08,HD,1080434891.458905,48.0
2023-08,HYG,2501350468.244813,18.0
2023-08,INTC,1356503131.410384,30.0
2023-08,INTU,721994012.1359204,96.0
2023-08,IVV,1806082492.434208,21.0
2023-08,IWM,5464984653.875926,10.0
2023-08,JNJ,3810299608.978223,13.0
2023-08,JPM,1399102531.3133845,29.0
2023-08,KO,741754417.4395123,90.0
2023-08,KRE,778682836.5214515,81.0
2023-08,KVUE,717978454.5230411,97.0
2023-08,LLY,1315084123.47136,34.0
2023-08,LQD,2103872807.0514498,20.0
2023-08,LRCX,768283701.3272482,83.0
2023-08,MA,967552467.1693348,58.0
2023-08,META,7039749082.154483,9.0
2023-08,MRK,818904649.1506062,75.0
2023-08,MRVL,730066916.9895233,93.0
2023-08,MSFT,8870010036.484589,6.0
2023-08,MU,970601552.1360004,56.0
2023-08,NFLX,2849655267.4134874,16.0
2023-08,NIO,728173133.0995847,95.0
2023-08,NKE,851004282.8567141,74.0
2023-08,NVDA,22519166361.40297,3.0
2023-08,ORCL,1203216369.8970854,39.0
2023-08,PANW,1457577970.9794302,28.0
2023-08,PDD,795846291.1263723,79.0
2023-08,PEP,874100059.9142407,68.0
2023-08,PFE,891289438.8462975,65.0
2023-08,PG,891889057.4156988,64.0
2023-08,PLTR,1195740454.2901404,40.0
2023-08,PYPL,1120163594.1047487,46.0
2023-08,QCOM,986362088.5943942,53.0
2023-08,QQQ,19100565464.297535,4.0
2023-08,RIVN,1123297026.1395257,45.0
2023-08,RSP,809063677.293614,76.0
2023-08,SHOP,775350342.2861009,82.0
2023-08,SMCI,896362193.0129036,62.0
2023-08,SNOW,985493429.4352213,54.0
2023-08,SPY,33649482167.01888,1.0
2023-08,TGT,747173680.095055,88.0
2023-08,TLT,2592714406.32036,17.0
2023-08,TMO,808949225.2164326,77.0
2023-08,TMUS,754305015.118384,86.0
2023-08,TQQQ,3963273422.775462,11.0
2023-08,TSLA,32961914088.932,2.0
2023-08,TSM,972480995.0791737,55.0
2023-08,TXN,894050072.401743,63.0
2023-08,UBER,967642454.0949141,57.0
2023-08,UNH,1773768583.1155927,22.0
2023-08,V,1355534621.3508484,31.0
2023-08,VOO,1590167392.9555743,26.0
2023-08,VZ,859137864.4084749,71.0
2023-08,WMT,856624825.5524409,72.0
2023-08,XLE,1583891717.3991005,27.0
2023-08,XLF,1328499930.11936,33.0
2023-08,XLI,1034937134.6525525,51.0
2023-08,XLK,1103950050.6857736,47.0
2023-08,XLP,852725629.5604525,73.0
2023-08,XLU,874241539.7437747,67.0
2023-08,XLV,1220161900.2803984,38.0
2023-08,XLY,785591597.3140414,80.0
2023-08,XOM,1640686408.8080149,25.0
2023-09,AAPL,10593702294.167099,5.0
2023-09,ABBV,684673089.8448399,95.0
2023-09,ABNB,936873246.0756453,55.0
2023-09,ADBE,1462393856.3799176,27.0
2023-09,AGG,752835258.5118127,81.0
2023-09,AMAT,805138460.1754082,74.0
2023-09,AMD,6490819792.937361,9.0
2023-09,AMZN,7214476846.722267,7.0
2023-09,ASML,721548189.5180354,86.0
2023-09,AVGO,2032504529.103718,20.0
2023-09,BA,1104280705.3463647,40.0
2023-09,BABA,1542434279.4749427,26.0
2023-09,BAC,1204065279.2718012,35.0
2023-09,BKNG,852548721.2480818,67.0
2023-09,BRK-A,4158071182.5396824,11.0
2023-09,BRK-B,1078425595.147899,43.0
2023-09,BX,693513487.9099528,91.0
2023-09,C,725818058.4793212,85.0
2023-09,CAT,690285483.6431594,92.0
2023-09,CMCSA,782668599.6905346,79.0
2023-09,COIN,982482913.7492105,50.0
2023-09,COST,904626264.2007495,61.0
2023-09,CRM,1082456714.0630085,42.0
2023-09,CSCO,983035398.4076061,49.0
2023-09,CVNA,788010750.0920333,77.0
2023-09,CVX,1170711915.7317872,36.0
2023-09,DIA,1102711795.9418402,41.0
2023-09,DIS,1382886757.254658,29.0
2023-09,EEM,1134292935.375244,39.0
2023-09,EFA,969984774.526263,51.0
2023-09,FXI,907460792.6970407,60.0
2023-09,GLD,1028411883.6449033,45.0
2023-09,GOOG,2835766019.5928664,15.0
2023-09,GOOGL,3636200127.4498835,14.0
2023-09,GS,675250784.3029203,98.0
2023-09,HD,939552356.0920352,54.0
2023-09,HYG,2461085754.8727126,18.0
2023-09,IEF,687929085.8557202,93.0
2023-09,INTC,1307483716.074695,32.0
2023-09,INTU,705921071.0476346,90.0
2023-09,IVV,1821416778.1713092,21.0
2023-09,IWM,4819752893.89135,10.0
2023-09,JNJ,3828597517.8158712,12.0
2023-09,JNK,709979159.4599891,87.0
2023-09,JPM,1364037166.3642762,30.0
2023-09,KO,731272868.2214828,84.0
2023-09,KVUE,912971880.5119953,59.0
2023-09,LLY,1453271364.9757023,28.0
2023-09,LQD,2187630681.9721403,19.0
2023-09,LRCX,738686436.3732716,82.0
2023-09,MA,915489311.2472292,58.0
2023-09,MCD,675569342.856174,97.0
2023-09,MELI,673778951.5254914,99.0
2023-09,META,6969589353.339592,8.0
2023-09,MRK,732925437.3387533,83.0
2023-09,MSFT,8250151978.749206,6.0
2023-09,MU,921859598.6123585,57.0
2023-09,NFLX,2556325454.8950195,17.0
2023-09,NIO,706356098.8741783,89.0
2023-09,NKE,785492953.9491321,78.0
2023-09,NVDA,22098716765.12243,3.0
2023-09,ORCL,1160128712.495289,37.0
2023-09,PANW,1004181472.795323,46.0
2023-09,PDD,860371650.2973284,65.0
2023-09,PEP,861640059.116206,64.0
2023-09,PFE,857240589.418599,66.0
2023-09,PG,844633042.630126,69.0
2023-09,PLTR,995936579.372123,47.0
2023-09,PYPL,984689451.7755296,48.0
2023-09,QCOM,960788038.3273776,52.0
2023-09,QQQ,18445281609.489994,4.0
2023-09,RIVN,1144318247.8583806,38.0
2023-09,ROKU,686327515.8925495,94.0
2023-09,RSP,706998538.0805364,88.0
2023-09,RTX,666100145.6378876,100.0
2023-09,SHOP,683055753.8011097,96.0
2023-09,SMCI,897171109.1501448,63.0
2023-09,SNOW,788315193.4972128,76.0
2023-09,SPY,33242511216.050262,1.0
2023-09,TLT,2789982857.632713,16.0
2023-09,TMO,777891265.0946239,80.0
2023-09,TQQQ,3761359972.5869317,13.0
2023-09,TSLA,29957545448.875187,2.0
2023-09,TSM,831226910.9109182,72.0
2023-09,TXN,831294398.6345079,71.0
2023-09,UBER,899196313.032998,62.0
2023-09,UNH,1569566466.2487695,25.0
2023-09,V,1252676295.4309614,33.0
2023-09,VOO,1607521223.7327454,24.0
2023-09,VZ,845140335.34096,68.0
2023-09,WMT,840878451.2351445,70.0
2023-09,XLE,1668212995.4239376,23.0
2023-09,XLF,1342109758.5291424,31.0
2023-09,XLI,949797524.927448,53.0
2023-09,XLK,1054632270.1566666,44.0
2023-09,XLP,806538478.1804403,73.0
2023-09,XLU,924688264.2893231,56.0
2023-09,XLV,1208201604.5481122,34.0
2023-09,XLY,792022409.3646337,75.0
2023-09,XOM,1716047840.2673872,22.0
2023-10,AAPL,10536501019.057064,5.0
2023-10,ABBV,648991707.9040769,98.0
2023-10,ABNB,884982718.301985,60.0
2023-10,ADBE,1391979189.0468051,27.0
2023-10,AGG,817553015.6003073,72.0
2023-10,AMAT,762014863.2281833,80.0
2023-10,AMD,5840885784.524464,9.0
2023-10,AMGN,675610933.8749719,93.0
2023-10,AMZN,7308244832.507931,6.0
2023-10,ASML,643799950.9276375,99.0
2023-10,AVGO,1906900319.1292171,22.0
2023-10,BA,1014313002.4624779,45.0
2023-10,BABA,1202773154.0505424,37.0
2023-10,BAC,1211232835.9087353,36.0
2023-10,BIL,817257672.4798415,73.0
2023-10,BKNG,804588348.2911851,75.0
2023-10,BMY,699650701.4587584,90.0
2023-10,BRK-A,4240957058.730159,11.0
2023-10,BRK-B,1095703527.9375348,42.0
2023-10,BX,670794239.2101833,96.0
2023-10,C,710985381.486711,88.0
2023-10,CAT,673221248.6699665,95.0
2023-10,CMCSA,806562036.3759131,74.0
2023-10,COST,909856427.5919596,53.0
2023-10,CRM,976374890.0442699,48.0
2023-10,CSCO,914310559.1446528,51.0
2023-10,CVX,1356302819.2113726,29.0
2023-10,DHR,641181642.7557884,100.0
2023-10,DIA,1175593694.450354,38.0
2023-10,DIS,1219203277.7053227,35.0
2023-10,EEM,1103435929.8567758,41.0
2023-10,EFA,1094268607.1140592,43.0
2023-10,FXI,888579841.4853051,57.0
2023-10,GLD,1334597521.72326,30.0
2023-10,GOOG,2804833763.990699,17.0
2023-10,GOOGL,3579186981.3760304,14.0
2023-10,HD,895042366.9733441,56.0
2023-10,HYG,2972089208.5853333,16.0
2023-10,IEF,885444913.1129432,58.0
2023-10,INTC,1288456815.531552,32.0
2023-10,INTU,695608913.3773077,91.0
2023-10,IVV,1952137486.4522784,20.0
2023-10,IWM,5340890583.117094,10.0
2023-10,JNJ,3585678673.168873,13.0
2023-10,JNK,868045528.7585788,64.0
2023-10,JPM,1325310826.5089004,31.0
2023-10,KO,796699878.6885883,76.0
2023-10,KVUE,1011349303.8976821,46.0
2023-10,LLY,1747188221.388608,25.0
2023-10,LQD,2233372046.1480155,19.0
2023-10,LRCX,661519340.1657588,97.0
2023-10,LULU,769863382.4022566,79.0
2023-10,MA,931892727.5849358,49.0
2023-10,MCD,755450554.8623463,81.0
2023-10,META,6237031723.096623,8.0
2023-10,MRK,707058483.3196852,89.0
2023-10,MSFT,7209744025.847662,7.0
2023-10,MU,881936300.4477485,62.0
2023-10,NEE,824215070.4644945,70.0
2023-10,NFLX,2298646365.416451,18.0
2023-10,NKE,839772176.2569488,69.0
2023-10,NVDA,22342248985.475815,3.0
2023-10,ORCL,1124785350.4471674,40.0
2023-10,PANW,868216359.8320129,63.0
2023-10,PDD,865656656.4566113,66.0
2023-10,PEP,884283984.5252385,61.0
2023-10,PFE,906821050.0054314,55.0
2023-10,PG,824101258.962819,71.0
2023-10,PLTR,920352637.5914983,50.0
2023-10,PYPL,907617569.6415492,54.0
2023-10,QCOM,867473927.5425138,65.0
2023-10,QQQ,18987703400.273834,4.0
2023-10,RIVN,735839652.5980631,86.0
2023-10,RSP,724554648.6198062,87.0
2023-10,RTX,743248112.6479375,85.0
2023-10,SMCI,909913117.9944599,52.0
2023-10,SNOW,675195398.8743373,94.0
2023-10,SPY,35850442343.90142,1.0
2023-10,TLT,3389152191.3633924,15.0
2023-10,TMO,783921870.2744741,77.0
2023-10,TQQQ,3998918564.2258782,12.0
2023-10,TSLA,28496262156.387157,2.0
2023-10,TSM,782752015.8819411,78.0
2023-10,TXN,754069375.9620303,83.0
2023-10,UBER,754665887.1172103,82.0
2023-10,UNH,1360838257.3259141,28.0
2023-10,V,1265583715.5431354,34.0
2023-10,VOO,1759326827.4618483,24.0
2023-10,VTI,680047089.6959093,92.0
2023-10,VZ,751657860.8384844,84.0
2023-10,WMT,885424120.3088851,59.0
2023-10,XLE,1844940355.3429255,23.0
2023-10,XLF,1459935980.863329,26.0
2023-10,XLI,987327711.1687676,47.0
2023-10,XLK,1084218037.331451,44.0
2023-10,XLP,856173973.3502948,67.0
2023-10,XLU,1134728378.1491234,39.0
2023-10,XLV,1286516386.1218045,33.0
2023-10,XLY,852271326.363385,68.0
2023-10,XOM,1946923372.8640723,21.0
2023-11,AAPL,10228288611.61177,5.0
2023-11,ABBV,707230895.442563,92.0
2023-11,ABNB,922348534.1522822,60.0
2023-11,ADBE,1508003401.7431834,25.0
2023-11,AGG,841001180.1624722,74.0
2023-11,AMAT,812068049.8428103,79.0
2023-11,AMD,5658990462.9840555,10.0
2023-11,AMZN,7223874763.355994,7.0
2023-11,AVGO,2184763937.0117188,18.0
2023-11,BA,1071547767.3948258,44.0
2023-11,BABA,1192360132.8588214,37.0
2023-11,BAC,1271687684.895812,33.0
2023-11,BIL,962283861.9843256,55.0
2023-11,BKNG,773313927.863893,83.0
2023-11,BMY,706447984.611929,93.0
2023-11,BRK-A,4293213522.2222223,11.0
2023-11,BRK-B,1135699013.1449866,39.0
2023-11,BX,677133167.4032544,98.0
2023-11,C,721795587.0093149,90.0
2023-11,CAT,704895050.8757092,94.0
2023-11,CMCSA,813004443.5728247,78.0
2023-11,COIN,768026451.1362469,85.0
2023-11,COST,972982398.4797403,52.0
2023-11,CRM,1022247440.2888223,48.0
2023-11,CSCO,945953443.587391,56.0
2023-11,CVX,1498730060.4112413,26.0
2023-11,DHR,667170913.931534,100.0
2023-11,DIA,1171588536.1127098,38.0
2023-11,DIS,1200323699.595412,36.0
2023-11,EEM,1120749079.1598608,41.0
2023-11,EFA,1115812657.1978977,42.0
2023-11,FXI,875852546.3385657,67.0
2023-11,GLD,1394500370.8104694,31.0
2023-11,GOOG,2797086131.4336505,16.0
2023-11,GOOGL,3581054457.631732,14.0
2023-11,HD,902656455.5990068,64.0
2023-11,HYG,3412806498.1178284,15.0
2023-11,IEF,1046544150.5257137,46.0
2023-11,INTC,1464584706.2163339,28.0
2023-11,INTU,744467472.0674545,87.0
2023-11,IVV,1992881868.6690557,21.0
2023-11,IWM,6088873730.23546,9.0
2023-11,JNJ,1059776011.6008456,45.0
2023-11,JNK,907949810.2018569,62.0
2023-11,JPM,1339122172.1681867,32.0
2023-11,KO,870265474.9288286,69.0
2023-11,LLY,1898989201.4020648,22.0
2023-11,LQD,2396484391.3639493,17.0
2023-11,LULU,792730235.6812007,81.0
2023-11,MA,988899963.9622763,51.0
2023-11,MCD,804541180.086142,80.0
2023-11,META,6153417935.404605,8.0
2023-11,MRK,738078434.4159687,88.0
2023-11,MSFT,8282693691.398355,6.0
2023-11,MU,925602210.0645883,59.0
2023-11,NEE,863202402.0231882,71.0
2023-11,NFLX,2166668795.556144,20.0
2023-11,NKE,857812678.2638913,72.0
2023-11,NOW,683963429.3685791,96.0
2023-11,NVDA,19950500645.602272,3.0
2023-11,ORCL,1076842782.778434,43.0
2023-11,PANW,902906947.9085771,63.0
2023-11,PDD,900902455.6388977,66.0
2023-11,PEP,917300288.8998364,61.0
2023-11,PFE,933576718.0531003,58.0
2023-11,PG,902460093.0080595,65.0
2023-11,PLTR,1018015020.394781,49.0
2023-11,PYPL,832969184.898655,76.0
2023-11,QCOM,966149923.7679859,53.0
2023-11,QQQ,18487667160.888237,4.0
2023-11,RIVN,714856278.3285731,91.0
2023-11,RSP,787987677.847726,82.0
2023-11,RTX,853066138.5354178,73.0
2023-11,SHOP,671425312.3487988,99.0
2023-11,SMCI,833802872.0666795,75.0
2023-11,SNOW,683460823.0071294,97.0
2023-11,SPY,35111615864.66021,1.0
2023-11,TLT,3972756982.5043573,13.0
2023-11,TMO,870750797.4664112,68.0
2023-11,TQQQ,3999883592.972486,12.0
2023-11,TSLA,29314063083.25447,2.0
2023-11,TSM,813835280.9597924,77.0
2023-11,TXN,768567916.2243071,84.0
2023-11,UBER,965204140.3467208,54.0
2023-11,UNH,1467867584.0243385,27.0
2023-11,V,1432619286.289857,30.0
2023-11,VOO,1813441677.1083286,24.0
2023-11,VTI,700352681.7444575,95.0
2023-11,VZ,757815843.3955873,86.0
2023-11,WMT,1030246281.5523965,47.0
2023-11,XBI,732592749.3679713,89.0
2023-11,XLE,1867978058.626738,23.0
2023-11,XLF,1464221589.7827392,29.0
2023-11,XLI,1003430136.3720121,50.0
2023-11,XLK,1122670129.2077928,40.0
2023-11,XLP,869312644.8446364,70.0
2023-11,XLU,1202601020.584058,35.0
2023-11,XLV,1265629709.0828304,34.0
2023-11,XLY,933602134.4592867,57.0
2023-11,XOM,2167672454.5752387,19.0
2023-12,AAPL,9762523703.54384,5.0
2023-12,ABBV,768235332.261803,95.0
2023-12,ADBE,1650067241.2841313,25.0
2023-12,AGG,917484828.7483215,69.0
2023-12,AMAT,812742451.6556513,84.0
2023-12,AMD,6696189026.378498,9.0
2023-12,AMZN,7030156606.58481,8.0
2023-12,ARKK,778257286.1401997,93.0
2023-12,AVGO,3093370350.167653,16.0
2023-12,BA,1269083680.87226,38.0
2023-12,BABA,1354519323.291924,35.0
2023-12,BAC,1367635950.2369623,34.0
2023-12,BIL,960525683.0109006,63.0
2023-12,BKNG,798360679.0566822,87.0
2023-12,BMY,741155906.0979753,98.0
2023-12,BRK-A,4287766795.2380953,12.0
2023-12,BRK-B,1127312389.6380227,49.0
2023-12,C,819613194.5598239,83.0
2023-12,CAT,811425235.2130224,86.0
2023-12,CMCSA,812153416.2581856,85.0
2023-12,COIN,1297687944.1994076,37.0
2023-12,COST,1233648241.0471113,40.0
2023-12,CRM,1208834185.5064514,41.0
2023-12,CSCO,956754353.4209902,65.0
2023-12,CVX,1612419399.3709745,27.0
2023-12,DIA,1325815469.35294,36.0
2023-12,DIS,1106429988.1482806,50.0
2023-12,EEM,1173829121.956798,46.0
2023-12,EFA,1186852179.373714,44.0
2023-12,FXI,909784279.412981,70.0
2023-12,GLD,1509438567.7726624,30.0
2023-12,GOOG,3003593564.512017,17.0
2023-12,GOOGL,3893707897.4568806,14.0
2023-12,HD,1084015929.6788776,53.0
2023-12,HYG,3433618849.927799,15.0
2023-12,IEF,1186723866.5241666,45.0
2023-12,INTC,1577591918.1291852,28.0
2023-12,INTU,777037989.470709,94.0
2023-12,IVV,2200459684.420195,20.0
2023-12,IWM,7385523674.434795,7.0
2023-12,JNJ,1047881520.0566852,54.0
2023-12,JNK,839428050.1134357,80.0
2023-12,JPM,1416767126.975771,33.0
2023-12,KO,877379686.6832491,75.0
2023-12,KRE,735922055.0140744,99.0
2023-12,LLY,1898612822.8508844,23.0
2023-12,LQD,2403307811.4203315,18.0
2023-12,LULU,926703336.6679842,68.0
2023-12,MA,1026198963.0584233,56.0
2023-12,MCD,855617202.5379726,76.0
2023-12,META,6004081862.06699,10.0
2023-12,MRK,835367889.3659198,82.0
2023-12,MSFT,9213041986.622547,6.0
2023-12,MU,997935850.6764245,58.0
2023-12,NEE,846320570.4897442,79.0
2023-12,NFLX,2123773615.0237188,21.0
2023-12,NKE,965275180.8317033,62.0
2023-12,NOW,742550912.2905428,97.0
2023-12,NVDA,19559077569.13939,3.0
2023-12,ORCL,972373748.6768208,61.0
2023-12,PANW,1091141166.0755703,52.0
2023-12,PDD,956996691.4746965,64.0
2023-12,PEP,936069772.9961576,67.0
2023-12,PFE,1157392943.8869417,48.0
2023-12,PG,984086310.4342748,59.0
2023-12,PLTR,1106360932.7779586,51.0
2023-12,PYPL,898455380.5314322,71.0
2023-12,QCOM,1027534369.0197899,55.0
2023-12,QQQ,18413134914.988102,4.0
2023-12,RIVN,782820996.3428544,92.0
2023-12,RSP,973751494.983225,60.0
2023-12,RTX,788817497.3978194,89.0
2023-12,SBUX,744763515.5819848,96.0
2023-12,SMCI,888656765.9120408,73.0
2023-12,SNOW,791400861.6327679,88.0
2023-12,SPY,36259929656.28207,1.0
2023-12,TLT,4547603639.69092,11.0
2023-12,TMO,883466132.7706958,74.0
2023-12,TQQQ,4040706207.048767,13.0
2023-12,TSLA,28349650454.72158,2.0
2023-12,TSM,854950080.5273632,77.0
2023-12,TXN,848010426.7955477,78.0
2023-12,UBER,1643983265.5389936,26.0
2023-12,UNH,1522510807.2418697,29.0
2023-12,V,1448695198.0868142,32.0
2023-12,VOO,1950688408.7757413,22.0
2023-12,VTI,783152534.6441118,90.0
2023-12,VZ,783121484.9324574,91.0
2023-12,WFC,728075528.6868322,100.0
2023-12,WMT,1187581861.1418407,43.0
2023-12,XBI,839291815.8158923,81.0
2023-12,XLE,1776198917.792075,24.0
2023-12,XLF,1449068841.3609703,31.0
2023-12,XLI,1019435784.5237732,57.0
2023-12,XLK,1251923112.3336065,39.0
2023-12,XLP,893685157.9508343,72.0
2023-12,XLU,1170228847.8664944,47.0
2023-12,XLV,1195437487.593345,42.0
2023-12,XLY,940084082.2331747,66.0
2023-12,XOM,2300045403.489443,19.0
2024-01,AAPL,10170700028.045534,5.0
2024-01,ABBV,827176073.9749727,88.0
2024-01,ADBE,1719218116.4142911,29.0
2024-01,AGG,911203036.8881347,74.0
2024-01,AMAT,905537614.8103502,76.0
2024-01,AMD,9980726818.081665,6.0
2024-01,AMZN,6979986613.724046,9.0
2024-01,ARKK,865936892.9487561,80.0
2024-01,ASML,785213129.5717269,96.0
2024-01,AVGO,3542741864.215669,15.0
2024-01,BA,1986207679.6592834,23.0
2024-01,BABA,1602213916.303556,31.0
2024-01,BAC,1368373464.3088024,39.0
2024-01,BIL,819454510.4357765,90.0
2024-01,BKNG,840911209.8645407,83.0
2024-01,BRK-A,4712579519.047619,11.0
2024-01,BRK-B,1223183507.429674,45.0
2024-01,C,929206567.1255566,73.0
2024-01,CAT,840837897.8569636,84.0
2024-01,CMCSA,781749745.4393431,97.0
2024-01,COIN,1779749805.889493,28.0
2024-01,COST,1366663276.9198947,40.0
2024-01,CRM,1430344345.2760727,37.0
2024-01,CRWD,793854313.6961437,95.0
2024-01,CSCO,1000894189.1763233,67.0
2024-01,CVX,1536595609.081135,33.0
2024-01,DIA,1389918622.2525945,38.0
2024-01,DIS,1168186667.9984562,49.0
2024-01,EEM,1151370393.3234866,50.0
2024-01,EFA,1126770369.185481,52.0
2024-01,FXI,1003230520.5230622,65.0
2024-01,GLD,1282127469.3379235,42.0
2024-01,GOOG,2942520454.602753,17.0
2024-01,GOOGL,3842403387.7575345,13.0
2024-01,GS,805520935.080053,93.0
2024-01,HD,1184414264.3083844,48.0
2024-01,HUM,885061808.0680726,77.0
2024-01,HYG,3018963882.8051248,16.0
2024-01,IBM,793889982.2675917,94.0
2024-01,IEF,1087871637.1032472,56.0
2024-01,INTC,1898571541.6496217,24.0
2024-01,INTU,766976009.3239436,100.0
2024-01,IVV,2461251717.268735,19.0
2024-01,IWM,7904668190.862965,8.0
2024-01,JNJ,1045874102.0535182,60.0
2024-01,JPM,1510104236.760215,34.0
2024-01,KO,836791219.8171222,85.0
2024-01,LLY,1888504647.4895175,25.0
2024-01,LQD,2773032558.6160207,18.0
2024-01,MA,1050177899.4089762,59.0
2024-01,MCD,851974162.668331,82.0
2024-01,META,5663904473.376852,10.0
2024-01,MRK,910956067.8710574,75.0
2024-01,MSFT,9764519421.009415,7.0
2024-01,MU,1128672776.1345637,51.0
2024-01,NFLX,2345504718.046521,20.0
2024-01,NKE,978540682.0041112,68.0
2024-01,NOW,835327778.943077,86.0
2024-01,NVDA,21559468536.94032,3.0
2024-01,ORCL,1000944620.7919166,66.0
2024-01,PANW,1188226293.603225,47.0
2024-01,PDD,1074816129.4622028,57.0
2024-01,PEP,872612712.8580245,79.0
2024-01,PFE,1268371864.6313047,43.0
2024-01,PG,1106008321.965802,54.0
2024-01,PLTR,1030372706.2441114,62.0
2024-01,PYPL,1071606163.1558918,58.0
2024-01,QCOM,1205050014.1978552,46.0
2024-01,QQQ,18004861155.853664,4.0
2024-01,RSP,1036924250.6533668,61.0
2024-01,SBUX,864496447.0306396,81.0
2024-01,SHOP,770832501.118766,99.0
2024-01,SMCI,1687996478.9196498,30.0
2024-01,SNOW,955201796.163892,70.0
2024-01,SPY,36214841857.73475,1.0
2024-01,TLT,4631964373.703826,12.0
2024-01,TMO,955173744.7561597,71.0
2024-01,TNA,780245823.9626173,98.0
2024-01,TQQQ,3834586144.9215417,14.0
2024-01,TSLA,27005010871.0627,2.0
2024-01,TSM,1114557856.779153,53.0
2024-01,TXN,963261636.3331144,69.0
2024-01,UBER,1861860676.0395293,26.0
2024-01,UNH,1816901412.321787,27.0
2024-01,V,1497245881.7936003,35.0
2024-01,VOO,2069815978.506712,22.0
2024-01,VTI,807712279.9528576,92.0
2024-01,VZ,830691874.2320348,87.0
2024-01,WFC,819847498.8116068,89.0
2024-01,WMT,1237740749.6968951,44.0
2024-01,XBI,949948069.9186779,72.0
2024-01,XLE,1572342762.178318,32.0
2024-01,XLF,1459376098.600763,36.0
2024-01,XLI,1007231406.6324749,64.0
2024-01,XLK,1299077303.130595,41.0
2024-01,XLP,813361176.9518534,91.0
2024-01,XLU,1021954086.4982847,63.0
2024-01,XLV,1104413880.4575965,55.0
2024-01,XLY,875200548.3204433,78.0
2024-01,XOM,2139907940.9755888,21.0
2024-02,AAPL,10500726098.386686,6.0
2024-02,ABBV,880555628.7497143,89.0
2024-02,ADBE,1913796036.2021794,30.0
2024-02,AGG,916938053.3702426,81.0
2024-02,AMAT,1075434122.9311745,64.0
2024-02,AMD,11492749561.80702,5.0
2024-02,AMGN,838272018.9346071,100.0
2024-02,AMZN,7615953133.203512,9.0
2024-02,ARKK,861647616.5760767,94.0
2024-02,ARM,1600648340.1395404,34.0
2024-02,ASML,928624941.7260548,79.0
2024-02,AVGO,3701756960.5682616,16.0
2024-02,BA,2050695473.2875764,26.0
2024-02,BABA,1588412943.290432,36.0
2024-02,BAC,1390645318.8374262,43.0
2024-02,BKNG,969925832.3290992,75.0
2024-02,BRK-A,5849147731.746032,11.0
2024-02,BRK-B,1341961675.7872567,46.0
2024-02,C,970131976.6715943,74.0
2024-02,CMCSA,855850153.6915467,95.0
2024-02,COIN,2228804719.551995,23.0
2024-02,COST,1491295423.5326374,38.0
2024-02,CRM,1693372736.6944087,32.0
2024-02,CRWD,955459569.1763742,76.0
2024-02,CSCO,987089060.1001981,72.0
2024-02,CVS,849579231.3416497,97.0
2024-02,CVX,1450252881.4244347,40.0
2024-02,DIA,1443409206.0932462,41.0
2024-02,DIS,1236064307.3980784,52.0
2024-02,EEM,1175736739.83167,55.0
2024-02,EFA,1127220411.0815382,58.0
2024-02,FXI,1064777548.6684406,65.0
2024-02,GLD,1232972898.5738118,53.0
2024-02,GOOG,3225920000.574094,17.0
2024-02,GOOGL,4254799576.439776,14.0
2024-02,GS,869652965.877424,92.0
2024-02,HD,1221854700.014387,54.0
2024-02,HUM,884150769.5530483,87.0
2024-02,HYG,2836932726.5645103,19.0
2024-02,IBM,875734139.2246065,90.0
2024-02,IEF,1033052230.645655,69.0
2024-02,INTC,1966053700.5884807,29.0
2024-02,IVV,2635675825.4998584,20.0
2024-02,IWM,8368947382.376825,8.0
2024-02,JNJ,1155937873.8098872,56.0
2024-02,JPM,1592166043.9158363,35.0
2024-02,KO,874057069.4431547,91.0
2024-02,LLY,2109998684.2067173,24.0
2024-02,LQD,3096656817.1301827,18.0
2024-02,LRCX,849887173.5142299,96.0
2024-02,MA,1105201955.8142767,62.0
2024-02,MCD,911274880.9462774,83.0
2024-02,META,7527817711.590043,10.0
2024-02,MRK,970595649.1502308,73.0
2024-02,MSFT,9598053569.36442,7.0
2024-02,MSTR,913384525.2364023,82.0
2024-02,MU,1240027343.7172298,51.0
2024-02,NFLX,2511754047.7515326,21.0
2024-02,NKE,997833613.7748597,71.0
2024-02,NOW,883977747.4533565,88.0
2024-02,NVDA,27765899714.447567,2.0
2024-02,ORCL,1043227410.3792948,66.0
2024-02,PANW,1715764315.4971652,31.0
2024-02,PDD,1035279991.4423624,68.0
2024-02,PEP,945479274.5804317,77.0
2024-02,PFE,1321582312.0985,47.0
2024-02,PG,1119148986.3018217,59.0
2024-02,PLTR,1396859281.3997993,42.0
2024-02,PYPL,1149948502.796494,57.0
2024-02,QCOM,1276628337.994506,49.0
2024-02,QQQ,18391452329.540386,4.0
2024-02,RSP,1112457000.2949307,61.0
2024-02,SBUX,839498548.8882761,99.0
2024-02,SMCI,5480870214.357497,12.0
2024-02,SNOW,1276485791.8560452,50.0
2024-02,SPY,37194115085.14762,1.0
2024-02,TLT,4547482039.601268,13.0
2024-02,TMO,904553078.5182892,84.0
2024-02,TNA,900904013.4672529,85.0
2024-02,TQQQ,3903420035.0274405,15.0
2024-02,TSLA,24172705060.087,3.0
2024-02,TSM,1378871899.2630367,44.0
2024-02,TXN,927271441.331385,80.0
2024-02,UBER,2007625836.1235301,27.0
2024-02,UNH,1990876373.7205384,28.0
2024-02,V,1459029546.3560317,39.0
2024-02,VOO,2284301648.541502,22.0
2024-02,VZ,841123283.1675696,98.0
2024-02,WFC,944205896.7952667,78.0
2024-02,WMT,1301284474.1011908,48.0
2024-02,XBI,1041953768.6874268,67.0
2024-02,XLE,1507190017.37,37.0
2024-02,XLF,1646856167.2726283,33.0
2024-02,XLI,1075497620.9442382,63.0
2024-02,XLK,1364019481.6102042,45.0
2024-02,XLP,887852678.2295711,86.0
2024-02,XLU,1011801123.474442,70.0
2024-02,XLV,1114659307.8226726,60.0
2024-02,XLY,867488650.4485842,93.0
2024-02,XOM,2065644299.0184603,25.0
2024-03,AAPL,11098995306.098768,6.0
2024-03,ABBV,969486623.4600976,81.0
2024-03,ADBE,2024673078.36357,28.0
2024-03,AGG,867754620.1331123,95.0
2024-03,AMAT,1183684305.4450383,58.0
2024-03,AMD,13567255978.426737,5.0
2024-03,AMGN,873229249.0228562,94.0
2024-03,AMZN,7289464858.995807,11.0
2024-03,ARM,1916804358.8986108,32.0
2024-03,ASML,1071939630.0215464,68.0
2024-03,AVGO,3824826256.8394494,16.0
2024-03,BA,2114584525.9966168,26.0
2024-03,BABA,1400252252.2692847,45.0
2024-03,BAC,1392884254.7356257,46.0
2024-03,BKNG,1009178106.3079834,75.0
2024-03,BMY,852311882.2688512,98.0
2024-03,BRK-A,7096256344.444445,12.0
2024-03,BRK-B,1401198698.9457388,44.0
2024-03,C,956643725.166133,82.0
2024-03,CMCSA,862019116.7382522,96.0
2024-03,CMI,855748061.3698324,97.0
2024-03,COIN,2776642049.579378,21.0
2024-03,COST,1529941535.129995,40.0
2024-03,CRM,1650336318.2513525,36.0
2024-03,CRWD,1200594787.7605379,55.0
2024-03,CSCO,978423032.9600137,80.0
2024-03,CVS,845175590.3587947,99.0
2024-03,CVX,1319518457.809545,50.0
2024-03,DIA,1405267004.1792612,43.0
2024-03,DIS,1297151963.188232,52.0
2024-03,EEM,1177965431.9831789,59.0
2024-03,EFA,1143256473.402332,61.0
2024-03,FXI,1065033624.0656837,71.0
2024-03,GBTC,904935369.2884493,89.0
2024-03,GE,900874878.7019987,91.0
2024-03,GLD,1274028533.0998497,53.0
2024-03,GOOG,3282268821.6815524,18.0
2024-03,GOOGL,4378995536.323645,13.0
2024-03,GS,892701160.530599,92.0
2024-03,HD,1196810349.390811,56.0
2024-03,HYG,2815730198.009915,20.0
2024-03,IBIT,1312366514.3393905,51.0
2024-03,IBM,941748599.1287959,84.0
2024-03,IEF,844400693.7657553,100.0
2024-03,INTC,2003545510.0938828,29.0
2024-03,IVV,2880575752.6001463,19.0
2024-03,IWM,7810563889.48248,10.0
2024-03,JNJ,1124202618.15762,62.0
2024-03,JPM,1609251518.4605432,37.0
2024-03,LIN,1050462016.6543143,73.0
2024-03,LLY,2268271419.3204365,25.0
2024-03,LQD,3345914691.503543,17.0
2024-03,LRCX,930697497.638763,86.0
2024-03,MA,1101108935.9354656,66.0
2024-03,MCD,915917622.599623,88.0
2024-03,META,7885176944.801597,9.0
2024-03,MRK,1068536560.6740195,70.0
2024-03,MRVL,993753919.9802338,77.0
2024-03,MSFT,9176194682.553633,7.0
2024-03,MSTR,2532796758.274018,22.0
2024-03,MU,1768420466.6647775,34.0
2024-03,NFLX,2474381662.8430686,23.0
2024-03,NKE,950725872.4050976,83.0
2024-03,NOW,923366032.7263484,87.0
2024-03,NVDA,39167293870.03471,1.0
2024-03,ORCL,1057072763.0794344,72.0
2024-03,PANW,1791639085.5165029,33.0
2024-03,PDD,1123227793.9055064,63.0
2024-03,PEP,984606174.189613,79.0
2024-03,PFE,1202037734.0831513,54.0
2024-03,PG,1069068110.8920385,69.0
2024-03,PLTR,1566469061.3825238,38.0
2024-03,PYPL,1114048861.4238193,64.0
2024-03,QCOM,1369478647.7927072,48.0
2024-03,QQQ,19101639815.598454,4.0
2024-03,RSP,1020030213.1938632,74.0
2024-03,SMCI,8271325207.79543,8.0
2024-03,SNOW,1345290402.1543472,49.0
2024-03,SPY,37523304943.445984,2.0
2024-03,TLT,4037486938.604361,15.0
2024-03,TMO,889310874.5515369,93.0
2024-03,TQQQ,4097015372.891417,14.0
2024-03,TSLA,20311354006.768482,3.0
2024-03,TSM,1944918481.0221355,30.0
2024-03,TXN,939559451.0480851,85.0
2024-03,UBER,1431203828.9218419,41.0
2024-03,UNH,2037241567.81374,27.0
2024-03,V,1541295192.8731768,39.0
2024-03,VOO,2409026399.281529,24.0
2024-03,WFC,989410937.2112213,78.0
2024-03,WMT,1167164729.6959953,60.0
2024-03,XBI,1089315223.089418,67.0
2024-03,XLE,1415741820.244465,42.0
2024-03,XLF,1767201125.3427415,35.0
2024-03,XLI,1105983262.0756483,65.0
2024-03,XLK,1378961594.9672396,47.0
2024-03,XLP,904495912.2318207,90.0
2024-03,XLU,1005830609.3907675,76.0
2024-03,XLV,1186060135.111055,57.0
2024-03,XOM,1924096226.9105577,31.0
2024-04,AAPL,10857181430.7895,6.0
2024-04,ABBV,999926155.8967712,77.0
2024-04,ACN,910629535.6831869,91.0
2024-04,ADBE,1984415931.4216251,30.0
2024-04,AGG,908708347.4387639,92.0
2024-04,AMAT,1163516913.636586,61.0
2024-04,AMD,11795984927.70841,5.0
2024-04,AMZN,7555834047.81499,11.0
2024-04,ARM,2050930170.7525103,29.0
2024-04,ASML,1069040351.6740103,69.0
2024-04,AVGO,3826459618.123615,16.0
2024-04,BA,1528361274.6990385,40.0
2024-04,BABA,1165777209.7180078,60.0
2024-04,BAC,1429734929.9694364,45.0
2024-04,BKNG,972226283.2248021,81.0
2024-04,BRK-A,8311502207.936508,10.0
2024-04,BRK-B,1372017086.4043221,48.0
2024-04,C,911840081.0438852,90.0
2024-04,CAT,847114007.1517702,99.0
2024-04,CMCSA,915975068.6443517,89.0
2024-04,CMI,888514204.7204396,95.0
2024-04,COIN,2709446607.2331867,22.0
2024-04,COST,1473912319.2704458,43.0
2024-04,CRM,1665103281.8027556,37.0
2024-04,CRWD,1104639702.9907227,66.0
2024-04,CSCO,970855511.163312,82.0
2024-04,CVX,1273421214.8445492,51.0
2024-04,DELL,916381660.1733011,88.0
2024-04,DIA,1431190473.465886,44.0
2024-04,DIS,1287212792.9152837,50.0
2024-04,EEM,1183025488.2908897,56.0
2024-04,EFA,1168863640.5999925,58.0
2024-04,FXI,1020085919.7862806,74.0
2024-04,GBTC,852558497.7794453,98.0
2024-04,GDX,846485258.0736917,100.0
2024-04,GE,1177305995.0895753,57.0
2024-04,GLD,1764091292.9104033,35.0
2024-04,GOOG,3571781594.8701887,17.0
2024-04,GOOGL,4789630707.90771,13.0
2024-04,GS,937866818.992203,85.0
2024-04,HD,1237636390.5179462,54.0
2024-04,HYG,3048367217.937409,19.0
2024-04,IBIT,1489456050.2560813,41.0
2024-04,IBM,870638075.298927,96.0
2024-04,INTC,1974104124.3192372,32.0
2024-04,IVV,2917877705.355205,21.0
2024-04,IWM,7365107892.926922,12.0
2024-04,JNJ,1186539935.3762672,55.0
2024-04,JPM,1655310854.4094267,38.0
2024-04,KO,854715706.7244272,97.0
2024-04,LIN,1105498363.8310993,65.0
2024-04,LLY,2350240768.861026,25.0
2024-04,LQD,3219315572.1483626,18.0
2024-04,LRCX,958662798.1052701,84.0
2024-04,MA,1117970484.2402382,62.0
2024-04,MCD,961117685.3442965,83.0
2024-04,META,9123962751.105658,8.0
2024-04,MRK,1054364991.8420216,71.0
2024-04,MRVL,988251254.541718,78.0
2024-04,MSFT,8883724268.962654,9.0
2024-04,MSTR,3043663240.5099416,20.0
2024-04,MU,2373782865.5739193,24.0
2024-04,NFLX,2159702872.8803606,27.0
2024-04,NKE,926204195.968083,87.0
2024-04,NOW,905270892.2681051,93.0
2024-04,NVDA,44041977588.27186,1.0
2024-04,ORCL,1012393516.6994368,76.0
2024-04,PANW,1793595962.0165627,34.0
2024-04,PDD,1054868035.6395419,70.0
2024-04,PEP,1016528991.638547,75.0
2024-04,PFE,1107294229.3761783,64.0
2024-04,PG,1020459533.4575834,73.0
2024-04,PLTR,1590163605.944364,39.0
2024-04,PYPL,933921601.9306183,86.0
2024-04,QCOM,1372709097.204057,47.0
2024-04,QQQ,20003787080.313694,3.0
2024-04,RSP,1047476942.270285,72.0
2024-04,SMCI,9130113669.342161,7.0
2024-04,SNOW,1255780044.3414598,52.0
2024-04,SPY,36943433465.643166,2.0
2024-04,TLT,3855857276.5830994,15.0
2024-04,TQQQ,4243482114.552961,14.0
2024-04,TSLA,18391168370.286125,4.0
2024-04,TSM,2165220668.494464,26.0
2024-04,TXN,902229823.7025428,94.0
2024-04,UBER,1418470785.8712575,46.0
2024-04,UNH,2153399876.4707537,28.0
2024-04,V,1670733238.9121404,36.0
2024-04,VOO,2588078008.938114,23.0
2024-04,WFC,1071485458.3350166,68.0
2024-04,WMT,1117907368.1398542,63.0
2024-04,XBI,1071515173.762924,67.0
2024-04,XLE,1473955354.3225,42.0
2024-04,XLF,1898313874.313409,33.0
2024-04,XLI,1168057140.0354173,59.0
2024-04,XLK,1355959284.1177561,49.0
2024-04,XLP,978837795.9959968,79.0
2024-04,XLU,976236650.9799594,80.0
2024-04,XLV,1247168606.8585107,53.0
2024-04,XOM,1981782528.2683842,31.0
2024-05,AAPL,11016625201.283531,5.0
2024-05,ABBV,979105804.1629367,76.0
2024-05,ACN,974544071.3415236,77.0
2024-05,ADBE,1763144611.6382902,36.0
2024-05,AGG,812702770.0402396,98.0
2024-05,AMAT,1042679365.7936702,68.0
2024-05,AMD,10402425318.308851,6.0
2024-05,AMZN,7111386396.7189245,10.0
2024-05,ARM,1136892876.720283,59.0
2024-05,ASML,984072706.0971215,75.0
2024-05,AVGO,3852909934.512426,14.0
2024-05,BA,1384040205.0387428,43.0
2024-05,BABA,1296306209.6552045,48.0
2024-05,BAC,1422161080.6750646,41.0
2024-05,BKNG,893838228.9577665,91.0
2024-05,BRK-A,8562286642.857142,7.0
2024-05,BRK-B,1302767082.7839684,46.0
2024-05,C,842743717.146162,96.0
2024-05,CAT,872871694.7119335,93.0
2024-05,CMCSA,855394084.2005135,95.0
2024-05,COIN,2583920252.144611,23.0
2024-05,COST,1506397550.1145136,39.0
2024-05,CRM,1836471632.9866197,32.0
2024-05,CRWD,1050608552.31362,66.0
2024-05,CSCO,942449063.4327964,83.0
2024-05,CVX,1217527621.681504,52.0
2024-05,DELL,1357467829.0144541,45.0
2024-05,DIA,1402808135.3216746,42.0
2024-05,DIS,1216055580.2534678,53.0
2024-05,EEM,1157363109.2353578,56.0
2024-05,EFA,1109798986.6217477,62.0
2024-05,FXI,1040288259.0445473,69.0
2024-05,GDX,885736417.2554319,92.0
2024-05,GE,1214076619.7998254,54.0
2024-05,GLD,1835806623.5635908,33.0
2024-05,GOOG,3405509355.742488,17.0
2024-05,GOOGL,4576859907.167707,13.0
2024-05,GS,984491224.8855349,74.0
2024-05,HD,1279850118.550231,49.0
2024-05,HYG,2875774928.9510937,19.0
2024-05,IBIT,1522370904.6020205,38.0
2024-05,INTC,1850290654.5931711,31.0
2024-05,INTU,841429510.4499938,97.0
2024-05,IVV,2719374798.703003,21.0
2024-05,IWM,6184466261.351328,12.0
2024-05,JNJ,1167697181.8510509,55.0
2024-05,JPM,1781474155.1396687,34.0
2024-05,LIN,1110485884.338379,61.0
2024-05,LLY,2083376721.777925,28.0
2024-05,LQD,2830476730.0594873,20.0
2024-05,LRCX,924766213.1855072,87.0
2024-05,LULU,870851312.1515183,94.0
2024-05,MA,1106271747.6035466,64.0
2024-05,MCD,945385840.8524044,81.0
2024-05,META,7495787371.8424,9.0
2024-05,MRK,1082904682.1781218,65.0
2024-05,MRVL,971923251.6954815,78.0
2024-05,MSFT,8318942298.221358,8.0
2024-05,MSTR,3239016554.3455095,18.0
2024-05,MU,2592493066.320486,22.0
2024-05,NEE,805100111.1379956,99.0
2024-05,NFLX,2095889464.2795987,26.0
2024-05,NKE,922125728.230334,88.0
2024-05,NOW,938880500.8071415,85.0
2024-05,NVDA,45182852784.58138,1.0
2024-05,ORCL,997540790.576184,71.0
2024-05,PANW,1256331050.3416514,50.0
2024-05,PDD,1358480830.8678641,44.0
2024-05,PEP,915535013.5919964,89.0
2024-05,PFE,1150466278.4862943,57.0
2024-05,PG,990661240.6972492,73.0
2024-05,PLTR,1135434256.250215,60.0
2024-05,QCOM,1563602203.7861416,37.0
2024-05,QQQ,18503360313.60033,3.0
2024-05,RSP,949040644.4519043,80.0
2024-05,SBUX,909404307.8778464,90.0
2024-05,SLV,802058294.5198665,100.0
2024-05,SMCI,6595109018.436855,11.0
2024-05,SNOW,942345108.3013625,84.0
2024-05,SPY,33853177898.64221,2.0
2024-05,TLT,3542226199.0014577,16.0
2024-05,TQQQ,3824071420.1652527,15.0
2024-05,TSLA,16345751535.537525,4.0
2024-05,TSM,2192011446.487039,25.0
2024-05,TXN,1020119183.4103539,70.0
2024-05,UBER,1297293416.9844916,47.0
2024-05,UNH,2060567889.690484,29.0
2024-05,V,1929059826.294575,30.0
2024-05,VOO,2382663692.3539906,24.0
2024-05,WFC,1046565549.478991,67.0
2024-05,WMT,997344814.5045205,72.0
2024-05,XBI,955653011.7833456,79.0
2024-05,XLE,1441418402.9472835,40.0
2024-05,XLF,1775593653.111273,35.0
2024-05,XLI,1106457980.83398,63.0
2024-05,XLK,1252106142.734007,51.0
2024-05,XLP,942839028.8268801,82.0
2024-05,XLU,930503763.5654389,86.0
2024-05,XLV,1143327712.635537,58.0
2024-05,XOM,2092992779.9295697,27.0
2024-06,AAPL,12963410269.41882,5.0
2024-06,ABBV,935563526.619999,84.0
2024-06,ACN,1070572679.0416899,63.0
2024-06,ADBE,1706514446.7544312,36.0
2024-06,AMAT,1083462784.8230512,61.0
2024-06,AMD,8504856053.60834,6.0
2024-06,AMZN,7645758564.898804,8.0
2024-06,ARM,1313086922.0347328,45.0
2024-06,ASML,998076288.405161,74.0
2024-06,AVGO,4809555582.43137,13.0
2024-06,BA,1194429188.7433007,51.0
2024-06,BABA,1281294510.5299935,48.0
2024-06,BAC,1406633458.5532355,41.0
2024-06,BKNG,831406997.5268651,98.0
2024-06,BRK-A,6894831363.4920635,10.0
2024-06,BRK-B,1365694936.210269,44.0
2024-06,CAT,1017100249.5536683,71.0
2024-06,CMCSA,820231307.7769839,100.0
2024-06,CMG,939427034.5871214,82.0
2024-06,COIN,2035874022.5921388,31.0
2024-06,COST,1397639580.6113591,42.0
2024-06,CRM,2065491205.8782184,29.0
2024-06,CRWD,1520195937.4233186,39.0
2024-06,CSCO,930742565.4457214,86.0
2024-06,CVX,1181072157.236178,52.0
2024-06,DELL,1843315757.2565956,33.0
2024-06,DIA,1291835736.3012404,46.0
2024-06,DIS,1121644458.363306,58.0
2024-06,EEM,1168422350.7919736,53.0
2024-06,EFA,1076517690.7090929,62.0
2024-06,FXI,986062885.7630897,76.0
2024-06,GDX,849048452.0771329,95.0
2024-06,GE,1124013705.120313,57.0
2024-06,GLD,1732114851.8284147,35.0
2024-06,GME,1414372316.7246394,40.0
2024-06,GOOG,3317950323.180571,17.0
2024-06,GOOGL,4433508002.402194,14.0
2024-06,GS,985866488.4917729,77.0
2024-06,HD,1280054176.3508146,49.0
2024-06,HYG,2864421838.4673347,18.0
2024-06,IBIT,1049133650.3129383,67.0
2024-06,INTC,1589699551.6020973,38.0
2024-06,INTU,895440949.1774786,88.0
2024-06,IVV,2637571175.7600813,20.0
2024-06,IWM,5660120354.9098425,11.0
2024-06,JNJ,1136776383.86354,55.0
2024-06,JPM,1839646142.1179636,34.0
2024-06,LLY,2119556934.0894911,27.0
2024-06,LQD,2631390744.502028,21.0
2024-06,LRCX,932920006.5015763,85.0
2024-06,MA,1124798554.1036456,56.0
2024-06,MCD,968841174.4740804,79.0
2024-06,META,7218438525.81138,9.0
2024-06,MRK,1062786898.3240521,64.0
2024-06,MSFT,8000280839.562843,7.0
2024-06,MSTR,2063616788.9326792,30.0
2024-06,MU,2861101137.833768,19.0
2024-06,NEE,844632476.9425225,97.0
2024-06,NFLX,2124540296.5630426,26.0
2024-06,NKE,1001607227.0720224,73.0
2024-06,NOW,960761583.0665467,80.0
2024-06,NVDA,43211040582.78755,1.0
2024-06,ORCL,1047375915.1341635,68.0
2024-06,PANW,1112163972.7149115,60.0
2024-06,PDD,1243454517.9524982,50.0
2024-06,PEP,878840759.0003846,90.0
2024-06,PFE,1045840948.3406006,69.0
2024-06,PG,1026447254.4629294,70.0
2024-06,PLTR,956891690.5775646,81.0
2024-06,QCOM,1874652725.9008982,32.0
2024-06,QQQ,16599765020.716011,3.0
2024-06,RSP,937460787.4920073,83.0
2024-06,SBUX,976426064.5449684,78.0
2024-06,SLV,822617262.8476613,99.0
2024-06,SMCI,5464262957.55235,12.0
2024-06,SNOW,880098571.5260702,89.0
2024-06,SPY,30048422456.649246,2.0
2024-06,TLT,3524838795.098913,15.0
2024-06,TMO,847494029.7303215,96.0
2024-06,TMUS,865105017.0347668,94.0
2024-06,TQQQ,3464080473.2815394,16.0
2024-06,TSLA,15382910053.962103,4.0
2024-06,TSM,2214241918.7487164,23.0
2024-06,TXN,1007709857.4091109,72.0
2024-06,UBER,1291437832.1998656,47.0
2024-06,UNH,2182160014.9699864,24.0
2024-06,V,2168103164.863901,25.0
2024-06,VOO,2428285906.476508,22.0
2024-06,VRT,865490335.5039929,93.0
2024-06,WFC,1061222765.7824259,65.0
2024-06,WMT,996939018.1537386,75.0
2024-06,XBI,867752391.4803399,92.0
2024-06,XLE,1397465981.625778,43.0
2024-06,XLF,1683867774.1869488,37.0
2024-06,XLI,1118447436.2912982,59.0
2024-06,XLK,1162180838.391089,54.0
2024-06,XLP,901807349.6269348,87.0
2024-06,XLU,875067116.6314625,91.0
2024-06,XLV,1058157442.3303756,66.0
2024-06,XOM,2119180217.95578,28.0
2024-07,AAPL,13713610783.144463,5.0
2024-07,ABBV,918213468.171159,86.0
2024-07,ACN,1065581071.6482011,68.0
2024-07,ADBE,1666642848.4913175,36.0
2024-07,AMAT,1216705591.7156885,48.0
2024-07,AMD,8451400672.849189,6.0
2024-07,AMZN,7634242156.93495,8.0
2024-07,ANET,804125904.9366542,96.0
2024-07,ARM,1528847771.0498629,39.0
2024-07,ASML,1122892008.013238,57.0
2024-07,AVGO,5665724837.5490465,11.0
2024-07,BA,1106040763.8482957,60.0
2024-07,BABA,1233767787.8468711,46.0
2024-07,BAC,1458233363.418137,43.0
2024-07,BKNG,880566173.7454127,90.0
2024-07,BRK-A,4252622253.968254,14.0
2024-07,BRK-B,1493954100.3537617,41.0
2024-07,CAT,1006038829.7351171,75.0
2024-07,CMCSA,781062784.527164,99.0
2024-07,CMG,1050982365.787276,69.0
2024-07,COIN,1972288943.6508179,31.0
2024-07,COST,1581393434.43216,37.0
2024-07,CRM,2040588485.116117,30.0
2024-07,CRWD,2426955885.1662774,23.0
2024-07,CSCO,938838107.3108854,83.0
2024-07,CVX,1082612695.2947466,65.0
2024-07,DELL,1962186919.481889,32.0
2024-07,DHR,790665283.8624984,98.0
2024-07,DIA,1233064884.5235188,47.0
2024-07,DIS,1092896348.3136132,63.0
2024-07,EEM,1146667837.1351273,54.0
2024-07,EFA,963767995.1925732,79.0
2024-07,FXI,936963619.1616664,84.0
2024-07,GE,960912389.8285639,81.0
2024-07,GLD,1349301417.9411387,44.0
2024-07,GME,1521684162.3634367,40.0
2024-07,GOOG,3091671384.8087854,17.0
2024-07,GOOGL,4267969909.2957997,13.0
2024-07,GS,1035999495.5554781,70.0
2024-07,HD,1199586495.255001,49.0
2024-07,HYG,2564049175.30302,20.0
2024-07,IBIT,921737867.0385149,85.0
2024-07,INTC,1489756990.1152928,42.0
2024-07,INTU,893362464.5455496,88.0
2024-07,IVV,2246600168.4536886,24.0
2024-07,IWM,6253836915.716504,10.0
2024-07,JNJ,1090276128.1951904,64.0
2024-07,JPM,1819603601.7551968,35.0
2024-07,LLY,2438357433.8403125,21.0
2024-07,LQD,2434834411.189863,22.0
2024-07,LRCX,956537838.6827499,82.0
2024-07,MA,1169471192.1179392,53.0
2024-07,MCD,989663981.2051924,77.0
2024-07,META,6403246723.855882,9.0
2024-07,MRK,1133193561.8237813,55.0
2024-07,MSFT,8206745115.150186,7.0
2024-07,MSTR,1954761725.4103403,33.0
2024-07,MU,2806324428.0512857,18.0
2024-07,NEE,844288142.176286,93.0
2024-07,NFLX,2081345532.5858707,28.0
2024-07,NKE,1171623446.8847125,52.0
2024-07,NOW,1098825245.188153,62.0
2024-07,NVDA,41865729336.777954,1.0
2024-07,ORCL,1127934023.7173777,56.0
2024-07,PANW,1027802342.7557567,72.0
2024-07,PDD,1198582680.2509732,50.0
2024-07,PEP,875473009.7621857,91.0
2024-07,PFE,1077569941.9029145,66.0
2024-07,PG,1012167529.3459938,74.0
2024-07,PLTR,1101335243.1051738,61.0
2024-07,QCOM,2046092109.581696,29.0
2024-07,QQQ,15391872436.612423,4.0
2024-07,RSP,972507519.0284123,78.0
2024-07,SBUX,1065693176.8347241,67.0
2024-07,SMCI,5232348007.424128,12.0
2024-07,SNOW,884128647.7138216,89.0
2024-07,SPY,26261845415.21873,2.0
2024-07,TLT,3225573601.281484,16.0
2024-07,TMO,900083037.896341,87.0
2024-07,TMUS,868244474.1257683,92.0
2024-07,TQQQ,3418383415.4737144,15.0
2024-07,TSLA,20069678729.8374,3.0
2024-07,TSM,2687802285.2862887,19.0
2024-07,TXN,1031140034.89656,71.0
2024-07,UBER,1198491089.387058,51.0
2024-07,UNH,2099501001.0400198,27.0
2024-07,V,2212370046.05306,26.0
2024-07,VOO,2216135942.942059,25.0
2024-07,VRT,838372030.0049676,94.0
2024-07,VST,780001978.0560206,100.0
2024-07,WFC,999726366.5100219,76.0
2024-07,WMT,1026904307.0758336,73.0
2024-07,XBI,800264051.0077825,97.0
2024-07,XLE,1241035579.7641208,45.0
2024-07,XLF,1556277624.3301816,38.0
2024-07,XLI,1107044934.2654274,59.0
2024-07,XLK,1107296286.4496868,58.0
2024-07,XLP,820011053.0585274,95.0
2024-07,XLV,963697421.1103166,80.0
2024-07,XOM,1893956685.6579978,34.0
2024-08,AAPL,13699342302.187094,5.0
2024-08,ABBV,923971531.5664624,85.0
2024-08,ACN,981088337.01758,77.0
2024-08,ADBE,1543953691.5775845,41.0
2024-08,AMAT,1348890305.5750043,44.0
2024-08,AMD,8115098224.720764,7.0
2024-08,AMZN,7671469159.544736,8.0
2024-08,ARM,1542195603.6511014,42.0
2024-08,ASML,1262208655.1476858,48.0
2024-08,AVGO,5825632108.478244,11.0
2024-08,BA,1065350927.0316472,64.0
2024-08,BABA,1030380934.6127465,71.0
2024-08,BAC,1565833024.994387,39.0
2024-08,BKNG,918421031.7448207,86.0
2024-08,BRK-A,1694115722.2222223,34.0
2024-08,BRK-B,1661189427.2602384,36.0
2024-08,C,815229888.9210716,94.0
2024-08,CAT,977895771.9668918,78.0
2024-08,CMG,1162013492.2847807,54.0
2024-08,COIN,1768148321.3411362,31.0
2024-08,COST,1616079706.147984,38.0
2024-08,CRM,1767005243.7650893,32.0
2024-08,CRWD,2663331794.4245596,22.0
2024-08,CSCO,945686519.5985461,83.0
2024-08,CVX,1088376621.1572073,61.0
2024-08,DELL,1708996358.182344,33.0
2024-08,DIA,1296286422.4360874,45.0
2024-08,DIS,1017792076.8169222,72.0
2024-08,EEM,1124954793.9336565,56.0
2024-08,EFA,1002875266.542356,75.0
2024-08,FXI,807899564.9047761,95.0
2024-08,GE,888544457.5026497,88.0
2024-08,GLD,1392341749.0675669,43.0
2024-08,GME,973049756.7714478,79.0
2024-08,GOOG,3032285692.972843,16.0
2024-08,GOOGL,4214831645.880878,13.0
2024-08,GS,1030390398.7279013,70.0
2024-08,HD,1203734559.376647,50.0
2024-08,HYG,2716716618.0468726,20.0
2024-08,IBIT,956946322.8322377,81.0
2024-08,INTC,1661945535.8753145,35.0
2024-08,INTU,879307065.1237366,89.0
2024-08,IVV,2429478329.6119328,24.0
2024-08,IWM,6806674037.306964,10.0
2024-08,JNJ,1062259354.1150048,65.0
2024-08,JPM,1776942316.6113234,30.0
2024-08,KO,831647454.1131641,93.0
2024-08,KRE,806095997.3170023,96.0
2024-08,LLY,2819321563.634188,19.0
2024-08,LQD,2676433404.2760577,21.0
2024-08,LRCX,1061903684.9328904,66.0
2024-08,MA,1116195571.7311313,57.0
2024-08,MCD,998979262.4028524,76.0
2024-08,META,6935465164.130608,9.0
2024-08,MRK,1145330700.7758005,55.0
2024-08,MRVL,769648735.4204329,100.0
2024-08,MSFT,8419263083.805677,6.0
2024-08,MSTR,1806319636.4845638,29.0
2024-08,MU,2945994466.550506,18.0
2024-08,NFLX,2107173556.3284254,26.0
2024-08,NKE,1201116812.421284,51.0
2024-08,NOW,1033831511.5966797,69.0
2024-08,NVDA,41798727927.20022,1.0
2024-08,ORCL,1107001408.4408352,59.0
2024-08,PANW,1017357034.3006437,73.0
2024-08,PDD,1276707089.4650898,46.0
2024-08,PEP,915099334.9186488,87.0
2024-08,PFE,933251231.275946,84.0
2024-08,PG,1079413929.9913678,62.0
2024-08,PLTR,1268525927.1422584,47.0
2024-08,PYPL,798693849.950742,97.0
2024-08,QCOM,1882212765.163894,28.0
2024-08,QQQ,16854459829.982988,4.0
2024-08,RSP,1056890419.0119425,67.0
2024-08,SBUX,1258218492.9741268,49.0
2024-08,SMCI,5337454533.384595,12.0
2024-08,SNOW,946131260.610538,82.0
2024-08,SPY,27424449300.3541,2.0
2024-08,TLT,3428963993.474155,15.0
2024-08,TMO,861453902.6252868,91.0
2024-08,TMUS,870052005.0850278,90.0
2024-08,TNA,850772156.8585593,92.0
2024-08,TQQQ,3835337499.435873,14.0
2024-08,TSLA,20740950351.33565,3.0
2024-08,TSM,2959733474.965026,17.0
2024-08,TXN,1043785886.4191691,68.0
2024-08,UBER,1094227024.5381432,60.0
2024-08,UNH,2072703274.2592463,27.0
2024-08,V,2255942309.0188165,25.0
2024-08,VOO,2478964758.145384,23.0
2024-08,VRT,795433519.5993817,98.0
2024-08,WFC,972422479.2551373,80.0
2024-08,WMT,1076963987.8728957,63.0
2024-08,XLE,1197542410.5882676,53.0
2024-08,XLF,1564903538.7115235,40.0
2024-08,XLI,1115413336.3390968,58.0
2024-08,XLK,1197671947.0860558,52.0
2024-08,XLP,776084302.2837079,99.0
2024-08,XLV,1017341291.4981176,74.0
2024-08,XOM,1652960339.6136935,37.0
2024-09,AAPL,12222012490.343292,5.0
2024-09,ABBV,891087948.6066545,86.0
2024-09,ACN,826518683.7646968,93.0
2024-09,ADBE,1393922402.6704335,42.0
2024-09,AMAT,1356382303.6205232,46.0
2024-09,AMD,7112288077.525838,9.0
2024-09,AMZN,7380773669.944956,7.0
2024-09,ARM,1202144073.4917536,53.0
2024-09,ASML,1325035272.077094,47.0
2024-09,AVGO,4881628151.698836,11.0
2024-09,BA,1182114446.9360352,56.0
2024-09,BABA,1375118916.762022,45.0
2024-09,BAC,1611978015.0044456,35.0
2024-09,BKNG,946994643.7720647,76.0
2024-09,BRK-A,1198129393.6507936,54.0
2024-09,BRK-B,1761550496.2906127,31.0
2024-09,C,830053358.4636446,92.0
2024-09,CAT,905670507.3345851,85.0
2024-09,CMG,918797859.7878653,82.0
2024-09,COIN,1533296083.2408602,38.0
2024-09,COST,1703929862.5074599,32.0
2024-09,CRM,1471906207.3061988,41.0
2024-09,CRWD,2058844014.2025902,26.0
2024-09,CSCO,924942947.4745312,81.0
2024-09,CVX,1089133867.2040668,62.0
2024-09,DELL,1383249148.5922678,44.0
2024-09,DIA,1383941314.0775166,43.0
2024-09,DIS,963169801.599,74.0
2024-09,EEM,1227405310.2667975,51.0
2024-09,EFA,911766021.2550693,84.0
2024-09,FXI,1056466916.1373532,71.0
2024-09,GE,861751813.9107356,88.0
2024-09,GLD,1502768062.1229384,39.0
2024-09,GOOG,2981873452.9821973,16.0
2024-09,GOOGL,4200931181.247796,13.0
2024-09,GS,1038299098.4518869,72.0
2024-09,HD,1186252570.817251,55.0
2024-09,HYG,2785420806.2857614,22.0
2024-09,IBIT,925096871.9024446,80.0
2024-09,INTC,2002963925.7578468,27.0
2024-09,INTU,819773354.3834867,95.0
2024-09,IVV,2883259488.3199058,20.0
2024-09,IWM,7109192241.664051,10.0
2024-09,JNJ,1057387948.1378223,70.0
2024-09,JPM,1885504887.2049968,29.0
2024-09,KO,946596776.1209639,77.0
2024-09,KRE,835167515.7252841,91.0
2024-09,LLY,2923667881.681315,19.0
2024-09,LQD,2954858986.458067,17.0
2024-09,LRCX,1080630851.9921682,64.0
2024-09,MA,1141222763.5627868,59.0
2024-09,MCD,940064255.7348827,78.0
2024-09,META,7169211950.791616,8.0
2024-09,MRK,1081261367.5590637,63.0
2024-09,MRVL,783332370.0333005,98.0
2024-09,MSFT,8450364818.158782,6.0
2024-09,MSTR,1696656291.0264878,33.0
2024-09,MU,2626246264.773499,23.0
2024-09,NFLX,2097849098.4830706,25.0
2024-09,NKE,1067159335.9881446,67.0
2024-09,NOW,1066924539.1995869,68.0
2024-09,NVDA,38006839488.23521,1.0
2024-09,ORCL,1255219539.8678129,49.0
2024-09,PANW,961558577.2579618,75.0
2024-09,PDD,1496192842.6613338,40.0
2024-09,PEP,936801891.3103619,79.0
2024-09,PFE,916685139.5259191,83.0
2024-09,PG,1162510714.3986778,58.0
2024-09,PLTR,1870915431.0656261,30.0
2024-09,PYPL,820326057.7998388,94.0
2024-09,QCOM,1564499342.504665,37.0
2024-09,QQQ,17747528839.790802,4.0
2024-09,RSP,1124641306.4374168,60.0
2024-09,SBUX,1274974222.068932,48.0
2024-09,SMCI,4461747334.39824,12.0
2024-09,SNOW,839446407.0930965,90.0
2024-09,SPY,28750685985.012478,2.0
2024-09,TLT,3578797736.3534956,15.0
2024-09,TMO,802391873.7893726,96.0
2024-09,TNA,884329414.421578,87.0
2024-09,TQQQ,3963098626.6235046,14.0
2024-09,TSLA,22210808906.6134,3.0
2024-09,TSM,2794148590.8392043,21.0
2024-09,TXN,1096934172.1343267,61.0
2024-09,UBER,1068033992.6698594,66.0
2024-09,UNH,1902778449.3356855,28.0
2024-09,V,2191972255.829003,24.0
2024-09,VOO,2952965284.7726974,18.0
2024-09,VTI,775356240.2487861,99.0
2024-09,VZ,784073756.8412478,97.0
2024-09,WFC,976761040.0004432,73.0
2024-09,WMT,1208576878.2317994,52.0
2024-09,XLE,1254086979.593949,50.0
2024-09,XLF,1627447989.3247333,34.0
2024-09,XLI,1069552656.674049,65.0
2024-09,XLK,1173073827.4182758,57.0
2024-09,XLP,841886121.4120653,89.0
2024-09,XLU,773120537.8927563,100.0
2024-09,XLV,1066554373.3400133,69.0
2024-09,XOM,1595350424.4288247,36.0
2024-10,AAPL,11127428889.5191,5.0
2024-10,ABBV,914031777.3652334,77.0
2024-10,ACN,784716133.946882,97.0
2024-10,ADBE,1405272592.0936706,43.0
2024-10,AGG,767971024.8906332,100.0
2024-10,AMAT,1260455651.480805,50.0
2024-10,AMD,5997234947.474647,9.0
2024-10,AMZN,6485007223.053172,8.0
2024-10,ARM,886721229.0723528,80.0
2024-10,ASML,1431557983.780537,42.0
2024-10,AVGO,4128023548.4637547,11.0
2024-10,BA,1582145011.9540987,37.0
2024-10,BABA,1940822629.6162682,28.0
2024-10,BAC,1443051754.8520951,41.0
2024-10,BKNG,879460937.6174685,82.0
2024-10,BRK-A,1143371212.6984127,57.0
2024-10,BRK-B,1723844968.6246357,32.0
2024-10,C,786870757.5611539,96.0
2024-10,CAT,869252346.9585116,84.0
2024-10,COIN,1585769214.1084943,36.0
2024-10,COST,1557465865.0928316,39.0
2024-10,CRM,1378816040.2136667,44.0
2024-10,CRWD,1258467371.373567,51.0
2024-10,CSCO,909946722.2500998,79.0
2024-10,CVX,1041493837.3513843,63.0
2024-10,DELL,1192226559.867544,54.0
2024-10,DIA,1287648887.640817,47.0
2024-10,DIS,872509739.8872012,83.0
2024-10,DJT,804392921.7602246,92.0
2024-10,EEM,1296786340.5854785,46.0
2024-10,EFA,824923972.5615366,89.0
2024-10,FXI,1883999261.8253496,30.0
2024-10,GE,795513039.3624927,94.0
2024-10,GLD,1538259067.0060172,40.0
2024-10,GOOG,2922541521.2944393,17.0
2024-10,GOOGL,4117229453.6265783,12.0
2024-10,GS,911313679.7718351,78.0
2024-10,HD,1237241675.691441,52.0
2024-10,HYG,2863630198.641314,20.0
2024-10,IBIT,1046612212.5666512,61.0
2024-10,IBM,830538943.6288501,86.0
2024-10,INTC,1700409710.376019,34.0
2024-10,INTU,801524316.2418426,93.0
2024-10,IVV,2915142679.4169106,19.0
2024-10,IWM,5526953854.465036,10.0
2024-10,JNJ,995047414.1007197,70.0
2024-10,JPM,1788485920.4768348,31.0
2024-10,KO,971738631.9009327,73.0
2024-10,KWEB,829349640.6723658,87.0
2024-10,LLY,2818883292.40277,21.0
2024-10,LQD,3046023633.9175878,16.0
2024-10,LRCX,1025209273.1608558,66.0
2024-10,MA,1116960018.5211182,59.0
2024-10,MCD,995057484.493195,69.0
2024-10,META,6661523023.613388,7.0
2024-10,MRK,1044089660.0688874,62.0
2024-10,MRVL,806196537.7996475,91.0
2024-10,MSFT,8035781239.204867,6.0
2024-10,MSTR,2455802615.830691,23.0
2024-10,MU,2351208174.577574,24.0
2024-10,NFLX,2214257334.7583346,25.0
2024-10,NKE,978250710.287512,71.0
2024-10,NOW,1032822532.9867166,65.0
2024-10,NVDA,36516923189.63596,1.0
2024-10,ORCL,1270049842.2371879,49.0
2024-10,PANW,960729263.1867908,74.0
2024-10,PDD,1937092404.3048313,29.0
2024-10,PEP,917925413.2287647,76.0
2024-10,PFE,882241805.8612734,81.0
2024-10,PG,1138047122.1802726,58.0
2024-10,PLTR,2151323286.0694737,26.0
2024-10,PYPL,825777468.7534151,88.0
2024-10,QCOM,1327189538.659014,45.0
2024-10,QQQ,16090724589.723326,4.0
2024-10,RSP,951848594.7960021,75.0
2024-10,SBUX,1165773358.2577298,56.0
2024-10,SMCI,3629728922.1005692,13.0
2024-10,SNOW,781980715.4903957,98.0
2024-10,SPY,27588177168.87895,2.0
2024-10,TLT,3605395055.610003,14.0
2024-10,TMUS,787738240.115308,95.0
2024-10,TQQQ,3565926969.9780354,15.0
2024-10,TSLA,18178047922.693745,3.0
2024-10,TSM,2566880276.5958514,22.0
2024-10,TXN,1084170387.999931,60.0
2024-10,UBER,1181385366.8625786,55.0
2024-10,UNH,1713586520.3187973,33.0
2024-10,V,2055640182.5553772,27.0
2024-10,VOO,2920498931.4997597,18.0
2024-10,VTI,780722273.0067904,99.0
2024-10,WFC,1010914362.5509232,67.0
2024-10,WMT,1207949509.7019255,53.0
2024-10,XLE,1277169385.635691,48.0
2024-10,XLF,1577447112.9036252,38.0
2024-10,XLI,973857148.8761054,72.0
2024-10,XLK,1037519077.2842407,64.0
2024-10,XLP,806645554.5671978,90.0
2024-10,XLU,833026312.517148,85.0
2024-10,XLV,1010905999.6660748,68.0
2024-10,XOM,1623325929.0382385,35.0
2024-11,AAPL,11015005762.165493,5.0
2024-11,ABBV,1088641321.1144583,68.0
2024-11,ACN,859089722.7764311,94.0
2024-11,ADBE,1522469059.4452872,44.0
2024-11,AMAT,1225556046.6267178,56.0
2024-11,AMD,5233863085.535807,11.0
2024-11,AMZN,7363046782.569208,7.0
2024-11,APP,1090162201.0641916,67.0
2024-11,ASML,1506820205.1616366,45.0
2024-11,AVGO,3977862679.050482,13.0
2024-11,BA,1934791999.3545532,31.0
2024-11,BABA,1989129976.6771467,30.0
2024-11,BAC,1539548440.824763,43.0
2024-11,BKNG,981310635.4559035,76.0
2024-11,BRK-A,1192645641.2698412,58.0
2024-11,BRK-B,1783320206.9988432,35.0
2024-11,C,877822811.4397625,92.0
2024-11,CAT,898604895.1595246,89.0
2024-11,CEG,846593376.225087,97.0
2024-11,COIN,2911111963.787527,21.0
2024-11,COST,1657453347.9329426,41.0
2024-11,CRM,1573825574.0478032,42.0
2024-11,CRWD,1179530678.402492,60.0
2024-11,CSCO,972740246.6178772,78.0
2024-11,CVX,1112948736.5082755,65.0
2024-11,DELL,1165463663.2053435,62.0
2024-11,DIA,1409823945.6391835,47.0
2024-11,DIS,957139631.4965869,80.0
2024-11,DJT,1299166419.5334163,51.0
2024-11,EEM,1308233033.8724105,50.0
2024-11,EFA,835924907.4197679,99.0
2024-11,FXI,2116678151.87925,28.0
2024-11,GDX,855685806.2044598,95.0
2024-11,GLD,1663205917.9208665,39.0
2024-11,GOOG,3000880260.5767145,19.0
2024-11,GOOGL,4291785979.8767815,12.0
2024-11,GS,1101453124.6076796,66.0
2024-11,HD,1321794691.9453938,49.0
2024-11,HYG,2778250794.898769,24.0
2024-11,IBIT,1770365196.5635028,36.0
2024-11,IBM,920841347.0900036,86.0
2024-11,INTC,1736346983.16796,37.0
2024-11,INTU,913494277.4836465,87.0
2024-11,IVV,2964381656.149728,20.0
2024-11,IWM,5853883926.123119,10.0
2024-11,JNJ,1034366350.167338,70.0
2024-11,JPM,2031984674.761115,29.0
2024-11,KO,1005866037.7137139,75.0
2024-11,KRE,848027438.6573064,96.0
2024-11,KWEB,891969686.0581473,90.0
2024-11,LLY,3035868842.9197283,17.0
2024-11,LQD,2896968741.627127,22.0
2024-11,LRCX,958078297.8298126,79.0
2024-11,MA,1259508959.0589736,55.0
2024-11,MCD,1012050657.0474292,73.0
2024-11,META,6719587367.39376,8.0
2024-11,MRK,1125483024.2390466,64.0
2024-11,MSFT,8417709899.047707,6.0
2024-11,MSTR,6459720402.421922,9.0
2024-11,MU,2182497118.8856335,27.0
2024-11,NEE,840976405.4415628,98.0
2024-11,NFLX,2437891337.289235,26.0
2024-11,NKE,941402049.6458508,81.0
2024-11,NOW,1176932555.3346665,61.0
2024-11,NVDA,33516332107.0558,1.0
2024-11,ORCL,1488300295.2812073,46.0
2024-11,PANW,908169255.8000352,88.0
2024-11,PDD,1658641750.0352526,40.0
2024-11,PEP,939639483.9340452,82.0
2024-11,PFE,1064017779.9539475,69.0
2024-11,PG,1223363107.6586769,57.0
2024-11,PLTR,3219248076.851067,16.0
2024-11,PYPL,827219527.9175168,100.0
2024-11,QCOM,1368583037.0068989,48.0
2024-11,QQQ,14886407393.333847,4.0
2024-11,RSP,1011966034.9108741,74.0
2024-11,SMCI,2780760395.190236,23.0
2024-11,SNOW,922400522.3305476,84.0
2024-11,SPOT,975411557.9467773,77.0
2024-11,SPY,26703262289.698914,2.0
2024-11,TLT,3891635862.160504,14.0
2024-11,TMO,864868185.1498559,93.0
2024-11,TQQQ,3351228659.181086,15.0
2024-11,TSLA,24001720809.6491,3.0
2024-11,TSM,2529603355.9317694,25.0
2024-11,TXN,1137736430.9617784,63.0
2024-11,UBER,1293312338.3944073,53.0
2024-11,UNH,1876866592.798239,33.0
2024-11,V,1892771773.7018404,32.0
2024-11,VOO,3005471045.262655,18.0
2024-11,VST,922365461.1335512,85.0
2024-11,WFC,1190840067.607692,59.0
2024-11,WMT,1270087813.8178508,54.0
2024-11,XLE,1293707533.1286113,52.0
2024-11,XLF,1861578366.866678,34.0
2024-11,XLI,1030234547.9079716,71.0
2024-11,XLK,937701120.6891984,83.0
2024-11,XLU,883989637.5387282,91.0
2024-11,XLV,1025977191.7680044,72.0
2024-11,XOM,1712301564.962599,38.0
2024-12,AAPL,10268094975.869411,5.0
2024-12,ABBV,1119816046.060568,69.0
2024-12,ACN,872162731.625124,97.0
2024-12,ADBE,1682530299.488855,39.0
2024-12,AGG,883697913.1705754,96.0
2024-12,AMAT,1175217168.8292246,60.0
2024-12,AMD,5230733736.737314,12.0
2024-12,AMGN,926035598.1001596,88.0
2024-12,AMZN,7709190749.400621,8.0
2024-12,APO,869786695.3637501,99.0
2024-12,APP,1566137455.7835655,43.0
2024-12,ASML,1424772581.7616296,46.0
2024-12,AVGO,5426903665.07796,11.0
2024-12,BA,2067349682.6780288,30.0
2024-12,BABA,1658311240.4964387,40.0
2024-12,BAC,1491116127.8447468,45.0
2024-12,BKNG,1033727014.0699357,73.0
2024-12,BRK-A,1168682576.1904762,62.0
2024-12,BRK-B,1761069683.0049546,36.0
2024-12,C,897550137.4739269,92.0
2024-12,COIN,3499946933.1840878,17.0
2024-12,COST,1738660212.8731863,37.0
2024-12,CRM,1922276278.901309,34.0
2024-12,CRWD,1191241503.1100318,57.0
2024-12,CSCO,1054693455.0572834,72.0
2024-12,CVX,1175095074.0191748,61.0
2024-12,DELL,938351877.6687744,84.0
2024-12,DIA,1392255898.6275325,47.0
2024-12,DIS,983188430.2441188,79.0
2024-12,DJT,1355480436.2772973,50.0
2024-12,EEM,1163002889.8515913,63.0
2024-12,EFA,894272609.1197786,93.0
2024-12,FXI,2012631729.7671726,31.0
2024-12,GLD,1574257669.1434345,42.0
2024-12,GOOG,3313050818.5878935,19.0
2024-12,GOOGL,4809650928.754801,13.0
2024-12,GS,1146272657.2648306,64.0
2024-12,HD,1340923059.280783,52.0
2024-12,HON,955513853.5560431,82.0
2024-12,HYG,2650612212.9116483,23.0
2024-12,IBIT,2408742474.180857,28.0
2024-12,IBM,920784304.8364791,89.0
2024-12,INTC,1539252767.0647788,44.0
2024-12,INTU,975922830.9796046,80.0
2024-12,IVV,3508179019.4161553,16.0
2024-12,IWM,5891111571.609134,10.0
2024-12,JNJ,1123462024.2108784,68.0
2024-12,JPM,2005142940.3383286,32.0
2024-12,KO,1032345675.8470626,75.0
2024-12,KRE,860871500.6843143,100.0
2024-12,LIN,888517595.6174821,94.0
2024-12,LLY,3000630857.4939547,20.0
2024-12,LQD,2516278935.2119446,26.0
2024-12,LRCX,899370751.0981605,91.0
2024-12,MA,1276683446.7926025,54.0
2024-12,MCD,1033365219.4967119,74.0
2024-12,META,6997479471.417914,9.0
2024-12,MRK,1130858379.3106441,67.0
2024-12,MRVL,1260667452.4697318,55.0
2024-12,MSFT,8817331517.834133,7.0
2024-12,MSTR,8972214371.14127,6.0
2024-12,MU,2090417635.5005052,29.0
2024-12,NFLX,2649814357.976399,24.0
2024-12,NKE,910230618.1299119,90.0
2024-12,NOW,1241416789.4249568,56.0
2024-12,NVDA,30415670679.343605,1.0
2024-12,ORCL,1345242686.7612808,51.0
2024-12,PANW,927006391.1751883,87.0
2024-12,PDD,1366223849.3122404,49.0
2024-12,PEP,950874808.5707407,83.0
2024-12,PFE,1145338290.6026778,65.0
2024-12,PG,1145218013.5631502,66.0
2024-12,PLTR,4650309472.16657,14.0
2024-12,QCOM,1307480906.7737882,53.0
2024-12,QQQ,14558882167.517769,4.0
2024-12,RSP,1026416373.9265078,77.0
2024-12,SMCI,2716551608.6460204,22.0
2024-12,SNOW,970396117.8499737,81.0
2024-12,SPOT,1090113930.1793659,71.0
2024-12,SPY,26777223123.19113,3.0
2024-12,TLT,3762559936.049773,15.0
2024-12,TMO,933209245.763482,86.0
2024-12,TQQQ,3331736786.5687294,18.0
2024-12,TSLA,30352059777.516586,2.0
2024-12,TSM,2612115091.6522074,25.0
2024-12,TXN,1093173038.3623154,70.0
2024-12,UBER,1587606447.9406447,41.0
2024-12,UNH,2484197984.0086436,27.0
2024-12,V,1783279709.5776756,35.0
2024-12,VOO,2988664398.4443784,21.0
2024-12,VST,872115662.0150127,98.0
2024-12,VTI,885059731.6413516,95.0
2024-12,WFC,1182189754.3309953,58.0
2024-12,WMT,1367219586.9474986,48.0
2024-12,XLE,1177046900.7462153,59.0
2024-12,XLF,1929732180.9205859,33.0
2024-12,XLI,1016368573.8278828,78.0
2024-12,XLK,936832008.6823963,85.0
2024-12,XLV,1030654429.1170877,76.0
2024-12,XOM,1708162038.4989784,38.0
2025-01,AAPL,11946083965.212238,5.0
2025-01,ABBV,1185024875.0726125,67.0
2025-01,ADBE,1821850972.3093183,39.0
2025-01,AMAT,1203200610.5236962,64.0
2025-01,AMD,4815271802.279481,14.0
2025-01,AMGN,1025368873.387364,88.0
2025-01,AMZN,8344892577.874973,9.0
2025-01,APP,1846548851.4560275,37.0
2025-01,ASML,1297754283.1906273,56.0
2025-01,AVGO,6638900736.3564625,10.0
2025-01,BA,1950021244.4134667,33.0
2025-01,BABA,1459529969.5813012,47.0
2025-01,BAC,1617659100.765434,44.0
2025-01,BKNG,1215347122.1481807,62.0
2025-01,BRK-A,1174816082.5396826,69.0
2025-01,BRK-B,1890819735.6928265,35.0
2025-01,C,1059179618.3985271,83.0
2025-01,CEG,1049811231.9023496,86.0
2025-01,COIN,3621135962.6736593,17.0
2025-01,COST,1880127049.2786226,36.0
2025-01,CRM,2220797736.5211124,31.0
2025-01,CRWD,1242135989.9383545,61.0
2025-01,CSCO,1154723442.456757,72.0
2025-01,CVX,1287836852.874538,57.0
2025-01,DELL,1018687648.1989058,89.0
2025-01,DIA,1406685593.80188,50.0
2025-01,DIS,1014996361.0800728,90.0
2025-01,DJT,956793614.9878094,96.0
2025-01,EEM,1080386534.6926007,78.0
2025-01,EFA,978406245.3228058,94.0
2025-01,FXI,1379875255.1353548,51.0
2025-01,GE,941851893.6048962,97.0
2025-01,GEV,1165191067.2300792,71.0
2025-01,GLD,1668080082.9713368,42.0
2025-01,GOOG,3585619999.3802752,18.0
2025-01,GOOGL,5245270349.527656,13.0
2025-01,GS,1361740531.369164,52.0
2025-01,HD,1345987148.6506386,54.0
2025-01,HYG,2561179286.3692026,26.0
2025-01,IBIT,2882671840.4728603,24.0
2025-01,IBM,941504077.3492723,98.0
2025-01,INTC,1644458375.9092665,43.0
2025-01,INTU,1077336578.9941213,79.0
2025-01,IONQ,1060969638.3605275,82.0
2025-01,IVV,3910514226.1822414,15.0
2025-01,IWM,6266522561.280266,11.0
2025-01,JNJ,1279371465.5755422,58.0
2025-01,JPM,2314352738.863191,29.0
2025-01,KO,1072296029.1390071,80.0
2025-01,LIN,999633042.0228504,92.0
2025-01,LLY,3346523476.739793,20.0
2025-01,LQD,2423426648.5549808,27.0
2025-01,MA,1436718446.9844272,49.0
2025-01,META,8406698505.282544,8.0
2025-01,MRK,1165971405.618601,70.0
2025-01,MRVL,1495858317.4893456,46.0
2025-01,MSFT,9706379652.011496,7.0
2025-01,MSTR,9841346074.190752,6.0
2025-01,MU,2283921498.9852786,30.0
2025-01,NFLX,3053647520.725311,22.0
2025-01,NOW,1446426896.6511319,48.0
2025-01,NVDA,32514314881.3867,2.0
2025-01,ORCL,1836639100.2390785,38.0
2025-01,PANW,1030315404.6473428,87.0
2025-01,PDD,989240427.9048738,93.0
2025-01,PEP,977429243.4909639,95.0
2025-01,PFE,1140424036.3960207,74.0
2025-01,PG,1181241830.3117056,68.0
2025-01,PLTR,5637677406.578525,12.0
2025-01,QCOM,1342901166.6676114,55.0
2025-01,QQQ,15862143428.693983,4.0
2025-01,RDDT,1013039747.4759177,91.0
2025-01,RGTI,1349154619.3581057,53.0
2025-01,RSP,1258363699.7411335,59.0
2025-01,SMCI,2400639140.2418413,28.0
2025-01,SNOW,1081603012.6048617,77.0
2025-01,SOUN,1055483385.437447,84.0
2025-01,SPOT,1214308391.6726248,63.0
2025-01,SPY,28826343781.160774,3.0
2025-01,TLT,3563933937.499746,19.0
2025-01,TMO,1069803881.6065228,81.0
2025-01,TQQQ,3710371838.5123115,16.0
2025-01,TSLA,33548220828.15755,1.0
2025-01,TSM,2954826162.0871406,23.0
2025-01,TXN,1198804208.7788415,65.0
2025-01,UBER,1713421540.1322744,41.0
2025-01,UNH,2638919476.090979,25.0
2025-01,V,1915151173.69937,34.0
2025-01,VOO,3318396830.279832,21.0
2025-01,VRT,941217985.9524076,99.0
2025-01,VST,1092158562.5585163,75.0
2025-01,VTI,937714864.8623996,100.0
2025-01,WFC,1197929211.2455218,66.0
2025-01,WMT,1513767980.2580092,45.0
2025-01,XLE,1245870328.936271,60.0
2025-01,XLF,2130343763.6112092,32.0
2025-01,XLI,1083221197.2867694,76.0
2025-01,XLK,1050856292.0588902,85.0
2025-01,XLV,1147392518.1602116,73.0
2025-01,XOM,1765430783.924684,40.0
2025-02,AAPL,11988822888.996233,5.0
2025-02,ABBV,1078721942.3706298,84.0
2025-02,ACN,962568288.8136122,100.0
2025-02,ADBE,1790448152.411809,42.0
2025-02,AMAT,1177891525.0317044,69.0
2025-02,AMD,4708991262.197694,14.0
2025-02,AMGN,1032294181.7259773,89.0
2025-02,AMZN,8182342222.683086,8.0
2025-02,ANET,969289380.663239,99.0
2025-02,APP,2273142546.216595,33.0
2025-02,ASML,1199484558.8452537,65.0
2025-02,AVGO,7255202731.3671055,10.0
2025-02,BA,1521369763.3994207,50.0
2025-02,BABA,2657240884.5131407,26.0
2025-02,BAC,1542496531.107179,47.0
2025-02,BKNG,1219847872.665042,64.0
2025-02,BRK-A,1096744941.2698412,76.0
2025-02,BRK-B,1916236805.8170865,38.0
2025-02,C,1080271784.2949276,83.0
2025-02,CEG,1111620151.0375009,75.0
2025-02,COIN,2698609722.917781,25.0
2025-02,COST,1929922569.7519453,37.0
2025-02,CRM,2319637904.0091376,30.0
2025-02,CRWD,1334223238.972013,53.0
2025-02,CSCO,1181465633.5037656,68.0
2025-02,CVX,1224418152.7600486,63.0
2025-02,DELL,1006568509.6653166,93.0
2025-02,DIA,1240486723.2884967,62.0
2025-02,EEM,1083581540.4192667,79.0
2025-02,FXI,1530805651.2970183,48.0
2025-02,GEV,1240865553.5505023,61.0
2025-02,GLD,1824577298.5964577,41.0
2025-02,GOOG,3624910299.405343,17.0
2025-02,GOOGL,5462946722.053988,13.0
2025-02,GS,1411261038.3003356,51.0
2025-02,HD,1289277031.4715674,58.0
2025-02,HOOD,1248555245.586492,60.0
2025-02,HYG,2483826058.778224,28.0
2025-02,IBIT,2631876496.3879056,27.0
2025-02,IBM,1057489541.106112,85.0
2025-02,INTC,1955475409.0861638,36.0
2025-02,INTU,1082878431.308613,80.0
2025-02,IONQ,975267301.8781086,97.0
2025-02,IVV,3874091622.6088753,16.0
2025-02,IWM,5754406192.389473,12.0
2025-02,JNJ,1331495810.4881892,54.0
2025-02,JPM,2274955108.4035964,32.0
2025-02,KO,1123575642.2432673,74.0
2025-02,LIN,998185597.6921929,96.0
2025-02,LLY,2886420938.750833,23.0
2025-02,LQD,2410086165.392534,29.0
2025-02,LRCX,970589702.3483155,98.0
2025-02,MA,1370450591.9385154,52.0
2025-02,META,9291144857.053144,7.0
2025-02,MRK,1305137118.1040082,56.0
2025-02,MRVL,1680447198.5872662,45.0
2025-02,MSFT,9401832153.38561,6.0
2025-02,MSTR,7238470593.837265,11.0
2025-02,MU,2315177875.10003,31.0
2025-02,NFLX,3391270956.2781196,18.0
2025-02,NKE,1000594697.7729313,95.0
2025-02,NOW,1526451381.9779897,49.0
2025-02,NVDA,32294632256.441887,1.0
2025-02,ORCL,1846508467.0846121,40.0
2025-02,PANW,1055782528.4415835,86.0
2025-02,PDD,1005521873.6140176,94.0
2025-02,PEP,1035872143.9381918,88.0
2025-02,PFE,1037196754.2335057,87.0
2025-02,PG,1160586348.719957,70.0
2025-02,PLTR,7965352272.660162,9.0
2025-02,QCOM,1297849365.8422077,57.0
2025-02,QQQ,16157767660.053944,4.0
2025-02,RDDT,1082731076.7494564,81.0
2025-02,RGTI,1615575747.295664,46.0
2025-02,RSP,1327922766.8830993,55.0
2025-02,SMCI,3210738192.38739,20.0
2025-02,SNOW,1014388845.6911117,92.0
2025-02,SOUN,1145077441.408921,73.0
2025-02,SPOT,1081284334.299239,82.0
2025-02,SPY,28788542722.710117,3.0
2025-02,TLT,3206961172.338746,21.0
2025-02,TMO,1089180562.3554533,77.0
2025-02,TQQQ,3968757452.466971,15.0
2025-02,TSLA,31738968949.258713,2.0
2025-02,TSM,3101640079.140024,22.0
2025-02,TXN,1154835553.813801,72.0
2025-02,UBER,1869347807.876272,39.0
2025-02,UNH,2843892054.9439445,24.0
2025-02,V,2002553622.8825645,35.0
2025-02,VOO,3270449289.666167,19.0
2025-02,VRT,1031075921.4626131,91.0
2025-02,VST,1191856951.8753052,66.0
2025-02,WFC,1159012542.0278761,71.0
2025-02,WMT,1695952682.843381,44.0
2025-02,XLE,1287749585.8243186,59.0
2025-02,XLF,2074670060.1693351,34.0
2025-02,XLI,1084214593.544079,78.0
2025-02,XLK,1032215767.2546145,90.0
2025-02,XLV,1191202354.0752108,67.0
2025-02,XOM,1697874060.0833106,43.0
2025-03,AAPL,12116357270.030285,5.0
2025-03,ABBV,1218551656.2731545,72.0
2025-03,ACN,1112381872.4221365,85.0
2025-03,ADBE,1604863359.5669217,48.0
2025-03,AMAT,1128438728.413052,83.0
2025-03,AMD,4252197090.224263,15.0
2025-03,AMZN,8490217194.293141,9.0
2025-03,ANET,1036705247.2513592,97.0
2025-03,APP,2630472297.202725,27.0
2025-03,ASML,1202642162.5217013,73.0
2025-03,AVGO,6368619954.386394,10.0
2025-03,BA,1426870775.811259,55.0
2025-03,BABA,3299898679.969134,20.0
2025-03,BAC,1671546883.6163778,46.0
2025-03,BKNG,1318816291.6583107,61.0
2025-03,BRK-A,1241154569.8412697,68.0
2025-03,BRK-B,2149104353.634837,37.0
2025-03,C,1177487969.1177852,77.0
2025-03,CEG,1240544480.6488037,69.0
2025-03,COIN,2184233317.179895,34.0
2025-03,COST,2096460321.8688965,38.0
2025-03,CRM,2083562945.5321782,39.0
2025-03,CRWD,1505582503.9114816,50.0
2025-03,CSCO,1285660363.876258,64.0
2025-03,CVX,1246067827.249291,67.0
2025-03,DASH,1043050028.0530657,94.0
2025-03,DIA,1190271581.3958063,76.0
2025-03,EEM,1141324486.4716122,82.0
2025-03,EFA,1075982954.9088252,89.0
2025-03,ETN,1115732713.2465665,84.0
2025-03,FXI,1714169656.0265949,43.0
2025-03,GEV,1364887816.0480318,59.0
2025-03,GLD,2154915916.755434,36.0
2025-03,GOOG,3571413285.212635,18.0
2025-03,GOOGL,5461124852.688792,13.0
2025-03,GS,1595746454.251244,49.0
2025-03,HD,1346596594.6525936,60.0
2025-03,HOOD,1636704092.5552852,47.0
2025-03,HYG,2900330500.992887,25.0
2025-03,IBIT,2350584282.6408935,30.0
2025-03,IBM,1147703420.9082468,80.0
2025-03,INTC,2190150501.836765,33.0
2025-03,INTU,1096907876.300727,87.0
2025-03,ISRG,1091318700.7653131,88.0
2025-03,IVV,3729407313.8255286,17.0
2025-03,IWM,5964960736.680142,11.0
2025-03,JNJ,1406781572.739253,57.0
2025-03,JPM,2589487449.259174,28.0
2025-03,KO,1192342480.1014674,75.0
2025-03,LIN,1042547360.9740242,95.0
2025-03,LLY,2965245712.661501,24.0
2025-03,LQD,2746938127.47041,26.0
2025-03,MA,1485956731.0506184,51.0
2025-03,META,10233766883.598497,6.0
2025-03,MRK,1441578969.7244916,54.0
2025-03,MRVL,1455040926.5151372,53.0
2025-03,MSFT,9261641882.730392,7.0
2025-03,MSTR,5826836497.16402,12.0
2025-03,MU,2173343474.737331,35.0
2025-03,NFLX,4245842635.3423104,16.0
2025-03,NKE,1066879817.2300429,90.0
2025-03,NOW,1697945406.435043,44.0
2025-03,NVDA,34522277186.54399,1.0
2025-03,ORCL,1890148023.5763307,40.0
2025-03,PANW,1029426313.036189,98.0
2025-03,PDD,1044052750.4301404,93.0
2025-03,PEP,1062364620.1357161,92.0
2025-03,PFE,1169606921.9314091,79.0
2025-03,PG,1279587544.0462868,65.0
2025-03,PLTR,8683280549.90089,8.0
2025-03,QCOM,1248248960.6763568,66.0
2025-03,QQQ,18726983223.15112,4.0
2025-03,RDDT,1143730035.3767033,81.0
2025-03,RGTI,1375901416.6239405,58.0
2025-03,RSP,1470071639.5479233,52.0
2025-03,SMCI,3024637655.182899,23.0
2025-03,SPOT,1291348180.3504581,63.0
2025-03,SPY,32842505715.170918,2.0
2025-03,T,1040059399.8342665,96.0
2025-03,TLT,3136930068.200744,22.0
2025-03,TMO,1028765392.5031389,100.0
2025-03,TQQQ,5035382740.89066,14.0
2025-03,TSLA,30705438175.26388,3.0
2025-03,TSM,3244979506.3822427,21.0
2025-03,TXN,1199744806.0108972,74.0
2025-03,UBER,1676716730.0151765,45.0
2025-03,UNH,2419065229.5899405,29.0
2025-03,V,2199768924.8199463,32.0
2025-03,VOO,3443442112.873816,19.0
2025-03,VRT,1066046994.6897234,91.0
2025-03,VST,1313680292.1451387,62.0
2025-03,VTI,1029203917.7665105,99.0
2025-03,WFC,1170359579.756782,78.0
2025-03,WMT,1854574834.201086,41.0
2025-03,XLE,1420422158.6087303,56.0
2025-03,XLF,2338219737.960713,31.0
2025-03,XLI,1232529542.0410156,70.0
2025-03,XLK,1102100752.5891743,86.0
2025-03,XLV,1225089229.950048,71.0
2025-03,XOM,1760169639.8680913,42.0
2025-04,AAPL,12805352829.46436,5.0
2025-04,ABBV,1490025255.6589036,57.0
2025-04,ACN,1162078388.435824,91.0
2025-04,ADBE,1560438443.817187,55.0
2025-04,AMAT,1195951977.571227,86.0
2025-04,AMD,4063899468.4635587,18.0
2025-04,AMZN,9851116308.073013,8.0
2025-04,APP,2895405836.8764,29.0
2025-04,ASML,1212477060.7293024,84.0
2025-04,AVGO,6033615662.303816,12.0
2025-04,BA,1459320244.0326266,58.0
2025-04,BABA,3885247198.9998107,20.0
2025-04,BAC,1942417818.7073238,43.0
2025-04,BIL,1211885100.9039137,85.0
2025-04,BKNG,1422385578.0761962,61.0
2025-04,BRK-B,2577820579.2806473,32.0
2025-04,C,1239036108.5002415,78.0
2025-04,COIN,1946234561.1788795,42.0
2025-04,COST,2383928332.9801044,35.0
2025-04,CRM,2040245478.76444,40.0
2025-04,CRWD,1604352995.845492,51.0
2025-04,CSCO,1406605595.3340924,63.0
2025-04,CVX,1409222570.7348778,62.0
2025-04,DASH,1158242367.1069674,92.0
2025-04,DIA,1380611327.606395,65.0
2025-04,EEM,1250811512.6800659,77.0
2025-04,EFA,1367305454.7359526,68.0
2025-04,F,1226206535.8519676,82.0
2025-04,FXI,2049205977.3139832,38.0
2025-04,GE,1120346174.2185805,96.0
2025-04,GEV,1331363861.6442482,73.0
2025-04,GLD,3309223506.153942,23.0
2025-04,GOOG,3866221332.197813,21.0
2025-04,GOOGL,5994453671.535311,13.0
2025-04,GS,1680929424.7775607,47.0
2025-04,HD,1402555886.1117892,64.0
2025-04,HOOD,2010583753.9957259,41.0
2025-04,HYG,4046602467.494868,19.0
2025-04,IBIT,2235504882.1982675,36.0
2025-04,IBM,1329881291.8632145,74.0
2025-04,INTC,2517447362.7913704,33.0
2025-04,INTU,1130356180.3837852,94.0
2025-04,ISRG,1165652895.1632545,90.0
2025-04,IVV,4270152559.813097,17.0
2025-04,IWM,6992569864.950804,10.0
2025-04,JNJ,1536255482.298521,56.0
2025-04,JPM,2799624858.1458683,30.0
2025-04,KO,1335559053.7732503,70.0
2025-04,LLY,3077847073.8838315,26.0
2025-04,LQD,3219749799.204351,24.0
2025-04,MA,1613739304.028417,50.0
2025-04,MCD,1184702636.7979503,88.0
2025-04,META,11156831733.038767,6.0
2025-04,MRK,1578597560.2798584,54.0
2025-04,MRVL,1366612353.9600313,69.0
2025-04,MSFT,9768304457.146442,9.0
2025-04,MSTR,5433138975.12396,14.0
2025-04,MU,2043688454.4122605,39.0
2025-04,NFLX,4856376730.883281,15.0
2025-04,NKE,1297674270.433002,75.0
2025-04,NOW,1847711408.5126605,45.0
2025-04,NVDA,33775496073.152607,2.0
2025-04,ORCL,1591880523.8373408,52.0
2025-04,PDD,1232719668.5607305,79.0
2025-04,PEP,1167214530.9016635,89.0
2025-04,PFE,1296448783.730976,76.0
2025-04,PG,1442320710.2821229,59.0
2025-04,PLTR,10525550450.527967,7.0
2025-04,QCOM,1334056367.246113,71.0
2025-04,QQQ,22623449792.265102,4.0
2025-04,RDDT,1106406653.245605,100.0
2025-04,RSP,1724584188.490804,46.0
2025-04,SBUX,1111616262.8615484,99.0
2025-04,SGOV,1187921219.5581708,87.0
2025-04,SHOP,1118150328.1030202,97.0
2025-04,SMCI,3192491118.0504117,25.0
2025-04,SPOT,1584118991.9217548,53.0
2025-04,SPY,41567462321.87912,1.0
2025-04,T,1150294564.7562392,93.0
2025-04,TLT,3729713128.871482,22.0
2025-04,TMO,1116371947.8689528,98.0
2025-04,TMUS,1129055709.6646507,95.0
2025-04,TQQQ,6286540830.881645,11.0
2025-04,TSLA,32783866169.728428,3.0
2025-04,TSM,3001390479.8226733,28.0
2025-04,TXN,1368151532.2935557,67.0
2025-04,UBER,1644896074.1842604,48.0
2025-04,UNH,3040543097.421119,27.0
2025-04,V,2461180441.440449,34.0
2025-04,VOO,4311623689.897568,16.0
2025-04,VTI,1227021945.9106445,81.0
2025-04,WFC,1332932436.3314917,72.0
2025-04,WMT,2134151719.5355976,37.0
2025-04,XLE,1627574147.1698942,49.0
2025-04,XLF,2714832997.4928718,31.0
2025-04,XLI,1437411348.0890183,60.0
2025-04,XLK,1232494749.7420297,80.0
2025-04,XLP,1220399798.79659,83.0
2025-04,XLV,1373488189.6431575,66.0
2025-04,XOM,1895644158.8055322,44.0
2025-05,AAPL,12819072282.673937,5.0
2025-05,ABBV,1536945236.0410419,53.0
2025-05,ACN,1116916984.1194274,99.0
2025-05,ADBE,1474594071.67557,59.0
2025-05,AMAT,1209616277.23425,85.0
2025-05,AMD,4105066003.4015355,21.0
2025-05,AMZN,9773859357.01214,8.0
2025-05,APP,2589281309.4292293,30.0
2025-05,ASML,1126114072.88954,97.0
2025-05,AVGO,5576978807.330008,14.0
2025-05,BA,1630327358.669826,49.0
2025-05,BABA,2708704649.6592445,29.0
2025-05,BAC,1987751628.2106671,41.0
2025-05,BIL,1320291071.7668684,71.0
2025-05,BKNG,1308113227.7879262,74.0
2025-05,BRK-B,2837395675.8401537,27.0
2025-05,C,1165939194.9497466,92.0
2025-05,COIN,2358703387.9444666,34.0
2025-05,COST,2402165197.809807,33.0
2025-05,CRM,1945726948.265463,42.0
2025-05,CRWD,1649383673.2432048,48.0
2025-05,CSCO,1397936246.413573,65.0
2025-05,CVX,1436164182.6082017,61.0
2025-05,DASH,1182849211.5221295,88.0
2025-05,DIA,1360324298.1466143,68.0
2025-05,DIS,1126769529.6132042,96.0
2025-05,EEM,1201337820.7996187,86.0
2025-05,EFA,1406982046.598392,63.0
2025-05,F,1274198868.5783613,80.0
2025-05,FXI,1752890053.6887395,44.0
2025-05,GE,1245569957.0964267,81.0
2025-05,GEV,1367393967.1169221,67.0
2025-05,GLD,3590215749.055699,23.0
2025-05,GOOG,4245833252.140784,20.0
2025-05,GOOGL,6418000204.344492,12.0
2025-05,GS,1612350671.6052828,50.0
2025-05,HD,1354055959.0168302,69.0
2025-05,HIMS,1512526682.251119,56.0
2025-05,HOOD,2135076497.902213,36.0
2025-05,HYG,4246465356.8924193,19.0
2025-05,IBIT,2409719446.492852,32.0
2025-05,IBM,1170024356.6446698,90.0
2025-05,INTC,2046692748.9329565,39.0
2025-05,INTU,1171820379.359751,89.0
2025-05,ISRG,1131107808.8969398,95.0
2025-05,IVV,4551038652.223714,17.0
2025-05,IWM,7118894630.771843,10.0
2025-05,JNJ,1489113822.1809993,57.0
2025-05,JPM,2744765192.4114165,28.0
2025-05,KO,1279731029.7289894,79.0
2025-05,LLY,3336464483.527386,24.0
2025-05,LQD,3316275656.1761646,25.0
2025-05,MA,1567971598.1735957,51.0
2025-05,MCD,1138116832.2867258,93.0
2025-05,META,10203437800.158836,7.0
2025-05,MRK,1392060735.5697026,66.0
2025-05,MRVL,1291043460.2963705,76.0
2025-05,MSFT,9764478495.810226,9.0
2025-05,MSTR,5773247384.099592,13.0
2025-05,MU,1993636512.442925,40.0
2025-05,NFLX,4987382344.616481,16.0
2025-05,NKE,1226910457.4299283,83.0
2025-05,NOW,1696433523.917304,46.0
2025-05,NVDA,32260729145.444874,3.0
2025-05,ORCL,1524126114.9735587,55.0
2025-05,PDD,1189493875.396668,87.0
2025-05,PEP,1166973328.7845187,91.0
2025-05,PFE,1293835301.7510157,75.0
2025-05,PG,1436616112.6077077,60.0
2025-05,PLTR,10507487567.932566,6.0
2025-05,QCOM,1313758570.2135117,73.0
2025-05,QQQ,25251049391.618324,4.0
2025-05,RSP,1706244315.4773288,45.0
2025-05,SGOV,1283273431.2584772,78.0
2025-05,SHOP,1318544855.3868248,72.0
2025-05,SMCI,2121385273.2671373,37.0
2025-05,SPOT,1549390613.0486383,52.0
2025-05,SPY,45186535577.47013,1.0
2025-05,T,1110949609.3480792,100.0
2025-05,TLT,3771215055.8872647,22.0
2025-05,TMO,1121127700.778828,98.0
2025-05,TMUS,1136124840.8648536,94.0
2025-05,TQQQ,6699371104.026861,11.0
2025-05,TSLA,34494749460.22497,2.0
2025-05,TSM,2860141088.900442,26.0
2025-05,TXN,1419460521.736024,62.0
2025-05,UBER,1657978556.6528442,47.0
2025-05,UNH,5237040328.980606,15.0
2025-05,V,2350184926.651243,35.0
2025-05,VOO,4493634716.185797,18.0
2025-05,VTI,1211213511.17079,84.0
2025-05,WFC,1285759898.616827,77.0
2025-05,WMT,2078701344.1469948,38.0
2025-05,XLE,1529351771.0189698,54.0
2025-05,XLF,2520550260.3535185,31.0
2025-05,XLI,1398523740.1279268,64.0
2025-05,XLK,1328161355.0021217,70.0
2025-05,XLP,1239084108.1480966,82.0
2025-05,XLV,1481371115.6467013,58.0
2025-05,XOM,1903713417.279319,43.0
2025-06,AAPL,12623787341.154165,5.0
2025-06,ABBV,1450598022.8871906,61.0
2025-06,ADBE,1464072217.418465,59.0
2025-06,AMAT,1261647196.2832012,79.0
2025-06,AMD,5166341674.741025,15.0
2025-06,AMZN,9884791527.840557,8.0
2025-06,APP,2284201229.3911405,35.0
2025-06,ASML,1141655197.9851618,94.0
2025-06,AVGO,5638876705.532788,14.0
2025-06,BA,1753156641.8723454,49.0
2025-06,BABA,2146330018.106273,39.0
2025-06,BAC,1951378732.7044473,43.0
2025-06,BIL,1208036155.7160635,84.0
2025-06,BKNG,1261402599.3274508,80.0
2025-06,BRK-B,2758504738.7636213,27.0
2025-06,C,1107360653.3884017,97.0
2025-06,COIN,3283394554.838271,24.0
2025-06,COST,2285016246.734619,34.0
2025-06,CRM,2061649336.1922734,41.0
2025-06,CRWD,1669447589.1113281,51.0
2025-06,CRWV,2322168212.366885,33.0
2025-06,CSCO,1394086507.357873,68.0
2025-06,CVNA,1164948455.9448788,92.0
2025-06,CVX,1405444599.8380146,66.0
2025-06,DIA,1410513009.7690158,65.0
2025-06,DIS,1182796900.6667001,88.0
2025-06,EEM,1227561675.6435032,83.0
2025-06,EFA,1460509966.9343374,60.0
2025-06,F,1166704134.3013084,91.0
2025-06,FXI,1528968341.8491366,55.0
2025-06,GDX,1181890742.843519,89.0
2025-06,GE,1539951613.8764882,54.0
2025-06,GEV,1402493213.4275405,67.0
2025-06,GLD,3841041026.190137,23.0
2025-06,GOOG,4665619763.673571,17.0
2025-06,GOOGL,6959721784.523664,11.0
2025-06,GS,1508952207.3169527,57.0
2025-06,HD,1317443391.135467,75.0
2025-06,HIMS,2153610343.5898824,38.0
2025-06,HOOD,2484583370.089558,31.0
2025-06,HYG,3932953672.9587374,21.0
2025-06,IBIT,2493596332.082724,30.0
2025-06,IBM,1128680584.1351948,96.0
2025-06,IEF,1067547264.9961078,99.0
2025-06,INTC,1891433550.517061,45.0
2025-06,INTU,1230494479.757642,82.0
2025-06,IVV,4164004189.8752365,20.0
2025-06,IWM,7245838327.047827,10.0
2025-06,JNJ,1420582221.3654048,64.0
2025-06,JPM,2546845690.1519775,29.0
2025-06,KO,1199274852.2914462,85.0
2025-06,LLY,3195270337.975396,25.0
2025-06,LQD,3179604421.2550087,26.0
2025-06,MA,1640895005.0929477,53.0
2025-06,MCD,1161012370.2604263,93.0
2025-06,META,9725767998.029581,9.0
2025-06,MRK,1323289390.6762624,73.0
2025-06,MRVL,1364253000.6539783,72.0
2025-06,MSFT,10012679130.172148,7.0
2025-06,MSTR,5123763624.00801,16.0
2025-06,MU,2238621843.9149647,37.0
2025-06,NFLX,4458248696.36681,18.0
2025-06,NKE,1265685851.582845,78.0
2025-06,NOW,1493915823.624384,58.0
2025-06,NVDA,30407977664.957054,3.0
2025-06,ORCL,2097236156.2592642,40.0
2025-06,PDD,1046674784.508902,100.0
2025-06,PEP,1280841955.941264,77.0
2025-06,PFE,1101682678.1290872,98.0
2025-06,PG,1392041699.2980473,69.0
2025-06,PLTR,11376369783.615002,6.0
2025-06,QCOM,1368135565.9285288,71.0
2025-06,QQQ,25965247851.86046,4.0
2025-06,RSP,1821454458.3712866,48.0
2025-06,SGOV,1242798503.9131043,81.0
2025-06,SHOP,1286373415.5617971,76.0
2025-06,SMCI,1879294396.1255784,46.0
2025-06,SPOT,1431232437.6904685,62.0
2025-06,SPY,46854452200.7007,1.0
2025-06,TLT,3851787407.886384,22.0
2025-06,TMO,1198538371.7052157,86.0
2025-06,TMUS,1169310389.699276,90.0
2025-06,TQQQ,6288576635.822187,12.0
2025-06,TSLA,36380133310.97068,2.0
2025-06,TSM,2700595477.554394,28.0
2025-06,TXN,1427763331.9880168,63.0
2025-06,UBER,1857551901.43102,47.0
2025-06,UNH,5774308899.763561,13.0
2025-06,V,2383813591.5998187,32.0
2025-06,VOO,4401823555.013602,19.0
2025-06,VTI,1132177496.7240107,95.0
2025-06,WFC,1319967762.8670466,74.0
2025-06,WMT,1909101415.9857976,44.0
2025-06,XLE,1708929453.3961947,50.0
2025-06,XLF,2245937059.2982097,36.0
2025-06,XLI,1527273578.1929622,56.0
2025-06,XLK,1390977669.8425777,70.0
2025-06,XLP,1194473337.1103559,87.0
2025-06,XLV,1645798310.407705,52.0
2025-06,XOM,1966099199.4710891,42.0
2025-07,AAPL,10992807230.753485,5.0
2025-07,ABBV,1189156719.4525099,80.0
2025-07,ACN,1008639698.0026487,98.0
2025-07,ADBE,1379628249.4982522,62.0
2025-07,AMAT,1206216198.0206928,78.0
2025-07,AMD,6734285929.446605,12.0
2025-07,AMZN,9017533526.331825,8.0
2025-07,APP,2039839228.1893291,38.0
2025-07,ASML,1289486079.707167,71.0
2025-07,AVGO,5311579363.879588,14.0
2025-07,BA,1767315590.9071908,46.0
2025-07,BABA,1645641521.530551,49.0
2025-07,BAC,1807357846.558041,45.0
2025-07,BKNG,1129020413.072374,89.0
2025-07,BRK-B,2391640797.3005023,34.0
2025-07,C,1139475763.2329185,84.0
2025-07,COIN,4543290491.147432,18.0
2025-07,COST,2041201637.997291,37.0
2025-07,CRM,1963780431.2237937,40.0
2025-07,CRWD,1606008583.7357779,51.0
2025-07,CRWV,2647784466.5676,29.0
2025-07,CSCO,1284634128.4377568,72.0
2025-07,CVNA,1174442089.683684,81.0
2025-07,CVX,1479803973.8919697,57.0
2025-07,DIA,1347870567.9437547,64.0
2025-07,DIS,1092973146.784537,93.0
2025-07,EEM,1153883454.1148474,83.0
2025-07,EFA,1195033530.2407765,79.0
2025-07,FXI,1136911033.3199759,85.0
2025-07,GDX,1057207251.4179593,95.0
2025-07,GE,1617435306.4802382,50.0
2025-07,GEV,1555459201.993912,53.0
2025-07,GLD,3098344764.5909386,24.0
2025-07,GOOG,4909680560.161675,16.0
2025-07,GOOGL,7303949778.324551,10.0
2025-07,GS,1432545932.0114863,59.0
2025-07,HD,1249319128.6738803,73.0
2025-07,HIMS,2449437589.9494653,32.0
2025-07,HOOD,3611192534.0993853,20.0
2025-07,HYG,2771627417.543732,28.0
2025-07,IBIT,2840558140.237499,27.0
2025-07,IBM,1124283594.037059,90.0
2025-07,INTC,1733063140.3740413,48.0
2025-07,INTU,1225163327.4267771,75.0
2025-07,IVV,3550597035.354275,21.0
2025-07,IWM,6989497925.371467,11.0
2025-07,JNJ,1293195638.5298228,70.0
2025-07,JPM,2358984820.5884905,35.0
2025-07,KO,1106146838.1291344,92.0
2025-07,LLY,2968836403.7280855,25.0
2025-07,LQD,2849665464.1327267,26.0
2025-07,MA,1536730662.6372807,54.0
2025-07,MCD,1051663847.6201133,96.0
2025-07,META,8836214426.83493,9.0
2025-07,MRK,1210281157.730163,76.0
2025-07,MRVL,1440775648.420225,58.0
2025-07,MSFT,9645425681.895617,7.0
2025-07,MSTR,4881906443.201943,17.0
2025-07,MU,2395212129.7741117,33.0
2025-07,NFLX,4170522320.6708393,19.0
2025-07,NKE,1119527527.360686,91.0
2025-07,NOW,1352871569.7951543,63.0
2025-07,NVDA,28171128043.014637,3.0
2025-07,ORCL,2609333520.844644,30.0
2025-07,PANW,1132007744.1248817,87.0
2025-07,PEP,1307958172.4139743,67.0
2025-07,PFE,988052130.7041985,100.0
2025-07,PG,1295341250.9870741,69.0
2025-07,PLTR,10622571381.329176,6.0
2025-07,PM,1000203216.9007317,99.0
2025-07,QCOM,1304308391.2841313,68.0
2025-07,QQQ,24042817729.840477,4.0
2025-07,RDDT,1070099591.055649,94.0
2025-07,RSP,1847166273.346674,42.0
2025-07,SGOV,1129972494.689772,88.0
2025-07,SHOP,1172605421.665773,82.0
2025-07,SMCI,2033594247.1547387,39.0
2025-07,SOFI,1208855844.4732227,77.0
2025-07,SPOT,1424903962.3578753,60.0
2025-07,SPY,41962558343.38718,1.0
2025-07,TLT,3298523984.3043375,23.0
2025-07,TMO,1238650020.4755027,74.0
2025-07,TMUS,1048939308.2947019,97.0
2025-07,TQQQ,5241622484.929445,15.0
2025-07,TSLA,34458403386.5898,2.0
2025-07,TSM,2554513226.0038586,31.0
2025-07,TXN,1339672933.8867188,65.0
2025-07,UBER,1881897824.091436,41.0
2025-07,UNH,5874448740.59487,13.0
2025-07,V,2228143508.6181154,36.0
2025-07,VOO,3517895920.216103,22.0
2025-07,WFC,1330411447.5795805,66.0
2025-07,WMT,1580475516.7929997,52.0
2025-07,XLE,1522354569.799841,56.0
2025-07,XLF,1831363391.7241476,43.0
2025-07,XLI,1534754387.5988915,55.0
2025-07,XLK,1411281317.9842994,61.0
2025-07,XLP,1136221291.7510743,86.0
2025-07,XLV,1743483243.929424,47.0
2025-07,XOM,1818156879.202416,44.0
2025-08,AAPL,11432555882.235428,5.0
2025-08,ABBV,1053357721.0873559,98.0
2025-08,ACN,1089269950.6048536,95.0
2025-08,ADBE,1435969841.387552,65.0
2025-08,AMAT,1259668143.013824,78.0
2025-08,AMD,8719788215.268501,9.0
2025-08,AMZN,9142750751.421005,8.0
2025-08,ANET,1048316126.6730415,99.0
2025-08,APP,2151382647.290814,38.0
2025-08,ASML,1300904393.8028002,74.0
2025-08,AVGO,5667141191.196163,13.0
2025-08,BA,1674699191.168673,50.0
2025-08,BABA,1653610072.8521197,52.0
2025-08,BAC,1795218776.1962225,47.0
2025-08,BKNG,1098919225.7090976,93.0
2025-08,BMNR,1764786637.259167,48.0
2025-08,BRK-B,2272059125.4040914,37.0
2025-08,C,1268247459.4451056,76.0
2025-08,CAT,1125733659.7205267,90.0
2025-08,COIN,4483336168.926687,18.0
2025-08,COST,2087849797.1976144,40.0
2025-08,CRCL,4522582660.574951,17.0
2025-08,CRM,1943385286.5981088,42.0
2025-08,CRWD,1591975165.7031348,57.0
2025-08,CRWV,2810640603.46337,30.0
2025-08,CSCO,1373662285.4467604,68.0
2025-08,CVNA,1090572487.6383827,94.0
2025-08,CVX,1502423304.5672705,61.0
2025-08,DIA,1656031867.5936744,51.0
2025-08,EEM,1184201545.5938854,85.0
2025-08,EFA,1210082842.1271794,84.0
2025-08,FXI,1103488914.2244732,91.0
2025-08,GE,1572016473.5193646,60.0
2025-08,GEV,1598820080.3319538,55.0
2025-08,GLD,2851210050.983538,29.0
2025-08,GOOG,4542210343.462699,16.0
2025-08,GOOGL,6842409419.997829,12.0
2025-08,GS,1382523271.3180299,67.0
2025-08,HD,1321835609.9703834,72.0
2025-08,HIMS,1979906817.5873835,41.0
2025-08,HOOD,4279535675.98791,20.0
2025-08,HYG,2668358917.957972,31.0
2025-08,IBIT,2856614151.969001,28.0
2025-08,IBM,1210443892.0030382,83.0
2025-08,INTC,2313434357.4998703,35.0
2025-08,INTU,1276660902.2077289,75.0
2025-08,IVV,3248839031.20185,23.0
2025-08,IWM,7598113630.436562,11.0
2025-08,JNJ,1355275379.5744395,70.0
2025-08,JPM,2369647576.239886,34.0
2025-08,KO,1060451579.0472606,96.0
2025-08,LLY,3207319980.719285,24.0
2025-08,LQD,2862027334.003642,27.0
2025-08,MA,1592005905.219184,56.0
2025-08,MCD,1101652225.8263967,92.0
2025-08,META,8669627357.954624,10.0
2025-08,MRK,1138467555.3450327,88.0
2025-08,MRVL,1467260467.2500248,63.0
2025-08,MSFT,9993436662.336222,7.0
2025-08,MSTR,4422555948.555792,19.0
2025-08,MU,2557967717.8192744,32.0
2025-08,NFLX,3888640959.4490414,21.0
2025-08,NOW,1449216281.1910236,64.0
2025-08,NVDA,28713885699.62001,3.0
2025-08,ORCL,3017429634.6979294,26.0
2025-08,PANW,1408796279.3131025,66.0
2025-08,PEP,1315316015.3220768,73.0
2025-08,PG,1247956408.207291,80.0
2025-08,PLTR,11255438214.701506,6.0
2025-08,QCOM,1226926798.2187665,82.0
2025-08,QQQ,24748395815.360806,4.0
2025-08,RDDT,1253472858.9807541,79.0
2025-08,RSP,2111633206.6141038,39.0
2025-08,SGOV,1146360209.645444,87.0
2025-08,SMCI,1818083211.3856788,46.0
2025-08,SOFI,1470998355.9182274,62.0
2025-08,SPOT,1357482505.1584394,69.0
2025-08,SPY,43450557230.91286,1.0
2025-08,TLT,3137546071.3021655,25.0
2025-08,TMO,1159607664.639476,86.0
2025-08,TMUS,1048144459.1541109,100.0
2025-08,TQQQ,5122086976.440587,14.0
2025-08,TSLA,31553086277.946156,2.0
2025-08,TSM,2544241399.77882,33.0
2025-08,TXN,1268166811.7669241,77.0
2025-08,UBER,1696877206.4584763,49.0
2025-08,UNH,4667955780.781749,15.0
2025-08,V,2272372987.326292,36.0
2025-08,VOO,3597572062.6226516,22.0
2025-08,VTI,1055053115.8697704,97.0
2025-08,WFC,1326565073.328872,71.0
2025-08,WMT,1601106193.3218455,54.0
2025-08,XLE,1576743377.4120877,59.0
2025-08,XLF,1898553156.1222076,43.0
2025-08,XLI,1652387562.3035977,53.0
2025-08,XLK,1587750947.3405385,58.0
2025-08,XLP,1238352474.968102,81.0
2025-08,XLV,1824796319.6128724,45.0
2025-08,XLY,1130907159.2584035,89.0
2025-08,XOM,1837029406.7886596,44.0
2025-09,AAPL,12538251948.195225,5.0
2025-09,ACN,1214599053.660753,88.0
2025-09,ADBE,1511004441.3166833,60.0
2025-09,AMAT,1403925674.0928288,69.0
2025-09,AMD,8705774349.24234,9.0
2025-09,AMZN,9535329456.671432,8.0
2025-09,ANET,1180829652.8984432,95.0
2025-09,APP,3655401819.833471,24.0
2025-09,ASML,1409788291.5360708,68.0
2025-09,AVGO,6780271324.705724,13.0
2025-09,BA,1655090766.4586143,52.0
2025-09,BABA,2510633919.55145,35.0
2025-09,BAC,1809240998.8616216,48.0
2025-09,BMNR,2418651879.0814085,37.0
2025-09,BRK-B,2179878425.9319487,40.0
2025-09,C,1377171322.3793273,71.0
2025-09,CAT,1231607211.3967168,85.0
2025-09,COIN,3827514701.483929,22.0
2025-09,COST,2148015367.1895347,41.0
2025-09,CRCL,2330662528.750344,39.0
2025-09,CRM,2042586832.4832735,43.0
2025-09,CRWD,1416816707.5899155,67.0
2025-09,CRWV,2782782564.2934403,33.0
2025-09,CSCO,1321879475.0757127,80.0
2025-09,CVX,1445446084.1533115,65.0
2025-09,DIA,1973724076.094467,45.0
2025-09,EEM,1227287522.455712,86.0
2025-09,EFA,1225808966.8778071,87.0
2025-09,GDX,1232682221.8705375,84.0
2025-09,GE,1362386587.9007976,75.0
2025-09,GEV,1660669593.4971402,50.0
2025-09,GLD,3447108410.0068107,25.0
2025-09,GOOG,4914088787.635343,17.0
2025-09,GOOGL,7594182874.75971,12.0
2025-09,GS,1370046285.453966,74.0
2025-09,HD,1391561923.5533214,70.0
2025-09,HIMS,1566557290.002284,58.0
2025-09,HOOD,5046965659.6835785,16.0
2025-09,HYG,2647424617.7749877,34.0
2025-09,IBIT,2945425870.20874,31.0
2025-09,IBM,1328856190.1049902,79.0
2025-09,INTC,2952028913.1722164,30.0
2025-09,INTU,1335502627.4937222,78.0
2025-09,IONQ,1162467294.4753678,96.0
2025-09,IVV,3684908403.1907825,23.0
2025-09,IWM,8389485159.887793,11.0
2025-09,JNJ,1452228506.3657973,64.0
2025-09,JPM,2459600876.519533,36.0
2025-09,LLY,3239477819.3009634,26.0
2025-09,LQD,3025198989.805809,28.0
2025-09,LRCX,1191040453.9269948,92.0
2025-09,MA,1483515681.4674015,63.0
2025-09,META,8506828983.3034935,10.0
2025-09,MRVL,1518415606.598621,59.0
2025-09,MSFT,10199315493.613398,7.0
2025-09,MSTR,4301811761.12356,19.0
2025-09,MU,2960557993.9694843,29.0
2025-09,NBIS,1187772840.3554826,93.0
2025-09,NFLX,3895293538.298834,21.0
2025-09,NOW,1508985248.8239834,61.0
2025-09,NVDA,30198716882.685005,3.0
2025-09,OPEN,1653947929.8182087,53.0
2025-09,ORCL,5448906243.277438,14.0
2025-09,PANW,1502098924.261402,62.0
2025-09,PEP,1208639116.7660668,90.0
2025-09,PFE,1108690325.7383044,100.0
2025-09,PG,1185186918.9371018,94.0
2025-09,PLTR,10616159487.032936,6.0
2025-09,QCOM,1212089402.6145573,89.0
2025-09,QQQ,27004717700.448174,4.0
2025-09,RDDT,1345611515.0158353,76.0
2025-09,RSP,2333540398.7901716,38.0
2025-09,SGOV,1208450266.234528,91.0
2025-09,SMCI,1592963826.118312,55.0
2025-09,SNOW,1114369979.9771748,99.0
2025-09,SNPS,1428693341.2859719,66.0
2025-09,SOFI,1639234288.853158,54.0
2025-09,SPOT,1294649972.037276,81.0
2025-09,SPY,45232064074.54863,1.0
2025-09,TLT,3168340020.5618114,27.0
2025-09,TMO,1128641880.6627061,98.0
2025-09,TQQQ,5139876583.009399,15.0
2025-09,TSLA,31014217869.10158,2.0
2025-09,TSM,2823345888.4973435,32.0
2025-09,TXN,1338610003.7342618,77.0
2025-09,UBER,1659440492.3688495,51.0
2025-09,UNH,4824287683.860439,18.0
2025-09,V,2089960614.9232895,42.0
2025-09,VOO,4166094172.8857617,20.0
2025-09,VTI,1145070191.3653662,97.0
2025-09,WFC,1257495516.6702027,82.0
2025-09,WMT,1579281569.5335026,57.0
2025-09,XLE,1375009625.2826266,72.0
2025-09,XLF,1902151119.5376744,46.0
2025-09,XLI,1579380861.902461,56.0
2025-09,XLK,1985159528.6677284,44.0
2025-09,XLP,1241021114.462692,83.0
2025-09,XLV,1815477071.100338,47.0
2025-09,XLY,1374438162.9883056,73.0
2025-09,XOM,1732234952.0303757,49.0
2025-10,AAPL,13118469392.23904,5.0
2025-10,ACN,1215625624.4797964,97.0
2025-10,ADBE,1515984124.7353206,66.0
2025-10,ALAB,1182945421.2719145,100.0
2025-10,AMAT,1615769706.3083224,58.0
2025-10,AMD,11792364244.177416,6.0
2025-10,AMZN,10175913287.850393,9.0
2025-10,ANET,1252745501.7632015,95.0
2025-10,APP,4259285259.9610343,21.0
2025-10,ASML,1366885591.135661,79.0
2025-10,AVGO,7739932967.552791,13.0
2025-10,BA,1649756840.5136352,57.0
2025-10,BABA,2966681431.1215234,35.0
2025-10,BAC,1724334946.7594087,52.0
2025-10,BKNG,1195294278.25625,98.0
2025-10,BMNR,2697834105.2214665,37.0
2025-10,BRK-B,2100283024.8530312,44.0
2025-10,C,1319110318.8661485,87.0
2025-10,CAT,1424546560.365271,72.0
2025-10,COIN,3155015126.437378,32.0
2025-10,COST,2198297977.2120886,43.0
2025-10,CRCL,1556485913.8169546,62.0
2025-10,CRM,2311605230.161467,42.0
2025-10,CRWD,1403050082.9221694,76.0
2025-10,CRWV,3425712601.360491,27.0
2025-10,CSCO,1342806005.3208246,83.0
2025-10,DIA,2581261673.5904756,39.0
2025-10,EEM,1348493022.5320241,80.0
2025-10,EFA,1323037345.4305134,86.0
2025-10,FXI,1287670407.4832067,92.0
2025-10,GDX,1784213618.353229,48.0
2025-10,GEV,1731868101.6301231,51.0
2025-10,GLD,5705639668.643867,15.0
2025-10,GOOG,5138398436.682879,17.0
2025-10,GOOGL,7929969500.192309,12.0
2025-10,GS,1411507066.9120667,74.0
2025-10,HD,1384076666.2531292,77.0
2025-10,HIMS,1480882100.5901582,68.0
2025-10,HOOD,4545987037.938351,18.0
2025-10,HYG,3115084749.1976542,33.0
2025-10,IBIT,3293379826.3801394,31.0
2025-10,IBM,1465459479.6555777,70.0
2025-10,INTC,3959945174.6819873,24.0
2025-10,INTU,1323942062.5926185,85.0
2025-10,IONQ,1695649261.417934,53.0
2025-10,IREN,1564047259.722198,61.0
2025-10,IVV,4161989126.9062343,22.0
2025-10,IWM,8832084601.932222,11.0
2025-10,JNJ,1525700480.1208253,65.0
2025-10,JPM,2412895456.8479023,40.0
2025-10,LLY,3321292726.1214967,29.0
2025-10,LQD,3307471557.469807,30.0
2025-10,LRCX,1436441189.8033142,71.0
2025-10,MA,1527393239.6388462,64.0
2025-10,META,9706776304.223246,10.0
2025-10,MRVL,1573532175.7840657,60.0
2025-10,MSFT,10578302678.045122,8.0
2025-10,MSTR,3794147061.0571966,25.0
2025-10,MU,3788474283.2367063,26.0
2025-10,NBIS,1745867674.8279572,50.0
2025-10,NFLX,4064229738.285973,23.0
2025-10,NOW,1406914060.6165082,75.0
2025-10,NVDA,32257091095.322113,3.0
2025-10,OPEN,1753065246.8597658,49.0
2025-10,ORCL,6603162108.273339,14.0
2025-10,PANW,1309371746.8375797,90.0
2025-10,PFE,1309598940.597398,89.0
2025-10,PLTR,10696672020.834616,7.0
2025-10,QCOM,1486297313.183497,67.0
2025-10,QQQ,31105448532.94203,4.0
2025-10,RDDT,1380153768.2104685,78.0
2025-10,RGTI,2725441588.034607,36.0
2025-10,RSP,2583990776.566472,38.0
2025-10,SGOV,1343591263.9832149,81.0
2025-10,SHOP,1232289509.2423453,96.0
2025-10,SLV,1339253260.9784443,84.0
2025-10,SMCI,1476389106.1722102,69.0
2025-10,SNOW,1265282891.0969083,94.0
2025-10,SNPS,1270231136.2157428,93.0
2025-10,SOFI,1840018920.9475684,47.0
2025-10,SPY,48011501360.89758,1.0
2025-10,TLT,3063332850.725023,34.0
2025-10,TQQQ,5498759183.864339,16.0
2025-10,TSLA,34359333922.686188,2.0
2025-10,TSM,3395034491.506837,28.0
2025-10,TXN,1343128405.2251666,82.0
2025-10,UBER,1596982763.6382935,59.0
2025-10,UNH,4264892687.5342474,20.0
2025-10,V,2018216019.0768287,45.0
2025-10,VOO,4520924577.022782,19.0
2025-10,VTI,1313100043.319363,88.0
2025-10,WFC,1193332776.240394,99.0
2025-10,WMT,1680086598.9422996,55.0
2025-10,XLE,1290874760.2196224,91.0
2025-10,XLF,1995691695.4730382,46.0
2025-10,XLI,1543321537.8036742,63.0
2025-10,XLK,2400749652.033149,41.0
2025-10,XLV,1682933609.7713652,54.0
2025-10,XLY,1421641515.3817556,73.0
2025-10,XOM,1650591774.1847932,56.0
2025-11,AAPL,13172199296.272593,5.0
2025-11,ABBV,1336955752.0619226,88.0
2025-11,ADBE,1496271775.8590455,75.0
2025-11,AMAT,1779530686.4092872,56.0
2025-11,AMD,12495246247.083076,6.0
2025-11,AMZN,11129279113.200329,8.0
2025-11,ANET,1278047867.2785683,96.0
2025-11,APP,4221101400.199672,23.0
2025-11,ASML,1518410037.4760704,74.0
2025-11,AVGO,8577603130.958,13.0
2025-11,BA,1713626417.263915,60.0
2025-11,BABA,3112634708.5301476,34.0
2025-11,BAC,1827656266.959381,54.0
2025-11,BE,1457795242.749417,78.0
2025-11,BKNG,1336176621.8439739,89.0
2025-11,BMNR,2119827325.0781226,47.0
2025-11,BRK-B,2287099845.970275,41.0
2025-11,C,1289643444.379425,93.0
2025-11,CAT,1446594577.8287373,79.0
2025-11,COIN,3102052623.319741,35.0
2025-11,COST,2249743152.929881,42.0
2025-11,CRCL,1519780351.529185,73.0
2025-11,CRM,2193460506.1284866,44.0
2025-11,CRWD,1279045742.4582345,95.0
2025-11,CRWV,3379607890.1329646,31.0
2025-11,CSCO,1460489089.66808,77.0
2025-11,DIA,3047093441.2340436,37.0
2025-11,EEM,1444141227.3677886,81.0
2025-11,EFA,1444337287.8192842,80.0
2025-11,FXI,1292063042.3315382,92.0
2025-11,GDX,2059162542.979625,48.0
2025-11,GEV,1797723725.8988638,55.0
2025-11,GLD,6174119671.623012,17.0
2025-11,GOOG,6498738435.228185,15.0
2025-11,GOOGL,10179864006.759886,10.0
2025-11,GS,1536954169.0586636,69.0
2025-11,HD,1427926246.5363517,82.0
2025-11,HIMS,1385898243.4888504,83.0
2025-11,HOOD,4515196124.200706,21.0
2025-11,HYG,3428362976.865811,29.0
2025-11,IBIT,3663970770.4946,27.0
2025-11,IBM,1533784095.9215436,71.0
2025-11,INTC,3827739333.6516213,24.0
2025-11,IONQ,1854929823.3710275,52.0
2025-11,IREN,2124771531.110718,46.0
2025-11,IVV,4972583299.255953,20.0
2025-11,IWM,10106976197.408958,11.0
2025-11,JNJ,1646612978.0432806,65.0
2025-11,JPM,2538725818.6983137,40.0
2025-11,LLY,3278163175.523546,32.0
2025-11,LQD,3722657767.826177,26.0
2025-11,LRCX,1616697959.5593529,66.0
2025-11,MA,1536896670.4003713,70.0
2025-11,META,11485904727.281164,7.0
2025-11,MRVL,1607331874.8815567,67.0
2025-11,MSFT,11079326222.998144,9.0
2025-11,MSTR,3654895797.447108,28.0
2025-11,MU,5110453809.390719,18.0
2025-11,NBIS,2212002599.5663357,43.0
2025-11,NFLX,4336907631.05671,22.0
2025-11,NOW,1283655334.4544911,94.0
2025-11,NVDA,35329958727.12119,3.0
2025-11,OPEN,1751735273.7216985,58.0
2025-11,ORCL,7409725417.865813,14.0
2025-11,PFE,1690502149.0550086,62.0
2025-11,PLTR,9808802623.169695,12.0
2025-11,QCOM,1693281729.3801687,61.0
2025-11,QQQ,35244637915.40751,4.0
2025-11,RGTI,2945553667.8053975,38.0
2025-11,RSP,3243857439.3341064,33.0
2025-11,SGOV,1469933734.1887822,76.0
2025-11,SHOP,1301751983.0256145,91.0
2025-11,SLV,1548247973.9638314,68.0
2025-11,SMCI,1358730306.6883178,85.0
2025-11,SNDK,1851895589.9591415,53.0
2025-11,SNPS,1350142756.8094404,87.0
2025-11,SOFI,2023965546.4314444,50.0
2025-11,SPY,53406044517.087616,1.0
2025-11,T,1263546694.5229123,97.0
2025-11,TLT,3088093701.7541676,36.0
2025-11,TQQQ,6226935851.677274,16.0
2025-11,TSLA,37670098341.61668,2.0
2025-11,TSM,3723021300.023615,25.0
2025-11,TXN,1376915867.6570346,84.0
2025-11,UBER,1662757029.7204154,64.0
2025-11,UNH,3416634144.2302885,30.0
2025-11,V,2053202984.8580496,49.0
2025-11,VOO,4997684156.24409,19.0
2025-11,VRT,1238386576.870219,100.0
2025-11,VTI,1330250300.032552,90.0
2025-11,WDC,1256127853.521014,98.0
2025-11,WFC,1248553971.2819054,99.0
2025-11,WMT,1754887138.3118525,57.0
2025-11,XLE,1355015849.6091328,86.0
2025-11,XLF,2180550089.409286,45.0
2025-11,XLI,1739444600.441197,59.0
2025-11,XLK,2875237523.1284003,39.0
2025-11,XLV,1891807212.3093863,51.0
2025-11,XLY,1524745205.332099,72.0
2025-11,XOM,1670163439.7672381,63.0
2025-12,AAPL,12157143127.401176,5.0
2025-12,ABBV,1288869306.3106961,90.0
2025-12,ADBE,1309466117.3097157,87.0
2025-12,AMAT,1766738241.8687608,57.0
2025-12,AMD,12128677386.370146,6.0
2025-12,AMZN,10346892614.084492,9.0
2025-12,APP,2746908071.322971,35.0
2025-12,ASML,1463131633.0167255,76.0
2025-12,AVGO,10039690317.89541,11.0
2025-12,BA,1678237798.505559,61.0
2025-12,BABA,2165415014.9552116,45.0
2025-12,BAC,1886305872.708796,53.0
2025-12,BE,1464364034.9937682,75.0
2025-12,BKNG,1351359069.1708763,82.0
2025-12,BMNR,1781766458.9134915,56.0
2025-12,BRK-B,2322896696.0644917,42.0
2025-12,C,1355679734.669773,81.0
2025-12,CAT,1518449531.6832042,71.0
2025-12,COIN,2807179929.224844,33.0
2025-12,COST,2333723127.1745954,41.0
2025-12,CRCL,1351289772.847445,83.0
2025-12,CRM,2025747031.6670978,49.0
2025-12,CRWV,2780560643.3394175,34.0
2025-12,CSCO,1543282714.1178434,69.0
2025-12,CVNA,1515433127.2074685,72.0
2025-12,CVX,1178496068.7553527,100.0
2025-12,DIA,3036952254.2197576,31.0
2025-12,EEM,1398236375.313326,79.0
2025-12,EFA,1578490747.8048053,67.0
2025-12,FXI,1225996685.5615222,99.0
2025-12,GDX,2081149522.6467679,47.0
2025-12,GE,1227161428.177558,98.0
2025-12,GEV,1983246534.1072204,51.0
2025-12,GLD,5928821154.808844,17.0
2025-12,GOOG,6555731829.816037,14.0
2025-12,GOOGL,10241603532.744587,10.0
2025-12,GS,1682460952.675762,60.0
2025-12,HD,1439634474.6888175,77.0
2025-12,HOOD,3445716912.9050846,27.0
2025-12,HYG,3334448785.99162,29.0
2025-12,IBIT,3660668206.104406,23.0
2025-12,IBM,1427845006.7738366,78.0
2025-12,INTC,3457431996.035204,26.0
2025-12,IONQ,1512246940.6468043,73.0
2025-12,IREN,2095300477.9516735,46.0
2025-12,IVV,6156028011.005026,15.0
2025-12,IWM,9849095407.137455,12.0
2025-12,JNJ,1676142708.1443908,62.0
2025-12,JPM,2659930173.7398176,36.0
2025-12,LLY,3369800441.3245792,28.0
2025-12,LQD,3476783242.283267,25.0
2025-12,LRCX,1693660328.0646672,59.0
2025-12,MA,1486240963.819328,74.0
2025-12,META,11932691099.281528,7.0
2025-12,MRK,1246604588.4831626,96.0
2025-12,MRVL,1550197057.8789363,68.0
2025-12,MSFT,11278868892.332579,8.0
2025-12,MSTR,3532241823.530143,24.0
2025-12,MU,5941149444.740077,16.0
2025-12,NBIS,1831059649.7685144,54.0
2025-12,NFLX,4634075681.66958,21.0
2025-12,NOW,1349188593.2433355,84.0
2025-12,NVDA,34406032373.983185,4.0
2025-12,ORCL,5825778984.70178,18.0
2025-12,PFE,1618214474.1199222,65.0
2025-12,PG,1334237144.9994526,85.0
2025-12,PLTR,8612821238.98204,13.0
2025-12,QCOM,1712645261.2842379,58.0
2025-12,QQQ,34662126389.30906,3.0
2025-12,QQQM,1254124628.505743,93.0
2025-12,RGTI,2601825064.8634596,38.0
2025-12,RSP,3181923325.509837,30.0
2025-12,SGOV,1530526084.7307236,70.0
2025-12,SHOP,1301140925.5520532,88.0
2025-12,SLV,2552355163.646371,39.0
2025-12,SNDK,2220674128.264194,43.0
2025-12,SOFI,1904232533.1056626,52.0
2025-12,SPY,53829420158.78006,1.0
2025-12,T,1245193823.3545878,97.0
2025-12,TLT,2859365267.1828012,32.0
2025-12,TQQQ,5797451862.695942,19.0
2025-12,TSLA,36468239880.69851,2.0
2025-12,TSM,3667997466.9512553,22.0
2025-12,TXN,1290683253.633699,89.0
2025-12,UBER,1590008941.1796813,66.0
2025-12,UNH,2602467011.7761035,37.0
2025-12,V,2049070110.513015,48.0
2025-12,VOO,5520774387.431602,20.0
2025-12,VRT,1253086913.8215806,94.0
2025-12,VTI,1358132501.2821257,80.0
2025-12,WDC,1333788601.7201984,86.0
2025-12,WFC,1249916063.7502882,95.0
2025-12,WMT,1999678994.1999285,50.0
2025-12,XLE,1266501472.8490984,92.0
2025-12,XLF,2182388845.5285025,44.0
2025-12,XLI,1620352127.5643,64.0
2025-12,XLK,2468898505.1534986,40.0
2025-12,XLV,1824261079.3785944,55.0
2025-12,XLY,1286249217.5026302,91.0
2025-12,XOM,1653015626.4708261,63.0
2026-01,AAPL,12755934745.123169,7.0
2026-01,ABBV,1401428052.4801104,87.0
2026-01,ADBE,1398422354.097542,88.0
2026-01,AMAT,1998021067.2040668,54.0
2026-01,AMD,9070582610.457163,12.0
2026-01,AMZN,10434784784.396362,10.0
2026-01,APH,1252532182.9937284,99.0
2026-01,APP,2759387057.9588876,38.0
2026-01,ASML,1935781286.9508774,56.0
2026-01,AVGO,10474895335.808647,9.0
2026-01,BA,1859596204.126122,58.0
2026-01,BABA,2010922689.9759202,51.0
2026-01,BAC,2027657887.1882665,50.0
2026-01,BE,1570163568.6066036,75.0
2026-01,BKNG,1255615361.6666038,98.0
2026-01,BMNR,1469790808.8687232,84.0
2026-01,BRK-B,2468963322.16918,41.0
2026-01,C,1477493981.8172636,82.0
2026-01,CAT,1487095134.7986615,81.0
2026-01,COIN,2395371223.282175,42.0
2026-01,COST,2487274519.4010415,40.0
2026-01,CRM,2005479556.0788836,53.0
2026-01,CRWV,2580189329.2253766,39.0
2026-01,CSCO,1620115394.303579,72.0
2026-01,CVNA,1754943463.1367335,62.0
2026-01,CVX,1564938400.7774475,76.0
2026-01,DIA,2992512258.1550236,36.0
2026-01,EEM,1714895346.4282262,63.0
2026-01,EFA,1822515469.7849092,60.0
2026-01,GDX,2218154877.807835,46.0
2026-01,GE,1507088271.9147213,80.0
2026-01,GEV,2057766731.5143888,49.0
2026-01,GLD,6614412356.463139,17.0
2026-01,GOOG,7233056409.145682,15.0
2026-01,GOOGL,11142665521.472458,8.0
2026-01,GS,1887962402.4273584,57.0
2026-01,HD,1603303689.3805125,73.0
2026-01,HOOD,3026051843.421694,35.0
2026-01,HYG,3027486209.4076853,34.0
2026-01,IBIT,3221561927.299857,30.0
2026-01,IBM,1297749486.594403,95.0
2026-01,INTC,4160385274.4992332,24.0
2026-01,INTU,1315518909.6164763,94.0
2026-01,IREN,1973496775.1689246,55.0
2026-01,IVV,6619033516.906836,16.0
2026-01,IWM,10107499762.162346,11.0
2026-01,JNJ,1831848563.0845811,59.0
2026-01,JPM,3072658741.3944306,33.0
2026-01,KLAC,1376254988.8048928,89.0
2026-01,LITE,1435136782.5736637,85.0
2026-01,LLY,3611961392.635866,26.0
2026-01,LQD,3542895921.342892,28.0
2026-01,LRCX,2136134633.8101099,47.0
2026-01,MA,1772268533.0127535,61.0
2026-01,META,12941937679.578508,6.0
2026-01,MRK,1408400586.8230426,86.0
2026-01,MRVL,1476238891.4505248,83.0
2026-01,MSFT,13176081889.750114,5.0
2026-01,MSTR,3549702902.3093085,27.0
2026-01,MU,8843593155.66072,13.0
2026-01,NBIS,1543915936.9870503,77.0
2026-01,NFLX,4484931008.222853,22.0
2026-01,NOW,1672926285.576763,68.0
2026-01,NVDA,33710955220.868984,3.0
2026-01,ORCL,5288401809.216866,21.0
2026-01,PFE,1633627099.647843,70.0
2026-01,PG,1541220679.6543667,78.0
2026-01,PLTR,8007029539.324588,14.0
2026-01,QCOM,1523423150.0718617,79.0
2026-01,QQQ,34260604482.146442,2.0
2026-01,QQQM,1365971885.7436407,90.0
2026-01,RSP,3385124232.276892,29.0
2026-01,SGOV,1586565945.8867755,74.0
2026-01,SHOP,1249976510.489933,100.0
2026-01,SLV,6313275733.85022,18.0
2026-01,SNDK,4337942896.801418,23.0
2026-01,SOFI,1633360865.4960601,71.0
2026-01,SPY,54943281196.683655,1.0
2026-01,STX,1342661319.8731196,92.0
2026-01,TLT,3122906994.8388476,32.0
2026-01,TQQQ,5434528496.81847,20.0
2026-01,TSLA,32913446983.001076,4.0
2026-01,TSM,3867788003.6415706,25.0
2026-01,TXN,1353764018.6443994,91.0
2026-01,UBER,1683106644.7684515,67.0
2026-01,UNH,2786853970.812504,37.0
2026-01,V,2368071587.7950034,44.0
2026-01,VOO,5944639669.126577,19.0
2026-01,VTI,1636740245.0128949,69.0
2026-01,WDC,1709660785.3936331,64.0
2026-01,WFC,1329107597.4898202,93.0
2026-01,WMT,3211888330.9848967,31.0
2026-01,XLE,1696736741.0094247,65.0
2026-01,XLF,2267410295.0572367,45.0
2026-01,XLI,1690725181.953963,66.0
2026-01,XLK,2377813405.338033,43.0
2026-01,XLP,1290082744.5437477,96.0
2026-01,XLV,2007450196.0796537,52.0
2026-01,XLY,1272255044.8743064,97.0
2026-01,XOM,2065048657.5166852,48.0
2026-02,AAPL,12764306050.889683,6.0
2026-02,ABBV,1437482457.649885,90.0
2026-02,ADBE,1536896678.2500494,83.0
2026-02,AMAT,2318970141.856651,48.0
2026-02,AMD,7782610166.159009,14.0
2026-02,AMZN,10501257809.569586,9.0
2026-02,APH,1321487640.0410364,99.0
2026-02,APP,2915362352.669513,35.0
2026-02,ASML,2154122531.999182,52.0
2026-02,AVGO,10473913674.304152,10.0
2026-02,BA,1736882827.2873652,69.0
2026-02,BABA,1730899654.7152808,71.0
2026-02,BAC,2122258722.383693,56.0
2026-02,BE,1508177664.1550941,85.0
2026-02,BKNG,1656429184.478881,74.0
2026-02,BRK-B,2273143100.3572493,49.0
2026-02,C,1641922547.3372686,76.0
2026-02,CAT,1800435480.3367977,66.0
2026-02,COIN,2231016954.3159847,50.0
2026-02,COST,2415463271.8493266,43.0
2026-02,CRM,2401244810.1833043,45.0
2026-02,CRWD,1419979712.3436337,93.0
2026-02,CRWV,2410576063.575563,44.0
2026-02,CSCO,1722936826.8447998,72.0
2026-02,CVNA,1931778166.334243,64.0
2026-02,CVX,1732778178.8150363,70.0
2026-02,DIA,2898565381.1594644,36.0
2026-02,EEM,2035958532.1262906,57.0
2026-02,EFA,2005479684.0663729,59.0
2026-02,GDX,2467238543.3545065,41.0
2026-02,GE,1637582443.398515,77.0
2026-02,GEV,2181180051.254224,51.0
2026-02,GLD,7544477555.025518,15.0
2026-02,GOOG,7110741561.634657,18.0
2026-02,GOOGL,11084734072.62021,8.0
2026-02,GS,2125660435.0972493,55.0
2026-02,HD,1605899018.7956796,79.0
2026-02,HOOD,2821419563.5785785,37.0
2026-02,HYG,2944972188.0581203,34.0
2026-02,IBIT,3002326143.209027,33.0
2026-02,IBM,1434339466.5254624,91.0
2026-02,INTC,4577042914.480663,22.0
2026-02,INTU,1614591824.3206205,78.0
2026-02,IREN,1787979311.2639775,67.0
2026-02,IVV,6507032955.042666,19.0
2026-02,IWM,9688911785.441275,12.0
2026-02,JNJ,1972805231.7916386,61.0
2026-02,JPM,3321439655.034286,31.0
2026-02,KLAC,1445179811.6355774,89.0
2026-02,KO,1314319855.0736563,100.0
2026-02,LITE,1998312888.0132766,60.0
2026-02,LLY,3380761892.9174027,29.0
2026-02,LQD,3348793974.607849,30.0
2026-02,LRCX,2347718403.811912,46.0
2026-02,MA,1948591990.2045841,63.0
2026-02,META,10284972145.233929,11.0
2026-02,MRK,1455380625.8219037,88.0
2026-02,MRVL,1329905315.0281756,97.0
2026-02,MSFT,14205069494.348097,5.0
2026-02,MSTR,3424620812.922838,28.0
2026-02,MU,11224706669.245548,7.0
2026-02,NFLX,4469619815.395925,24.0
2026-02,NOW,2008913083.7845092,58.0
2026-02,NVDA,32089811270.56461,3.0
2026-02,ORCL,5057505331.697712,21.0
2026-02,PANW,1597001750.1338656,80.0
2026-02,PG,1690180234.6504333,73.0
2026-02,PLTR,7114351558.663819,17.0
2026-02,QCOM,1491839424.9108694,86.0
2026-02,QQQ,34397229218.435234,2.0
2026-02,QQQM,1327164057.2936528,98.0
2026-02,RSP,3475841984.4454083,27.0
2026-02,SGOV,1596054661.9966779,81.0
2026-02,SHOP,1427479253.9632888,92.0
2026-02,SLV,8100985695.023643,13.0
2026-02,SNDK,7535941347.7172365,16.0
2026-02,SOFI,1365154440.660634,95.0
2026-02,SPOT,1416552843.438769,94.0
2026-02,SPY,54392050343.15321,1.0
2026-02,STX,1476913729.0636334,87.0
2026-02,TLT,3230002286.847263,32.0
2026-02,TQQQ,4565023144.787089,23.0
2026-02,TSLA,28910613977.717182,4.0
2026-02,TSM,4114375676.8082876,25.0
2026-02,TXN,1528412667.399815,84.0
2026-02,UBER,1653083644.7794232,75.0
2026-02,UNH,2700961777.8345504,38.0
2026-02,V,2550687237.0642767,39.0
2026-02,VOO,6231156073.065476,20.0
2026-02,VTI,1897711509.345645,65.0
2026-02,WDC,2145129256.23944,53.0
2026-02,WFC,1363806625.407434,96.0
2026-02,WMT,3651109896.2116423,26.0
2026-02,XLE,2128097559.1744986,54.0
2026-02,XLF,2447815401.3517714,42.0
2026-02,XLI,1743687753.9859347,68.0
2026-02,XLK,2337161826.700507,47.0
2026-02,XLP,1556603829.0980628,82.0
2026-02,XLV,1956817423.023793,62.0
2026-02,XOM,2501881490.9517684,40.0
2026-03,AAPL,12320198115.393768,7.0
2026-03,ABBV,1598717714.6705022,90.0
2026-03,ACN,1479296175.6557162,100.0
2026-03,ADBE,1590268207.6774235,91.0
2026-03,AMAT,2561069304.8286076,49.0
2026-03,AMD,8045472454.879156,16.0
2026-03,AMZN,10960444033.997261,10.0
2026-03,APP,2862004039.4631524,42.0
2026-03,ASML,2480338533.5100446,53.0
2026-03,AVGO,8699103527.892242,13.0
2026-03,BA,1706349722.6274037,82.0
2026-03,BABA,1837811363.4843493,71.0
2026-03,BAC,2159188689.103329,64.0
2026-03,BE,1653812513.7048025,85.0
2026-03,BKNG,1778001073.5902333,75.0
2026-03,BRK-B,2386181503.54343,55.0
2026-03,C,1719296933.846404,81.0
2026-03,CAT,1958843035.5113196,69.0
2026-03,COHR,1663574691.5789165,84.0
2026-03,COIN,2369683416.0314407,56.0
2026-03,COST,2146225746.6550796,65.0
2026-03,CRM,2540116785.272968,51.0
2026-03,CRWD,1604661468.019419,89.0
2026-03,CRWV,2238111738.118017,60.0
2026-03,CSCO,1871241435.6892178,70.0
2026-03,CVX,2351487371.432495,57.0
2026-03,DIA,3448710266.086348,31.0
2026-03,EEM,2653609608.814039,45.0
2026-03,EFA,2433958696.9891744,54.0
2026-03,EWY,2542872080.4617987,50.0
2026-03,GDX,2904457786.9336567,39.0
2026-03,GE,1763958995.295788,77.0
2026-03,GEV,2194742949.2877293,63.0
2026-03,GLD,8523019215.911914,14.0
2026-03,GOOG,6920305425.719633,18.0
2026-03,GOOGL,10667575650.612967,11.0
2026-03,GS,2198021648.2055664,62.0
2026-03,HD,1545805216.6679745,96.0
2026-03,HOOD,2490009840.3053284,52.0
2026-03,HYG,4059335546.592482,27.0
2026-03,IAU,1563026574.9250503,94.0
2026-03,IBIT,2876990372.838653,40.0
2026-03,IBM,1544800173.8321214,97.0
2026-03,IEFA,1638067240.2879987,86.0
2026-03,IGV,1774069640.1775906,76.0
2026-03,INTC,4878159226.158281,22.0
2026-03,INTU,1778784134.0002635,74.0
2026-03,IREN,1761598777.0376477,78.0
2026-03,IVV,6282969716.941131,20.0
2026-03,IWM,11414677392.429703,8.0
2026-03,JNJ,2030769153.8184998,68.0
2026-03,JPM,3390537245.212664,32.0
2026-03,KLAC,1626682640.4491606,87.0
2026-03,LITE,3333234335.704065,33.0
2026-03,LLY,3174207451.618594,36.0
2026-03,LQD,4504528531.985183,24.0
2026-03,LRCX,2614337074.25944,46.0
2026-03,MA,2045474106.0786655,67.0
2026-03,META,10057406747.524298,12.0
2026-03,MRVL,1493297530.2173674,99.0
2026-03,MSFT,14909909253.394281,6.0
2026-03,MSTR,3206810862.3256383,35.0
2026-03,MU,15398078616.426353,5.0
2026-03,NBIS,1507346217.9374816,98.0
2026-03,NFLX,4330079345.93053,26.0
2026-03,NOW,2125613649.628594,66.0
2026-03,NVDA,32809104897.263615,3.0
2026-03,ORCL,4337302923.044501,25.0
2026-03,PANW,1690292998.2994442,83.0
2026-03,PG,1745137633.909946,79.0
2026-03,PLTR,7429580973.534478,17.0
2026-03,QCOM,1618417889.6699572,88.0
2026-03,QQQ,39354332362.65346,2.0
2026-03,RSP,3845874038.3775015,28.0
2026-03,SGOV,1726185650.5808148,80.0
2026-03,SLV,8109673109.702156,15.0
2026-03,SNDK,10983873452.26605,9.0
2026-03,SPY,59977734592.6378,1.0
2026-03,STX,1589106847.708372,92.0
2026-03,TLT,3692960232.632761,30.0
2026-03,TQQQ,5067688101.570916,21.0
2026-03,TSLA,25354222898.575413,4.0
2026-03,TSM,4782743456.493075,23.0
2026-03,TXN,1565720682.0819674,93.0
2026-03,UBER,1552987335.556757,95.0
2026-03,UNH,2838301238.466535,43.0
2026-03,USO,2926935739.4358077,38.0
2026-03,V,2580688251.896692,47.0
2026-03,VOO,6663255415.833391,19.0
2026-03,VRT,1796194706.2251015,73.0
2026-03,VTI,2207088052.45434,61.0
2026-03,WDC,2562019389.730036,48.0
2026-03,WMT,3743774801.1777725,29.0
2026-03,XLE,3123039048.686521,37.0
2026-03,XLF,2864811074.5334563,41.0
2026-03,XLI,2259348699.431574,58.0
2026-03,XLK,2744027505.9659686,44.0
2026-03,XLP,1802600756.1722045,72.0
2026-03,XLV,2242574122.97092,59.0
2026-03,XOM,3249934521.929411,34.0
2026-04,AAPL,12058764261.152529,8.0
2026-04,ABBV,1559381821.8071346,92.0
2026-04,ADBE,1525702537.3558166,94.0
2026-04,AMAT,2534461934.8714194,46.0
2026-04,AMD,9059586667.44179,13.0
2026-04,AMZN,11789092542.086428,9.0
2026-04,APP,2458529764.914037,52.0
2026-04,ASML,2376939197.7250357,57.0
2026-04,AVGO,8692552882.480148,14.0
2026-04,BA,1460374652.62674,98.0
2026-04,BABA,1445338303.8130503,99.0
2026-04,BAC,2058674357.534687,65.0
2026-04,BE,1867236538.811614,77.0
2026-04,BKNG,1852337462.9641821,79.0
2026-04,BRK-B,2340364798.516652,59.0
2026-04,C,1635742240.3947618,87.0
2026-04,CAT,2070468853.676254,64.0
2026-04,COHR,1972268476.459709,70.0
2026-04,COIN,2288617510.371399,60.0
2026-04,COST,1907274349.0691655,73.0
2026-04,CRCL,1524568006.4110165,95.0
2026-04,CRM,2652860148.3482,44.0
2026-04,CRWD,1655104092.4399724,86.0
2026-04,CRWV,2527619395.774696,47.0
2026-04,CSCO,1910123674.4832115,72.0
2026-04,CVX,2416016578.9742846,54.0
2026-04,DIA,3151437256.043546,34.0
2026-04,EEM,2481132336.436021,49.0
2026-04,EFA,2252659068.341125,61.0
2026-04,EWY,2994363798.372444,38.0
2026-04,GDX,2656108813.599553,42.0
2026-04,GE,1820701398.0186825,80.0
2026-04,GEV,2389755193.4095592,56.0
2026-04,GLD,6339288723.333692,17.0
2026-04,GLW,1761243013.4178524,82.0
2026-04,GOOG,6690458306.21086,16.0
2026-04,GOOGL,10431745494.697159,11.0
2026-04,GS,2030235016.271682,67.0
2026-04,HOOD,2640315648.2400684,45.0
2026-04,HYG,4367643753.777156,27.0
2026-04,IBIT,2466368225.77052,50.0
2026-04,IBM,1611568492.6026845,89.0
2026-04,IEFA,1498894982.9342918,97.0
2026-04,IGV,2244309302.8551254,62.0
2026-04,INTC,5935109184.836827,19.0
2026-04,INTU,1688804809.0394034,84.0
2026-04,IREN,1548785923.9013672,93.0
2026-04,IVV,5809628445.10653,20.0
2026-04,IWM,10823107915.194532,10.0
2026-04,JNJ,1981996589.0013437,69.0
2026-04,JPM,3022051669.253637,36.0
2026-04,KLAC,1607080595.1312838,91.0
2026-04,LITE,4470537616.969033,26.0
2026-04,LLY,3162357010.9086294,33.0
2026-04,LQD,4477523074.413324,25.0
2026-04,LRCX,2442099348.6253285,53.0
2026-04,MA,1872170242.6650758,75.0
2026-04,META,9727089270.386711,12.0
2026-04,MRVL,2464364622.3143563,51.0
2026-04,MSFT,14707741340.792894,6.0
2026-04,MSTR,2996191659.911964,37.0
2026-04,MU,17274372829.181633,5.0
2026-04,NBIS,1871267945.9636264,76.0
2026-04,NFLX,4229001916.928936,28.0
2026-04,NOW,2345319611.098371,58.0
2026-04,NVDA,32696680591.09628,3.0
2026-04,ORCL,4666022102.463544,23.0
2026-04,PANW,1731129512.271966,83.0
2026-04,PG,1610170089.9792142,90.0
2026-04,PLTR,7494200107.858882,15.0
2026-04,QCOM,1934447684.7290645,71.0
2026-04,QQQ,37738941704.34725,2.0
2026-04,RSP,3326042208.006529,31.0
2026-04,SGOV,1894804756.2640235,74.0
2026-04,SLV,4548448076.816898,24.0
2026-04,SNDK,13419417724.330938,7.0
2026-04,SPY,55364343489.036446,1.0
2026-04,STX,1811672834.9410284,81.0
2026-04,TLT,3120410008.245462,35.0
2026-04,TQQQ,5070814941.642519,21.0
2026-04,TSLA,24668470821.996246,4.0
2026-04,TSM,4860482899.42472,22.0
2026-04,TXN,1676110984.5943391,85.0
2026-04,UNH,2683928564.0460787,41.0
2026-04,USO,3874340254.4499593,29.0
2026-04,V,2410264377.188643,55.0
2026-04,VOO,6304926674.533032,18.0
2026-04,VRT,2058139078.5910711,66.0
2026-04,VTI,1853433981.6106887,78.0
2026-04,VZ,1503877361.0045962,96.0
2026-04,WDC,2757445149.9658737,39.0
2026-04,WFC,1421422286.23633,100.0
2026-04,WMT,2743885850.539192,40.0
2026-04,XLE,3271758637.3024173,32.0
2026-04,XLF,2653620158.1125956,43.0
2026-04,XLI,2217006341.259959,63.0
2026-04,XLK,2500581616.035558,48.0
2026-04,XLP,1626038055.1555088,88.0
2026-04,XLV,2026699678.6525424,68.0
2026-04,XOM,3467313195.2185736,30.0
2026-05,AAPL,12082060615.674992,8.0
2026-05,ABBV,1414285376.9051688,97.0
2026-05,ADI,1423228638.3376832,96.0
2026-05,AMAT,2615219349.3249803,43.0
2026-05,AMD,11667303393.476385,9.0
2026-05,AMZN,10750187338.61394,10.0
2026-05,APP,2229176220.0045147,60.0
2026-05,ARM,1863882871.7935834,80.0
2026-05,ASML,2459741151.9812207,49.0
2026-05,AVGO,8737411392.971123,15.0
2026-05,BA,1541390232.3255508,90.0
2026-05,BABA,1536651514.9331713,91.0
2026-05,BAC,1913044122.6693532,76.0
2026-05,BE,2200685924.572669,61.0
2026-05,BKNG,1382993910.0986784,100.0
2026-05,BRK-B,2351197921.1493597,52.0
2026-05,C,1533467908.7198167,92.0
2026-05,CAT,2017867265.908668,71.0
2026-05,COHR,2196827639.6339297,62.0
2026-05,COIN,2076088880.7386127,67.0
2026-05,COST,1967255731.491331,73.0
2026-05,CRCL,1877535659.1112893,78.0
2026-05,CRM,2509037061.9484067,44.0
2026-05,CRWD,1665736975.0893729,87.0
2026-05,CRWV,2823402815.6429715,36.0
2026-05,CSCO,2150991336.491394,65.0
2026-05,CVX,2381221982.733033,51.0
2026-05,DELL,1869727404.2350163,79.0
2026-05,DIA,2794907467.7358475,38.0
2026-05,EEM,2260201763.1802754,58.0
2026-05,EFA,2019438780.4302034,70.0
2026-05,EWY,3347253301.141878,31.0
2026-05,GDX,2278997342.533826,56.0
2026-05,GE,1772399211.7119198,83.0
2026-05,GEV,2451904912.299456,50.0
2026-05,GLD,4300781650.6726465,24.0
2026-05,GLW,2123077726.5064542,66.0
2026-05,GOOG,6468785967.592028,17.0
2026-05,GOOGL,9566271452.68545,14.0
2026-05,GS,1903299672.7112784,77.0
2026-05,HD,1464990299.5259602,95.0
2026-05,HOOD,2276583963.426572,57.0
2026-05,HYG,4179562042.472585,25.0
2026-05,IBIT,1952297428.2485719,74.0
2026-05,IBM,1716476767.2510056,86.0
2026-05,IGV,2070220597.681112,68.0
2026-05,INTC,9753739628.357563,11.0
2026-05,INTU,1586207173.6985464,89.0
2026-05,IREN,2021622690.2796547,69.0
2026-05,IVV,5664517089.621795,19.0
2026-05,IWM,9747927714.122833,12.0
2026-05,JNJ,1803223372.7570307,82.0
2026-05,JPM,2790568419.581047,39.0
2026-05,KLAC,1653874446.4532762,88.0
2026-05,LITE,5280809169.256592,20.0
2026-05,LLY,2983920072.129313,34.0
2026-05,LQD,4178081408.123186,26.0
2026-05,LRCX,2477474195.0226316,47.0
2026-05,MA,1750142622.8519015,84.0
2026-05,META,9711533365.483456,13.0
2026-05,MRVL,3762333129.589747,28.0
2026-05,MSFT,13858730236.975727,7.0
2026-05,MSTR,2787386647.1360707,40.0
2026-05,MU,26095071172.08252,4.0
2026-05,NBIS,2667282979.378921,41.0
2026-05,NFLX,3725572578.787764,29.0
2026-05,NOW,2499257207.4651084,45.0
2026-05,NVDA,32540113244.01514,3.0
2026-05,ORCL,4505454006.583586,23.0
2026-05,PANW,1497980892.3489769,94.0
2026-05,PG,1392929758.2776992,98.0
2026-05,PLTR,6734099469.181073,16.0
2026-05,QCOM,3370959627.4092536,30.0
2026-05,QQQ,33340902635.0987,2.0
2026-05,RSP,2486128697.1778507,46.0
2026-05,SGOV,2006825575.0163486,72.0
2026-05,SLV,2332334643.0304513,53.0
2026-05,SNDK,15467142821.201288,6.0
2026-05,SPY,47726115986.04203,1.0
2026-05,STX,2314600952.741205,54.0
2026-05,TLT,2813390900.751592,37.0
2026-05,TQQQ,5122083770.099967,21.0
2026-05,TSLA,23782617110.61784,5.0
2026-05,TSM,5093248666.97596,22.0
2026-05,TXN,1806127414.0944467,81.0
2026-05,UNH,2649689721.721831,42.0
2026-05,USO,4032393673.8606286,27.0
2026-05,V,2308415861.690945,55.0
2026-05,VOO,5705285173.254879,18.0
2026-05,VRT,2169451942.425077,63.0
2026-05,VTI,1523409257.149978,93.0
2026-05,WDC,2917285407.957047,35.0
2026-05,WFC,1383893560.2247088,99.0
2026-05,WMT,2462120791.892339,48.0
2026-05,XLE,3063057408.4778924,33.0
2026-05,XLF,2242623467.927339,59.0
2026-05,XLI,1925622641.6222224,75.0
2026-05,XLK,2151246239.9606614,64.0
2026-05,XLV,1746108162.8863137,85.0
2026-05,XOM,3263492257.146369,32.0
2026-06,AAPL,15172904670.623125,8.0
2026-06,ABBV,1552054633.7749662,97.0
2026-06,ADI,1786412016.6862366,84.0
2026-06,ALAB,1679756770.9295123,88.0
2026-06,AMAT,4194260099.5224724,27.0
2026-06,AMD,14912002857.852997,9.0
2026-06,AMZN,12583592796.632603,11.0
2026-06,APP,2365044292.599584,60.0
2026-06,ARM,3135409207.663206,36.0
2026-06,ASML,3059985825.0606475,38.0
2026-06,AVGO,10518455775.721766,13.0
2026-06,BA,1476970505.1187425,100.0
2026-06,BAC,1920120735.5787914,77.0
2026-06,BE,2973677164.3498254,40.0
2026-06,BRK-B,2458021169.033329,56.0
2026-06,C,1595071516.4496648,94.0
2026-06,CAT,2605846380.176944,51.0
2026-06,COHR,2163271412.5256734,65.0
2026-06,COIN,1719191806.6433861,86.0
2026-06,COST,2212256567.278665,63.0
2026-06,CRDO,1738989820.353202,85.0
2026-06,CRM,2661372167.0542397,50.0
2026-06,CRWD,1945250156.5647185,74.0
2026-06,CRWV,3352326427.311053,32.0
2026-06,CSCO,2574697174.75173,52.0
2026-06,CVX,1953231816.5687199,73.0
2026-06,DELL,2759443316.7842803,47.0
2026-06,DIA,2472489866.1202083,55.0
2026-06,EEM,1981286943.4511397,70.0
2026-06,EFA,1566370564.1420395,95.0
2026-06,EWY,3363551039.235736,31.0
2026-06,GDX,1966498539.3065317,71.0
2026-06,GE,1809901204.1489375,82.0
2026-06,GEV,2783303594.5869565,45.0
2026-06,GLD,3049536128.2892623,39.0
2026-06,GLW,2670198261.459496,49.0
2026-06,GOOG,7712526623.283895,17.0
2026-06,GOOGL,11401068704.454792,12.0
2026-06,GS,2130823432.8301325,66.0
2026-06,HD,1565098230.612231,96.0
2026-06,HOOD,2674713515.6476703,48.0
2026-06,HYG,3130881188.767049,37.0
2026-06,IBIT,1796509929.645956,83.0
2026-06,IBM,2247912879.727754,62.0
2026-06,IGV,1963732712.456464,72.0
2026-06,INTC,13792955839.590279,10.0
2026-06,INTU,1618762287.7375042,91.0
2026-06,IONQ,1641814468.6183324,89.0
2026-06,IREN,2395013332.635413,58.0
2026-06,IVV,6082417106.217157,19.0
2026-06,IWM,8104909123.135812,16.0
2026-06,JNJ,1893259591.412959,79.0
2026-06,JPM,2778393097.6329985,46.0
2026-06,KLAC,2326222908.4514318,61.0
2026-06,LITE,5362883717.2697525,22.0
2026-06,LLY,3394414044.733441,30.0
2026-06,LQD,3145140721.085382,35.0
2026-06,LRCX,3308801023.124404,33.0
2026-06,MA,1900832343.136984,78.0
2026-06,META,10319568308.111378,14.0
2026-06,MRVL,9811668679.841045,15.0
2026-06,MSFT,15823457441.891382,7.0
2026-06,MSTR,2838464583.4598966,42.0
2026-06,MU,40122012180.14797,2.0
2026-06,NBIS,3482898929.57513,29.0
2026-06,NFLX,3607445515.11331,28.0
2026-06,NOW,2922072915.2280293,41.0
2026-06,NVDA,33025867065.54621,3.0
2026-06,ORCL,5029405094.470699,24.0
2026-06,PANW,1928140046.914479,76.0
2026-06,PLTR,6129454522.378855,18.0
2026-06,QCOM,4385104544.008745,25.0
2026-06,QQQ,31472093859.58029,4.0
2026-06,RSP,2056305837.1475463,69.0
2026-06,SGOV,2119755955.3186567,68.0
2026-06,SLV,1599573108.5583823,93.0
2026-06,SMCI,1629507697.071369,90.0
2026-06,SNDK,18868391899.997578,6.0
2026-06,SNOW,1702149723.7933931,87.0
2026-06,SPY,41260755053.78118,1.0
2026-06,STX,3306634014.178031,34.0
2026-06,TER,1608806202.6477633,92.0
2026-06,TLT,2128829837.3861887,67.0
2026-06,TQQQ,5333987544.940077,23.0
2026-06,TSLA,22229901404.398743,5.0
2026-06,TSM,5575387623.420255,21.0
2026-06,TXN,2443350794.326104,57.0
2026-06,UNH,2815594076.895626,44.0
2026-06,USO,1870911846.7880127,81.0
2026-06,V,2540685724.5389423,54.0
2026-06,VOO,5579310932.233344,20.0
2026-06,VRT,1944936052.5068252,75.0
2026-06,WDC,4253287156.2359037,26.0
2026-06,WMT,2560130869.2740426,53.0
2026-06,XLE,2384319743.631514,59.0
2026-06,XLF,1887084187.6736171,80.0
2026-06,XLI,1498563378.9460924,99.0
2026-06,XLK,2197858395.8209085,64.0
2026-06,XLV,1517451866.677372,98.0
2026-06,XOM,2828796535.435098,43.0
2026-07,AAL,1673952116.84951,87.0
2026-07,AAPL,17281628258.270603,7.0
2026-07,ABBV,1592856683.5404654,94.0
2026-07,ADBE,1470509855.5759006,98.0
2026-07,ADI,1917738930.237979,76.0
2026-07,ALAB,1898401872.7910845,77.0
2026-07,AMAT,5197470234.544736,23.0
2026-07,AMD,15998676191.767424,9.0
2026-07,AMZN,12325080750.147285,11.0
2026-07,ANET,1547008033.1917415,95.0
2026-07,APP,2728816560.77193,49.0
2026-07,ARM,3192911657.6304603,37.0
2026-07,ASML,3408241997.6039343,33.0
2026-07,AVGO,10400898594.693962,14.0
2026-07,BABA,1497121714.2482333,97.0
2026-07,BAC,2020634196.5235512,71.0
2026-07,BE,3492541630.7277617,32.0
2026-07,BRK-B,2415766580.286759,60.0
2026-07,C,1686753294.9642,85.0
2026-07,CAT,2918384100.2899656,42.0
2026-07,COHR,2039811750.639755,70.0
2026-07,COIN,1498543530.2218966,96.0
2026-07,COST,2324027397.493102,62.0
2026-07,CRDO,1853363841.6620405,80.0
2026-07,CRM,2569782220.0479174,55.0
2026-07,CRWD,2049235087.3650446,69.0
2026-07,CRWV,2891569598.0104113,44.0
2026-07,CSCO,2902149046.938445,43.0
2026-07,CVX,1673531293.0891976,88.0
2026-07,DELL,3292872359.3137226,36.0
2026-07,DIA,2378650542.45528,61.0
2026-07,EEM,1896666516.2869046,78.0
2026-07,EWY,4115866717.725094,30.0
2026-07,GDX,1767970448.261176,83.0
2026-07,GE,1598775281.7457895,93.0
2026-07,GEV,2929768625.657145,40.0
2026-07,GLD,2719081596.032376,50.0
2026-07,GLW,2877000428.0644736,45.0
2026-07,GOOG,8028217903.189571,16.0
2026-07,GOOGL,11782403117.660522,12.0
2026-07,GS,2234796103.981914,64.0
2026-07,HD,1600587151.7951603,92.0
2026-07,HOOD,2529657670.2283587,56.0
2026-07,HYG,2696730852.910905,51.0
2026-07,IBIT,1684082882.2963655,86.0
2026-07,IBM,2818465950.6793795,46.0
2026-07,IGV,1704928656.3492305,84.0
2026-07,INTC,14644037808.042484,10.0
2026-07,INTU,1609572585.502019,91.0
2026-07,IREN,2512350061.494876,57.0
2026-07,IVV,5877151712.820483,19.0
2026-07,IWM,7468741046.08227,17.0
2026-07,JNJ,1990886333.1528437,72.0
2026-07,JPM,3017616691.7116194,39.0
2026-07,KLAC,2792324901.414175,47.0
2026-07,LITE,4789738004.258413,25.0
2026-07,LLY,3365461550.575862,35.0
2026-07,LQD,3035219988.095662,38.0
2026-07,LRCX,3886271337.824116,31.0
2026-07,MA,1893941248.6145504,79.0
2026-07,META,10968464686.377438,13.0
2026-07,MRVL,10273694912.005468,15.0
2026-07,MSFT,16180575601.985483,8.0
2026-07,MSTR,2449532776.563093,59.0
2026-07,MU,48676942248.43643,1.0
2026-07,NBIS,4187656972.713967,28.0
2026-07,NFLX,3402807741.6770573,34.0
2026-07,NOK,1462597148.5668983,99.0
2026-07,NOW,2924648866.836681,41.0
2026-07,NVDA,31827225805.312115,3.0
2026-07,ORCL,5052836371.945699,24.0
2026-07,PANW,2277073773.417857,63.0
2026-07,PLTR,5456280134.924305,20.0
2026-07,QCOM,4405467388.605657,27.0
2026-07,QQQ,31378339349.776203,4.0
2026-07,RSP,2073241104.287429,67.0
2026-07,SGOV,2051184789.3792288,68.0
2026-07,SMCI,1784590676.2053657,81.0
2026-07,SNDK,22273280870.210968,5.0
2026-07,SNOW,1769983212.1972704,82.0
2026-07,SPY,39166141368.23197,2.0
2026-07,STX,4117214658.5199265,29.0
2026-07,TER,1669723137.2392926,89.0
2026-07,TLT,2179855503.4571934,66.0
2026-07,TQQQ,5311848594.800574,22.0
2026-07,TSLA,18797495751.154728,6.0
2026-07,TSM,6019530764.169554,18.0
2026-07,TXN,2605201904.3297176,53.0
2026-07,UBER,1448634146.3348632,100.0
2026-07,UNH,2596582432.720269,54.0
2026-07,V,2784661657.283868,48.0
2026-07,VOO,5409808031.3928995,21.0
2026-07,VRT,1957733665.6480336,74.0
2026-07,WDC,4699999213.343739,26.0
2026-07,WMT,2683783350.483813,52.0
2026-07,XLE,1978201423.919829,73.0
2026-07,XLF,1920457349.1728282,75.0
2026-07,XLK,2209630587.7018275,65.0
2026-07,XLV,1614653977.0845444,90.0
2026-07,XOM,2457565016.2313795,58.0
2026-08,AAL,1656203215.501817,85.0
2026-08,AAPL,16855673721.143887,6.0
2026-08,ABBV,1608030418.7191675,89.0
2026-08,ADBE,1447958564.9863834,97.0
2026-08,ADI,1748915451.1876667,81.0
2026-08,ALAB,1775692642.7962046,79.0
2026-08,AMAT,5324736486.327107,23.0
2026-08,AMD,13796034685.871767,10.0
2026-08,AMZN,12183386172.405062,12.0
2026-08,APP,2534413543.3701286,50.0
2026-08,ARM,2437148878.598289,55.0
2026-08,ASML,3284858999.8901367,35.0
2026-08,AVGO,10062219821.885706,16.0
2026-08,BABA,1463286771.9471402,95.0
2026-08,BAC,1996856185.9252446,70.0
2026-08,BE,3466637928.4191556,32.0
2026-08,BRK-B,2340159649.55953,57.0
2026-08,C,1613557487.539479,87.0
2026-08,CAT,2895661181.9967604,39.0
2026-08,COHR,2060389749.9145992,66.0
2026-08,COST,2087465045.7165916,65.0
2026-08,CRDO,1749119970.307656,80.0
2026-08,CRM,2805513748.680139,42.0
2026-08,CRWD,2054653796.1103652,67.0
2026-08,CRWV,2656150966.50651,48.0
2026-08,CSCO,2662563060.688721,47.0
2026-08,CVX,1567997852.6281447,91.0
2026-08,DELL,3040088395.480492,37.0
2026-08,DIA,2158861077.890596,64.0
2026-08,EEM,1636562252.223581,86.0
2026-08,EWY,3892833475.634596,30.0
2026-08,GDX,1972451009.842258,72.0
2026-08,GE,1501221118.9223032,93.0
2026-08,GEV,2788632180.3909545,43.0
2026-08,GLD,3447571423.730808,33.0
2026-08,GLW,2444743347.2793336,54.0
2026-08,GOOG,7505901908.877708,17.0
2026-08,GOOGL,11131648510.957603,13.0
2026-08,GS,2202985154.4251456,63.0
2026-08,HD,1436722882.4604821,98.0
2026-08,HOOD,2446558388.0280633,53.0
2026-08,HYG,2520975323.6776686,51.0
2026-08,IBIT,1834609586.7435699,76.0
2026-08,IBM,2339267549.013265,58.0
2026-08,IGV,1426675235.3390164,99.0
2026-08,INTC,12426475263.654182,11.0
2026-08,INTU,1449476211.075701,96.0
2026-08,IREN,2016718390.5723329,69.0
2026-08,IVV,5574103187.232027,21.0
2026-08,IWM,6704813105.677917,18.0
2026-08,JNJ,1979282726.2675452,71.0
2026-08,JPM,2833655638.3859787,41.0
2026-08,KLAC,2788085356.871493,44.0
2026-08,KO,1474195047.1527827,94.0
2026-08,LITE,4258631733.789644,28.0
2026-08,LLY,3388139693.08927,34.0
2026-08,LQD,3039492093.5784354,38.0
2026-08,LRCX,3840538402.270847,31.0
2026-08,MA,1834384225.6329248,77.0
2026-08,META,10804958662.438093,14.0
2026-08,MRNA,1747882969.6495056,82.0
2026-08,MRVL,10388920660.066805,15.0
2026-08,MSFT,15810743284.983171,8.0
2026-08,MSTR,2512566856.2043085,52.0
2026-08,MU,43605428720.934,1.0
2026-08,NBIS,4691569999.95541,27.0
2026-08,NFLX,3183452479.3446493,36.0
2026-08,NOW,2588119704.913996,49.0
2026-08,NVDA,28962189337.294373,4.0
2026-08,ORCL,4775248343.442911,25.0
2026-08,PANW,2287386543.526495,62.0
2026-08,PLTR,5897795626.192704,19.0
2026-08,QCOM,2885954257.0641413,40.0
2026-08,QQQ,30064004113.002037,3.0
2026-08,RSP,1828315575.323244,78.0
2026-08,SGOV,2036019545.8778987,68.0
2026-08,SMCI,1878612222.7887743,73.0
2026-08,SNDK,22360775315.39171,5.0
2026-08,SNOW,1528944164.748201,92.0
2026-08,SPCX,16619080534.510874,7.0
2026-08,SPY,37728749404.11619,2.0
2026-08,STX,4206829070.631239,29.0
2026-08,TER,1569500572.2968693,90.0
2026-08,TLT,2330993918.456147,59.0
2026-08,TQQQ,4796921749.716362,24.0
2026-08,TSLA,15408029862.946331,9.0
2026-08,TSM,5618865977.620104,20.0
2026-08,TXN,2370165726.2711296,56.0
2026-08,UBER,1418430013.517301,100.0
2026-08,UNH,2302899467.942011,61.0
2026-08,V,2765593515.099613,46.0
2026-08,VOO,5471900953.391617,22.0
2026-08,VRT,1720406658.5905287,84.0
2026-08,WDC,4704933193.454367,26.0
2026-08,WMT,2786620338.4302654,45.0
2026-08,XLE,1739237859.7437477,83.0
2026-08,XLF,1845821100.8327,75.0
2026-08,XLK,1868253082.2446067,74.0
2026-08,XLV,1612105376.7526777,88.0
2026-08,XOM,2327179950.907801,60.0
2026-09,AAPL,15048888358.03615,6.0
2026-09,ADBE,1302592296.0302444,99.0
2026-09,ADI,1371826499.9022954,90.0
2026-09,ALAB,1358246241.474745,92.0
2026-09,AMAT,3803806797.4143863,28.0
2026-09,AMD,12352179605.746265,11.0
2026-09,AMZN,10077008911.402988,13.0
2026-09,APP,2134955470.4913428,58.0
2026-09,ARM,1486513361.2968082,83.0
2026-09,ASML,2625655945.1321073,44.0
2026-09,AVGO,8412387727.236503,15.0
2026-09,BA,1319381246.531314,97.0
2026-09,BAC,1997286402.033391,63.0
2026-09,BE,3694703144.953507,31.0
2026-09,BRK-B,2185466091.9670954,57.0
2026-09,C,1387147520.099313,88.0
2026-09,CAT,2286781523.992145,51.0
2026-09,COHR,1866733069.6913946,70.0
2026-09,COIN,1522722954.240272,82.0
2026-09,COST,1982948346.176099,65.0
2026-09,CRDO,1395547323.4373305,87.0
2026-09,CRM,2905558875.5979266,39.0
2026-09,CRWD,2107422676.3111174,59.0
2026-09,CRWV,2423722489.4337125,47.0
2026-09,CSCO,2235424766.8658543,54.0
2026-09,CVX,1690797536.9983249,76.0
2026-09,DELL,3701358853.015282,30.0
2026-09,DIA,1810116833.3945622,74.0
2026-09,EEM,1344898010.4995365,94.0
2026-09,EWY,3209801688.443962,34.0
2026-09,GDX,1939154960.588873,66.0
2026-09,GE,1352275792.9349384,93.0
2026-09,GEV,2354752313.3076987,49.0
2026-09,GLD,3625182094.152493,32.0
2026-09,GLW,1671487996.6799054,77.0
2026-09,GOOG,6212416764.770023,16.0
2026-09,GOOGL,9377861804.208084,14.0
2026-09,GS,2014716808.9293466,62.0
2026-09,HD,1332823460.1034498,96.0
2026-09,HOOD,2291066902.0957947,50.0
2026-09,HYG,3002132282.8072925,37.0
2026-09,IBIT,1912952881.9828458,67.0
2026-09,IBM,1902084034.2543588,68.0
2026-09,INTC,11035062546.445515,12.0
2026-09,IREN,1752688162.581489,75.0
2026-09,IVV,4842344523.142013,23.0
2026-09,IWM,6001154883.587986,17.0
2026-09,JNJ,1836583023.6335633,72.0
2026-09,JPM,2672177347.067745,42.0
2026-09,KLAC,2099209984.3512156,60.0
2026-09,KO,1369873315.4790485,91.0
2026-09,LITE,3916608328.6835203,27.0
2026-09,LLY,2975263748.015873,38.0
2026-09,LQD,3147367732.0637174,35.0
2026-09,LRCX,3047308158.0022902,36.0
2026-09,MA,1635123536.6547115,78.0
2026-09,MCD,1296385409.2517912,100.0
2026-09,META,12453581618.907433,10.0
2026-09,MRK,1374609646.6669114,89.0
2026-09,MRNA,2423002985.3327007,48.0
2026-09,MRVL,5031125983.823165,19.0
2026-09,MSFT,13182732734.3439,8.0
2026-09,MSTR,2628132728.8082423,43.0
2026-09,MU,31900169965.726246,2.0
2026-09,NBIS,4366154707.951089,25.0
2026-09,NFLX,2772409286.5899587,40.0
2026-09,NOW,2221849422.641936,55.0
2026-09,NVDA,26387108899.164154,3.0
2026-09,ORCL,4609316791.008553,24.0
2026-09,PANW,2278115003.055633,52.0
2026-09,PLTR,5596356518.6042795,18.0
2026-09,QCOM,2196771739.698307,56.0
2026-09,QQQ,25404755709.759426,4.0
2026-09,RSP,1524000948.723905,81.0
2026-09,SGOV,2045663709.9268596,61.0
2026-09,SKHY,4862429707.278232,22.0
2026-09,SMCI,1546992811.226984,79.0
2026-09,SNDK,20247522144.017197,5.0
2026-09,SNOW,1530938457.474191,80.0
2026-09,SPCX,12736984026.531412,9.0
2026-09,SPY,33633455640.951298,1.0
2026-09,STX,3793142870.041136,29.0
2026-09,TLT,2720551455.2747936,41.0
2026-09,TQQQ,3973338574.0108004,26.0
2026-09,TSLA,13740110047.545805,7.0
2026-09,TSM,4924372971.621655,21.0
2026-09,TXN,1838296455.4335337,71.0
2026-09,UBER,1304247480.1563687,98.0
2026-09,UNH,1986795956.5154545,64.0
2026-09,V,2520220178.236607,46.0
2026-09,VOO,4967928657.567197,20.0
2026-09,VRT,1410755271.231951,85.0
2026-09,WDC,3511393791.9980974,33.0
2026-09,WMT,2612981158.9181566,45.0
2026-09,XBI,1341674928.2383995,95.0
2026-09,XLE,1821003858.4963844,73.0
2026-09,XLF,1867964761.3504198,69.0
2026-09,XLK,1405966134.1904898,86.0
2026-09,XLV,1465008577.7330186,84.0
2026-09,XOM,2239387026.484123,53.0
2026-10,AAPL,14752104423.001816,6.0
2026-10,ADI,1330522160.9251568,95.0
2026-10,ALAB,1304004301.9172838,98.0
2026-10,AMAT,3610943878.6557946,32.0
2026-10,AMD,12116452270.692423,11.0
2026-10,AMZN,9992758093.769255,13.0
2026-10,APP,2097011640.5104713,58.0
2026-10,ARM,1444894607.2153583,83.0
2026-10,ASML,2562911028.403915,44.0
2026-10,AVGO,8367387432.52676,15.0
2026-10,BA,1355090942.4910429,90.0
2026-10,BABA,1289311456.2681313,100.0
2026-10,BAC,2019664123.9569764,62.0
2026-10,BE,3668689755.323139,30.0
2026-10,BRK-B,2184883321.4379478,55.0
2026-10,C,1368745717.0646038,88.0
2026-10,CAT,2228550607.4042134,53.0
2026-10,COHR,1917954699.1374009,68.0
2026-10,COIN,1545444800.7454262,80.0
2026-10,COST,1965605141.5432246,64.0
2026-10,CRDO,1392943676.6885617,85.0
2026-10,CRM,2903514572.319912,39.0
2026-10,CRWD,2088885575.241302,59.0
2026-10,CRWV,2407572748.5508966,47.0
2026-10,CSCO,2205875034.197549,54.0
2026-10,CVX,1674167822.014901,76.0
2026-10,DELL,3708804366.7972527,29.0
2026-10,DIA,1809497795.8774917,73.0
2026-10,EEM,1313594219.0914268,96.0
2026-10,EWY,3036035715.5708566,36.0
2026-10,GDX,1940864326.4384677,65.0
2026-10,GE,1346232666.2031488,93.0
2026-10,GEV,2294142037.035145,49.0
2026-10,GLD,3644738376.728569,31.0
2026-10,GLW,1585044544.4870694,78.0
2026-10,GOOG,6171605662.793866,16.0
2026-10,GOOGL,9378222534.766426,14.0
2026-10,GS,2024559502.229379,61.0
2026-10,HD,1346028079.5487018,94.0
2026-10,HOOD,2250623139.407901,50.0
2026-10,HYG,3190295571.0020866,35.0
2026-10,IBIT,1926602547.4751267,67.0
2026-10,IBM,1880123266.7619638,69.0
2026-10,INTC,10909210529.236197,12.0
2026-10,IREN,1723631779.5536475,75.0
2026-10,IVV,4942003596.329086,20.0
2026-10,IWM,6113653455.609388,17.0
2026-10,JNJ,1851415959.6745858,70.0
2026-10,JPM,2649092092.4737434,43.0
2026-10,KLAC,1982643528.3064053,63.0
2026-10,KO,1377850092.6039124,87.0
2026-10,LITE,4028212440.480449,26.0
2026-10,LLY,2922201687.551461,37.0
2026-10,LQD,3240567077.351549,34.0
2026-10,LRCX,2907008251.5538883,38.0
2026-10,MA,1610094929.6914752,77.0
2026-10,META,12266120655.21506,10.0
2026-10,MRK,1379620501.9881177,86.0
2026-10,MRNA,2511103115.919043,46.0
2026-10,MRVL,4850714387.72118,21.0
2026-10,MSFT,13056688424.707457,8.0
2026-10,MSTR,2666085287.6257,42.0
2026-10,MU,31153587075.351677,2.0
2026-10,NBIS,4325448428.548943,25.0
2026-10,NFLX,2734009670.66615,41.0
2026-10,NOW,2176691557.5794153,56.0
2026-10,NVDA,26562879658.178772,3.0
2026-10,ORCL,4495247179.119357,24.0
2026-10,PANW,2232457733.4050255,52.0
2026-10,PLTR,5441700832.861697,18.0
2026-10,QCOM,2147818349.2327967,57.0
2026-10,QQQ,25139525097.726185,4.0
2026-10,RSP,1535434399.2855933,81.0
2026-10,SGOV,2086954092.281023,60.0
2026-10,SHOP,1294377146.319175,99.0
2026-10,SKHY,4767560544.431445,23.0
2026-10,SMCI,1562464970.3637452,79.0
2026-10,SNDK,19801824866.064342,5.0
2026-10,SNOW,1513218788.440765,82.0
2026-10,SPCX,12728688206.99642,9.0
2026-10,SPY,33517658839.842335,1.0
2026-10,STX,3907589812.026646,27.0
2026-10,TLT,2879161223.8920174,40.0
2026-10,TQQQ,3874432164.1228714,28.0
2026-10,TSLA,13423277362.236084,7.0
2026-10,TSM,4821935012.600306,22.0
2026-10,TXN,1741162387.6685734,74.0
2026-10,UBER,1305674488.5926394,97.0
2026-10,UNH,1933257921.628389,66.0
2026-10,V,2374094882.6359377,48.0
2026-10,VOO,4977373071.182035,19.0
2026-10,VRT,1351341685.8423574,91.0
2026-10,WDC,3582988883.854341,33.0
2026-10,WMT,2560525272.7465515,45.0
2026-10,XBI,1347505885.5549123,92.0
2026-10,XLE,1829046137.1492054,72.0
2026-10,XLF,1834219647.705799,71.0
2026-10,XLK,1364403373.1002953,89.0
2026-10,XLV,1418231251.1528814,84.0
2026-10,XOM,2238694778.311349,51.0
