Earnings Date,EPS Estimate,Reported EPS,Surprise(%),ticker
2026-10-22 08:00:00-04:00,-0.33,,,AAL
2026-07-23 07:00:00-04:00,0.05,0.15,227.58,AAL
2026-04-23 07:00:00-04:00,-0.46,-0.4,13.04,AAL
2026-01-27 07:00:00-05:00,0.35,0.16,-54.58,AAL
2025-10-23 07:00:00-04:00,-0.28,-0.17,38.21,AAL
2025-07-24 07:00:00-04:00,0.77,0.95,22.7,AAL
2025-04-24 07:00:00-04:00,-0.67,-0.59,12.12,AAL
2025-01-23 07:00:00-05:00,0.66,0.86,30.11,AAL
2024-10-24 07:00:00-04:00,0.17,0.3,80.77,AAL
2024-07-25 07:00:00-04:00,1.05,1.09,3.99,AAL
2024-04-25 07:00:00-04:00,-0.29,-0.34,-16.81,AAL
2024-01-25 07:00:00-05:00,0.08,0.29,265.56,AAL
2023-10-19 07:00:00-04:00,0.25,0.38,50.51,AAL
2023-07-20 07:00:00-04:00,1.59,1.92,20.43,AAL
2023-04-27 07:00:00-04:00,0.03,0.05,80.7,AAL
2023-01-26 07:00:00-05:00,1.08,1.17,8.62,AAL
2022-10-20 07:00:00-04:00,0.56,0.69,22.49,AAL
2022-07-21 07:00:00-04:00,0.74,0.76,2.36,AAL
2022-04-21 07:00:00-04:00,-2.41,-2.32,3.52,AAL
2022-01-20 07:00:00-05:00,-1.48,-1.42,3.99,AAL
2021-10-21 07:00:00-04:00,-1.03,-0.95,7.76,AAL
2021-07-22 07:00:00-04:00,-1.73,-1.69,2.29,AAL
2021-04-22 07:00:00-04:00,-4.33,-4.32,0.27,AAL
2021-01-28 07:00:00-05:00,-4.12,-3.86,6.34,AAL
2020-10-22 07:00:00-04:00,-5.75,-5.54,3.73,AAL
2020-07-23 07:00:00-04:00,-7.9,-7.82,0.96,AAL
2020-04-30 07:00:00-04:00,-2.36,-2.65,-12.52,AAL
2020-01-23 07:00:00-05:00,1.16,1.15,-0.51,AAL
2019-10-24 07:00:00-04:00,1.4,1.42,1.61,AAL
2019-07-25 07:00:00-04:00,1.79,1.82,1.77,AAL
2019-04-26 07:00:00-04:00,0.5,0.52,3.99,AAL
2019-01-24 07:00:00-05:00,1.01,1.04,3.41,AAL
2018-10-25 07:00:00-04:00,1.13,1.13,0.42,AAL
2018-07-26 07:00:00-04:00,1.59,1.63,2.47,AAL
2018-04-26 07:00:00-04:00,0.71,0.75,5.61,AAL
2018-01-25 07:00:00-05:00,0.92,0.95,3.29,AAL
2017-10-26 08:00:00-04:00,1.4,1.42,1.58,AAL
2017-07-28 07:00:00-04:00,1.86,1.92,3.0,AAL
2017-04-27 07:00:00-04:00,0.57,0.61,6.57,AAL
2017-01-27 07:00:00-05:00,0.92,0.92,0.02,AAL
2016-10-20 07:00:00-04:00,1.69,1.76,4.39,AAL
2016-07-22 07:00:00-04:00,1.68,1.77,5.46,AAL
2016-04-22 07:00:00-04:00,1.19,1.25,5.39,AAL
2016-01-29 07:00:00-05:00,1.97,2.0,1.75,AAL
2015-10-23 07:00:00-04:00,2.72,2.77,1.78,AAL
2015-07-24 07:00:00-04:00,2.6,2.62,0.88,AAL
2015-04-24 07:00:00-04:00,1.7,1.73,1.54,AAL
2015-01-27 07:00:00-05:00,1.51,1.52,0.5,AAL
2014-10-23 08:00:00-04:00,1.64,1.66,1.48,AAL
2014-07-24 07:00:00-04:00,1.95,1.98,1.57,AAL
2014-04-24 08:00:00-04:00,0.48,0.54,11.43,AAL
2014-01-28 08:00:00-05:00,0.55,0.59,7.24,AAL
2026-11-02 15:00:00-05:00,1.98,,,AAPL
2026-07-30 16:00:00-04:00,1.89,2.02,6.74,AAPL
2026-04-30 16:00:00-04:00,1.94,2.01,3.46,AAPL
2026-01-29 16:00:00-05:00,2.67,2.84,6.25,AAPL
2025-10-30 16:00:00-04:00,1.77,1.85,4.52,AAPL
2025-07-31 16:00:00-04:00,1.43,1.57,9.48,AAPL
2025-05-01 16:00:00-04:00,1.62,1.65,1.69,AAPL
2025-01-30 16:00:00-05:00,2.35,2.4,2.26,AAPL
2024-10-31 16:00:00-04:00,0.95,0.97,2.48,AAPL
2024-08-01 16:00:00-04:00,1.34,1.4,4.36,AAPL
2024-05-02 16:00:00-04:00,1.51,1.53,1.46,AAPL
2024-02-01 16:00:00-05:00,2.1,2.18,3.66,AAPL
2023-11-02 16:00:00-04:00,1.39,1.46,4.82,AAPL
2023-08-03 16:00:00-04:00,1.19,1.26,5.66,AAPL
2023-05-04 16:00:00-04:00,1.43,1.52,6.28,AAPL
2023-02-02 16:00:00-05:00,1.95,1.88,-3.78,AAPL
2022-10-27 16:00:00-04:00,1.27,1.29,1.44,AAPL
2022-07-28 16:00:00-04:00,1.15,1.2,3.93,AAPL
2022-04-28 16:00:00-04:00,1.43,1.52,6.48,AAPL
2022-01-27 16:00:00-05:00,1.89,2.1,11.2,AAPL
2021-10-28 16:00:00-04:00,1.24,1.24,0.17,AAPL
2021-07-27 16:00:00-04:00,1.01,1.3,28.18,AAPL
2021-04-28 16:00:00-04:00,0.98,1.4,42.16,AAPL
2021-01-27 16:00:00-05:00,1.42,1.68,18.67,AAPL
2020-10-29 16:00:00-04:00,0.7,0.73,4.48,AAPL
2020-07-30 16:00:00-04:00,0.52,0.65,24.47,AAPL
2020-04-30 17:00:00-04:00,0.56,0.64,12.93,AAPL
2020-01-28 16:00:00-05:00,1.13,1.25,9.97,AAPL
2019-10-30 16:00:00-04:00,0.71,0.76,6.54,AAPL
2019-07-30 16:00:00-04:00,0.53,0.55,3.71,AAPL
2019-04-30 16:00:00-04:00,0.59,0.62,4.05,AAPL
2019-01-29 16:00:00-05:00,1.04,1.05,0.27,AAPL
2018-11-01 16:00:00-04:00,0.7,0.73,4.55,AAPL
2018-07-31 16:00:00-04:00,0.54,0.59,7.38,AAPL
2018-05-01 16:00:00-04:00,0.67,0.68,2.19,AAPL
2018-02-01 16:00:00-05:00,0.96,0.97,1.1,AAPL
2017-11-02 16:00:00-04:00,0.47,0.52,10.53,AAPL
2017-08-01 16:00:00-04:00,0.39,0.42,6.15,AAPL
2017-05-02 16:00:00-04:00,0.51,0.53,3.88,AAPL
2017-01-31 16:00:00-05:00,0.81,0.84,4.25,AAPL
2016-10-25 16:00:00-04:00,0.41,0.42,0.81,AAPL
2016-07-26 16:00:00-04:00,0.35,0.36,2.74,AAPL
2016-04-26 16:00:00-04:00,0.5,0.48,-5.09,AAPL
2016-01-26 16:00:00-05:00,0.81,0.82,1.67,AAPL
2015-10-27 16:00:00-04:00,0.47,0.49,4.65,AAPL
2015-07-21 16:00:00-04:00,0.45,0.46,1.89,AAPL
2015-04-27 16:00:00-04:00,0.54,0.58,7.93,AAPL
2015-01-27 16:00:00-05:00,0.65,0.77,17.36,AAPL
2014-10-20 16:00:00-04:00,0.33,0.36,8.62,AAPL
2014-07-22 16:00:00-04:00,0.31,0.32,3.82,AAPL
2014-04-23 16:00:00-04:00,0.36,0.42,14.28,AAPL
2014-01-27 16:00:00-05:00,0.5,0.52,3.22,AAPL
2013-10-28 16:00:00-04:00,0.28,0.3,3.79,AAPL
2013-07-23 16:00:00-04:00,0.26,0.27,2.52,AAPL
2013-04-23 16:00:00-04:00,0.36,0.36,0.93,AAPL
2013-01-23 16:00:00-05:00,0.48,0.49,2.04,AAPL
2012-10-25 16:00:00-04:00,0.31,0.31,-0.85,AAPL
2012-07-24 16:00:00-04:00,0.37,0.33,-10.1,AAPL
2012-04-24 16:00:00-04:00,0.35,0.44,23.8,AAPL
2012-01-24 16:00:00-05:00,0.36,0.5,36.99,AAPL
2011-10-18 16:00:00-04:00,0.26,0.25,-3.13,AAPL
2011-07-19 16:00:00-04:00,0.21,0.28,33.38,AAPL
2011-04-20 16:00:00-04:00,0.19,0.23,19.59,AAPL
2011-01-18 16:00:00-05:00,0.19,0.23,19.21,AAPL
2010-10-18 16:00:00-04:00,0.15,0.17,13.62,AAPL
2010-07-20 16:00:00-04:00,0.11,0.13,12.93,AAPL
2010-04-20 20:00:00-04:00,0.09,0.12,36.29,AAPL
2010-01-25 16:00:00-05:00,0.07,0.13,74.9,AAPL
2009-10-19 16:00:00-04:00,0.05,0.07,27.38,AAPL
2009-07-21 16:00:00-04:00,0.04,0.05,15.14,AAPL
2009-04-22 16:00:00-04:00,0.04,0.05,21.55,AAPL
2009-01-21 16:00:00-05:00,0.05,0.06,27.6,AAPL
2008-10-21 16:00:00-04:00,0.04,0.05,13.12,AAPL
2008-07-21 16:00:00-04:00,0.04,0.04,10.02,AAPL
2008-04-23 16:00:00-04:00,0.04,0.04,7.97,AAPL
2008-01-22 16:00:00-05:00,0.06,0.06,8.87,AAPL
2007-10-22 16:00:00-04:00,0.03,0.04,20.43,AAPL
2007-07-25 16:00:00-04:00,0.03,0.03,27.71,AAPL
2007-04-25 16:00:00-04:00,0.02,0.03,36.51,AAPL
2007-01-17 16:00:00-05:00,0.03,0.04,45.81,AAPL
2006-10-18 16:00:00-04:00,0.02,0.02,21.18,AAPL
2006-07-19 16:00:00-04:00,0.02,0.02,23.34,AAPL
2006-04-19 16:00:00-04:00,0.01,0.02,12.23,AAPL
2006-01-18 16:00:00-05:00,0.02,0.02,5.84,AAPL
2005-10-11 16:00:00-04:00,0.01,0.01,3.35,AAPL
2005-07-13 16:00:00-04:00,0.01,0.01,18.79,AAPL
2005-04-13 16:00:00-04:00,0.01,0.01,49.88,AAPL
2005-01-12 16:00:00-05:00,0.01,0.01,42.05,AAPL
2004-10-13 16:00:00-04:00,,,47.85,AAPL
2004-07-14 06:00:00-04:00,,,23.28,AAPL
2004-04-14 16:00:00-04:00,,,47.06,AAPL
2004-01-14 16:00:00-05:00,,,11.28,AAPL
2003-10-15 16:00:00-04:00,,,17.21,AAPL
2003-07-16 16:00:00-04:00,,,53.45,AAPL
2003-04-16 16:00:00-04:00,,,108.82,AAPL
2003-01-15 16:00:00-05:00,,,1.89,AAPL
2002-10-16 16:00:00-04:00,,,-18.18,AAPL
2002-07-16 16:00:00-04:00,,,2.55,AAPL
2002-07-16 16:00:00-04:00,,,13.43,AAPL
2002-04-17 16:00:00-04:00,,,1088.89,AAPL
2026-10-30 08:00:00-04:00,3.83,,,ABBV
2026-07-31 07:00:00-04:00,3.61,3.65,1.15,ABBV
2026-04-29 07:00:00-04:00,2.67,2.65,-0.77,ABBV
2026-02-04 07:00:00-05:00,2.65,2.71,2.16,ABBV
2025-10-31 07:00:00-04:00,1.78,1.86,4.23,ABBV
2025-07-31 07:00:00-04:00,2.91,2.97,2.14,ABBV
2025-04-25 07:00:00-04:00,2.4,2.46,2.62,ABBV
2025-01-31 07:00:00-05:00,2.12,2.16,1.92,ABBV
2024-10-30 07:00:00-04:00,2.92,3.0,2.82,ABBV
2024-07-25 07:00:00-04:00,2.66,2.65,-0.39,ABBV
2024-04-26 07:00:00-04:00,2.26,2.31,2.37,ABBV
2024-02-02 07:00:00-05:00,2.8,2.79,-0.32,ABBV
2023-10-27 07:00:00-04:00,2.87,2.95,2.8,ABBV
2023-07-27 07:00:00-04:00,2.81,2.91,3.64,ABBV
2023-04-27 07:00:00-04:00,2.49,2.46,-1.37,ABBV
2023-02-09 07:00:00-05:00,3.58,3.6,0.65,ABBV
2022-10-28 07:00:00-04:00,3.57,3.66,2.65,ABBV
2022-07-29 07:00:00-04:00,3.31,3.37,1.83,ABBV
2022-04-29 07:00:00-04:00,3.14,3.16,0.56,ABBV
2022-02-02 07:00:00-05:00,3.28,3.31,0.84,ABBV
2021-10-29 07:00:00-04:00,3.22,3.33,3.52,ABBV
2021-07-30 07:00:00-04:00,3.03,3.11,2.57,ABBV
2021-04-30 07:00:00-04:00,2.83,2.95,4.26,ABBV
2021-02-03 07:00:00-05:00,2.85,2.92,2.42,ABBV
2020-10-30 07:00:00-04:00,2.77,2.83,2.32,ABBV
2020-07-31 07:00:00-04:00,2.2,2.34,6.36,ABBV
2020-05-01 08:00:00-04:00,2.25,2.42,7.66,ABBV
2020-02-07 07:00:00-05:00,2.19,2.21,0.73,ABBV
2019-11-01 07:00:00-04:00,2.3,2.33,1.36,ABBV
2019-07-26 07:00:00-04:00,2.21,2.26,2.46,ABBV
2019-04-25 07:00:00-04:00,2.07,2.14,3.62,ABBV
2019-01-25 07:00:00-05:00,1.93,1.9,-1.71,ABBV
2018-11-02 07:00:00-04:00,2.0,2.14,6.78,ABBV
2018-07-27 07:00:00-04:00,1.97,2.0,1.32,ABBV
2018-04-26 07:00:00-04:00,1.79,1.87,4.29,ABBV
2018-01-26 07:00:00-05:00,1.43,1.48,3.67,ABBV
2017-10-27 07:00:00-04:00,1.39,1.41,1.71,ABBV
2017-07-28 07:00:00-04:00,1.4,1.42,1.53,ABBV
2017-04-27 07:00:00-04:00,1.26,1.28,1.4,ABBV
2017-01-27 07:00:00-05:00,1.2,1.2,0.27,ABBV
2016-10-28 07:00:00-04:00,1.2,1.21,0.45,ABBV
2016-07-29 07:00:00-04:00,1.2,1.26,4.98,ABBV
2016-04-28 07:00:00-04:00,1.14,1.15,0.84,ABBV
2016-01-29 07:00:00-05:00,1.12,1.13,0.62,ABBV
2015-10-30 06:00:00-04:00,1.08,1.13,4.61,ABBV
2015-07-24 07:00:00-04:00,1.06,1.08,1.84,ABBV
2015-04-23 07:00:00-04:00,0.85,0.94,10.09,ABBV
2015-01-30 07:00:00-05:00,0.86,0.89,3.49,ABBV
2014-10-31 07:00:00-04:00,0.77,0.89,15.06,ABBV
2014-07-25 07:00:00-04:00,0.76,0.82,8.11,ABBV
2014-04-25 07:00:00-04:00,0.68,0.71,4.47,ABBV
2014-01-31 07:00:00-05:00,0.82,0.82,-0.24,ABBV
2013-10-25 07:00:00-04:00,0.77,0.82,6.64,ABBV
2013-07-26 07:00:00-04:00,0.79,0.82,4.16,ABBV
2013-04-26 07:00:00-04:00,0.67,0.68,2.14,ABBV
2013-03-15 15:00:00-04:00,1.08,1.04,-3.65,ABBV
2026-11-05 15:00:00-05:00,2.85,,,ABNB
2026-08-06 16:00:00-04:00,1.25,1.37,9.48,ABNB
2026-05-07 16:00:00-04:00,0.3,0.26,-14.13,ABNB
2026-02-12 16:00:00-05:00,0.66,0.56,-15.65,ABNB
2025-11-06 16:00:00-05:00,2.32,2.21,-4.76,ABNB
2025-08-06 16:00:00-04:00,0.94,1.03,9.41,ABNB
2025-05-01 16:00:00-04:00,0.24,0.24,,ABNB
2025-02-13 16:00:00-05:00,0.58,0.73,25.14,ABNB
2024-11-07 16:00:00-05:00,2.13,2.13,-0.23,ABNB
2024-08-06 16:00:00-04:00,0.91,0.86,-5.66,ABNB
2024-05-08 16:00:00-04:00,0.23,0.41,77.09,ABNB
2024-02-13 16:00:00-05:00,0.7,-0.55,-178.56,ABNB
2023-11-01 16:00:00-04:00,2.1,6.63,215.68,ABNB
2023-08-03 16:00:00-04:00,0.78,0.98,26.19,ABNB
2023-05-09 16:00:00-04:00,0.15,0.18,16.86,ABNB
2023-02-14 16:00:00-05:00,0.27,0.48,79.76,ABNB
2022-11-01 16:00:00-04:00,1.5,1.79,19.42,ABNB
2022-08-02 16:00:00-04:00,0.43,0.56,30.53,ABNB
2022-05-03 16:00:00-04:00,-0.3,-0.03,89.99,ABNB
2022-02-15 16:00:00-05:00,-0.03,0.08,416.84,ABNB
2021-11-04 16:00:00-04:00,0.83,1.23,48.83,ABNB
2021-08-12 16:00:00-04:00,-0.27,-0.11,59.16,ABNB
2021-05-14 17:00:00-04:00,-1.16,-1.95,-67.99,ABNB
2021-02-26 16:00:00-05:00,-2.78,-10.81,-288.43,ABNB
2026-10-21 08:00:00-04:00,1.42,,,ABT
2026-07-16 07:00:00-04:00,1.28,1.31,2.61,ABT
2026-04-16 07:00:00-04:00,1.15,1.15,0.33,ABT
2026-01-22 07:00:00-05:00,1.49,1.5,0.34,ABT
2025-10-15 07:00:00-04:00,1.3,1.3,0.05,ABT
2025-07-17 07:00:00-04:00,1.26,1.26,0.28,ABT
2025-04-16 07:00:00-04:00,1.07,1.09,1.74,ABT
2025-01-22 07:00:00-05:00,1.34,1.34,-0.17,ABT
2024-10-16 07:00:00-04:00,1.2,1.21,0.76,ABT
2024-07-18 07:00:00-04:00,1.1,1.14,3.17,ABT
2024-04-17 07:00:00-04:00,0.95,0.98,2.81,ABT
2024-01-24 07:00:00-05:00,1.19,1.19,0.04,ABT
2023-10-18 07:00:00-04:00,1.1,1.14,3.7,ABT
2023-07-20 07:00:00-04:00,1.05,1.08,2.89,ABT
2023-04-19 07:00:00-04:00,0.99,1.03,4.31,ABT
2023-01-25 07:00:00-05:00,0.94,1.03,9.65,ABT
2022-10-19 07:00:00-04:00,0.94,1.15,22.9,ABT
2022-07-20 07:00:00-04:00,1.14,1.43,25.29,ABT
2022-04-20 07:00:00-04:00,1.46,1.73,18.09,ABT
2022-01-26 07:00:00-05:00,1.21,1.32,9.48,ABT
2021-10-20 07:00:00-04:00,0.95,1.4,47.91,ABT
2021-07-22 07:00:00-04:00,1.02,1.17,14.92,ABT
2021-04-20 07:00:00-04:00,1.27,1.32,3.99,ABT
2021-01-27 07:00:00-05:00,1.35,1.45,7.11,ABT
2020-10-21 07:00:00-04:00,0.91,0.98,8.0,ABT
2020-07-16 07:00:00-04:00,0.42,0.57,36.92,ABT
2020-04-16 08:00:00-04:00,0.61,0.65,7.27,ABT
2020-01-22 07:00:00-05:00,0.95,0.95,0.37,ABT
2019-10-16 07:00:00-04:00,0.84,0.84,-0.16,ABT
2019-07-17 07:00:00-04:00,0.8,0.82,2.23,ABT
2019-04-17 07:00:00-04:00,0.62,0.63,2.13,ABT
2019-01-23 07:00:00-05:00,0.81,0.81,0.17,ABT
2018-10-17 07:00:00-04:00,0.75,0.75,0.58,ABT
2018-07-18 07:00:00-04:00,0.71,0.73,2.86,ABT
2018-04-18 07:00:00-04:00,0.58,0.59,1.85,ABT
2018-01-24 07:00:00-05:00,0.73,0.74,1.17,ABT
2017-10-18 07:00:00-04:00,0.65,0.66,1.05,ABT
2017-07-20 07:00:00-04:00,0.61,0.62,2.45,ABT
2017-04-19 07:00:00-04:00,0.43,0.48,11.51,ABT
2017-01-25 07:00:00-05:00,0.65,0.65,0.64,ABT
2016-10-19 07:00:00-04:00,0.58,0.59,1.44,ABT
2016-07-20 07:00:00-04:00,0.53,0.55,3.17,ABT
2016-04-20 07:00:00-04:00,0.39,0.41,4.45,ABT
2016-01-28 07:00:00-05:00,0.61,0.62,1.72,ABT
2015-10-21 07:00:00-04:00,0.53,0.54,1.22,ABT
2015-07-22 07:00:00-04:00,0.5,0.52,3.53,ABT
2015-04-22 07:00:00-04:00,0.42,0.47,12.72,ABT
2015-01-29 07:00:00-05:00,0.63,0.62,-1.79,ABT
2014-10-22 07:00:00-04:00,0.6,0.62,3.66,ABT
2014-07-16 07:00:00-04:00,0.51,0.54,6.52,ABT
2014-04-16 07:00:00-04:00,0.36,0.41,14.45,ABT
2014-01-22 07:00:00-05:00,0.58,0.58,-0.38,ABT
2013-10-16 07:00:00-04:00,0.51,0.55,6.82,ABT
2013-07-17 07:00:00-04:00,0.44,0.46,4.44,ABT
2013-04-17 07:00:00-04:00,0.41,0.42,2.07,ABT
2013-01-23 07:00:00-05:00,1.5,1.51,0.78,ABT
2012-10-17 07:00:00-04:00,1.28,1.3,1.5,ABT
2012-07-18 07:00:00-04:00,1.22,1.23,1.09,ABT
2012-04-18 07:00:00-04:00,1.0,1.03,3.2,ABT
2012-01-25 07:00:00-05:00,1.44,1.45,0.92,ABT
2011-10-19 07:00:00-04:00,1.17,1.18,0.94,ABT
2011-07-20 07:00:00-04:00,1.12,1.12,0.39,ABT
2011-04-20 07:00:00-04:00,0.9,0.91,0.62,ABT
2011-01-26 07:00:00-05:00,1.29,1.3,0.67,ABT
2010-10-20 07:00:00-04:00,1.05,1.05,0.31,ABT
2010-07-21 07:00:00-04:00,1.0,1.01,0.97,ABT
2010-04-21 06:00:00-04:00,0.8,0.81,1.17,ABT
2010-01-27 07:00:00-05:00,1.17,1.18,0.74,ABT
2009-10-14 07:00:00-04:00,0.9,0.92,2.63,ABT
2009-07-15 07:00:00-04:00,0.89,0.89,0.42,ABT
2009-04-15 07:00:00-04:00,0.7,0.73,3.72,ABT
2009-01-21 07:00:00-05:00,1.06,1.06,-0.09,ABT
2008-10-15 07:00:00-04:00,0.77,0.79,2.07,ABT
2008-07-16 07:00:00-04:00,0.79,0.84,6.81,ABT
2008-04-16 07:00:00-04:00,0.62,0.63,1.4,ABT
2008-01-23 07:00:00-05:00,0.92,0.93,1.16,ABT
2007-10-17 07:00:00-04:00,0.66,0.67,1.08,ABT
2007-07-18 07:00:00-04:00,0.67,0.69,2.33,ABT
2007-04-18 07:00:00-04:00,0.52,0.53,1.15,ABT
2007-01-24 07:00:00-05:00,0.74,0.75,0.94,ABT
2006-10-18 07:00:00-04:00,0.58,0.58,-0.17,ABT
2006-07-19 07:00:00-04:00,0.57,0.66,15.32,ABT
2006-04-19 08:00:00-04:00,0.57,0.57,-0.32,ABT
2006-01-25 08:00:00-05:00,0.75,0.76,0.7,ABT
2005-10-19 07:00:00-04:00,0.58,0.58,0.25,ABT
2005-07-13 07:00:00-04:00,0.57,0.58,1.16,ABT
2005-04-12 07:00:00-04:00,0.58,0.58,-0.17,ABT
2005-01-18 07:00:00-05:00,0.67,0.67,0.3,ABT
2004-10-14 07:00:00-04:00,0.53,0.53,0.29,ABT
2004-07-09 07:00:00-04:00,0.54,0.54,-0.76,ABT
2004-04-08 07:00:00-04:00,0.56,0.57,1.29,ABT
2004-01-16 07:00:00-05:00,0.65,0.65,0.34,ABT
2003-10-09 07:00:00-04:00,0.53,0.53,-0.67,ABT
2003-07-10 07:00:00-04:00,0.52,0.52,-0.11,ABT
2003-04-09 04:00:00-04:00,0.51,0.51,0.76,ABT
2003-01-16 07:00:00-05:00,0.56,0.55,-1.27,ABT
2002-10-09 06:00:00-04:00,0.48,0.48,,ABT
2002-07-11 07:00:00-04:00,0.49,0.49,-0.81,ABT
2002-04-09 07:00:00-04:00,0.54,0.54,,ABT
2002-01-16 07:00:00-05:00,0.52,0.52,-0.21,ABT
2026-12-17 07:00:00-05:00,3.95,,,ACN
2026-10-01 06:00:00-04:00,3.18,3.29,3.36,ACN
2026-06-18 06:00:00-04:00,3.71,3.8,2.46,ACN
2026-03-19 06:00:00-04:00,2.84,2.93,3.26,ACN
2025-12-18 06:00:00-05:00,3.72,3.94,5.87,ACN
2025-09-25 06:00:00-04:00,2.97,3.03,1.97,ACN
2025-06-20 06:00:00-04:00,3.32,3.49,5.03,ACN
2025-03-20 06:00:00-04:00,2.81,2.82,0.25,ACN
2024-12-19 06:00:00-05:00,3.42,3.59,5.12,ACN
2024-09-26 06:00:00-04:00,2.77,2.79,0.63,ACN
2024-06-20 06:00:00-04:00,3.16,3.13,-0.93,ACN
2024-03-21 06:00:00-04:00,2.66,2.77,4.05,ACN
2023-12-19 06:00:00-05:00,3.13,3.27,4.46,ACN
2023-09-28 06:00:00-04:00,2.63,2.71,2.86,ACN
2023-06-22 06:00:00-04:00,3.0,3.15,5.08,ACN
2023-03-23 06:00:00-04:00,2.5,2.39,-4.36,ACN
2022-12-16 06:00:00-05:00,2.93,3.08,5.3,ACN
2022-09-22 06:00:00-04:00,2.57,2.6,1.09,ACN
2022-06-23 06:00:00-04:00,2.83,2.9,2.31,ACN
2022-03-17 06:00:00-04:00,2.37,2.54,7.35,ACN
2021-12-16 06:00:00-05:00,2.63,2.78,5.79,ACN
2021-09-23 06:00:00-04:00,2.19,2.2,0.68,ACN
2021-06-24 06:00:00-04:00,2.24,2.4,7.32,ACN
2021-03-18 06:00:00-04:00,1.9,2.03,6.76,ACN
2020-12-17 06:00:00-05:00,2.05,2.17,5.95,ACN
2020-09-24 06:00:00-04:00,1.73,1.7,-1.98,ACN
2020-06-25 06:00:00-04:00,1.84,1.9,3.16,ACN
2020-03-19 06:00:00-04:00,1.73,1.91,10.43,ACN
2019-12-19 06:00:00-05:00,1.99,2.09,4.92,ACN
2019-09-26 06:00:00-04:00,1.71,1.74,1.62,ACN
2019-06-27 06:00:00-04:00,1.89,1.93,2.18,ACN
2019-03-28 06:00:00-04:00,1.57,1.73,10.07,ACN
2018-12-20 06:00:00-05:00,1.85,1.96,5.68,ACN
2018-09-27 06:00:00-04:00,1.56,1.58,1.58,ACN
2018-06-28 06:00:00-04:00,1.72,1.79,4.13,ACN
2018-03-22 06:00:00-04:00,1.49,1.58,6.32,ACN
2017-12-21 06:00:00-05:00,1.67,1.79,7.45,ACN
2017-09-28 06:00:00-04:00,1.46,1.48,1.15,ACN
2017-06-22 06:00:00-04:00,1.52,1.52,-0.05,ACN
2017-03-23 06:00:00-04:00,1.3,1.33,2.3,ACN
2016-12-21 06:00:00-05:00,1.49,1.58,5.99,ACN
2016-09-28 19:00:00-04:00,1.3,1.31,0.72,ACN
2016-06-23 06:00:00-04:00,1.41,1.41,0.04,ACN
2016-03-24 06:00:00-04:00,1.18,1.34,13.26,ACN
2015-12-17 06:00:00-05:00,1.32,1.28,-2.8,ACN
2015-09-24 06:00:00-04:00,1.12,1.15,2.94,ACN
2015-06-25 07:00:00-04:00,1.23,1.3,5.55,ACN
2015-03-26 07:00:00-04:00,1.07,1.08,0.52,ACN
2014-12-18 07:00:00-05:00,1.2,1.29,7.68,ACN
2014-09-24 07:00:00-04:00,1.1,1.08,-2.05,ACN
2014-06-26 07:00:00-04:00,1.21,1.26,3.98,ACN
2014-03-27 07:00:00-04:00,1.04,1.03,-0.6,ACN
2013-12-19 07:00:00-05:00,1.1,1.15,4.62,ACN
2013-09-26 16:00:00-04:00,1.02,1.01,-0.62,ACN
2013-06-27 16:00:00-04:00,1.13,1.06,-5.99,ACN
2013-03-28 07:00:00-04:00,0.97,1.0,3.07,ACN
2012-12-19 16:00:00-05:00,1.05,1.06,1.28,ACN
2012-09-27 16:00:00-04:00,0.87,0.88,0.69,ACN
2012-06-28 16:00:00-04:00,0.99,1.03,4.42,ACN
2012-03-22 16:00:00-04:00,0.86,0.97,12.79,ACN
2011-12-15 16:00:00-05:00,0.94,0.96,2.09,ACN
2011-09-27 16:00:00-04:00,0.89,0.91,2.0,ACN
2011-06-23 16:00:00-04:00,0.89,0.93,3.94,ACN
2011-03-24 16:00:00-04:00,0.71,0.75,5.13,ACN
2010-12-16 16:00:00-05:00,0.75,0.81,8.03,ACN
2010-09-30 16:00:00-04:00,0.64,0.66,3.69,ACN
2010-06-24 16:00:00-04:00,0.69,0.73,6.02,ACN
2010-03-25 16:00:00-04:00,0.61,0.6,-2.02,ACN
2009-12-17 16:00:00-05:00,0.65,0.67,3.08,ACN
2009-10-01 16:00:00-04:00,0.63,0.63,0.32,ACN
2009-06-25 16:00:00-04:00,0.64,0.68,5.57,ACN
2009-03-26 16:00:00-04:00,0.62,0.63,2.34,ACN
2008-12-18 16:00:00-05:00,0.68,0.74,8.85,ACN
2008-09-25 16:00:00-04:00,0.66,0.67,0.89,ACN
2008-06-26 16:00:00-04:00,0.69,0.74,6.79,ACN
2008-03-27 16:00:00-04:00,0.56,0.64,14.19,ACN
2007-12-19 16:00:00-05:00,0.56,0.6,7.69,ACN
2007-09-27 16:00:00-04:00,0.48,0.5,4.74,ACN
2007-06-28 16:00:00-04:00,0.55,0.54,-1.1,ACN
2007-03-27 16:00:00-04:00,0.42,0.45,7.02,ACN
2006-12-20 16:00:00-05:00,0.42,0.46,10.02,ACN
2006-09-28 16:00:00-04:00,0.39,0.39,-0.4,ACN
2006-06-29 16:00:00-04:00,0.46,0.5,9.17,ACN
2006-03-28 17:00:00-05:00,0.35,0.37,6.02,ACN
2006-01-05 16:00:00-05:00,0.34,0.36,5.62,ACN
2005-10-06 16:00:00-04:00,0.36,0.39,8.71,ACN
2005-07-07 16:00:00-04:00,0.43,0.46,7.78,ACN
2005-04-07 16:00:00-04:00,0.32,0.32,-0.66,ACN
2005-01-06 16:00:00-05:00,0.31,0.32,4.25,ACN
2004-10-13 06:00:00-04:00,0.28,0.3,5.71,ACN
2004-07-07 05:00:00-04:00,0.35,0.37,4.91,ACN
2004-03-30 05:00:00-05:00,0.25,0.29,15.54,ACN
2004-01-13 05:00:00-05:00,0.28,0.27,-3.24,ACN
2003-10-09 06:00:00-04:00,0.25,0.25,0.95,ACN
2003-07-15 06:00:00-04:00,0.25,0.28,13.36,ACN
2003-04-14 06:00:00-04:00,0.24,0.25,4.42,ACN
2003-01-09 06:00:00-05:00,0.27,0.27,1.25,ACN
2002-10-10 06:00:00-04:00,0.16,0.16,,ACN
2002-07-12 06:00:00-04:00,0.26,0.27,3.05,ACN
2002-04-11 06:00:00-04:00,0.22,0.23,4.55,ACN
2026-12-09 15:00:00-05:00,6.33,,,ADBE
2026-09-10 16:00:00-04:00,6.09,6.13,0.71,ADBE
2026-06-11 16:00:00-04:00,5.81,5.96,2.5,ADBE
2026-03-12 16:00:00-04:00,5.87,6.06,3.18,ADBE
2025-12-10 16:00:00-05:00,5.4,5.5,1.9,ADBE
2025-09-11 16:00:00-04:00,5.18,5.31,2.48,ADBE
2025-06-12 16:00:00-04:00,4.97,5.06,1.71,ADBE
2025-03-12 16:00:00-04:00,4.97,5.08,2.17,ADBE
2024-12-11 16:00:00-05:00,4.67,4.81,3.01,ADBE
2024-09-12 16:00:00-04:00,4.54,4.65,2.49,ADBE
2024-06-13 16:00:00-04:00,4.4,4.48,1.92,ADBE
2024-03-14 16:00:00-04:00,4.38,4.48,2.23,ADBE
2023-12-13 16:00:00-05:00,4.14,4.27,3.17,ADBE
2023-09-14 16:00:00-04:00,3.98,4.1,3.06,ADBE
2023-06-15 16:00:00-04:00,3.79,3.91,3.22,ADBE
2023-03-15 16:00:00-04:00,3.68,3.8,3.25,ADBE
2022-12-15 16:00:00-05:00,3.5,3.6,2.72,ADBE
2022-09-15 08:00:00-04:00,3.34,3.4,1.66,ADBE
2022-06-16 16:00:00-04:00,3.31,3.35,1.31,ADBE
2022-03-22 16:00:00-04:00,3.34,3.37,0.78,ADBE
2021-12-16 08:00:00-05:00,3.2,3.2,0.04,ADBE
2021-09-21 16:00:00-04:00,3.02,3.11,3.11,ADBE
2021-06-17 16:00:00-04:00,2.82,3.03,7.55,ADBE
2021-03-23 16:00:00-04:00,2.79,3.14,12.68,ADBE
2020-12-10 08:00:00-05:00,2.66,2.81,5.66,ADBE
2020-09-15 16:00:00-04:00,2.41,2.57,6.56,ADBE
2020-06-11 16:00:00-04:00,2.32,2.45,5.68,ADBE
2020-03-12 16:00:00-04:00,2.23,2.27,1.96,ADBE
2019-12-12 16:00:00-05:00,2.26,2.29,1.43,ADBE
2019-09-17 16:00:00-04:00,1.97,2.05,3.86,ADBE
2019-06-18 16:00:00-04:00,1.78,1.83,2.58,ADBE
2019-03-14 16:00:00-04:00,1.62,1.71,5.79,ADBE
2018-12-13 16:00:00-05:00,1.84,1.83,-0.27,ADBE
2018-09-13 16:00:00-04:00,1.69,1.73,2.32,ADBE
2018-06-14 16:00:00-04:00,1.54,1.66,7.63,ADBE
2018-03-15 16:00:00-04:00,1.44,1.55,7.78,ADBE
2017-12-14 16:00:00-05:00,1.16,1.26,8.92,ADBE
2017-09-19 16:00:00-04:00,1.01,1.1,9.2,ADBE
2017-06-20 16:00:00-04:00,0.95,1.02,7.85,ADBE
2017-03-16 16:00:00-04:00,0.87,0.94,7.84,ADBE
2016-12-15 16:00:00-05:00,0.86,0.9,4.46,ADBE
2016-09-20 16:00:00-04:00,0.72,0.75,3.66,ADBE
2016-06-21 16:00:00-04:00,0.68,0.71,4.45,ADBE
2016-03-17 16:00:00-04:00,0.61,0.66,8.65,ADBE
2015-12-10 16:00:00-05:00,0.6,0.62,3.41,ADBE
2015-09-17 16:00:00-04:00,0.5,0.54,8.36,ADBE
2015-06-16 16:00:00-04:00,0.45,0.48,5.99,ADBE
2015-03-17 16:00:00-04:00,0.39,0.44,13.77,ADBE
2014-12-11 16:00:00-05:00,0.3,0.36,21.22,ADBE
2014-09-16 16:00:00-04:00,0.26,0.28,6.25,ADBE
2014-06-17 16:00:00-04:00,0.3,0.37,24.09,ADBE
2014-03-18 16:00:00-04:00,0.25,0.3,19.18,ADBE
2013-12-12 16:00:00-05:00,0.32,0.32,0.89,ADBE
2013-09-17 16:00:00-04:00,0.33,0.32,-4.33,ADBE
2013-06-18 16:00:00-04:00,0.34,0.36,7.24,ADBE
2013-03-19 16:00:00-04:00,0.31,0.35,12.01,ADBE
2012-12-13 16:00:00-05:00,0.56,0.61,8.08,ADBE
2012-09-19 16:00:00-04:00,0.58,0.58,-0.71,ADBE
2012-06-19 16:00:00-04:00,0.59,0.6,1.27,ADBE
2012-03-19 16:00:00-04:00,0.57,0.57,0.28,ADBE
2011-12-15 16:00:00-05:00,0.61,0.67,10.6,ADBE
2011-09-20 16:00:00-04:00,0.54,0.55,2.17,ADBE
2011-06-21 16:00:00-04:00,0.51,0.55,7.2,ADBE
2011-03-22 16:00:00-04:00,0.57,0.58,1.84,ADBE
2010-12-20 16:00:00-05:00,0.52,0.56,7.76,ADBE
2010-09-21 16:00:00-04:00,0.49,0.54,9.81,ADBE
2010-06-22 16:00:00-04:00,0.43,0.44,3.23,ADBE
2010-03-23 16:00:00-04:00,0.37,0.4,7.4,ADBE
2009-12-15 16:00:00-05:00,0.37,0.39,6.79,ADBE
2009-09-15 16:00:00-04:00,0.33,0.35,4.65,ADBE
2009-06-16 16:00:00-04:00,0.34,0.35,1.47,ADBE
2009-03-17 16:00:00-04:00,0.44,0.45,2.21,ADBE
2008-12-16 16:00:00-05:00,0.57,0.6,4.99,ADBE
2008-09-16 16:00:00-04:00,0.46,0.5,8.14,ADBE
2008-06-16 16:00:00-04:00,0.46,0.5,7.95,ADBE
2008-03-18 16:00:00-04:00,0.45,0.48,6.33,ADBE
2007-12-17 16:00:00-05:00,0.48,0.49,2.6,ADBE
2007-09-17 16:00:00-04:00,0.41,0.45,10.58,ADBE
2007-06-14 16:00:00-04:00,0.36,0.37,3.62,ADBE
2007-03-20 16:00:00-04:00,0.29,0.3,2.3,ADBE
2006-12-14 16:00:00-05:00,0.33,0.33,-0.13,ADBE
2006-09-14 16:00:00-04:00,0.26,0.29,10.0,ADBE
2006-06-15 16:00:00-04:00,0.3,0.31,2.76,ADBE
2006-03-22 17:00:00-05:00,0.29,0.32,8.68,ADBE
2005-12-15 16:00:00-05:00,0.28,0.3,7.14,ADBE
2005-09-15 16:00:00-04:00,0.27,0.29,8.88,ADBE
2005-06-16 16:00:00-04:00,0.27,0.28,3.61,ADBE
2005-03-17 16:00:00-05:00,0.25,0.27,6.94,ADBE
2004-12-16 16:00:00-05:00,0.21,0.22,5.65,ADBE
2004-09-20 16:00:00-04:00,0.19,0.22,11.45,ADBE
2004-06-17 16:00:00-04:00,0.21,0.22,3.77,ADBE
2004-03-18 16:00:00-05:00,0.2,0.25,25.87,ADBE
2003-12-11 16:00:00-05:00,0.16,0.17,6.78,ADBE
2003-09-10 16:00:00-04:00,0.12,0.14,14.25,ADBE
2003-06-12 16:00:00-04:00,0.13,0.14,6.16,ADBE
2003-03-13 16:00:00-05:00,0.11,0.13,15.61,ADBE
2002-12-12 16:00:00-05:00,0.11,0.13,10.3,ADBE
2002-09-12 16:00:00-04:00,0.1,0.11,12.18,ADBE
2002-06-13 16:00:00-04:00,0.13,0.14,6.58,ADBE
2002-03-14 16:00:00-05:00,0.1,0.11,9.27,ADBE
2026-11-24 07:00:00-05:00,3.85,,,ADI
2026-08-19 07:00:00-04:00,3.34,3.45,3.32,ADI
2026-05-20 07:00:00-04:00,2.91,3.09,6.22,ADI
2026-02-18 07:00:00-05:00,2.31,2.46,6.55,ADI
2025-11-25 07:00:00-05:00,2.23,2.26,1.13,ADI
2025-08-20 07:00:00-04:00,1.95,2.05,5.33,ADI
2025-05-22 07:00:00-04:00,1.7,1.85,9.14,ADI
2025-02-19 07:00:00-05:00,1.54,1.63,5.6,ADI
2024-11-26 07:00:00-05:00,1.64,1.67,1.88,ADI
2024-08-21 07:00:00-04:00,1.51,1.58,4.83,ADI
2024-05-22 07:00:00-04:00,1.27,1.4,10.34,ADI
2024-02-21 07:00:00-05:00,1.71,1.73,1.43,ADI
2023-11-21 07:00:00-05:00,2.02,2.01,-0.38,ADI
2023-08-23 07:00:00-04:00,2.52,2.49,-1.16,ADI
2023-05-24 07:00:00-04:00,2.76,2.83,2.67,ADI
2023-02-15 07:00:00-05:00,2.6,2.75,5.67,ADI
2022-11-22 07:00:00-05:00,2.59,2.73,5.51,ADI
2022-08-17 07:00:00-04:00,2.43,2.52,3.62,ADI
2022-05-18 07:00:00-04:00,2.11,2.4,13.69,ADI
2022-02-16 07:00:00-05:00,1.79,1.94,8.48,ADI
2021-11-23 07:00:00-05:00,1.7,1.73,1.9,ADI
2021-08-18 07:00:00-04:00,1.61,1.72,6.53,ADI
2021-05-19 07:00:00-04:00,1.45,1.54,6.04,ADI
2021-02-17 08:00:00-05:00,1.32,1.44,8.98,ADI
2020-11-24 08:00:00-05:00,1.33,1.44,8.66,ADI
2020-08-19 08:00:00-04:00,1.29,1.36,5.73,ADI
2020-05-20 07:00:00-04:00,1.04,1.08,3.5,ADI
2020-02-19 08:00:00-05:00,1.0,1.03,2.69,ADI
2019-11-26 08:00:00-05:00,1.22,1.19,-2.63,ADI
2019-08-21 08:00:00-04:00,1.23,1.26,2.67,ADI
2019-05-22 07:00:00-04:00,1.3,1.36,4.35,ADI
2019-02-20 08:00:00-05:00,1.28,1.33,4.13,ADI
2018-11-20 08:00:00-05:00,1.52,1.55,1.86,ADI
2018-08-22 08:00:00-04:00,1.46,1.53,4.87,ADI
2018-05-30 08:00:00-04:00,1.37,1.45,5.47,ADI
2018-02-28 08:00:00-05:00,1.28,1.42,10.72,ADI
2017-11-21 08:00:00-05:00,1.36,1.45,6.4,ADI
2017-08-30 08:00:00-04:00,1.15,1.26,9.67,ADI
2017-05-31 08:00:00-04:00,0.84,1.03,22.6,ADI
2017-02-15 08:00:00-05:00,0.74,0.94,26.9,ADI
2016-11-22 08:00:00-05:00,0.9,1.05,17.25,ADI
2016-08-17 08:00:00-04:00,0.75,0.82,8.72,ADI
2016-05-18 08:00:00-04:00,0.62,0.64,2.79,ADI
2016-02-17 08:00:00-05:00,0.53,0.56,5.59,ADI
2015-11-24 08:00:00-05:00,0.83,1.03,24.26,ADI
2015-08-18 16:00:00-04:00,0.74,0.77,3.6,ADI
2015-05-19 16:00:00-04:00,0.72,0.73,1.31,ADI
2015-02-17 16:00:00-05:00,0.61,0.63,3.33,ADI
2014-11-25 16:00:00-05:00,0.68,0.69,1.27,ADI
2014-08-26 16:00:00-04:00,0.63,0.63,0.5,ADI
2014-05-20 16:00:00-04:00,0.56,0.59,4.88,ADI
2014-02-18 16:00:00-05:00,0.48,0.49,1.37,ADI
2013-11-26 16:00:00-05:00,0.58,0.62,6.54,ADI
2013-08-20 16:00:00-04:00,0.54,0.57,4.96,ADI
2013-05-21 16:00:00-04:00,0.52,0.5,-3.44,ADI
2013-02-19 16:00:00-05:00,0.45,0.44,-1.31,ADI
2012-11-27 16:00:00-05:00,0.57,0.58,2.01,ADI
2012-08-21 16:00:00-04:00,0.56,0.56,-0.84,ADI
2012-05-22 16:00:00-04:00,0.51,0.53,3.86,ADI
2012-02-22 16:00:00-05:00,0.48,0.46,-3.95,ADI
2011-11-21 16:00:00-05:00,0.63,0.6,-5.03,ADI
2011-08-16 16:00:00-04:00,0.73,0.71,-3.28,ADI
2011-05-17 16:00:00-04:00,0.68,0.75,10.92,ADI
2011-02-15 16:00:00-05:00,0.65,0.66,1.47,ADI
2010-11-22 16:00:00-05:00,0.7,0.73,4.91,ADI
2010-08-17 16:00:00-04:00,0.6,0.65,7.96,ADI
2010-05-18 16:00:00-04:00,0.5,0.55,9.71,ADI
2010-02-17 16:00:00-05:00,0.38,0.43,12.52,ADI
2009-11-23 16:00:00-05:00,0.26,0.36,39.3,ADI
2009-08-18 16:00:00-04:00,0.2,0.22,11.17,ADI
2009-05-19 16:00:00-04:00,0.09,0.21,147.06,ADI
2009-02-18 16:00:00-05:00,0.16,0.18,15.67,ADI
2008-11-24 16:00:00-05:00,0.43,0.49,12.79,ADI
2008-08-19 16:00:00-04:00,0.45,0.44,-1.84,ADI
2008-05-20 16:00:00-04:00,0.41,0.44,6.74,ADI
2008-02-20 16:00:00-05:00,0.4,0.4,-0.83,ADI
2007-11-27 16:00:00-05:00,0.39,0.39,1.3,ADI
2007-08-21 16:00:00-04:00,0.36,0.37,2.44,ADI
2007-05-22 16:00:00-04:00,0.37,0.36,-2.7,ADI
2007-02-21 16:00:00-05:00,0.39,0.36,-6.49,ADI
2006-11-14 16:00:00-05:00,0.36,0.4,11.84,ADI
2006-08-10 16:00:00-04:00,0.41,0.43,4.39,ADI
2006-05-11 16:00:00-04:00,0.38,0.38,1.2,ADI
2006-02-09 16:00:00-05:00,0.36,0.37,3.69,ADI
2005-11-15 16:00:00-05:00,0.34,0.36,4.72,ADI
2005-08-11 16:00:00-04:00,0.31,0.32,3.84,ADI
2005-05-12 14:00:00-04:00,0.3,0.31,3.6,ADI
2005-02-10 16:00:00-05:00,0.29,0.28,-4.26,ADI
2004-11-23 16:00:00-05:00,0.34,0.35,3.45,ADI
2004-08-12 16:00:00-04:00,0.45,0.43,-3.39,ADI
2004-05-13 16:00:00-04:00,0.35,0.39,10.36,ADI
2004-02-12 16:00:00-05:00,0.28,0.3,5.6,ADI
2003-11-18 16:00:00-05:00,0.23,0.25,8.96,ADI
2003-08-14 16:00:00-04:00,0.21,0.21,-0.27,ADI
2003-05-14 16:00:00-04:00,0.18,0.19,4.78,ADI
2003-02-13 16:00:00-05:00,0.16,0.17,5.86,ADI
2002-11-19 16:00:00-05:00,0.16,0.16,1.49,ADI
2002-08-15 16:00:00-04:00,0.15,0.15,,ADI
2002-05-16 16:00:00-04:00,0.12,0.13,6.56,ADI
2002-02-14 16:00:00-05:00,0.11,0.11,2.33,ADI
2026-10-28 08:00:00-04:00,2.76,,,ADP
2026-07-28 20:00:00-04:00,2.6,2.64,1.58,ADP
2026-04-29 06:00:00-04:00,3.3,3.37,2.26,ADP
2026-01-28 06:00:00-05:00,2.57,2.62,2.0,ADP
2025-10-29 06:00:00-04:00,2.44,2.49,1.94,ADP
2025-07-30 06:00:00-04:00,2.23,2.26,1.5,ADP
2025-04-30 06:00:00-04:00,2.97,3.06,2.93,ADP
2025-01-29 06:00:00-05:00,2.3,2.35,2.38,ADP
2024-10-30 06:00:00-04:00,2.21,2.33,5.32,ADP
2024-07-31 06:00:00-04:00,2.06,2.09,1.38,ADP
2024-05-01 06:00:00-04:00,2.78,2.88,3.45,ADP
2024-01-31 06:00:00-05:00,2.1,2.13,1.35,ADP
2023-10-25 06:00:00-04:00,2.02,2.08,2.8,ADP
2023-07-26 06:00:00-04:00,1.83,1.89,3.16,ADP
2023-04-26 06:00:00-04:00,2.45,2.52,2.73,ADP
2023-01-25 06:00:00-05:00,1.94,1.96,1.15,ADP
2022-10-26 06:00:00-04:00,1.79,1.86,3.91,ADP
2022-07-27 06:00:00-04:00,1.47,1.5,2.38,ADP
2022-04-27 06:00:00-04:00,2.08,2.21,6.38,ADP
2022-01-26 06:00:00-05:00,1.63,1.65,1.25,ADP
2021-10-27 06:00:00-04:00,1.49,1.65,10.98,ADP
2021-07-28 06:00:00-04:00,1.14,1.2,5.37,ADP
2021-04-28 06:00:00-04:00,1.78,1.89,5.94,ADP
2021-01-27 07:00:00-05:00,1.29,1.52,18.15,ADP
2020-10-28 07:00:00-04:00,0.98,1.41,44.43,ADP
2020-07-29 08:00:00-04:00,0.96,1.14,18.21,ADP
2020-04-29 06:00:00-04:00,1.89,1.92,1.5,ADP
2020-01-29 06:00:00-05:00,1.44,1.52,5.21,ADP
2019-10-30 07:00:00-04:00,1.33,1.34,0.66,ADP
2019-07-31 06:00:00-04:00,1.13,1.14,0.71,ADP
2019-05-01 06:00:00-04:00,1.69,1.77,4.96,ADP
2019-01-30 06:00:00-05:00,1.18,1.34,13.27,ADP
2018-10-31 06:00:00-04:00,1.11,1.2,8.21,ADP
2018-08-01 07:00:00-04:00,0.9,0.92,2.61,ADP
2018-05-02 07:00:00-04:00,1.44,1.52,5.28,ADP
2018-01-31 07:00:00-05:00,0.9,0.99,10.48,ADP
2017-11-02 07:00:00-04:00,0.85,0.91,7.21,ADP
2017-07-27 07:00:00-04:00,0.67,0.66,-0.75,ADP
2017-05-03 07:00:00-04:00,1.23,1.31,6.53,ADP
2017-02-01 07:00:00-05:00,0.81,0.87,6.9,ADP
2016-11-02 07:00:00-04:00,0.76,0.86,13.3,ADP
2016-07-28 07:00:00-04:00,0.67,0.69,2.97,ADP
2016-04-28 07:00:00-04:00,1.18,1.17,-0.53,ADP
2016-02-03 07:00:00-05:00,0.72,0.72,0.45,ADP
2015-10-28 07:00:00-04:00,0.65,0.68,4.19,ADP
2015-07-30 07:00:00-04:00,0.59,0.55,-7.02,ADP
2015-04-30 07:00:00-04:00,1.02,1.04,2.07,ADP
2015-02-04 07:00:00-05:00,0.68,0.7,3.18,ADP
2014-10-29 07:00:00-04:00,0.6,0.62,3.18,ADP
2014-07-31 07:00:00-04:00,0.63,0.63,0.18,ADP
2014-04-30 07:00:00-04:00,1.07,1.06,-1.39,ADP
2014-02-05 07:00:00-05:00,0.77,0.78,1.51,ADP
2013-10-30 07:00:00-04:00,0.66,0.68,3.24,ADP
2013-08-01 07:00:00-04:00,0.57,0.55,-4.04,ADP
2013-05-03 07:00:00-04:00,0.98,0.99,0.62,ADP
2013-02-05 07:00:00-05:00,0.71,0.72,1.38,ADP
2012-11-01 07:00:00-04:00,0.62,0.62,-0.31,ADP
2012-08-01 07:00:00-04:00,0.53,0.53,0.37,ADP
2012-05-01 07:00:00-04:00,0.91,0.92,1.09,ADP
2012-01-25 07:00:00-05:00,0.68,0.68,0.54,ADP
2011-10-26 07:00:00-04:00,0.61,0.61,0.73,ADP
2011-07-28 07:00:00-04:00,0.49,0.48,-1.23,ADP
2011-05-02 16:00:00-04:00,0.85,0.85,0.55,ADP
2011-01-26 07:00:00-05:00,0.61,0.62,2.09,ADP
2010-10-27 07:00:00-04:00,0.53,0.56,5.31,ADP
2010-07-29 07:00:00-04:00,0.42,0.42,-0.75,ADP
2010-04-27 06:00:00-04:00,0.78,0.79,0.96,ADP
2010-02-02 07:00:00-05:00,0.58,0.6,4.27,ADP
2009-11-04 07:00:00-05:00,0.5,0.56,13.0,ADP
2009-07-30 07:00:00-04:00,0.45,0.45,-0.22,ADP
2009-05-05 07:00:00-04:00,0.8,0.8,0.38,ADP
2009-02-03 07:00:00-05:00,0.56,0.59,5.22,ADP
2008-11-03 16:00:00-05:00,0.5,0.54,7.28,ADP
2008-07-31 07:00:00-04:00,0.41,0.42,1.42,ADP
2008-05-01 04:00:00-04:00,0.75,0.77,2.45,ADP
2008-02-01 07:00:00-05:00,0.53,0.53,0.39,ADP
2007-10-30 07:00:00-04:00,0.43,0.45,4.17,ADP
2007-07-31 07:00:00-04:00,0.36,0.35,-4.04,ADP
2007-05-01 07:00:00-04:00,0.67,0.74,9.69,ADP
2007-02-06 07:00:00-05:00,0.51,0.52,1.44,ADP
2006-10-31 07:00:00-05:00,0.43,0.43,0.12,ADP
2006-08-02 07:00:00-04:00,0.46,0.44,-4.35,ADP
2006-04-28 08:00:00-04:00,0.62,0.61,-1.88,ADP
2006-01-25 08:00:00-05:00,0.47,0.52,9.91,ADP
2005-10-26 08:00:00-04:00,0.39,0.43,9.39,ADP
2005-07-26 08:00:00-04:00,0.44,0.44,0.73,ADP
2005-04-21 08:00:00-04:00,0.57,0.57,-0.52,ADP
2005-01-21 08:00:00-05:00,0.42,0.42,0.72,ADP
2004-10-25 08:00:00-04:00,0.33,0.35,4.79,ADP
2004-07-27 08:00:00-04:00,0.35,0.36,2.56,ADP
2004-04-22 08:00:00-04:00,0.5,0.5,0.6,ADP
2004-01-22 08:00:00-05:00,0.37,0.38,2.43,ADP
2003-10-17 08:00:00-04:00,0.29,0.32,11.5,ADP
2003-07-29 09:00:00-04:00,0.38,0.36,-5.76,ADP
2003-04-17 08:00:00-04:00,0.52,0.54,4.45,ADP
2003-01-15 07:00:00-05:00,0.43,0.43,,ADP
2002-10-17 07:00:00-04:00,0.33,0.34,1.62,ADP
2002-07-17 17:00:00-04:00,0.47,0.46,-1.5,ADP
2002-04-15 07:00:00-04:00,0.55,0.56,1.45,ADP
2002-01-17 07:00:00-05:00,0.41,0.42,1.94,ADP
2026-11-05 15:00:00-05:00,0.83,,,AFRM
2026-08-27 17:00:00-04:00,0.85,4.97,486.25,AFRM
2026-05-07 16:00:00-04:00,0.73,0.62,-15.04,AFRM
2026-02-05 16:00:00-05:00,0.84,0.72,-13.89,AFRM
2025-11-06 16:00:00-05:00,0.62,0.61,-1.34,AFRM
2025-08-28 16:00:00-04:00,0.43,0.53,22.49,AFRM
2025-05-08 16:00:00-04:00,0.4,0.19,-51.8,AFRM
2025-02-06 16:00:00-05:00,0.43,0.76,75.22,AFRM
2024-11-07 16:00:00-05:00,0.17,0.36,113.06,AFRM
2024-08-28 16:00:00-04:00,-0.26,-0.14,44.05,AFRM
2024-05-08 07:00:00-04:00,-0.3,-0.41,-37.27,AFRM
2024-02-08 16:00:00-05:00,-0.55,-0.54,1.36,AFRM
2023-11-08 16:00:00-05:00,-0.61,-0.56,8.68,AFRM
2023-08-24 16:00:00-04:00,-0.68,-0.68,-0.01,AFRM
2023-05-09 17:00:00-04:00,-0.85,-0.57,33.21,AFRM
2023-02-08 17:00:00-05:00,-0.99,-1.08,-9.28,AFRM
2022-11-08 17:00:00-05:00,-0.88,-0.86,1.99,AFRM
2022-08-25 16:00:00-04:00,-0.73,-0.65,11.06,AFRM
2022-05-12 16:00:00-04:00,-0.39,-0.19,50.41,AFRM
2022-02-10 14:00:00-05:00,-0.22,-0.57,-152.56,AFRM
2021-11-10 16:00:00-05:00,-0.3,-1.13,-281.93,AFRM
2021-09-09 16:00:00-04:00,-0.24,-0.47,-97.15,AFRM
2021-05-10 16:00:00-04:00,-0.27,-1.0,-271.78,AFRM
2021-02-11 16:00:00-05:00,-0.81,-0.4,49.93,AFRM
2026-12-09 15:00:00-05:00,-0.21,,,AI
2026-09-02 16:00:00-04:00,-0.25,,,AI
2026-06-03 16:00:00-04:00,-0.37,-0.33,11.47,AI
2026-02-25 16:00:00-05:00,-0.29,-0.4,-38.27,AI
2025-12-03 16:00:00-05:00,-0.33,-0.25,24.77,AI
2025-09-03 16:00:00-04:00,-0.21,-0.37,-75.31,AI
2025-05-28 16:00:00-04:00,-0.2,-0.16,20.39,AI
2025-02-26 16:00:00-05:00,-0.25,-0.12,52.0,AI
2024-12-09 16:00:00-05:00,-0.16,-0.06,62.93,AI
2024-09-04 16:00:00-04:00,-0.13,-0.05,62.61,AI
2024-05-29 16:00:00-04:00,-0.3,-0.11,63.71,AI
2024-02-28 16:00:00-05:00,-0.28,-0.13,52.93,AI
2023-12-06 16:00:00-05:00,-0.18,-0.13,29.54,AI
2023-09-05 21:00:00-04:00,-0.17,-0.09,47.86,AI
2023-05-31 16:00:00-04:00,-0.17,-0.13,23.12,AI
2023-03-02 16:00:00-05:00,-0.22,-0.06,72.57,AI
2022-12-07 16:00:00-05:00,-0.16,-0.11,30.43,AI
2022-08-31 16:00:00-04:00,-0.24,-0.12,50.83,AI
2022-06-01 16:00:00-04:00,-0.29,-0.21,26.45,AI
2022-03-02 16:00:00-05:00,-0.25,-0.07,72.54,AI
2021-12-01 16:00:00-05:00,-0.29,-0.23,21.86,AI
2021-09-01 16:00:00-04:00,-0.28,-0.23,17.81,AI
2021-06-02 16:00:00-04:00,-0.27,-0.16,39.61,AI
2021-03-01 16:00:00-05:00,-0.16,-0.15,5.31,AI
2026-11-03 15:00:00-05:00,1.83,,,AIG
2026-08-06 16:00:00-04:00,1.93,2.0,3.74,AIG
2026-04-30 16:00:00-04:00,1.88,2.11,11.96,AIG
2026-02-10 16:00:00-05:00,1.9,1.96,3.01,AIG
2025-11-04 16:00:00-05:00,1.71,2.2,28.5,AIG
2025-08-06 16:00:00-04:00,1.69,1.98,17.24,AIG
2025-05-01 16:00:00-04:00,0.97,1.16,20.17,AIG
2025-02-11 16:00:00-05:00,1.23,1.3,5.97,AIG
2024-11-04 16:00:00-05:00,1.3,0.71,-45.24,AIG
2024-07-31 16:00:00-04:00,1.3,1.16,-10.88,AIG
2024-05-01 16:00:00-04:00,1.59,1.74,9.65,AIG
2024-02-13 16:00:00-05:00,1.64,1.79,9.19,AIG
2023-11-01 17:00:00-04:00,1.48,1.61,8.66,AIG
2023-08-01 16:00:00-04:00,1.58,1.75,10.85,AIG
2023-05-04 16:00:00-04:00,1.42,1.63,14.47,AIG
2023-02-15 16:00:00-05:00,1.28,1.36,6.28,AIG
2022-11-01 16:00:00-04:00,0.52,0.66,26.76,AIG
2022-08-08 16:00:00-04:00,1.14,1.19,3.94,AIG
2022-05-03 16:00:00-04:00,1.17,1.3,11.23,AIG
2022-02-16 16:00:00-05:00,1.18,1.58,33.44,AIG
2021-11-04 16:00:00-04:00,0.89,0.97,9.59,AIG
2021-08-05 16:00:00-04:00,1.2,1.52,26.69,AIG
2021-05-06 16:00:00-04:00,0.98,1.05,7.36,AIG
2021-02-16 16:00:00-05:00,0.93,0.94,1.19,AIG
2020-11-05 16:00:00-05:00,0.55,0.81,45.99,AIG
2020-08-03 16:00:00-04:00,0.56,0.66,17.99,AIG
2020-05-04 17:00:00-04:00,0.82,0.11,-86.51,AIG
2020-02-13 06:00:00-05:00,1.01,1.03,2.47,AIG
2019-11-01 06:00:00-04:00,1.0,0.56,-44.25,AIG
2019-08-07 16:00:00-04:00,1.16,1.43,23.64,AIG
2019-05-06 16:00:00-04:00,1.06,1.58,49.49,AIG
2019-02-13 16:00:00-05:00,0.45,-0.63,-240.64,AIG
2018-10-31 16:00:00-04:00,0.07,-0.34,-572.35,AIG
2018-08-02 16:00:00-04:00,1.21,1.05,-13.15,AIG
2018-05-02 16:00:00-04:00,1.26,1.04,-17.73,AIG
2018-02-08 16:00:00-05:00,0.75,0.57,-23.89,AIG
2017-11-02 16:00:00-04:00,-0.79,-1.22,-55.03,AIG
2017-08-02 16:00:00-04:00,1.2,1.53,27.97,AIG
2017-05-03 16:00:00-04:00,1.07,1.36,26.74,AIG
2017-02-14 16:00:00-05:00,-0.57,-2.72,-381.04,AIG
2016-11-02 16:00:00-04:00,1.21,1.0,-17.07,AIG
2016-08-02 16:00:00-04:00,0.94,0.98,4.35,AIG
2016-05-02 16:00:00-04:00,1.0,0.65,-34.83,AIG
2016-02-11 16:00:00-05:00,-0.93,-1.1,-17.86,AIG
2015-11-02 16:00:00-05:00,1.01,0.52,-48.75,AIG
2015-08-03 16:00:00-04:00,1.22,1.39,14.08,AIG
2015-04-30 16:00:00-04:00,1.19,1.22,2.56,AIG
2015-02-12 16:00:00-05:00,1.05,0.97,-7.19,AIG
2014-11-03 16:00:00-05:00,1.09,1.21,11.14,AIG
2014-08-04 16:00:00-04:00,1.05,1.25,19.46,AIG
2014-05-05 16:00:00-04:00,1.06,1.21,13.92,AIG
2014-02-13 16:00:00-05:00,0.97,1.15,18.49,AIG
2013-10-31 16:00:00-04:00,0.96,0.96,0.25,AIG
2013-08-01 16:00:00-04:00,0.86,1.12,30.74,AIG
2013-05-02 16:00:00-04:00,0.88,1.34,52.21,AIG
2013-02-21 16:00:00-05:00,-0.07,0.2,399.4,AIG
2012-11-01 16:00:00-04:00,0.89,1.0,12.65,AIG
2012-08-02 16:00:00-04:00,0.6,1.06,76.88,AIG
2012-05-03 16:00:00-04:00,1.4,1.65,17.64,AIG
2012-02-23 16:00:00-05:00,0.65,0.82,25.69,AIG
2011-11-03 16:00:00-04:00,-0.31,-1.6,-410.2,AIG
2011-08-04 16:00:00-04:00,0.96,0.69,-27.84,AIG
2011-05-05 17:00:00-04:00,-0.09,1.3,1483.13,AIG
2011-02-24 16:00:00-05:00,-14.02,-16.2,-15.51,AIG
2010-11-05 07:00:00-04:00,0.93,-1.47,-258.63,AIG
2010-08-06 07:00:00-04:00,0.98,1.99,102.3,AIG
2010-05-07 07:00:00-04:00,0.48,1.21,154.06,AIG
2010-02-26 07:00:00-05:00,-3.94,-53.23,-1251.02,AIG
2009-11-06 07:00:00-05:00,1.14,2.85,150.73,AIG
2009-08-07 07:00:00-04:00,0.96,2.57,168.76,AIG
2009-05-07 16:00:00-04:00,-2.14,-19.4,-804.75,AIG
2009-03-02 06:00:00-05:00,-7.37,-283.4,-3743.62,AIG
2008-11-10 06:00:00-05:00,-22.93,-68.4,-198.26,AIG
2008-08-06 17:00:00-04:00,14.24,-10.2,-171.65,AIG
2008-05-08 16:00:00-04:00,9.63,18.6,93.18,AIG
2008-02-28 17:00:00-05:00,5.1,-25.0,-590.21,AIG
2007-11-07 17:00:00-05:00,32.46,28.8,-11.28,AIG
2007-08-08 16:00:00-04:00,32.34,35.4,9.46,AIG
2007-05-10 16:00:00-04:00,30.91,33.6,8.7,AIG
2007-03-01 16:00:00-05:00,29.96,29.4,-1.86,AIG
2006-11-09 16:00:00-05:00,28.54,30.6,7.21,AIG
2006-08-09 16:00:00-04:00,27.75,28.8,3.8,AIG
2006-05-10 16:00:00-04:00,27.11,25.8,-4.82,AIG
2006-03-16 16:00:00-05:00,6.29,2.8,-55.48,AIG
2005-11-14 16:00:00-05:00,15.86,13.6,-14.26,AIG
2005-08-09 17:00:00-04:00,24.12,22.8,-5.48,AIG
2005-06-28 17:00:00-04:00,23.59,24.2,2.6,AIG
2005-02-09 05:00:00-05:00,22.63,23.4,3.41,AIG
2004-10-21 05:00:00-04:00,19.45,19.4,-0.25,AIG
2004-07-22 05:00:00-04:00,22.3,22.8,2.24,AIG
2004-04-22 05:00:00-04:00,21.19,21.6,1.93,AIG
2004-02-11 07:00:00-05:00,20.73,21.0,1.29,AIG
2003-10-23 06:00:00-04:00,19.52,19.6,0.41,AIG
2003-07-24 07:00:00-04:00,18.79,19.2,2.2,AIG
2003-04-24 07:00:00-04:00,17.72,18.0,1.58,AIG
2003-02-13 07:00:00-05:00,4.23,4.0,-5.44,AIG
2002-10-24 07:00:00-04:00,17.6,17.0,-3.41,AIG
2002-07-25 07:00:00-04:00,17.0,16.8,-1.18,AIG
2002-04-25 07:00:00-04:00,16.17,16.2,0.17,AIG
2002-02-07 08:00:00-05:00,15.51,15.4,-0.73,AIG
2026-11-03 15:00:00-05:00,1.19,,,ALAB
2026-08-04 16:00:00-04:00,0.69,0.8,15.62,ALAB
2026-05-05 16:00:00-04:00,0.54,0.61,13.47,ALAB
2026-02-10 16:00:00-05:00,0.51,0.58,12.64,ALAB
2025-11-04 16:00:00-05:00,0.39,0.49,25.6,ALAB
2025-08-05 16:00:00-04:00,0.32,0.44,35.74,ALAB
2025-05-06 16:00:00-04:00,0.28,0.33,16.3,ALAB
2025-02-10 16:00:00-05:00,0.26,0.37,42.84,ALAB
2024-11-04 16:00:00-05:00,0.17,0.23,34.97,ALAB
2024-08-06 16:00:00-04:00,0.11,0.13,18.98,ALAB
2024-05-08 06:00:00-04:00,0.07,0.27,315.22,ALAB
2026-11-12 15:00:00-05:00,4.06,,,AMAT
2026-08-13 16:00:00-04:00,3.39,3.5,3.11,AMAT
2026-05-14 16:00:00-04:00,2.69,2.86,6.5,AMAT
2026-02-12 16:00:00-05:00,2.21,2.38,7.89,AMAT
2025-11-13 16:00:00-05:00,2.09,2.17,3.65,AMAT
2025-08-14 16:00:00-04:00,2.36,2.48,5.13,AMAT
2025-05-15 16:00:00-04:00,2.31,2.39,3.45,AMAT
2025-02-13 16:00:00-05:00,2.3,2.38,3.67,AMAT
2024-11-14 16:00:00-05:00,2.19,2.32,5.71,AMAT
2024-08-15 16:00:00-04:00,2.03,2.12,4.68,AMAT
2024-05-16 16:00:00-04:00,1.99,2.09,5.27,AMAT
2024-02-15 16:00:00-05:00,1.91,2.13,11.78,AMAT
2023-11-16 16:00:00-05:00,1.99,2.12,6.44,AMAT
2023-08-17 16:00:00-04:00,1.75,1.9,8.88,AMAT
2023-05-18 16:00:00-04:00,1.83,2.0,9.49,AMAT
2023-02-16 16:00:00-05:00,1.92,2.03,5.68,AMAT
2022-11-17 16:00:00-05:00,1.74,2.03,16.87,AMAT
2022-08-18 16:00:00-04:00,1.78,1.94,8.69,AMAT
2022-05-19 16:00:00-04:00,1.9,1.85,-2.77,AMAT
2022-02-16 16:00:00-05:00,1.85,1.89,1.89,AMAT
2021-11-18 16:00:00-05:00,1.96,1.94,-0.93,AMAT
2021-08-19 16:00:00-04:00,1.78,1.9,6.82,AMAT
2021-05-20 16:00:00-04:00,1.51,1.63,7.92,AMAT
2021-02-18 16:00:00-05:00,1.28,1.39,8.75,AMAT
2020-11-12 16:00:00-05:00,1.17,1.25,6.71,AMAT
2020-08-13 16:00:00-04:00,0.95,1.06,11.88,AMAT
2020-05-14 16:00:00-04:00,0.89,0.89,0.4,AMAT
2020-02-12 16:00:00-05:00,0.93,0.98,5.82,AMAT
2019-11-14 16:00:00-05:00,0.76,0.8,5.03,AMAT
2019-08-15 16:00:00-04:00,0.7,0.74,5.09,AMAT
2019-05-16 16:00:00-04:00,0.66,0.7,5.67,AMAT
2019-02-14 16:00:00-05:00,0.79,0.81,2.45,AMAT
2018-11-15 16:00:00-05:00,0.97,0.97,0.22,AMAT
2018-08-16 16:00:00-04:00,1.16,1.2,3.04,AMAT
2018-05-17 16:00:00-04:00,1.15,1.22,6.46,AMAT
2018-02-14 16:00:00-05:00,0.98,1.06,8.04,AMAT
2017-11-16 16:00:00-05:00,0.9,0.93,2.88,AMAT
2017-08-17 16:00:00-04:00,0.83,0.86,3.07,AMAT
2017-05-18 16:00:00-04:00,0.76,0.79,3.52,AMAT
2017-02-15 16:00:00-05:00,0.66,0.67,1.68,AMAT
2016-11-17 16:00:00-05:00,0.65,0.66,0.91,AMAT
2016-08-18 16:00:00-04:00,0.48,0.5,5.12,AMAT
2016-05-19 16:00:00-04:00,0.32,0.34,7.12,AMAT
2016-02-18 16:00:00-05:00,0.25,0.26,2.95,AMAT
2015-11-12 16:00:00-05:00,0.29,0.29,0.95,AMAT
2015-08-13 16:00:00-04:00,0.33,0.33,-0.39,AMAT
2015-05-14 16:00:00-04:00,0.28,0.29,4.58,AMAT
2015-02-11 16:00:00-05:00,0.27,0.27,0.78,AMAT
2014-11-13 16:00:00-05:00,0.27,0.27,0.38,AMAT
2014-08-14 16:00:00-04:00,0.27,0.28,3.84,AMAT
2014-05-15 16:00:00-04:00,0.27,0.28,1.82,AMAT
2014-02-12 16:00:00-05:00,0.22,0.23,2.74,AMAT
2013-11-14 16:00:00-05:00,0.18,0.19,5.4,AMAT
2013-08-15 16:00:00-04:00,0.2,0.18,-8.14,AMAT
2013-05-16 16:00:00-04:00,0.13,0.16,21.64,AMAT
2013-02-13 16:00:00-05:00,0.03,0.06,83.77,AMAT
2012-12-05 18:00:00-05:00,0.03,0.06,79.59,AMAT
2012-08-15 16:00:00-04:00,0.22,0.24,10.13,AMAT
2012-05-17 16:00:00-04:00,0.24,0.27,12.05,AMAT
2012-02-16 16:00:00-05:00,0.12,0.18,54.25,AMAT
2011-11-16 16:00:00-05:00,0.19,0.21,7.75,AMAT
2011-08-24 16:00:00-04:00,0.33,0.35,5.5,AMAT
2011-05-24 16:00:00-04:00,0.37,0.38,3.14,AMAT
2011-02-24 16:00:00-05:00,0.33,0.36,10.5,AMAT
2010-11-17 16:00:00-05:00,0.31,0.36,17.29,AMAT
2010-08-18 16:00:00-04:00,0.25,0.29,14.67,AMAT
2010-05-19 16:00:00-04:00,0.21,0.22,5.12,AMAT
2010-02-17 16:00:00-05:00,0.13,0.13,-2.61,AMAT
2009-11-11 16:00:00-05:00,0.03,0.11,273.64,AMAT
2009-08-11 16:00:00-04:00,-0.08,-0.03,63.79,AMAT
2009-05-12 16:00:00-04:00,-0.1,-0.12,-16.82,AMAT
2009-02-10 16:00:00-05:00,,-0.02,-1043.4,AMAT
2008-11-12 16:00:00-05:00,0.14,0.18,25.98,AMAT
2008-08-12 16:00:00-04:00,0.14,0.14,1.26,AMAT
2008-05-13 16:00:00-04:00,0.22,0.24,11.63,AMAT
2008-02-12 16:00:00-05:00,0.2,0.23,14.01,AMAT
2007-11-14 16:00:00-05:00,0.29,0.31,7.67,AMAT
2007-08-14 16:00:00-04:00,0.32,0.34,7.02,AMAT
2007-05-15 16:00:00-04:00,0.28,0.34,21.43,AMAT
2007-02-13 16:00:00-05:00,0.27,0.27,0.26,AMAT
2006-11-15 16:00:00-05:00,0.31,0.3,-3.44,AMAT
2006-08-15 04:00:00-04:00,0.3,0.33,10.85,AMAT
2006-05-16 16:00:00-04:00,0.23,0.26,12.07,AMAT
2006-02-15 16:00:00-05:00,0.17,0.19,11.76,AMAT
2005-11-16 16:00:00-05:00,0.14,0.15,5.78,AMAT
2005-08-16 16:00:00-04:00,0.14,0.15,7.89,AMAT
2005-05-17 16:00:00-04:00,0.17,0.18,5.99,AMAT
2005-02-15 16:00:00-05:00,0.16,0.17,9.43,AMAT
2004-11-17 16:00:00-05:00,0.26,0.27,4.29,AMAT
2004-08-17 16:00:00-04:00,0.25,0.26,5.67,AMAT
2004-05-18 16:00:00-04:00,0.19,0.22,16.51,AMAT
2004-02-18 16:00:00-05:00,0.08,0.12,47.69,AMAT
2003-11-12 16:00:00-05:00,0.05,0.06,13.29,AMAT
2003-08-12 16:00:00-04:00,0.04,0.05,37.93,AMAT
2003-05-13 16:00:00-04:00,0.02,0.03,84.62,AMAT
2003-02-11 16:00:00-05:00,0.02,,-100.0,AMAT
2002-11-13 16:00:00-05:00,0.08,0.09,15.71,AMAT
2002-08-13 16:00:00-04:00,0.06,0.07,21.15,AMAT
2002-05-14 16:00:00-04:00,0.02,0.03,23.41,AMAT
2002-02-12 16:00:00-05:00,,0.01,513.22,AMAT
2026-12-01 15:00:00-05:00,0.31,,,AMBA
2026-09-03 16:00:00-04:00,0.17,0.18,5.34,AMBA
2026-05-28 16:00:00-04:00,0.1,0.11,5.42,AMBA
2026-02-26 16:00:00-05:00,0.1,0.13,26.67,AMBA
2025-11-25 16:00:00-05:00,0.21,0.27,29.6,AMBA
2025-08-28 16:00:00-04:00,0.05,0.15,177.06,AMBA
2025-05-29 16:00:00-04:00,0.04,0.07,83.1,AMBA
2025-02-26 16:00:00-05:00,-0.02,0.11,651.38,AMBA
2024-11-26 16:00:00-05:00,0.04,0.11,214.2,AMBA
2024-08-27 16:00:00-04:00,-0.19,-0.13,32.45,AMBA
2024-05-30 16:00:00-04:00,-0.31,-0.26,16.93,AMBA
2024-02-27 16:00:00-05:00,-0.33,-0.24,26.86,AMBA
2023-11-30 16:00:00-05:00,-0.39,-0.28,28.28,AMBA
2023-08-29 16:00:00-04:00,-0.18,-0.15,18.85,AMBA
2023-05-30 16:00:00-04:00,-0.21,-0.15,27.27,AMBA
2023-02-28 16:00:00-05:00,0.15,0.23,54.92,AMBA
2022-12-01 16:00:00-05:00,0.2,0.24,20.85,AMBA
2022-08-30 16:00:00-04:00,0.19,0.2,3.23,AMBA
2022-05-31 16:00:00-04:00,0.37,0.44,19.52,AMBA
2022-02-28 16:00:00-05:00,0.42,0.45,6.25,AMBA
2021-11-30 16:00:00-05:00,0.49,0.57,16.62,AMBA
2021-08-31 16:00:00-04:00,0.25,0.35,41.41,AMBA
2021-06-01 16:00:00-04:00,0.17,0.23,32.86,AMBA
2021-03-02 16:00:00-05:00,0.08,0.14,74.48,AMBA
2020-11-23 16:00:00-05:00,0.05,0.09,67.22,AMBA
2020-09-01 20:00:00-04:00,-0.02,0.06,343.7,AMBA
2020-06-02 16:00:00-04:00,-0.01,0.04,433.33,AMBA
2020-03-03 16:00:00-05:00,0.11,0.14,22.22,AMBA
2019-11-25 16:00:00-05:00,0.21,0.32,55.76,AMBA
2019-08-29 16:00:00-04:00,0.02,0.21,755.4,AMBA
2019-06-04 16:00:00-04:00,-0.06,0.01,117.74,AMBA
2019-03-05 16:00:00-05:00,0.04,0.14,257.42,AMBA
2018-11-29 16:00:00-05:00,0.09,0.21,129.08,AMBA
2018-08-30 16:00:00-04:00,0.13,0.25,90.68,AMBA
2018-06-05 16:00:00-04:00,0.09,0.13,49.43,AMBA
2018-03-01 16:00:00-05:00,0.37,0.45,21.62,AMBA
2017-11-30 16:00:00-05:00,0.67,0.75,12.78,AMBA
2017-08-31 16:00:00-04:00,0.44,0.48,9.32,AMBA
2017-06-06 16:00:00-04:00,0.36,0.39,8.06,AMBA
2017-02-28 16:00:00-05:00,0.75,0.92,23.21,AMBA
2016-12-01 16:00:00-05:00,0.94,1.11,17.96,AMBA
2016-09-01 16:00:00-04:00,0.38,0.54,43.79,AMBA
2016-06-02 16:00:00-04:00,0.28,0.34,22.62,AMBA
2016-03-03 16:00:00-05:00,0.45,0.64,40.8,AMBA
2015-12-03 16:00:00-05:00,0.86,1.08,25.44,AMBA
2015-09-01 16:00:00-04:00,0.81,0.88,9.32,AMBA
2015-06-02 16:00:00-04:00,0.58,0.71,21.65,AMBA
2015-03-03 16:00:00-05:00,0.49,0.68,37.91,AMBA
2014-12-04 16:00:00-05:00,0.54,0.68,25.0,AMBA
2014-09-04 16:00:00-04:00,0.28,0.37,32.67,AMBA
2014-06-03 16:00:00-04:00,0.21,0.25,17.65,AMBA
2014-03-06 16:00:00-05:00,0.19,0.26,36.84,AMBA
2013-12-05 15:00:00-05:00,0.29,0.37,27.59,AMBA
2013-09-05 16:00:00-04:00,0.19,0.26,35.06,AMBA
2013-06-04 16:00:00-04:00,0.13,0.21,55.84,AMBA
2013-03-07 16:00:00-05:00,0.13,0.18,38.46,AMBA
2012-12-05 16:00:00-05:00,0.25,0.31,24.0,AMBA
2026-10-20 08:00:00-04:00,0.02,,,AMC
2026-07-20 06:00:00-04:00,0.03,0.14,366.67,AMC
2026-05-05 16:00:00-04:00,-0.34,-0.36,-6.93,AMC
2026-02-23 07:00:00-05:00,-0.25,-0.18,28.0,AMC
2025-11-05 16:00:00-05:00,-0.21,-0.21,,AMC
2025-08-11 06:00:00-04:00,-0.08,,100.0,AMC
2025-05-07 16:00:00-04:00,-0.61,-0.58,4.4,AMC
2025-02-25 16:00:00-05:00,-0.16,-0.18,-10.21,AMC
2024-11-06 16:00:00-05:00,-0.07,-0.04,42.86,AMC
2024-08-02 16:00:00-04:00,-0.36,-0.43,-18.62,AMC
2024-05-08 16:00:00-04:00,-0.77,-0.62,19.58,AMC
2024-02-28 16:00:00-05:00,-0.65,-0.54,17.35,AMC
2023-11-08 16:00:00-05:00,-0.25,-0.09,64.47,AMC
2023-08-08 06:00:00-04:00,-0.37,0.09,123.53,AMC
2023-05-05 08:00:00-04:00,-1.57,-1.5,4.23,AMC
2023-02-28 16:00:00-05:00,-1.92,-1.24,35.63,AMC
2022-11-08 17:00:00-05:00,-2.16,-1.76,18.37,AMC
2022-08-04 16:00:00-04:00,-2.01,-1.76,12.37,AMC
2022-05-09 16:00:00-04:00,-5.9,-5.74,2.85,AMC
2022-03-01 17:00:00-05:00,-2.23,-0.97,56.55,AMC
2021-11-08 17:00:00-05:00,-4.8,-3.88,19.13,AMC
2021-08-09 16:00:00-04:00,-8.43,-6.26,25.66,AMC
2021-05-06 16:00:00-04:00,-12.56,-12.53,0.21,AMC
2021-03-10 16:00:00-05:00,-27.53,-27.79,-0.98,AMC
2020-11-02 16:00:00-05:00,-41.58,-50.29,-20.96,AMC
2020-08-06 17:00:00-04:00,-37.04,-47.32,-27.73,AMC
2020-06-09 17:00:00-04:00,-59.56,-27.44,53.93,AMC
2020-02-27 16:00:00-05:00,0.84,3.09,268.12,AMC
2019-11-07 06:00:00-05:00,-3.54,-4.68,-32.19,AMC
2019-08-08 06:00:00-04:00,1.59,1.5,-5.86,AMC
2019-05-09 06:00:00-04:00,-4.64,-11.03,-137.94,AMC
2019-02-28 16:00:00-05:00,1.88,3.79,101.56,AMC
2018-11-08 16:00:00-05:00,-4.29,-7.24,-68.72,AMC
2018-08-01 07:00:00-04:00,0.99,1.5,51.48,AMC
2018-05-07 16:00:00-04:00,0.4,1.24,211.12,AMC
2018-03-01 07:00:00-05:00,2.39,2.29,-3.97,AMC
2017-11-06 16:00:00-05:00,-3.18,-2.91,8.56,AMC
2017-08-04 08:00:00-04:00,-11.88,-11.91,-0.26,AMC
2017-05-08 16:00:00-04:00,2.03,0.62,-69.59,AMC
2017-02-28 16:00:00-05:00,2.82,2.91,3.36,AMC
2016-11-07 16:00:00-05:00,2.6,2.74,5.34,AMC
2016-08-01 06:00:00-04:00,2.25,2.12,-5.77,AMC
2016-04-29 06:00:00-04:00,1.77,2.56,44.59,AMC
2016-02-29 06:00:00-05:00,3.49,3.79,8.75,AMC
2015-11-02 16:00:00-05:00,1.42,1.06,-25.66,AMC
2015-07-29 16:00:00-04:00,4.04,3.97,-1.79,AMC
2015-04-29 16:00:00-04:00,0.59,0.53,-9.88,AMC
2015-02-17 16:00:00-05:00,1.82,2.9,59.63,AMC
2014-10-28 16:00:00-04:00,0.55,0.71,28.99,AMC
2014-07-30 16:00:00-04:00,2.56,2.82,10.3,AMC
2014-04-29 16:00:00-04:00,0.21,-0.44,-309.04,AMC
2014-02-25 16:00:00-05:00,1.6,1.94,20.99,AMC
2026-11-03 15:00:00-05:00,1.93,,,AMD
2026-08-04 16:00:00-04:00,1.61,1.66,3.21,AMD
2026-05-05 16:00:00-04:00,1.29,1.37,5.82,AMD
2026-02-03 16:00:00-05:00,1.32,1.53,15.98,AMD
2025-11-04 16:00:00-05:00,1.17,1.2,2.48,AMD
2025-08-05 16:00:00-04:00,0.48,0.48,-0.55,AMD
2025-05-06 16:00:00-04:00,0.93,0.96,2.83,AMD
2025-02-04 16:00:00-05:00,1.09,1.09,0.36,AMD
2024-10-29 16:00:00-04:00,0.92,0.92,0.46,AMD
2024-07-30 16:00:00-04:00,0.68,0.69,1.26,AMD
2024-04-30 16:00:00-04:00,0.61,0.62,2.04,AMD
2024-01-30 16:00:00-05:00,0.77,0.77,-0.01,AMD
2023-10-31 16:00:00-04:00,0.68,0.7,3.59,AMD
2023-08-01 16:00:00-04:00,0.57,0.58,1.05,AMD
2023-05-02 16:00:00-04:00,0.56,0.6,6.5,AMD
2023-01-31 16:00:00-05:00,0.67,0.69,2.51,AMD
2022-11-01 16:00:00-04:00,0.7,0.67,-4.83,AMD
2022-08-02 16:00:00-04:00,1.04,1.05,1.37,AMD
2022-05-03 16:00:00-04:00,0.92,1.13,22.23,AMD
2022-02-01 16:00:00-05:00,0.76,0.92,21.38,AMD
2021-10-26 16:00:00-04:00,0.66,0.73,10.04,AMD
2021-07-27 16:00:00-04:00,0.54,0.63,16.95,AMD
2021-04-27 16:00:00-04:00,0.44,0.52,18.31,AMD
2021-01-26 16:00:00-05:00,0.48,0.52,9.46,AMD
2020-10-27 06:00:00-04:00,0.36,0.41,15.49,AMD
2020-07-28 16:00:00-04:00,0.17,0.18,8.78,AMD
2020-04-28 17:00:00-04:00,0.18,0.18,-2.32,AMD
2020-01-28 16:00:00-05:00,0.31,0.32,4.6,AMD
2019-10-29 16:00:00-04:00,0.18,0.18,-2.29,AMD
2019-07-30 16:00:00-04:00,0.08,0.08,2.3,AMD
2019-04-30 16:00:00-04:00,0.06,0.06,5.54,AMD
2019-01-29 16:00:00-05:00,0.08,0.08,-5.44,AMD
2018-10-24 16:00:00-04:00,0.12,0.13,4.57,AMD
2018-07-25 16:00:00-04:00,0.13,0.14,10.31,AMD
2018-04-25 16:00:00-04:00,0.09,0.11,25.67,AMD
2018-01-30 16:00:00-05:00,0.05,0.08,62.73,AMD
2017-10-24 16:00:00-04:00,0.08,0.1,32.56,AMD
2017-07-25 16:00:00-04:00,,0.02,7900.0,AMD
2017-05-01 16:00:00-04:00,-0.04,-0.04,2.46,AMD
2017-01-31 16:00:00-05:00,-0.02,-0.01,39.28,AMD
2016-10-20 16:00:00-04:00,,0.03,855.41,AMD
2016-07-21 16:00:00-04:00,-0.09,-0.05,41.55,AMD
2016-04-21 16:00:00-04:00,-0.13,-0.12,5.19,AMD
2016-01-19 16:00:00-05:00,-0.1,-0.1,1.27,AMD
2015-10-15 16:00:00-04:00,-0.12,-0.17,-45.26,AMD
2015-07-16 16:00:00-04:00,-0.16,-0.17,-3.11,AMD
2015-04-16 16:00:00-04:00,-0.06,-0.09,-44.14,AMD
2015-01-20 16:00:00-05:00,0.01,,-100.0,AMD
2014-10-16 16:00:00-04:00,0.04,0.03,-27.95,AMD
2014-07-17 16:00:00-04:00,0.03,0.02,-28.95,AMD
2014-04-17 16:00:00-04:00,0.01,0.02,271.75,AMD
2014-01-21 16:00:00-05:00,0.06,0.06,5.93,AMD
2013-10-17 16:00:00-04:00,0.02,0.04,80.75,AMD
2013-07-18 16:00:00-04:00,-0.12,-0.09,27.54,AMD
2013-04-18 16:00:00-04:00,-0.17,-0.13,25.07,AMD
2013-01-22 16:00:00-05:00,-0.21,-0.14,32.92,AMD
2012-10-18 16:00:00-04:00,-0.16,-0.2,-26.27,AMD
2012-07-19 16:00:00-04:00,0.07,0.06,-14.38,AMD
2012-04-19 16:00:00-04:00,0.09,0.12,28.63,AMD
2012-01-24 16:00:00-05:00,0.16,0.19,17.86,AMD
2011-10-27 16:00:00-04:00,0.1,0.15,47.16,AMD
2011-07-21 16:00:00-04:00,0.08,0.09,12.78,AMD
2011-04-21 16:00:00-04:00,0.05,0.08,58.57,AMD
2011-01-20 16:00:00-05:00,0.11,0.14,33.33,AMD
2010-10-14 16:00:00-04:00,0.08,0.15,93.97,AMD
2010-07-15 16:00:00-04:00,0.06,0.11,79.59,AMD
2010-04-15 15:00:00-04:00,-0.07,0.06,181.25,AMD
2010-01-21 16:00:00-05:00,-0.05,-0.08,-58.42,AMD
2009-10-15 16:00:00-04:00,-0.45,-0.18,60.26,AMD
2009-07-21 16:00:00-04:00,-0.51,-0.62,-20.73,AMD
2009-04-21 16:00:00-04:00,-0.63,-0.62,1.65,AMD
2009-01-22 16:00:00-05:00,-0.56,-0.69,-22.33,AMD
2008-10-16 16:00:00-04:00,-0.39,-0.18,53.28,AMD
2008-07-17 16:00:00-04:00,-0.52,-0.6,-15.92,AMD
2008-04-17 16:00:00-04:00,-0.47,-0.51,-7.67,AMD
2008-01-17 16:00:00-05:00,-0.33,-0.17,47.73,AMD
2007-10-18 16:00:00-04:00,-0.61,-0.49,19.95,AMD
2007-07-19 16:00:00-04:00,-0.79,-0.92,-16.38,AMD
2007-04-19 16:00:00-04:00,-0.43,-0.9,-108.74,AMD
2007-01-23 16:00:00-05:00,0.12,-0.04,-132.97,AMD
2006-10-18 16:00:00-04:00,0.23,0.23,-1.85,AMD
2006-07-20 16:00:00-04:00,0.2,0.18,-10.0,AMD
2006-04-12 16:00:00-04:00,0.3,0.42,42.37,AMD
2006-01-18 16:00:00-05:00,0.26,0.45,73.27,AMD
2005-10-11 16:00:00-04:00,0.08,0.18,119.24,AMD
2005-07-13 16:00:00-04:00,-0.05,0.03,156.13,AMD
2005-04-13 16:00:00-04:00,0.02,-0.04,-314.48,AMD
2005-01-18 16:00:00-05:00,0.07,0.05,-32.8,AMD
2004-10-07 16:00:00-04:00,0.12,0.12,-3.27,AMD
2004-07-14 16:00:00-04:00,0.09,0.09,-2.76,AMD
2004-04-14 16:00:00-04:00,0.03,0.12,251.8,AMD
2004-01-20 16:00:00-05:00,0.04,0.09,134.38,AMD
2003-10-16 16:00:00-04:00,-0.36,-0.11,69.68,AMD
2003-07-16 16:00:00-04:00,-0.55,-0.4,26.67,AMD
2003-04-16 16:00:00-04:00,-0.49,-0.42,13.92,AMD
2003-01-16 16:00:00-05:00,-0.43,-0.68,-59.73,AMD
2002-10-16 16:00:00-04:00,-0.67,-0.74,-10.89,AMD
2002-07-17 17:00:00-04:00,-0.44,-0.54,-22.73,AMD
2002-04-17 17:00:00-04:00,-0.06,-0.03,48.94,AMD
2002-01-16 17:00:00-05:00,-0.18,-0.05,71.63,AMD
2026-11-03 15:00:00-05:00,5.79,,,AMGN
2026-08-04 16:00:00-04:00,5.62,6.29,11.97,AMGN
2026-04-30 16:00:00-04:00,4.77,5.15,8.04,AMGN
2026-02-03 16:00:00-05:00,4.73,5.29,11.94,AMGN
2025-11-04 16:00:00-05:00,5.01,5.64,12.47,AMGN
2025-08-05 16:00:00-04:00,5.28,6.02,14.08,AMGN
2025-05-01 16:00:00-04:00,4.26,4.9,15.01,AMGN
2025-02-04 16:00:00-05:00,5.08,5.31,4.63,AMGN
2024-10-30 16:00:00-04:00,5.11,5.58,9.29,AMGN
2024-08-06 16:00:00-04:00,5.0,4.97,-0.62,AMGN
2024-05-02 16:00:00-04:00,3.89,3.96,1.83,AMGN
2024-02-06 16:00:00-05:00,4.59,4.71,2.58,AMGN
2023-10-31 07:00:00-04:00,4.68,4.96,5.9,AMGN
2023-08-03 16:00:00-04:00,4.49,5.0,11.27,AMGN
2023-04-27 16:00:00-04:00,3.85,3.98,3.27,AMGN
2023-01-31 16:00:00-05:00,4.09,4.09,-0.03,AMGN
2022-11-03 16:00:00-04:00,4.45,4.7,5.61,AMGN
2022-08-04 16:00:00-04:00,4.33,4.65,7.28,AMGN
2022-04-27 12:00:00-04:00,4.12,4.25,3.12,AMGN
2022-02-07 16:00:00-05:00,4.04,4.36,8.03,AMGN
2021-11-02 16:00:00-04:00,4.22,4.67,10.65,AMGN
2021-08-03 16:00:00-04:00,4.01,4.38,9.2,AMGN
2021-04-27 16:00:00-04:00,4.04,3.7,-8.46,AMGN
2021-02-02 16:00:00-05:00,3.35,3.81,13.85,AMGN
2020-10-28 16:00:00-04:00,3.75,4.37,16.41,AMGN
2020-07-28 16:00:00-04:00,3.77,4.25,12.79,AMGN
2020-04-30 17:00:00-04:00,3.75,4.17,11.25,AMGN
2020-01-30 16:00:00-05:00,3.42,3.64,6.52,AMGN
2019-10-29 16:00:00-04:00,3.53,3.66,3.57,AMGN
2019-07-30 16:00:00-04:00,3.58,3.97,10.83,AMGN
2019-04-30 16:00:00-04:00,3.48,3.56,2.33,AMGN
2019-01-29 16:00:00-05:00,3.27,3.42,4.48,AMGN
2018-10-30 16:00:00-04:00,3.45,3.69,6.82,AMGN
2018-07-26 16:00:00-04:00,3.56,3.83,7.72,AMGN
2018-04-24 16:00:00-04:00,3.25,3.47,6.92,AMGN
2018-02-01 16:00:00-05:00,3.03,2.89,-4.71,AMGN
2017-10-25 16:00:00-04:00,3.1,3.27,5.33,AMGN
2017-07-25 16:00:00-04:00,3.11,3.27,5.22,AMGN
2017-04-26 16:00:00-04:00,3.01,3.15,4.76,AMGN
2017-02-02 16:00:00-05:00,2.79,2.89,3.69,AMGN
2016-10-27 16:00:00-04:00,2.8,3.02,8.01,AMGN
2016-07-27 16:00:00-04:00,2.74,2.84,3.67,AMGN
2016-04-28 16:00:00-04:00,2.61,2.9,11.28,AMGN
2016-01-28 16:00:00-05:00,2.28,2.61,14.26,AMGN
2015-10-28 16:00:00-04:00,2.37,2.72,14.77,AMGN
2015-07-30 16:00:00-04:00,2.42,2.57,6.01,AMGN
2015-04-21 16:00:00-04:00,2.11,2.48,17.65,AMGN
2015-01-27 16:00:00-05:00,2.05,2.16,5.36,AMGN
2014-10-27 16:00:00-04:00,2.12,2.3,8.67,AMGN
2014-07-29 16:00:00-04:00,2.07,2.37,14.72,AMGN
2014-04-22 16:00:00-04:00,1.94,1.87,-3.65,AMGN
2014-01-28 16:00:00-05:00,1.68,1.82,8.28,AMGN
2013-10-22 16:00:00-04:00,1.79,1.94,8.63,AMGN
2013-07-30 16:00:00-04:00,1.74,1.89,8.57,AMGN
2013-04-23 16:00:00-04:00,1.84,1.96,6.54,AMGN
2013-01-23 16:00:00-05:00,1.44,1.4,-2.68,AMGN
2012-10-23 16:00:00-04:00,1.47,1.67,13.61,AMGN
2012-07-26 16:00:00-04:00,1.55,1.83,18.38,AMGN
2012-04-24 16:00:00-04:00,1.45,1.61,11.0,AMGN
2012-01-26 16:00:00-05:00,1.22,1.21,-0.65,AMGN
2011-10-24 16:00:00-04:00,1.3,1.4,7.78,AMGN
2011-07-29 08:00:00-04:00,1.29,1.37,6.55,AMGN
2011-04-20 16:00:00-04:00,1.29,1.34,3.97,AMGN
2011-01-24 16:00:00-05:00,1.1,1.17,6.39,AMGN
2010-10-25 16:00:00-04:00,1.27,1.36,6.99,AMGN
2010-07-29 16:00:00-04:00,1.3,1.38,6.21,AMGN
2010-04-21 15:00:00-04:00,1.24,1.3,5.05,AMGN
2010-01-25 16:00:00-05:00,1.11,1.05,-5.21,AMGN
2009-10-21 16:00:00-04:00,1.27,1.49,17.64,AMGN
2009-07-27 16:00:00-04:00,1.17,1.29,10.66,AMGN
2009-04-23 16:00:00-04:00,1.14,1.08,-5.45,AMGN
2009-01-26 16:00:00-05:00,1.05,1.06,0.72,AMGN
2008-10-22 16:00:00-04:00,1.08,1.23,13.38,AMGN
2008-07-28 06:00:00-04:00,1.03,1.14,11.0,AMGN
2008-04-24 16:00:00-04:00,1.04,1.12,7.28,AMGN
2008-01-24 16:00:00-05:00,0.97,1.0,3.31,AMGN
2007-10-24 16:00:00-04:00,1.03,1.08,5.08,AMGN
2007-07-26 16:00:00-04:00,1.06,1.12,5.58,AMGN
2007-04-23 18:00:00-04:00,1.08,1.08,0.04,AMGN
2007-01-25 16:00:00-05:00,0.94,0.9,-4.17,AMGN
2006-10-23 16:00:00-04:00,0.98,1.04,6.34,AMGN
2006-07-20 16:00:00-04:00,0.94,1.05,11.94,AMGN
2006-04-18 16:00:00-04:00,0.88,0.91,3.29,AMGN
2006-01-26 07:00:00-05:00,0.75,0.75,,AMGN
2005-10-19 16:00:00-04:00,0.82,0.85,3.41,AMGN
2005-07-19 16:00:00-04:00,0.72,0.88,21.88,AMGN
2005-04-21 16:00:00-04:00,0.67,0.72,7.3,AMGN
2005-01-27 07:00:00-05:00,0.61,0.58,-5.38,AMGN
2004-10-20 16:00:00-04:00,0.62,0.64,2.89,AMGN
2004-07-22 16:00:00-04:00,0.6,0.62,4.2,AMGN
2004-04-22 16:00:00-04:00,0.55,0.57,3.22,AMGN
2004-01-22 16:00:00-05:00,0.48,0.46,-3.57,AMGN
2003-10-21 16:00:00-04:00,0.51,0.53,4.12,AMGN
2003-07-22 16:00:00-04:00,0.46,0.49,6.98,AMGN
2003-04-22 16:00:00-04:00,0.39,0.42,6.82,AMGN
2003-01-23 16:00:00-05:00,0.35,0.35,-0.87,AMGN
2002-10-23 16:00:00-04:00,0.32,0.34,7.67,AMGN
2002-07-24 16:00:00-04:00,0.34,0.38,10.47,AMGN
2002-07-24 16:00:00-04:00,0.28,0.3,6.38,AMGN
2002-04-25 16:00:00-04:00,0.32,0.32,1.27,AMGN
2026-10-29 16:00:00-04:00,1.95,,,AMZN
2026-07-30 16:00:00-04:00,1.83,5.75,214.89,AMZN
2026-04-29 16:00:00-04:00,1.65,2.78,68.18,AMZN
2026-02-05 16:00:00-05:00,1.95,1.95,0.22,AMZN
2025-10-30 16:00:00-04:00,1.56,1.95,25.2,AMZN
2025-07-31 16:00:00-04:00,1.32,1.68,27.19,AMZN
2025-05-01 16:00:00-04:00,1.36,1.59,16.77,AMZN
2025-02-06 16:00:00-05:00,1.48,1.86,25.29,AMZN
2024-10-31 16:00:00-04:00,1.14,1.43,25.22,AMZN
2024-08-01 12:00:00-04:00,1.02,1.26,23.76,AMZN
2024-04-30 16:00:00-04:00,0.83,0.98,17.67,AMZN
2024-02-01 16:00:00-05:00,0.8,1.0,24.38,AMZN
2023-10-26 16:00:00-04:00,0.58,0.94,62.22,AMZN
2023-08-03 16:00:00-04:00,0.34,0.65,91.19,AMZN
2023-04-27 16:00:00-04:00,0.21,0.31,44.29,AMZN
2023-02-02 16:00:00-05:00,0.17,0.03,-82.2,AMZN
2022-10-27 16:00:00-04:00,0.21,0.28,35.53,AMZN
2022-07-28 16:00:00-04:00,0.12,-0.2,-273.3,AMZN
2022-04-28 16:00:00-04:00,0.42,-0.38,-190.58,AMZN
2022-02-03 16:00:00-05:00,0.18,1.39,657.12,AMZN
2021-10-28 16:00:00-04:00,0.44,0.31,-31.21,AMZN
2021-07-29 16:00:00-04:00,0.61,0.76,23.06,AMZN
2021-04-29 16:00:00-04:00,0.47,0.79,67.3,AMZN
2021-02-02 16:00:00-05:00,0.35,0.7,100.1,AMZN
2020-10-29 16:00:00-04:00,0.38,0.62,64.25,AMZN
2020-07-30 16:00:00-04:00,0.08,0.52,582.21,AMZN
2020-04-30 17:00:00-04:00,0.31,0.25,-19.8,AMZN
2020-01-30 16:00:00-05:00,0.2,0.32,62.82,AMZN
2019-10-24 16:00:00-04:00,0.22,0.21,-5.79,AMZN
2019-07-25 16:00:00-04:00,0.28,0.26,-5.83,AMZN
2019-04-25 16:00:00-04:00,0.23,0.35,51.64,AMZN
2019-01-31 16:00:00-05:00,0.28,0.3,9.54,AMZN
2018-10-25 16:00:00-04:00,0.15,0.29,86.22,AMZN
2018-07-26 16:00:00-04:00,0.13,0.25,99.34,AMZN
2018-04-26 16:00:00-04:00,0.06,0.16,165.81,AMZN
2018-02-01 16:00:00-05:00,0.09,0.11,16.43,AMZN
2017-10-26 16:00:00-04:00,,0.03,3900.0,AMZN
2017-07-27 16:00:00-04:00,0.07,0.02,-71.37,AMZN
2017-04-27 16:00:00-04:00,0.06,0.07,34.3,AMZN
2017-02-02 16:00:00-05:00,0.07,0.08,9.7,AMZN
2016-10-27 16:00:00-04:00,0.04,0.03,-35.74,AMZN
2016-07-28 16:00:00-04:00,0.05,0.09,63.72,AMZN
2016-04-28 16:00:00-04:00,0.03,0.05,76.92,AMZN
2016-01-28 16:00:00-05:00,0.08,0.05,-37.27,AMZN
2015-10-22 16:00:00-04:00,-0.01,0.01,231.17,AMZN
2015-07-23 16:00:00-04:00,-0.01,0.01,240.32,AMZN
2015-04-23 16:00:00-04:00,-0.01,-0.01,-12.15,AMZN
2015-01-29 16:00:00-05:00,0.01,0.02,152.53,AMZN
2014-10-23 16:00:00-04:00,-0.04,-0.05,-23.73,AMZN
2014-07-24 16:00:00-04:00,-0.01,-0.01,-83.42,AMZN
2014-04-24 16:00:00-04:00,0.01,0.01,-2.87,AMZN
2014-01-30 16:00:00-05:00,0.03,0.03,-26.41,AMZN
2013-10-24 16:00:00-04:00,,,-15.09,AMZN
2013-07-25 16:00:00-04:00,,,-154.05,AMZN
2013-04-25 16:00:00-04:00,,0.01,104.55,AMZN
2013-01-29 16:00:00-05:00,0.01,0.01,-21.05,AMZN
2012-10-25 16:00:00-04:00,,-0.03,-777.19,AMZN
2012-07-26 16:00:00-04:00,,,-39.76,AMZN
2012-04-26 16:00:00-04:00,,0.01,333.44,AMZN
2012-01-31 16:00:00-05:00,0.01,0.02,105.85,AMZN
2011-10-25 16:00:00-04:00,0.01,0.01,-44.22,AMZN
2011-07-26 16:00:00-04:00,0.02,0.02,21.52,AMZN
2011-04-26 16:00:00-04:00,0.03,0.02,-28.25,AMZN
2011-01-27 16:00:00-05:00,0.04,0.05,2.64,AMZN
2010-10-21 16:00:00-04:00,0.02,0.03,5.85,AMZN
2010-07-22 16:00:00-04:00,0.03,0.02,-14.97,AMZN
2010-04-22 16:00:00-04:00,0.03,0.03,10.89,AMZN
2010-01-28 16:00:00-05:00,0.04,0.04,19.38,AMZN
2009-10-22 16:00:00-04:00,0.02,0.02,37.03,AMZN
2009-07-23 16:00:00-04:00,0.02,0.02,4.1,AMZN
2009-04-23 16:00:00-04:00,0.02,0.02,34.51,AMZN
2009-01-29 16:00:00-05:00,0.02,0.03,30.52,AMZN
2008-10-22 16:00:00-04:00,0.01,0.01,3.85,AMZN
2008-07-23 16:00:00-04:00,0.01,0.02,42.86,AMZN
2008-04-23 16:00:00-04:00,0.02,0.02,4.94,AMZN
2008-01-30 16:00:00-05:00,0.02,0.02,1.31,AMZN
2007-10-23 16:00:00-04:00,0.01,0.01,3.6,AMZN
2007-07-24 16:00:00-04:00,0.01,0.01,19.8,AMZN
2007-04-24 16:00:00-04:00,0.01,0.01,66.67,AMZN
2007-02-01 16:00:00-05:00,0.01,0.01,16.75,AMZN
2006-10-24 16:00:00-04:00,,,96.85,AMZN
2006-07-25 16:00:00-04:00,,,3.55,AMZN
2006-04-25 16:00:00-04:00,0.01,0.01,2.39,AMZN
2006-02-02 16:00:00-05:00,0.01,0.01,1.12,AMZN
2005-10-25 16:00:00-04:00,0.01,0.01,2.56,AMZN
2005-07-26 16:00:00-04:00,,0.01,45.99,AMZN
2005-04-26 16:00:00-04:00,0.01,0.01,12.46,AMZN
2005-02-02 16:00:00-05:00,0.02,0.02,-12.94,AMZN
2004-10-21 16:00:00-04:00,0.01,0.01,-2.3,AMZN
2004-07-22 16:00:00-04:00,0.01,0.01,-4.96,AMZN
2004-04-22 16:00:00-04:00,0.01,0.01,16.63,AMZN
2004-01-27 16:00:00-05:00,0.01,0.01,1.9,AMZN
2003-10-21 16:00:00-04:00,,0.01,12.7,AMZN
2003-07-22 16:00:00-04:00,,0.01,64.47,AMZN
2003-04-24 16:00:00-04:00,,0.01,140.38,AMZN
2003-01-23 16:00:00-05:00,0.01,0.01,31.03,AMZN
2002-10-24 16:00:00-04:00,,,100.0,AMZN
2002-07-23 17:00:00-04:00,,,82.27,AMZN
2002-07-23 17:00:00-04:00,-0.01,-0.01,23.3,AMZN
2002-04-23 16:00:00-04:00,-0.01,-0.01,12.94,AMZN
2026-11-03 15:00:00-05:00,1.08,,,ANET
2026-08-04 16:00:00-04:00,0.89,1.02,15.18,ANET
2026-05-05 16:00:00-04:00,0.81,0.87,7.73,ANET
2026-02-12 16:00:00-05:00,0.76,0.82,8.17,ANET
2025-11-04 16:00:00-05:00,0.71,0.75,4.98,ANET
2025-08-05 16:00:00-04:00,0.65,0.73,12.38,ANET
2025-05-06 16:00:00-04:00,0.59,0.65,9.98,ANET
2025-02-18 16:00:00-05:00,0.57,0.65,13.96,ANET
2024-11-07 16:00:00-05:00,0.52,0.6,15.31,ANET
2024-07-30 16:00:00-04:00,0.48,0.53,8.37,ANET
2024-05-07 16:00:00-04:00,0.44,0.5,14.31,ANET
2024-02-12 16:00:00-05:00,0.43,0.52,21.6,ANET
2023-10-30 16:00:00-04:00,0.39,0.46,16.12,ANET
2023-07-31 16:00:00-04:00,0.36,0.4,9.89,ANET
2023-05-01 16:00:00-04:00,0.34,0.36,6.26,ANET
2023-02-13 16:00:00-05:00,0.3,0.35,16.19,ANET
2022-10-31 16:00:00-04:00,0.26,0.31,19.48,ANET
2022-08-01 16:00:00-04:00,0.23,0.27,17.24,ANET
2022-05-02 16:00:00-04:00,0.2,0.21,3.91,ANET
2022-02-14 16:00:00-05:00,0.18,0.21,11.77,ANET
2021-11-01 16:00:00-04:00,0.17,0.19,9.0,ANET
2021-08-02 16:00:00-04:00,0.16,0.17,6.76,ANET
2021-05-04 16:00:00-04:00,0.15,0.16,5.16,ANET
2021-02-18 16:00:00-05:00,0.15,0.16,4.3,ANET
2020-11-02 16:00:00-05:00,0.14,0.15,8.91,ANET
2020-08-04 16:00:00-04:00,0.12,0.13,8.18,ANET
2020-05-05 17:00:00-04:00,0.11,0.13,11.45,ANET
2020-02-13 16:00:00-05:00,0.13,0.14,9.38,ANET
2019-10-31 16:00:00-04:00,0.15,0.17,11.65,ANET
2019-08-01 16:00:00-04:00,0.14,0.15,11.11,ANET
2019-05-02 16:00:00-04:00,0.13,0.14,11.66,ANET
2019-02-14 16:00:00-05:00,0.13,0.14,9.02,ANET
2018-11-01 16:00:00-04:00,0.12,0.13,14.36,ANET
2018-08-02 16:00:00-04:00,0.11,0.12,13.8,ANET
2018-05-03 16:00:00-04:00,0.09,0.1,9.93,ANET
2018-02-15 16:00:00-05:00,0.09,0.11,20.4,ANET
2017-11-02 16:00:00-04:00,0.07,0.1,35.85,ANET
2017-08-03 16:00:00-04:00,0.06,0.08,41.37,ANET
2017-05-04 16:00:00-04:00,0.05,0.06,8.37,ANET
2017-02-16 16:00:00-05:00,0.05,0.07,26.8,ANET
2016-11-03 16:00:00-04:00,0.05,0.05,13.92,ANET
2016-08-04 16:00:00-04:00,0.04,0.05,8.54,ANET
2016-05-05 16:00:00-04:00,0.04,0.04,13.0,ANET
2016-02-18 16:00:00-05:00,0.04,0.05,30.86,ANET
2015-11-05 16:00:00-05:00,0.03,0.04,10.88,ANET
2015-08-06 16:00:00-04:00,0.03,0.03,16.26,ANET
2015-05-14 16:00:00-04:00,0.02,0.03,33.49,ANET
2015-02-19 16:00:00-05:00,0.02,0.03,38.16,ANET
2014-11-06 16:00:00-05:00,0.02,0.03,41.24,ANET
2014-08-07 16:00:00-04:00,0.01,0.02,166.18,ANET
2026-10-28 08:00:00-04:00,0.72,,,APH
2026-07-29 08:00:00-04:00,1.19,1.35,13.19,APH
2026-04-29 08:00:00-04:00,0.95,1.06,11.96,APH
2026-01-28 08:00:00-05:00,0.94,0.97,3.07,APH
2025-10-22 08:00:00-04:00,0.8,0.93,16.48,APH
2025-07-23 08:00:00-04:00,0.67,0.81,21.66,APH
2025-04-23 08:00:00-04:00,0.52,0.63,20.96,APH
2025-01-22 08:00:00-05:00,0.5,0.55,9.23,APH
2024-10-23 08:00:00-04:00,0.45,0.5,10.42,APH
2024-07-24 08:00:00-04:00,0.41,0.44,7.63,APH
2024-04-24 08:00:00-04:00,0.37,0.4,8.87,APH
2024-01-24 08:00:00-05:00,0.38,0.41,7.02,APH
2023-10-25 08:00:00-04:00,0.37,0.39,5.29,APH
2023-07-26 08:00:00-04:00,0.34,0.36,5.86,APH
2023-04-26 08:00:00-04:00,0.34,0.35,2.92,APH
2023-01-25 08:00:00-05:00,0.37,0.39,4.37,APH
2022-10-26 08:00:00-04:00,0.37,0.4,6.73,APH
2022-07-27 08:00:00-04:00,0.17,0.19,11.02,APH
2022-04-27 08:00:00-04:00,0.15,0.17,9.26,APH
2022-01-26 08:00:00-05:00,0.31,0.35,13.31,APH
2021-10-27 08:00:00-04:00,0.31,0.33,3.46,APH
2021-07-28 08:00:00-04:00,0.13,0.15,13.0,APH
2021-04-28 08:00:00-04:00,0.11,0.13,13.48,APH
2021-01-27 08:00:00-05:00,0.26,0.28,10.44,APH
2020-10-21 08:00:00-04:00,0.22,0.27,24.16,APH
2020-07-22 08:00:00-04:00,0.16,0.2,29.71,APH
2020-04-22 08:00:00-04:00,0.18,0.18,-3.66,APH
2020-01-22 08:00:00-05:00,0.23,0.25,7.81,APH
2019-10-23 08:00:00-04:00,0.22,0.24,9.07,APH
2019-07-24 08:00:00-04:00,0.23,0.23,-0.82,APH
2019-04-24 08:00:00-04:00,0.22,0.22,1.12,APH
2019-01-23 08:00:00-05:00,0.24,0.26,8.04,APH
2018-10-24 08:00:00-04:00,0.23,0.25,6.1,APH
2018-07-25 08:00:00-04:00,0.21,0.23,5.69,APH
2018-04-25 08:00:00-04:00,0.2,0.21,3.6,APH
2018-01-24 08:00:00-05:00,0.2,0.22,5.37,APH
2017-10-25 08:00:00-04:00,0.2,0.22,11.31,APH
2017-07-26 08:00:00-04:00,0.18,0.2,12.34,APH
2017-04-26 08:00:00-04:00,0.17,0.18,6.71,APH
2017-01-25 08:00:00-05:00,0.18,0.19,4.22,APH
2016-10-19 08:00:00-04:00,0.09,0.09,6.49,APH
2016-07-20 08:00:00-04:00,0.16,0.16,2.91,APH
2016-04-20 08:00:00-04:00,0.14,0.15,4.24,APH
2016-01-20 08:00:00-05:00,0.07,0.08,7.08,APH
2015-10-21 08:00:00-04:00,0.08,0.08,-0.44,APH
2015-07-22 08:00:00-04:00,0.14,0.14,0.52,APH
2015-04-22 08:00:00-04:00,0.14,0.14,0.99,APH
2015-01-21 08:00:00-05:00,0.07,0.08,6.75,APH
2014-10-22 08:00:00-04:00,0.14,0.14,1.63,APH
2014-07-23 08:00:00-04:00,0.13,0.14,3.69,APH
2014-04-23 08:00:00-04:00,0.12,0.12,3.31,APH
2014-01-22 08:00:00-05:00,0.12,0.13,6.66,APH
2013-10-17 08:00:00-04:00,0.12,0.12,1.52,APH
2013-07-18 08:00:00-04:00,0.12,0.12,0.91,APH
2013-04-18 08:00:00-04:00,0.11,0.11,0.82,APH
2013-01-17 08:00:00-05:00,0.11,0.12,3.69,APH
2012-10-17 08:00:00-04:00,0.11,0.11,1.04,APH
2012-07-18 08:00:00-04:00,0.1,0.11,2.44,APH
2012-04-18 08:00:00-04:00,0.09,0.1,1.52,APH
2012-01-18 08:00:00-05:00,0.09,0.09,3.55,APH
2011-10-19 09:00:00-04:00,0.1,0.1,3.58,APH
2011-07-20 08:00:00-04:00,0.1,0.1,2.48,APH
2011-04-20 08:00:00-04:00,0.09,0.09,0.9,APH
2011-01-19 08:00:00-05:00,0.09,0.09,1.53,APH
2010-10-20 08:00:00-04:00,0.09,0.09,7.15,APH
2010-07-21 08:00:00-04:00,0.08,0.09,10.91,APH
2010-04-20 07:00:00-04:00,0.06,0.07,8.94,APH
2010-01-21 08:00:00-05:00,0.06,0.07,6.23,APH
2009-10-15 08:00:00-04:00,0.05,0.06,8.06,APH
2009-07-16 08:00:00-04:00,0.05,0.05,2.11,APH
2009-04-16 08:00:00-04:00,0.05,0.05,2.4,APH
2009-01-15 08:00:00-05:00,0.06,0.07,11.36,APH
2008-10-16 08:00:00-04:00,0.08,0.08,4.61,APH
2008-07-17 08:00:00-04:00,0.07,0.08,4.45,APH
2008-04-17 08:00:00-04:00,0.06,0.07,4.94,APH
2008-01-17 08:00:00-05:00,0.06,0.07,6.62,APH
2007-10-17 08:00:00-04:00,0.06,0.06,8.7,APH
2007-07-18 08:00:00-04:00,0.06,0.06,-4.99,APH
2007-04-18 07:00:00-04:00,0.07,0.05,-26.9,APH
2007-01-17 07:00:00-05:00,0.03,0.03,2.05,APH
2006-10-18 08:00:00-04:00,0.04,0.05,4.1,APH
2006-07-19 08:00:00-04:00,0.04,0.04,1.84,APH
2006-04-19 08:00:00-04:00,0.04,0.04,6.66,APH
2006-01-18 08:00:00-05:00,0.02,0.02,1.11,APH
2005-10-19 08:00:00-04:00,0.02,0.02,-0.61,APH
2005-07-20 08:00:00-04:00,0.04,0.04,3.01,APH
2005-04-20 09:00:00-04:00,0.03,0.03,3.01,APH
2005-01-19 08:00:00-05:00,0.02,0.02,4.11,APH
2004-10-20 08:00:00-04:00,0.01,0.01,5.23,APH
2004-07-21 09:00:00-04:00,0.03,0.03,7.98,APH
2004-04-21 08:00:00-04:00,0.02,0.03,28.73,APH
2004-01-21 08:00:00-05:00,0.02,0.02,10.83,APH
2003-10-15 08:00:00-04:00,0.02,0.02,4.38,APH
2003-07-16 09:00:00-04:00,0.02,0.02,8.51,APH
2003-04-16 09:00:00-04:00,0.02,0.02,1.87,APH
2003-01-15 09:00:00-05:00,0.02,0.02,0.93,APH
2002-10-16 09:00:00-04:00,0.02,0.02,,APH
2002-10-16 09:00:00-04:00,0.02,0.03,95.87,APH
2002-07-17 10:00:00-04:00,0.01,0.01,4.58,APH
2002-07-17 10:00:00-04:00,0.02,0.03,103.88,APH
2026-11-03 07:00:00-05:00,2.24,,,APO
2026-08-04 06:00:00-04:00,2.16,2.11,-2.21,APO
2026-05-06 06:00:00-04:00,1.88,1.94,2.92,APO
2026-02-09 06:00:00-05:00,2.04,2.47,21.28,APO
2025-11-04 06:00:00-05:00,1.9,2.17,14.21,APO
2025-08-05 06:00:00-04:00,1.84,1.92,4.16,APO
2025-05-02 06:00:00-04:00,1.84,1.82,-1.31,APO
2025-02-04 06:00:00-05:00,1.89,2.22,17.47,APO
2024-11-05 06:00:00-05:00,1.72,1.85,7.3,APO
2024-08-01 06:00:00-04:00,1.75,1.64,-6.44,APO
2024-05-02 06:00:00-04:00,1.78,1.72,-3.33,APO
2024-02-08 06:00:00-05:00,1.72,1.91,10.77,APO
2023-11-01 06:00:00-04:00,1.76,1.71,-2.95,APO
2023-08-03 06:00:00-04:00,1.65,1.7,3.02,APO
2023-05-09 16:00:00-04:00,1.47,1.42,-3.79,APO
2023-02-09 06:00:00-05:00,1.5,1.42,-5.33,APO
2022-11-02 06:00:00-04:00,1.23,1.33,8.36,APO
2022-08-04 06:00:00-04:00,1.02,0.94,-7.9,APO
2022-05-05 06:00:00-04:00,1.04,1.52,46.65,APO
2022-02-11 07:00:00-05:00,1.09,1.05,-3.93,APO
2021-11-02 07:00:00-04:00,1.1,1.71,55.39,APO
2021-08-04 07:00:00-04:00,0.71,1.14,60.13,APO
2021-05-04 07:00:00-04:00,0.58,0.66,13.67,APO
2021-02-03 07:00:00-05:00,0.5,0.72,42.67,APO
2020-10-29 07:00:00-04:00,0.49,0.47,-3.57,APO
2020-07-30 13:00:00-04:00,0.47,0.46,-3.04,APO
2020-05-01 07:00:00-04:00,0.48,0.37,-22.51,APO
2020-01-30 07:00:00-05:00,0.73,1.1,50.91,APO
2019-10-31 07:00:00-04:00,0.58,0.54,-6.7,APO
2019-07-31 07:00:00-04:00,0.57,0.56,-1.36,APO
2019-05-02 07:00:00-04:00,0.64,0.5,-21.88,APO
2019-01-31 07:00:00-05:00,-0.82,-1.01,-23.82,APO
2018-10-31 07:00:00-04:00,0.94,0.83,-11.68,APO
2018-08-02 07:00:00-04:00,0.54,0.27,-50.36,APO
2018-05-03 07:00:00-04:00,-0.21,-0.3,-40.17,APO
2018-02-01 07:00:00-05:00,0.66,1.22,84.13,APO
2017-11-01 07:00:00-04:00,0.59,1.07,80.48,APO
2017-08-02 09:00:00-04:00,0.49,0.46,-7.04,APO
2017-04-28 03:00:00-04:00,0.64,0.82,27.62,APO
2017-02-03 02:00:00-05:00,0.81,0.98,21.3,APO
2016-10-28 07:00:00-04:00,0.46,0.58,25.1,APO
2016-08-03 07:00:00-04:00,0.21,0.98,371.81,APO
2016-05-05 07:00:00-04:00,0.04,-0.18,-521.15,APO
2016-02-03 07:00:00-05:00,0.26,0.08,-69.6,APO
2015-10-28 09:00:00-04:00,-0.11,0.26,337.51,APO
2015-07-29 08:00:00-04:00,0.35,0.38,8.02,APO
2015-05-07 07:00:00-04:00,0.36,0.23,-36.54,APO
2015-02-05 07:00:00-05:00,0.38,0.23,-39.36,APO
2014-10-30 06:00:00-04:00,0.38,0.12,-68.72,APO
2014-08-06 07:00:00-04:00,0.66,0.52,-21.68,APO
2014-05-08 07:00:00-04:00,0.58,0.55,-4.44,APO
2014-02-07 07:00:00-05:00,0.81,1.06,30.14,APO
2013-11-07 07:00:00-05:00,0.94,1.34,42.99,APO
2013-08-08 07:00:00-04:00,0.5,0.5,-0.35,APO
2013-05-06 07:00:00-04:00,1.22,1.89,54.31,APO
2013-02-08 07:00:00-05:00,1.05,1.69,60.83,APO
2012-11-09 07:00:00-05:00,0.74,0.98,32.49,APO
2012-08-02 07:00:00-04:00,-0.11,0.05,144.92,APO
2012-05-08 07:00:00-04:00,0.78,1.1,40.96,APO
2012-02-10 07:00:00-05:00,1.41,0.8,-43.23,APO
2011-11-03 07:00:00-04:00,-0.68,-9.32,-1265.71,APO
2011-08-09 07:00:00-04:00,0.37,1.15,211.1,APO
2011-05-12 09:00:00-04:00,0.78,1.1,40.42,APO
2026-11-04 15:00:00-05:00,4.01,,,APP
2026-08-05 16:00:00-04:00,3.74,3.76,0.43,APP
2026-05-06 16:00:00-04:00,3.64,3.76,3.49,APP
2026-02-11 16:00:00-05:00,3.11,3.48,11.87,APP
2025-11-05 16:00:00-05:00,2.53,2.55,0.64,APP
2025-08-06 16:00:00-04:00,2.32,2.36,1.71,APP
2025-05-07 16:00:00-04:00,1.96,2.38,21.79,APP
2025-02-12 16:00:00-05:00,1.83,2.07,13.29,APP
2024-11-06 16:00:00-05:00,1.23,1.47,19.64,APP
2024-08-07 16:00:00-04:00,1.26,1.17,-7.16,APP
2024-05-08 17:00:00-04:00,1.05,0.92,-12.41,APP
2024-02-14 16:00:00-05:00,0.35,0.49,39.34,APP
2023-11-08 16:00:00-05:00,0.27,0.3,11.22,APP
2023-08-09 16:00:00-04:00,0.49,0.41,-17.07,APP
2023-05-10 16:00:00-04:00,0.45,0.21,-52.8,APP
2023-02-08 16:00:00-05:00,0.05,-0.22,-571.9,APP
2022-11-09 16:00:00-05:00,0.07,0.06,-10.91,APP
2022-08-10 16:00:00-04:00,0.15,-0.06,-140.01,APP
2022-05-11 16:00:00-04:00,0.44,0.06,-86.59,APP
2022-02-16 16:00:00-05:00,0.37,0.5,33.66,APP
2021-11-10 16:00:00-05:00,0.1,,-100.0,APP
2021-08-11 16:00:00-04:00,0.05,0.04,-12.2,APP
2021-05-12 16:00:00-04:00,0.11,0.36,235.06,APP
2026-11-04 15:00:00-05:00,0.47,,,ARM
2026-07-29 16:00:00-04:00,0.4,0.45,11.44,ARM
2026-05-05 20:00:00-04:00,0.58,0.6,3.57,ARM
2026-02-04 16:00:00-05:00,0.41,0.43,5.09,ARM
2025-11-05 16:00:00-05:00,0.33,0.39,17.7,ARM
2025-07-30 16:00:00-04:00,0.35,0.35,-0.31,ARM
2025-05-07 16:00:00-04:00,0.52,0.55,5.04,ARM
2025-02-05 16:00:00-05:00,0.34,0.39,14.0,ARM
2024-11-07 16:00:00-05:00,0.26,0.3,17.12,ARM
2024-07-31 16:00:00-04:00,0.35,0.4,15.43,ARM
2024-05-08 16:00:00-04:00,0.31,0.36,17.73,ARM
2024-02-07 16:00:00-05:00,0.25,0.29,16.35,ARM
2023-11-09 16:00:00-05:00,0.27,0.36,34.59,ARM
2026-10-14 08:00:00-04:00,10.65,,,ASML
2026-07-13 20:00:00-04:00,6.95,7.58,9.09,ASML
2026-04-14 20:00:00-04:00,6.62,7.15,7.99,ASML
2026-01-27 19:00:00-05:00,7.55,7.34,-2.72,ASML
2025-10-15 01:00:00-04:00,5.37,5.49,2.14,ASML
2025-07-16 01:00:00-04:00,5.25,5.9,12.36,ASML
2025-04-16 01:00:00-04:00,5.79,6.0,3.71,ASML
2025-01-29 06:00:00-05:00,6.73,6.84,1.57,ASML
2024-10-15 11:00:00-04:00,4.86,5.28,8.61,ASML
2024-07-17 01:00:00-04:00,3.69,4.01,8.54,ASML
2024-04-17 01:00:00-04:00,2.79,3.11,11.55,ASML
2024-01-24 01:00:00-05:00,4.78,5.2,8.88,ASML
2023-10-18 01:00:00-04:00,4.63,4.81,3.86,ASML
2023-07-19 01:00:00-04:00,4.61,4.93,6.86,ASML
2023-04-19 01:00:00-04:00,4.16,4.95,19.13,ASML
2023-01-25 01:00:00-05:00,4.33,4.6,6.18,ASML
2022-10-19 01:00:00-04:00,3.46,4.29,23.88,ASML
2022-07-20 01:00:00-04:00,3.52,3.54,0.63,ASML
2022-04-20 04:00:00-04:00,1.68,1.73,2.79,ASML
2022-01-19 01:00:00-05:00,3.76,3.93,4.63,ASML
2021-10-20 06:00:00-04:00,4.01,4.26,6.18,ASML
2021-07-21 01:00:00-04:00,2.52,2.52,-0.05,ASML
2021-04-21 06:00:00-04:00,2.61,3.2,22.63,ASML
2021-01-20 01:00:00-05:00,2.46,3.23,31.43,ASML
2020-10-14 01:00:00-04:00,2.26,2.53,11.93,ASML
2020-07-15 01:00:00-04:00,2.06,1.79,-13.18,ASML
2020-04-15 02:00:00-04:00,0.94,0.93,-0.85,ASML
2020-01-22 01:00:00-05:00,2.71,2.69,-0.65,ASML
2019-10-16 01:00:00-04:00,1.44,1.49,3.42,ASML
2019-07-17 01:00:00-04:00,0.95,1.13,18.94,ASML
2019-04-17 01:00:00-04:00,0.48,0.84,73.35,ASML
2019-01-23 01:00:00-05:00,1.78,1.86,4.69,ASML
2018-10-17 01:00:00-04:00,1.58,1.6,1.19,ASML
2018-07-18 01:00:00-04:00,1.21,1.37,13.52,ASML
2018-04-18 01:00:00-04:00,1.17,1.26,7.54,ASML
2018-01-17 01:00:00-05:00,1.06,1.49,40.35,ASML
2017-10-17 21:00:00-04:00,1.12,1.29,15.44,ASML
2017-07-19 01:00:00-04:00,0.95,1.08,13.99,ASML
2017-04-19 01:00:00-04:00,0.93,1.05,13.26,ASML
2017-01-18 01:00:00-05:00,0.98,1.22,24.57,ASML
2016-10-19 01:00:00-04:00,0.96,0.93,-3.12,ASML
2016-07-20 01:00:00-04:00,0.8,0.83,3.66,ASML
2016-04-20 01:00:00-04:00,0.42,0.46,9.67,ASML
2016-01-20 01:00:00-05:00,0.6,0.68,12.63,ASML
2015-10-14 01:00:00-04:00,0.73,0.75,3.18,ASML
2015-07-15 01:00:00-04:00,0.8,0.85,6.52,ASML
2015-04-15 01:00:00-04:00,0.89,0.93,4.71,ASML
2015-01-21 02:00:00-05:00,0.47,0.7,48.67,ASML
2014-10-15 01:00:00-04:00,0.53,0.56,5.14,ASML
2014-07-16 01:00:00-04:00,0.77,0.9,16.66,ASML
2014-04-16 01:00:00-04:00,0.51,0.56,9.73,ASML
2014-01-22 01:00:00-05:00,0.96,1.08,12.15,ASML
2013-10-16 01:00:00-04:00,0.47,0.43,-7.65,ASML
2013-07-17 19:00:00-04:00,0.48,0.51,6.25,ASML
2013-04-17 01:00:00-04:00,0.21,0.23,12.2,ASML
2013-01-17 01:00:00-05:00,0.38,0.65,73.33,ASML
2012-10-17 01:00:00-04:00,0.68,0.65,-4.41,ASML
2012-07-18 03:00:00-04:00,0.67,0.71,5.45,ASML
2012-04-18 01:00:00-04:00,0.66,0.68,3.41,ASML
2012-01-18 01:00:00-05:00,0.56,0.68,21.43,ASML
2011-10-12 01:00:00-04:00,0.79,0.84,6.87,ASML
2011-07-13 01:00:00-04:00,0.92,1.0,8.81,ASML
2011-04-13 01:00:00-04:00,0.8,0.9,12.29,ASML
2011-01-19 01:00:00-05:00,0.77,0.93,21.01,ASML
2010-10-13 01:00:00-04:00,0.56,0.61,9.32,ASML
2010-07-14 01:00:00-04:00,0.45,0.54,18.94,ASML
2010-04-14 00:00:00-04:00,0.22,0.25,14.16,ASML
2010-01-20 01:00:00-05:00,0.1,0.12,15.75,ASML
2009-10-14 01:00:00-04:00,-0.01,0.05,766.67,ASML
2009-07-15 01:00:00-04:00,-0.25,-0.24,4.39,ASML
2009-04-15 01:00:00-04:00,-0.26,-0.27,-3.75,ASML
2009-01-15 01:00:00-05:00,0.01,0.03,162.47,ASML
2008-10-15 01:00:00-04:00,0.15,0.17,13.29,ASML
2008-07-16 01:00:00-04:00,0.25,0.28,12.6,ASML
2008-04-16 01:00:00-04:00,0.33,0.33,0.77,ASML
2008-01-16 01:00:00-05:00,0.34,0.37,7.96,ASML
2007-10-17 01:00:00-04:00,0.34,0.35,3.58,ASML
2007-07-18 01:00:00-04:00,0.35,0.37,6.87,ASML
2007-04-18 01:00:00-04:00,0.35,0.4,14.81,ASML
2007-01-17 01:00:00-05:00,0.38,0.47,26.1,ASML
2006-10-18 01:00:00-04:00,0.3,0.39,30.35,ASML
2006-07-19 01:00:00-04:00,0.28,0.37,30.34,ASML
2006-04-19 06:00:00-04:00,0.23,0.18,-21.89,ASML
2006-01-18 02:00:00-05:00,0.11,0.12,13.24,ASML
2005-10-12 08:00:00-04:00,0.11,0.11,0.61,ASML
2005-07-13 00:00:00-04:00,0.22,0.25,14.05,ASML
2005-04-12 22:00:00-04:00,0.19,0.24,21.61,ASML
2005-01-19 00:00:00-05:00,0.24,0.24,-1.05,ASML
2004-10-13 08:00:00-04:00,0.19,0.17,-11.53,ASML
2004-07-14 07:00:00-04:00,0.13,0.15,13.44,ASML
2004-04-21 02:00:00-04:00,0.08,0.03,-56.83,ASML
2004-01-15 08:00:00-05:00,-0.02,0.03,267.9,ASML
2003-10-15 02:00:00-04:00,-0.07,-0.07,1.99,ASML
2003-07-16 02:00:00-04:00,-0.08,-0.1,-30.42,ASML
2003-04-16 08:00:00-04:00,-0.03,-0.19,-638.02,ASML
2003-01-16 08:00:00-05:00,-0.3,-0.25,17.44,ASML
2002-07-17 00:00:00-04:00,-0.13,-0.22,-63.06,ASML
2002-01-17 06:00:00-05:00,-0.01,-0.2,-1579.01,ASML
2001-10-22 00:00:00-04:00,0.09,-0.01,-111.25,ASML
2001-01-18 00:00:00-05:00,0.56,0.39,-29.67,ASML
2026-12-09 15:00:00-05:00,3.83,,,AVGO
2026-09-02 16:00:00-04:00,3.24,,,AVGO
2026-06-03 16:00:00-04:00,2.4,2.44,1.74,AVGO
2026-03-04 16:00:00-05:00,2.02,2.05,1.32,AVGO
2025-12-11 16:00:00-05:00,1.87,1.95,4.38,AVGO
2025-09-04 16:00:00-04:00,1.66,1.69,1.6,AVGO
2025-06-05 16:00:00-04:00,1.57,1.58,0.59,AVGO
2025-03-06 16:00:00-05:00,1.51,1.6,6.11,AVGO
2024-12-12 16:00:00-05:00,1.39,1.42,2.04,AVGO
2024-09-05 16:00:00-04:00,1.21,1.24,2.79,AVGO
2024-06-12 16:00:00-04:00,1.08,1.1,1.08,AVGO
2024-03-07 16:00:00-05:00,1.04,1.1,5.44,AVGO
2023-12-07 16:00:00-05:00,1.1,1.11,0.94,AVGO
2023-08-31 16:00:00-04:00,1.04,1.05,1.03,AVGO
2023-06-01 16:00:00-04:00,1.01,1.03,1.75,AVGO
2023-03-02 16:00:00-05:00,1.02,1.03,1.65,AVGO
2022-12-08 16:00:00-05:00,1.03,1.05,1.64,AVGO
2022-09-01 16:00:00-04:00,0.95,0.97,1.92,AVGO
2022-05-26 07:00:00-04:00,0.87,0.91,4.05,AVGO
2022-03-03 16:00:00-05:00,0.81,0.84,3.01,AVGO
2021-12-09 16:00:00-05:00,0.78,0.78,0.51,AVGO
2021-09-02 16:00:00-04:00,0.69,0.7,0.72,AVGO
2021-06-03 16:00:00-04:00,0.65,0.66,2.47,AVGO
2021-03-04 16:00:00-05:00,0.66,0.66,0.58,AVGO
2020-12-10 16:00:00-05:00,0.62,0.64,2.42,AVGO
2020-09-03 16:00:00-04:00,0.52,0.54,4.0,AVGO
2020-06-04 16:00:00-04:00,0.51,0.51,0.03,AVGO
2020-03-12 16:00:00-04:00,0.54,0.53,-2.02,AVGO
2019-12-12 16:00:00-05:00,0.54,0.54,0.63,AVGO
2019-09-12 16:00:00-04:00,0.51,0.52,0.72,AVGO
2019-06-13 16:00:00-04:00,0.52,0.52,0.55,AVGO
2019-03-14 16:00:00-04:00,0.52,0.56,6.12,AVGO
2018-12-06 16:00:00-05:00,0.56,0.59,4.8,AVGO
2018-09-06 16:00:00-04:00,0.48,0.5,3.25,AVGO
2018-06-07 16:00:00-04:00,0.47,0.49,2.99,AVGO
2018-03-15 16:00:00-04:00,0.51,0.51,1.07,AVGO
2017-12-06 16:00:00-05:00,0.45,0.46,1.65,AVGO
2017-08-24 16:00:00-04:00,0.4,0.41,1.77,AVGO
2017-06-01 16:00:00-04:00,0.35,0.37,5.47,AVGO
2017-03-01 16:00:00-05:00,0.35,0.36,4.39,AVGO
2016-12-08 16:00:00-05:00,0.34,0.35,2.73,AVGO
2016-09-01 16:00:00-04:00,0.28,0.29,4.38,AVGO
2016-06-02 16:00:00-04:00,0.24,0.25,6.45,AVGO
2016-03-03 16:00:00-05:00,0.23,0.24,4.84,AVGO
2015-12-02 16:00:00-05:00,0.24,0.25,5.48,AVGO
2015-08-26 16:00:00-04:00,0.21,0.22,4.78,AVGO
2015-05-28 07:00:00-04:00,0.2,0.21,6.32,AVGO
2015-02-25 16:00:00-05:00,0.19,0.21,7.49,AVGO
2014-12-03 16:00:00-05:00,0.17,0.2,17.97,AVGO
2014-08-28 16:00:00-04:00,0.11,0.13,19.23,AVGO
2014-05-29 16:00:00-04:00,0.08,0.09,10.61,AVGO
2014-02-25 16:00:00-05:00,0.08,0.08,7.58,AVGO
2013-12-04 16:00:00-05:00,0.08,0.09,7.84,AVGO
2013-08-27 16:00:00-04:00,0.07,0.07,11.97,AVGO
2013-05-29 16:00:00-04:00,0.06,0.06,4.58,AVGO
2013-02-26 16:00:00-05:00,0.06,0.07,7.14,AVGO
2012-11-29 16:00:00-05:00,0.07,0.08,5.35,AVGO
2012-08-16 16:00:00-04:00,0.07,0.07,9.49,AVGO
2012-05-22 16:00:00-04:00,0.06,0.07,3.48,AVGO
2012-02-22 16:00:00-05:00,0.06,0.06,7.83,AVGO
2011-12-01 16:00:00-05:00,0.07,0.07,4.95,AVGO
2011-08-23 16:00:00-04:00,0.07,0.07,3.72,AVGO
2011-05-24 16:00:00-04:00,0.06,0.06,10.48,AVGO
2011-02-23 16:00:00-05:00,0.05,0.07,22.16,AVGO
2010-12-02 16:00:00-05:00,0.06,0.07,11.66,AVGO
2010-09-01 20:00:00-04:00,0.02,0.01,-58.82,AVGO
2010-08-24 16:00:00-04:00,0.05,0.05,-0.73,AVGO
2010-05-26 16:00:00-04:00,0.04,0.05,16.68,AVGO
2010-02-24 16:00:00-05:00,0.03,0.03,-11.86,AVGO
2009-12-03 16:00:00-05:00,0.02,0.03,20.38,AVGO
2026-10-23 08:00:00-04:00,4.6,,,AXP
2026-07-24 07:00:00-04:00,4.4,4.53,2.88,AXP
2026-04-23 07:00:00-04:00,3.99,4.28,7.18,AXP
2026-01-30 07:00:00-05:00,3.55,3.53,-0.66,AXP
2025-10-17 07:00:00-04:00,3.98,4.14,4.02,AXP
2025-07-18 07:00:00-04:00,3.88,4.08,5.09,AXP
2025-04-17 07:00:00-04:00,3.47,3.64,4.8,AXP
2025-01-24 07:00:00-05:00,3.03,3.04,0.17,AXP
2024-10-18 07:00:00-04:00,3.28,3.49,6.49,AXP
2024-07-19 07:00:00-04:00,3.26,4.15,27.11,AXP
2024-04-19 10:00:00-04:00,2.98,3.33,11.68,AXP
2024-01-26 07:00:00-05:00,2.65,2.62,-1.01,AXP
2023-10-20 07:00:00-04:00,2.95,3.3,11.87,AXP
2023-07-21 07:00:00-04:00,2.82,2.89,2.64,AXP
2023-04-20 07:00:00-04:00,2.67,2.4,-10.02,AXP
2023-01-27 07:00:00-05:00,2.24,2.07,-7.45,AXP
2022-10-21 13:00:00-04:00,2.41,2.47,2.29,AXP
2022-07-22 07:00:00-04:00,2.41,2.57,6.64,AXP
2022-04-22 07:00:00-04:00,2.47,2.73,10.73,AXP
2022-01-25 07:00:00-05:00,1.84,2.18,18.71,AXP
2021-10-22 07:00:00-04:00,1.75,2.27,29.38,AXP
2021-07-23 07:00:00-04:00,1.63,2.8,72.14,AXP
2021-04-23 07:00:00-04:00,1.61,2.74,69.77,AXP
2021-01-26 07:00:00-05:00,1.3,1.76,35.17,AXP
2020-10-23 07:00:00-04:00,1.35,1.3,-3.84,AXP
2020-07-24 07:00:00-04:00,-0.06,0.29,572.54,AXP
2020-04-24 15:00:00-04:00,1.67,0.41,-75.48,AXP
2020-01-24 07:00:00-05:00,2.01,2.03,0.91,AXP
2019-10-18 07:00:00-04:00,2.02,2.08,2.74,AXP
2019-07-19 07:00:00-04:00,2.03,2.07,1.93,AXP
2019-04-18 07:00:00-04:00,1.97,2.01,1.97,AXP
2019-01-17 16:00:00-05:00,1.8,2.32,29.14,AXP
2018-10-18 16:00:00-04:00,1.77,1.88,6.5,AXP
2018-07-18 16:00:00-04:00,1.82,1.84,1.32,AXP
2018-04-18 16:00:00-04:00,1.71,1.86,8.74,AXP
2018-01-18 16:00:00-05:00,1.54,1.58,2.54,AXP
2017-10-18 17:00:00-04:00,1.48,1.63,10.65,AXP
2017-07-19 16:00:00-04:00,1.44,1.47,2.23,AXP
2017-04-19 16:00:00-04:00,1.26,1.34,5.94,AXP
2017-01-19 16:00:00-05:00,0.99,0.91,-7.88,AXP
2016-10-19 16:00:00-04:00,0.96,1.24,29.78,AXP
2016-07-20 16:00:00-04:00,1.89,2.1,11.08,AXP
2016-04-20 16:00:00-04:00,1.35,1.5,11.83,AXP
2016-01-21 16:00:00-05:00,1.12,1.23,9.66,AXP
2015-10-21 16:00:00-04:00,1.31,1.24,-5.51,AXP
2015-07-22 16:00:00-04:00,1.32,1.42,7.54,AXP
2015-04-16 16:00:00-04:00,1.36,1.48,8.59,AXP
2015-01-21 16:00:00-05:00,1.38,1.39,0.6,AXP
2014-10-15 16:00:00-04:00,1.36,1.4,2.86,AXP
2014-07-29 16:00:00-04:00,1.38,1.43,3.82,AXP
2014-04-16 16:00:00-04:00,1.3,1.33,2.42,AXP
2014-01-16 16:00:00-05:00,1.25,1.25,-0.49,AXP
2013-10-16 16:00:00-04:00,1.22,1.25,2.24,AXP
2013-07-17 16:00:00-04:00,1.22,1.27,3.79,AXP
2013-04-17 16:00:00-04:00,1.13,1.15,2.12,AXP
2013-01-17 16:00:00-05:00,1.08,1.09,0.47,AXP
2012-10-17 16:00:00-04:00,1.09,1.09,0.44,AXP
2012-07-18 16:00:00-04:00,1.1,1.15,4.86,AXP
2012-04-18 16:00:00-04:00,1.0,1.07,6.52,AXP
2012-01-19 16:00:00-05:00,0.99,1.01,2.35,AXP
2011-10-19 16:00:00-04:00,0.95,1.03,8.27,AXP
2011-07-20 16:00:00-04:00,0.94,1.07,13.65,AXP
2011-04-20 16:00:00-04:00,0.85,0.97,14.29,AXP
2011-01-24 16:00:00-05:00,0.89,0.88,-1.12,AXP
2010-10-21 16:00:00-04:00,0.87,0.9,3.42,AXP
2010-07-22 16:00:00-04:00,0.78,0.84,8.13,AXP
2010-04-22 15:00:00-04:00,0.64,0.73,14.19,AXP
2010-01-21 16:00:00-05:00,0.57,0.59,2.78,AXP
2009-10-22 16:00:00-04:00,0.38,0.44,16.12,AXP
2009-07-23 16:00:00-04:00,0.27,0.27,0.26,AXP
2009-04-23 16:00:00-04:00,0.16,0.32,96.32,AXP
2009-01-26 16:00:00-05:00,0.15,0.21,39.98,AXP
2008-10-20 16:00:00-04:00,0.59,0.74,24.79,AXP
2008-07-21 16:00:00-04:00,0.83,0.56,-32.37,AXP
2008-04-24 16:00:00-04:00,0.8,0.84,4.48,AXP
2008-01-28 16:00:00-05:00,0.7,0.71,1.0,AXP
2007-10-22 16:00:00-04:00,0.85,0.9,5.88,AXP
2007-07-23 16:00:00-04:00,0.86,0.83,-3.09,AXP
2007-04-19 16:00:00-04:00,0.8,0.87,9.43,AXP
2007-01-22 13:00:00-05:00,0.77,0.75,-2.34,AXP
2006-10-23 13:00:00-04:00,0.76,0.78,3.17,AXP
2006-07-24 13:00:00-04:00,0.74,0.78,5.12,AXP
2006-04-24 08:00:00-04:00,0.69,0.7,1.13,AXP
2006-01-23 13:00:00-05:00,0.59,0.6,1.69,AXP
2005-10-24 14:00:00-04:00,0.66,0.68,3.82,AXP
2005-07-25 13:00:00-04:00,0.78,0.81,3.98,AXP
2005-04-26 13:00:00-04:00,0.75,0.75,0.13,AXP
2005-01-24 13:00:00-05:00,0.7,0.71,0.85,AXP
2004-10-25 14:00:00-04:00,0.69,0.69,-0.43,AXP
2004-07-26 13:00:00-04:00,0.67,0.68,1.34,AXP
2004-04-22 13:00:00-04:00,0.62,0.66,6.45,AXP
2004-01-26 13:00:00-05:00,0.59,0.6,2.45,AXP
2003-10-27 13:00:00-05:00,0.58,0.59,1.26,AXP
2003-07-28 13:00:00-04:00,0.57,0.59,4.06,AXP
2003-04-24 13:00:00-04:00,0.52,0.53,1.92,AXP
2003-01-27 14:00:00-05:00,0.51,0.52,1.76,AXP
2002-10-28 12:00:00-05:00,0.51,0.52,2.25,AXP
2002-07-22 13:00:00-04:00,0.5,0.51,2.41,AXP
2002-04-18 13:00:00-04:00,0.43,0.46,7.48,AXP
2002-01-28 13:00:00-05:00,0.23,0.22,-2.79,AXP
2026-10-30 16:00:00-04:00,2.69,,,AZN
2026-07-27 02:00:00-04:00,1.25,1.32,4.85,AZN
2026-04-29 02:00:00-04:00,1.27,1.29,1.43,AZN
2025-11-06 02:00:00-05:00,1.13,1.19,4.88,AZN
2025-07-29 02:00:00-04:00,0.88,0.79,-10.71,AZN
2025-04-29 02:00:00-04:00,1.12,1.25,11.59,AZN
2025-02-06 02:00:00-05:00,1.04,1.05,0.84,AZN
2024-11-12 02:00:00-05:00,1.03,1.04,1.13,AZN
2024-07-25 02:00:00-04:00,0.99,0.99,-0.38,AZN
2024-04-25 02:00:00-04:00,0.95,1.03,8.42,AZN
2024-02-08 02:00:00-05:00,0.76,0.73,-4.92,AZN
2023-11-09 02:00:00-05:00,0.82,0.87,5.32,AZN
2023-07-28 02:00:00-04:00,0.97,1.08,10.9,AZN
2023-04-27 02:00:00-04:00,0.82,0.96,17.57,AZN
2023-02-09 02:00:00-05:00,0.68,0.69,0.91,AZN
2022-11-10 02:00:00-05:00,0.75,0.84,11.9,AZN
2022-07-29 02:00:00-04:00,1.04,0.86,-17.32,AZN
2022-04-29 02:00:00-04:00,1.15,0.95,-17.65,AZN
2022-02-10 02:00:00-05:00,0.99,0.84,-15.58,AZN
2021-11-12 02:00:00-05:00,0.91,0.54,-40.88,AZN
2021-07-29 02:00:00-04:00,0.69,0.45,-34.38,AZN
2021-04-30 02:00:00-04:00,0.96,0.82,-15.29,AZN
2021-02-11 02:00:00-05:00,0.76,0.61,-20.03,AZN
2020-11-05 02:00:00-05:00,0.48,0.46,-3.79,AZN
2020-07-30 02:00:00-04:00,0.4,0.48,19.37,AZN
2020-04-29 02:00:00-04:00,0.49,0.53,7.81,AZN
2020-02-14 02:00:00-05:00,0.56,0.45,-20.76,AZN
2019-10-24 02:00:00-04:00,0.41,0.5,20.01,AZN
2019-07-25 02:00:00-04:00,0.31,0.37,19.37,AZN
2019-04-26 02:00:00-04:00,0.38,0.45,17.92,AZN
2019-02-14 02:00:00-05:00,0.89,0.79,-11.3,AZN
2018-11-08 02:00:00-05:00,0.37,0.36,-3.65,AZN
2018-07-26 02:00:00-04:00,0.3,0.35,15.23,AZN
2018-05-18 02:00:00-04:00,0.32,0.24,-25.0,AZN
2018-02-02 02:00:00-05:00,0.56,0.65,16.95,AZN
2017-11-09 02:00:00-05:00,0.57,0.56,-2.19,AZN
2017-07-27 02:00:00-04:00,0.42,0.44,3.21,AZN
2017-04-27 02:00:00-04:00,0.54,0.5,-7.82,AZN
2017-02-02 02:00:00-05:00,0.55,0.61,9.65,AZN
2016-11-10 02:00:00-05:00,0.47,0.66,41.7,AZN
2016-07-28 02:00:00-04:00,0.44,0.42,-3.57,AZN
2016-04-29 02:00:00-04:00,0.48,0.48,-0.89,AZN
2016-02-04 02:00:00-05:00,0.28,0.32,13.2,AZN
2015-11-05 02:00:00-05:00,1.04,1.03,-0.96,AZN
2015-07-30 02:00:00-04:00,0.52,1.21,132.69,AZN
2015-04-24 02:00:00-04:00,0.53,0.54,2.86,AZN
2015-02-05 02:00:00-05:00,0.43,0.38,-10.94,AZN
2014-11-06 02:00:00-05:00,0.52,0.53,1.29,AZN
2014-07-31 02:00:00-04:00,0.55,0.65,18.9,AZN
2014-04-24 02:00:00-04:00,0.62,0.59,-5.14,AZN
2014-02-06 02:00:00-05:00,0.62,0.62,-1.4,AZN
2013-10-31 03:00:00-04:00,0.63,0.61,-3.2,AZN
2013-08-01 02:00:00-04:00,0.58,0.6,3.67,AZN
2013-04-25 02:00:00-04:00,0.68,0.71,3.87,AZN
2013-01-31 02:00:00-05:00,0.65,0.78,19.27,AZN
2012-10-25 02:00:00-04:00,0.73,0.76,3.07,AZN
2012-07-26 02:00:00-04:00,0.69,0.77,10.47,AZN
2012-04-26 02:00:00-04:00,0.87,0.91,3.78,AZN
2012-02-02 05:00:00-05:00,0.8,0.81,0.75,AZN
2011-10-27 06:00:00-04:00,0.82,0.86,4.4,AZN
2011-07-28 14:00:00-04:00,0.87,0.87,-0.92,AZN
2011-04-28 02:00:00-04:00,0.93,1.12,19.41,AZN
2011-01-27 02:00:00-05:00,0.62,0.65,4.42,AZN
2010-10-28 12:00:00-04:00,0.74,0.71,-4.54,AZN
2010-07-29 04:00:00-04:00,0.8,0.86,7.67,AZN
2010-04-29 11:00:00-04:00,0.81,0.95,16.8,AZN
2010-01-28 06:00:00-05:00,0.77,0.71,-7.31,AZN
2009-10-29 08:00:00-04:00,0.67,0.84,25.84,AZN
2009-07-30 06:00:00-04:00,0.69,0.82,18.84,AZN
2009-04-30 06:00:00-04:00,0.7,0.76,8.09,AZN
2009-01-29 06:00:00-05:00,0.56,0.59,6.31,AZN
2008-10-30 07:00:00-04:00,0.56,0.66,17.59,AZN
2008-07-31 06:00:00-04:00,0.54,0.63,15.42,AZN
2008-04-24 05:00:00-04:00,0.55,0.64,17.11,AZN
2008-01-31 06:00:00-05:00,0.51,0.52,1.22,AZN
2007-11-01 07:00:00-04:00,0.46,0.5,7.61,AZN
2007-07-26 06:00:00-04:00,0.52,0.6,15.53,AZN
2007-04-23 01:00:00-04:00,0.53,0.53,0.66,AZN
2007-02-01 06:00:00-05:00,0.48,0.47,-2.41,AZN
2006-10-26 06:00:00-04:00,0.49,0.51,3.86,AZN
2006-07-27 06:00:00-04:00,0.47,0.47,0.32,AZN
2006-04-27 00:00:00-04:00,0.4,0.45,12.78,AZN
2006-02-02 08:00:00-05:00,0.37,0.39,3.12,AZN
2005-10-27 07:00:00-04:00,0.34,0.38,12.69,AZN
2005-07-28 00:00:00-04:00,0.29,0.38,30.43,AZN
2005-04-27 00:00:00-04:00,0.28,0.32,11.5,AZN
2005-01-27 11:00:00-05:00,0.29,0.3,2.08,AZN
2004-10-21 00:00:00-04:00,0.26,0.28,4.36,AZN
2004-07-22 06:00:00-04:00,0.24,0.25,5.04,AZN
2004-04-29 05:00:00-04:00,0.26,0.24,-8.91,AZN
2004-01-29 02:00:00-05:00,0.2,0.19,-5.94,AZN
2003-10-23 06:00:00-04:00,0.17,0.24,37.43,AZN
2003-07-24 06:00:00-04:00,0.17,0.2,14.04,AZN
2003-04-30 05:00:00-04:00,0.21,0.27,26.17,AZN
2003-01-30 06:00:00-05:00,0.2,0.23,10.29,AZN
2002-10-24 00:00:00-04:00,0.18,0.2,7.73,AZN
2002-07-25 06:00:00-04:00,0.21,0.23,8.43,AZN
2002-04-25 06:00:00-04:00,0.23,0.28,22.22,AZN
2002-01-31 07:00:00-05:00,0.23,0.24,2.17,AZN
2001-10-24 06:00:00-04:00,0.22,0.22,,AZN
2026-10-27 08:00:00-04:00,-0.18,,,BA
2026-07-28 07:00:00-04:00,-0.31,-0.76,-141.48,BA
2026-04-22 07:00:00-04:00,-0.67,-0.2,70.26,BA
2026-01-27 07:00:00-05:00,-0.41,9.92,2525.31,BA
2025-10-29 07:00:00-04:00,-2.38,-7.47,-214.44,BA
2025-07-29 07:00:00-04:00,-1.27,-1.24,2.35,BA
2025-04-23 07:00:00-04:00,-1.3,-0.49,62.39,BA
2025-01-28 07:00:00-05:00,-3.78,-5.9,-56.1,BA
2024-10-23 07:00:00-04:00,-8.72,-10.44,-19.66,BA
2024-07-31 07:00:00-04:00,-2.01,-2.9,-44.2,BA
2024-04-24 07:00:00-04:00,-1.52,-1.13,25.63,BA
2024-01-31 07:00:00-05:00,-0.79,-0.47,40.28,BA
2023-10-25 07:00:00-04:00,-2.61,-3.26,-25.01,BA
2023-07-26 07:00:00-04:00,-0.89,-0.82,8.24,BA
2023-04-26 07:00:00-04:00,-1.05,-1.27,-20.87,BA
2023-01-25 07:00:00-05:00,0.2,-1.75,-961.26,BA
2022-10-26 07:00:00-04:00,0.09,-6.18,-7213.26,BA
2022-07-27 07:00:00-04:00,-0.11,-0.37,-246.34,BA
2022-04-27 07:00:00-04:00,-0.25,-2.75,-995.84,BA
2022-01-26 07:00:00-05:00,-0.16,-7.69,-4731.92,BA
2021-10-27 07:00:00-04:00,-0.15,-0.6,-299.02,BA
2021-07-28 07:00:00-04:00,-0.73,0.4,154.9,BA
2021-04-28 12:00:00-04:00,-1.09,-1.53,-41.01,BA
2021-01-27 07:00:00-05:00,-1.65,-15.25,-825.97,BA
2020-10-28 07:00:00-04:00,-2.21,-1.39,37.14,BA
2020-07-29 07:00:00-04:00,-2.53,-4.79,-89.6,BA
2020-04-29 07:00:00-04:00,-1.49,-1.7,-14.32,BA
2020-01-29 07:00:00-05:00,-1.18,-2.33,-97.58,BA
2019-10-23 07:00:00-04:00,2.11,1.45,-31.4,BA
2019-07-24 07:00:00-04:00,-6.66,-5.82,12.57,BA
2019-04-24 07:00:00-04:00,3.19,3.16,-1.04,BA
2019-01-30 07:00:00-05:00,4.55,5.48,20.42,BA
2018-10-24 07:00:00-04:00,3.46,3.58,3.36,BA
2018-07-25 07:00:00-04:00,3.27,3.33,1.9,BA
2018-04-25 07:00:00-04:00,2.61,3.64,39.25,BA
2018-01-31 07:00:00-05:00,2.88,3.06,6.26,BA
2017-10-25 07:00:00-04:00,2.66,2.72,2.29,BA
2017-07-26 07:00:00-04:00,2.29,2.55,11.16,BA
2017-04-26 07:00:00-04:00,1.91,2.01,5.25,BA
2017-01-25 07:00:00-05:00,2.33,2.47,5.8,BA
2016-10-26 07:00:00-04:00,2.62,3.51,34.05,BA
2016-07-27 07:00:00-04:00,2.24,2.79,24.44,BA
2016-04-27 07:00:00-04:00,1.85,1.74,-5.8,BA
2016-01-27 07:00:00-05:00,1.28,1.6,25.34,BA
2015-10-21 07:00:00-04:00,2.19,2.52,14.85,BA
2015-07-22 07:00:00-04:00,1.38,1.62,17.43,BA
2015-04-22 07:00:00-04:00,1.81,1.97,8.98,BA
2015-01-28 07:00:00-05:00,2.12,2.31,9.06,BA
2014-10-22 07:00:00-04:00,1.96,2.14,9.34,BA
2014-07-23 07:00:00-04:00,1.99,2.42,21.47,BA
2014-04-23 07:00:00-04:00,1.56,1.76,12.54,BA
2014-01-29 07:00:00-05:00,1.57,1.88,19.9,BA
2013-10-23 07:00:00-04:00,1.55,1.8,16.38,BA
2013-07-24 07:00:00-04:00,1.55,1.67,7.41,BA
2013-04-24 07:00:00-04:00,1.49,1.73,15.91,BA
2013-01-30 07:00:00-05:00,1.2,1.28,6.38,BA
2012-10-24 07:00:00-04:00,1.12,1.35,20.45,BA
2012-07-25 07:00:00-04:00,1.11,1.27,14.05,BA
2012-04-25 07:00:00-04:00,0.95,1.22,28.44,BA
2012-01-25 07:00:00-05:00,1.02,1.32,30.02,BA
2011-10-26 07:00:00-04:00,1.11,1.46,31.44,BA
2011-07-27 07:00:00-04:00,0.98,1.25,27.06,BA
2011-04-27 07:00:00-04:00,0.7,0.78,10.69,BA
2011-01-26 07:00:00-05:00,1.12,1.11,-0.75,BA
2010-10-20 07:00:00-04:00,1.07,1.12,4.88,BA
2010-07-28 07:00:00-04:00,1.03,1.06,3.12,BA
2010-04-21 06:00:00-04:00,0.73,0.7,-3.99,BA
2010-01-27 07:00:00-05:00,1.36,1.77,30.31,BA
2009-10-21 07:00:00-04:00,-2.07,-2.22,-7.25,BA
2009-07-22 07:00:00-04:00,1.21,1.41,16.42,BA
2009-04-22 07:00:00-04:00,0.91,0.87,-4.04,BA
2009-01-28 07:00:00-05:00,0.78,0.62,-20.06,BA
2008-10-22 07:00:00-04:00,1.0,0.94,-6.05,BA
2008-07-23 07:00:00-04:00,1.24,1.16,-6.69,BA
2008-04-23 07:00:00-04:00,1.36,1.61,18.63,BA
2008-01-30 07:00:00-05:00,1.32,1.36,3.13,BA
2007-10-24 07:00:00-04:00,1.24,1.43,15.11,BA
2007-07-25 07:00:00-04:00,1.16,1.35,16.24,BA
2007-04-25 07:00:00-04:00,1.01,1.12,10.99,BA
2007-01-31 07:00:00-05:00,0.97,1.16,19.1,BA
2006-10-25 07:00:00-04:00,0.63,0.89,42.17,BA
2006-07-26 07:00:00-04:00,-0.2,-0.21,-2.44,BA
2006-04-26 07:00:00-04:00,0.76,0.85,12.43,BA
2006-02-01 07:00:00-05:00,0.47,0.59,25.68,BA
2005-10-26 07:00:00-04:00,0.78,0.69,-11.8,BA
2005-07-27 07:00:00-04:00,0.61,0.79,29.8,BA
2005-04-27 07:00:00-04:00,0.55,0.57,3.83,BA
2005-02-02 07:00:00-05:00,0.11,0.11,3.89,BA
2004-10-27 07:00:00-04:00,0.41,0.44,8.27,BA
2004-07-28 08:00:00-04:00,0.47,0.5,5.49,BA
2004-04-28 08:00:00-04:00,0.44,0.65,49.43,BA
2004-01-29 08:00:00-05:00,0.51,0.5,-2.82,BA
2003-10-29 08:00:00-05:00,0.26,0.32,21.21,BA
2003-07-23 08:00:00-04:00,-0.43,-0.24,44.32,BA
2003-04-23 08:00:00-04:00,0.24,0.42,74.27,BA
2003-01-30 08:00:00-05:00,0.71,0.71,-0.42,BA
2002-10-16 08:00:00-04:00,0.47,0.46,-1.5,BA
2002-07-17 08:00:00-04:00,0.8,0.92,15.43,BA
2002-04-17 08:00:00-04:00,0.84,0.75,-10.61,BA
2002-01-23 08:00:00-05:00,0.89,0.9,1.41,BA
2026-11-24 07:00:00-05:00,10.86,,,BABA
2026-08-20 05:00:00-04:00,10.82,8.52,-21.26,BABA
2026-05-13 05:00:00-04:00,5.74,0.62,-89.2,BABA
2026-03-19 05:00:00-04:00,10.94,7.09,-35.18,BABA
2025-11-25 05:00:00-05:00,5.78,4.36,-24.55,BABA
2025-08-29 05:00:00-04:00,15.47,14.75,-4.66,BABA
2025-05-15 05:00:00-04:00,12.81,12.52,-2.3,BABA
2025-02-20 05:00:00-05:00,19.38,21.39,10.4,BABA
2024-11-15 06:00:00-05:00,14.77,15.06,1.95,BABA
2024-08-15 06:00:00-04:00,14.94,16.44,10.03,BABA
2024-05-14 06:00:00-04:00,10.24,10.14,-0.93,BABA
2024-02-07 06:00:00-05:00,19.0,18.97,-0.16,BABA
2023-11-16 06:00:00-05:00,15.11,15.63,3.44,BABA
2023-08-10 06:00:00-04:00,14.46,17.37,20.1,BABA
2023-05-18 07:00:00-04:00,9.51,10.71,12.62,BABA
2023-02-23 06:00:00-05:00,16.45,19.26,17.07,BABA
2022-11-17 06:00:00-05:00,11.6,12.92,11.4,BABA
2022-08-04 06:00:00-04:00,10.5,11.73,11.72,BABA
2022-05-26 07:00:00-04:00,7.12,7.95,11.64,BABA
2022-02-24 07:00:00-05:00,16.05,16.87,5.11,BABA
2021-11-18 06:00:00-05:00,12.44,11.2,-9.96,BABA
2021-08-03 06:00:00-04:00,14.28,16.6,16.28,BABA
2021-05-13 07:00:00-04:00,11.35,10.32,-9.1,BABA
2021-02-02 07:00:00-05:00,20.7,22.03,6.41,BABA
2020-11-05 06:00:00-05:00,13.91,17.97,29.18,BABA
2020-08-20 06:00:00-04:00,13.56,14.82,9.3,BABA
2020-05-22 07:00:00-04:00,6.07,9.2,51.61,BABA
2020-02-13 06:00:00-05:00,15.7,18.19,15.87,BABA
2019-11-01 07:00:00-04:00,10.68,13.1,22.7,BABA
2019-08-15 07:00:00-04:00,10.48,12.55,19.8,BABA
2019-05-15 07:00:00-04:00,6.5,8.57,31.82,BABA
2019-01-30 06:00:00-05:00,11.51,12.19,5.9,BABA
2018-11-02 07:00:00-04:00,7.64,9.6,25.66,BABA
2018-08-23 06:00:00-04:00,8.34,8.04,-3.65,BABA
2018-05-04 07:00:00-04:00,5.54,5.73,3.42,BABA
2018-02-01 06:00:00-05:00,10.7,10.61,-0.85,BABA
2017-11-02 06:00:00-04:00,6.84,8.57,25.29,BABA
2017-08-17 06:00:00-04:00,6.25,7.95,27.28,BABA
2017-05-18 06:00:00-04:00,4.52,4.35,-3.73,BABA
2017-01-24 06:00:00-05:00,7.71,9.02,17.0,BABA
2016-11-02 06:00:00-04:00,4.7,5.26,11.86,BABA
2016-08-11 06:00:00-04:00,4.19,4.9,17.08,BABA
2016-05-05 07:00:00-04:00,3.66,3.02,-17.53,BABA
2016-01-28 06:00:00-05:00,5.78,6.43,11.18,BABA
2015-10-27 06:00:00-04:00,3.43,3.63,5.91,BABA
2015-08-12 07:00:00-04:00,3.61,3.68,1.9,BABA
2015-05-07 07:00:00-04:00,2.58,3.0,16.37,BABA
2015-01-29 07:00:00-05:00,4.69,5.05,7.74,BABA
2014-11-04 07:00:00-05:00,2.73,2.75,0.67,BABA
2014-08-27 04:00:00-04:00,2.8,3.03,8.21,BABA
2014-06-16 02:00:00-04:00,1.82,2.77,52.2,BABA
2026-10-14 08:00:00-04:00,1.12,,,BAC
2026-07-14 06:00:00-04:00,1.12,1.21,7.74,BAC
2026-04-15 06:00:00-04:00,1.02,1.11,8.78,BAC
2026-01-14 06:00:00-05:00,0.96,0.98,2.23,BAC
2025-10-15 06:00:00-04:00,0.95,1.06,11.43,BAC
2025-07-16 06:00:00-04:00,0.86,0.89,3.61,BAC
2025-04-15 06:00:00-04:00,0.81,0.9,10.74,BAC
2025-01-16 06:00:00-05:00,0.77,0.82,6.84,BAC
2024-10-15 06:00:00-04:00,0.76,0.81,6.34,BAC
2024-07-16 06:00:00-04:00,0.8,0.83,3.58,BAC
2024-04-16 06:00:00-04:00,0.77,0.76,-1.84,BAC
2024-01-12 06:00:00-05:00,0.64,0.35,-45.64,BAC
2023-10-17 06:00:00-04:00,0.82,0.9,10.05,BAC
2023-07-18 06:00:00-04:00,0.83,0.88,5.62,BAC
2023-04-18 06:00:00-04:00,0.83,0.94,13.93,BAC
2023-01-13 06:00:00-05:00,0.77,0.85,10.57,BAC
2022-10-17 06:00:00-04:00,0.77,0.81,4.92,BAC
2022-07-18 06:00:00-04:00,0.75,0.73,-2.06,BAC
2022-04-18 06:00:00-04:00,0.74,0.8,7.49,BAC
2022-01-19 06:00:00-05:00,0.76,0.82,8.57,BAC
2021-10-14 06:00:00-04:00,0.7,0.85,21.6,BAC
2021-07-14 06:00:00-04:00,0.76,1.03,35.48,BAC
2021-04-15 12:00:00-04:00,0.65,0.86,32.86,BAC
2021-01-19 06:00:00-05:00,0.54,0.59,9.38,BAC
2020-10-14 06:00:00-04:00,0.5,0.51,2.39,BAC
2020-07-16 06:00:00-04:00,0.29,0.37,28.62,BAC
2020-04-15 07:00:00-04:00,0.6,0.4,-33.43,BAC
2020-01-15 06:00:00-05:00,0.69,0.74,7.06,BAC
2019-10-16 06:00:00-04:00,0.51,0.56,10.51,BAC
2019-07-17 06:00:00-04:00,0.71,0.74,4.81,BAC
2019-04-16 06:00:00-04:00,0.66,0.7,5.74,BAC
2019-01-16 06:00:00-05:00,0.63,0.7,11.01,BAC
2018-10-15 07:00:00-04:00,0.62,0.66,6.65,BAC
2018-07-16 06:00:00-04:00,0.58,0.63,9.25,BAC
2018-04-16 06:00:00-04:00,0.59,0.62,5.21,BAC
2018-01-17 06:00:00-05:00,0.14,0.2,38.34,BAC
2017-10-13 06:00:00-04:00,0.46,0.48,5.47,BAC
2017-07-18 06:00:00-04:00,0.44,0.46,5.49,BAC
2017-04-18 06:00:00-04:00,0.35,0.41,17.91,BAC
2017-01-13 06:00:00-05:00,0.38,0.4,6.1,BAC
2016-10-17 02:00:00-04:00,0.34,0.41,22.16,BAC
2016-07-18 06:00:00-04:00,0.33,0.36,9.33,BAC
2016-04-14 06:00:00-04:00,0.21,0.21,-1.33,BAC
2016-01-19 06:00:00-05:00,0.27,0.28,3.72,BAC
2015-10-14 07:00:00-04:00,0.33,0.37,11.36,BAC
2015-07-15 07:00:00-04:00,0.35,0.45,26.81,BAC
2015-04-15 07:00:00-04:00,0.29,0.27,-7.15,BAC
2015-01-15 07:00:00-05:00,0.31,0.25,-19.48,BAC
2014-10-15 07:00:00-04:00,-0.09,-0.05,45.02,BAC
2014-07-16 07:00:00-04:00,0.12,0.19,65.22,BAC
2014-04-16 07:00:00-04:00,0.05,-0.05,-191.39,BAC
2014-01-15 07:00:00-05:00,0.26,0.29,10.02,BAC
2013-10-16 07:00:00-04:00,0.19,0.2,7.54,BAC
2013-07-17 07:00:00-04:00,0.26,0.32,24.24,BAC
2013-04-17 07:00:00-04:00,0.22,0.2,-10.67,BAC
2013-01-17 07:00:00-05:00,0.2,0.21,5.37,BAC
2012-10-17 07:00:00-04:00,-0.08,,100.0,BAC
2012-07-18 07:00:00-04:00,0.13,0.15,14.65,BAC
2012-04-19 07:00:00-04:00,0.12,0.31,168.51,BAC
2012-01-19 07:00:00-05:00,0.16,0.15,-6.25,BAC
2011-10-18 07:00:00-04:00,0.2,0.27,39.02,BAC
2011-07-19 07:00:00-04:00,0.3,0.33,10.79,BAC
2011-04-15 07:00:00-04:00,0.27,0.17,-37.6,BAC
2011-01-21 07:00:00-05:00,0.16,0.04,-75.65,BAC
2010-10-19 06:00:00-04:00,0.17,0.27,55.56,BAC
2010-07-16 07:00:00-04:00,0.23,0.27,19.68,BAC
2010-04-16 06:00:00-04:00,0.11,0.28,165.93,BAC
2010-01-20 07:00:00-05:00,-0.52,-0.6,-16.02,BAC
2009-10-16 07:00:00-04:00,-0.02,-0.05,-159.2,BAC
2009-07-17 07:00:00-04:00,0.31,0.33,5.69,BAC
2009-04-20 07:00:00-04:00,0.07,0.17,158.4,BAC
2009-01-16 06:00:00-05:00,0.05,-0.48,-1110.53,BAC
2008-10-06 16:00:00-04:00,0.61,0.15,-75.43,BAC
2008-07-21 07:00:00-04:00,0.51,0.72,42.1,BAC
2008-04-21 07:00:00-04:00,0.45,0.26,-42.72,BAC
2008-01-22 07:00:00-05:00,0.19,-0.15,-180.86,BAC
2007-10-18 07:00:00-04:00,1.04,0.82,-20.82,BAC
2007-07-19 07:00:00-04:00,1.2,1.3,8.42,BAC
2007-04-19 07:00:00-04:00,1.15,1.17,1.65,BAC
2007-01-23 06:00:00-05:00,1.18,1.19,0.85,BAC
2006-10-19 06:00:00-04:00,1.16,1.22,5.45,BAC
2006-07-19 07:00:00-04:00,1.1,1.22,11.37,BAC
2006-04-20 06:00:00-04:00,1.0,1.08,7.78,BAC
2006-01-23 06:00:00-05:00,1.02,0.94,-8.1,BAC
2005-10-19 06:00:00-04:00,1.06,1.04,-2.27,BAC
2005-07-18 06:00:00-04:00,1.01,1.08,7.04,BAC
2005-04-18 06:00:00-04:00,0.97,1.16,19.16,BAC
2005-01-18 06:00:00-05:00,0.94,0.98,3.81,BAC
2004-10-14 06:00:00-04:00,0.91,0.95,4.4,BAC
2004-07-14 07:00:00-04:00,0.87,0.95,9.2,BAC
2004-04-14 07:00:00-04:00,0.9,0.92,2.01,BAC
2004-01-15 06:00:00-05:00,0.89,0.92,3.27,BAC
2003-10-14 06:00:00-04:00,0.85,0.96,13.61,BAC
2003-07-14 06:00:00-04:00,0.78,0.9,14.8,BAC
2003-04-14 07:00:00-04:00,0.74,0.8,7.43,BAC
2003-01-15 17:00:00-05:00,0.83,0.85,1.93,BAC
2002-10-15 07:00:00-04:00,0.71,0.73,2.55,BAC
2002-07-15 07:00:00-04:00,0.7,0.7,0.43,BAC
2002-04-15 07:00:00-04:00,0.67,0.69,2.83,BAC
2002-04-15 07:00:00-04:00,0.56,0.57,2.29,BAC
2026-10-29 08:00:00-04:00,0.52,,,BAX
2026-07-30 07:00:00-04:00,0.37,0.56,52.53,BAX
2026-04-30 07:00:00-04:00,0.31,0.36,15.93,BAX
2026-02-12 07:00:00-05:00,0.54,0.44,-17.8,BAX
2025-10-30 07:00:00-04:00,0.6,0.69,15.4,BAX
2025-07-31 07:00:00-04:00,0.61,0.59,-3.28,BAX
2025-05-01 07:00:00-04:00,0.48,0.55,13.82,BAX
2025-02-20 07:00:00-05:00,0.53,0.58,9.62,BAX
2024-11-08 07:00:00-05:00,0.78,0.8,3.03,BAX
2024-08-06 07:00:00-04:00,0.66,0.68,2.68,BAX
2024-05-02 07:00:00-04:00,0.61,0.65,7.19,BAX
2024-02-08 07:00:00-05:00,0.86,0.88,1.76,BAX
2023-11-02 07:00:00-04:00,0.68,0.68,0.34,BAX
2023-07-27 07:00:00-04:00,0.6,0.55,-8.34,BAX
2023-04-27 07:00:00-04:00,0.49,0.59,19.59,BAX
2023-02-09 07:00:00-05:00,0.94,0.88,-6.06,BAX
2022-10-27 07:00:00-04:00,0.81,0.82,0.65,BAX
2022-07-28 07:00:00-04:00,0.87,0.87,-0.34,BAX
2022-04-28 07:00:00-04:00,0.81,0.93,15.47,BAX
2022-02-17 07:00:00-05:00,1.03,1.04,1.06,BAX
2021-10-28 07:00:00-04:00,0.94,1.02,8.75,BAX
2021-07-29 07:00:00-04:00,0.75,0.8,6.92,BAX
2021-04-29 07:00:00-04:00,0.65,0.76,17.72,BAX
2021-02-04 07:00:00-05:00,0.76,0.8,4.92,BAX
2020-10-29 07:00:00-04:00,0.72,0.83,14.63,BAX
2020-07-30 07:00:00-04:00,0.71,0.64,-10.06,BAX
2020-04-30 08:00:00-04:00,0.74,0.82,10.95,BAX
2020-03-17 07:00:00-04:00,0.88,0.97,10.0,BAX
2020-03-17 07:00:00-04:00,0.84,0.79,-6.02,BAX
2019-07-25 07:00:00-04:00,0.81,0.89,9.55,BAX
2019-04-25 07:00:00-04:00,0.68,0.76,11.56,BAX
2019-01-31 07:00:00-05:00,0.73,0.78,6.78,BAX
2018-10-31 07:00:00-04:00,0.74,0.8,8.04,BAX
2018-07-26 07:00:00-04:00,0.71,0.77,8.75,BAX
2018-04-26 07:00:00-04:00,0.62,0.7,12.55,BAX
2018-02-01 07:00:00-05:00,0.59,0.64,8.56,BAX
2017-10-25 07:00:00-04:00,0.59,0.64,8.06,BAX
2017-07-26 07:00:00-04:00,0.57,0.63,11.15,BAX
2017-04-26 07:00:00-04:00,0.51,0.58,12.67,BAX
2017-02-01 07:00:00-05:00,0.52,0.57,9.28,BAX
2016-10-25 07:00:00-04:00,0.45,0.56,25.58,BAX
2016-07-26 07:00:00-04:00,0.4,0.46,16.1,BAX
2016-04-26 07:00:00-04:00,0.29,0.36,23.38,BAX
2016-02-02 07:00:00-05:00,0.32,0.43,36.21,BAX
2015-10-27 06:00:00-04:00,0.29,0.41,39.76,BAX
2015-07-29 16:00:00-04:00,0.97,1.0,3.03,BAX
2015-04-23 07:00:00-04:00,0.88,1.0,13.92,BAX
2015-01-29 07:00:00-05:00,1.31,1.34,2.14,BAX
2014-10-16 07:00:00-04:00,1.31,1.35,3.3,BAX
2014-07-17 07:00:00-04:00,1.22,1.26,3.43,BAX
2014-04-17 07:00:00-04:00,1.08,1.19,10.26,BAX
2014-01-23 07:00:00-05:00,1.25,1.26,0.64,BAX
2013-10-17 07:00:00-04:00,1.19,1.19,-0.07,BAX
2013-07-18 07:00:00-04:00,1.13,1.16,2.54,BAX
2013-04-18 07:00:00-04:00,1.05,1.05,0.43,BAX
2013-01-24 07:00:00-05:00,1.26,1.26,0.14,BAX
2012-10-18 07:00:00-04:00,1.14,1.14,0.31,BAX
2012-07-19 07:00:00-04:00,1.11,1.12,0.82,BAX
2012-04-19 07:00:00-04:00,1.0,1.01,1.43,BAX
2012-01-26 07:00:00-05:00,1.17,1.17,0.29,BAX
2011-10-20 07:00:00-04:00,1.08,1.09,0.95,BAX
2011-07-21 07:00:00-04:00,1.02,1.07,4.85,BAX
2011-04-21 07:00:00-04:00,0.93,0.98,5.23,BAX
2011-01-27 07:00:00-05:00,1.1,1.11,0.6,BAX
2010-10-21 07:00:00-04:00,0.97,1.01,3.7,BAX
2010-07-22 07:00:00-04:00,0.92,0.93,0.93,BAX
2010-04-22 06:00:00-04:00,0.93,0.93,0.26,BAX
2010-01-28 07:00:00-05:00,1.03,1.03,-0.16,BAX
2009-10-15 07:00:00-04:00,0.97,0.98,1.22,BAX
2009-07-16 07:00:00-04:00,0.94,0.96,1.8,BAX
2009-04-16 07:00:00-04:00,0.81,0.83,2.85,BAX
2009-01-22 07:00:00-05:00,0.89,0.91,2.56,BAX
2008-10-16 07:00:00-04:00,0.82,0.88,7.58,BAX
2008-07-17 07:00:00-04:00,0.82,0.85,3.66,BAX
2008-04-17 07:00:00-04:00,0.72,0.74,2.78,BAX
2008-01-24 07:00:00-05:00,0.74,0.76,2.4,BAX
2007-10-17 19:00:00-04:00,0.66,0.7,6.67,BAX
2007-07-19 07:00:00-04:00,0.67,0.72,6.93,BAX
2007-04-19 07:00:00-04:00,0.55,0.6,9.98,BAX
2007-01-25 07:00:00-05:00,0.61,0.66,7.46,BAX
2006-10-19 07:00:00-04:00,0.55,0.57,3.2,BAX
2006-07-20 07:00:00-04:00,0.52,0.57,9.62,BAX
2006-04-20 07:00:00-04:00,0.41,0.43,4.9,BAX
2006-01-26 07:00:00-05:00,0.58,0.6,4.27,BAX
2005-10-20 07:00:00-04:00,0.46,0.47,1.58,BAX
2005-07-21 07:00:00-04:00,0.44,0.49,10.36,BAX
2005-04-21 07:00:00-04:00,0.34,0.36,5.0,BAX
2005-01-27 07:00:00-05:00,0.56,0.57,2.52,BAX
2004-10-21 07:00:00-04:00,0.42,0.42,-0.47,BAX
2004-07-22 07:00:00-04:00,0.4,0.4,1.01,BAX
2004-04-22 07:00:00-04:00,0.32,0.31,-1.59,BAX
2004-01-29 07:00:00-05:00,0.61,0.55,-10.01,BAX
2003-10-16 06:00:00-04:00,0.48,0.47,-1.05,BAX
2003-07-17 07:00:00-04:00,0.41,0.41,-0.24,BAX
2003-04-16 06:00:00-04:00,0.37,0.36,-1.91,BAX
2003-01-22 06:00:00-05:00,0.6,0.59,-1.02,BAX
2002-10-17 07:00:00-04:00,0.51,0.51,-0.43,BAX
2002-07-18 06:00:00-04:00,0.48,0.48,-0.41,BAX
2002-04-18 06:00:00-04:00,0.41,0.41,-0.97,BAX
2002-01-24 06:00:00-05:00,0.53,0.53,0.24,BAX
2026-10-27 16:00:00-04:00,0.67,,,BE
2026-07-28 16:00:00-04:00,0.41,0.78,91.83,BE
2026-04-28 16:00:00-04:00,0.13,0.44,242.44,BE
2026-02-05 16:00:00-05:00,0.3,0.45,50.38,BE
2025-10-28 16:00:00-04:00,0.1,0.15,47.04,BE
2025-07-31 16:00:00-04:00,0.02,0.1,457.1,BE
2025-04-30 16:00:00-04:00,-0.06,0.03,147.37,BE
2025-02-27 16:00:00-05:00,0.31,0.43,39.93,BE
2024-11-07 16:00:00-05:00,0.08,-0.01,-112.12,BE
2024-08-08 16:00:00-04:00,-0.05,-0.06,-31.49,BE
2024-05-08 20:00:00-04:00,-0.11,-0.17,-52.7,BE
2024-02-15 16:00:00-05:00,0.1,0.07,-33.06,BE
2023-11-08 16:00:00-05:00,-0.04,0.15,447.95,BE
2023-08-03 16:00:00-04:00,-0.14,-0.17,-25.6,BE
2023-05-09 16:00:00-04:00,-0.21,-0.22,-3.27,BE
2023-02-09 16:00:00-05:00,0.11,0.27,135.87,BE
2022-11-03 16:00:00-04:00,-0.09,-0.2,-131.21,BE
2022-08-09 16:00:00-04:00,-0.18,-0.32,-74.8,BE
2022-05-05 16:00:00-04:00,-0.11,-0.32,-198.06,BE
2022-02-10 16:00:00-05:00,-0.04,-0.05,-26.87,BE
2021-11-04 16:00:00-04:00,-0.09,-0.2,-126.47,BE
2021-08-04 16:00:00-04:00,-0.05,-0.23,-330.47,BE
2021-05-05 16:00:00-04:00,-0.08,-0.07,9.44,BE
2021-02-10 16:00:00-05:00,,-0.08,-6500.0,BE
2020-10-29 16:00:00-04:00,-0.14,-0.04,70.73,BE
2020-07-28 16:00:00-04:00,-0.29,-0.23,21.23,BE
2020-05-11 16:00:00-04:00,-0.43,-0.34,20.93,BE
2020-03-16 16:00:00-04:00,0.04,0.04,4.36,BE
2019-11-08 06:00:00-05:00,0.03,0.01,-64.7,BE
2019-08-12 16:00:00-04:00,-0.17,-0.13,24.41,BE
2019-05-06 15:00:00-04:00,-0.25,-0.22,12.5,BE
2019-02-05 16:00:00-05:00,-0.18,-0.12,34.07,BE
2018-11-06 14:00:00-05:00,-0.17,-0.12,28.2,BE
2026-10-28 16:00:00-04:00,1.22,,,BHC
2026-07-29 16:00:00-04:00,1.01,1.26,25.12,BHC
2026-04-29 16:00:00-04:00,0.69,0.78,12.81,BHC
2026-02-18 16:00:00-05:00,1.26,1.1,-12.85,BHC
2025-10-29 16:00:00-04:00,1.06,1.16,10.0,BHC
2025-07-30 16:00:00-04:00,0.94,0.91,-4.09,BHC
2025-04-30 16:00:00-04:00,0.85,0.61,-28.26,BHC
2025-02-19 16:00:00-05:00,1.13,1.16,2.96,BHC
2024-10-30 16:00:00-04:00,1.02,1.12,9.63,BHC
2024-08-01 07:00:00-04:00,0.88,0.98,12.24,BHC
2024-05-02 07:00:00-04:00,0.72,0.59,-17.83,BHC
2024-02-22 07:00:00-05:00,1.02,1.17,14.75,BHC
2023-11-02 07:00:00-04:00,0.92,1.03,12.04,BHC
2023-08-03 16:00:00-04:00,0.73,0.81,10.26,BHC
2023-05-04 16:00:00-04:00,0.68,0.53,-21.96,BHC
2023-02-23 07:00:00-05:00,0.95,1.03,8.31,BHC
2022-11-03 07:00:00-04:00,0.78,0.76,-2.09,BHC
2022-08-09 07:00:00-04:00,0.91,0.55,-39.34,BHC
2022-05-10 06:00:00-04:00,1.03,0.72,-29.46,BHC
2022-02-23 06:00:00-05:00,1.15,1.27,10.21,BHC
2021-11-02 06:00:00-04:00,1.06,1.15,7.85,BHC
2021-08-03 06:00:00-04:00,0.95,0.97,1.41,BHC
2021-05-04 06:00:00-04:00,0.95,1.02,6.78,BHC
2021-02-24 06:00:00-05:00,1.11,1.33,19.75,BHC
2020-11-03 06:00:00-05:00,1.04,1.31,26.18,BHC
2020-08-06 06:00:00-04:00,0.65,0.46,-28.74,BHC
2020-05-07 07:00:00-04:00,0.88,0.89,1.12,BHC
2020-02-19 06:00:00-05:00,1.13,1.15,1.54,BHC
2019-11-04 06:00:00-05:00,1.09,1.21,11.75,BHC
2019-08-06 07:00:00-04:00,1.06,1.07,1.03,BHC
2019-05-06 07:00:00-04:00,0.86,1.03,20.64,BHC
2019-02-20 07:00:00-05:00,0.84,1.05,24.48,BHC
2018-11-06 07:00:00-05:00,0.86,1.15,33.31,BHC
2018-08-07 07:00:00-04:00,0.8,0.93,16.96,BHC
2018-05-08 07:00:00-04:00,0.6,0.88,48.41,BHC
2018-02-28 07:00:00-05:00,0.96,0.98,2.14,BHC
2017-11-07 07:00:00-05:00,0.89,1.04,16.71,BHC
2017-08-08 07:00:00-04:00,0.96,1.05,9.04,BHC
2017-05-09 07:00:00-04:00,0.82,0.78,-5.04,BHC
2017-02-28 07:00:00-05:00,1.2,1.26,4.59,BHC
2016-11-08 06:00:00-05:00,1.76,1.55,-11.97,BHC
2016-08-09 07:00:00-04:00,1.48,1.4,-5.17,BHC
2016-06-07 06:00:00-04:00,1.37,1.27,-7.07,BHC
2016-03-15 06:00:00-04:00,2.62,2.5,-4.66,BHC
2015-10-19 06:00:00-04:00,2.7,2.74,1.66,BHC
2015-07-23 06:00:00-04:00,2.47,2.56,3.83,BHC
2015-04-29 06:00:00-04:00,2.34,2.36,0.87,BHC
2015-02-22 16:00:00-05:00,2.56,2.58,0.81,BHC
2014-10-20 07:00:00-04:00,1.99,2.11,6.02,BHC
2014-07-31 06:00:00-04:00,1.9,1.91,0.51,BHC
2014-05-08 06:00:00-04:00,1.73,1.76,1.81,BHC
2014-02-27 06:00:00-05:00,2.06,2.15,4.42,BHC
2013-10-31 06:00:00-04:00,1.42,1.43,0.98,BHC
2013-08-07 06:00:00-04:00,1.28,1.34,4.94,BHC
2013-05-02 06:00:00-04:00,1.25,1.3,4.0,BHC
2013-02-28 06:00:00-05:00,1.21,1.22,1.04,BHC
2012-11-02 06:00:00-04:00,1.13,1.15,2.14,BHC
2012-08-02 07:00:00-04:00,1.0,1.01,1.46,BHC
2012-05-03 08:00:00-04:00,0.96,1.14,18.26,BHC
2012-02-27 08:00:00-05:00,0.85,0.94,10.54,BHC
2011-11-03 08:00:00-04:00,0.57,0.66,15.27,BHC
2011-08-04 08:00:00-04:00,0.65,0.73,12.79,BHC
2011-05-09 08:00:00-04:00,0.5,0.62,22.82,BHC
2011-02-24 08:00:00-05:00,0.47,0.51,8.97,BHC
2010-11-04 06:00:00-04:00,0.42,-0.28,-166.09,BHC
2010-08-05 07:00:00-04:00,0.32,0.34,5.59,BHC
2010-05-06 07:00:00-04:00,0.28,0.31,12.5,BHC
2010-02-25 07:00:00-05:00,0.38,0.56,49.05,BHC
2009-11-05 07:00:00-05:00,0.41,0.32,-22.66,BHC
2009-08-06 07:00:00-04:00,0.34,0.34,-0.83,BHC
2009-05-06 07:00:00-04:00,0.3,0.29,-2.11,BHC
2009-02-26 07:00:00-05:00,0.32,0.34,7.74,BHC
2008-11-06 07:00:00-05:00,0.27,0.36,32.35,BHC
2008-08-13 07:00:00-04:00,0.35,0.37,6.05,BHC
2008-05-08 07:00:00-04:00,0.38,0.35,-7.65,BHC
2008-03-13 19:00:00-04:00,0.39,0.45,15.17,BHC
2007-11-08 07:00:00-05:00,0.4,0.42,5.56,BHC
2007-08-08 07:00:00-04:00,0.37,0.4,8.37,BHC
2007-05-10 07:00:00-04:00,0.39,0.59,51.92,BHC
2007-03-15 07:00:00-04:00,0.77,0.93,21.02,BHC
2006-11-09 07:00:00-05:00,0.64,0.83,28.88,BHC
2006-08-10 07:00:00-04:00,0.46,0.5,9.56,BHC
2006-05-11 07:00:00-04:00,0.35,0.43,21.81,BHC
2006-03-23 07:00:00-05:00,0.74,0.77,3.96,BHC
2005-11-11 07:00:00-05:00,0.61,0.74,21.57,BHC
2005-08-04 07:00:00-04:00,0.26,0.34,29.12,BHC
2005-05-05 07:00:00-04:00,0.08,0.07,-13.33,BHC
2005-03-10 07:00:00-05:00,0.51,0.53,4.57,BHC
2004-11-04 07:00:00-05:00,0.36,0.31,-14.42,BHC
2004-08-04 07:00:00-04:00,0.25,0.28,13.53,BHC
2004-04-29 07:00:00-04:00,0.13,0.18,34.33,BHC
2004-03-03 07:00:00-05:00,0.27,0.27,1.57,BHC
2003-10-30 08:00:00-05:00,0.39,0.22,-43.59,BHC
2003-07-29 08:00:00-04:00,0.46,0.52,12.13,BHC
2003-04-29 07:00:00-04:00,0.38,0.39,2.63,BHC
2003-03-04 07:00:00-05:00,0.56,0.6,6.19,BHC
2002-10-29 07:00:00-05:00,0.46,0.47,2.04,BHC
2002-07-25 07:00:00-04:00,0.38,0.39,4.0,BHC
2002-04-25 07:00:00-04:00,0.3,0.32,6.39,BHC
2002-02-21 07:00:00-05:00,0.43,0.46,6.08,BHC
2026-11-18 07:00:00-05:00,8.2,,,BIDU
2026-08-18 05:00:00-04:00,9.84,7.22,-26.6,BIDU
2026-05-18 05:00:00-04:00,11.43,12.06,5.52,BIDU
2026-02-26 04:00:00-05:00,9.65,10.62,10.09,BIDU
2025-11-18 04:00:00-05:00,8.2,11.12,35.54,BIDU
2025-08-20 05:00:00-04:00,13.33,13.58,1.84,BIDU
2025-05-21 05:00:00-04:00,13.84,18.54,33.99,BIDU
2025-02-18 04:00:00-05:00,13.44,19.18,42.72,BIDU
2024-11-21 04:00:00-05:00,17.9,16.6,-7.28,BIDU
2024-08-22 05:00:00-04:00,18.69,21.02,12.45,BIDU
2024-05-16 05:00:00-04:00,15.81,19.91,25.93,BIDU
2024-02-28 04:00:00-05:00,18.02,21.86,21.31,BIDU
2023-11-21 04:00:00-05:00,17.04,20.4,19.75,BIDU
2023-08-22 05:00:00-04:00,16.92,22.55,33.24,BIDU
2023-05-16 05:00:00-04:00,12.79,16.1,25.86,BIDU
2023-02-22 04:00:00-05:00,14.09,15.25,8.2,BIDU
2022-11-22 04:00:00-05:00,15.66,16.87,7.75,BIDU
2022-08-30 04:00:00-04:00,10.83,15.79,45.8,BIDU
2022-05-26 04:00:00-04:00,5.58,11.22,101.14,BIDU
2022-03-01 03:00:00-05:00,9.2,11.6,26.08,BIDU
2021-11-17 03:00:00-05:00,12.84,14.66,14.19,BIDU
2021-08-12 05:00:00-04:00,13.32,15.41,15.69,BIDU
2021-05-18 05:00:00-04:00,10.37,12.38,19.43,BIDU
2021-02-17 16:00:00-05:00,16.73,20.08,20.06,BIDU
2020-11-16 16:00:00-05:00,13.08,20.35,55.57,BIDU
2020-08-13 16:00:00-04:00,9.87,14.73,49.22,BIDU
2020-05-18 16:00:00-04:00,3.98,8.84,122.1,BIDU
2020-02-27 16:00:00-05:00,24.03,26.54,10.45,BIDU
2019-11-06 16:00:00-05:00,8.17,12.61,54.34,BIDU
2019-08-19 16:00:00-04:00,6.42,10.11,57.45,BIDU
2019-05-16 16:00:00-04:00,3.05,2.77,-9.22,BIDU
2019-02-21 16:00:00-05:00,12.31,13.18,7.1,BIDU
2018-10-30 16:00:00-04:00,17.59,19.01,8.07,BIDU
2018-07-31 18:00:00-04:00,16.93,21.06,24.38,BIDU
2018-04-26 16:00:00-04:00,10.6,16.3,53.73,BIDU
2018-02-13 16:00:00-05:00,13.52,14.9,10.17,BIDU
2017-10-26 16:00:00-04:00,13.67,25.94,89.78,BIDU
2017-07-27 16:00:00-04:00,9.87,16.0,62.12,BIDU
2017-04-27 16:00:00-04:00,6.23,6.85,9.95,BIDU
2017-02-23 16:00:00-05:00,7.3,13.23,81.16,BIDU
2016-10-27 16:00:00-04:00,7.41,9.92,33.95,BIDU
2016-07-28 16:00:00-04:00,8.11,8.08,-0.42,BIDU
2016-04-28 16:00:00-04:00,6.72,6.86,2.21,BIDU
2016-02-25 16:00:00-05:00,7.93,72.52,814.24,BIDU
2015-10-29 18:00:00-04:00,8.24,9.09,10.3,BIDU
2015-07-27 16:00:00-04:00,11.46,11.24,-1.96,BIDU
2015-04-29 16:00:00-04:00,7.05,7.56,7.26,BIDU
2015-02-11 16:00:00-05:00,10.4,10.05,-3.39,BIDU
2014-10-29 16:00:00-04:00,10.54,11.61,10.1,BIDU
2014-07-24 16:00:00-04:00,8.84,10.72,21.19,BIDU
2014-04-24 16:00:00-04:00,6.33,7.75,22.44,BIDU
2014-02-26 16:00:00-05:00,8.5,8.4,-1.12,BIDU
2013-10-29 16:00:00-04:00,8.84,9.02,1.99,BIDU
2013-07-24 16:00:00-04:00,7.46,7.74,3.68,BIDU
2013-04-25 16:00:00-04:00,6.35,6.18,-2.72,BIDU
2013-02-04 16:00:00-05:00,8.07,7.98,-1.08,BIDU
2012-10-29 16:00:00-04:00,8.16,8.56,4.89,BIDU
2012-07-23 16:00:00-04:00,7.03,7.92,12.65,BIDU
2012-04-24 16:00:00-04:00,5.31,5.36,0.99,BIDU
2012-02-16 16:00:00-05:00,5.67,5.86,3.44,BIDU
2011-10-27 16:00:00-04:00,5.31,5.35,0.58,BIDU
2011-07-25 16:00:00-04:00,4.25,4.64,9.4,BIDU
2011-04-27 17:00:00-04:00,3.02,3.06,1.4,BIDU
2011-01-31 16:00:00-05:00,3.04,3.3,8.57,BIDU
2010-10-21 17:00:00-04:00,2.79,2.99,7.19,BIDU
2010-07-21 16:00:00-04:00,2.1,2.37,13.18,BIDU
2010-04-28 17:00:00-04:00,1.02,1.38,35.14,BIDU
2010-02-09 16:00:00-05:00,1.16,1.23,5.86,BIDU
2009-10-26 17:00:00-04:00,1.25,1.48,17.59,BIDU
2009-07-23 17:00:00-04:00,1.06,1.17,10.29,BIDU
2009-04-27 17:00:00-04:00,0.58,0.59,1.65,BIDU
2009-02-18 17:00:00-05:00,0.97,0.9,-7.82,BIDU
2008-10-22 17:00:00-04:00,0.91,1.05,15.31,BIDU
2008-07-23 17:00:00-04:00,0.72,0.84,16.38,BIDU
2008-04-24 17:00:00-04:00,0.45,0.47,3.29,BIDU
2008-02-13 16:00:00-05:00,0.54,0.66,21.72,BIDU
2007-10-25 17:00:00-04:00,0.51,0.54,4.61,BIDU
2007-07-25 16:00:00-04:00,0.37,0.43,16.96,BIDU
2007-04-26 16:00:00-04:00,0.27,0.29,4.05,BIDU
2007-02-14 16:00:00-05:00,0.28,0.39,39.75,BIDU
2006-10-31 16:00:00-05:00,0.22,0.29,33.28,BIDU
2006-07-26 16:00:00-04:00,0.16,0.2,21.2,BIDU
2006-05-09 16:00:00-04:00,0.09,0.13,40.81,BIDU
2006-02-21 17:00:00-05:00,0.06,0.07,15.53,BIDU
2005-10-26 16:00:00-04:00,0.05,0.06,25.14,BIDU
2026-10-28 08:00:00-04:00,2.04,,,BIIB
2026-07-29 06:00:00-04:00,2.03,3.6,77.38,BIIB
2026-04-29 06:00:00-04:00,2.95,3.57,20.93,BIIB
2026-02-06 06:00:00-05:00,1.62,1.99,23.18,BIIB
2025-10-30 06:00:00-04:00,3.88,4.81,23.88,BIIB
2025-07-31 06:00:00-04:00,3.88,5.47,40.97,BIIB
2025-05-01 06:00:00-04:00,2.95,3.02,2.43,BIIB
2025-02-12 07:00:00-05:00,3.36,3.44,2.26,BIIB
2024-10-30 06:00:00-04:00,3.79,4.08,7.79,BIIB
2024-08-01 06:00:00-04:00,4.03,5.28,31.03,BIIB
2024-04-24 07:00:00-04:00,3.46,3.67,6.0,BIIB
2024-02-13 07:00:00-05:00,3.18,2.95,-7.21,BIIB
2023-11-08 07:00:00-05:00,3.98,4.36,9.42,BIIB
2023-07-25 07:00:00-04:00,3.76,4.02,6.9,BIIB
2023-04-25 07:00:00-04:00,3.28,3.4,3.53,BIIB
2023-02-15 07:00:00-05:00,3.48,4.05,16.24,BIIB
2022-10-25 07:00:00-04:00,4.13,4.77,15.5,BIIB
2022-07-20 07:00:00-04:00,4.07,5.25,29.01,BIIB
2022-05-03 07:00:00-04:00,4.36,3.62,-17.04,BIIB
2022-02-03 07:00:00-05:00,3.37,3.39,0.59,BIIB
2021-10-20 07:00:00-04:00,4.1,4.77,16.46,BIIB
2021-07-22 07:00:00-04:00,4.6,5.68,23.52,BIIB
2021-04-22 07:00:00-04:00,4.94,5.34,8.1,BIIB
2021-02-03 07:00:00-05:00,4.8,4.58,-4.54,BIIB
2020-10-21 07:00:00-04:00,8.05,8.84,9.81,BIIB
2020-07-22 07:00:00-04:00,8.0,10.26,28.2,BIIB
2020-04-22 07:00:00-04:00,7.69,9.14,18.93,BIIB
2020-01-30 06:00:00-05:00,8.08,8.34,3.26,BIIB
2019-10-22 07:00:00-04:00,8.27,9.17,10.84,BIIB
2019-07-23 06:00:00-04:00,7.53,9.15,21.44,BIIB
2019-04-24 06:00:00-04:00,6.96,6.98,0.3,BIIB
2019-01-29 06:00:00-05:00,6.72,6.99,4.04,BIIB
2018-10-23 06:00:00-04:00,6.76,7.4,9.45,BIIB
2018-07-24 06:00:00-04:00,5.14,5.8,12.74,BIIB
2018-04-24 06:00:00-04:00,5.94,6.05,1.89,BIIB
2018-01-25 06:00:00-05:00,5.45,5.26,-3.53,BIIB
2017-10-24 06:00:00-04:00,5.72,6.31,10.29,BIIB
2017-07-25 06:00:00-04:00,4.37,5.04,15.27,BIIB
2017-04-25 06:00:00-04:00,4.97,5.2,4.53,BIIB
2017-01-26 06:00:00-05:00,4.96,5.04,1.57,BIIB
2016-10-26 06:00:00-04:00,4.97,5.19,4.44,BIIB
2016-07-21 07:00:00-04:00,4.69,5.21,11.2,BIIB
2016-04-21 07:00:00-04:00,4.47,4.79,7.18,BIIB
2016-01-27 07:00:00-05:00,4.08,4.5,10.33,BIIB
2015-10-21 07:00:00-04:00,3.81,4.48,17.63,BIIB
2015-07-24 06:00:00-04:00,4.09,4.22,3.13,BIIB
2015-04-24 07:00:00-04:00,3.9,3.82,-2.01,BIIB
2015-01-29 16:00:00-05:00,3.77,4.09,8.44,BIIB
2014-10-22 07:00:00-04:00,3.46,3.8,9.77,BIIB
2014-07-23 06:00:00-04:00,2.84,3.49,22.79,BIIB
2014-04-23 07:00:00-04:00,2.55,2.47,-3.31,BIIB
2014-01-29 06:00:00-05:00,2.27,2.34,2.95,BIIB
2013-10-28 07:00:00-04:00,2.11,2.35,11.54,BIIB
2013-07-25 07:00:00-04:00,1.95,2.3,17.66,BIIB
2013-04-25 06:00:00-04:00,1.63,1.97,21.06,BIIB
2013-01-28 06:00:00-05:00,1.46,1.4,-4.03,BIIB
2012-10-25 07:00:00-04:00,1.6,1.91,19.44,BIIB
2012-07-24 07:00:00-04:00,1.57,1.82,16.23,BIIB
2012-05-01 07:00:00-04:00,1.48,1.4,-5.62,BIIB
2012-01-31 07:00:00-05:00,1.49,1.51,1.36,BIIB
2011-10-28 07:00:00-04:00,1.53,1.61,5.5,BIIB
2011-07-26 07:00:00-04:00,1.33,1.36,2.26,BIIB
2011-04-21 06:00:00-04:00,1.41,1.43,1.16,BIIB
2011-02-01 07:00:00-05:00,1.22,1.42,15.98,BIIB
2010-10-26 07:00:00-04:00,1.22,1.35,10.68,BIIB
2010-07-20 07:00:00-04:00,1.12,1.31,17.49,BIIB
2010-04-20 06:00:00-04:00,1.13,1.08,-4.39,BIIB
2010-02-09 07:00:00-05:00,1.05,1.2,14.51,BIIB
2009-10-20 07:00:00-04:00,1.04,1.12,7.88,BIIB
2009-07-16 07:00:00-04:00,0.73,0.75,2.99,BIIB
2009-04-16 16:00:00-04:00,1.0,1.05,4.58,BIIB
2009-02-06 07:00:00-05:00,0.92,0.93,1.12,BIIB
2008-10-21 07:00:00-04:00,0.89,0.98,9.87,BIIB
2008-07-22 07:00:00-04:00,0.85,0.91,7.69,BIIB
2008-04-23 07:00:00-04:00,0.79,0.83,5.42,BIIB
2008-02-06 07:00:00-05:00,0.81,0.89,10.05,BIIB
2007-10-23 07:00:00-04:00,0.64,0.58,-9.78,BIIB
2007-07-24 07:00:00-04:00,0.63,0.7,10.76,BIIB
2007-05-02 07:00:00-04:00,0.61,0.59,-2.84,BIIB
2007-02-15 07:00:00-05:00,0.55,0.53,-3.46,BIIB
2006-10-31 07:00:00-05:00,0.47,0.57,20.76,BIIB
2006-07-26 07:00:00-04:00,0.48,0.57,19.25,BIIB
2006-04-26 07:00:00-04:00,0.47,0.52,11.59,BIIB
2006-02-15 16:00:00-05:00,0.47,0.48,2.13,BIIB
2005-10-26 16:00:00-04:00,0.43,0.36,-15.29,BIIB
2005-07-26 16:00:00-04:00,0.36,0.43,19.44,BIIB
2005-04-27 16:00:00-04:00,0.37,0.3,-18.01,BIIB
2005-02-07 16:00:00-05:00,0.36,0.34,-6.34,BIIB
2004-10-27 16:00:00-04:00,0.35,0.37,5.41,BIIB
2004-07-28 07:00:00-04:00,0.32,0.34,6.25,BIIB
2004-04-30 07:00:00-04:00,0.34,0.4,16.96,BIIB
2004-03-02 17:00:00-05:00,0.31,0.24,-23.56,BIIB
2003-10-14 16:00:00-04:00,0.26,0.26,0.78,BIIB
2003-07-17 16:00:00-04:00,0.24,0.24,1.27,BIIB
2003-04-15 16:00:00-04:00,0.24,0.24,1.27,BIIB
2003-01-30 16:00:00-05:00,0.25,0.26,4.35,BIIB
2002-10-16 16:00:00-04:00,0.21,0.22,4.09,BIIB
2002-07-17 16:00:00-04:00,0.2,0.2,,BIIB
2002-04-18 16:00:00-04:00,0.17,0.17,2.41,BIIB
2002-01-29 16:00:00-05:00,0.17,0.16,-3.03,BIIB
2026-11-03 15:00:00-05:00,4.5,,,BKNG
2026-08-04 16:00:00-04:00,2.43,2.54,4.49,BKNG
2026-04-28 16:00:00-04:00,1.08,1.14,5.67,BKNG
2026-02-18 16:00:00-05:00,1.95,1.95,0.27,BKNG
2025-10-28 16:00:00-04:00,3.84,3.98,3.73,BKNG
2025-07-29 16:00:00-04:00,2.02,2.22,9.93,BKNG
2025-04-29 16:00:00-04:00,0.7,0.99,41.23,BKNG
2025-02-20 16:00:00-05:00,1.44,1.66,15.12,BKNG
2024-10-30 16:00:00-04:00,3.1,3.36,8.42,BKNG
2024-08-01 17:00:00-04:00,1.55,1.68,8.28,BKNG
2024-05-02 16:00:00-04:00,0.57,0.82,44.24,BKNG
2024-02-22 16:00:00-05:00,1.2,1.28,6.48,BKNG
2023-11-02 16:00:00-04:00,2.72,2.89,6.49,BKNG
2023-08-03 16:00:00-04:00,1.17,1.5,29.01,BKNG
2023-05-04 16:00:00-04:00,0.43,0.46,8.0,BKNG
2023-02-23 16:00:00-05:00,0.88,0.99,11.83,BKNG
2022-11-02 16:00:00-04:00,1.99,2.12,6.38,BKNG
2022-08-03 16:00:00-04:00,0.71,0.76,7.99,BKNG
2022-05-04 16:00:00-04:00,0.05,0.16,193.84,BKNG
2022-02-23 16:00:00-05:00,0.54,0.63,17.08,BKNG
2021-11-03 16:00:00-04:00,1.32,1.51,14.14,BKNG
2021-08-04 16:00:00-04:00,-0.09,-0.1,-18.34,BKNG
2021-05-05 16:00:00-04:00,-0.24,-0.21,13.87,BKNG
2021-02-24 16:00:00-05:00,-0.17,-0.02,86.5,BKNG
2020-11-05 17:00:00-05:00,0.57,0.49,-13.83,BKNG
2020-08-06 17:00:00-04:00,-0.46,-0.43,6.65,BKNG
2020-05-07 17:00:00-04:00,0.21,0.15,-26.64,BKNG
2020-02-26 16:00:00-05:00,0.88,0.93,5.32,BKNG
2019-11-07 16:00:00-05:00,1.78,1.81,2.09,BKNG
2019-08-07 16:00:00-04:00,0.91,0.94,3.42,BKNG
2019-05-09 16:00:00-04:00,0.45,0.45,-0.84,BKNG
2019-02-27 16:00:00-05:00,0.78,0.9,15.3,BKNG
2018-11-05 16:00:00-05:00,1.53,1.51,-0.91,BKNG
2018-08-09 08:00:00-04:00,0.69,0.83,19.04,BKNG
2018-05-09 16:00:00-04:00,0.43,0.48,12.53,BKNG
2018-02-27 16:00:00-05:00,0.56,0.67,19.39,BKNG
2017-11-06 16:00:00-05:00,1.37,1.41,2.82,BKNG
2017-08-08 16:00:00-04:00,0.57,0.61,6.4,BKNG
2017-05-09 16:00:00-04:00,0.35,0.4,12.36,BKNG
2017-02-27 16:00:00-05:00,0.52,0.57,9.22,BKNG
2016-11-07 16:00:00-05:00,1.2,1.25,4.2,BKNG
2016-08-04 16:00:00-04:00,0.51,0.56,9.86,BKNG
2016-05-04 07:00:00-04:00,0.38,0.42,9.63,BKNG
2016-02-17 07:00:00-05:00,0.47,0.51,6.98,BKNG
2015-11-09 07:00:00-05:00,0.97,1.01,4.56,BKNG
2015-08-05 07:00:00-04:00,0.47,0.5,5.07,BKNG
2015-05-07 07:00:00-04:00,0.31,0.32,5.13,BKNG
2015-02-19 07:00:00-05:00,0.4,0.43,7.43,BKNG
2014-11-04 07:00:00-05:00,0.84,0.89,5.08,BKNG
2014-08-11 07:00:00-04:00,0.48,0.5,3.74,BKNG
2014-05-08 04:00:00-04:00,0.28,0.31,12.81,BKNG
2014-02-20 16:00:00-05:00,0.33,0.35,6.76,BKNG
2013-11-07 16:00:00-05:00,0.65,0.69,7.25,BKNG
2013-08-08 16:00:00-04:00,0.38,0.39,2.74,BKNG
2013-05-09 16:00:00-04:00,0.21,0.23,8.92,BKNG
2013-02-26 16:00:00-05:00,0.26,0.27,4.11,BKNG
2012-11-01 16:00:00-04:00,0.47,0.5,4.91,BKNG
2012-08-07 16:00:00-04:00,0.29,0.31,6.6,BKNG
2012-05-09 16:00:00-04:00,0.16,0.17,7.64,BKNG
2012-02-27 16:00:00-05:00,0.2,0.21,7.1,BKNG
2011-11-07 15:00:00-05:00,0.37,0.4,7.05,BKNG
2011-08-04 16:00:00-04:00,0.2,0.22,11.77,BKNG
2011-05-05 16:00:00-04:00,0.1,0.11,8.39,BKNG
2011-02-23 16:00:00-05:00,0.12,0.14,11.26,BKNG
2010-11-08 16:00:00-05:00,0.19,0.21,11.99,BKNG
2010-08-03 16:00:00-04:00,0.11,0.12,16.49,BKNG
2010-05-10 16:00:00-04:00,0.07,0.07,1.93,BKNG
2010-02-17 16:00:00-05:00,0.07,0.08,21.08,BKNG
2009-11-09 16:00:00-05:00,0.12,0.14,19.52,BKNG
2009-08-10 08:00:00-04:00,0.07,0.08,13.28,BKNG
2009-05-11 08:00:00-04:00,0.04,0.04,18.48,BKNG
2009-02-18 16:00:00-05:00,0.04,0.05,21.47,BKNG
2008-11-06 16:00:00-05:00,0.08,0.1,13.97,BKNG
2008-08-05 16:00:00-04:00,0.06,0.06,10.44,BKNG
2008-05-08 16:00:00-04:00,0.02,0.03,27.3,BKNG
2008-02-14 16:00:00-05:00,0.03,0.04,14.52,BKNG
2007-11-08 16:00:00-05:00,0.05,0.06,22.89,BKNG
2007-08-07 16:00:00-04:00,0.04,0.04,24.86,BKNG
2007-05-08 16:00:00-04:00,0.02,0.02,10.68,BKNG
2007-02-12 16:00:00-05:00,0.02,0.02,44.73,BKNG
2006-11-08 16:00:00-05:00,0.03,0.03,7.46,BKNG
2006-08-07 16:00:00-04:00,0.02,0.02,9.07,BKNG
2006-05-03 16:00:00-04:00,0.01,0.01,3.97,BKNG
2006-02-16 16:00:00-05:00,0.01,0.01,3.04,BKNG
2005-11-02 16:00:00-05:00,0.01,0.02,25.92,BKNG
2005-08-08 16:00:00-04:00,0.01,0.02,9.48,BKNG
2005-05-09 16:00:00-04:00,0.01,0.01,5.0,BKNG
2005-02-17 16:00:00-05:00,0.01,0.01,38.8,BKNG
2004-11-02 16:00:00-05:00,0.01,0.01,2.28,BKNG
2004-08-02 16:00:00-04:00,0.01,0.01,2.56,BKNG
2004-05-03 16:00:00-04:00,,0.01,62.5,BKNG
2004-02-10 16:00:00-05:00,,,50.0,BKNG
2003-11-04 16:00:00-05:00,0.01,0.01,12.94,BKNG
2003-07-24 16:00:00-04:00,0.01,0.01,-11.11,BKNG
2003-07-24 16:00:00-04:00,0.01,0.01,39.62,BKNG
2003-05-01 16:00:00-04:00,,,100.0,BKNG
2003-02-10 17:00:00-05:00,,,155.56,BKNG
2002-11-05 16:00:00-05:00,,,-100.0,BKNG
2002-07-31 16:00:00-04:00,,,-91.67,BKNG
2002-05-01 16:00:00-04:00,-0.01,,90.0,BKNG
2026-10-27 16:00:00-04:00,0.62,,,BKR
2026-07-26 17:00:00-04:00,0.49,0.64,31.47,BKR
2026-04-23 17:00:00-04:00,0.49,0.58,17.94,BKR
2026-01-25 17:00:00-05:00,0.67,0.78,16.74,BKR
2025-10-23 17:00:00-04:00,0.62,0.68,9.29,BKR
2025-07-22 17:00:00-04:00,0.55,0.63,13.61,BKR
2025-04-22 17:00:00-04:00,0.47,0.51,7.59,BKR
2025-01-30 17:00:00-05:00,0.63,0.7,11.85,BKR
2024-10-22 17:00:00-04:00,0.61,0.67,10.38,BKR
2024-07-25 17:00:00-04:00,0.49,0.57,16.39,BKR
2024-04-23 17:00:00-04:00,0.4,0.43,8.62,BKR
2024-01-23 17:00:00-05:00,0.48,0.51,6.88,BKR
2023-10-25 17:00:00-04:00,0.4,0.42,5.82,BKR
2023-07-19 07:00:00-04:00,0.33,0.39,16.92,BKR
2023-04-19 07:00:00-04:00,0.26,0.28,7.49,BKR
2023-01-23 07:00:00-05:00,0.4,0.38,-5.29,BKR
2022-10-19 07:00:00-04:00,0.25,0.26,5.83,BKR
2022-07-20 07:00:00-04:00,0.22,0.11,-48.87,BKR
2022-04-20 07:00:00-04:00,0.2,0.15,-23.66,BKR
2022-01-20 07:00:00-05:00,0.29,0.25,-12.84,BKR
2021-10-20 07:00:00-04:00,0.21,0.16,-25.06,BKR
2021-07-21 07:00:00-04:00,0.16,0.1,-36.84,BKR
2021-04-21 06:00:00-04:00,0.12,0.12,0.98,BKR
2021-01-21 07:00:00-05:00,0.16,-0.07,-144.19,BKR
2020-10-21 07:00:00-04:00,0.04,0.04,7.15,BKR
2020-07-22 07:00:00-04:00,,-0.05,-1134.57,BKR
2020-04-22 08:00:00-04:00,0.11,0.11,-0.89,BKR
2020-01-22 07:00:00-05:00,0.31,0.27,-13.69,BKR
2019-10-30 06:00:00-04:00,0.24,0.21,-13.61,BKR
2019-07-31 06:00:00-04:00,0.19,0.2,5.12,BKR
2019-04-30 06:00:00-04:00,0.14,0.15,10.95,BKR
2019-01-31 06:00:00-05:00,0.27,0.26,-2.36,BKR
2018-10-30 06:00:00-04:00,0.21,0.19,-9.16,BKR
2018-07-20 06:00:00-04:00,0.14,0.1,-27.1,BKR
2018-04-20 06:00:00-04:00,0.06,0.09,51.13,BKR
2018-01-24 06:00:00-05:00,0.14,0.15,7.47,BKR
2017-10-20 06:00:00-04:00,0.12,0.05,-57.3,BKR
2017-07-28 07:00:00-04:00,-0.12,-0.11,9.73,BKR
2026-11-20 15:00:00-05:00,0.2,,,BMNR
2026-07-14 16:00:00-04:00,0.18,-0.13,-171.25,BMNR
2026-04-14 16:00:00-04:00,0.17,-0.08,-147.06,BMNR
2026-01-13 17:00:00-05:00,0.15,-0.19,-229.07,BMNR
2025-11-21 15:00:00-05:00,-0.1,16.01,16110.0,BMNR
2026-10-29 08:00:00-04:00,1.7,,,BMY
2026-07-30 07:00:00-04:00,1.6,2.04,27.74,BMY
2026-04-30 07:00:00-04:00,1.42,1.58,11.18,BMY
2026-02-05 07:00:00-05:00,1.2,1.26,4.57,BMY
2025-10-30 07:00:00-04:00,1.52,1.63,7.55,BMY
2025-07-31 07:00:00-04:00,1.1,1.46,32.6,BMY
2025-04-24 07:00:00-04:00,1.5,1.8,19.88,BMY
2025-02-06 06:00:00-05:00,1.47,1.67,13.8,BMY
2024-10-31 06:00:00-04:00,1.5,1.8,19.98,BMY
2024-07-26 06:00:00-04:00,1.63,2.07,27.37,BMY
2024-04-25 06:00:00-04:00,-4.42,-4.4,0.46,BMY
2024-02-02 06:00:00-05:00,1.58,1.7,7.77,BMY
2023-10-26 06:00:00-04:00,1.77,2.0,13.02,BMY
2023-07-27 07:00:00-04:00,1.99,1.75,-11.98,BMY
2023-04-27 06:00:00-04:00,1.97,2.05,3.87,BMY
2023-02-02 06:00:00-05:00,1.73,1.82,5.17,BMY
2022-10-25 19:00:00-04:00,1.83,1.99,8.46,BMY
2022-07-27 06:00:00-04:00,1.8,1.93,7.27,BMY
2022-04-29 06:00:00-04:00,1.9,1.96,3.34,BMY
2022-02-04 06:00:00-05:00,1.8,1.83,1.66,BMY
2021-10-27 06:00:00-04:00,1.92,2.0,4.26,BMY
2021-07-28 06:00:00-04:00,1.9,1.93,1.77,BMY
2021-04-29 06:00:00-04:00,1.81,1.74,-3.91,BMY
2021-02-04 06:00:00-05:00,1.42,1.46,3.12,BMY
2020-11-05 06:00:00-05:00,1.49,1.63,9.32,BMY
2020-08-06 06:00:00-04:00,1.48,1.63,10.23,BMY
2020-05-07 07:00:00-04:00,1.45,1.72,18.77,BMY
2020-02-06 08:00:00-05:00,1.16,1.22,5.24,BMY
2019-10-31 06:00:00-04:00,1.07,1.17,9.44,BMY
2019-07-25 06:00:00-04:00,1.06,1.18,10.84,BMY
2019-04-25 06:00:00-04:00,1.08,1.1,1.49,BMY
2019-01-24 06:00:00-05:00,0.85,0.94,10.87,BMY
2018-10-25 06:00:00-04:00,0.91,1.09,19.37,BMY
2018-07-26 06:00:00-04:00,0.87,1.01,15.49,BMY
2018-04-26 06:00:00-04:00,0.85,0.94,10.86,BMY
2018-02-05 06:00:00-05:00,0.67,0.68,1.2,BMY
2017-10-26 06:00:00-04:00,0.77,0.75,-2.84,BMY
2017-07-27 06:00:00-04:00,0.73,0.74,0.78,BMY
2017-04-27 06:00:00-04:00,0.74,0.84,13.6,BMY
2017-01-26 06:00:00-05:00,0.66,0.63,-4.99,BMY
2016-10-27 06:00:00-04:00,0.65,0.77,17.92,BMY
2016-07-28 06:00:00-04:00,0.66,0.69,3.82,BMY
2016-04-28 06:00:00-04:00,0.65,0.74,14.22,BMY
2016-01-28 06:00:00-05:00,0.28,0.38,34.29,BMY
2015-10-27 06:00:00-04:00,0.35,0.39,11.36,BMY
2015-07-23 10:00:00-04:00,0.36,0.53,47.1,BMY
2015-04-28 07:00:00-04:00,0.51,0.71,40.21,BMY
2015-01-27 07:00:00-05:00,0.41,0.46,13.27,BMY
2014-10-24 07:00:00-04:00,0.42,0.45,7.38,BMY
2014-07-24 07:00:00-04:00,0.44,0.48,9.05,BMY
2014-04-29 07:00:00-04:00,0.43,0.46,6.55,BMY
2014-01-24 07:00:00-05:00,0.43,0.51,18.02,BMY
2013-10-23 07:00:00-04:00,0.44,0.46,4.77,BMY
2013-07-25 07:00:00-04:00,0.44,0.44,-0.35,BMY
2013-04-25 07:00:00-04:00,0.42,0.41,-1.4,BMY
2013-01-24 07:00:00-05:00,0.43,0.47,10.07,BMY
2012-10-24 07:00:00-04:00,0.42,0.41,-1.76,BMY
2012-07-25 07:00:00-04:00,0.48,0.48,-0.9,BMY
2012-04-26 07:00:00-04:00,0.64,0.64,0.09,BMY
2012-01-26 07:00:00-05:00,0.55,0.53,-4.31,BMY
2011-10-27 07:00:00-04:00,0.58,0.61,4.37,BMY
2011-07-28 07:00:00-04:00,0.55,0.56,2.66,BMY
2011-04-28 07:00:00-04:00,0.53,0.58,9.17,BMY
2011-01-27 07:00:00-05:00,0.47,0.47,-0.91,BMY
2010-10-26 07:00:00-04:00,0.53,0.59,11.15,BMY
2010-07-22 07:00:00-04:00,0.53,0.54,1.17,BMY
2010-04-29 07:00:00-04:00,0.51,0.56,8.79,BMY
2010-01-28 07:00:00-05:00,0.42,0.47,11.68,BMY
2009-10-22 07:00:00-04:00,0.51,0.52,1.51,BMY
2009-07-23 07:00:00-04:00,0.47,0.56,18.59,BMY
2009-04-28 07:00:00-04:00,0.47,0.48,1.21,BMY
2009-01-27 07:00:00-05:00,0.41,0.46,13.07,BMY
2008-10-23 07:00:00-04:00,0.42,0.46,9.61,BMY
2008-07-24 07:00:00-04:00,0.4,0.43,7.28,BMY
2008-04-24 07:00:00-04:00,0.41,0.42,2.61,BMY
2008-01-31 07:00:00-05:00,0.34,0.35,2.94,BMY
2007-10-25 07:00:00-04:00,0.36,0.38,4.53,BMY
2007-07-26 07:00:00-04:00,0.36,0.37,2.78,BMY
2007-04-26 07:00:00-04:00,0.23,0.38,64.8,BMY
2007-01-25 07:00:00-05:00,0.16,0.19,18.15,BMY
2006-10-26 07:00:00-04:00,0.2,0.22,11.42,BMY
2006-07-27 08:00:00-04:00,0.32,0.35,10.32,BMY
2006-04-27 07:00:00-04:00,0.32,0.32,-0.2,BMY
2006-01-25 06:00:00-05:00,0.28,0.31,11.27,BMY
2005-10-28 07:00:00-04:00,0.33,0.31,-6.82,BMY
2005-07-28 06:00:00-04:00,0.36,0.47,31.72,BMY
2005-04-28 07:00:00-04:00,0.34,0.41,21.0,BMY
2005-01-27 07:00:00-05:00,0.33,0.39,16.79,BMY
2004-10-29 07:00:00-04:00,0.39,0.44,13.41,BMY
2004-07-29 07:00:00-04:00,0.39,0.46,18.77,BMY
2004-04-28 07:00:00-04:00,0.39,0.41,4.83,BMY
2004-01-29 08:00:00-05:00,0.4,0.37,-6.33,BMY
2003-10-23 08:00:00-04:00,0.41,0.47,15.2,BMY
2003-07-24 08:00:00-04:00,0.38,0.44,15.18,BMY
2003-04-29 08:00:00-04:00,0.38,0.39,2.36,BMY
2003-03-10 08:00:00-05:00,0.27,0.23,-15.13,BMY
2002-10-24 09:00:00-04:00,0.27,0.26,-1.89,BMY
2002-07-23 09:00:00-04:00,0.27,0.23,-13.53,BMY
2002-04-25 09:00:00-04:00,0.43,0.45,4.17,BMY
2002-01-24 08:00:00-05:00,0.59,0.59,,BMY
2026-11-03 07:00:00-05:00,0.76,,,BNTX
2026-08-04 07:00:00-04:00,-2.08,-2.22,-6.8,BNTX
2026-05-05 06:00:00-04:00,-1.92,-1.95,-1.62,BNTX
2026-03-10 06:00:00-04:00,-0.25,-0.33,-30.43,BNTX
2025-11-03 06:00:00-05:00,0.1,-0.12,-220.34,BNTX
2025-08-04 06:00:00-04:00,-1.41,-1.6,-13.84,BNTX
2025-05-05 06:00:00-04:00,-2.35,-1.73,26.29,BNTX
2025-03-10 06:00:00-04:00,0.37,1.08,188.88,BNTX
2024-11-04 06:00:00-05:00,-1.61,0.81,150.43,BNTX
2024-08-05 06:00:00-04:00,-2.04,-3.36,-64.44,BNTX
2024-05-06 06:00:00-04:00,-1.35,-1.31,2.86,BNTX
2024-03-20 06:00:00-04:00,2.45,1.9,-22.45,BNTX
2023-11-06 06:00:00-05:00,-0.67,0.67,200.47,BNTX
2023-08-07 06:00:00-04:00,-0.73,-0.79,-8.64,BNTX
2023-05-08 06:00:00-04:00,0.52,2.05,294.18,BNTX
2023-03-27 06:00:00-04:00,7.77,9.26,19.21,BNTX
2022-11-07 06:00:00-05:00,3.42,6.98,104.33,BNTX
2022-08-08 06:00:00-04:00,7.08,6.45,-8.9,BNTX
2022-05-09 06:00:00-04:00,9.16,14.24,55.41,BNTX
2022-03-30 06:00:00-04:00,7.44,12.18,63.66,BNTX
2021-11-09 06:00:00-05:00,10.54,12.35,17.18,BNTX
2021-08-09 07:00:00-04:00,7.55,10.77,42.66,BNTX
2021-05-10 07:00:00-04:00,3.64,4.39,20.48,BNTX
2021-03-30 06:00:00-04:00,-0.29,1.57,634.91,BNTX
2020-11-10 07:00:00-05:00,-0.4,-0.88,-119.26,BNTX
2020-08-11 17:00:00-04:00,-0.32,-0.38,-19.53,BNTX
2020-05-12 08:00:00-04:00,-0.28,-0.24,13.64,BNTX
2020-03-31 07:00:00-04:00,-0.17,-0.26,-49.53,BNTX
2019-11-14 07:00:00-05:00,-0.17,-0.14,18.69,BNTX
2026-11-07 15:00:00-05:00,8931.8,,,BRK-A
2026-08-08 16:00:00-04:00,7395.1,,,BRK-A
2026-08-08 08:00:00-04:00,7499.77,9038.3,20.51,BRK-A
2026-05-02 08:00:00-04:00,8041.31,7889.44,-1.89,BRK-A
2026-02-28 08:00:00-05:00,8635.19,7092.09,-17.87,BRK-A
2025-11-01 08:00:00-04:00,8684.32,9376.15,7.97,BRK-A
2025-08-02 08:00:00-04:00,7514.24,7759.58,3.26,BRK-A
2025-05-03 08:00:00-04:00,7149.0,6703.41,-6.23,BRK-A
2025-02-22 08:00:00-05:00,6682.35,10102.07,51.18,BRK-A
2024-11-02 08:00:00-04:00,7089.5,7023.01,-0.94,BRK-A
2024-08-03 08:00:00-04:00,6119.0,8072.16,31.92,BRK-A
2024-05-04 08:00:00-04:00,6871.88,7796.47,13.45,BRK-A
2024-02-24 08:00:00-05:00,5468.79,5878.21,7.49,BRK-A
2023-11-04 08:00:00-04:00,6624.41,7437.15,12.27,BRK-A
2023-08-05 08:00:00-04:00,5552.56,6928.4,24.78,BRK-A
2023-05-06 08:00:00-04:00,5432.23,5537.48,1.94,BRK-A
2023-02-25 08:00:00-05:00,5642.42,4584.46,-18.75,BRK-A
2022-11-05 08:00:00-04:00,4826.0,5290.58,9.63,BRK-A
2022-08-06 08:00:00-04:00,4622.62,6312.49,36.56,BRK-A
2022-04-30 08:00:00-04:00,4490.43,4773.84,6.31,BRK-A
2022-02-26 08:00:00-05:00,4251.03,4904.23,15.37,BRK-A
2021-11-06 08:00:00-04:00,4493.33,4302.03,-4.26,BRK-A
2021-08-07 08:00:00-04:00,3780.17,4399.91,16.39,BRK-A
2021-05-01 08:00:00-04:00,3778.0,4577.1,21.15,BRK-A
2021-02-27 08:00:00-05:00,3457.0,3224.74,-6.72,BRK-A
2020-11-07 08:00:00-05:00,3590.0,3452.45,-3.83,BRK-A
2020-08-08 07:00:00-04:00,2750.0,3420.48,24.38,BRK-A
2020-05-02 09:00:00-04:00,3866.62,3617.62,-6.44,BRK-A
2020-02-22 08:00:00-05:00,3612.56,2714.76,-24.85,BRK-A
2019-11-02 07:00:00-04:00,4358.52,4812.0,10.4,BRK-A
2019-08-03 08:00:00-04:00,3849.95,3754.83,-2.47,BRK-A
2019-05-04 08:00:00-04:00,3400.76,3387.56,-0.39,BRK-A
2019-02-23 08:00:00-05:00,3230.68,3484.3,7.85,BRK-A
2018-11-03 08:00:00-04:00,3809.25,4186.05,9.89,BRK-A
2018-08-04 08:00:00-04:00,3387.37,4190.13,23.7,BRK-A
2018-05-05 08:00:00-04:00,3180.09,3214.67,1.09,BRK-A
2018-02-24 08:00:00-05:00,2622.23,2029.43,-22.61,BRK-A
2017-11-03 16:00:00-04:00,2350.93,2094.0,-10.93,BRK-A
2017-08-04 17:00:00-04:00,2791.04,2505.0,-10.25,BRK-A
2017-05-05 16:00:00-04:00,2665.94,2163.0,-18.87,BRK-A
2017-02-25 08:00:00-05:00,2716.6,2665.0,-1.9,BRK-A
2016-11-04 16:00:00-04:00,3056.76,2951.0,-3.46,BRK-A
2016-08-05 16:00:00-04:00,2910.79,2803.0,-3.7,BRK-A
2016-05-06 16:00:00-04:00,2274.0,2274.0,,BRK-A
2016-02-27 08:00:00-05:00,2813.89,2843.0,1.03,BRK-A
2015-11-06 16:00:00-05:00,2657.91,2769.0,4.18,BRK-A
2015-08-07 17:00:00-04:00,2962.61,2367.0,-20.1,BRK-A
2015-05-01 17:00:00-04:00,2374.7,2583.0,8.77,BRK-A
2015-02-28 09:00:00-05:00,2700.52,2412.0,-10.68,BRK-A
2014-11-07 17:00:00-05:00,2593.85,2876.0,10.88,BRK-A
2014-08-01 17:00:00-04:00,2490.34,2634.0,5.77,BRK-A
2014-05-02 17:00:00-04:00,2171.35,2149.0,-1.03,BRK-A
2014-03-01 08:00:00-05:00,2203.91,2297.0,4.22,BRK-A
2013-11-01 17:00:00-04:00,2422.98,2228.0,-8.05,BRK-A
2013-08-02 17:00:00-04:00,2169.53,2384.0,9.89,BRK-A
2013-05-03 17:00:00-04:00,1995.34,2302.0,15.37,BRK-A
2013-03-01 16:00:00-05:00,1885.23,1704.0,-9.61,BRK-A
2012-11-02 17:00:00-04:00,2079.83,2057.0,-1.1,BRK-A
2012-08-03 17:00:00-04:00,1824.88,2252.0,23.41,BRK-A
2012-05-04 17:00:00-04:00,1757.14,1615.0,-8.09,BRK-A
2012-02-26 03:00:00-05:00,1886.37,1615.74,-14.35,BRK-A
2011-11-04 17:00:00-04:00,1834.33,2309.0,25.88,BRK-A
2011-08-05 17:00:00-04:00,1708.17,1640.0,-3.99,BRK-A
2011-05-06 17:00:00-04:00,1367.88,966.0,-29.38,BRK-A
2011-02-26 08:00:00-05:00,1724.53,1827.97,6.0,BRK-A
2010-11-05 17:00:00-04:00,1747.5,1692.0,-3.18,BRK-A
2010-08-06 17:00:00-04:00,1456.44,1866.22,28.14,BRK-A
2010-05-07 17:00:00-04:00,1129.0,1389.47,23.07,BRK-A
2010-02-27 08:00:00-05:00,1208.55,1308.0,8.23,BRK-A
2009-11-06 17:00:00-05:00,1308.37,1324.33,1.22,BRK-A
2009-08-07 17:00:00-04:00,1352.25,1147.0,-15.18,BRK-A
2009-05-08 08:00:00-04:00,972.49,1100.0,13.11,BRK-A
2009-02-28 08:00:00-05:00,1486.5,2313.0,55.6,BRK-A
2008-11-07 17:00:00-05:00,1429.0,1335.0,-6.58,BRK-A
2008-08-08 17:00:00-04:00,1370.33,1465.0,6.91,BRK-A
2008-05-02 17:00:00-04:00,1691.89,1247.0,-26.3,BRK-A
2008-02-29 16:00:00-05:00,1694.47,1518.0,-10.41,BRK-A
2007-11-02 17:00:00-04:00,1509.33,1655.0,9.65,BRK-A
2007-08-03 16:00:00-04:00,1460.39,1625.0,11.27,BRK-A
2007-05-04 16:00:00-04:00,1447.0,1434.0,-0.9,BRK-A
2007-03-01 16:00:00-05:00,1410.01,2324.0,64.82,BRK-A
2006-11-03 17:00:00-05:00,1243.7,1797.0,44.49,BRK-A
2006-08-07 00:00:00-04:00,1441.0,1522.0,5.62,BRK-A
2006-05-05 17:00:00-04:00,1081.5,1501.0,38.79,BRK-A
2006-03-07 14:00:00-05:00,932.5,1196.0,28.26,BRK-A
2005-11-04 00:00:00-05:00,593.0,69.0,-88.36,BRK-A
2005-08-05 00:00:00-04:00,941.5,941.0,-0.05,BRK-A
2005-05-09 06:00:00-04:00,910.0,0.59,-99.94,BRK-A
2005-03-15 06:00:00-05:00,915.0,1197.0,30.82,BRK-A
2004-11-08 00:00:00-05:00,622.0,406.0,-34.73,BRK-A
2004-08-06 19:00:00-04:00,812.0,0.63,-99.92,BRK-A
2004-05-09 20:00:00-04:00,924.0,738.0,-20.13,BRK-A
2004-03-07 00:00:00-05:00,865.5,1004.0,16.0,BRK-A
2003-11-07 00:00:00-05:00,824.0,881.0,6.92,BRK-A
2003-08-08 00:00:00-04:00,779.5,863.0,10.71,BRK-A
2003-05-09 17:00:00-04:00,705.0,1127.0,59.86,BRK-A
2003-03-08 00:00:00-05:00,743.0,610.0,-17.9,BRK-A
2002-11-18 00:00:00-05:00,562.0,726.0,29.18,BRK-A
2002-08-09 00:00:00-04:00,550.0,673.0,22.36,BRK-A
2002-05-10 00:00:00-04:00,446.5,534.0,19.6,BRK-A
2026-11-07 15:00:00-05:00,5.78,,,BRK-B
2026-08-08 16:00:00-04:00,5.13,,,BRK-B
2026-08-08 08:00:00-04:00,5.13,6.03,17.4,BRK-B
2026-05-02 08:00:00-04:00,5.05,5.26,4.17,BRK-B
2026-02-28 08:00:00-05:00,5.17,4.73,-8.48,BRK-B
2025-11-01 08:00:00-04:00,5.73,6.25,9.0,BRK-B
2025-08-02 08:00:00-04:00,5.04,5.17,2.71,BRK-B
2025-05-03 08:00:00-04:00,4.72,4.47,-5.37,BRK-B
2025-02-22 08:00:00-05:00,4.19,6.73,60.69,BRK-B
2024-11-02 08:00:00-04:00,5.28,4.68,-11.34,BRK-B
2024-08-03 08:00:00-04:00,4.77,5.38,12.84,BRK-B
2024-05-04 08:00:00-04:00,4.9,5.2,5.99,BRK-B
2024-02-24 08:00:00-05:00,3.79,3.92,3.28,BRK-B
2023-11-04 08:00:00-04:00,4.93,4.96,0.62,BRK-B
2023-08-05 08:00:00-04:00,3.99,4.62,15.84,BRK-B
2023-05-06 08:00:00-04:00,3.5,3.69,5.59,BRK-B
2023-02-25 08:00:00-05:00,4.17,3.06,-26.58,BRK-B
2022-11-05 08:00:00-04:00,2.92,3.53,20.6,BRK-B
2022-08-06 08:00:00-04:00,3.34,4.21,26.05,BRK-B
2022-04-30 08:00:00-04:00,2.88,3.18,10.69,BRK-B
2022-02-26 08:00:00-05:00,2.95,3.27,10.65,BRK-B
2021-11-06 08:00:00-04:00,2.93,2.87,-2.04,BRK-B
2021-08-07 08:00:00-04:00,2.65,2.93,10.74,BRK-B
2021-05-01 08:00:00-04:00,2.57,3.05,18.6,BRK-B
2021-02-27 08:00:00-05:00,2.28,2.15,-5.74,BRK-B
2020-11-07 08:00:00-05:00,2.41,2.3,-4.52,BRK-B
2020-08-08 07:00:00-04:00,2.3,2.28,-0.91,BRK-B
2020-05-02 09:00:00-04:00,2.51,2.41,-3.87,BRK-B
2020-02-22 08:00:00-05:00,2.48,1.81,-27.1,BRK-B
2019-11-02 07:00:00-04:00,2.81,3.21,14.21,BRK-B
2019-08-03 08:00:00-04:00,2.59,2.5,-3.37,BRK-B
2019-05-04 08:00:00-04:00,2.26,2.26,-0.06,BRK-B
2019-02-23 08:00:00-05:00,2.24,2.32,3.74,BRK-B
2018-11-03 08:00:00-04:00,2.48,2.79,12.68,BRK-B
2018-08-04 08:00:00-04:00,2.22,2.79,25.83,BRK-B
2018-05-05 08:00:00-04:00,2.06,2.14,4.16,BRK-B
2018-02-24 08:00:00-05:00,1.76,1.35,-22.92,BRK-B
2017-11-03 16:00:00-04:00,1.59,1.4,-11.96,BRK-B
2017-08-04 17:00:00-04:00,1.8,1.67,-6.96,BRK-B
2017-05-05 16:00:00-04:00,1.74,1.44,-17.27,BRK-B
2017-02-25 08:00:00-05:00,1.82,1.78,-2.29,BRK-B
2016-11-04 16:00:00-04:00,2.01,1.97,-2.21,BRK-B
2016-08-05 16:00:00-04:00,1.89,1.87,-0.91,BRK-B
2016-05-06 16:00:00-04:00,1.89,1.52,-19.82,BRK-B
2016-02-27 08:00:00-05:00,1.75,1.9,8.29,BRK-B
2015-11-06 16:00:00-05:00,1.9,1.85,-2.84,BRK-B
2015-08-07 17:00:00-04:00,2.13,1.58,-25.92,BRK-B
2015-05-01 17:00:00-04:00,1.62,1.72,6.3,BRK-B
2015-02-28 12:00:00-05:00,1.85,1.61,-13.08,BRK-B
2014-11-07 17:00:00-05:00,1.7,1.92,12.78,BRK-B
2014-08-01 17:00:00-04:00,1.75,1.76,0.34,BRK-B
2014-05-02 17:00:00-04:00,1.45,1.43,-1.19,BRK-B
2014-03-01 08:00:00-05:00,1.4,1.53,9.38,BRK-B
2013-11-01 17:00:00-04:00,1.59,1.49,-6.29,BRK-B
2013-08-02 17:00:00-04:00,1.44,1.59,10.35,BRK-B
2013-05-03 17:00:00-04:00,1.25,1.53,22.78,BRK-B
2013-03-01 16:00:00-05:00,1.29,1.14,-11.6,BRK-B
2012-11-02 17:00:00-04:00,1.47,1.37,-6.4,BRK-B
2012-08-03 17:00:00-04:00,1.27,1.5,17.73,BRK-B
2012-05-04 17:00:00-04:00,1.29,1.08,-16.28,BRK-B
2012-02-26 03:00:00-05:00,1.33,1.08,-18.7,BRK-B
2011-11-04 17:00:00-04:00,1.24,1.54,24.64,BRK-B
2011-08-05 17:00:00-04:00,1.2,1.09,-8.51,BRK-B
2011-05-06 17:00:00-04:00,0.63,0.64,3.04,BRK-B
2011-02-26 08:00:00-05:00,1.23,1.22,-0.49,BRK-B
2010-11-05 17:00:00-04:00,1.26,1.13,-10.48,BRK-B
2010-08-06 17:00:00-04:00,1.01,1.24,23.18,BRK-B
2010-05-07 17:00:00-04:00,0.71,0.93,30.47,BRK-B
2027-02-10 15:00:00-05:00,,,,BTI
2006-10-26 04:00:00-04:00,0.32,0.51,60.95,BTI
2006-07-27 02:00:00-04:00,0.46,0.5,8.7,BTI
2006-05-03 16:00:00-04:00,0.41,0.41,-0.98,BTI
2006-02-28 03:00:00-05:00,0.32,0.4,25.4,BTI
2005-03-01 03:00:00-05:00,0.34,0.41,23.58,BTI
2004-10-26 00:00:00-04:00,0.37,0.39,4.71,BTI
2004-07-27 02:00:00-04:00,0.35,0.34,-2.98,BTI
2004-04-27 02:00:00-04:00,0.28,0.28,-2.28,BTI
2004-02-24 02:00:00-05:00,0.29,0.33,14.96,BTI
2003-10-28 02:00:00-05:00,0.31,0.34,9.59,BTI
2003-07-29 02:00:00-04:00,0.29,0.28,-4.31,BTI
2003-04-29 02:00:00-04:00,0.22,0.23,7.44,BTI
2003-02-25 02:00:00-05:00,0.27,0.26,-3.15,BTI
2002-10-29 02:00:00-05:00,0.28,0.29,4.29,BTI
2002-07-30 02:00:00-04:00,0.25,0.27,6.0,BTI
2002-04-30 06:00:00-04:00,0.19,0.2,10.27,BTI
2002-02-26 06:00:00-05:00,0.23,0.23,2.22,BTI
2001-10-30 05:00:00-05:00,0.25,0.25,,BTI
2001-07-31 05:00:00-04:00,0.23,0.23,2.22,BTI
2001-05-02 03:00:00-04:00,0.17,0.19,8.82,BTI
2001-02-28 04:00:00-05:00,0.22,0.25,13.95,BTI
2000-10-31 12:00:00-05:00,0.28,0.25,-10.91,BTI
1999-09-29 20:00:00-04:00,0.09,0.26,188.89,BTI
1999-06-29 20:00:00-04:00,0.14,0.14,3.7,BTI
1999-03-30 19:00:00-05:00,0.13,0.15,15.38,BTI
2026-10-22 08:00:00-04:00,1.32,,,BX
2026-07-23 06:00:00-04:00,1.34,1.52,13.71,BX
2026-04-23 06:00:00-04:00,1.34,1.36,1.69,BX
2026-01-29 06:00:00-05:00,1.54,1.75,13.92,BX
2025-10-23 06:00:00-04:00,1.23,1.52,23.89,BX
2025-07-24 06:00:00-04:00,1.1,1.21,9.81,BX
2025-04-17 06:00:00-04:00,1.06,1.09,3.11,BX
2025-01-30 06:00:00-05:00,1.47,1.69,15.23,BX
2024-10-17 06:00:00-04:00,0.91,1.01,10.47,BX
2024-07-18 06:00:00-04:00,0.98,0.96,-2.34,BX
2024-04-17 20:00:00-04:00,0.97,0.98,1.27,BX
2024-01-25 06:00:00-05:00,0.95,1.11,16.94,BX
2023-10-19 06:00:00-04:00,1.01,0.94,-7.31,BX
2023-07-20 06:00:00-04:00,0.92,0.93,0.59,BX
2023-04-19 20:00:00-04:00,0.95,0.97,1.82,BX
2023-01-26 06:00:00-05:00,0.95,1.07,13.12,BX
2022-10-20 06:00:00-04:00,1.0,1.06,6.45,BX
2022-07-21 06:00:00-04:00,1.44,1.49,3.57,BX
2022-04-21 06:00:00-04:00,1.05,1.55,46.96,BX
2022-01-27 06:00:00-05:00,1.4,1.71,22.16,BX
2021-10-21 06:00:00-04:00,0.92,1.28,39.3,BX
2021-07-22 06:00:00-04:00,0.78,0.82,5.09,BX
2021-04-22 06:00:00-04:00,0.76,0.96,26.94,BX
2021-01-27 06:00:00-05:00,0.91,1.13,24.7,BX
2020-10-28 07:00:00-04:00,0.56,0.63,12.13,BX
2020-07-23 06:00:00-04:00,0.44,0.43,-1.29,BX
2020-04-23 07:00:00-04:00,0.53,0.46,-12.75,BX
2020-01-30 06:00:00-05:00,0.66,0.72,8.43,BX
2019-10-23 06:00:00-04:00,0.55,0.58,5.35,BX
2019-07-18 06:00:00-04:00,0.52,0.57,9.67,BX
2019-04-18 06:00:00-04:00,0.56,0.44,-21.54,BX
2019-01-31 06:00:00-05:00,0.02,-0.02,-223.3,BX
2018-10-18 06:00:00-04:00,0.75,0.76,1.42,BX
2018-07-19 06:00:00-04:00,0.74,0.9,20.87,BX
2018-04-19 06:00:00-04:00,0.5,0.65,30.95,BX
2018-02-01 06:00:00-05:00,0.67,0.71,5.89,BX
2017-10-19 06:00:00-04:00,0.55,0.69,24.95,BX
2017-07-20 06:00:00-04:00,0.62,0.59,-4.85,BX
2017-04-20 06:00:00-04:00,0.68,0.82,20.25,BX
2017-01-26 06:00:00-05:00,0.66,0.68,3.29,BX
2016-10-27 04:00:00-04:00,0.48,0.57,19.39,BX
2016-07-21 06:00:00-04:00,0.39,0.44,12.58,BX
2016-04-21 06:00:00-04:00,0.39,0.31,-20.93,BX
2016-01-28 07:00:00-05:00,0.48,0.37,-22.45,BX
2015-10-15 07:00:00-04:00,-0.26,-0.35,-33.32,BX
2015-07-16 07:00:00-04:00,0.44,0.43,-1.54,BX
2015-04-16 07:00:00-04:00,1.04,1.37,31.5,BX
2015-01-29 07:00:00-05:00,0.91,1.25,36.65,BX
2014-10-16 07:00:00-04:00,0.72,0.66,-7.75,BX
2014-07-17 07:00:00-04:00,0.75,1.15,54.35,BX
2014-04-17 07:00:00-04:00,0.56,0.7,24.52,BX
2014-01-30 07:00:00-05:00,0.83,1.35,62.46,BX
2013-10-17 07:00:00-04:00,0.56,0.56,,BX
2013-07-18 07:00:00-04:00,0.49,0.62,26.58,BX
2013-04-18 08:00:00-04:00,0.53,0.55,4.54,BX
2013-01-31 08:00:00-05:00,0.47,0.59,25.08,BX
2012-10-18 08:00:00-04:00,0.41,0.55,33.66,BX
2012-07-19 08:00:00-04:00,0.11,0.19,65.56,BX
2012-04-19 08:00:00-04:00,0.4,0.39,-1.55,BX
2012-02-02 08:00:00-05:00,0.4,0.4,0.81,BX
2011-10-20 08:00:00-04:00,-0.02,-0.31,-1328.57,BX
2011-07-21 08:00:00-04:00,0.32,0.63,98.74,BX
2011-04-21 08:00:00-04:00,0.41,0.51,24.13,BX
2011-02-03 08:00:00-05:00,0.3,0.46,51.17,BX
2010-10-28 08:00:00-04:00,0.26,0.3,13.93,BX
2010-07-22 08:00:00-04:00,0.15,0.18,21.62,BX
2010-04-22 07:00:00-04:00,0.22,0.32,48.84,BX
2010-02-25 08:00:00-05:00,0.21,0.29,41.08,BX
2009-11-06 08:00:00-05:00,0.14,0.25,73.91,BX
2009-08-06 09:00:00-04:00,0.09,0.16,75.0,BX
2009-05-06 08:00:00-04:00,-0.1,-0.07,27.27,BX
2009-02-27 07:00:00-05:00,-0.4,-0.68,-70.0,BX
2008-11-06 08:00:00-05:00,,-0.44,-439900.0,BX
2008-08-06 08:00:00-04:00,0.08,0.15,96.36,BX
2008-05-15 08:00:00-04:00,0.11,-0.06,-153.85,BX
2008-03-10 08:00:00-04:00,0.16,0.08,-48.8,BX
2007-11-12 07:00:00-05:00,0.32,0.21,-33.86,BX
2007-08-13 07:00:00-04:00,0.47,0.46,-2.54,BX
2026-11-04 15:00:00-05:00,-2.0,,,BYND
2026-08-05 17:00:00-04:00,-2.38,-2.7,-13.29,BYND
2026-05-06 16:00:00-04:00,-3.15,-3.0,4.76,BYND
2026-03-31 16:00:00-04:00,-3.05,-14.87,-387.2,BYND
2025-11-10 17:00:00-05:00,-12.95,-14.1,-8.86,BYND
2025-08-06 17:00:00-04:00,-11.63,-12.0,-3.22,BYND
2025-05-07 16:00:00-04:00,-14.23,-20.1,-41.29,BYND
2025-02-26 16:00:00-05:00,-13.51,-19.5,-44.33,BYND
2024-11-06 16:00:00-05:00,-14.03,-12.3,12.32,BYND
2024-08-07 16:00:00-04:00,-15.68,-15.9,-1.41,BYND
2024-05-08 16:00:00-04:00,-19.92,-21.6,-8.43,BYND
2024-02-27 16:00:00-05:00,-26.83,-27.65,-3.09,BYND
2023-11-08 16:00:00-05:00,-26.47,-32.7,-23.54,BYND
2023-08-07 16:00:00-04:00,-25.09,-24.9,0.76,BYND
2023-05-10 16:00:00-04:00,-30.63,-27.6,9.9,BYND
2023-02-23 16:00:00-05:00,-35.88,-31.5,12.21,BYND
2022-11-09 16:00:00-05:00,-34.45,-48.0,-39.33,BYND
2022-08-04 16:00:00-04:00,-34.21,-45.9,-34.18,BYND
2022-05-11 16:00:00-04:00,-29.39,-47.4,-61.3,BYND
2022-02-24 16:00:00-05:00,-20.51,-38.1,-85.77,BYND
2021-11-10 16:00:00-05:00,-11.72,-26.1,-122.71,BYND
2021-08-05 16:00:00-04:00,-6.97,-9.3,-33.39,BYND
2021-05-06 16:00:00-04:00,-6.01,-12.6,-109.51,BYND
2021-02-25 16:00:00-05:00,-3.62,-10.2,-181.84,BYND
2020-11-09 16:00:00-05:00,1.72,-8.4,-588.96,BYND
2020-08-04 16:00:00-04:00,-0.56,-0.6,-7.06,BYND
2020-05-05 17:00:00-04:00,-2.33,1.91,181.88,BYND
2020-02-27 16:00:00-05:00,0.01,0.4,4489.04,BYND
2019-10-28 16:00:00-04:00,0.95,1.8,89.47,BYND
2019-07-29 16:00:00-04:00,-2.8,2.42,186.3,BYND
2019-06-06 16:00:00-04:00,-4.48,-3.9,12.93,BYND
2026-10-13 08:00:00-04:00,2.62,,,C
2026-07-14 08:00:00-04:00,2.71,3.14,15.62,C
2026-04-14 08:00:00-04:00,2.6,3.06,17.91,C
2026-01-14 08:00:00-05:00,1.62,1.24,-23.43,C
2025-10-14 08:00:00-04:00,1.93,2.26,17.44,C
2025-07-15 08:00:00-04:00,1.59,2.04,28.26,C
2025-04-15 08:00:00-04:00,1.85,1.96,5.93,C
2025-01-15 08:00:00-05:00,1.24,1.35,8.7,C
2024-10-15 08:00:00-04:00,1.32,1.52,15.76,C
2024-07-12 08:00:00-04:00,1.39,1.56,11.58,C
2024-04-12 10:00:00-04:00,1.27,1.79,41.0,C
2024-01-12 10:00:00-05:00,0.69,0.84,21.41,C
2023-10-12 20:00:00-04:00,1.22,1.52,24.2,C
2023-07-14 09:00:00-04:00,1.38,1.37,-0.91,C
2023-04-14 09:00:00-04:00,1.7,1.86,9.3,C
2023-01-13 08:00:00-05:00,1.21,1.16,-3.9,C
2022-10-14 08:00:00-04:00,1.43,1.63,14.28,C
2022-07-15 08:00:00-04:00,1.67,2.3,37.48,C
2022-04-14 08:00:00-04:00,1.41,2.02,43.5,C
2022-01-14 08:00:00-05:00,1.63,1.46,-10.3,C
2021-10-14 09:00:00-04:00,1.79,2.15,20.43,C
2021-07-14 08:00:00-04:00,1.89,2.84,50.2,C
2021-04-15 08:00:00-04:00,2.53,3.62,43.03,C
2021-01-15 07:00:00-05:00,1.31,2.07,58.04,C
2020-10-13 08:00:00-04:00,0.87,1.4,60.38,C
2020-07-14 09:00:00-04:00,0.32,0.51,58.07,C
2020-04-15 08:00:00-04:00,1.57,1.06,-32.47,C
2020-01-14 07:00:00-05:00,1.8,1.9,5.74,C
2019-10-15 08:00:00-04:00,1.95,1.97,1.02,C
2019-07-15 08:00:00-04:00,1.81,1.83,1.33,C
2019-04-15 08:00:00-04:00,1.79,1.87,4.23,C
2019-01-14 07:00:00-05:00,1.55,1.61,4.11,C
2018-10-12 07:00:00-04:00,1.66,1.73,4.21,C
2018-07-13 07:00:00-04:00,1.56,1.63,4.81,C
2018-04-13 08:00:00-04:00,1.6,1.68,4.81,C
2018-01-16 08:00:00-05:00,1.19,1.2,0.78,C
2017-10-12 07:00:00-04:00,1.3,1.29,-0.71,C
2017-07-14 07:00:00-04:00,1.21,1.28,5.95,C
2017-04-13 09:00:00-04:00,1.24,1.26,1.81,C
2017-01-18 07:00:00-05:00,1.12,1.14,1.6,C
2016-10-14 07:00:00-04:00,1.16,1.24,6.52,C
2016-07-15 07:00:00-04:00,1.1,1.24,12.27,C
2016-04-15 07:00:00-04:00,1.05,1.1,4.96,C
2016-01-15 07:00:00-05:00,1.07,1.06,-0.56,C
2015-10-15 07:00:00-04:00,1.28,1.31,2.18,C
2015-07-16 07:00:00-04:00,1.35,1.45,7.57,C
2015-04-16 07:00:00-04:00,1.41,1.52,8.11,C
2015-01-15 07:00:00-05:00,1.07,1.16,8.13,C
2014-10-14 07:00:00-04:00,1.13,1.15,1.61,C
2014-07-14 07:00:00-04:00,1.08,1.24,14.64,C
2014-04-14 07:00:00-04:00,1.16,1.3,12.05,C
2014-01-16 07:00:00-05:00,0.98,0.82,-16.54,C
2013-10-15 07:00:00-04:00,1.09,1.02,-6.04,C
2013-07-15 07:00:00-04:00,1.18,1.25,5.94,C
2013-04-15 07:00:00-04:00,1.17,1.29,10.6,C
2013-01-17 07:00:00-05:00,0.97,0.69,-28.66,C
2012-10-15 07:00:00-04:00,0.99,1.06,7.36,C
2012-07-16 07:00:00-04:00,0.89,1.0,11.98,C
2012-04-16 07:00:00-04:00,1.0,1.11,11.04,C
2012-01-17 07:00:00-05:00,0.59,0.38,-35.9,C
2011-10-17 07:00:00-04:00,0.79,1.23,55.2,C
2011-07-15 08:00:00-04:00,0.96,1.09,13.73,C
2011-04-18 08:00:00-04:00,0.95,1.0,5.56,C
2011-01-18 08:00:00-05:00,0.77,0.4,-47.87,C
2010-10-18 08:00:00-04:00,0.55,0.8,46.2,C
2010-07-16 19:00:00-04:00,0.46,0.9,93.9,C
2010-04-19 07:00:00-04:00,-0.07,1.5,2242.86,C
2010-01-19 08:00:00-05:00,-3.27,-3.3,-0.87,C
2009-10-15 08:00:00-04:00,-3.32,-2.7,18.67,C
2009-07-17 08:00:00-04:00,-3.05,-6.2,-103.28,C
2009-04-17 06:00:00-04:00,-2.97,-1.2,59.55,C
2009-01-16 06:00:00-05:00,-12.49,-24.4,-95.32,C
2008-10-16 07:00:00-04:00,-6.99,-7.1,-1.53,C
2008-07-18 06:00:00-04:00,-6.66,-4.9,26.42,C
2008-04-18 06:00:00-04:00,-9.57,-10.2,-6.63,C
2008-01-15 06:00:00-05:00,-10.06,-19.9,-97.88,C
2007-10-15 06:00:00-04:00,4.69,4.7,0.24,C
2007-07-20 07:00:00-04:00,11.32,11.8,4.24,C
2007-04-16 07:00:00-04:00,10.96,11.8,7.66,C
2007-01-19 07:00:00-05:00,10.18,10.3,1.15,C
2006-10-19 06:00:00-04:00,10.34,10.1,-2.29,C
2006-07-17 06:00:00-04:00,10.56,10.5,-0.58,C
2006-04-17 06:00:00-04:00,10.22,10.8,5.72,C
2006-01-19 20:00:00-05:00,10.02,9.8,-2.18,C
2005-10-17 06:00:00-04:00,9.84,10.2,3.68,C
2005-07-18 06:00:00-04:00,10.07,9.7,-3.67,C
2005-04-15 06:00:00-04:00,10.16,10.3,1.39,C
2005-01-20 06:00:00-05:00,10.12,10.2,0.79,C
2004-10-14 06:00:00-04:00,9.9,9.8,-1.01,C
2004-07-15 06:00:00-04:00,9.72,10.2,4.94,C
2004-04-15 06:00:00-04:00,9.46,9.8,3.59,C
2004-01-20 06:00:00-05:00,8.96,9.1,1.61,C
2003-10-20 06:00:00-04:00,8.45,9.0,6.51,C
2003-07-14 06:00:00-04:00,8.0,8.3,3.8,C
2003-04-14 06:00:00-04:00,7.74,7.9,2.07,C
2003-01-21 06:00:00-05:00,4.56,4.7,3.07,C
2002-10-15 06:00:00-04:00,7.34,7.4,0.82,C
2002-07-17 06:00:00-04:00,7.73,7.8,0.93,C
2002-04-15 06:00:00-04:00,7.75,7.4,-4.52,C
2002-01-17 06:00:00-05:00,7.24,7.4,2.21,C
2026-10-29 08:00:00-04:00,6.93,,,CAT
2026-08-04 06:00:00-04:00,6.2,8.17,31.83,CAT
2026-04-30 06:00:00-04:00,4.64,5.54,19.3,CAT
2026-01-29 06:00:00-05:00,4.71,5.16,9.51,CAT
2025-10-29 06:00:00-04:00,4.52,4.95,9.43,CAT
2025-08-05 06:00:00-04:00,4.9,4.72,-3.73,CAT
2025-04-30 06:00:00-04:00,4.34,4.25,-2.19,CAT
2025-01-30 06:00:00-05:00,5.03,5.14,2.25,CAT
2024-10-30 06:00:00-04:00,5.35,5.17,-3.44,CAT
2024-08-06 06:00:00-04:00,5.54,5.99,8.14,CAT
2024-04-25 06:00:00-04:00,5.13,5.6,9.13,CAT
2024-02-05 06:00:00-05:00,4.75,5.23,10.06,CAT
2023-10-31 06:00:00-04:00,4.79,5.52,15.18,CAT
2023-08-01 06:00:00-04:00,4.58,5.55,21.24,CAT
2023-04-27 06:00:00-04:00,3.79,4.91,29.5,CAT
2023-01-31 06:00:00-05:00,4.03,3.86,-4.19,CAT
2022-10-27 06:00:00-04:00,3.17,3.95,24.78,CAT
2022-08-02 06:00:00-04:00,3.02,3.18,5.44,CAT
2022-04-28 06:00:00-04:00,2.6,2.88,10.63,CAT
2022-01-28 06:00:00-05:00,2.26,2.69,18.85,CAT
2021-10-28 06:00:00-04:00,2.2,2.66,20.8,CAT
2021-07-30 06:00:00-04:00,2.41,2.6,7.99,CAT
2021-04-29 06:00:00-04:00,1.94,2.87,47.97,CAT
2021-01-29 06:00:00-05:00,1.49,2.12,42.46,CAT
2020-10-27 06:00:00-04:00,1.18,1.34,13.97,CAT
2020-07-31 06:00:00-04:00,0.72,1.03,43.33,CAT
2020-04-28 07:00:00-04:00,1.67,1.6,-4.46,CAT
2020-01-31 06:00:00-05:00,2.38,2.63,10.34,CAT
2019-10-23 06:00:00-04:00,2.89,2.66,-8.05,CAT
2019-07-24 07:00:00-04:00,3.12,2.83,-9.4,CAT
2019-04-24 07:00:00-04:00,2.86,2.94,2.62,CAT
2019-01-28 07:00:00-05:00,2.99,2.55,-14.7,CAT
2018-10-23 07:00:00-04:00,2.85,2.86,0.3,CAT
2018-07-30 07:00:00-04:00,2.74,2.97,8.46,CAT
2018-04-24 07:00:00-04:00,2.12,2.82,32.93,CAT
2018-01-25 07:00:00-05:00,1.78,2.16,21.21,CAT
2017-10-24 07:00:00-04:00,1.28,1.95,51.8,CAT
2017-07-25 07:00:00-04:00,1.26,1.49,17.91,CAT
2017-04-25 07:00:00-04:00,0.63,1.28,103.46,CAT
2017-01-26 07:00:00-05:00,0.67,0.83,24.14,CAT
2016-10-25 07:00:00-04:00,0.76,0.85,12.26,CAT
2016-07-26 07:00:00-04:00,0.96,1.09,13.69,CAT
2016-04-22 07:00:00-04:00,0.68,0.67,-1.05,CAT
2016-01-28 07:00:00-05:00,0.69,0.74,7.45,CAT
2015-10-22 07:00:00-04:00,0.79,0.75,-4.65,CAT
2015-07-23 07:00:00-04:00,1.28,1.27,-0.48,CAT
2015-04-23 07:00:00-04:00,1.36,1.86,37.19,CAT
2015-01-27 07:00:00-05:00,1.57,1.35,-13.92,CAT
2014-10-23 07:00:00-04:00,1.35,1.72,27.4,CAT
2014-07-24 07:00:00-04:00,1.53,1.69,10.55,CAT
2014-04-24 07:00:00-04:00,1.22,1.61,31.97,CAT
2014-01-27 07:00:00-05:00,1.28,1.58,23.07,CAT
2013-10-23 07:00:00-04:00,1.68,1.45,-13.84,CAT
2013-07-24 07:00:00-04:00,1.7,1.45,-14.57,CAT
2013-04-22 07:00:00-04:00,1.39,1.31,-6.0,CAT
2013-01-28 07:00:00-05:00,1.71,1.46,-14.8,CAT
2012-10-22 07:00:00-04:00,2.24,2.26,0.96,CAT
2012-07-25 07:00:00-04:00,2.3,2.54,10.54,CAT
2012-04-25 07:00:00-04:00,2.15,2.37,10.44,CAT
2012-01-26 07:00:00-05:00,1.77,2.25,26.87,CAT
2011-10-24 07:00:00-04:00,1.68,1.71,2.0,CAT
2011-07-22 07:00:00-04:00,1.74,1.72,-1.05,CAT
2011-04-29 07:00:00-04:00,1.28,1.84,43.34,CAT
2011-01-27 07:00:00-05:00,1.27,1.47,15.55,CAT
2010-10-21 07:00:00-04:00,1.09,1.22,12.34,CAT
2010-07-22 07:00:00-04:00,0.84,1.09,29.62,CAT
2010-04-26 08:00:00-04:00,0.39,0.5,27.67,CAT
2010-01-27 07:00:00-05:00,0.29,0.41,42.29,CAT
2009-10-20 07:00:00-04:00,0.04,0.64,1491.64,CAT
2009-07-21 07:00:00-04:00,0.22,0.72,233.33,CAT
2009-04-21 07:00:00-04:00,0.02,0.39,1850.0,CAT
2009-01-26 07:00:00-05:00,1.28,1.08,-15.89,CAT
2008-10-21 07:00:00-04:00,1.41,1.39,-1.35,CAT
2008-07-22 07:00:00-04:00,1.54,1.74,12.91,CAT
2008-04-18 07:00:00-04:00,1.33,1.45,9.19,CAT
2008-01-25 07:00:00-05:00,1.5,1.5,0.07,CAT
2007-10-19 07:00:00-04:00,1.42,1.4,-1.69,CAT
2007-07-20 07:00:00-04:00,1.49,1.24,-16.78,CAT
2007-04-20 07:00:00-04:00,1.08,1.23,13.99,CAT
2007-01-26 07:00:00-05:00,1.34,1.32,-1.25,CAT
2006-10-20 07:00:00-04:00,1.35,1.14,-15.35,CAT
2006-07-21 07:00:00-04:00,1.42,1.52,7.03,CAT
2006-04-24 07:00:00-04:00,1.06,1.2,13.74,CAT
2006-01-26 07:00:00-05:00,1.1,1.2,9.01,CAT
2005-10-21 07:00:00-04:00,1.06,0.94,-11.32,CAT
2005-07-21 07:00:00-04:00,1.33,1.08,-18.76,CAT
2005-04-20 08:00:00-04:00,0.68,0.82,19.83,CAT
2005-01-27 08:00:00-05:00,0.81,0.78,-4.79,CAT
2004-10-21 08:00:00-04:00,0.68,0.71,4.14,CAT
2004-07-22 08:00:00-04:00,0.86,0.78,-9.36,CAT
2004-04-22 08:00:00-04:00,0.35,0.58,65.14,CAT
2004-01-27 08:00:00-05:00,0.47,0.49,2.86,CAT
2003-10-16 08:00:00-04:00,0.37,0.37,-1.62,CAT
2003-07-17 08:00:00-04:00,0.33,0.57,75.3,CAT
2003-04-16 08:00:00-04:00,0.13,0.19,44.53,CAT
2003-01-23 08:00:00-05:00,0.34,0.44,29.86,CAT
2002-10-16 08:00:00-04:00,0.28,0.31,9.71,CAT
2002-07-16 08:00:00-04:00,0.36,0.29,-19.31,CAT
2002-04-16 08:00:00-04:00,0.12,0.12,-4.4,CAT
2002-01-23 08:00:00-05:00,0.38,0.38,-1.14,CAT
2026-12-18 07:00:00-05:00,0.22,,,CCL
2026-09-29 09:00:00-04:00,1.35,1.43,5.86,CCL
2026-06-23 09:00:00-04:00,0.34,0.41,21.08,CCL
2026-03-27 09:00:00-04:00,0.18,0.2,8.94,CCL
2025-12-19 09:00:00-05:00,0.25,0.34,38.64,CCL
2025-09-29 09:00:00-04:00,1.32,1.43,8.54,CCL
2025-06-24 09:00:00-04:00,0.24,0.35,45.31,CCL
2025-03-21 09:00:00-04:00,0.02,0.13,485.06,CCL
2024-12-20 09:00:00-05:00,0.07,0.14,93.99,CCL
2024-09-30 09:00:00-04:00,1.15,1.27,10.0,CCL
2024-06-25 09:00:00-04:00,-0.02,0.11,692.67,CCL
2024-03-27 09:00:00-04:00,-0.18,-0.14,22.13,CCL
2023-12-21 09:00:00-05:00,-0.13,-0.07,44.27,CCL
2023-09-29 09:00:00-04:00,0.74,0.86,16.06,CCL
2023-06-26 09:00:00-04:00,-0.34,-0.31,8.14,CCL
2023-03-27 09:00:00-04:00,-0.6,-0.55,8.83,CCL
2022-12-21 09:00:00-05:00,-0.89,-0.85,3.96,CCL
2022-09-30 09:00:00-04:00,-0.14,-0.58,-307.09,CCL
2022-06-24 09:00:00-04:00,-1.14,-1.64,-43.13,CCL
2022-03-22 09:00:00-04:00,-1.25,-1.66,-32.48,CCL
2021-12-20 09:00:00-05:00,-1.49,-1.72,-15.65,CCL
2021-09-30 11:00:00-04:00,-1.46,-1.75,-20.22,CCL
2021-06-28 08:00:00-04:00,-1.61,-1.8,-11.86,CCL
2021-04-07 12:00:00-04:00,-1.6,-1.79,-11.53,CCL
2021-01-26 10:00:00-05:00,-1.95,-2.06,-5.72,CCL
2020-10-08 08:00:00-04:00,-2.03,-2.19,-8.0,CCL
2020-06-18 06:00:00-04:00,-1.76,-3.3,-87.52,CCL
2020-03-20 03:00:00-04:00,0.32,0.22,-30.63,CCL
2019-12-20 09:00:00-05:00,0.51,0.62,22.47,CCL
2019-09-26 09:00:00-04:00,2.54,2.63,3.66,CCL
2019-06-20 06:00:00-04:00,0.61,0.66,7.46,CCL
2019-03-26 09:00:00-04:00,0.44,0.49,10.92,CCL
2018-12-20 09:00:00-05:00,0.7,0.7,0.51,CCL
2018-09-27 09:00:00-04:00,2.32,2.36,1.71,CCL
2018-06-25 09:00:00-04:00,0.59,0.68,14.41,CCL
2018-03-22 09:00:00-04:00,0.43,0.52,20.14,CCL
2017-12-19 09:00:00-05:00,0.51,0.63,24.12,CCL
2017-09-26 08:00:00-04:00,2.2,2.29,3.97,CCL
2017-06-22 08:00:00-04:00,0.48,0.52,9.34,CCL
2017-03-28 10:00:00-04:00,0.34,0.38,12.95,CCL
2016-12-20 09:00:00-05:00,0.58,0.67,14.79,CCL
2016-09-26 09:00:00-04:00,1.89,1.92,1.72,CCL
2016-06-28 09:00:00-04:00,0.39,0.49,26.88,CCL
2016-03-30 09:00:00-04:00,0.32,0.39,22.46,CCL
2015-12-18 09:00:00-05:00,0.41,0.5,22.35,CCL
2015-09-22 09:00:00-04:00,1.63,1.75,7.62,CCL
2015-06-23 09:00:00-04:00,0.16,0.25,54.2,CCL
2015-03-27 09:00:00-04:00,0.09,0.2,114.8,CCL
2014-12-19 09:00:00-05:00,0.21,0.27,28.44,CCL
2014-09-23 09:00:00-04:00,1.46,1.58,8.5,CCL
2014-06-24 09:00:00-04:00,0.02,0.1,407.1,CCL
2014-03-25 09:00:00-04:00,-0.08,,100.0,CCL
2013-12-19 09:00:00-05:00,,0.04,1631.6,CCL
2013-09-24 09:00:00-04:00,1.31,1.38,5.44,CCL
2013-06-25 08:00:00-04:00,0.07,0.09,30.7,CCL
2013-03-15 09:00:00-04:00,0.03,0.08,179.72,CCL
2012-12-20 09:00:00-05:00,0.12,0.13,11.53,CCL
2012-09-25 09:00:00-04:00,1.45,1.53,5.23,CCL
2012-06-22 09:00:00-04:00,0.08,0.2,151.57,CCL
2012-03-09 09:00:00-05:00,-0.04,0.02,147.27,CCL
2011-12-20 09:00:00-05:00,0.28,0.28,0.26,CCL
2011-09-20 09:00:00-04:00,1.63,1.69,3.78,CCL
2011-06-21 09:00:00-04:00,0.24,0.26,10.29,CCL
2011-03-11 09:00:00-05:00,0.18,0.19,4.86,CCL
2010-12-21 09:00:00-05:00,0.31,0.31,0.7,CCL
2010-09-21 09:00:00-04:00,1.49,1.65,10.49,CCL
2010-06-22 09:00:00-04:00,0.3,0.32,8.41,CCL
2010-03-23 09:00:00-04:00,0.14,0.22,60.0,CCL
2009-12-18 09:00:00-05:00,0.19,0.24,23.69,CCL
2009-09-22 09:00:00-04:00,1.18,1.31,10.64,CCL
2009-06-18 09:00:00-04:00,0.29,0.33,14.73,CCL
2009-03-24 09:00:00-04:00,0.18,0.33,81.01,CCL
2008-12-18 09:00:00-05:00,0.4,0.47,17.72,CCL
2008-09-18 09:00:00-04:00,1.58,1.63,3.28,CCL
2008-06-19 09:00:00-04:00,0.42,0.49,17.48,CCL
2008-03-20 09:00:00-04:00,0.28,0.3,6.64,CCL
2007-12-20 09:00:00-05:00,0.43,0.44,2.14,CCL
2007-09-20 09:00:00-04:00,1.62,1.67,3.19,CCL
2007-06-19 09:00:00-04:00,0.47,0.48,2.81,CCL
2007-03-16 09:00:00-04:00,0.34,0.35,2.71,CCL
2006-12-21 09:00:00-05:00,0.46,0.51,9.91,CCL
2006-09-21 09:00:00-04:00,1.46,1.49,2.12,CCL
2006-06-16 09:00:00-04:00,0.44,0.45,2.74,CCL
2006-03-23 09:00:00-05:00,0.37,0.36,-1.37,CCL
2005-12-16 09:00:00-05:00,0.41,0.43,5.08,CCL
2005-09-19 09:00:00-04:00,1.36,1.36,0.29,CCL
2005-06-16 09:00:00-04:00,0.45,0.49,8.09,CCL
2005-03-21 09:00:00-05:00,0.39,0.41,4.33,CCL
2004-12-16 09:00:00-05:00,0.31,0.4,29.73,CCL
2004-09-17 09:00:00-04:00,1.2,1.23,2.52,CCL
2004-06-17 09:00:00-04:00,0.35,0.41,16.85,CCL
2004-03-22 09:00:00-05:00,0.22,0.25,15.85,CCL
2003-12-18 09:00:00-05:00,0.28,0.26,-5.8,CCL
2003-09-18 09:00:00-04:00,0.87,0.9,3.25,CCL
2003-06-25 09:00:00-04:00,0.23,0.21,-7.26,CCL
2003-03-21 08:00:00-05:00,0.19,0.19,2.24,CCL
2002-12-19 08:00:00-05:00,0.3,0.3,0.26,CCL
2002-09-20 08:00:00-04:00,0.81,0.84,4.17,CCL
2002-09-20 08:00:00-04:00,0.78,0.83,7.1,CCL
2002-06-20 08:00:00-04:00,0.3,0.32,5.96,CCL
2026-11-09 07:00:00-05:00,3.75,,,CEG
2026-08-06 06:00:00-04:00,2.28,2.55,11.73,CEG
2026-05-11 07:00:00-04:00,2.6,2.74,5.3,CEG
2026-02-24 06:00:00-05:00,2.25,2.3,2.41,CEG
2025-11-07 07:00:00-05:00,3.12,3.04,-2.57,CEG
2025-08-07 06:00:00-04:00,1.83,1.91,4.24,CEG
2025-05-06 06:00:00-04:00,2.21,2.14,-3.1,CEG
2025-02-18 06:00:00-05:00,2.14,2.44,14.06,CEG
2024-11-04 06:00:00-05:00,2.68,2.74,2.3,CEG
2024-08-06 06:00:00-04:00,1.69,1.68,-0.44,CEG
2024-05-09 06:00:00-04:00,1.29,1.82,41.36,CEG
2024-02-27 05:00:00-05:00,2.02,1.51,-25.11,CEG
2023-11-06 06:00:00-05:00,1.67,1.99,19.23,CEG
2023-08-03 06:00:00-04:00,0.78,1.45,85.9,CEG
2023-05-04 06:00:00-04:00,0.95,0.39,-59.13,CEG
2023-02-16 06:00:00-05:00,0.27,0.17,-36.33,CEG
2022-11-08 06:00:00-05:00,0.77,0.54,-30.46,CEG
2022-08-04 06:00:00-04:00,0.64,1.66,158.13,CEG
2022-05-12 06:00:00-04:00,1.01,1.81,80.32,CEG
2022-02-25 14:00:00-05:00,1.19,1.19,,CEG
2026-11-06 07:00:00-05:00,-0.03,,,CGC
2026-08-07 07:00:00-04:00,-0.03,-0.02,43.33,CGC
2026-06-15 06:00:00-04:00,-0.03,-0.23,-670.33,CGC
2026-02-06 07:00:00-05:00,-0.05,-0.14,-183.2,CGC
2025-11-07 07:00:00-05:00,-0.11,,102.73,CGC
2025-08-08 07:00:00-04:00,-0.12,-0.19,-61.0,CGC
2025-05-30 07:00:00-04:00,-0.2,-1.32,-545.46,CGC
2025-02-07 06:00:00-05:00,-0.23,-1.06,-361.22,CGC
2024-11-08 07:00:00-05:00,-0.32,-1.23,-279.86,CGC
2024-08-09 07:00:00-04:00,-0.37,-1.5,-298.75,CGC
2024-05-30 07:00:00-04:00,-0.32,-0.07,78.7,CGC
2024-02-09 07:00:00-05:00,-0.47,-2.19,-368.79,CGC
2023-11-09 17:00:00-05:00,-1.16,-2.14,-84.74,CGC
2023-08-09 16:00:00-04:00,-2.0,-0.49,75.43,CGC
2023-06-22 16:00:00-04:00,-1.77,-3.38,-90.25,CGC
2023-02-09 07:00:00-05:00,-2.26,-4.57,-102.43,CGC
2022-11-09 07:00:00-05:00,-2.6,-3.29,-26.58,CGC
2022-08-05 07:00:00-04:00,-2.81,-8.71,-209.46,CGC
2022-05-27 07:00:00-04:00,-2.07,-5.3,-156.4,CGC
2022-02-09 07:00:00-05:00,-3.17,-1.61,49.36,CGC
2021-11-05 07:00:00-04:00,-1.87,-0.11,94.08,CGC
2021-08-06 07:00:00-04:00,-2.88,12.1,519.65,CGC
2021-06-01 07:00:00-04:00,-2.36,-16.1,-582.2,CGC
2021-02-09 06:00:00-05:00,-3.32,-12.86,-287.2,CGC
2020-11-09 06:00:00-05:00,-3.58,3.04,184.74,CGC
2020-08-10 07:00:00-04:00,-4.93,-2.57,47.92,CGC
2020-05-29 07:00:00-04:00,-8.37,-16.98,-102.7,CGC
2020-02-14 06:00:00-05:00,-4.66,-3.84,17.66,CGC
2019-11-14 06:00:00-05:00,-3.61,-11.08,-206.8,CGC
2019-08-14 17:00:00-04:00,-4.1,-5.38,-31.19,CGC
2019-06-20 19:00:00-04:00,-2.83,-10.91,-285.85,CGC
2019-02-13 19:00:00-05:00,-2.14,-3.62,-69.35,CGC
2018-11-14 06:00:00-05:00,-1.0,-13.08,-1208.2,CGC
2018-08-14 18:00:00-04:00,-1.87,-2.26,-21.18,CGC
2018-06-27 06:00:00-04:00,-0.75,-3.03,-304.31,CGC
2018-02-14 07:00:00-05:00,-0.7,-1.54,-119.43,CGC
2017-11-14 06:00:00-05:00,-0.5,-1.2,-139.26,CGC
2017-08-14 06:00:00-04:00,-0.65,-0.86,-32.92,CGC
2017-06-27 06:00:00-04:00,-0.3,-0.9,-199.67,CGC
2017-02-14 06:00:00-05:00,-0.35,-0.43,-22.6,CGC
2016-11-14 06:00:00-05:00,-0.2,-0.4,-100.0,CGC
2016-08-29 06:00:00-04:00,-0.3,-0.38,-26.6,CGC
2016-06-26 21:00:00-04:00,-0.2,-0.7,-249.5,CGC
2016-02-25 06:00:00-05:00,-0.2,-0.35,-77.0,CGC
2015-11-26 06:00:00-05:00,-0.5,-0.35,29.8,CGC
2015-06-29 17:00:00-04:00,-0.4,-0.65,-61.87,CGC
2015-02-26 08:00:00-05:00,-0.3,-0.7,-133.33,CGC
2014-11-25 17:00:00-05:00,-0.3,-0.6,-100.0,CGC
2026-10-30 08:00:00-04:00,9.01,,,CHTR
2026-07-24 07:00:00-04:00,10.06,10.66,5.94,CHTR
2026-04-24 07:00:00-04:00,10.08,9.17,-9.07,CHTR
2026-01-30 07:00:00-05:00,9.93,10.34,4.09,CHTR
2025-10-31 07:00:00-04:00,9.32,8.34,-10.5,CHTR
2025-07-25 07:00:00-04:00,9.77,9.18,-6.06,CHTR
2025-04-25 07:00:00-04:00,8.37,8.42,0.56,CHTR
2025-01-31 07:00:00-05:00,9.14,10.1,10.5,CHTR
2024-11-01 07:00:00-04:00,8.49,8.82,3.87,CHTR
2024-07-26 07:00:00-04:00,7.9,8.49,7.47,CHTR
2024-04-26 07:00:00-04:00,7.87,7.55,-4.09,CHTR
2024-02-02 07:00:00-05:00,8.84,7.07,-19.99,CHTR
2023-10-27 07:00:00-04:00,8.11,8.25,1.71,CHTR
2023-07-28 07:00:00-04:00,8.2,8.05,-1.79,CHTR
2023-04-28 07:00:00-04:00,7.55,6.65,-11.93,CHTR
2023-01-27 07:00:00-05:00,8.77,7.69,-12.33,CHTR
2022-10-28 07:00:00-04:00,8.38,7.38,-11.97,CHTR
2022-07-29 07:00:00-04:00,7.12,8.8,23.57,CHTR
2022-04-29 07:00:00-04:00,6.66,6.9,3.65,CHTR
2022-01-28 07:00:00-05:00,7.08,8.93,26.22,CHTR
2021-10-29 07:00:00-04:00,5.75,6.5,13.09,CHTR
2021-07-30 07:00:00-04:00,4.77,5.29,10.92,CHTR
2021-04-30 07:00:00-04:00,4.18,4.11,-1.79,CHTR
2021-01-29 07:00:00-05:00,4.94,5.96,20.66,CHTR
2020-10-30 07:00:00-04:00,3.25,4.13,27.32,CHTR
2020-07-31 07:00:00-04:00,2.48,3.63,46.44,CHTR
2020-05-01 08:00:00-04:00,2.94,1.98,-32.73,CHTR
2020-01-31 07:00:00-05:00,2.49,3.28,31.49,CHTR
2019-10-25 07:00:00-04:00,1.69,1.74,3.04,CHTR
2019-07-26 07:00:00-04:00,1.84,1.39,-24.38,CHTR
2019-04-30 07:00:00-04:00,1.4,1.11,-20.61,CHTR
2019-01-31 07:00:00-05:00,1.49,1.29,-13.5,CHTR
2018-10-26 07:00:00-04:00,1.1,1.44,30.06,CHTR
2018-07-31 07:00:00-04:00,0.91,1.15,26.9,CHTR
2018-04-27 08:00:00-04:00,0.51,0.7,36.19,CHTR
2018-02-02 08:00:00-05:00,0.82,34.56,4113.04,CHTR
2017-10-26 07:00:00-04:00,0.8,0.19,-76.25,CHTR
2017-07-27 08:00:00-04:00,0.66,0.52,-20.97,CHTR
2017-05-02 07:00:00-04:00,0.73,0.57,-22.35,CHTR
2017-02-16 07:00:00-05:00,1.05,1.47,39.82,CHTR
2016-11-03 08:00:00-04:00,0.73,0.69,-6.05,CHTR
2016-08-09 07:00:00-04:00,-0.96,0.99,203.32,CHTR
2016-04-28 08:00:00-04:00,-1.47,-1.64,-12.11,CHTR
2016-02-04 08:00:00-05:00,-0.16,-1.21,-653.24,CHTR
2015-10-29 08:00:00-04:00,0.05,0.53,1037.48,CHTR
2015-08-04 08:00:00-04:00,0.32,0.06,-81.41,CHTR
2015-05-01 08:00:00-04:00,-0.15,-0.81,-422.92,CHTR
2015-02-05 08:00:00-05:00,0.01,-0.49,-6100.25,CHTR
2014-10-29 07:00:00-04:00,0.03,-0.54,-2059.93,CHTR
2014-07-31 08:00:00-04:00,0.35,-0.46,-230.88,CHTR
2014-04-28 06:00:00-04:00,0.28,-0.39,-240.29,CHTR
2014-02-21 08:00:00-05:00,0.31,0.39,26.43,CHTR
2013-11-05 08:00:00-05:00,0.06,-0.75,-1440.79,CHTR
2013-08-06 08:00:00-04:00,0.05,-0.39,-813.25,CHTR
2013-05-07 08:00:00-04:00,-0.61,-0.46,23.42,CHTR
2013-02-22 08:00:00-05:00,-0.2,-0.65,-219.23,CHTR
2012-11-06 08:00:00-05:00,-0.38,-0.96,-155.91,CHTR
2012-08-07 08:00:00-04:00,-0.43,-0.93,-117.78,CHTR
2012-05-08 08:00:00-04:00,-0.53,-1.05,-96.47,CHTR
2012-02-27 08:00:00-05:00,-0.23,-0.5,-115.04,CHTR
2026-11-05 07:00:00-05:00,7.51,,,CI
2026-07-30 06:00:00-04:00,7.6,7.78,2.37,CI
2026-04-30 06:00:00-04:00,7.61,7.79,2.41,CI
2026-02-05 06:00:00-05:00,7.88,8.08,2.5,CI
2025-10-30 06:00:00-04:00,7.64,7.83,2.47,CI
2025-07-31 06:00:00-04:00,7.15,7.2,0.65,CI
2025-05-02 06:00:00-04:00,6.35,6.74,6.17,CI
2025-01-30 06:00:00-05:00,7.82,6.64,-15.1,CI
2024-10-31 06:00:00-04:00,7.25,7.51,3.52,CI
2024-08-01 06:00:00-04:00,6.42,6.72,4.74,CI
2024-05-02 06:00:00-04:00,6.22,6.47,4.02,CI
2024-02-02 06:00:00-05:00,6.54,6.79,3.83,CI
2023-11-02 06:00:00-04:00,6.68,6.77,1.35,CI
2023-08-03 10:00:00-04:00,6.04,6.13,1.57,CI
2023-05-05 06:00:00-04:00,5.24,5.41,3.27,CI
2023-02-03 06:00:00-05:00,4.87,4.96,1.9,CI
2022-11-03 06:00:00-04:00,5.71,6.04,5.71,CI
2022-08-04 06:00:00-04:00,5.49,6.22,13.21,CI
2022-05-06 06:00:00-04:00,5.18,6.01,16.09,CI
2022-02-03 06:00:00-05:00,4.71,4.77,1.21,CI
2021-11-04 06:00:00-04:00,5.21,5.73,10.08,CI
2021-08-05 06:00:00-04:00,4.97,5.24,5.53,CI
2021-05-07 06:00:00-04:00,4.4,4.73,7.52,CI
2021-02-04 06:00:00-05:00,3.69,3.51,-4.78,CI
2020-11-05 06:00:00-05:00,4.23,4.41,4.16,CI
2020-07-30 06:00:00-04:00,5.16,5.81,12.65,CI
2020-04-30 07:00:00-04:00,4.36,4.69,7.66,CI
2020-02-06 06:00:00-05:00,4.2,4.31,2.56,CI
2019-10-31 06:00:00-04:00,4.36,4.54,4.05,CI
2019-08-01 06:00:00-04:00,3.74,4.3,14.88,CI
2019-05-02 06:00:00-04:00,3.73,3.9,4.66,CI
2019-02-01 06:00:00-05:00,2.49,2.46,-1.17,CI
2018-11-01 06:00:00-04:00,3.44,3.84,11.55,CI
2018-08-02 06:00:00-04:00,3.33,3.89,16.89,CI
2018-05-03 06:00:00-04:00,3.39,4.11,21.18,CI
2018-02-01 06:00:00-05:00,1.87,1.94,3.69,CI
2017-11-02 06:00:00-04:00,2.36,2.83,19.8,CI
2017-08-04 06:00:00-04:00,2.48,2.91,17.38,CI
2017-05-05 06:00:00-04:00,2.46,2.77,12.73,CI
2017-02-02 06:00:00-05:00,1.74,1.87,7.77,CI
2016-11-03 06:00:00-04:00,1.91,1.94,1.64,CI
2016-07-29 06:00:00-04:00,2.39,1.98,-17.08,CI
2016-05-06 06:00:00-04:00,2.15,2.32,7.68,CI
2016-02-04 06:00:00-05:00,1.79,1.87,4.23,CI
2015-11-06 06:00:00-05:00,2.2,2.28,3.77,CI
2015-07-30 06:00:00-04:00,2.33,2.55,9.44,CI
2015-04-30 06:00:00-04:00,1.85,1.96,5.96,CI
2015-02-05 06:00:00-05:00,1.67,1.69,1.44,CI
2014-10-30 06:00:00-04:00,1.82,1.95,6.88,CI
2014-07-31 06:00:00-04:00,1.84,1.96,6.39,CI
2014-05-01 05:00:00-04:00,1.54,1.83,18.77,CI
2014-02-07 06:00:00-05:00,1.49,1.39,-6.52,CI
2013-10-31 06:00:00-04:00,1.63,1.89,15.79,CI
2013-08-01 06:00:00-04:00,1.6,1.78,11.19,CI
2013-05-02 06:00:00-04:00,1.42,1.72,21.37,CI
2013-02-07 06:00:00-05:00,1.48,1.57,6.28,CI
2012-11-01 06:00:00-04:00,1.36,1.69,24.49,CI
2012-08-02 06:00:00-04:00,1.42,1.49,5.04,CI
2012-05-03 06:00:00-04:00,1.3,1.24,-4.54,CI
2012-02-02 06:00:00-05:00,1.18,1.11,-5.76,CI
2011-10-28 06:00:00-04:00,1.23,1.2,-2.18,CI
2011-08-04 06:00:00-04:00,1.29,1.53,18.37,CI
2011-05-05 06:00:00-04:00,1.09,1.37,25.43,CI
2011-02-03 06:00:00-05:00,1.01,1.15,14.28,CI
2010-10-29 06:00:00-04:00,1.06,1.1,3.73,CI
2010-08-05 06:00:00-04:00,1.01,1.38,36.87,CI
2010-05-06 06:00:00-04:00,0.89,1.01,13.95,CI
2010-02-04 06:00:00-05:00,0.95,1.03,8.12,CI
2009-11-05 06:00:00-05:00,1.03,1.13,10.0,CI
2009-07-30 06:00:00-04:00,0.96,1.14,18.54,CI
2009-04-30 06:00:00-04:00,0.9,0.87,-3.08,CI
2009-02-05 06:00:00-05:00,0.41,0.49,18.95,CI
2008-10-30 06:00:00-04:00,1.06,1.14,8.05,CI
2008-08-01 06:00:00-04:00,0.97,1.08,11.76,CI
2008-05-01 06:00:00-04:00,0.96,0.94,-1.6,CI
2008-02-06 06:00:00-05:00,0.97,0.98,1.22,CI
2007-11-02 06:00:00-04:00,1.04,1.14,9.39,CI
2007-08-01 06:00:00-04:00,1.72,0.96,-44.09,CI
2007-05-02 06:00:00-04:00,0.84,0.89,6.5,CI
2007-02-07 06:00:00-05:00,0.76,0.87,14.07,CI
2006-11-01 06:00:00-05:00,0.72,0.83,14.45,CI
2006-08-02 06:00:00-04:00,0.64,0.77,19.98,CI
2006-05-03 06:00:00-04:00,0.63,0.7,12.15,CI
2006-02-08 06:00:00-05:00,0.55,0.66,20.21,CI
2005-11-02 06:00:00-05:00,0.54,0.65,20.13,CI
2005-08-03 06:00:00-04:00,0.52,0.66,27.96,CI
2005-05-04 06:00:00-04:00,0.51,0.75,47.5,CI
2005-02-09 04:00:00-05:00,0.53,0.8,51.56,CI
2004-11-03 04:00:00-05:00,0.45,0.59,31.62,CI
2004-08-04 04:00:00-04:00,0.44,0.58,33.25,CI
2004-04-30 04:00:00-04:00,0.6,0.62,4.01,CI
2004-02-06 04:00:00-05:00,0.49,0.55,13.27,CI
2003-10-31 04:00:00-05:00,0.39,0.48,25.29,CI
2003-08-01 04:00:00-04:00,0.36,0.38,5.06,CI
2003-05-02 04:00:00-04:00,0.48,0.49,2.41,CI
2003-02-07 04:00:00-05:00,0.4,0.42,5.59,CI
2002-11-01 04:00:00-05:00,0.49,0.5,1.48,CI
2002-11-01 04:00:00-05:00,0.5,0.65,30.67,CI
2002-08-02 04:00:00-04:00,0.65,0.65,-0.29,CI
2002-08-02 04:00:00-04:00,0.59,0.58,-2.81,CI
2026-10-22 08:00:00-04:00,0.99,,,CMCSA
2026-07-23 06:00:00-04:00,0.97,1.04,7.62,CMCSA
2026-04-23 07:00:00-04:00,0.73,0.79,8.29,CMCSA
2026-01-29 07:00:00-05:00,0.76,0.84,10.76,CMCSA
2025-10-30 07:00:00-04:00,1.1,1.12,1.72,CMCSA
2025-07-31 07:00:00-04:00,1.18,1.25,5.87,CMCSA
2025-04-24 07:00:00-04:00,0.99,1.09,9.89,CMCSA
2025-01-30 07:00:00-05:00,0.86,0.96,11.38,CMCSA
2024-10-31 07:00:00-04:00,1.06,1.12,5.27,CMCSA
2024-07-23 07:00:00-04:00,1.12,1.21,8.22,CMCSA
2024-04-25 07:00:00-04:00,0.99,1.04,5.31,CMCSA
2024-01-25 07:00:00-05:00,0.79,0.84,6.35,CMCSA
2023-10-26 07:00:00-04:00,0.95,1.08,13.67,CMCSA
2023-07-27 07:00:00-04:00,0.98,1.13,15.51,CMCSA
2023-04-27 07:00:00-04:00,0.83,0.92,10.92,CMCSA
2023-01-26 07:00:00-05:00,0.78,0.82,5.62,CMCSA
2022-10-27 07:00:00-04:00,0.9,0.96,6.51,CMCSA
2022-07-28 07:00:00-04:00,0.92,1.01,10.3,CMCSA
2022-04-28 07:00:00-04:00,0.81,0.86,6.72,CMCSA
2022-01-27 07:00:00-05:00,0.74,0.77,4.67,CMCSA
2021-10-28 07:00:00-04:00,0.75,0.87,15.83,CMCSA
2021-07-29 07:00:00-04:00,0.67,0.84,26.08,CMCSA
2021-04-29 07:00:00-04:00,0.58,0.76,30.15,CMCSA
2021-01-28 07:00:00-05:00,0.48,0.56,16.12,CMCSA
2020-10-29 07:00:00-04:00,0.51,0.65,27.1,CMCSA
2020-07-30 07:00:00-04:00,0.55,0.69,24.87,CMCSA
2020-04-30 07:00:00-04:00,0.67,0.71,5.68,CMCSA
2020-01-23 07:00:00-05:00,0.77,0.79,2.95,CMCSA
2019-10-24 07:00:00-04:00,0.75,0.79,5.92,CMCSA
2019-07-25 07:00:00-04:00,0.75,0.78,3.61,CMCSA
2019-04-25 07:00:00-04:00,0.68,0.76,11.66,CMCSA
2019-01-23 07:00:00-05:00,0.63,0.64,2.02,CMCSA
2018-10-25 06:00:00-04:00,0.61,0.65,7.35,CMCSA
2018-07-26 07:00:00-04:00,0.6,0.65,7.57,CMCSA
2018-04-25 06:00:00-04:00,0.59,0.62,5.12,CMCSA
2018-01-24 07:00:00-05:00,0.47,0.49,4.81,CMCSA
2017-10-26 07:00:00-04:00,0.49,0.52,5.32,CMCSA
2017-07-27 06:00:00-04:00,0.49,0.52,7.21,CMCSA
2017-04-27 07:00:00-04:00,0.45,0.53,19.09,CMCSA
2017-01-26 07:00:00-05:00,0.43,0.45,2.85,CMCSA
2016-10-26 07:00:00-04:00,0.46,0.46,0.84,CMCSA
2016-07-27 07:00:00-04:00,0.4,0.42,2.76,CMCSA
2016-04-27 07:00:00-04:00,0.39,0.42,6.39,CMCSA
2016-02-03 07:00:00-05:00,0.41,0.41,-0.82,CMCSA
2015-10-27 07:00:00-04:00,0.4,0.4,-0.05,CMCSA
2015-07-23 07:00:00-04:00,0.42,0.42,-0.16,CMCSA
2015-05-04 06:00:00-04:00,0.37,0.4,7.22,CMCSA
2015-02-24 07:00:00-05:00,0.39,0.39,-0.96,CMCSA
2014-10-23 07:00:00-04:00,0.35,0.37,3.23,CMCSA
2014-07-22 07:00:00-04:00,0.36,0.38,4.27,CMCSA
2014-04-22 07:00:00-04:00,0.32,0.34,5.76,CMCSA
2014-01-28 07:00:00-05:00,0.34,0.33,-3.07,CMCSA
2013-10-30 07:00:00-04:00,0.31,0.33,6.31,CMCSA
2013-07-31 07:00:00-04:00,0.32,0.33,2.91,CMCSA
2013-05-01 07:00:00-04:00,0.25,0.26,1.07,CMCSA
2013-02-12 16:00:00-05:00,0.27,0.26,-3.03,CMCSA
2012-10-26 07:00:00-04:00,0.23,0.23,-0.03,CMCSA
2012-08-01 07:00:00-04:00,0.24,0.25,4.94,CMCSA
2012-05-02 07:00:00-04:00,0.21,0.23,6.58,CMCSA
2012-02-15 07:00:00-05:00,0.21,0.24,11.23,CMCSA
2011-11-02 07:00:00-04:00,0.2,0.17,-16.7,CMCSA
2011-08-03 07:00:00-04:00,0.21,0.21,1.94,CMCSA
2011-05-03 16:00:00-04:00,0.17,0.18,4.04,CMCSA
2011-02-16 07:00:00-05:00,0.16,0.18,8.74,CMCSA
2010-10-27 07:00:00-04:00,0.15,0.16,6.31,CMCSA
2010-07-28 07:00:00-04:00,0.16,0.17,2.98,CMCSA
2010-04-28 07:00:00-04:00,0.15,0.16,4.13,CMCSA
2010-02-03 07:00:00-05:00,0.13,0.14,7.44,CMCSA
2009-11-04 07:00:00-05:00,0.13,0.14,10.43,CMCSA
2009-08-06 07:00:00-04:00,0.13,0.17,27.94,CMCSA
2009-04-30 07:00:00-04:00,0.11,0.14,17.47,CMCSA
2009-02-18 07:00:00-05:00,0.11,0.14,21.33,CMCSA
2008-10-29 07:00:00-04:00,0.11,0.12,10.85,CMCSA
2008-07-30 07:00:00-04:00,0.11,0.11,-6.2,CMCSA
2008-05-01 07:00:00-04:00,0.09,0.1,1.88,CMCSA
2008-02-14 06:00:00-05:00,0.09,0.1,13.64,CMCSA
2007-10-25 07:00:00-04:00,0.09,0.09,-2.17,CMCSA
2007-07-26 07:00:00-04:00,0.1,0.1,-2.56,CMCSA
2007-04-26 07:00:00-04:00,0.08,0.09,1.19,CMCSA
2007-02-01 07:00:00-05:00,0.08,0.07,-16.15,CMCSA
2006-10-26 07:00:00-04:00,0.06,0.09,38.16,CMCSA
2006-07-27 07:00:00-04:00,0.07,0.07,11.57,CMCSA
2006-04-27 07:00:00-04:00,0.05,0.07,47.03,CMCSA
2006-02-02 07:00:00-05:00,0.05,0.03,-41.75,CMCSA
2005-11-03 07:00:00-05:00,0.05,0.03,-32.83,CMCSA
2005-08-02 07:00:00-04:00,0.05,0.06,26.65,CMCSA
2005-04-28 07:00:00-04:00,0.04,0.05,28.42,CMCSA
2005-02-03 07:00:00-05:00,0.04,0.06,57.65,CMCSA
2004-10-27 07:00:00-04:00,0.04,0.03,-8.17,CMCSA
2004-07-28 07:00:00-04:00,0.03,0.04,24.38,CMCSA
2004-04-28 07:00:00-04:00,0.02,0.01,-54.73,CMCSA
2004-02-11 07:00:00-05:00,0.01,0.03,156.53,CMCSA
2003-10-30 07:00:00-05:00,,,-630.3,CMCSA
2003-07-31 07:00:00-04:00,,,198.04,CMCSA
2003-05-08 07:00:00-04:00,-0.02,-0.01,31.33,CMCSA
2003-02-27 07:00:00-05:00,0.03,-0.03,-186.31,CMCSA
2002-10-28 07:00:00-05:00,0.06,0.05,-9.65,CMCSA
2002-08-01 08:00:00-04:00,0.06,0.05,-15.97,CMCSA
2002-05-01 10:00:00-04:00,0.01,-0.03,-324.72,CMCSA
2002-02-06 07:00:00-05:00,-0.1,-0.1,,CMCSA
2026-10-28 16:00:00-04:00,0.29,,,CMG
2026-07-29 16:00:00-04:00,0.32,0.33,3.96,CMG
2026-04-29 16:00:00-04:00,0.24,0.24,1.4,CMG
2026-02-03 16:00:00-05:00,0.24,0.25,4.89,CMG
2025-10-29 16:00:00-04:00,0.29,0.29,0.87,CMG
2025-07-23 16:00:00-04:00,0.33,0.33,1.26,CMG
2025-04-23 16:00:00-04:00,0.28,0.29,4.72,CMG
2025-02-04 16:00:00-05:00,0.25,0.25,1.45,CMG
2024-10-29 16:00:00-04:00,0.25,0.27,6.57,CMG
2024-07-24 16:00:00-04:00,0.32,0.34,7.04,CMG
2024-04-24 16:00:00-04:00,0.23,0.27,14.5,CMG
2024-02-06 16:00:00-05:00,0.19,0.21,6.52,CMG
2023-10-26 16:00:00-04:00,0.21,0.23,6.86,CMG
2023-07-26 16:00:00-04:00,0.25,0.25,2.98,CMG
2023-04-25 16:00:00-04:00,0.18,0.21,17.28,CMG
2023-02-07 16:00:00-05:00,0.18,0.17,-6.75,CMG
2022-10-25 16:00:00-04:00,0.18,0.19,3.48,CMG
2022-07-26 16:00:00-04:00,0.18,0.19,2.84,CMG
2022-04-26 16:00:00-04:00,0.11,0.11,1.14,CMG
2022-02-08 16:00:00-05:00,0.11,0.11,5.43,CMG
2021-10-21 16:00:00-04:00,0.13,0.14,10.97,CMG
2021-07-20 16:00:00-04:00,0.13,0.15,14.64,CMG
2021-04-21 16:00:00-04:00,0.1,0.11,9.25,CMG
2021-02-02 16:00:00-05:00,0.07,0.07,-6.7,CMG
2020-10-21 16:00:00-04:00,0.07,0.08,9.03,CMG
2020-07-22 16:00:00-04:00,0.01,0.01,1.27,CMG
2020-04-21 17:00:00-04:00,0.05,0.06,14.78,CMG
2020-02-04 16:00:00-05:00,0.06,0.06,3.77,CMG
2019-10-22 16:00:00-04:00,0.06,0.08,18.69,CMG
2019-07-23 16:00:00-04:00,0.08,0.08,6.06,CMG
2019-04-24 16:00:00-04:00,0.06,0.07,12.38,CMG
2019-02-06 16:00:00-05:00,0.03,0.03,20.57,CMG
2018-10-25 16:00:00-04:00,0.04,0.04,7.01,CMG
2018-07-26 16:00:00-04:00,0.06,0.06,2.24,CMG
2018-04-25 16:00:00-04:00,0.03,0.04,36.32,CMG
2018-02-06 16:00:00-05:00,0.03,0.03,0.64,CMG
2017-10-24 16:00:00-04:00,0.03,0.03,-19.37,CMG
2017-07-25 16:00:00-04:00,0.04,0.05,5.74,CMG
2017-04-25 16:00:00-04:00,0.03,0.03,24.61,CMG
2017-02-02 16:00:00-05:00,0.01,0.01,1.29,CMG
2016-10-25 16:00:00-04:00,0.03,0.01,-83.18,CMG
2016-07-21 16:00:00-04:00,0.02,0.02,-6.1,CMG
2016-04-26 16:00:00-04:00,-0.02,-0.02,16.55,CMG
2016-02-02 16:00:00-05:00,0.04,0.04,16.95,CMG
2015-10-20 16:00:00-04:00,0.09,0.09,-0.71,CMG
2015-07-21 16:00:00-04:00,0.09,0.09,0.17,CMG
2015-04-21 16:00:00-04:00,0.07,0.08,6.23,CMG
2015-02-03 16:00:00-05:00,0.08,0.08,1.28,CMG
2014-10-20 16:00:00-04:00,0.08,0.08,8.13,CMG
2014-07-21 16:00:00-04:00,0.06,0.07,13.29,CMG
2014-04-17 08:00:00-04:00,0.06,0.05,-7.76,CMG
2014-01-30 16:00:00-05:00,0.05,0.05,0.1,CMG
2013-10-17 16:00:00-04:00,0.06,0.05,-4.21,CMG
2013-07-18 16:00:00-04:00,0.06,0.06,0.36,CMG
2013-04-18 16:00:00-04:00,0.04,0.05,14.73,CMG
2013-02-05 16:00:00-05:00,0.04,0.04,-0.28,CMG
2012-10-18 16:00:00-04:00,0.05,0.05,-1.73,CMG
2012-07-19 16:00:00-04:00,0.05,0.05,11.28,CMG
2012-04-19 16:00:00-04:00,0.04,0.04,1.99,CMG
2012-02-01 16:00:00-05:00,0.04,0.04,-1.04,CMG
2011-10-20 16:00:00-04:00,0.04,0.04,3.2,CMG
2011-07-19 16:00:00-04:00,0.03,0.03,-2.73,CMG
2011-04-20 16:00:00-04:00,0.03,0.03,1.64,CMG
2011-02-10 16:00:00-05:00,0.03,0.03,13.47,CMG
2010-10-21 16:00:00-04:00,0.03,0.03,15.99,CMG
2010-07-22 16:00:00-04:00,0.03,0.03,4.89,CMG
2010-04-21 15:00:00-04:00,0.02,0.02,24.74,CMG
2010-02-11 16:00:00-05:00,0.02,0.02,21.62,CMG
2009-10-22 16:00:00-04:00,0.02,0.02,22.94,CMG
2009-07-22 16:00:00-04:00,0.02,0.02,24.43,CMG
2009-04-22 16:00:00-04:00,0.01,0.02,40.92,CMG
2009-02-11 16:00:00-05:00,0.01,0.01,7.0,CMG
2008-10-22 16:00:00-04:00,0.01,0.01,-0.25,CMG
2008-07-23 16:00:00-04:00,0.01,0.01,-1.0,CMG
2008-04-23 16:00:00-04:00,0.01,0.01,8.11,CMG
2008-02-14 16:00:00-05:00,0.01,0.01,-2.61,CMG
2007-10-30 16:00:00-04:00,0.01,0.01,16.76,CMG
2007-07-31 16:00:00-04:00,0.01,0.01,34.98,CMG
2007-05-01 06:00:00-04:00,0.01,0.01,20.06,CMG
2007-02-15 16:00:00-05:00,0.01,0.01,17.65,CMG
2006-10-31 16:00:00-05:00,0.01,0.01,34.08,CMG
2006-07-31 16:00:00-04:00,0.01,0.01,28.91,CMG
2006-05-08 16:00:00-04:00,,0.01,113.11,CMG
2006-03-13 16:00:00-05:00,,,40.35,CMG
2026-11-05 07:00:00-05:00,8.41,,,CMI
2026-08-04 07:00:00-04:00,7.17,6.73,-6.12,CMI
2026-05-05 07:00:00-04:00,5.65,6.15,8.81,CMI
2026-02-05 07:00:00-05:00,5.08,5.81,14.34,CMI
2025-11-06 07:00:00-05:00,4.77,3.86,-19.04,CMI
2025-08-05 07:00:00-04:00,5.21,6.43,23.53,CMI
2025-05-05 07:00:00-04:00,4.92,5.96,21.04,CMI
2025-02-04 07:00:00-05:00,4.69,4.54,-3.34,CMI
2024-11-05 07:00:00-05:00,4.81,5.86,21.94,CMI
2024-08-01 07:00:00-04:00,4.76,5.26,10.4,CMI
2024-05-02 07:00:00-04:00,4.96,5.1,2.72,CMI
2024-02-06 07:00:00-05:00,4.47,4.14,-7.29,CMI
2023-11-02 07:00:00-04:00,4.68,4.74,1.12,CMI
2023-08-03 07:00:00-04:00,5.22,5.18,-0.75,CMI
2023-05-02 07:00:00-04:00,4.71,5.65,20.01,CMI
2023-02-06 07:00:00-05:00,4.52,4.51,-0.11,CMI
2022-11-03 07:00:00-04:00,4.82,3.44,-28.65,CMI
2022-08-02 07:00:00-04:00,4.34,4.77,9.94,CMI
2022-05-03 07:00:00-04:00,3.55,4.04,13.66,CMI
2022-02-03 07:00:00-05:00,3.14,2.73,-13.01,CMI
2021-11-02 07:00:00-04:00,3.93,3.69,-6.05,CMI
2021-08-03 07:00:00-04:00,4.05,4.1,1.25,CMI
2021-05-04 07:00:00-04:00,3.47,4.07,17.37,CMI
2021-02-04 07:00:00-05:00,2.8,3.36,20.17,CMI
2020-10-27 07:00:00-04:00,2.45,3.36,36.88,CMI
2020-07-28 07:00:00-04:00,1.0,1.86,86.12,CMI
2020-04-28 08:00:00-04:00,2.23,3.41,52.95,CMI
2020-02-04 07:00:00-05:00,2.46,2.56,4.11,CMI
2019-10-29 07:00:00-04:00,3.84,3.88,1.0,CMI
2019-07-30 07:00:00-04:00,4.44,4.27,-3.77,CMI
2019-04-30 07:00:00-04:00,3.51,4.2,19.54,CMI
2019-02-06 07:00:00-05:00,3.81,3.48,-8.69,CMI
2018-10-30 07:00:00-04:00,3.76,4.05,7.73,CMI
2018-07-31 07:00:00-04:00,3.59,3.32,-7.48,CMI
2018-05-01 07:00:00-04:00,2.94,2.43,-17.28,CMI
2018-02-06 07:00:00-05:00,2.66,-1.66,-162.5,CMI
2017-10-31 07:00:00-04:00,2.46,2.71,10.08,CMI
2017-08-01 07:00:00-04:00,2.56,2.53,-1.2,CMI
2017-05-02 07:00:00-04:00,1.84,2.36,28.32,CMI
2017-02-09 07:00:00-05:00,2.01,2.25,11.93,CMI
2016-11-01 07:00:00-04:00,1.95,1.72,-11.93,CMI
2016-08-02 07:00:00-04:00,2.18,2.4,9.99,CMI
2016-05-03 07:00:00-04:00,1.78,1.87,5.34,CMI
2016-02-04 07:00:00-05:00,2.09,0.92,-55.9,CMI
2015-10-27 07:00:00-04:00,2.61,2.14,-17.86,CMI
2015-07-28 07:00:00-04:00,2.56,2.62,2.31,CMI
2015-04-28 07:00:00-04:00,2.15,2.04,-4.93,CMI
2015-02-05 07:00:00-05:00,2.51,2.56,1.86,CMI
2014-10-28 07:00:00-04:00,2.28,2.32,1.93,CMI
2014-07-28 07:00:00-04:00,2.39,2.43,1.85,CMI
2014-04-29 07:00:00-04:00,1.68,1.83,9.13,CMI
2014-02-06 07:00:00-05:00,1.98,1.94,-1.8,CMI
2013-10-29 07:00:00-04:00,2.11,1.94,-8.1,CMI
2013-07-30 08:00:00-04:00,2.0,2.2,10.25,CMI
2013-04-30 07:00:00-04:00,1.85,1.44,-22.04,CMI
2013-02-20 08:00:00-05:00,1.74,1.95,11.97,CMI
2012-10-31 07:00:00-04:00,1.9,1.78,-6.54,CMI
2012-07-31 07:00:00-04:00,2.3,2.47,7.44,CMI
2012-05-01 07:00:00-04:00,2.21,2.38,7.62,CMI
2012-02-02 07:00:00-05:00,2.27,2.56,12.99,CMI
2011-10-25 07:00:00-04:00,2.24,2.2,-1.79,CMI
2011-07-26 07:00:00-04:00,2.01,2.41,19.9,CMI
2011-04-26 07:00:00-04:00,1.42,1.75,22.89,CMI
2011-02-01 07:00:00-05:00,1.72,1.84,7.28,CMI
2010-10-26 07:00:00-04:00,1.36,1.33,-2.09,CMI
2010-07-27 07:00:00-04:00,0.88,1.25,41.84,CMI
2010-04-27 06:00:00-04:00,0.29,0.75,158.46,CMI
2010-02-02 07:00:00-05:00,0.77,1.36,76.34,CMI
2009-10-30 07:00:00-04:00,0.37,0.48,31.15,CMI
2009-07-30 07:00:00-04:00,0.25,0.3,21.46,CMI
2009-04-30 07:00:00-04:00,0.28,0.04,-85.51,CMI
2009-02-03 07:00:00-05:00,0.2,0.45,125.0,CMI
2008-10-31 07:00:00-04:00,1.2,1.17,-2.5,CMI
2008-07-30 07:00:00-04:00,1.23,1.51,23.16,CMI
2008-04-30 07:00:00-04:00,0.89,0.97,9.48,CMI
2008-02-01 07:00:00-05:00,1.05,1.0,-4.94,CMI
2007-10-25 07:00:00-04:00,0.93,0.92,-0.54,CMI
2007-07-26 07:00:00-04:00,0.82,1.07,29.88,CMI
2007-04-27 07:00:00-04:00,0.46,0.71,54.35,CMI
2007-01-29 07:00:00-05:00,0.96,0.89,-7.4,CMI
2006-10-31 07:00:00-05:00,0.91,0.84,-7.57,CMI
2006-07-27 07:00:00-04:00,0.89,1.1,23.38,CMI
2006-04-28 07:00:00-04:00,0.64,0.68,5.8,CMI
2006-01-30 07:00:00-05:00,0.78,0.76,-1.82,CMI
2005-10-27 07:00:00-04:00,0.65,0.73,11.31,CMI
2005-07-22 07:00:00-04:00,0.6,0.71,17.86,CMI
2005-04-21 07:00:00-04:00,0.4,0.49,24.05,CMI
2005-02-02 07:00:00-05:00,0.54,0.6,12.08,CMI
2004-10-20 08:00:00-04:00,0.37,0.45,20.98,CMI
2004-07-23 08:00:00-04:00,0.32,0.44,38.26,CMI
2004-04-22 07:00:00-04:00,0.17,0.19,12.5,CMI
2004-01-27 07:00:00-05:00,0.24,0.27,9.84,CMI
2003-10-28 06:00:00-05:00,0.17,0.15,-10.71,CMI
2003-07-25 07:00:00-04:00,0.03,0.09,203.57,CMI
2003-04-17 07:00:00-04:00,-0.19,-0.21,-14.36,CMI
2003-01-29 07:00:00-05:00,-0.03,-0.05,-77.42,CMI
2002-10-17 07:00:00-04:00,0.23,0.24,3.45,CMI
2002-07-19 07:00:00-04:00,0.05,0.08,59.18,CMI
2002-04-25 07:00:00-04:00,-0.19,-0.19,1.57,CMI
2002-01-23 07:00:00-05:00,0.02,0.02,5.26,CMI
2026-10-27 08:00:00-04:00,0.1,,,CNC
2026-07-28 06:00:00-04:00,1.08,2.51,132.64,CNC
2026-04-28 06:00:00-04:00,2.13,3.37,57.91,CNC
2026-02-06 06:00:00-05:00,-1.22,-1.19,2.46,CNC
2025-10-29 06:00:00-04:00,-0.16,0.5,404.28,CNC
2025-07-25 06:00:00-04:00,0.21,-0.16,-177.27,CNC
2025-04-25 06:00:00-04:00,2.52,2.9,15.27,CNC
2025-02-04 06:00:00-05:00,0.49,0.8,62.18,CNC
2024-10-25 06:00:00-04:00,1.41,1.62,14.87,CNC
2024-07-26 06:00:00-04:00,2.09,2.42,16.05,CNC
2024-04-26 06:00:00-04:00,2.08,2.26,8.65,CNC
2024-02-06 06:00:00-05:00,0.44,0.45,2.13,CNC
2023-10-24 06:00:00-04:00,1.54,2.0,30.07,CNC
2023-07-28 06:00:00-04:00,2.05,2.1,2.6,CNC
2023-04-25 06:00:00-04:00,2.1,2.11,0.4,CNC
2023-02-07 06:00:00-05:00,0.84,0.86,2.87,CNC
2022-10-25 06:00:00-04:00,1.23,1.3,5.45,CNC
2022-07-26 06:00:00-04:00,1.59,1.77,11.36,CNC
2022-04-26 06:00:00-04:00,1.69,1.83,7.99,CNC
2022-02-08 06:00:00-05:00,0.97,1.01,3.73,CNC
2021-10-26 06:00:00-04:00,1.23,1.26,2.59,CNC
2021-07-27 06:00:00-04:00,1.37,1.25,-8.56,CNC
2021-04-27 06:00:00-04:00,1.53,1.63,6.42,CNC
2021-02-09 06:00:00-05:00,0.47,0.46,-1.32,CNC
2020-10-27 06:00:00-04:00,0.96,1.26,30.69,CNC
2020-07-28 06:00:00-04:00,2.43,2.4,-1.2,CNC
2020-04-28 06:00:00-04:00,0.99,0.86,-13.51,CNC
2020-02-04 06:00:00-05:00,0.73,0.73,-0.23,CNC
2019-10-22 06:00:00-04:00,0.95,0.96,0.94,CNC
2019-07-23 06:00:00-04:00,1.24,1.34,8.04,CNC
2019-04-23 06:00:00-04:00,1.35,1.39,2.98,CNC
2019-02-05 06:00:00-05:00,0.66,0.69,3.92,CNC
2018-10-23 06:00:00-04:00,0.89,0.9,0.89,CNC
2018-07-24 06:00:00-04:00,0.88,0.9,1.88,CNC
2018-04-24 06:00:00-04:00,0.97,1.09,12.23,CNC
2018-02-06 06:00:00-05:00,0.46,0.49,4.35,CNC
2017-10-24 06:00:00-04:00,0.62,0.68,8.06,CNC
2017-07-25 06:00:00-04:00,0.64,0.8,23.97,CNC
2017-04-25 06:00:00-04:00,0.52,0.56,7.13,CNC
2017-02-07 06:00:00-05:00,0.55,0.6,7.42,CNC
2016-10-25 06:00:00-04:00,0.57,0.56,-3.32,CNC
2016-07-26 06:00:00-04:00,0.54,0.65,18.8,CNC
2016-04-26 06:00:00-04:00,0.35,0.37,5.32,CNC
2016-02-09 06:00:00-05:00,0.47,0.48,1.97,CNC
2015-10-27 06:00:00-04:00,0.39,0.42,7.57,CNC
2015-07-28 06:00:00-04:00,0.35,0.37,4.85,CNC
2015-04-28 06:00:00-04:00,0.24,0.26,8.18,CNC
2015-02-03 06:00:00-05:00,0.43,0.44,1.3,CNC
2014-10-28 06:00:00-04:00,0.24,0.61,149.11,CNC
2014-07-22 06:00:00-04:00,0.18,0.24,31.81,CNC
2014-04-22 06:00:00-04:00,0.11,0.2,80.3,CNC
2014-02-04 06:00:00-05:00,0.21,0.21,0.97,CNC
2013-10-22 06:00:00-04:00,0.21,0.22,3.95,CNC
2013-07-23 06:00:00-04:00,0.16,0.19,18.5,CNC
2013-04-23 06:00:00-04:00,0.09,0.11,11.17,CNC
2013-02-05 06:00:00-05:00,0.08,0.04,-48.55,CNC
2012-10-23 06:00:00-04:00,0.12,0.12,-0.81,CNC
2012-07-24 06:00:00-04:00,-0.03,-0.04,-51.86,CNC
2012-04-24 06:00:00-04:00,0.12,0.11,-6.31,CNC
2012-02-07 06:00:00-05:00,0.14,0.14,3.01,CNC
2011-10-25 06:00:00-04:00,0.13,0.14,2.91,CNC
2011-07-26 06:00:00-04:00,0.14,0.16,18.21,CNC
2011-04-26 06:00:00-04:00,0.11,0.12,8.48,CNC
2011-02-08 06:00:00-05:00,0.12,0.13,2.76,CNC
2010-10-26 06:00:00-04:00,0.12,0.12,0.87,CNC
2010-07-27 06:00:00-04:00,0.1,0.11,7.51,CNC
2010-04-27 05:00:00-04:00,0.09,0.1,11.57,CNC
2010-02-09 06:00:00-05:00,0.13,0.13,2.64,CNC
2009-10-27 06:00:00-04:00,0.13,0.13,1.45,CNC
2009-07-28 06:00:00-04:00,0.11,0.12,3.75,CNC
2009-04-28 06:00:00-04:00,0.1,0.11,10.89,CNC
2009-02-10 06:00:00-05:00,0.13,0.13,6.0,CNC
2008-10-28 06:00:00-04:00,0.11,0.12,7.54,CNC
2008-07-22 06:00:00-04:00,0.1,0.1,7.58,CNC
2008-04-22 06:00:00-04:00,0.13,0.14,9.62,CNC
2008-02-08 06:00:00-05:00,0.12,0.05,-58.18,CNC
2007-10-23 06:00:00-04:00,0.09,0.09,5.21,CNC
2007-07-24 06:00:00-04:00,0.07,0.07,1.02,CNC
2007-04-24 06:00:00-04:00,0.06,0.07,2.51,CNC
2007-02-06 06:00:00-05:00,0.1,0.1,2.8,CNC
2006-10-24 06:00:00-04:00,0.07,0.08,8.13,CNC
2006-07-25 06:00:00-04:00,0.03,0.03,-11.03,CNC
2006-04-25 06:00:00-04:00,0.05,0.05,-2.17,CNC
2006-02-07 06:00:00-05:00,0.08,0.08,,CNC
2005-10-25 05:00:00-04:00,0.08,0.08,0.68,CNC
2005-07-25 17:00:00-04:00,0.09,0.09,-9.63,CNC
2005-04-25 16:00:00-04:00,0.1,0.08,-17.15,CNC
2005-02-07 16:00:00-05:00,0.08,0.07,-17.21,CNC
2004-10-25 16:00:00-04:00,0.06,0.07,1.07,CNC
2004-07-26 16:00:00-04:00,0.06,0.06,4.17,CNC
2004-04-26 16:00:00-04:00,0.06,0.06,1.68,CNC
2004-02-09 17:00:00-05:00,0.06,0.06,2.27,CNC
2003-10-27 16:00:00-05:00,0.05,0.06,2.33,CNC
2003-07-28 17:00:00-04:00,0.04,0.05,22.08,CNC
2003-04-30 17:00:00-04:00,0.05,0.05,1.34,CNC
2003-02-10 03:00:00-05:00,0.04,0.05,5.96,CNC
2002-10-28 18:00:00-05:00,0.04,0.04,12.55,CNC
2002-07-25 18:00:00-04:00,0.03,0.04,11.38,CNC
2002-04-26 18:00:00-04:00,0.03,0.03,4.11,CNC
2002-02-06 17:00:00-05:00,0.03,0.03,-7.5,CNC
2026-11-04 15:00:00-05:00,1.96,,,COHR
2026-08-12 16:00:00-04:00,1.62,1.74,7.6,COHR
2026-05-06 16:00:00-04:00,1.39,1.41,1.12,COHR
2026-02-04 16:00:00-05:00,1.21,1.29,6.82,COHR
2025-11-05 16:00:00-05:00,1.04,1.16,11.27,COHR
2025-08-13 16:00:00-04:00,0.92,1.0,8.7,COHR
2025-05-07 16:00:00-04:00,0.86,0.91,6.24,COHR
2025-02-05 16:00:00-05:00,0.67,0.95,41.04,COHR
2024-11-06 16:00:00-05:00,0.61,0.74,20.52,COHR
2024-08-15 16:00:00-04:00,0.6,0.61,2.18,COHR
2024-05-07 07:00:00-04:00,0.42,0.53,25.62,COHR
2024-02-05 17:00:00-05:00,0.26,0.36,40.91,COHR
2023-11-07 07:00:00-05:00,0.12,0.16,32.67,COHR
2023-08-16 06:00:00-04:00,0.38,0.41,9.19,COHR
2023-05-10 06:00:00-04:00,0.82,0.58,-29.08,COHR
2023-02-08 06:00:00-05:00,0.93,0.95,2.4,COHR
2022-11-09 06:00:00-05:00,0.83,1.04,24.9,COHR
2022-08-24 06:00:00-04:00,0.94,0.98,4.05,COHR
2022-05-10 06:00:00-04:00,0.85,0.95,11.22,COHR
2022-02-09 06:00:00-05:00,0.86,0.92,6.44,COHR
2021-11-09 06:00:00-05:00,0.83,0.87,4.77,COHR
2021-08-10 06:00:00-04:00,0.76,0.88,16.04,COHR
2021-05-06 06:00:00-04:00,0.88,0.91,3.47,COHR
2021-02-09 06:00:00-05:00,0.91,1.08,19.28,COHR
2020-11-05 06:00:00-05:00,0.55,0.84,53.94,COHR
2020-08-13 06:00:00-04:00,0.78,1.18,51.95,COHR
2020-05-11 16:00:00-04:00,0.14,0.47,227.96,COHR
2020-02-10 16:00:00-05:00,0.36,0.36,0.66,COHR
2019-11-12 06:00:00-05:00,0.6,0.57,-5.21,COHR
2019-08-13 06:00:00-04:00,0.66,0.67,1.14,COHR
2019-05-01 06:00:00-04:00,0.65,0.62,-4.91,COHR
2019-01-31 06:00:00-05:00,0.67,0.71,5.97,COHR
2018-11-01 06:00:00-04:00,0.56,0.56,0.16,COHR
2018-08-07 06:00:00-04:00,0.42,0.4,-5.66,COHR
2018-05-01 06:00:00-04:00,0.38,0.36,-4.73,COHR
2018-02-01 16:00:00-05:00,0.42,0.39,-6.02,COHR
2017-10-31 06:00:00-04:00,0.38,0.35,-7.28,COHR
2017-08-07 06:00:00-04:00,0.37,0.57,56.22,COHR
2017-05-02 06:00:00-04:00,0.32,0.45,40.63,COHR
2017-01-24 06:00:00-05:00,0.26,0.49,88.46,COHR
2016-10-25 06:00:00-04:00,0.23,0.35,55.56,COHR
2016-08-02 06:00:00-04:00,0.24,0.4,64.95,COHR
2016-04-26 06:00:00-04:00,0.28,0.35,27.27,COHR
2016-01-26 06:00:00-05:00,0.27,0.3,9.76,COHR
2015-10-27 06:00:00-04:00,0.23,0.27,15.72,COHR
2015-08-04 06:00:00-04:00,0.23,0.27,17.39,COHR
2015-04-28 06:00:00-04:00,0.21,0.23,11.65,COHR
2015-01-27 06:00:00-05:00,0.17,0.24,42.86,COHR
2014-10-28 06:00:00-04:00,0.17,0.2,20.48,COHR
2014-08-05 06:00:00-04:00,0.18,0.22,23.94,COHR
2014-05-01 06:00:00-04:00,0.14,0.2,47.06,COHR
2014-01-28 06:00:00-05:00,0.17,0.13,-23.53,COHR
2013-10-29 06:00:00-04:00,0.19,0.21,11.7,COHR
2013-08-01 06:00:00-04:00,0.23,0.25,8.7,COHR
2013-04-23 06:00:00-04:00,0.26,0.25,-2.91,COHR
2013-01-22 06:00:00-05:00,0.21,0.2,-4.76,COHR
2012-10-23 06:00:00-04:00,0.22,0.21,-4.55,COHR
2012-08-02 06:00:00-04:00,0.26,0.26,1.3,COHR
2012-04-24 06:00:00-04:00,0.25,0.28,10.53,COHR
2012-01-24 06:00:00-05:00,0.2,0.25,22.52,COHR
2011-10-25 06:00:00-04:00,0.31,0.29,-7.2,COHR
2011-08-02 06:00:00-04:00,0.36,0.34,-4.23,COHR
2011-04-26 06:00:00-04:00,0.27,0.36,35.21,COHR
2011-01-25 06:00:00-05:00,0.26,0.3,13.64,COHR
2010-10-26 06:00:00-04:00,0.21,0.29,37.28,COHR
2010-08-05 06:00:00-04:00,0.19,0.26,35.1,COHR
2010-04-27 06:00:00-04:00,0.14,0.17,14.78,COHR
2010-01-19 06:00:00-05:00,0.11,0.12,10.09,COHR
2009-10-20 06:00:00-04:00,0.07,0.11,50.0,COHR
2009-08-04 06:00:00-04:00,0.08,0.11,36.95,COHR
2009-04-21 06:00:00-04:00,0.12,0.12,,COHR
2009-01-21 06:00:00-05:00,0.13,0.14,4.87,COHR
2008-10-21 06:00:00-04:00,0.21,0.23,6.3,COHR
2008-08-05 06:00:00-04:00,0.21,0.25,17.19,COHR
2008-04-22 06:00:00-04:00,0.2,0.22,7.84,COHR
2008-01-22 06:00:00-05:00,0.17,0.15,-12.79,COHR
2007-10-23 06:00:00-04:00,0.16,0.16,-1.03,COHR
2007-08-07 06:00:00-04:00,0.16,0.19,15.63,COHR
2007-04-24 06:00:00-04:00,0.16,0.17,1.02,COHR
2007-01-23 06:00:00-05:00,0.14,0.15,7.14,COHR
2006-10-23 18:00:00-04:00,0.13,0.13,,COHR
2006-08-07 18:00:00-04:00,0.13,0.16,16.1,COHR
2006-04-24 18:00:00-04:00,0.1,0.13,25.0,COHR
2006-01-18 18:00:00-05:00,0.1,0.09,-12.07,COHR
2005-10-19 18:00:00-04:00,0.11,0.12,9.52,COHR
2005-08-08 18:00:00-04:00,0.1,0.12,12.2,COHR
2005-04-20 18:00:00-04:00,0.1,0.11,8.81,COHR
2005-01-19 18:00:00-05:00,0.1,0.1,-4.41,COHR
2004-10-20 18:00:00-04:00,0.08,0.1,18.34,COHR
2004-08-04 18:00:00-04:00,0.08,0.1,26.54,COHR
2004-04-21 18:00:00-04:00,0.06,0.08,28.0,COHR
2004-01-21 17:00:00-05:00,0.06,0.06,2.68,COHR
2003-10-22 17:00:00-04:00,0.05,0.05,,COHR
2003-08-06 18:00:00-04:00,0.05,0.06,19.05,COHR
2003-04-23 18:00:00-04:00,0.04,0.05,22.09,COHR
2003-01-22 17:00:00-05:00,0.03,0.05,39.71,COHR
2002-10-16 17:00:00-04:00,0.03,0.04,50.0,COHR
2002-08-07 17:00:00-04:00,0.02,0.04,89.19,COHR
2002-04-17 16:00:00-04:00,0.02,0.02,,COHR
2002-01-16 18:00:00-05:00,0.03,0.03,-11.76,COHR
2026-10-29 16:00:00-04:00,-0.19,,,COIN
2026-07-30 16:00:00-04:00,-0.23,-1.36,-487.47,COIN
2026-05-07 16:00:00-04:00,0.04,-1.49,-3458.88,COIN
2026-02-12 16:00:00-05:00,0.94,-2.49,-364.89,COIN
2025-10-30 16:00:00-04:00,1.13,1.5,32.31,COIN
2025-07-31 16:00:00-04:00,1.49,5.14,245.59,COIN
2025-05-08 16:00:00-04:00,1.9,0.24,-87.38,COIN
2025-02-13 16:00:00-05:00,2.04,4.68,128.96,COIN
2024-10-30 16:00:00-04:00,0.42,0.28,-33.33,COIN
2024-08-01 16:00:00-04:00,0.8,0.14,-82.45,COIN
2024-05-02 16:00:00-04:00,1.27,4.4,245.1,COIN
2024-02-15 16:00:00-05:00,0.2,1.04,420.0,COIN
2023-11-02 16:00:00-04:00,-0.53,-0.01,98.13,COIN
2023-08-03 16:00:00-04:00,-0.76,-0.42,44.98,COIN
2023-05-04 16:00:00-04:00,-1.76,-0.34,80.68,COIN
2023-02-21 16:00:00-05:00,-1.41,-2.65,-88.88,COIN
2022-11-03 16:00:00-04:00,-1.47,-2.15,-45.79,COIN
2022-08-09 16:00:00-04:00,-1.23,-2.43,-96.6,COIN
2022-05-10 16:00:00-04:00,0.91,-1.25,-237.69,COIN
2022-02-24 16:00:00-05:00,2.25,3.35,48.53,COIN
2021-11-09 16:00:00-05:00,1.72,1.85,7.6,COIN
2021-08-10 16:00:00-04:00,2.69,6.78,152.23,COIN
2021-05-13 16:00:00-04:00,3.2,3.05,-4.51,COIN
2026-11-05 07:00:00-05:00,2.82,,,COP
2026-08-06 07:00:00-04:00,2.93,3.24,10.58,COP
2026-04-30 07:00:00-04:00,1.72,1.89,9.59,COP
2026-02-05 07:00:00-05:00,1.1,1.02,-6.99,COP
2025-11-06 07:00:00-05:00,1.41,1.61,14.05,COP
2025-08-07 07:00:00-04:00,1.35,1.42,5.13,COP
2025-05-08 08:00:00-04:00,2.05,2.09,1.98,COP
2025-02-06 07:00:00-05:00,1.83,1.98,7.92,COP
2024-10-31 07:00:00-04:00,1.64,1.78,8.49,COP
2024-08-01 07:00:00-04:00,1.95,1.98,1.67,COP
2024-05-02 07:00:00-04:00,2.03,2.03,0.15,COP
2024-02-08 07:00:00-05:00,2.17,2.4,10.7,COP
2023-11-02 07:00:00-04:00,2.09,2.16,3.3,COP
2023-08-03 07:00:00-04:00,1.96,1.84,-6.04,COP
2023-05-04 07:00:00-04:00,2.07,2.38,15.11,COP
2023-02-02 07:00:00-05:00,2.88,2.71,-5.91,COP
2022-11-03 07:00:00-04:00,3.44,3.6,4.57,COP
2022-08-04 07:00:00-04:00,3.85,3.91,1.54,COP
2022-05-05 07:00:00-04:00,3.17,3.27,3.09,COP
2022-02-03 07:00:00-05:00,2.19,2.27,3.44,COP
2021-11-02 07:00:00-04:00,1.52,1.77,16.79,COP
2021-08-03 07:00:00-04:00,1.13,1.27,12.53,COP
2021-05-04 07:00:00-04:00,0.54,0.69,28.97,COP
2021-02-02 07:00:00-05:00,-0.25,-0.19,23.85,COP
2020-10-29 07:00:00-04:00,-0.31,-0.31,-0.95,COP
2020-07-30 07:00:00-04:00,-0.58,-0.92,-59.34,COP
2020-04-30 08:00:00-04:00,0.17,0.45,168.05,COP
2020-02-04 07:00:00-05:00,0.81,0.76,-6.08,COP
2019-10-29 07:00:00-04:00,0.74,0.82,10.44,COP
2019-07-30 07:00:00-04:00,1.03,1.01,-2.21,COP
2019-04-30 07:00:00-04:00,0.9,1.0,10.81,COP
2019-01-31 07:00:00-05:00,1.02,1.13,11.02,COP
2018-10-25 07:00:00-04:00,1.19,1.36,14.74,COP
2018-07-26 07:00:00-04:00,1.09,1.09,-0.42,COP
2018-04-26 07:00:00-04:00,0.73,0.96,31.5,COP
2018-02-01 07:00:00-05:00,0.45,0.45,-0.36,COP
2017-10-26 07:00:00-04:00,0.09,0.16,86.07,COP
2017-07-27 07:00:00-04:00,-0.02,0.14,817.58,COP
2017-05-04 16:00:00-04:00,0.03,-0.14,-581.27,COP
2017-02-02 07:00:00-05:00,-0.41,-0.26,37.15,COP
2016-10-27 07:00:00-04:00,-0.71,-0.66,6.4,COP
2016-07-28 07:00:00-04:00,-0.61,-0.79,-29.57,COP
2016-04-28 07:00:00-04:00,-1.04,-0.95,9.0,COP
2016-02-04 07:00:00-05:00,-0.64,-0.9,-39.72,COP
2015-10-29 07:00:00-04:00,-0.37,-0.38,-1.59,COP
2015-07-30 07:00:00-04:00,0.04,0.07,73.4,COP
2015-04-30 07:00:00-04:00,-0.18,-0.18,1.01,COP
2015-01-29 07:00:00-05:00,0.59,0.6,0.99,COP
2014-10-30 07:00:00-04:00,1.19,1.29,8.38,COP
2014-07-31 07:00:00-04:00,1.61,1.61,0.04,COP
2014-05-01 07:00:00-04:00,1.56,1.81,16.19,COP
2014-01-30 07:00:00-05:00,1.31,1.4,6.63,COP
2013-10-31 07:00:00-04:00,1.45,1.47,1.11,COP
2013-08-01 07:00:00-04:00,1.29,1.41,8.88,COP
2013-04-25 07:00:00-04:00,1.43,1.42,-0.48,COP
2013-01-30 19:00:00-05:00,1.47,1.43,-2.93,COP
2012-10-25 08:00:00-04:00,1.2,1.44,20.24,COP
2012-07-25 08:00:00-04:00,1.25,1.22,-2.56,COP
2012-04-23 08:00:00-04:00,2.06,2.02,-1.84,COP
2012-01-25 08:00:00-05:00,1.79,2.02,13.04,COP
2011-10-26 08:00:00-04:00,2.15,2.52,17.22,COP
2011-07-27 08:00:00-04:00,2.18,2.41,10.37,COP
2011-04-27 08:00:00-04:00,1.9,1.82,-4.24,COP
2011-01-26 08:00:00-05:00,1.35,1.32,-2.24,COP
2010-10-27 08:00:00-04:00,1.46,1.5,2.61,COP
2010-07-28 08:00:00-04:00,1.56,1.67,7.0,COP
2010-04-29 08:00:00-04:00,1.33,1.47,10.44,COP
2010-01-27 08:00:00-05:00,1.12,1.16,3.85,COP
2009-10-28 08:00:00-04:00,0.94,1.0,6.42,COP
2009-07-29 08:00:00-04:00,0.86,0.97,12.92,COP
2009-04-23 08:00:00-04:00,0.39,0.5,29.47,COP
2009-01-28 08:00:00-05:00,1.34,1.28,-4.55,COP
2008-10-22 08:00:00-04:00,3.08,3.32,7.93,COP
2008-07-23 08:00:00-04:00,3.53,3.5,-0.82,COP
2008-04-24 08:00:00-04:00,2.41,2.52,4.36,COP
2008-01-23 08:00:00-05:00,2.41,2.48,2.86,COP
2007-10-24 08:00:00-04:00,2.19,1.94,-11.58,COP
2007-07-25 08:00:00-04:00,2.68,2.9,8.34,COP
2007-04-25 08:00:00-04:00,1.93,1.83,-4.98,COP
2007-01-24 08:00:00-05:00,1.99,2.1,5.68,COP
2006-10-25 08:00:00-04:00,2.37,2.68,12.94,COP
2006-07-26 08:00:00-04:00,2.79,2.83,1.61,COP
2006-04-26 08:00:00-04:00,2.35,2.34,-0.47,COP
2006-01-25 08:00:00-05:00,2.65,2.69,1.59,COP
2005-10-26 08:00:00-04:00,2.46,2.68,8.81,COP
2005-07-27 08:00:00-04:00,2.0,2.21,10.5,COP
2005-04-27 08:00:00-04:00,1.65,2.06,25.15,COP
2005-01-26 08:00:00-05:00,1.55,1.76,13.23,COP
2004-10-27 08:00:00-04:00,1.28,1.44,12.11,COP
2004-07-28 08:00:00-04:00,1.44,1.44,0.21,COP
2004-04-28 08:00:00-04:00,0.98,1.16,17.5,COP
2004-01-28 08:00:00-05:00,0.71,0.72,0.28,COP
2003-10-29 08:00:00-05:00,0.8,0.91,13.47,COP
2003-07-30 08:00:00-04:00,0.72,0.79,10.03,COP
2003-04-30 08:00:00-04:00,0.85,0.94,10.52,COP
2003-01-29 08:00:00-05:00,0.56,0.55,-1.43,COP
2002-10-24 08:00:00-04:00,0.46,0.47,3.3,COP
2002-07-23 08:00:00-04:00,0.51,0.48,-6.68,COP
2002-04-25 08:00:00-04:00,-0.02,-0.01,56.52,COP
2002-01-24 08:00:00-05:00,0.33,0.3,-11.68,COP
2026-12-10 15:00:00-05:00,4.9,,,COST
2026-09-24 16:00:00-04:00,6.53,6.75,3.41,COST
2026-05-28 16:00:00-04:00,4.97,4.93,-0.85,COST
2026-03-05 16:00:00-05:00,4.55,4.58,0.71,COST
2025-12-11 16:00:00-05:00,4.27,4.5,5.49,COST
2025-09-25 16:00:00-04:00,5.8,5.87,1.13,COST
2025-05-29 16:00:00-04:00,4.23,4.28,1.23,COST
2025-03-06 16:00:00-05:00,4.1,4.02,-1.85,COST
2024-12-12 16:00:00-05:00,3.8,4.04,6.43,COST
2024-09-26 16:00:00-04:00,5.08,5.15,1.41,COST
2024-06-06 06:00:00-04:00,3.76,3.78,0.43,COST
2024-03-07 16:00:00-05:00,3.64,3.71,2.02,COST
2023-12-14 16:00:00-05:00,3.42,3.58,4.83,COST
2023-09-26 16:00:00-04:00,4.78,4.86,1.76,COST
2023-06-01 06:00:00-04:00,3.43,2.93,-14.54,COST
2023-03-02 16:00:00-05:00,3.23,3.3,2.25,COST
2022-12-08 16:00:00-05:00,3.16,3.1,-1.98,COST
2022-09-22 16:00:00-04:00,4.2,4.2,-0.08,COST
2022-05-26 16:00:00-04:00,3.02,3.17,4.95,COST
2022-03-03 16:00:00-05:00,2.79,2.92,4.62,COST
2021-12-09 16:00:00-05:00,2.65,2.98,12.55,COST
2021-09-23 16:00:00-04:00,3.58,3.76,4.93,COST
2021-05-27 16:00:00-04:00,2.28,2.75,20.71,COST
2021-03-04 16:00:00-05:00,2.43,2.14,-12.02,COST
2020-12-10 16:00:00-05:00,2.04,2.29,12.32,COST
2020-09-24 16:00:00-04:00,2.81,3.13,11.26,COST
2020-05-28 16:00:00-04:00,1.89,1.89,0.13,COST
2020-03-05 16:00:00-05:00,2.06,2.1,1.73,COST
2019-12-12 16:00:00-05:00,1.71,1.9,11.02,COST
2019-10-03 16:00:00-04:00,2.55,2.69,5.35,COST
2019-05-30 16:00:00-04:00,1.81,2.05,12.97,COST
2019-03-07 16:00:00-05:00,1.69,2.01,19.04,COST
2018-12-13 16:00:00-05:00,1.62,1.61,-0.74,COST
2018-10-04 16:00:00-04:00,2.34,2.36,0.68,COST
2018-05-31 16:00:00-04:00,1.7,1.7,0.29,COST
2018-03-07 16:00:00-05:00,1.51,1.59,5.17,COST
2017-12-14 16:00:00-05:00,1.35,1.36,0.91,COST
2017-10-05 16:00:00-04:00,2.02,2.08,2.91,COST
2017-05-25 16:00:00-04:00,1.3,1.59,22.69,COST
2017-03-02 16:00:00-05:00,1.36,1.17,-13.85,COST
2016-12-07 16:00:00-05:00,1.19,1.24,4.3,COST
2016-09-29 16:00:00-04:00,1.73,1.77,2.48,COST
2016-05-25 21:00:00-04:00,1.22,1.24,1.23,COST
2016-03-02 21:00:00-05:00,1.28,1.24,-3.19,COST
2015-12-08 21:00:00-05:00,1.17,1.09,-6.81,COST
2015-09-29 21:00:00-04:00,1.66,1.73,4.43,COST
2015-05-27 21:00:00-04:00,1.15,1.17,1.35,COST
2015-03-05 03:00:00-05:00,1.18,1.35,14.73,COST
2014-12-10 03:00:00-05:00,1.09,1.12,2.48,COST
2014-10-08 03:00:00-04:00,1.52,1.58,3.98,COST
2014-05-29 03:00:00-04:00,1.09,1.07,-1.98,COST
2014-03-06 03:00:00-05:00,1.17,1.05,-9.94,COST
2013-12-11 03:00:00-05:00,1.02,0.96,-5.65,COST
2013-10-09 03:00:00-04:00,1.46,1.4,-3.81,COST
2013-05-30 03:00:00-04:00,1.03,1.04,1.04,COST
2013-03-12 03:00:00-04:00,1.05,1.1,4.38,COST
2012-12-12 03:00:00-05:00,0.93,0.95,2.02,COST
2012-10-10 03:00:00-04:00,1.31,1.39,6.47,COST
2012-05-24 03:00:00-04:00,0.87,0.88,1.24,COST
2012-02-29 03:00:00-05:00,0.88,0.9,2.62,COST
2011-12-08 03:00:00-05:00,0.8,0.8,0.43,COST
2011-10-05 03:00:00-04:00,1.1,1.08,-1.68,COST
2011-05-25 03:00:00-04:00,0.77,0.73,-4.86,COST
2011-03-02 03:00:00-05:00,0.78,0.79,0.7,COST
2010-12-08 03:00:00-05:00,0.69,0.71,3.13,COST
2010-10-06 03:00:00-04:00,0.95,0.97,1.72,COST
2010-05-27 03:00:00-04:00,0.66,0.66,0.28,COST
2010-03-03 03:00:00-05:00,0.71,0.7,-1.55,COST
2009-12-10 03:00:00-05:00,0.59,0.6,2.27,COST
2009-10-07 03:00:00-04:00,0.78,0.85,9.07,COST
2009-05-28 03:00:00-04:00,0.52,0.52,-0.82,COST
2009-03-04 03:00:00-05:00,0.6,0.55,-8.68,COST
2008-12-11 03:00:00-05:00,0.62,0.6,-2.78,COST
2008-10-08 03:00:00-04:00,0.93,0.9,-2.91,COST
2008-05-29 03:00:00-04:00,0.66,0.67,2.03,COST
2008-03-05 03:00:00-05:00,0.74,0.74,-0.3,COST
2007-12-13 03:00:00-05:00,0.6,0.59,-1.39,COST
2007-10-10 03:00:00-04:00,0.83,0.91,9.89,COST
2007-05-31 03:00:00-04:00,0.56,0.56,0.41,COST
2007-03-08 03:00:00-05:00,0.66,0.66,0.44,COST
2006-12-14 03:00:00-05:00,0.5,0.51,1.21,COST
2006-10-12 03:00:00-04:00,0.73,0.75,3.21,COST
2006-06-16 16:00:00-04:00,0.5,0.49,-2.0,COST
2006-03-02 04:00:00-05:00,0.6,0.62,2.8,COST
2005-12-08 04:00:00-05:00,0.45,0.45,0.56,COST
2005-10-06 04:00:00-04:00,0.64,0.73,14.06,COST
2005-05-26 05:00:00-04:00,0.42,0.43,1.7,COST
2005-03-02 04:00:00-05:00,0.55,0.54,-0.97,COST
2004-12-09 04:00:00-05:00,0.41,0.4,-1.57,COST
2004-10-07 04:00:00-04:00,0.58,0.62,7.48,COST
2004-05-27 04:00:00-04:00,0.37,0.42,12.55,COST
2004-03-03 04:00:00-05:00,0.47,0.48,3.0,COST
2003-12-09 04:00:00-05:00,0.31,0.34,9.68,COST
2003-10-08 04:00:00-04:00,0.47,0.51,8.97,COST
2003-05-28 04:00:00-04:00,0.31,0.33,5.96,COST
2003-03-05 04:00:00-05:00,0.43,0.42,-1.87,COST
2002-12-12 04:00:00-05:00,0.31,0.31,0.98,COST
2002-10-10 04:00:00-04:00,0.49,0.52,5.65,COST
2002-05-30 04:00:00-04:00,0.28,0.28,1.82,COST
2002-03-05 04:00:00-05:00,0.41,0.41,,COST
2026-11-03 07:00:00-05:00,0.21,,,CPRI
2026-08-05 06:00:00-04:00,0.4,0.67,66.66,CPRI
2026-05-27 06:00:00-04:00,0.12,0.22,83.15,CPRI
2026-02-03 06:00:00-05:00,0.78,0.81,4.13,CPRI
2025-11-04 06:00:00-05:00,0.14,-0.03,-121.94,CPRI
2025-08-06 06:00:00-04:00,0.13,0.48,271.9,CPRI
2025-05-28 06:00:00-04:00,0.22,-4.9,-2351.73,CPRI
2025-02-05 06:00:00-05:00,0.65,0.45,-31.27,CPRI
2024-11-07 16:00:00-05:00,0.72,0.69,-4.54,CPRI
2024-08-08 16:00:00-04:00,0.63,0.04,-93.61,CPRI
2024-05-29 16:00:00-04:00,0.68,0.42,-38.0,CPRI
2024-02-08 16:00:00-05:00,1.73,1.2,-30.64,CPRI
2023-11-09 16:00:00-05:00,1.53,1.13,-26.36,CPRI
2023-08-10 16:00:00-04:00,0.71,0.74,4.16,CPRI
2023-05-31 06:00:00-04:00,0.94,0.97,3.14,CPRI
2023-02-08 06:00:00-05:00,2.24,1.84,-17.73,CPRI
2022-11-09 06:00:00-05:00,1.54,1.79,15.87,CPRI
2022-08-09 06:00:00-04:00,1.36,1.5,10.66,CPRI
2022-06-01 06:00:00-04:00,0.82,1.02,23.73,CPRI
2022-02-02 06:00:00-05:00,1.69,2.22,31.2,CPRI
2021-11-03 06:00:00-04:00,0.95,1.53,61.71,CPRI
2021-07-30 06:00:00-04:00,0.8,1.42,77.12,CPRI
2021-05-26 06:00:00-04:00,0.02,0.38,1679.86,CPRI
2021-02-03 06:00:00-05:00,1.03,1.65,59.84,CPRI
2020-11-05 06:00:00-05:00,0.05,0.9,1545.04,CPRI
2020-08-05 06:00:00-04:00,-1.11,-1.04,6.25,CPRI
2020-07-01 06:00:00-04:00,0.16,0.11,-32.81,CPRI
2020-02-05 06:00:00-05:00,1.59,1.66,4.55,CPRI
2019-11-06 06:00:00-05:00,1.25,1.16,-6.87,CPRI
2019-08-07 06:00:00-04:00,0.9,0.95,5.65,CPRI
2019-05-29 06:00:00-04:00,0.61,0.63,2.94,CPRI
2019-02-06 06:00:00-05:00,1.58,1.76,11.59,CPRI
2018-11-07 06:00:00-05:00,1.1,1.27,15.16,CPRI
2018-08-08 06:00:00-04:00,0.95,1.32,39.59,CPRI
2018-05-30 06:00:00-04:00,0.6,0.63,4.55,CPRI
2018-02-07 06:00:00-05:00,1.29,1.77,36.71,CPRI
2017-11-06 06:00:00-05:00,0.83,1.33,59.5,CPRI
2017-08-08 07:00:00-04:00,0.62,0.8,29.35,CPRI
2017-05-31 06:00:00-04:00,0.7,0.73,4.34,CPRI
2017-02-07 06:00:00-05:00,1.63,1.64,0.56,CPRI
2016-11-10 16:00:00-05:00,0.88,0.95,7.82,CPRI
2016-08-10 06:00:00-04:00,0.74,0.88,19.07,CPRI
2016-06-01 06:00:00-04:00,0.97,0.98,1.5,CPRI
2016-02-02 06:00:00-05:00,1.46,1.59,8.89,CPRI
2015-11-04 06:00:00-05:00,0.89,1.01,13.21,CPRI
2015-08-06 07:00:00-04:00,0.75,0.87,15.54,CPRI
2015-05-27 07:00:00-04:00,0.91,0.9,-1.15,CPRI
2015-02-05 07:00:00-05:00,1.33,1.48,10.96,CPRI
2014-11-04 07:00:00-05:00,0.89,1.0,12.52,CPRI
2014-08-04 07:00:00-04:00,0.81,0.91,11.84,CPRI
2014-05-28 07:00:00-04:00,0.68,0.78,14.47,CPRI
2014-02-04 07:00:00-05:00,0.86,1.11,29.47,CPRI
2013-11-05 07:00:00-05:00,0.68,0.71,4.93,CPRI
2013-08-06 07:00:00-04:00,0.49,0.61,23.48,CPRI
2013-05-29 07:00:00-04:00,0.4,0.5,26.08,CPRI
2013-02-12 07:00:00-05:00,0.41,0.64,55.38,CPRI
2012-11-13 07:00:00-05:00,0.4,0.49,21.19,CPRI
2012-08-14 07:00:00-04:00,0.2,0.34,67.6,CPRI
2012-06-12 07:00:00-04:00,0.16,0.21,35.48,CPRI
2012-02-14 07:00:00-05:00,0.11,0.28,148.09,CPRI
2026-11-11 07:00:00-05:00,0.37,,,CRCL
2026-08-05 06:00:00-04:00,0.16,0.18,13.61,CRCL
2026-05-11 06:00:00-04:00,0.18,0.21,18.58,CRCL
2026-02-25 06:00:00-05:00,0.25,0.56,128.92,CRCL
2025-11-12 06:00:00-05:00,0.22,0.82,270.02,CRCL
2025-08-12 06:00:00-04:00,-0.16,1.12,813.92,CRCL
2026-11-30 15:00:00-05:00,1.28,,,CRDO
2026-09-01 16:00:00-04:00,1.17,1.2,2.69,CRDO
2026-06-01 16:00:00-04:00,1.03,1.16,12.17,CRDO
2026-03-02 16:00:00-05:00,0.94,1.07,13.74,CRDO
2025-12-01 16:00:00-05:00,0.5,0.67,35.26,CRDO
2025-09-03 16:00:00-04:00,0.36,0.52,44.22,CRDO
2025-06-02 16:00:00-04:00,0.27,0.35,27.88,CRDO
2025-03-04 16:00:00-05:00,0.18,0.25,36.53,CRDO
2024-12-02 16:00:00-05:00,0.05,0.07,34.62,CRDO
2024-09-04 16:00:00-04:00,0.04,0.04,-2.2,CRDO
2024-05-29 16:00:00-04:00,0.05,0.07,34.33,CRDO
2024-02-27 16:00:00-05:00,0.03,0.04,32.45,CRDO
2023-11-29 16:00:00-05:00,,0.01,403.03,CRDO
2023-08-24 16:00:00-04:00,-0.03,-0.03,4.0,CRDO
2023-05-31 16:00:00-04:00,-0.04,-0.04,-2.85,CRDO
2023-03-01 16:00:00-05:00,0.04,0.05,28.57,CRDO
2022-11-30 16:00:00-05:00,0.03,0.02,-36.0,CRDO
2022-08-31 16:00:00-04:00,0.03,0.03,,CRDO
2022-06-01 16:00:00-04:00,,0.02,366.2,CRDO
2022-03-09 16:00:00-05:00,-0.01,0.03,340.0,CRDO
2026-12-02 15:00:00-05:00,3.45,,,CRM
2026-08-26 16:00:00-04:00,3.27,5.9,80.36,CRM
2026-05-27 16:00:00-04:00,3.13,3.88,24.07,CRM
2026-02-25 16:00:00-05:00,3.05,3.81,24.85,CRM
2025-12-03 16:00:00-05:00,2.86,3.25,13.57,CRM
2025-09-03 16:00:00-04:00,2.78,2.91,4.7,CRM
2025-05-28 16:00:00-04:00,2.55,2.58,1.31,CRM
2025-02-26 16:00:00-05:00,2.61,2.78,6.43,CRM
2024-12-03 16:00:00-05:00,2.45,2.41,-1.47,CRM
2024-08-28 16:00:00-04:00,2.36,2.56,8.63,CRM
2024-05-29 16:00:00-04:00,2.37,2.44,2.75,CRM
2024-02-28 16:00:00-05:00,2.27,2.29,0.96,CRM
2023-11-29 16:00:00-05:00,2.06,2.11,2.52,CRM
2023-08-30 16:00:00-04:00,1.9,2.12,11.45,CRM
2023-05-31 16:00:00-04:00,1.61,1.69,4.84,CRM
2023-03-01 16:00:00-05:00,1.36,1.68,23.43,CRM
2022-11-30 16:00:00-05:00,1.22,1.4,14.55,CRM
2022-08-24 16:00:00-04:00,1.03,1.19,15.75,CRM
2022-05-31 16:00:00-04:00,0.94,0.98,3.73,CRM
2022-03-01 16:00:00-05:00,0.75,0.84,11.85,CRM
2021-11-30 16:00:00-05:00,0.92,1.27,37.89,CRM
2021-08-25 16:00:00-04:00,0.93,1.48,59.49,CRM
2021-05-27 16:00:00-04:00,0.88,1.21,36.96,CRM
2021-02-25 16:00:00-05:00,0.75,1.04,38.5,CRM
2020-12-01 16:00:00-05:00,0.75,1.74,132.27,CRM
2020-08-25 16:00:00-04:00,0.67,1.44,115.91,CRM
2020-05-28 16:00:00-04:00,0.69,0.7,0.74,CRM
2020-02-25 16:00:00-05:00,0.56,0.66,18.38,CRM
2019-12-03 16:00:00-05:00,0.66,0.75,13.56,CRM
2019-08-22 16:00:00-04:00,0.47,0.66,40.37,CRM
2019-06-04 16:00:00-04:00,0.61,0.93,52.62,CRM
2019-03-04 16:00:00-05:00,0.55,0.7,26.3,CRM
2018-11-27 16:00:00-05:00,0.5,0.61,21.65,CRM
2018-08-29 16:00:00-04:00,0.47,0.71,50.56,CRM
2018-05-29 16:00:00-04:00,0.46,0.74,61.89,CRM
2018-02-28 16:00:00-05:00,0.34,0.35,3.79,CRM
2017-11-21 16:00:00-05:00,0.37,0.39,6.45,CRM
2017-08-22 16:00:00-04:00,0.32,0.33,4.43,CRM
2017-05-18 16:00:00-04:00,0.26,0.28,7.68,CRM
2017-02-28 16:00:00-05:00,0.25,0.28,12.82,CRM
2016-11-17 16:00:00-05:00,0.21,0.24,13.96,CRM
2016-08-31 16:00:00-04:00,0.22,0.24,9.35,CRM
2016-05-18 16:00:00-04:00,0.23,0.24,2.78,CRM
2016-02-24 16:00:00-05:00,0.19,0.19,-0.51,CRM
2015-11-18 16:00:00-05:00,0.19,0.21,12.17,CRM
2015-08-20 16:00:00-04:00,0.17,0.19,8.74,CRM
2015-05-20 16:00:00-04:00,0.14,0.16,15.55,CRM
2015-02-25 16:00:00-05:00,0.14,0.14,2.67,CRM
2014-11-19 16:00:00-05:00,0.13,0.14,8.9,CRM
2014-08-21 16:00:00-04:00,0.12,0.13,9.42,CRM
2014-05-20 16:00:00-04:00,0.1,0.11,13.22,CRM
2014-02-27 16:00:00-05:00,0.06,0.07,15.82,CRM
2013-11-18 16:00:00-05:00,0.09,0.09,4.02,CRM
2013-08-29 16:00:00-04:00,0.07,0.09,30.42,CRM
2013-05-23 16:00:00-04:00,0.1,0.1,-0.3,CRM
2013-02-28 16:00:00-05:00,0.1,0.13,28.4,CRM
2012-11-20 16:00:00-05:00,0.08,0.08,3.18,CRM
2012-08-23 16:00:00-04:00,0.1,0.11,8.31,CRM
2012-05-17 16:00:00-04:00,0.09,0.09,8.21,CRM
2012-02-23 16:00:00-05:00,0.1,0.11,7.39,CRM
2011-11-17 16:00:00-05:00,0.08,0.09,10.03,CRM
2011-08-18 16:00:00-04:00,0.07,0.08,0.35,CRM
2011-05-19 16:00:00-04:00,0.07,0.07,2.77,CRM
2011-02-24 16:00:00-05:00,0.07,0.08,17.76,CRM
2010-11-18 16:00:00-05:00,0.08,0.08,3.21,CRM
2010-08-19 16:00:00-04:00,0.07,0.07,6.26,CRM
2010-05-20 16:00:00-04:00,0.08,0.08,-0.99,CRM
2010-02-24 16:00:00-05:00,0.04,0.04,6.67,CRM
2009-11-17 16:00:00-05:00,0.04,0.04,,CRM
2009-08-20 16:00:00-04:00,0.04,0.04,11.14,CRM
2009-05-21 16:00:00-04:00,0.06,0.06,12.96,CRM
2009-02-25 16:00:00-05:00,0.05,0.06,23.42,CRM
2008-11-20 16:00:00-05:00,0.04,0.05,4.41,CRM
2008-08-20 11:00:00-04:00,0.05,0.04,-13.4,CRM
2008-05-21 16:00:00-04:00,0.04,0.04,1.91,CRM
2008-02-27 16:00:00-05:00,0.03,0.03,-3.13,CRM
2007-11-15 16:00:00-05:00,0.03,0.03,-0.76,CRM
2007-08-15 16:00:00-04:00,0.02,0.02,-1.01,CRM
2007-05-16 16:00:00-04:00,0.02,0.02,8.46,CRM
2007-02-21 16:00:00-05:00,0.02,0.02,-0.17,CRM
2006-11-15 16:00:00-05:00,0.01,0.02,9.41,CRM
2006-08-16 16:00:00-04:00,0.01,0.02,43.68,CRM
2006-05-17 16:00:00-04:00,0.01,0.01,7.18,CRM
2006-02-22 16:00:00-05:00,0.01,0.01,3.05,CRM
2005-11-16 16:00:00-05:00,0.01,0.01,26.39,CRM
2005-08-17 16:00:00-04:00,0.01,0.01,2.67,CRM
2005-05-18 16:00:00-04:00,0.01,0.01,60.0,CRM
2005-02-17 16:00:00-05:00,,0.01,54.64,CRM
2004-11-17 16:00:00-05:00,,0.01,73.61,CRM
2004-08-19 16:00:00-04:00,,,57.23,CRM
2026-12-01 15:00:00-05:00,0.31,,,CRWD
2026-08-26 16:00:00-04:00,0.29,0.31,6.38,CRWD
2026-06-03 16:00:00-04:00,0.27,0.28,3.05,CRWD
2026-03-03 16:00:00-05:00,0.28,0.28,1.56,CRWD
2025-12-02 16:00:00-05:00,0.24,0.24,1.98,CRWD
2025-08-27 16:00:00-04:00,0.21,0.23,12.05,CRWD
2025-06-03 16:00:00-04:00,0.16,0.18,10.62,CRWD
2025-03-04 16:00:00-05:00,0.21,0.26,19.85,CRWD
2024-11-26 16:00:00-05:00,0.2,0.23,14.94,CRWD
2024-08-28 16:00:00-04:00,0.24,0.26,7.74,CRWD
2024-06-04 16:00:00-04:00,0.22,0.23,4.38,CRWD
2024-03-05 16:00:00-05:00,0.21,0.24,15.29,CRWD
2023-11-28 16:00:00-05:00,0.18,0.21,10.85,CRWD
2023-08-30 16:00:00-04:00,0.14,0.19,32.62,CRWD
2023-05-31 16:00:00-04:00,0.13,0.14,13.65,CRWD
2023-03-07 16:00:00-05:00,0.11,0.12,10.45,CRWD
2022-11-29 16:00:00-05:00,0.08,0.1,26.5,CRWD
2022-08-30 16:00:00-04:00,0.07,0.09,31.87,CRWD
2022-06-02 16:00:00-04:00,0.06,0.08,33.21,CRWD
2022-03-09 16:00:00-05:00,0.05,0.08,47.93,CRWD
2021-12-01 16:00:00-05:00,0.02,0.04,72.69,CRWD
2021-08-31 16:00:00-04:00,0.02,0.03,28.93,CRWD
2021-06-03 16:00:00-04:00,0.01,0.03,74.09,CRWD
2021-03-16 16:00:00-04:00,0.02,0.03,53.37,CRWD
2020-12-02 16:00:00-05:00,,0.02,18281.82,CRWD
2020-09-01 20:00:00-04:00,,0.01,488.6,CRWD
2020-06-02 16:00:00-04:00,-0.02,0.01,132.59,CRWD
2020-03-19 16:00:00-04:00,-0.02,,76.3,CRWD
2019-12-05 16:00:00-05:00,-0.03,-0.02,40.23,CRWD
2019-09-05 16:00:00-04:00,-0.06,-0.04,20.72,CRWD
2019-07-18 16:00:00-04:00,-0.12,-0.12,1.23,CRWD
2026-11-11 15:00:00-05:00,-1.53,,,CRWV
2026-08-11 16:00:00-04:00,-1.47,-1.14,22.45,CRWV
2026-05-07 16:00:00-04:00,-0.91,-1.12,-22.36,CRWV
2026-02-26 16:00:00-05:00,-0.68,-0.89,-29.96,CRWV
2025-11-10 16:00:00-05:00,-0.48,-0.22,54.37,CRWV
2025-08-12 16:00:00-04:00,-0.49,-0.6,-21.68,CRWV
2025-05-14 16:00:00-04:00,-0.22,-1.4,-538.37,CRWV
2026-11-12 15:00:00-05:00,1.32,,,CSCO
2026-08-12 16:00:00-04:00,1.17,1.22,4.38,CSCO
2026-05-13 16:00:00-04:00,1.04,1.06,2.29,CSCO
2026-02-11 16:00:00-05:00,1.02,1.04,1.75,CSCO
2025-11-12 16:00:00-05:00,0.98,1.0,1.82,CSCO
2025-08-13 16:00:00-04:00,0.98,0.99,1.3,CSCO
2025-05-14 16:00:00-04:00,0.92,0.96,4.64,CSCO
2025-02-12 16:00:00-05:00,0.91,0.94,3.41,CSCO
2024-11-13 16:00:00-05:00,0.87,0.91,4.47,CSCO
2024-08-14 16:00:00-04:00,0.85,0.87,2.49,CSCO
2024-05-15 16:00:00-04:00,0.82,0.88,7.71,CSCO
2024-02-14 16:00:00-05:00,0.84,0.87,3.96,CSCO
2023-11-15 16:00:00-05:00,1.03,1.11,7.71,CSCO
2023-08-16 16:00:00-04:00,1.06,1.14,7.68,CSCO
2023-05-17 16:00:00-04:00,0.97,1.0,3.25,CSCO
2023-02-15 16:00:00-05:00,0.86,0.88,2.84,CSCO
2022-11-16 16:00:00-05:00,0.84,0.86,2.85,CSCO
2022-08-17 16:00:00-04:00,0.82,0.83,1.07,CSCO
2022-05-18 16:00:00-04:00,0.86,0.87,0.93,CSCO
2022-02-16 16:00:00-05:00,0.81,0.84,3.78,CSCO
2021-11-17 16:00:00-05:00,0.8,0.82,1.92,CSCO
2021-08-18 16:00:00-04:00,0.83,0.84,1.46,CSCO
2021-05-19 16:00:00-04:00,0.82,0.83,1.11,CSCO
2021-02-09 16:00:00-05:00,0.76,0.79,4.61,CSCO
2020-11-12 16:00:00-05:00,0.7,0.76,8.04,CSCO
2020-08-12 16:00:00-04:00,0.74,0.8,8.42,CSCO
2020-05-13 16:00:00-04:00,0.71,0.79,12.03,CSCO
2020-02-12 16:00:00-05:00,0.76,0.77,1.21,CSCO
2019-11-13 16:00:00-05:00,0.81,0.84,3.85,CSCO
2019-08-14 16:00:00-04:00,0.82,0.83,1.69,CSCO
2019-05-15 16:00:00-04:00,0.77,0.78,0.75,CSCO
2019-02-13 16:00:00-05:00,0.72,0.73,0.98,CSCO
2018-11-14 16:00:00-05:00,0.72,0.75,4.51,CSCO
2018-08-15 16:00:00-04:00,0.69,0.7,1.9,CSCO
2018-05-16 16:00:00-04:00,0.65,0.66,1.42,CSCO
2018-02-14 16:00:00-05:00,0.59,0.63,6.59,CSCO
2017-11-15 16:00:00-05:00,0.6,0.61,1.62,CSCO
2017-08-16 16:00:00-04:00,0.61,0.61,0.56,CSCO
2017-05-17 16:00:00-04:00,0.58,0.6,3.81,CSCO
2017-02-15 16:00:00-05:00,0.56,0.57,1.44,CSCO
2016-11-16 16:00:00-05:00,0.59,0.61,3.0,CSCO
2016-08-17 16:00:00-04:00,0.6,0.63,5.09,CSCO
2016-05-18 16:00:00-04:00,0.55,0.57,3.4,CSCO
2016-02-10 16:00:00-05:00,0.54,0.57,5.99,CSCO
2015-11-12 16:00:00-05:00,0.56,0.59,4.75,CSCO
2015-08-12 16:00:00-04:00,0.56,0.59,4.8,CSCO
2015-05-13 16:00:00-04:00,0.53,0.54,2.48,CSCO
2015-02-11 16:00:00-05:00,0.51,0.53,3.0,CSCO
2014-11-12 16:00:00-05:00,0.53,0.54,2.63,CSCO
2014-08-13 16:00:00-04:00,0.53,0.55,4.11,CSCO
2014-05-14 16:00:00-04:00,0.48,0.51,6.81,CSCO
2014-02-12 16:00:00-05:00,0.46,0.47,2.55,CSCO
2013-11-13 16:00:00-05:00,0.51,0.53,4.8,CSCO
2013-08-14 16:00:00-04:00,0.51,0.52,1.43,CSCO
2013-05-15 16:00:00-04:00,0.49,0.51,3.65,CSCO
2013-02-13 16:00:00-05:00,0.48,0.51,6.39,CSCO
2012-11-13 16:00:00-05:00,0.46,0.48,4.5,CSCO
2012-08-15 16:00:00-04:00,0.45,0.47,3.44,CSCO
2012-05-09 16:00:00-04:00,0.47,0.48,2.82,CSCO
2012-02-08 16:00:00-05:00,0.43,0.47,9.32,CSCO
2011-11-09 16:00:00-05:00,0.39,0.43,9.48,CSCO
2011-08-10 16:00:00-04:00,0.38,0.4,5.22,CSCO
2011-05-11 16:00:00-04:00,0.37,0.42,13.58,CSCO
2011-02-09 16:00:00-05:00,0.35,0.37,6.47,CSCO
2010-11-10 16:00:00-05:00,0.4,0.42,6.03,CSCO
2010-08-11 16:00:00-04:00,0.42,0.43,3.28,CSCO
2010-05-12 16:00:00-04:00,0.38,0.42,11.36,CSCO
2010-02-03 16:00:00-05:00,0.35,0.4,14.19,CSCO
2009-11-04 16:00:00-05:00,0.31,0.36,16.5,CSCO
2009-08-05 16:00:00-04:00,0.29,0.31,8.39,CSCO
2009-05-06 16:00:00-04:00,0.25,0.3,20.0,CSCO
2009-02-04 16:00:00-05:00,0.3,0.32,8.11,CSCO
2008-11-05 16:00:00-05:00,0.39,0.42,8.31,CSCO
2008-08-05 16:00:00-04:00,0.39,0.4,2.56,CSCO
2008-05-06 16:00:00-04:00,0.36,0.38,4.65,CSCO
2008-02-06 16:00:00-05:00,0.38,0.38,0.66,CSCO
2007-11-07 16:00:00-05:00,0.36,0.37,2.32,CSCO
2007-08-07 16:00:00-04:00,0.35,0.36,2.18,CSCO
2007-05-08 16:00:00-04:00,0.33,0.34,2.1,CSCO
2007-02-06 16:00:00-05:00,0.31,0.33,5.82,CSCO
2006-11-08 16:00:00-05:00,0.29,0.31,5.68,CSCO
2006-08-08 16:00:00-04:00,0.28,0.3,5.84,CSCO
2006-05-09 16:00:00-04:00,0.26,0.29,11.25,CSCO
2006-02-07 16:00:00-05:00,0.25,0.26,5.26,CSCO
2005-11-09 16:00:00-05:00,0.24,0.25,4.17,CSCO
2005-08-09 16:00:00-04:00,0.24,0.25,2.15,CSCO
2005-05-10 16:00:00-04:00,0.22,0.23,4.21,CSCO
2005-02-08 16:00:00-05:00,0.22,0.22,0.7,CSCO
2004-11-09 16:00:00-05:00,0.21,0.21,0.78,CSCO
2004-08-10 16:00:00-04:00,0.2,0.21,4.79,CSCO
2004-05-11 16:00:00-04:00,0.18,0.19,5.52,CSCO
2004-02-03 16:00:00-05:00,0.17,0.18,3.82,CSCO
2003-11-05 16:00:00-05:00,0.15,0.17,13.45,CSCO
2003-08-05 16:00:00-04:00,0.15,0.15,1.14,CSCO
2003-05-06 16:00:00-04:00,0.14,0.15,7.42,CSCO
2003-02-04 16:00:00-05:00,0.13,0.15,13.63,CSCO
2002-11-06 16:00:00-05:00,0.13,0.14,7.14,CSCO
2002-08-06 16:00:00-04:00,0.02,0.02,-6.49,CSCO
2002-08-06 16:00:00-04:00,0.12,0.14,19.7,CSCO
2002-05-07 16:00:00-04:00,0.02,0.03,94.73,CSCO
2026-10-21 16:00:00-04:00,0.53,,,CSX
2026-07-22 16:00:00-04:00,0.52,0.54,4.19,CSX
2026-04-22 16:00:00-04:00,0.39,0.43,10.6,CSX
2026-01-22 16:00:00-05:00,0.41,0.39,-5.32,CSX
2025-10-16 16:00:00-04:00,0.42,0.44,3.79,CSX
2025-07-23 16:00:00-04:00,0.42,0.44,5.7,CSX
2025-04-16 16:00:00-04:00,0.37,0.34,-7.67,CSX
2025-01-23 16:00:00-05:00,0.42,0.42,0.01,CSX
2024-10-16 16:00:00-04:00,0.48,0.46,-3.6,CSX
2024-08-05 16:00:00-04:00,0.48,0.49,2.55,CSX
2024-04-17 16:00:00-04:00,0.45,0.46,1.7,CSX
2024-01-24 16:00:00-05:00,0.44,0.45,1.86,CSX
2023-10-19 16:00:00-04:00,0.43,0.42,-2.01,CSX
2023-07-20 16:00:00-04:00,0.49,0.49,-0.26,CSX
2023-04-20 16:00:00-04:00,0.43,0.48,12.47,CSX
2023-01-25 16:00:00-05:00,0.47,0.49,4.56,CSX
2022-10-20 16:00:00-04:00,0.49,0.52,5.17,CSX
2022-07-20 16:00:00-04:00,0.47,0.51,8.33,CSX
2022-04-20 16:00:00-04:00,0.37,0.39,4.29,CSX
2022-01-20 16:00:00-05:00,0.41,0.42,1.22,CSX
2021-10-20 16:00:00-04:00,0.38,0.43,14.52,CSX
2021-07-21 16:00:00-04:00,0.37,0.4,8.34,CSX
2021-04-20 16:00:00-04:00,0.32,0.31,-2.33,CSX
2021-01-21 16:00:00-05:00,0.34,0.33,-2.11,CSX
2020-10-21 16:00:00-04:00,0.31,0.32,3.5,CSX
2020-07-22 16:00:00-04:00,0.21,0.22,1.58,CSX
2020-04-22 16:00:00-04:00,0.32,0.33,5.64,CSX
2020-01-16 16:00:00-05:00,0.32,0.33,2.63,CSX
2019-10-16 16:00:00-04:00,0.34,0.36,6.25,CSX
2019-07-16 16:00:00-04:00,0.37,0.36,-2.36,CSX
2019-04-16 16:00:00-04:00,0.3,0.34,12.66,CSX
2019-01-16 16:00:00-05:00,0.33,0.34,1.65,CSX
2018-10-16 16:00:00-04:00,0.32,0.35,10.81,CSX
2018-07-17 16:00:00-04:00,0.29,0.34,16.37,CSX
2018-04-17 16:00:00-04:00,0.22,0.26,19.15,CSX
2018-01-16 16:00:00-05:00,0.19,0.21,13.87,CSX
2017-10-17 08:00:00-04:00,0.17,0.17,-0.71,CSX
2017-07-18 16:00:00-04:00,0.2,0.21,8.59,CSX
2017-04-19 16:00:00-04:00,0.15,0.17,17.23,CSX
2017-01-17 16:00:00-05:00,0.17,0.17,0.52,CSX
2016-10-12 16:00:00-04:00,0.15,0.16,6.74,CSX
2016-07-13 14:00:00-04:00,0.15,0.16,6.99,CSX
2016-04-12 16:00:00-04:00,0.12,0.12,0.42,CSX
2016-01-12 16:00:00-05:00,0.15,0.14,-5.18,CSX
2015-10-13 16:00:00-04:00,0.17,0.17,3.86,CSX
2015-07-14 16:00:00-04:00,0.18,0.19,6.49,CSX
2015-04-15 19:00:00-04:00,0.15,0.15,3.11,CSX
2015-01-13 16:00:00-05:00,0.16,0.16,-0.24,CSX
2014-10-14 16:00:00-04:00,0.16,0.17,6.69,CSX
2014-07-15 16:00:00-04:00,0.17,0.18,1.53,CSX
2014-04-16 15:00:00-04:00,0.12,0.13,7.94,CSX
2014-01-15 16:00:00-05:00,0.14,0.14,-2.37,CSX
2013-10-15 16:00:00-04:00,0.14,0.15,7.77,CSX
2013-07-16 16:00:00-04:00,0.16,0.17,10.14,CSX
2013-04-16 16:00:00-04:00,0.13,0.15,12.67,CSX
2013-01-22 16:00:00-05:00,0.13,0.14,10.27,CSX
2012-10-16 16:00:00-04:00,0.14,0.15,2.1,CSX
2012-07-17 16:00:00-04:00,0.16,0.16,4.28,CSX
2012-04-17 16:00:00-04:00,0.13,0.14,12.47,CSX
2012-01-23 16:00:00-05:00,0.15,0.14,-1.77,CSX
2011-10-18 16:00:00-04:00,0.14,0.14,-0.31,CSX
2011-07-19 16:00:00-04:00,0.15,0.15,5.08,CSX
2011-04-19 16:00:00-04:00,0.12,0.12,1.98,CSX
2011-01-24 16:00:00-05:00,0.12,0.13,4.57,CSX
2010-10-12 16:00:00-04:00,0.12,0.12,4.17,CSX
2010-07-12 16:00:00-04:00,0.11,0.12,12.0,CSX
2010-04-13 16:00:00-04:00,0.08,0.09,13.19,CSX
2010-01-19 16:00:00-05:00,0.08,0.09,1.04,CSX
2009-10-13 16:00:00-04:00,0.08,0.08,4.77,CSX
2009-07-13 16:00:00-04:00,0.07,0.08,17.84,CSX
2009-04-14 16:00:00-04:00,0.06,0.07,21.22,CSX
2009-01-20 16:00:00-05:00,0.1,0.1,-0.3,CSX
2008-10-14 17:00:00-04:00,0.1,0.1,1.5,CSX
2008-07-15 17:00:00-04:00,0.1,0.1,-0.46,CSX
2008-04-15 17:00:00-04:00,0.08,0.09,9.74,CSX
2008-01-22 06:00:00-05:00,0.07,0.09,33.67,CSX
2007-10-16 17:00:00-04:00,0.07,0.07,7.25,CSX
2007-07-17 17:00:00-04:00,0.07,0.08,10.83,CSX
2007-04-17 17:00:00-04:00,0.06,0.06,-6.28,CSX
2007-01-22 17:00:00-05:00,0.06,0.06,-0.41,CSX
2006-10-17 17:00:00-04:00,0.06,0.06,6.14,CSX
2006-07-18 17:00:00-04:00,0.06,0.06,0.78,CSX
2006-04-18 17:00:00-04:00,0.05,0.06,20.31,CSX
2006-01-24 08:00:00-05:00,0.05,0.06,14.37,CSX
2005-10-26 08:00:00-04:00,0.04,0.04,-0.12,CSX
2005-07-27 08:00:00-04:00,0.05,0.05,18.51,CSX
2005-04-27 09:00:00-04:00,0.03,0.04,50.94,CSX
2005-01-25 09:00:00-05:00,0.03,0.04,14.85,CSX
2004-10-28 08:00:00-04:00,0.03,0.03,-5.09,CSX
2004-07-28 08:00:00-04:00,0.03,0.03,5.24,CSX
2004-04-28 08:00:00-04:00,0.02,0.02,14.42,CSX
2004-01-27 08:00:00-05:00,0.03,0.03,2.39,CSX
2003-10-22 20:00:00-04:00,0.03,0.03,-5.57,CSX
2003-07-24 09:00:00-04:00,0.03,0.03,1.3,CSX
2003-04-30 08:00:00-04:00,0.01,0.01,15.61,CSX
2003-01-30 08:00:00-05:00,0.03,0.04,12.28,CSX
2002-10-24 09:00:00-04:00,0.03,0.03,9.6,CSX
2002-07-25 09:00:00-04:00,0.03,0.04,8.43,CSX
2002-07-25 09:00:00-04:00,0.03,0.03,1.98,CSX
2002-04-22 08:00:00-04:00,0.01,0.01,-19.88,CSX
2026-10-28 16:00:00-04:00,0.44,,,CVNA
2026-07-29 16:00:00-04:00,0.38,0.42,10.09,CVNA
2026-04-29 16:00:00-04:00,0.3,0.34,11.71,CVNA
2026-02-18 16:00:00-05:00,0.24,0.84,258.98,CVNA
2025-10-29 16:00:00-04:00,0.26,0.21,-21.97,CVNA
2025-07-30 16:00:00-04:00,0.21,0.26,21.62,CVNA
2025-05-07 16:00:00-04:00,0.15,0.3,102.14,CVNA
2025-02-19 16:00:00-05:00,0.05,0.12,128.48,CVNA
2024-10-30 16:00:00-04:00,0.04,0.13,184.82,CVNA
2024-07-31 16:00:00-04:00,-0.01,0.03,287.17,CVNA
2024-05-01 16:00:00-04:00,-0.15,0.05,131.12,CVNA
2024-02-22 16:00:00-05:00,-0.18,-0.35,-90.67,CVNA
2023-11-02 16:00:00-04:00,-0.16,-0.14,15.39,CVNA
2023-07-19 06:00:00-04:00,-0.21,-0.19,8.36,CVNA
2023-05-04 16:00:00-04:00,-0.38,-0.3,19.6,CVNA
2023-02-23 16:00:00-05:00,-0.47,-0.63,-32.18,CVNA
2022-11-03 16:00:00-04:00,-0.39,-0.53,-35.37,CVNA
2022-08-04 16:00:00-04:00,-0.38,-0.47,-24.71,CVNA
2022-04-20 16:00:00-04:00,-0.32,-0.58,-82.77,CVNA
2022-02-24 16:00:00-05:00,-0.16,-0.2,-24.47,CVNA
2021-11-04 16:00:00-04:00,-0.06,-0.08,-27.86,CVNA
2021-08-05 16:00:00-04:00,-0.07,0.05,172.43,CVNA
2021-05-06 16:00:00-04:00,-0.13,-0.09,30.66,CVNA
2021-02-25 16:00:00-05:00,-0.1,-0.18,-82.7,CVNA
2020-10-29 16:00:00-04:00,-0.06,-0.02,64.82,CVNA
2020-08-05 16:00:00-04:00,-0.16,-0.12,20.08,CVNA
2020-05-06 16:00:00-04:00,-0.13,-0.24,-83.34,CVNA
2020-02-26 16:00:00-05:00,-0.13,-0.16,-26.29,CVNA
2019-11-06 16:00:00-05:00,-0.08,-0.11,-42.62,CVNA
2019-08-07 16:00:00-04:00,-0.09,-0.08,6.3,CVNA
2019-05-08 16:00:00-04:00,-0.1,-0.14,-43.26,CVNA
2019-02-27 16:00:00-05:00,-0.1,-0.15,-52.89,CVNA
2018-11-07 16:00:00-05:00,-0.08,-0.08,-4.7,CVNA
2018-08-08 16:00:00-04:00,-0.07,-0.07,-7.68,CVNA
2018-05-09 06:00:00-04:00,-0.08,-0.01,83.1,CVNA
2018-03-06 16:00:00-05:00,-0.07,-0.07,-5.03,CVNA
2017-11-07 16:00:00-05:00,-0.06,-0.06,3.17,CVNA
2017-08-08 16:00:00-04:00,-0.07,-0.06,14.07,CVNA
2017-06-06 17:00:00-04:00,-0.06,-0.06,3.01,CVNA
2026-11-04 07:00:00-05:00,1.64,,,CVS
2026-08-05 06:00:00-04:00,1.85,2.58,39.36,CVS
2026-05-06 06:00:00-04:00,2.21,2.57,16.48,CVS
2026-02-10 06:00:00-05:00,1.0,1.09,9.38,CVS
2025-10-29 06:00:00-04:00,1.36,1.6,17.93,CVS
2025-07-31 06:00:00-04:00,1.46,1.81,23.85,CVS
2025-05-01 06:00:00-04:00,1.67,2.25,34.49,CVS
2025-02-12 06:00:00-05:00,0.92,1.19,29.56,CVS
2024-11-06 06:00:00-05:00,1.46,1.09,-25.23,CVS
2024-08-07 06:00:00-04:00,1.73,1.83,5.95,CVS
2024-05-01 06:00:00-04:00,1.7,1.31,-22.79,CVS
2024-02-07 06:00:00-05:00,1.99,2.12,6.59,CVS
2023-11-01 06:00:00-04:00,2.13,2.21,3.72,CVS
2023-08-02 06:00:00-04:00,2.12,2.21,4.23,CVS
2023-05-03 06:00:00-04:00,2.09,2.2,5.16,CVS
2023-02-08 06:00:00-05:00,1.93,1.99,3.14,CVS
2022-11-02 06:00:00-04:00,1.99,2.15,7.94,CVS
2022-08-03 06:00:00-04:00,2.18,2.4,10.1,CVS
2022-05-04 06:00:00-04:00,2.15,2.22,3.49,CVS
2022-02-09 06:00:00-05:00,1.88,1.98,5.37,CVS
2021-11-03 06:00:00-04:00,1.79,1.97,10.35,CVS
2021-08-04 06:00:00-04:00,2.07,2.42,17.1,CVS
2021-05-04 06:00:00-04:00,1.72,2.04,18.8,CVS
2021-02-16 06:00:00-05:00,1.24,1.3,4.65,CVS
2020-11-06 06:00:00-05:00,1.34,1.66,24.32,CVS
2020-08-05 06:00:00-04:00,1.92,2.64,37.47,CVS
2020-05-06 07:00:00-04:00,1.63,1.91,17.26,CVS
2020-02-12 06:00:00-05:00,1.69,1.73,2.65,CVS
2019-11-06 06:00:00-05:00,1.77,1.84,4.05,CVS
2019-08-07 06:00:00-04:00,1.69,1.89,11.64,CVS
2019-05-01 06:00:00-04:00,1.51,1.62,7.58,CVS
2019-02-20 06:00:00-05:00,2.06,2.14,3.73,CVS
2018-11-06 06:00:00-05:00,1.71,1.73,0.98,CVS
2018-08-08 06:00:00-04:00,1.61,1.69,4.95,CVS
2018-05-02 06:00:00-04:00,1.41,1.48,4.84,CVS
2018-02-08 06:00:00-05:00,1.88,1.92,2.37,CVS
2017-11-06 06:00:00-05:00,1.49,1.5,0.97,CVS
2017-08-08 06:00:00-04:00,1.31,1.33,1.73,CVS
2017-05-02 06:00:00-04:00,1.1,1.17,6.19,CVS
2017-02-09 06:00:00-05:00,1.67,1.71,2.49,CVS
2016-11-08 06:00:00-05:00,1.57,1.64,4.58,CVS
2016-08-02 06:00:00-04:00,1.3,1.32,1.31,CVS
2016-05-03 07:00:00-04:00,1.16,1.18,1.66,CVS
2016-02-09 06:00:00-05:00,1.53,1.53,-0.16,CVS
2015-10-30 06:00:00-04:00,1.29,1.28,-0.88,CVS
2015-08-04 07:00:00-04:00,1.2,1.22,2.04,CVS
2015-05-01 07:00:00-04:00,1.08,1.14,5.73,CVS
2015-02-10 07:00:00-05:00,1.21,1.21,0.18,CVS
2014-11-04 07:00:00-05:00,1.13,1.15,1.38,CVS
2014-08-05 07:00:00-04:00,1.1,1.13,2.98,CVS
2014-05-02 07:00:00-04:00,1.04,1.02,-1.86,CVS
2014-02-11 07:00:00-05:00,1.11,1.12,0.81,CVS
2013-11-05 07:00:00-05:00,1.02,1.05,3.15,CVS
2013-08-06 07:00:00-04:00,0.96,0.97,1.17,CVS
2013-05-01 07:00:00-04:00,0.79,0.83,4.64,CVS
2013-02-06 07:00:00-05:00,1.1,0.97,-11.99,CVS
2012-11-06 07:00:00-05:00,0.84,0.85,1.45,CVS
2012-08-07 07:00:00-04:00,0.8,0.81,1.53,CVS
2012-05-02 07:00:00-04:00,0.63,0.65,3.1,CVS
2012-02-08 06:00:00-05:00,0.89,0.89,-0.32,CVS
2011-11-03 07:00:00-04:00,0.67,0.7,3.72,CVS
2011-08-04 07:00:00-04:00,0.65,0.65,0.76,CVS
2011-05-05 07:00:00-04:00,0.55,0.57,2.85,CVS
2011-02-03 07:00:00-05:00,0.79,0.8,1.36,CVS
2010-11-03 07:00:00-04:00,0.65,0.65,0.3,CVS
2010-07-28 07:00:00-04:00,0.67,0.65,-2.73,CVS
2010-05-04 07:00:00-04:00,0.58,0.6,3.98,CVS
2010-02-08 07:00:00-05:00,0.78,0.78,-0.03,CVS
2009-11-05 07:00:00-05:00,0.64,0.65,1.63,CVS
2009-08-04 07:00:00-04:00,0.64,0.65,1.28,CVS
2009-05-05 07:00:00-04:00,0.5,0.51,2.0,CVS
2009-02-19 07:00:00-05:00,0.65,0.65,0.15,CVS
2008-10-30 07:00:00-04:00,0.56,0.56,-0.27,CVS
2008-07-31 07:00:00-04:00,0.57,0.56,-1.62,CVS
2008-05-01 07:00:00-04:00,0.51,0.51,-0.13,CVS
2008-01-31 07:00:00-05:00,0.55,0.55,0.26,CVS
2007-11-01 07:00:00-04:00,0.44,0.46,4.44,CVS
2007-08-02 07:00:00-04:00,0.46,0.47,3.15,CVS
2007-05-08 06:00:00-04:00,0.45,0.46,1.21,CVS
2007-02-01 07:00:00-05:00,0.44,0.45,2.66,CVS
2006-11-01 16:00:00-05:00,0.32,0.33,3.8,CVS
2006-08-03 07:00:00-04:00,0.37,0.4,6.83,CVS
2006-05-04 07:00:00-04:00,0.36,0.39,6.98,CVS
2006-02-02 07:00:00-05:00,0.4,0.41,1.61,CVS
2005-11-03 07:00:00-05:00,0.3,0.3,-0.26,CVS
2005-08-03 07:00:00-04:00,0.31,0.33,5.46,CVS
2005-05-05 07:00:00-04:00,0.34,0.35,2.04,CVS
2005-02-02 07:00:00-05:00,0.27,0.28,2.58,CVS
2004-11-04 07:00:00-05:00,0.21,0.22,6.28,CVS
2004-08-04 07:00:00-04:00,0.27,0.28,3.7,CVS
2004-05-05 07:00:00-04:00,0.28,0.3,6.08,CVS
2004-02-12 07:00:00-05:00,0.29,0.32,9.97,CVS
2003-10-29 07:00:00-05:00,0.23,0.23,,CVS
2003-07-30 07:00:00-04:00,0.24,0.25,2.51,CVS
2003-05-06 07:00:00-04:00,0.24,0.24,0.6,CVS
2003-02-04 07:00:00-05:00,0.23,0.25,5.15,CVS
2002-10-30 07:00:00-05:00,0.19,0.2,1.04,CVS
2002-07-31 07:00:00-04:00,0.21,0.22,0.94,CVS
2002-05-08 07:00:00-04:00,0.21,0.22,0.65,CVS
2002-02-05 07:00:00-05:00,0.12,0.12,1.05,CVS
2026-10-30 08:00:00-04:00,4.83,,,CVX
2026-07-31 06:00:00-04:00,5.57,6.06,8.84,CVX
2026-05-01 06:00:00-04:00,0.97,1.41,45.56,CVX
2026-01-30 06:00:00-05:00,1.44,1.52,5.2,CVX
2025-10-31 06:00:00-04:00,1.71,1.85,8.39,CVX
2025-08-01 06:00:00-04:00,1.74,1.77,1.71,CVX
2025-05-02 06:00:00-04:00,2.15,2.18,1.31,CVX
2025-01-31 06:00:00-05:00,2.11,2.06,-2.28,CVX
2024-11-01 06:00:00-04:00,2.42,2.51,3.86,CVX
2024-08-02 06:00:00-04:00,3.0,2.55,-14.9,CVX
2024-04-26 03:00:00-04:00,2.91,2.93,0.59,CVX
2024-02-02 06:00:00-05:00,3.22,3.45,7.26,CVX
2023-10-27 03:00:00-04:00,3.68,3.05,-17.07,CVX
2023-07-23 16:00:00-04:00,2.98,3.08,3.52,CVX
2023-04-28 06:00:00-04:00,3.38,3.55,5.06,CVX
2023-01-27 06:00:00-05:00,4.3,4.09,-4.82,CVX
2022-10-28 06:00:00-04:00,4.92,5.56,13.09,CVX
2022-07-29 06:00:00-04:00,5.03,5.82,15.68,CVX
2022-04-29 06:00:00-04:00,3.45,3.36,-2.68,CVX
2022-01-28 06:00:00-05:00,3.12,2.56,-18.04,CVX
2021-10-29 06:00:00-04:00,2.19,2.96,35.04,CVX
2021-07-30 06:00:00-04:00,1.6,1.71,6.57,CVX
2021-04-30 06:00:00-04:00,0.94,0.9,-4.57,CVX
2021-01-29 07:00:00-05:00,0.09,-0.01,-111.36,CVX
2020-10-30 06:00:00-04:00,-0.27,0.11,141.06,CVX
2020-07-31 06:00:00-04:00,-0.92,-1.59,-73.22,CVX
2020-05-01 07:00:00-04:00,0.67,1.29,93.81,CVX
2020-01-31 08:00:00-05:00,1.46,1.49,2.0,CVX
2019-11-01 08:00:00-04:00,1.46,1.55,6.07,CVX
2019-08-02 08:00:00-04:00,1.82,1.77,-2.78,CVX
2019-04-26 08:00:00-04:00,1.33,1.47,10.25,CVX
2019-02-01 08:00:00-05:00,1.89,1.95,3.32,CVX
2018-11-02 08:00:00-04:00,2.06,2.44,18.36,CVX
2018-07-27 08:00:00-04:00,2.09,1.78,-14.83,CVX
2018-04-27 08:00:00-04:00,1.49,1.9,27.57,CVX
2018-02-02 08:00:00-05:00,1.24,0.72,-41.72,CVX
2017-10-27 08:00:00-04:00,0.97,0.85,-12.69,CVX
2017-07-28 08:00:00-04:00,0.87,0.91,4.62,CVX
2017-04-28 08:00:00-04:00,0.87,1.23,41.44,CVX
2017-01-27 08:00:00-05:00,0.64,0.21,-66.94,CVX
2016-10-28 08:00:00-04:00,0.39,0.49,24.89,CVX
2016-07-29 08:00:00-04:00,0.32,0.35,9.69,CVX
2016-04-29 08:00:00-04:00,-0.16,-0.11,31.35,CVX
2016-01-29 08:00:00-05:00,0.51,0.27,-46.8,CVX
2015-10-30 08:00:00-04:00,0.74,1.09,46.97,CVX
2015-07-31 08:00:00-04:00,1.16,0.97,-16.02,CVX
2015-05-01 08:00:00-04:00,0.81,1.37,69.6,CVX
2015-01-30 08:00:00-05:00,1.65,1.85,12.1,CVX
2014-10-31 08:00:00-04:00,2.53,2.95,16.51,CVX
2014-08-01 08:00:00-04:00,2.67,2.98,11.78,CVX
2014-05-02 08:00:00-04:00,2.48,2.36,-4.7,CVX
2014-01-31 08:00:00-05:00,2.58,2.57,-0.56,CVX
2013-11-01 08:00:00-04:00,2.74,2.57,-6.19,CVX
2013-08-02 08:00:00-04:00,2.98,2.77,-6.92,CVX
2013-04-26 08:00:00-04:00,3.08,3.18,3.3,CVX
2013-02-01 08:00:00-05:00,3.05,2.99,-1.71,CVX
2012-11-02 08:00:00-04:00,2.87,2.37,-17.3,CVX
2012-07-27 08:00:00-04:00,3.24,3.56,10.0,CVX
2012-04-27 08:00:00-04:00,3.22,3.17,-1.71,CVX
2012-01-27 08:00:00-05:00,2.92,2.58,-11.59,CVX
2011-10-28 08:00:00-04:00,3.44,3.92,14.06,CVX
2011-07-29 08:00:00-04:00,3.56,3.85,8.0,CVX
2011-04-29 08:00:00-04:00,2.97,3.09,4.02,CVX
2011-01-28 08:00:00-05:00,2.43,2.64,8.86,CVX
2010-10-29 08:00:00-04:00,2.13,1.87,-12.12,CVX
2010-07-30 08:00:00-04:00,2.46,2.7,9.63,CVX
2010-04-30 08:00:00-04:00,1.93,2.36,22.0,CVX
2010-01-29 08:00:00-05:00,1.7,1.53,-10.11,CVX
2009-10-30 08:00:00-04:00,1.43,1.72,20.36,CVX
2009-07-31 08:00:00-04:00,0.96,0.87,-9.79,CVX
2009-05-01 08:00:00-04:00,0.81,0.72,-10.67,CVX
2009-01-30 08:00:00-05:00,1.82,2.13,17.04,CVX
2008-10-31 08:00:00-04:00,3.27,3.85,17.64,CVX
2008-08-01 08:00:00-04:00,3.02,2.9,-4.08,CVX
2008-05-02 08:00:00-04:00,2.41,2.48,2.93,CVX
2008-02-01 08:00:00-05:00,2.3,2.32,1.08,CVX
2007-11-02 08:00:00-04:00,2.07,1.94,-6.31,CVX
2007-07-27 08:00:00-04:00,2.3,2.27,-1.3,CVX
2007-04-27 08:00:00-04:00,1.68,1.86,10.91,CVX
2007-02-02 08:00:00-05:00,1.73,1.74,0.46,CVX
2006-10-27 08:00:00-04:00,2.04,2.29,12.23,CVX
2006-07-28 08:00:00-04:00,2.17,2.1,-3.31,CVX
2006-04-28 08:00:00-04:00,1.78,1.8,0.95,CVX
2006-01-27 08:00:00-05:00,1.89,1.86,-1.64,CVX
2005-10-28 08:00:00-04:00,1.85,1.64,-11.13,CVX
2005-07-29 08:00:00-04:00,1.65,1.76,6.39,CVX
2005-04-29 08:00:00-04:00,1.38,1.28,-6.98,CVX
2005-01-28 08:00:00-05:00,1.38,1.56,13.29,CVX
2004-10-29 08:00:00-04:00,1.36,1.28,-5.6,CVX
2004-07-30 08:00:00-04:00,1.35,1.53,13.13,CVX
2004-04-30 08:00:00-04:00,1.01,1.21,19.92,CVX
2004-01-30 08:00:00-05:00,0.78,0.78,-0.77,CVX
2003-10-31 08:00:00-05:00,0.8,0.92,14.43,CVX
2003-08-01 08:00:00-04:00,0.76,0.81,5.92,CVX
2003-05-02 08:00:00-04:00,0.9,1.01,13.41,CVX
2003-01-31 09:00:00-05:00,0.64,0.5,-22.24,CVX
2002-10-31 09:00:00-05:00,0.65,0.59,-9.58,CVX
2002-07-30 09:00:00-04:00,0.69,0.58,-16.18,CVX
2002-04-25 09:00:00-04:00,0.35,0.44,25.0,CVX
2002-01-29 09:00:00-05:00,0.44,0.24,-47.07,CVX
2026-10-09 08:00:00-04:00,1.86,,,DAL
2026-07-10 06:00:00-04:00,1.49,1.56,4.48,DAL
2026-04-08 06:00:00-04:00,0.57,0.64,11.35,DAL
2026-01-13 06:00:00-05:00,1.55,1.55,0.27,DAL
2025-10-09 06:00:00-04:00,1.53,1.71,11.87,DAL
2025-07-10 06:00:00-04:00,2.06,2.1,1.89,DAL
2025-04-09 06:00:00-04:00,0.39,0.46,19.14,DAL
2025-01-10 06:00:00-05:00,1.74,1.85,6.18,DAL
2024-10-10 06:00:00-04:00,1.52,1.5,-1.16,DAL
2024-07-11 06:00:00-04:00,2.38,2.36,-0.78,DAL
2024-04-10 06:00:00-04:00,0.37,0.45,20.68,DAL
2024-01-12 06:00:00-05:00,1.16,1.28,9.88,DAL
2023-10-12 06:00:00-04:00,1.95,2.03,4.32,DAL
2023-07-13 06:00:00-04:00,2.4,2.68,11.61,DAL
2023-04-13 06:00:00-04:00,0.29,0.25,-13.21,DAL
2023-01-13 06:00:00-05:00,1.32,1.48,11.93,DAL
2022-10-13 06:00:00-04:00,1.53,1.51,-1.46,DAL
2022-07-13 06:00:00-04:00,1.72,1.44,-16.31,DAL
2022-04-13 06:00:00-04:00,-1.27,-1.23,3.1,DAL
2022-01-13 06:00:00-05:00,0.15,0.22,50.15,DAL
2021-10-13 07:00:00-04:00,0.15,0.3,96.53,DAL
2021-07-14 08:00:00-04:00,-1.39,-1.07,22.76,DAL
2021-04-15 08:00:00-04:00,-3.17,-3.55,-11.85,DAL
2021-01-14 07:00:00-05:00,-2.45,-2.53,-3.14,DAL
2020-10-13 08:00:00-04:00,-2.96,-3.3,-11.62,DAL
2020-07-14 07:00:00-04:00,-4.16,-4.43,-6.38,DAL
2020-04-22 07:00:00-04:00,-0.82,-0.51,37.74,DAL
2020-01-14 07:00:00-05:00,1.39,1.7,22.49,DAL
2019-10-10 07:00:00-04:00,2.27,2.32,2.39,DAL
2019-07-11 07:00:00-04:00,2.28,2.35,2.9,DAL
2019-04-10 07:00:00-04:00,0.91,0.96,5.08,DAL
2019-01-15 07:00:00-05:00,1.26,1.3,2.86,DAL
2018-10-11 07:00:00-04:00,1.74,1.8,3.18,DAL
2018-07-12 07:00:00-04:00,1.72,1.77,2.94,DAL
2018-04-12 07:00:00-04:00,0.73,0.74,1.95,DAL
2018-01-11 07:00:00-05:00,0.88,0.96,9.65,DAL
2017-10-11 07:00:00-04:00,1.53,1.57,2.73,DAL
2017-07-13 07:00:00-04:00,1.67,1.64,-1.61,DAL
2017-04-12 07:00:00-04:00,0.75,0.77,3.31,DAL
2017-01-12 07:00:00-05:00,0.82,0.82,-0.12,DAL
2016-10-13 07:00:00-04:00,1.65,1.7,3.16,DAL
2016-07-14 07:00:00-04:00,1.42,1.47,3.47,DAL
2016-04-14 07:00:00-04:00,1.3,1.32,1.7,DAL
2016-01-19 07:00:00-05:00,1.19,1.18,-0.76,DAL
2015-10-14 07:00:00-04:00,1.72,1.74,1.39,DAL
2015-07-15 07:00:00-04:00,1.21,1.27,4.9,DAL
2015-04-15 07:00:00-04:00,0.44,0.45,2.08,DAL
2015-01-20 07:00:00-05:00,0.77,0.78,1.54,DAL
2014-10-16 07:00:00-04:00,1.18,1.2,2.03,DAL
2014-07-23 07:00:00-04:00,1.04,1.04,0.43,DAL
2014-04-23 07:00:00-04:00,0.29,0.33,13.7,DAL
2014-01-21 07:00:00-05:00,0.64,0.65,1.68,DAL
2013-10-22 07:00:00-04:00,1.36,1.41,3.55,DAL
2013-07-24 07:00:00-04:00,0.95,0.98,3.4,DAL
2013-04-23 08:00:00-04:00,0.07,0.1,52.42,DAL
2013-01-22 07:00:00-05:00,0.28,0.28,0.49,DAL
2012-10-24 07:00:00-04:00,0.93,0.9,-3.19,DAL
2012-07-25 07:00:00-04:00,0.67,0.69,2.28,DAL
2012-04-25 07:00:00-04:00,-0.04,-0.05,-21.3,DAL
2012-01-25 07:00:00-05:00,0.38,0.45,19.43,DAL
2011-10-25 07:00:00-04:00,0.89,0.91,1.95,DAL
2011-07-27 07:00:00-04:00,0.48,0.43,-10.59,DAL
2011-04-26 07:00:00-04:00,-0.51,-0.38,25.54,DAL
2011-01-18 07:00:00-05:00,0.25,0.19,-23.77,DAL
2010-10-20 07:00:00-04:00,0.94,1.1,16.79,DAL
2010-07-19 07:00:00-04:00,0.65,0.65,0.09,DAL
2010-04-20 06:00:00-04:00,-0.24,-0.23,4.9,DAL
2010-01-26 07:00:00-05:00,-0.24,-0.27,-14.23,DAL
2009-10-22 07:00:00-04:00,-0.04,0.06,235.01,DAL
2009-07-22 07:00:00-04:00,-0.29,-0.24,18.09,DAL
2009-04-21 07:00:00-04:00,-0.98,-0.84,13.91,DAL
2009-01-27 07:00:00-05:00,-0.34,-0.5,-46.58,DAL
2008-10-15 07:00:00-04:00,-0.02,-0.07,-288.89,DAL
2008-07-16 07:00:00-04:00,0.12,0.35,194.74,DAL
2008-04-23 07:00:00-04:00,-0.55,-0.69,-25.68,DAL
2008-01-23 07:00:00-05:00,-0.18,-0.18,1.1,DAL
2007-10-16 07:00:00-04:00,0.41,0.56,36.92,DAL
2007-07-18 07:00:00-04:00,0.59,0.7,18.44,DAL
2026-11-04 15:00:00-05:00,0.81,,,DASH
2026-08-05 16:00:00-04:00,0.47,0.46,-2.43,DASH
2026-05-06 16:00:00-04:00,1.06,1.14,7.71,DASH
2026-02-18 16:00:00-05:00,0.58,0.48,-17.73,DASH
2025-11-05 16:00:00-05:00,0.68,0.55,-18.73,DASH
2025-08-06 16:00:00-04:00,0.43,0.65,49.52,DASH
2025-05-06 07:00:00-04:00,0.38,0.44,14.56,DASH
2025-02-11 16:00:00-05:00,0.33,0.33,-0.57,DASH
2024-10-30 16:00:00-04:00,0.21,0.38,76.88,DASH
2024-08-01 16:00:00-04:00,0.61,0.81,33.51,DASH
2024-05-01 16:00:00-04:00,0.57,0.66,16.49,DASH
2024-02-15 16:00:00-05:00,-0.13,-0.39,-197.26,DASH
2023-11-01 16:00:00-04:00,-0.41,-0.19,53.36,DASH
2023-08-02 16:00:00-04:00,0.28,0.49,74.57,DASH
2023-05-04 16:00:00-04:00,-0.56,-0.41,27.23,DASH
2023-02-16 16:00:00-05:00,0.01,,-110.9,DASH
2022-11-03 16:00:00-04:00,-0.65,-0.77,-19.14,DASH
2022-08-04 16:00:00-04:00,-0.02,0.06,387.26,DASH
2022-05-06 16:00:00-04:00,-0.04,,108.25,DASH
2022-02-16 16:00:00-05:00,0.07,-0.01,-112.49,DASH
2021-11-09 16:00:00-05:00,-0.27,-0.3,-12.41,DASH
2021-08-12 16:00:00-04:00,-0.19,-0.3,-54.27,DASH
2021-05-13 16:00:00-04:00,-0.01,0.01,233.33,DASH
2021-02-25 16:00:00-05:00,-0.67,-2.67,-296.52,DASH
2026-11-03 07:00:00-05:00,1.9,,,DD
2026-08-04 06:00:00-04:00,1.76,1.88,6.75,DD
2026-05-05 06:00:00-04:00,1.45,1.65,13.58,DD
2026-02-10 06:00:00-05:00,1.29,1.38,6.6,DD
2025-11-06 06:00:00-05:00,2.94,3.27,11.16,DD
2025-08-05 06:00:00-04:00,3.18,3.36,5.54,DD
2025-05-02 06:00:00-04:00,2.86,3.09,8.14,DD
2025-02-11 06:00:00-05:00,2.94,3.39,15.33,DD
2024-11-05 06:00:00-05:00,3.09,3.54,14.71,DD
2024-07-31 06:00:00-04:00,2.56,2.91,13.65,DD
2024-05-01 06:00:00-04:00,1.95,2.37,21.73,DD
2024-02-06 06:00:00-05:00,2.53,2.61,3.07,DD
2023-11-01 06:00:00-04:00,2.53,2.76,8.93,DD
2023-08-03 13:00:00-04:00,2.48,2.55,2.62,DD
2023-05-02 06:00:00-04:00,2.39,2.52,5.34,DD
2023-02-07 06:00:00-05:00,2.34,2.67,13.96,DD
2022-11-08 06:00:00-05:00,2.37,2.46,3.9,DD
2022-08-02 06:00:00-04:00,2.25,2.64,17.16,DD
2022-05-03 06:00:00-04:00,2.02,2.46,22.03,DD
2022-02-08 06:00:00-05:00,2.99,3.24,8.28,DD
2021-11-02 06:00:00-04:00,3.35,3.45,3.05,DD
2021-08-03 06:00:00-04:00,2.85,3.18,11.68,DD
2021-05-04 06:00:00-04:00,2.3,2.73,18.86,DD
2021-02-09 06:00:00-05:00,2.56,2.85,11.42,DD
2020-10-29 06:00:00-04:00,2.24,2.64,18.06,DD
2020-07-30 06:00:00-04:00,1.77,2.1,18.54,DD
2020-05-05 07:00:00-04:00,2.48,2.52,1.5,DD
2020-01-30 06:00:00-05:00,2.86,2.85,-0.37,DD
2019-10-31 06:00:00-04:00,2.86,2.88,0.77,DD
2019-08-01 06:00:00-04:00,2.47,2.91,17.96,DD
2019-05-02 06:00:00-04:00,7.62,7.56,-0.77,DD
2019-01-31 06:00:00-05:00,7.87,7.92,0.67,DD
2018-11-01 06:00:00-04:00,6.42,6.66,3.67,DD
2018-08-02 06:00:00-04:00,11.65,12.33,5.82,DD
2018-05-03 06:00:00-04:00,9.84,10.08,2.48,DD
2018-02-01 06:00:00-05:00,6.11,7.47,22.25,DD
2017-11-02 06:00:00-04:00,4.09,4.23,3.4,DD
2016-02-02 06:00:00-05:00,5.49,8.37,52.46,DD
2015-10-22 06:00:00-04:00,5.4,7.38,36.67,DD
2015-07-23 07:00:00-04:00,6.03,8.19,35.82,DD
2015-04-23 07:00:00-04:00,7.38,7.56,2.44,DD
2015-01-29 07:00:00-05:00,6.48,7.65,18.06,DD
2014-10-22 07:00:00-04:00,5.4,6.48,20.0,DD
2014-07-23 06:00:00-04:00,6.75,6.66,-1.33,DD
2014-04-23 07:00:00-04:00,6.75,7.11,5.33,DD
2014-01-29 07:00:00-05:00,4.45,5.85,31.43,DD
2013-10-24 07:00:00-04:00,5.21,4.5,-13.6,DD
2013-07-25 07:00:00-04:00,6.93,5.76,-16.88,DD
2013-04-25 07:00:00-04:00,6.2,6.21,0.16,DD
2013-01-31 07:00:00-05:00,3.17,2.97,-6.44,DD
2012-10-23 21:00:00-04:00,3.42,3.78,10.39,DD
2012-07-26 06:00:00-04:00,5.83,4.95,-15.03,DD
2012-04-26 07:00:00-04:00,5.37,5.49,2.28,DD
2012-02-02 07:00:00-05:00,2.69,2.25,-16.2,DD
2011-10-27 06:00:00-04:00,5.7,5.58,-2.12,DD
2011-07-27 06:00:00-04:00,7.1,7.65,7.74,DD
2011-04-28 06:00:00-04:00,6.02,7.38,22.69,DD
2011-02-03 06:00:00-05:00,3.22,4.19,30.3,DD
2010-10-28 06:00:00-04:00,3.7,4.86,31.2,DD
2010-08-03 06:00:00-04:00,5.05,4.86,-3.71,DD
2010-04-28 06:00:00-04:00,2.64,3.87,46.41,DD
2010-02-02 06:00:00-05:00,0.99,1.62,64.17,DD
2009-10-22 06:00:00-04:00,0.9,2.16,141.02,DD
2009-07-30 06:00:00-04:00,-0.68,0.45,166.06,DD
2009-04-30 06:00:00-04:00,-1.14,1.08,195.01,DD
2009-02-03 06:00:00-05:00,0.32,-3.06,-1071.44,DD
2008-10-23 06:00:00-04:00,5.01,4.59,-8.38,DD
2008-07-24 06:00:00-04:00,7.68,7.29,-5.1,DD
2008-04-24 06:00:00-04:00,8.51,8.91,4.65,DD
2008-01-29 06:00:00-05:00,7.23,7.56,4.54,DD
2007-10-25 06:00:00-04:00,8.14,7.56,-7.08,DD
2007-07-26 06:00:00-04:00,9.43,9.63,2.11,DD
2007-04-26 06:00:00-04:00,8.99,9.0,0.08,DD
2007-01-25 06:00:00-05:00,8.36,8.82,5.47,DD
2006-10-26 06:00:00-04:00,8.2,8.82,7.6,DD
2006-07-27 06:00:00-04:00,10.36,9.45,-8.75,DD
2006-04-27 06:00:00-04:00,10.79,11.16,3.46,DD
2006-01-26 06:00:00-05:00,9.43,9.18,-2.6,DD
2005-10-27 06:00:00-04:00,6.89,7.38,7.11,DD
2005-07-28 06:00:00-04:00,10.97,10.8,-1.52,DD
2005-04-28 06:00:00-04:00,9.44,12.06,27.79,DD
2005-01-27 06:00:00-05:00,6.33,7.65,20.81,DD
2004-10-28 06:00:00-04:00,5.63,5.85,3.9,DD
2004-07-29 06:00:00-04:00,6.01,6.48,7.77,DD
2004-04-29 06:00:00-04:00,3.76,4.5,19.63,DD
2004-01-29 06:00:00-05:00,2.47,4.5,82.48,DD
2003-10-23 06:00:00-04:00,2.32,3.24,39.53,DD
2003-07-24 06:00:00-04:00,3.06,3.87,26.47,DD
2003-04-24 06:00:00-04:00,-0.99,0.81,181.82,DD
2003-01-30 07:00:00-05:00,0.23,-1.62,-820.01,DD
2002-10-24 06:00:00-04:00,1.44,1.44,,DD
2002-07-25 06:00:00-04:00,2.21,2.52,14.29,DD
2002-07-25 06:00:00-04:00,2.76,2.97,7.61,DD
2002-04-25 06:00:00-04:00,1.19,0.36,-69.7,DD
2002-04-25 06:00:00-04:00,0.59,0.63,7.69,DD
2002-01-31 06:00:00-05:00,0.41,-0.09,-121.82,DD
2001-10-25 06:00:00-04:00,1.49,1.44,-3.52,DD
2026-11-03 15:00:00-05:00,-0.04,,,DDD
2026-08-03 16:00:00-04:00,-0.05,-0.04,20.0,DDD
2026-05-11 17:00:00-04:00,-0.08,-0.01,87.88,DDD
2026-03-09 07:00:00-04:00,-0.09,-0.13,-40.54,DDD
2025-11-04 16:00:00-05:00,-0.08,-0.08,5.88,DDD
2025-08-11 16:00:00-04:00,-0.15,-0.07,54.84,DDD
2025-05-12 17:00:00-04:00,-0.14,-0.21,-44.83,DDD
2025-03-25 20:00:00-04:00,-0.11,-0.19,-72.73,DDD
2024-11-26 16:00:00-05:00,-0.09,-0.12,-26.32,DDD
2024-08-29 16:00:00-04:00,-0.04,-0.14,-250.0,DDD
2024-08-20 16:00:00-04:00,-0.09,-0.17,-97.67,DDD
2024-02-27 18:00:00-05:00,-0.01,-0.11,-842.59,DDD
2023-11-08 07:00:00-05:00,-0.07,0.01,114.29,DDD
2023-08-09 07:00:00-04:00,-0.06,-0.07,-12.9,DDD
2023-05-09 07:00:00-04:00,-0.07,-0.09,-23.52,DDD
2023-02-28 16:00:00-05:00,-0.08,-0.06,25.61,DDD
2022-11-08 16:00:00-05:00,-0.08,-0.05,40.48,DDD
2022-08-08 16:00:00-04:00,,-0.07,-6040.35,DDD
2022-05-09 19:00:00-04:00,,-0.06,-3348.28,DDD
2022-02-28 16:00:00-05:00,0.03,0.09,174.56,DDD
2021-11-08 16:00:00-05:00,0.05,0.08,64.74,DDD
2021-08-08 22:00:00-04:00,0.05,0.12,136.5,DDD
2021-05-10 16:00:00-04:00,0.02,0.17,909.5,DDD
2021-03-02 07:00:00-05:00,0.1,0.09,-9.58,DDD
2020-11-05 16:00:00-05:00,-0.08,-0.03,61.9,DDD
2020-08-05 16:00:00-04:00,-0.1,-0.13,-28.17,DDD
2020-05-06 17:00:00-04:00,-0.05,-0.04,22.15,DDD
2020-02-26 16:00:00-05:00,0.01,0.05,448.85,DDD
2019-10-30 16:00:00-04:00,-0.05,-0.04,18.18,DDD
2019-08-07 16:00:00-04:00,-0.04,-0.01,86.6,DDD
2019-05-07 16:00:00-04:00,-0.01,-0.09,-900.0,DDD
2019-02-28 16:00:00-05:00,0.07,0.1,39.12,DDD
2018-10-30 16:00:00-04:00,0.03,0.02,-33.33,DDD
2018-08-07 16:00:00-04:00,0.01,0.06,650.0,DDD
2018-05-02 16:00:00-04:00,0.01,-0.03,-700.0,DDD
2018-03-14 16:00:00-04:00,0.03,0.05,47.36,DDD
2017-10-31 16:00:00-04:00,0.11,-0.2,-275.72,DDD
2017-08-02 16:00:00-04:00,0.12,0.08,-34.93,DDD
2017-05-03 16:00:00-04:00,0.1,0.06,-38.3,DDD
2017-02-28 08:00:00-05:00,0.13,0.15,14.34,DDD
2016-11-03 07:00:00-04:00,0.09,0.14,60.7,DDD
2016-08-03 08:00:00-04:00,0.06,0.12,107.15,DDD
2016-05-05 08:00:00-04:00,0.05,0.05,-7.27,DDD
2016-03-14 08:00:00-04:00,0.06,0.19,197.95,DDD
2015-11-04 08:00:00-05:00,0.07,0.01,-86.33,DDD
2015-08-06 08:00:00-04:00,0.08,0.03,-64.49,DDD
2015-05-06 08:00:00-04:00,0.03,0.05,47.93,DDD
2015-02-26 08:00:00-05:00,0.25,0.21,-14.3,DDD
2014-11-10 08:00:00-05:00,0.18,0.18,1.34,DDD
2014-07-31 08:00:00-04:00,0.18,0.16,-9.69,DDD
2014-04-29 08:00:00-04:00,0.16,0.15,-3.44,DDD
2014-02-28 08:00:00-05:00,0.19,0.19,-0.22,DDD
2013-10-29 08:00:00-04:00,0.26,0.26,-0.44,DDD
2013-07-30 08:00:00-04:00,0.24,0.2,-17.81,DDD
2013-04-30 08:00:00-04:00,0.21,0.21,1.38,DDD
2013-02-25 08:00:00-05:00,0.26,0.26,1.86,DDD
2012-10-25 08:00:00-04:00,0.18,0.21,20.0,DDD
2012-07-26 09:00:00-04:00,0.18,0.18,0.53,DDD
2012-04-26 09:00:00-04:00,0.15,0.17,10.3,DDD
2012-02-23 08:00:00-05:00,0.12,0.14,16.81,DDD
2011-10-27 08:00:00-04:00,0.11,0.12,12.5,DDD
2011-07-28 08:00:00-04:00,0.1,0.1,-1.96,DDD
2011-04-28 08:00:00-04:00,0.09,0.09,2.19,DDD
2011-02-17 05:00:00-05:00,0.08,0.13,63.25,DDD
2010-10-28 08:00:00-04:00,0.04,0.08,91.68,DDD
2010-07-29 08:00:00-04:00,0.04,0.04,9.08,DDD
2010-05-05 08:00:00-04:00,0.03,0.03,5.89,DDD
2010-02-24 16:00:00-05:00,0.05,0.05,,DDD
2009-11-03 16:00:00-05:00,-0.01,0.01,208.11,DDD
2009-08-03 16:00:00-04:00,-0.01,-0.02,-50.04,DDD
2009-05-06 16:00:00-04:00,-0.02,-0.03,-80.07,DDD
2009-03-04 16:00:00-05:00,0.01,0.01,-24.98,DDD
2008-11-05 16:00:00-05:00,-0.01,-0.01,,DDD
2008-08-05 17:00:00-04:00,-0.01,-0.05,-341.31,DDD
2008-05-08 17:00:00-04:00,0.01,-0.06,-525.13,DDD
2008-03-17 17:00:00-04:00,0.04,0.02,-53.13,DDD
2007-11-01 17:00:00-04:00,0.02,,-80.02,DDD
2007-08-06 18:00:00-04:00,0.02,-0.09,-600.0,DDD
2007-05-30 17:00:00-04:00,-0.02,-0.05,-122.21,DDD
2007-04-30 23:00:00-04:00,-0.07,-0.09,-18.19,DDD
2007-02-02 10:00:00-05:00,-0.22,-0.2,6.73,DDD
2006-08-14 17:00:00-04:00,-0.22,-0.14,38.8,DDD
2006-05-04 08:00:00-04:00,0.03,0.01,-60.01,DDD
2006-03-02 08:00:00-05:00,0.07,0.09,30.0,DDD
2005-11-03 08:00:00-05:00,0.04,0.02,-60.62,DDD
2005-07-01 08:00:00-04:00,0.05,0.02,-68.74,DDD
2005-05-05 08:00:00-04:00,0.04,0.02,-60.0,DDD
2005-03-01 08:00:00-05:00,0.06,0.07,17.65,DDD
2004-11-04 08:00:00-05:00,,0.05,,DDD
2004-08-04 08:00:00-04:00,0.01,-0.03,-599.7,DDD
2003-06-30 17:00:00-04:00,0.02,-0.22,-1200.0,DDD
2002-10-22 08:00:00-04:00,-0.08,-0.1,-20.84,DDD
2002-07-17 08:00:00-04:00,0.01,-0.11,-1799.1,DDD
2002-04-17 08:00:00-04:00,-0.08,-0.09,-17.39,DDD
2002-02-20 07:00:00-05:00,0.02,-0.07,-385.77,DDD
2001-10-17 09:00:00-04:00,0.06,0.01,-88.23,DDD
2001-07-18 09:00:00-04:00,-0.01,-0.01,24.98,DDD
2001-04-18 00:00:00-04:00,0.04,0.04,-8.32,DDD
2001-02-21 09:00:00-05:00,0.06,0.06,-2.71,DDD
2000-10-18 09:00:00-04:00,0.06,0.07,13.51,DDD
2026-11-25 07:00:00-05:00,4.08,,,DE
2026-08-20 06:00:00-04:00,4.71,5.1,8.3,DE
2026-05-21 06:00:00-04:00,5.7,6.55,15.01,DE
2026-02-19 06:00:00-05:00,2.1,2.42,15.42,DE
2025-11-26 06:00:00-05:00,3.83,3.93,2.5,DE
2025-08-14 06:00:00-04:00,4.66,4.75,1.9,DE
2025-05-15 06:00:00-04:00,5.62,6.64,18.05,DE
2025-02-13 06:00:00-05:00,3.25,3.19,-1.81,DE
2024-11-21 06:00:00-05:00,3.93,4.55,15.76,DE
2024-08-15 06:00:00-04:00,5.79,6.29,8.57,DE
2024-05-16 06:00:00-04:00,7.91,8.53,7.86,DE
2024-02-15 06:00:00-05:00,5.25,6.23,18.68,DE
2023-11-22 06:00:00-05:00,7.46,8.32,11.53,DE
2023-08-18 06:00:00-04:00,8.18,10.2,24.66,DE
2023-05-19 06:00:00-04:00,8.47,10.1,19.25,DE
2023-02-17 06:00:00-05:00,5.47,6.55,19.84,DE
2022-11-23 06:00:00-05:00,7.11,7.75,9.03,DE
2022-08-19 06:00:00-04:00,6.68,6.16,-7.74,DE
2022-05-20 06:00:00-04:00,6.69,6.81,1.78,DE
2022-02-18 06:00:00-05:00,2.26,2.92,29.19,DE
2021-11-24 06:00:00-05:00,3.89,4.12,5.83,DE
2021-08-20 06:00:00-04:00,4.58,5.32,16.23,DE
2021-05-21 06:00:00-04:00,4.52,5.68,25.7,DE
2021-02-19 06:00:00-05:00,2.21,3.87,75.12,DE
2020-11-25 06:00:00-05:00,1.34,2.39,77.77,DE
2020-08-21 06:00:00-04:00,1.25,2.57,105.4,DE
2020-05-22 06:00:00-04:00,1.58,2.11,33.44,DE
2020-02-21 06:00:00-05:00,1.27,1.63,28.16,DE
2019-11-27 06:00:00-05:00,2.14,2.14,0.04,DE
2019-08-16 06:00:00-04:00,2.84,2.71,-4.57,DE
2019-05-17 06:00:00-04:00,3.63,3.52,-3.06,DE
2019-02-15 06:00:00-05:00,1.76,1.54,-12.33,DE
2018-11-21 06:00:00-05:00,2.45,2.3,-6.07,DE
2018-08-17 06:00:00-04:00,2.75,2.78,0.92,DE
2018-05-18 06:00:00-04:00,3.4,3.67,8.02,DE
2018-02-16 06:00:00-05:00,1.2,1.31,9.62,DE
2017-11-22 06:00:00-05:00,1.44,1.57,8.99,DE
2017-08-18 06:00:00-04:00,1.95,1.97,1.15,DE
2017-05-19 06:00:00-04:00,1.69,2.49,47.51,DE
2017-02-17 06:00:00-05:00,0.54,0.61,12.12,DE
2016-11-23 06:00:00-05:00,0.39,0.9,133.33,DE
2016-08-19 06:00:00-04:00,0.94,1.55,64.63,DE
2016-05-20 06:00:00-04:00,1.48,1.56,5.49,DE
2016-02-19 06:00:00-05:00,0.7,0.8,14.13,DE
2015-11-25 06:00:00-05:00,0.75,1.08,44.8,DE
2015-08-21 07:00:00-04:00,1.44,1.53,6.61,DE
2015-05-22 07:00:00-04:00,1.56,2.03,30.52,DE
2015-02-20 07:00:00-05:00,0.82,1.12,35.76,DE
2014-11-26 07:00:00-05:00,1.57,1.83,16.46,DE
2014-08-13 07:00:00-04:00,2.22,2.33,5.18,DE
2014-05-14 07:00:00-04:00,2.5,2.65,6.02,DE
2014-02-12 07:00:00-05:00,1.53,1.81,18.37,DE
2013-11-20 07:00:00-05:00,1.89,2.11,11.81,DE
2013-08-14 07:00:00-04:00,2.16,2.56,18.62,DE
2013-05-15 07:00:00-04:00,2.73,2.76,0.95,DE
2013-02-13 07:00:00-05:00,1.4,1.65,17.9,DE
2012-11-21 07:00:00-05:00,1.86,1.75,-6.06,DE
2012-08-15 07:00:00-04:00,2.32,1.98,-14.73,DE
2012-05-16 07:00:00-04:00,2.54,2.61,2.78,DE
2012-02-15 07:00:00-05:00,1.26,1.3,3.32,DE
2011-11-23 07:00:00-05:00,1.43,1.62,13.34,DE
2011-08-17 07:00:00-04:00,1.67,1.69,1.12,DE
2011-05-18 07:00:00-04:00,2.06,2.12,2.82,DE
2011-02-16 07:00:00-05:00,1.07,1.2,11.64,DE
2010-11-24 07:00:00-05:00,0.96,1.07,11.84,DE
2010-08-18 07:00:00-04:00,1.22,1.44,18.17,DE
2010-05-19 07:00:00-04:00,0.99,1.28,29.25,DE
2010-02-17 07:00:00-05:00,0.19,0.57,198.43,DE
2009-11-25 07:00:00-05:00,0.02,-0.53,-2545.78,DE
2009-08-19 07:00:00-04:00,0.56,0.99,75.84,DE
2009-05-20 07:00:00-04:00,1.07,1.11,3.64,DE
2009-02-18 07:00:00-05:00,0.62,0.48,-22.83,DE
2008-11-26 07:00:00-05:00,0.99,0.89,-10.04,DE
2008-08-13 07:00:00-04:00,1.36,1.32,-2.9,DE
2008-05-14 07:00:00-04:00,1.74,1.74,-0.06,DE
2008-02-13 07:00:00-05:00,0.77,0.83,7.54,DE
2007-11-21 07:00:00-05:00,0.77,0.94,21.85,DE
2007-08-15 07:00:00-04:00,1.0,1.19,18.94,DE
2007-05-16 07:00:00-04:00,1.21,1.36,12.16,DE
2007-02-14 07:00:00-05:00,0.4,0.52,29.18,DE
2006-11-21 07:00:00-05:00,0.47,0.6,27.66,DE
2006-08-15 07:00:00-04:00,0.91,0.93,1.98,DE
2006-05-16 08:00:00-04:00,1.43,1.57,9.75,DE
2006-02-14 08:00:00-05:00,0.42,0.47,12.71,DE
2005-11-22 08:00:00-05:00,0.4,0.48,21.52,DE
2005-08-16 08:00:00-04:00,0.95,0.79,-16.67,DE
2005-05-17 08:00:00-04:00,1.07,1.22,13.45,DE
2005-02-15 08:00:00-05:00,0.46,0.45,-2.2,DE
2004-11-23 08:00:00-05:00,0.49,0.71,45.06,DE
2004-08-17 08:00:00-04:00,0.75,0.79,4.91,DE
2004-05-18 08:00:00-04:00,0.88,0.94,7.18,DE
2004-02-17 08:00:00-05:00,0.26,0.34,30.77,DE
2003-11-25 08:00:00-05:00,0.09,0.14,56.98,DE
2003-08-12 08:00:00-04:00,0.42,0.51,22.01,DE
2003-05-13 08:00:00-04:00,0.47,0.54,13.59,DE
2003-02-11 08:00:00-05:00,0.07,0.14,100.0,DE
2002-11-19 08:00:00-05:00,0.14,0.14,2.94,DE
2002-08-13 08:00:00-04:00,0.18,0.31,71.83,DE
2002-05-14 08:00:00-04:00,0.22,0.3,33.48,DE
2002-02-12 08:00:00-05:00,-0.12,-0.08,31.82,DE
2026-11-27 15:00:00-05:00,6.56,,,DELL
2026-09-01 16:00:00-04:00,4.92,7.04,43.14,DELL
2026-05-28 16:00:00-04:00,2.96,4.86,63.99,DELL
2026-02-26 16:00:00-05:00,3.51,3.89,10.74,DELL
2025-11-25 16:00:00-05:00,2.48,2.59,4.55,DELL
2025-08-28 16:00:00-04:00,2.29,2.32,1.24,DELL
2025-05-29 16:00:00-04:00,1.69,1.55,-8.38,DELL
2025-02-27 16:00:00-05:00,2.52,2.68,6.42,DELL
2024-11-26 16:00:00-05:00,2.06,2.15,4.25,DELL
2024-08-29 16:00:00-04:00,1.71,1.89,10.22,DELL
2024-05-30 16:00:00-04:00,1.29,1.27,-1.92,DELL
2024-02-29 16:00:00-05:00,1.72,2.2,27.92,DELL
2023-11-30 16:00:00-05:00,1.46,1.88,29.19,DELL
2023-08-31 16:00:00-04:00,1.14,1.74,53.07,DELL
2023-06-01 15:00:00-04:00,0.85,1.31,53.67,DELL
2023-03-02 16:00:00-05:00,1.64,1.8,9.88,DELL
2022-11-21 16:00:00-05:00,1.61,2.3,43.09,DELL
2022-08-25 16:00:00-04:00,1.64,1.68,2.61,DELL
2022-05-26 16:00:00-04:00,1.4,1.84,31.17,DELL
2022-02-24 16:00:00-05:00,1.95,1.72,-11.95,DELL
2021-11-23 16:00:00-05:00,2.3,2.37,2.97,DELL
2021-08-26 16:00:00-04:00,2.04,2.24,9.76,DELL
2021-05-27 16:00:00-04:00,1.62,2.13,31.5,DELL
2021-02-25 16:00:00-05:00,2.14,2.7,26.1,DELL
2020-11-24 16:00:00-05:00,1.42,2.03,42.91,DELL
2020-08-27 16:00:00-04:00,1.4,1.92,37.49,DELL
2020-05-28 16:00:00-04:00,0.94,1.34,42.82,DELL
2020-02-27 16:00:00-05:00,2.0,2.0,0.18,DELL
2019-11-26 16:00:00-05:00,1.59,1.75,10.37,DELL
2019-08-29 16:00:00-04:00,1.5,2.15,43.44,DELL
2019-05-30 16:00:00-04:00,1.2,1.45,20.44,DELL
2019-03-29 16:00:00-04:00,1.84,1.82,-1.08,DELL
2026-12-03 07:00:00-05:00,0.93,,,DG
2026-08-27 06:00:00-04:00,2.01,2.48,23.53,DG
2026-06-02 06:00:00-04:00,1.88,2.0,6.22,DG
2026-03-12 06:00:00-04:00,1.64,1.93,17.85,DG
2025-12-04 06:00:00-05:00,0.93,1.28,38.27,DG
2025-08-28 06:00:00-04:00,1.57,1.86,18.47,DG
2025-06-03 06:00:00-04:00,1.48,1.78,19.88,DG
2025-03-13 06:00:00-04:00,1.5,1.68,11.63,DG
2024-12-05 06:00:00-05:00,0.94,0.89,-5.14,DG
2024-08-29 06:00:00-04:00,1.79,1.7,-4.98,DG
2024-05-30 06:00:00-04:00,1.58,1.65,4.56,DG
2024-03-14 06:00:00-04:00,1.73,1.83,5.81,DG
2023-12-07 06:00:00-05:00,1.18,1.26,6.76,DG
2023-08-31 06:00:00-04:00,2.47,2.13,-13.6,DG
2023-06-01 06:00:00-04:00,2.39,2.34,-2.02,DG
2023-03-16 06:00:00-04:00,2.96,2.96,0.13,DG
2022-12-01 06:00:00-05:00,2.55,2.33,-8.49,DG
2022-08-25 06:00:00-04:00,2.93,2.98,1.78,DG
2022-05-26 06:00:00-04:00,2.31,2.41,4.33,DG
2022-03-17 06:00:00-04:00,2.57,2.57,,DG
2021-12-02 06:00:00-05:00,2.03,2.08,2.44,DG
2021-08-26 06:00:00-04:00,2.61,2.69,3.1,DG
2021-05-27 06:00:00-04:00,2.2,2.82,28.18,DG
2021-03-18 06:00:00-04:00,2.69,2.62,-2.67,DG
2020-12-03 06:00:00-05:00,1.96,2.31,17.6,DG
2020-08-27 06:00:00-04:00,2.47,3.12,26.27,DG
2020-05-28 06:00:00-04:00,1.76,2.56,45.18,DG
2020-03-12 06:00:00-04:00,2.01,2.1,4.53,DG
2019-12-05 06:00:00-05:00,1.38,1.42,3.13,DG
2019-08-29 06:00:00-04:00,1.58,1.74,10.47,DG
2019-05-30 06:00:00-04:00,1.39,1.48,6.69,DG
2019-03-14 06:00:00-04:00,1.89,1.84,-2.47,DG
2018-12-04 06:00:00-05:00,1.27,1.31,3.42,DG
2018-08-30 06:00:00-04:00,1.49,1.52,1.69,DG
2018-05-31 06:00:00-04:00,1.39,1.36,-2.28,DG
2018-03-15 06:00:00-04:00,1.47,2.63,79.29,DG
2017-12-07 06:00:00-05:00,0.94,0.98,4.47,DG
2017-08-31 06:00:00-04:00,1.09,1.1,0.68,DG
2017-06-01 06:00:00-04:00,1.0,1.03,3.47,DG
2017-03-16 06:00:00-04:00,1.43,1.49,4.35,DG
2016-12-01 06:00:00-05:00,0.93,0.89,-4.14,DG
2016-08-25 06:00:00-04:00,1.09,1.08,-0.94,DG
2016-05-26 06:00:00-04:00,0.95,1.03,8.67,DG
2016-03-10 07:00:00-05:00,1.26,1.29,2.34,DG
2015-12-03 06:00:00-05:00,0.87,0.86,-1.14,DG
2015-08-27 07:00:00-04:00,0.94,0.95,0.59,DG
2015-06-02 07:00:00-04:00,0.81,0.84,3.37,DG
2015-03-12 07:00:00-04:00,1.17,1.16,-0.97,DG
2014-12-04 07:00:00-05:00,0.8,0.79,-0.76,DG
2014-08-28 07:00:00-04:00,0.83,0.83,-0.06,DG
2014-06-03 07:00:00-04:00,0.73,0.72,-1.59,DG
2014-03-13 07:00:00-04:00,1.02,1.01,-0.5,DG
2013-12-05 07:00:00-05:00,0.7,0.72,3.13,DG
2013-09-04 07:00:00-04:00,0.74,0.77,4.23,DG
2013-06-04 07:00:00-04:00,0.71,0.67,-6.07,DG
2013-03-25 07:00:00-04:00,0.9,0.97,7.49,DG
2012-12-11 07:00:00-05:00,0.6,0.63,5.18,DG
2012-09-05 07:00:00-04:00,0.64,0.69,7.79,DG
2012-06-04 16:00:00-04:00,0.6,0.63,5.72,DG
2012-03-22 07:00:00-04:00,0.82,0.87,6.5,DG
2011-12-05 07:00:00-05:00,0.47,0.5,5.57,DG
2011-08-30 07:00:00-04:00,0.48,0.52,8.5,DG
2011-06-01 07:00:00-04:00,0.5,0.48,-3.76,DG
2011-03-22 07:00:00-04:00,0.59,0.64,8.42,DG
2010-12-06 07:00:00-05:00,0.35,0.39,12.15,DG
2010-08-31 07:00:00-04:00,0.38,0.42,9.36,DG
2010-06-08 07:00:00-04:00,0.35,0.42,21.2,DG
2010-03-31 07:00:00-04:00,0.43,0.26,-39.08,DG
2009-12-10 08:00:00-05:00,0.25,0.24,-4.0,DG
2026-10-21 08:00:00-04:00,1.91,,,DHR
2026-07-21 06:00:00-04:00,1.84,1.94,5.28,DHR
2026-04-21 06:00:00-04:00,1.94,2.06,6.45,DHR
2026-01-28 06:00:00-05:00,2.19,2.23,1.99,DHR
2025-10-21 06:00:00-04:00,1.72,1.89,9.78,DHR
2025-07-22 06:00:00-04:00,1.64,1.8,9.49,DHR
2025-04-22 06:00:00-04:00,1.64,1.88,14.38,DHR
2025-01-29 06:00:00-05:00,2.16,2.14,-1.12,DHR
2024-10-22 06:00:00-04:00,1.57,1.71,8.94,DHR
2024-07-23 06:00:00-04:00,1.57,1.72,9.3,DHR
2024-04-23 06:00:00-04:00,1.71,1.92,12.41,DHR
2024-01-30 06:00:00-05:00,1.91,2.09,9.15,DHR
2023-10-24 06:00:00-04:00,1.88,2.02,7.55,DHR
2023-07-25 06:00:00-04:00,2.02,2.05,1.73,DHR
2023-04-25 06:00:00-04:00,2.26,2.36,4.36,DHR
2023-01-24 06:00:00-05:00,2.55,2.87,12.62,DHR
2022-10-20 06:00:00-04:00,2.25,2.56,13.54,DHR
2022-07-21 06:00:00-04:00,2.34,2.76,18.09,DHR
2022-04-21 06:00:00-04:00,2.66,2.76,3.6,DHR
2022-01-27 06:00:00-05:00,2.54,2.69,5.99,DHR
2021-10-21 06:00:00-04:00,2.15,2.39,11.04,DHR
2021-07-22 06:00:00-04:00,2.05,2.46,19.99,DHR
2021-04-22 06:00:00-04:00,1.77,2.52,42.07,DHR
2021-01-28 06:00:00-05:00,1.88,2.08,10.9,DHR
2020-10-22 06:00:00-04:00,1.36,1.72,26.39,DHR
2020-07-23 06:00:00-04:00,1.09,1.44,31.94,DHR
2020-05-06 17:00:00-04:00,1.02,1.05,2.68,DHR
2020-01-30 06:00:00-05:00,1.25,1.28,2.31,DHR
2019-10-24 06:00:00-04:00,1.15,1.16,0.79,DHR
2019-07-18 06:00:00-04:00,1.16,1.19,2.52,DHR
2019-04-18 06:00:00-04:00,1.02,1.07,5.01,DHR
2019-01-29 06:00:00-05:00,1.27,1.28,0.64,DHR
2018-10-18 06:00:00-04:00,1.08,1.1,2.28,DHR
2018-07-19 06:00:00-04:00,1.09,1.15,5.87,DHR
2018-04-19 06:00:00-04:00,0.94,0.99,5.2,DHR
2018-01-30 06:00:00-05:00,1.16,1.19,2.82,DHR
2017-10-19 06:00:00-04:00,0.95,1.0,4.87,DHR
2017-07-20 06:00:00-04:00,0.97,0.99,2.28,DHR
2017-04-20 06:00:00-04:00,0.84,0.85,0.85,DHR
2017-01-31 06:00:00-05:00,1.03,1.05,1.91,DHR
2016-10-20 06:00:00-04:00,0.82,0.87,5.47,DHR
2016-07-25 06:00:00-04:00,1.22,1.25,2.11,DHR
2016-04-21 06:00:00-04:00,1.03,1.08,4.92,DHR
2016-01-26 06:00:00-05:00,1.27,1.27,0.2,DHR
2015-10-22 06:00:00-04:00,1.04,1.05,1.33,DHR
2015-07-23 06:00:00-04:00,1.04,1.08,4.31,DHR
2015-04-23 06:00:00-04:00,0.93,0.93,-0.19,DHR
2015-01-27 06:00:00-05:00,1.04,1.04,0.46,DHR
2014-10-16 06:00:00-04:00,0.89,0.9,0.86,DHR
2014-07-17 06:00:00-04:00,0.94,0.93,-0.96,DHR
2014-04-16 16:00:00-04:00,0.8,0.81,1.37,DHR
2014-01-28 06:00:00-05:00,0.96,0.96,0.33,DHR
2013-10-17 06:00:00-04:00,0.83,0.84,1.38,DHR
2013-07-18 06:00:00-04:00,0.85,0.87,2.46,DHR
2013-04-18 06:00:00-04:00,0.77,0.75,-2.07,DHR
2013-01-29 06:00:00-05:00,0.87,0.87,0.05,DHR
2012-10-18 06:00:00-04:00,0.79,0.77,-2.11,DHR
2012-07-19 06:00:00-04:00,0.8,0.84,4.44,DHR
2012-04-19 06:00:00-04:00,0.71,0.73,3.47,DHR
2012-01-31 06:00:00-05:00,0.78,0.81,3.33,DHR
2011-10-20 06:00:00-04:00,0.7,0.73,3.98,DHR
2011-07-21 06:00:00-04:00,0.67,0.69,2.83,DHR
2011-04-21 06:00:00-04:00,0.57,0.61,6.94,DHR
2011-01-27 06:00:00-05:00,0.66,0.67,1.05,DHR
2010-10-21 06:00:00-04:00,0.55,0.6,9.14,DHR
2010-07-22 06:00:00-04:00,0.53,0.56,5.11,DHR
2010-04-22 05:00:00-04:00,0.44,0.48,8.86,DHR
2010-01-28 06:00:00-05:00,0.54,0.56,3.74,DHR
2009-10-22 06:00:00-04:00,0.43,0.45,3.12,DHR
2009-07-23 06:00:00-04:00,0.44,0.45,1.06,DHR
2009-04-23 06:00:00-04:00,0.36,0.36,-0.74,DHR
2009-01-26 06:00:00-05:00,0.52,0.56,6.14,DHR
2008-10-16 06:00:00-04:00,0.56,0.57,0.94,DHR
2008-07-17 06:00:00-04:00,0.53,0.55,3.17,DHR
2008-04-17 06:00:00-04:00,0.44,0.45,1.0,DHR
2008-01-24 06:00:00-05:00,0.56,0.56,0.43,DHR
2007-10-18 06:00:00-04:00,0.48,0.49,1.14,DHR
2007-07-19 06:00:00-04:00,0.46,0.47,1.57,DHR
2007-04-19 06:00:00-04:00,0.38,0.39,1.49,DHR
2007-01-25 06:00:00-05:00,0.47,0.48,1.93,DHR
2006-10-19 06:00:00-04:00,0.41,0.42,1.34,DHR
2006-07-20 06:00:00-04:00,0.39,0.4,2.47,DHR
2006-04-20 06:00:00-04:00,0.33,0.33,1.49,DHR
2006-01-26 06:00:00-05:00,0.4,0.41,0.87,DHR
2005-10-20 06:00:00-04:00,0.35,0.35,-0.3,DHR
2005-07-21 06:00:00-04:00,0.33,0.34,0.45,DHR
2005-04-21 06:00:00-04:00,0.28,0.29,1.93,DHR
2005-01-27 06:00:00-05:00,0.33,0.33,0.92,DHR
2004-10-21 06:00:00-04:00,0.3,0.31,4.91,DHR
2004-07-22 06:00:00-04:00,0.27,0.28,3.58,DHR
2004-04-22 06:00:00-04:00,0.21,0.23,7.4,DHR
2004-01-29 07:00:00-05:00,0.24,0.24,1.89,DHR
2003-10-16 06:00:00-04:00,0.21,0.22,3.08,DHR
2003-07-17 07:00:00-04:00,0.19,0.2,1.8,DHR
2003-04-17 07:00:00-04:00,0.16,0.16,1.25,DHR
2003-01-30 07:00:00-05:00,0.19,0.2,2.6,DHR
2002-10-17 06:00:00-04:00,0.18,0.19,1.99,DHR
2002-07-18 06:00:00-04:00,0.16,0.17,1.54,DHR
2002-04-18 06:00:00-04:00,0.14,0.14,-0.61,DHR
2002-01-24 06:00:00-05:00,0.13,0.13,,DHR
2026-11-12 07:00:00-05:00,1.69,,,DIS
2026-08-05 06:00:00-04:00,1.85,2.06,11.09,DIS
2026-05-06 06:00:00-04:00,1.5,1.57,4.98,DIS
2026-02-02 06:00:00-05:00,1.58,1.63,3.44,DIS
2025-11-13 06:00:00-05:00,1.02,1.11,8.42,DIS
2025-08-06 06:00:00-04:00,1.45,1.61,11.3,DIS
2025-05-07 06:00:00-04:00,1.21,1.45,19.79,DIS
2025-02-05 06:00:00-05:00,1.43,1.76,22.94,DIS
2024-11-14 06:00:00-05:00,1.11,1.14,2.75,DIS
2024-08-07 06:00:00-04:00,1.19,1.39,16.38,DIS
2024-05-07 06:00:00-04:00,1.1,1.21,9.8,DIS
2024-02-07 16:00:00-05:00,1.03,1.22,18.24,DIS
2023-11-08 16:00:00-05:00,0.71,0.82,15.11,DIS
2023-08-09 16:00:00-04:00,0.98,1.04,6.77,DIS
2023-05-10 16:00:00-04:00,0.94,0.93,-0.91,DIS
2023-02-08 16:00:00-05:00,0.79,0.99,25.97,DIS
2022-11-08 16:00:00-05:00,0.56,0.3,-46.87,DIS
2022-08-10 16:00:00-04:00,0.99,1.09,9.99,DIS
2022-05-11 16:00:00-04:00,1.19,1.08,-9.15,DIS
2022-02-09 16:00:00-05:00,0.62,1.06,71.97,DIS
2021-11-10 16:00:00-05:00,0.5,0.38,-23.41,DIS
2021-08-12 16:00:00-04:00,0.55,0.8,45.48,DIS
2021-05-13 16:00:00-04:00,0.26,0.79,204.08,DIS
2021-02-11 16:00:00-05:00,-0.34,0.32,194.77,DIS
2020-11-12 16:00:00-05:00,-0.65,-0.2,69.3,DIS
2020-08-04 16:00:00-04:00,-0.67,0.08,111.92,DIS
2020-05-05 17:00:00-04:00,0.9,0.6,-32.97,DIS
2020-02-04 16:00:00-05:00,1.44,1.53,6.29,DIS
2019-11-07 16:00:00-05:00,0.96,1.07,10.99,DIS
2019-08-06 16:00:00-04:00,1.74,1.35,-22.44,DIS
2019-05-08 16:00:00-04:00,1.57,1.61,2.53,DIS
2019-02-05 16:00:00-05:00,1.57,1.84,17.36,DIS
2018-11-08 16:00:00-05:00,1.35,1.48,9.72,DIS
2018-08-07 16:00:00-04:00,1.95,1.87,-3.9,DIS
2018-05-08 16:00:00-04:00,1.7,1.84,8.33,DIS
2018-02-06 16:00:00-05:00,1.61,1.89,17.48,DIS
2017-11-09 16:00:00-05:00,1.12,1.07,-4.32,DIS
2017-08-08 16:00:00-04:00,1.55,1.58,1.97,DIS
2017-05-09 16:00:00-04:00,1.41,1.5,6.3,DIS
2017-02-07 16:00:00-05:00,1.49,1.55,3.7,DIS
2016-11-10 16:00:00-05:00,1.16,1.1,-4.85,DIS
2016-08-09 16:00:00-04:00,1.61,1.62,0.6,DIS
2016-05-10 16:00:00-04:00,1.4,1.36,-2.82,DIS
2016-02-09 16:00:00-05:00,1.45,1.63,12.05,DIS
2015-11-05 16:00:00-05:00,1.14,1.2,5.67,DIS
2015-08-04 16:00:00-04:00,1.42,1.45,2.04,DIS
2015-05-05 08:00:00-04:00,1.11,1.23,10.95,DIS
2015-02-03 16:00:00-05:00,1.06,1.27,19.27,DIS
2014-11-06 16:00:00-05:00,0.89,0.89,0.48,DIS
2014-08-05 16:00:00-04:00,1.17,1.28,9.48,DIS
2014-05-06 16:00:00-04:00,0.96,1.11,15.42,DIS
2014-02-05 16:00:00-05:00,0.92,1.04,13.59,DIS
2013-11-07 16:00:00-05:00,0.76,0.77,1.46,DIS
2013-08-06 16:00:00-04:00,1.01,1.03,1.9,DIS
2013-05-07 16:00:00-04:00,0.77,0.79,2.97,DIS
2013-02-05 16:00:00-05:00,0.77,0.79,2.75,DIS
2012-11-08 16:00:00-05:00,0.68,0.68,0.19,DIS
2012-08-07 16:00:00-04:00,0.93,1.01,9.01,DIS
2012-05-08 16:00:00-04:00,0.55,0.58,5.59,DIS
2012-02-07 16:00:00-05:00,0.71,0.8,12.18,DIS
2011-11-10 16:00:00-05:00,0.54,0.59,8.77,DIS
2011-08-09 16:00:00-04:00,0.72,0.78,7.89,DIS
2011-05-10 16:00:00-04:00,0.57,0.49,-14.03,DIS
2011-02-08 16:00:00-05:00,0.56,0.68,22.33,DIS
2010-11-11 16:00:00-05:00,0.47,0.45,-4.3,DIS
2010-08-10 16:00:00-04:00,0.58,0.67,15.84,DIS
2010-05-11 16:00:00-04:00,0.45,0.48,5.73,DIS
2010-02-09 16:00:00-05:00,0.38,0.47,22.34,DIS
2009-11-12 16:00:00-05:00,0.41,0.46,12.99,DIS
2009-07-30 16:00:00-04:00,0.51,0.52,2.32,DIS
2009-05-05 16:00:00-04:00,0.4,0.43,7.41,DIS
2009-02-03 16:00:00-05:00,0.5,0.41,-18.6,DIS
2008-11-06 16:00:00-05:00,0.49,0.43,-12.16,DIS
2008-07-30 16:00:00-04:00,0.61,0.62,2.36,DIS
2008-05-06 16:00:00-04:00,0.5,0.58,14.9,DIS
2008-02-05 16:00:00-05:00,0.52,0.63,20.52,DIS
2007-11-08 16:00:00-05:00,0.42,0.42,0.76,DIS
2007-08-01 16:00:00-04:00,0.55,0.58,5.05,DIS
2007-05-08 16:00:00-04:00,0.37,0.44,19.43,DIS
2007-02-07 16:00:00-05:00,0.39,0.5,26.81,DIS
2006-11-09 16:00:00-05:00,0.33,0.36,9.09,DIS
2006-08-09 08:00:00-04:00,0.44,0.51,15.55,DIS
2006-05-09 16:00:00-04:00,0.31,0.37,19.74,DIS
2006-02-06 16:00:00-05:00,0.3,0.35,17.85,DIS
2005-11-17 16:00:00-05:00,0.18,0.2,10.27,DIS
2005-08-09 16:00:00-04:00,0.39,0.42,9.02,DIS
2005-05-11 14:00:00-04:00,0.32,0.32,1.27,DIS
2005-01-31 16:00:00-05:00,0.29,0.33,12.18,DIS
2004-11-18 16:00:00-05:00,0.18,0.21,17.54,DIS
2004-08-10 16:00:00-04:00,0.27,0.31,15.71,DIS
2004-05-12 16:00:00-04:00,0.21,0.26,26.83,DIS
2004-02-11 09:00:00-05:00,0.22,0.33,46.81,DIS
2003-11-20 16:00:00-05:00,0.16,0.17,9.04,DIS
2003-07-31 16:00:00-04:00,0.16,0.19,16.11,DIS
2003-05-01 16:00:00-04:00,0.11,0.11,-3.75,DIS
2003-01-30 16:00:00-05:00,0.15,0.17,10.75,DIS
2002-11-07 16:00:00-05:00,0.11,0.11,2.8,DIS
2002-08-01 16:00:00-04:00,0.17,0.17,0.59,DIS
2002-04-25 16:00:00-04:00,0.1,0.13,29.35,DIS
2002-01-31 16:00:00-05:00,0.1,0.15,47.06,DIS
2026-11-06 15:00:00-05:00,,,,DJT
2025-08-15 16:00:00-04:00,,,,DJT
2026-11-05 15:00:00-05:00,-0.16,,,DKNG
2026-08-06 16:00:00-04:00,0.19,0.09,-53.06,DKNG
2026-05-06 20:00:00-04:00,0.17,0.2,16.41,DKNG
2026-02-12 16:00:00-05:00,0.41,0.36,-12.48,DKNG
2025-11-06 16:00:00-05:00,-0.26,-0.26,-1.85,DKNG
2025-08-06 16:00:00-04:00,0.41,0.38,-6.3,DKNG
2025-05-08 16:00:00-04:00,0.12,0.12,-2.44,DKNG
2025-02-13 16:00:00-05:00,,0.14,12600.0,DKNG
2024-11-07 16:00:00-05:00,-0.24,-0.17,30.13,DKNG
2024-08-01 16:00:00-04:00,0.23,0.22,-3.64,DKNG
2024-05-02 16:00:00-04:00,-0.14,0.03,121.34,DKNG
2024-02-15 16:00:00-05:00,0.2,0.29,42.03,DKNG
2023-11-02 16:00:00-04:00,-0.59,-0.35,40.31,DKNG
2023-08-03 16:00:00-04:00,-0.13,0.14,207.13,DKNG
2023-05-04 16:00:00-04:00,-0.76,-0.51,32.6,DKNG
2023-02-16 16:00:00-05:00,-0.49,-0.5,-0.7,DKNG
2022-11-04 07:00:00-04:00,-0.92,-0.97,-4.53,DKNG
2022-08-05 07:00:00-04:00,-0.68,-0.49,27.51,DKNG
2022-05-06 07:00:00-04:00,-1.03,-1.24,-20.55,DKNG
2022-02-18 07:00:00-05:00,-0.63,-0.79,-25.97,DKNG
2021-11-05 07:00:00-04:00,-0.91,-1.35,-47.56,DKNG
2021-08-06 07:00:00-04:00,-0.54,-0.76,-41.57,DKNG
2021-05-07 07:00:00-04:00,-0.43,-0.79,-84.12,DKNG
2021-02-26 07:00:00-05:00,-0.42,-0.68,-62.77,DKNG
2020-11-13 07:00:00-05:00,-0.62,-0.98,-59.02,DKNG
2020-08-14 07:00:00-04:00,-0.15,-0.53,-256.13,DKNG
2020-05-15 07:00:00-04:00,-0.11,-0.16,-43.86,DKNG
2026-12-03 15:00:00-05:00,1.18,,,DOCU
2026-09-03 16:00:00-04:00,1.09,1.16,6.85,DOCU
2026-06-04 16:00:00-04:00,0.99,1.09,9.74,DOCU
2026-03-17 16:00:00-04:00,0.95,1.01,6.36,DOCU
2025-12-04 16:00:00-05:00,0.92,1.01,10.3,DOCU
2025-09-04 16:00:00-04:00,0.85,0.92,8.56,DOCU
2025-06-05 16:00:00-04:00,0.81,0.9,10.45,DOCU
2025-03-13 16:00:00-04:00,0.85,0.86,0.7,DOCU
2024-12-05 16:00:00-05:00,0.87,0.9,3.02,DOCU
2024-09-05 16:00:00-04:00,0.81,0.97,20.44,DOCU
2024-06-06 16:00:00-04:00,0.79,0.82,3.71,DOCU
2024-03-07 16:00:00-05:00,0.65,0.76,17.5,DOCU
2023-12-07 16:00:00-05:00,0.63,0.79,24.79,DOCU
2023-09-06 21:00:00-04:00,0.66,0.72,9.44,DOCU
2023-06-08 16:00:00-04:00,0.56,0.72,28.73,DOCU
2023-03-09 16:00:00-05:00,0.52,0.65,23.98,DOCU
2022-12-08 16:00:00-05:00,0.42,0.57,34.22,DOCU
2022-09-08 16:00:00-04:00,0.42,0.44,4.3,DOCU
2022-06-09 16:00:00-04:00,0.46,0.38,-17.82,DOCU
2022-03-10 16:00:00-05:00,0.48,0.48,0.31,DOCU
2021-12-02 16:00:00-05:00,0.46,0.58,25.36,DOCU
2021-09-02 16:00:00-04:00,0.4,0.47,18.64,DOCU
2021-06-03 16:00:00-04:00,0.28,0.44,58.64,DOCU
2021-03-11 16:00:00-05:00,0.22,0.37,65.97,DOCU
2020-12-03 16:00:00-05:00,0.13,0.22,63.31,DOCU
2020-09-03 16:00:00-04:00,0.08,0.17,118.59,DOCU
2020-06-04 16:00:00-04:00,0.1,0.12,18.42,DOCU
2020-03-12 16:00:00-04:00,0.05,0.12,121.77,DOCU
2019-12-05 16:00:00-05:00,0.04,0.11,197.78,DOCU
2019-09-05 16:00:00-04:00,0.04,0.01,-73.37,DOCU
2019-06-06 16:00:00-04:00,0.05,0.07,55.25,DOCU
2019-03-14 16:00:00-04:00,0.01,0.06,1049.43,DOCU
2018-12-06 16:00:00-05:00,-0.02,,100.0,DOCU
2018-09-05 16:00:00-04:00,0.01,0.03,307.61,DOCU
2018-06-07 16:00:00-04:00,-0.07,0.01,115.26,DOCU
2026-11-04 15:00:00-05:00,1.27,,,DVN
2026-08-04 16:00:00-04:00,1.41,1.57,11.26,DVN
2026-05-05 16:00:00-04:00,1.09,1.04,-4.91,DVN
2026-02-17 16:00:00-05:00,0.83,0.82,-0.81,DVN
2025-11-05 16:00:00-05:00,0.94,1.04,10.56,DVN
2025-08-05 16:00:00-04:00,0.86,0.84,-2.84,DVN
2025-05-06 16:00:00-04:00,1.23,1.21,-1.46,DVN
2025-02-18 16:00:00-05:00,1.0,1.16,15.69,DVN
2024-11-05 16:00:00-05:00,1.1,1.1,0.39,DVN
2024-08-06 16:00:00-04:00,1.27,1.41,11.25,DVN
2024-05-01 16:00:00-04:00,1.11,1.16,4.17,DVN
2024-02-27 16:00:00-05:00,1.4,1.41,0.51,DVN
2023-11-07 16:00:00-05:00,1.55,1.65,6.15,DVN
2023-08-01 16:00:00-04:00,1.19,1.18,-0.72,DVN
2023-05-09 12:00:00-04:00,1.4,1.46,4.26,DVN
2023-02-14 16:00:00-05:00,1.75,1.66,-5.32,DVN
2022-11-01 16:00:00-04:00,2.13,2.18,2.38,DVN
2022-08-01 15:00:00-04:00,2.37,2.59,9.12,DVN
2022-05-02 16:00:00-04:00,1.76,1.88,6.98,DVN
2022-02-15 16:00:00-05:00,1.24,1.39,12.23,DVN
2021-11-02 16:00:00-04:00,0.93,1.08,16.47,DVN
2021-08-03 16:00:00-04:00,0.53,0.6,13.7,DVN
2021-05-04 16:00:00-04:00,0.32,0.45,40.28,DVN
2021-02-16 16:00:00-05:00,0.03,,-100.0,DVN
2020-10-29 17:00:00-04:00,-0.1,-0.07,32.91,DVN
2020-08-04 17:00:00-04:00,-0.26,-0.18,31.98,DVN
2020-05-05 17:00:00-04:00,-0.2,0.13,166.5,DVN
2020-02-18 16:00:00-05:00,0.33,0.33,0.47,DVN
2019-11-05 16:00:00-05:00,0.2,0.26,28.62,DVN
2019-08-06 16:00:00-04:00,0.37,0.43,16.32,DVN
2019-04-30 17:00:00-04:00,0.28,0.36,26.56,DVN
2019-02-19 16:00:00-05:00,0.32,0.1,-68.83,DVN
2018-11-06 16:00:00-05:00,0.43,0.63,47.88,DVN
2018-07-31 16:00:00-04:00,0.36,0.34,-5.63,DVN
2018-05-01 16:00:00-04:00,0.21,0.2,-3.49,DVN
2018-02-21 00:00:00-05:00,0.62,0.63,1.46,DVN
2017-10-31 16:00:00-04:00,0.38,0.46,20.32,DVN
2017-08-01 16:00:00-04:00,0.32,0.34,4.73,DVN
2017-05-02 16:00:00-04:00,0.4,0.41,2.25,DVN
2017-02-14 16:00:00-05:00,0.2,0.25,23.95,DVN
2016-11-01 16:00:00-04:00,0.06,0.09,45.99,DVN
2016-08-02 16:00:00-04:00,-0.2,0.06,130.38,DVN
2016-05-03 03:00:00-04:00,-0.61,-0.53,13.19,DVN
2016-02-16 16:00:00-05:00,0.7,0.77,9.58,DVN
2015-11-03 16:00:00-05:00,0.52,0.76,46.66,DVN
2015-08-04 16:00:00-04:00,0.43,0.78,81.42,DVN
2015-05-05 16:00:00-04:00,0.25,0.22,-12.66,DVN
2015-02-17 16:00:00-05:00,1.04,0.83,-20.5,DVN
2014-11-04 16:00:00-05:00,1.23,1.34,9.0,DVN
2014-08-06 08:00:00-04:00,1.4,1.4,0.14,DVN
2014-05-07 08:00:00-04:00,1.27,1.34,5.59,DVN
2014-02-19 08:00:00-05:00,1.06,1.1,3.83,DVN
2013-11-06 08:00:00-05:00,1.21,1.29,6.92,DVN
2013-08-07 07:00:00-04:00,0.94,1.21,28.39,DVN
2013-05-01 08:00:00-04:00,0.56,0.66,17.36,DVN
2013-02-20 08:00:00-05:00,0.75,0.78,3.61,DVN
2012-11-07 08:00:00-05:00,0.69,0.88,26.97,DVN
2012-08-01 08:00:00-04:00,0.83,0.55,-33.75,DVN
2012-05-02 07:00:00-04:00,1.43,1.05,-26.33,DVN
2012-02-15 08:00:00-05:00,1.47,1.55,5.47,DVN
2011-11-02 07:00:00-04:00,1.48,1.54,3.94,DVN
2011-08-03 07:00:00-04:00,1.53,1.71,11.73,DVN
2011-05-04 07:00:00-04:00,1.32,1.34,1.16,DVN
2011-02-16 06:00:00-05:00,1.4,1.57,11.91,DVN
2010-11-03 08:00:00-04:00,1.3,1.44,11.06,DVN
2010-08-04 08:00:00-04:00,1.41,1.53,8.69,DVN
2010-05-05 06:00:00-04:00,1.42,1.85,30.7,DVN
2010-02-17 07:00:00-05:00,1.22,1.33,8.98,DVN
2009-11-04 07:00:00-05:00,0.9,1.1,22.28,DVN
2009-08-05 06:00:00-04:00,0.59,0.85,44.66,DVN
2009-05-06 06:00:00-04:00,0.29,0.48,63.04,DVN
2009-02-04 07:00:00-05:00,1.08,0.67,-37.93,DVN
2008-11-05 07:00:00-05:00,3.06,3.06,0.03,DVN
2008-08-06 06:00:00-04:00,3.29,3.29,0.14,DVN
2008-05-07 06:00:00-04:00,2.33,2.52,7.94,DVN
2008-02-06 06:00:00-05:00,1.9,2.16,13.81,DVN
2007-11-07 06:00:00-05:00,1.4,1.35,-3.49,DVN
2007-08-01 06:00:00-04:00,1.46,1.7,16.06,DVN
2007-05-02 06:00:00-04:00,1.25,1.44,15.15,DVN
2007-02-07 06:00:00-05:00,1.36,1.36,-0.2,DVN
2006-11-01 06:00:00-05:00,1.52,1.66,9.24,DVN
2006-08-02 06:00:00-04:00,1.56,1.57,0.36,DVN
2006-05-03 06:00:00-04:00,1.77,1.76,-0.33,DVN
2006-01-31 20:00:00-05:00,2.3,2.33,1.47,DVN
2005-11-02 08:00:00-05:00,1.75,1.9,8.82,DVN
2005-08-03 06:00:00-04:00,1.26,1.38,9.83,DVN
2005-05-04 07:00:00-04:00,1.24,1.12,-9.98,DVN
2005-02-02 07:00:00-05:00,1.22,1.31,7.05,DVN
2004-11-04 07:00:00-05:00,0.97,1.03,7.23,DVN
2004-08-05 07:00:00-04:00,1.0,1.01,0.72,DVN
2004-05-06 07:00:00-04:00,0.92,1.0,9.48,DVN
2004-02-05 08:00:00-05:00,0.74,0.8,8.53,DVN
2003-11-06 08:00:00-05:00,0.72,0.86,18.64,DVN
2003-08-06 06:00:00-04:00,0.75,0.78,4.28,DVN
2003-05-08 08:00:00-04:00,1.11,1.23,10.06,DVN
2003-02-06 08:00:00-05:00,0.55,0.71,28.08,DVN
2002-11-07 08:00:00-05:00,0.33,0.34,0.6,DVN
2002-08-01 08:00:00-04:00,0.42,0.44,3.77,DVN
2002-05-02 08:00:00-04:00,0.12,0.24,106.58,DVN
2002-02-06 08:00:00-05:00,0.06,0.12,101.75,DVN
2026-11-04 15:00:00-05:00,1.41,,,EBAY
2026-08-05 16:00:00-04:00,1.51,1.6,6.24,EBAY
2026-04-29 16:00:00-04:00,1.58,1.66,5.03,EBAY
2026-02-18 16:00:00-05:00,1.35,1.41,4.44,EBAY
2025-10-29 16:00:00-04:00,1.33,1.36,1.9,EBAY
2025-07-30 16:00:00-04:00,1.3,1.37,5.63,EBAY
2025-04-30 16:00:00-04:00,1.34,1.38,3.19,EBAY
2025-02-26 16:00:00-05:00,1.2,1.25,4.26,EBAY
2024-10-30 16:00:00-04:00,1.18,1.19,0.84,EBAY
2024-07-31 16:00:00-04:00,1.12,1.18,4.94,EBAY
2024-05-01 16:00:00-04:00,1.2,1.25,3.98,EBAY
2024-02-27 16:00:00-05:00,1.03,1.07,3.94,EBAY
2023-11-07 16:00:00-05:00,1.0,1.03,3.11,EBAY
2023-07-26 16:00:00-04:00,0.99,1.03,3.58,EBAY
2023-04-26 16:00:00-04:00,1.07,1.11,3.56,EBAY
2023-02-22 16:00:00-05:00,1.06,1.07,0.64,EBAY
2022-11-02 16:00:00-04:00,0.93,1.0,7.8,EBAY
2022-08-03 16:00:00-04:00,0.89,0.99,10.93,EBAY
2022-05-04 16:00:00-04:00,1.03,1.05,1.45,EBAY
2022-02-23 16:00:00-05:00,0.99,1.05,5.69,EBAY
2021-10-27 16:00:00-04:00,0.88,0.9,1.82,EBAY
2021-08-11 16:00:00-04:00,0.96,0.99,2.63,EBAY
2021-04-28 16:00:00-04:00,1.07,1.09,2.13,EBAY
2021-02-03 16:00:00-05:00,0.83,0.86,3.38,EBAY
2020-10-28 16:00:00-04:00,0.82,0.85,4.25,EBAY
2020-07-28 16:00:00-04:00,1.06,1.08,2.24,EBAY
2020-04-29 17:00:00-04:00,0.72,0.77,7.16,EBAY
2020-01-28 16:00:00-05:00,0.75,0.81,7.3,EBAY
2019-10-23 16:00:00-04:00,0.64,0.67,4.31,EBAY
2019-07-17 16:00:00-04:00,0.62,0.68,9.07,EBAY
2019-04-23 16:00:00-04:00,0.63,0.67,7.08,EBAY
2019-01-29 16:00:00-05:00,0.68,0.71,4.87,EBAY
2018-10-30 17:00:00-04:00,0.54,0.56,3.19,EBAY
2018-07-18 16:00:00-04:00,0.51,0.53,3.48,EBAY
2018-04-25 16:00:00-04:00,0.53,0.53,-0.79,EBAY
2018-01-31 17:00:00-05:00,0.59,0.59,0.43,EBAY
2017-10-18 16:00:00-04:00,0.48,0.48,0.5,EBAY
2017-07-20 16:00:00-04:00,0.45,0.45,0.71,EBAY
2017-04-19 16:00:00-04:00,0.48,0.49,2.41,EBAY
2017-01-25 16:00:00-05:00,0.53,0.54,1.29,EBAY
2016-10-19 16:00:00-04:00,0.44,0.45,2.25,EBAY
2016-07-20 16:00:00-04:00,0.42,0.43,2.04,EBAY
2016-04-26 16:00:00-04:00,0.45,0.47,5.37,EBAY
2016-01-27 16:00:00-05:00,0.5,0.5,0.95,EBAY
2015-10-21 16:00:00-04:00,0.4,0.43,7.3,EBAY
2015-07-16 07:00:00-04:00,0.72,0.72,-0.32,EBAY
2015-04-22 16:00:00-04:00,0.7,0.77,10.19,EBAY
2015-01-21 16:00:00-05:00,0.89,0.9,1.23,EBAY
2014-10-15 16:00:00-04:00,0.67,0.68,2.05,EBAY
2014-07-16 16:00:00-04:00,0.68,0.69,0.9,EBAY
2014-04-29 16:00:00-04:00,0.67,0.7,4.78,EBAY
2014-01-22 16:00:00-05:00,0.8,0.81,0.78,EBAY
2013-10-16 16:00:00-04:00,0.63,0.64,2.3,EBAY
2013-07-17 16:00:00-04:00,0.63,0.63,0.03,EBAY
2013-04-17 16:00:00-04:00,0.62,0.63,1.2,EBAY
2013-01-16 16:00:00-05:00,0.69,0.7,0.81,EBAY
2012-10-17 16:00:00-04:00,0.54,0.55,1.2,EBAY
2012-07-18 16:00:00-04:00,0.55,0.56,1.45,EBAY
2012-04-18 16:00:00-04:00,0.52,0.55,6.72,EBAY
2012-01-18 16:00:00-05:00,0.57,0.6,5.29,EBAY
2011-10-19 16:00:00-04:00,0.48,0.48,0.78,EBAY
2011-07-20 16:00:00-04:00,0.46,0.48,3.59,EBAY
2011-04-27 16:00:00-04:00,0.46,0.47,1.77,EBAY
2011-01-19 16:00:00-05:00,0.47,0.52,10.4,EBAY
2010-10-20 16:00:00-04:00,0.37,0.4,7.67,EBAY
2010-07-21 16:00:00-04:00,0.38,0.4,4.79,EBAY
2010-04-21 15:00:00-04:00,0.41,0.42,2.92,EBAY
2010-01-20 16:00:00-05:00,0.4,0.44,9.24,EBAY
2009-10-21 16:00:00-04:00,0.37,0.38,4.04,EBAY
2009-07-22 16:00:00-04:00,0.36,0.37,3.76,EBAY
2009-04-22 16:00:00-04:00,0.34,0.39,16.15,EBAY
2009-01-21 16:00:00-05:00,0.4,0.41,3.18,EBAY
2008-10-15 16:00:00-04:00,0.41,0.46,11.27,EBAY
2008-07-16 04:00:00-04:00,0.41,0.43,4.66,EBAY
2008-04-16 16:00:00-04:00,0.39,0.42,6.6,EBAY
2008-01-23 16:00:00-05:00,0.41,0.45,10.38,EBAY
2007-10-17 16:00:00-04:00,0.33,0.41,24.1,EBAY
2007-07-18 16:00:00-04:00,0.32,0.34,5.52,EBAY
2007-04-18 16:00:00-04:00,0.3,0.33,9.71,EBAY
2007-01-24 16:00:00-05:00,0.28,0.31,10.54,EBAY
2006-10-18 16:00:00-04:00,0.24,0.26,9.43,EBAY
2006-07-19 16:00:00-04:00,0.24,0.24,1.41,EBAY
2006-04-19 16:00:00-04:00,0.24,0.24,1.27,EBAY
2006-01-18 16:00:00-05:00,0.22,0.24,8.6,EBAY
2005-10-19 16:00:00-04:00,0.2,0.2,1.01,EBAY
2005-07-20 16:00:00-04:00,0.18,0.22,20.88,EBAY
2005-04-20 16:00:00-04:00,0.18,0.2,11.11,EBAY
2005-01-19 16:00:00-05:00,0.17,0.17,-2.94,EBAY
2004-10-20 16:00:00-04:00,0.14,0.14,3.7,EBAY
2004-07-21 16:00:00-04:00,0.14,0.14,6.09,EBAY
2004-04-21 16:00:00-04:00,0.13,0.16,18.28,EBAY
2004-01-21 16:00:00-05:00,0.11,0.12,8.83,EBAY
2003-10-16 16:00:00-04:00,0.09,0.09,1.61,EBAY
2003-07-24 16:00:00-04:00,0.09,0.09,3.1,EBAY
2003-04-22 16:00:00-04:00,0.08,0.09,13.92,EBAY
2003-01-16 16:00:00-05:00,0.06,0.07,16.67,EBAY
2002-10-17 16:00:00-04:00,0.05,0.06,11.72,EBAY
2002-07-18 16:00:00-04:00,0.04,0.05,10.78,EBAY
2002-04-18 16:00:00-04:00,0.04,0.05,11.58,EBAY
2002-01-15 16:00:00-05:00,0.03,0.04,9.79,EBAY
2026-10-27 08:00:00-04:00,2.17,,,ECL
2026-07-28 08:00:00-04:00,2.08,2.09,0.48,ECL
2026-04-28 08:00:00-04:00,1.7,1.7,0.17,ECL
2026-02-10 08:00:00-05:00,2.07,2.08,0.65,ECL
2025-10-28 08:00:00-04:00,2.07,2.07,-0.09,ECL
2025-07-29 08:00:00-04:00,1.9,1.89,-0.29,ECL
2025-04-29 08:00:00-04:00,1.5,1.5,0.05,ECL
2025-02-11 08:00:00-05:00,1.8,1.81,0.66,ECL
2024-10-29 08:00:00-04:00,1.82,1.83,0.28,ECL
2024-07-30 08:00:00-04:00,1.67,1.68,0.48,ECL
2024-04-30 07:00:00-04:00,1.33,1.34,0.49,ECL
2024-02-13 08:00:00-05:00,1.54,1.55,0.76,ECL
2023-10-31 08:00:00-04:00,1.52,1.54,1.16,ECL
2023-08-01 08:00:00-04:00,1.21,1.24,2.43,ECL
2023-05-02 08:00:00-04:00,0.86,0.88,2.24,ECL
2023-02-14 08:00:00-05:00,1.25,1.27,1.5,ECL
2022-11-01 08:00:00-04:00,1.3,1.3,-0.23,ECL
2022-07-26 08:00:00-04:00,1.09,1.1,0.89,ECL
2022-04-26 08:00:00-04:00,0.83,0.82,-0.73,ECL
2022-02-15 08:00:00-05:00,1.28,1.28,-0.12,ECL
2021-10-26 08:00:00-04:00,1.3,1.38,6.52,ECL
2021-07-27 08:00:00-04:00,1.22,1.22,0.16,ECL
2021-04-27 08:00:00-04:00,0.81,0.81,-0.57,ECL
2021-02-16 08:00:00-05:00,1.25,1.23,-1.52,ECL
2020-10-27 08:00:00-04:00,1.12,1.15,2.59,ECL
2020-07-28 08:00:00-04:00,0.75,0.65,-13.39,ECL
2020-04-28 09:00:00-04:00,1.06,1.13,6.64,ECL
2020-02-18 08:00:00-05:00,1.7,1.66,-2.61,ECL
2019-10-29 08:00:00-04:00,1.71,1.71,0.17,ECL
2019-07-30 08:00:00-04:00,1.41,1.42,0.53,ECL
2019-04-30 08:00:00-04:00,1.02,1.03,1.39,ECL
2019-02-19 08:00:00-05:00,1.54,1.54,0.03,ECL
2018-10-30 08:00:00-04:00,1.53,1.53,-0.03,ECL
2018-07-31 08:00:00-04:00,1.27,1.27,0.1,ECL
2018-05-01 08:00:00-04:00,0.89,0.91,2.05,ECL
2018-02-20 08:00:00-05:00,1.39,1.39,-0.25,ECL
2017-10-31 08:00:00-04:00,1.36,1.37,1.06,ECL
2017-08-01 08:00:00-04:00,1.12,1.13,0.46,ECL
2017-05-02 08:00:00-04:00,0.81,0.8,-0.82,ECL
2017-02-21 08:00:00-05:00,1.28,1.25,-2.06,ECL
2016-11-01 08:00:00-04:00,1.28,1.28,0.01,ECL
2016-08-02 08:00:00-04:00,1.08,1.08,0.26,ECL
2016-05-03 08:00:00-04:00,0.76,0.77,1.34,ECL
2016-02-23 08:00:00-05:00,1.24,1.22,-1.88,ECL
2015-11-02 08:00:00-05:00,1.28,1.28,-0.32,ECL
2015-07-28 08:00:00-04:00,1.08,1.08,0.05,ECL
2015-04-28 08:00:00-04:00,0.81,0.8,-1.26,ECL
2015-02-24 08:00:00-05:00,1.2,1.2,0.04,ECL
2014-10-28 08:00:00-04:00,1.2,1.21,0.53,ECL
2014-07-29 08:00:00-04:00,1.02,1.03,0.9,ECL
2014-04-28 08:00:00-04:00,0.74,0.74,-0.24,ECL
2014-02-21 08:00:00-05:00,1.05,1.04,-0.64,ECL
2013-10-29 08:00:00-04:00,1.03,1.04,1.11,ECL
2013-07-30 08:00:00-04:00,0.84,0.86,2.04,ECL
2013-04-30 08:00:00-04:00,0.59,0.6,1.42,ECL
2013-02-26 08:00:00-05:00,0.89,0.89,0.08,ECL
2012-10-30 08:00:00-04:00,0.87,0.87,0.47,ECL
2012-07-31 08:00:00-04:00,0.72,0.72,0.39,ECL
2012-05-01 08:00:00-04:00,0.48,0.5,3.96,ECL
2012-02-28 08:00:00-05:00,0.7,0.7,-0.23,ECL
2011-10-25 08:00:00-04:00,0.75,0.75,0.45,ECL
2011-07-27 08:00:00-04:00,0.64,0.64,0.59,ECL
2011-04-26 09:00:00-04:00,0.44,0.45,2.0,ECL
2011-02-17 08:00:00-05:00,0.61,0.6,-1.0,ECL
2010-10-26 09:00:00-04:00,0.65,0.66,1.01,ECL
2010-08-05 02:00:00-04:00,0.56,0.55,-2.01,ECL
2010-04-27 07:00:00-04:00,0.39,0.41,4.75,ECL
2010-02-11 08:00:00-05:00,0.56,0.55,-2.48,ECL
2009-10-27 09:00:00-04:00,0.6,0.61,2.4,ECL
2009-07-28 05:00:00-04:00,0.49,0.5,2.46,ECL
2009-04-28 08:00:00-04:00,0.33,0.33,-0.3,ECL
2009-02-12 09:00:00-05:00,0.45,0.45,1.03,ECL
2008-10-23 08:00:00-04:00,0.54,0.55,1.03,ECL
2008-07-24 08:00:00-04:00,0.47,0.47,0.62,ECL
2008-04-24 08:00:00-04:00,0.39,0.39,0.75,ECL
2008-02-12 08:00:00-05:00,0.4,0.4,1.25,ECL
2007-10-22 08:00:00-04:00,0.49,0.49,,ECL
2007-07-24 08:00:00-04:00,0.41,0.42,1.73,ECL
2007-04-24 08:00:00-04:00,0.35,0.35,0.62,ECL
2007-02-12 08:00:00-05:00,0.34,0.34,0.29,ECL
2006-10-20 08:00:00-04:00,0.43,0.43,0.7,ECL
2006-07-25 08:00:00-04:00,0.35,0.36,1.5,ECL
2006-04-21 08:00:00-04:00,0.3,0.3,-0.58,ECL
2006-02-10 08:00:00-05:00,0.32,0.32,0.62,ECL
2005-10-21 08:00:00-04:00,0.4,0.4,1.27,ECL
2005-07-25 08:00:00-04:00,0.33,0.33,1.23,ECL
2005-04-21 08:00:00-04:00,0.28,0.29,2.84,ECL
2005-02-03 09:00:00-05:00,0.28,0.27,-2.53,ECL
2004-10-21 08:00:00-04:00,0.35,0.36,3.75,ECL
2004-07-22 09:00:00-04:00,0.3,0.3,1.69,ECL
2004-04-22 08:00:00-04:00,0.24,0.26,7.0,ECL
2004-02-06 08:00:00-05:00,0.24,0.26,6.56,ECL
2003-10-21 09:00:00-04:00,0.31,0.32,4.23,ECL
2003-07-22 09:00:00-04:00,0.25,0.25,-1.57,ECL
2003-04-22 08:00:00-04:00,0.21,0.21,1.45,ECL
2003-02-18 08:00:00-05:00,0.22,0.23,1.81,ECL
2002-10-22 08:00:00-04:00,0.27,0.28,5.26,ECL
2002-07-23 09:00:00-04:00,0.21,0.23,8.49,ECL
2002-04-23 08:00:00-04:00,0.18,0.19,2.78,ECL
2002-02-14 08:00:00-05:00,0.15,0.15,-1.32,ECL
2026-10-20 08:00:00-04:00,2.22,,,EFX
2026-07-21 06:00:00-04:00,2.2,2.25,2.28,EFX
2026-04-21 06:00:00-04:00,1.7,1.86,9.7,EFX
2026-02-04 06:00:00-05:00,2.05,2.09,1.78,EFX
2025-10-21 06:00:00-04:00,1.94,2.04,5.34,EFX
2025-07-22 06:00:00-04:00,1.92,2.0,4.13,EFX
2025-04-22 06:00:00-04:00,1.4,1.53,8.98,EFX
2025-02-06 06:00:00-05:00,2.1,2.12,1.12,EFX
2024-10-16 16:00:00-04:00,1.83,1.85,0.84,EFX
2024-07-17 16:00:00-04:00,1.73,1.82,5.42,EFX
2024-04-17 16:00:00-04:00,1.43,1.5,4.9,EFX
2024-02-07 16:00:00-05:00,1.75,1.81,3.28,EFX
2023-10-18 16:00:00-04:00,1.77,1.76,-0.58,EFX
2023-07-19 16:00:00-04:00,1.66,1.71,3.01,EFX
2023-04-19 16:00:00-04:00,1.37,1.43,4.73,EFX
2023-02-08 16:00:00-05:00,1.49,1.52,2.01,EFX
2022-10-19 16:00:00-04:00,1.63,1.73,6.41,EFX
2022-07-20 16:00:00-04:00,2.0,2.09,4.38,EFX
2022-04-20 16:00:00-04:00,2.14,2.22,3.79,EFX
2022-02-09 16:00:00-05:00,1.81,1.84,1.64,EFX
2021-10-20 16:00:00-04:00,1.73,1.85,6.98,EFX
2021-07-21 16:00:00-04:00,1.72,1.98,15.44,EFX
2021-04-21 16:00:00-04:00,1.55,1.97,26.97,EFX
2021-02-10 17:00:00-05:00,1.83,2.0,9.32,EFX
2020-10-21 17:00:00-04:00,1.6,1.87,16.98,EFX
2020-07-22 16:00:00-04:00,1.3,1.6,23.13,EFX
2020-04-20 18:00:00-04:00,1.28,1.4,9.54,EFX
2020-02-12 17:00:00-05:00,1.49,1.53,2.41,EFX
2019-10-23 16:00:00-04:00,1.45,1.48,2.23,EFX
2019-07-24 17:00:00-04:00,1.36,1.4,2.92,EFX
2019-05-10 06:00:00-04:00,1.19,1.2,0.48,EFX
2019-02-20 16:00:00-05:00,1.32,1.38,4.45,EFX
2018-10-24 16:00:00-04:00,1.42,1.41,-0.95,EFX
2018-07-25 16:00:00-04:00,1.54,1.56,1.06,EFX
2018-04-25 16:00:00-04:00,1.37,1.43,4.57,EFX
2018-03-01 16:00:00-05:00,1.35,1.39,2.76,EFX
2017-11-09 16:00:00-05:00,1.49,1.53,2.59,EFX
2017-07-26 16:00:00-04:00,1.57,1.6,1.85,EFX
2017-04-26 16:00:00-04:00,1.41,1.44,2.44,EFX
2017-02-08 16:00:00-05:00,1.37,1.42,3.43,EFX
2016-10-26 16:00:00-04:00,1.36,1.44,6.15,EFX
2016-07-27 16:00:00-04:00,1.36,1.43,5.25,EFX
2016-04-27 16:00:00-04:00,1.15,1.23,6.63,EFX
2016-02-10 16:00:00-05:00,1.11,1.14,2.5,EFX
2015-10-21 16:00:00-04:00,1.1,1.14,3.84,EFX
2015-07-22 16:00:00-04:00,1.1,1.15,4.15,EFX
2015-04-22 16:00:00-04:00,1.02,1.07,4.61,EFX
2015-02-11 16:00:00-05:00,1.01,1.02,0.66,EFX
2014-10-22 16:00:00-04:00,0.98,1.01,2.62,EFX
2014-07-23 16:00:00-04:00,0.94,0.96,1.73,EFX
2014-04-23 16:00:00-04:00,0.87,0.89,2.59,EFX
2014-02-13 16:00:00-05:00,0.91,0.91,-0.11,EFX
2013-10-23 20:00:00-04:00,0.89,0.9,1.15,EFX
2013-07-24 16:00:00-04:00,0.9,0.92,2.36,EFX
2013-04-24 16:00:00-04:00,0.87,0.87,0.29,EFX
2013-02-06 16:00:00-05:00,0.74,0.78,5.2,EFX
2012-10-24 16:00:00-04:00,0.73,0.75,2.52,EFX
2012-07-25 16:00:00-04:00,0.72,0.74,2.9,EFX
2012-04-25 16:00:00-04:00,0.65,0.7,7.28,EFX
2012-02-08 16:00:00-05:00,0.66,0.68,2.64,EFX
2011-10-26 16:00:00-04:00,0.62,0.65,4.07,EFX
2011-07-27 16:00:00-04:00,0.59,0.61,3.24,EFX
2011-04-27 16:00:00-04:00,0.57,0.58,0.94,EFX
2011-02-09 16:00:00-05:00,0.58,0.62,6.29,EFX
2010-10-27 16:00:00-04:00,0.58,0.6,3.81,EFX
2010-07-28 16:00:00-04:00,0.57,0.58,2.27,EFX
2010-04-28 16:00:00-04:00,0.56,0.56,0.72,EFX
2010-02-03 16:00:00-05:00,0.45,0.47,3.75,EFX
2009-10-21 16:00:00-04:00,0.45,0.47,5.62,EFX
2009-07-22 16:00:00-04:00,0.47,0.47,,EFX
2009-04-22 16:00:00-04:00,0.43,0.47,10.07,EFX
2009-02-04 16:00:00-05:00,0.48,0.5,4.17,EFX
2008-10-20 16:00:00-04:00,0.51,0.53,3.11,EFX
2008-07-21 17:00:00-04:00,0.5,0.54,7.14,EFX
2008-04-20 23:00:00-04:00,0.47,0.5,6.38,EFX
2008-02-04 17:00:00-05:00,0.48,0.49,1.85,EFX
2007-10-22 17:00:00-04:00,0.48,0.48,-0.46,EFX
2007-07-23 17:00:00-04:00,0.49,0.51,3.24,EFX
2007-04-23 16:00:00-04:00,0.53,0.54,2.08,EFX
2007-01-31 17:00:00-05:00,0.52,0.53,2.91,EFX
2006-10-18 17:00:00-04:00,0.51,0.52,1.17,EFX
2006-07-20 06:00:00-04:00,0.5,0.51,2.82,EFX
2006-04-20 06:00:00-04:00,0.46,0.48,4.35,EFX
2006-02-02 06:00:00-05:00,0.47,0.46,-1.5,EFX
2005-10-20 06:00:00-04:00,0.45,0.45,0.22,EFX
2005-07-21 06:00:00-04:00,0.44,0.45,2.04,EFX
2005-04-21 06:00:00-04:00,0.41,0.43,4.37,EFX
2005-02-03 06:00:00-05:00,0.42,0.42,0.72,EFX
2004-10-21 06:00:00-04:00,0.41,0.4,-3.38,EFX
2004-07-22 06:00:00-04:00,0.39,0.41,4.59,EFX
2004-04-22 07:00:00-04:00,0.37,0.38,3.54,EFX
2004-01-22 07:00:00-05:00,0.4,0.4,1.01,EFX
2003-10-16 06:00:00-04:00,0.39,0.39,0.78,EFX
2003-07-17 06:00:00-04:00,0.36,0.36,-1.1,EFX
2003-04-24 06:00:00-04:00,0.33,0.33,-1.2,EFX
2003-01-23 07:00:00-05:00,0.38,0.38,-0.52,EFX
2002-10-17 08:00:00-04:00,0.36,0.36,,EFX
2002-07-18 07:00:00-04:00,0.34,0.34,,EFX
2002-04-18 07:00:00-04:00,0.3,0.3,,EFX
2002-01-24 06:00:00-05:00,0.32,0.32,1.27,EFX
2026-10-21 08:00:00-04:00,4.68,,,ELV
2026-07-15 06:00:00-04:00,6.21,7.45,19.99,ELV
2026-04-22 06:00:00-04:00,10.81,12.58,16.36,ELV
2026-01-28 06:00:00-05:00,3.09,3.33,7.65,ELV
2025-10-21 06:00:00-04:00,4.94,6.03,22.01,ELV
2025-07-17 06:00:00-04:00,8.92,8.84,-0.91,ELV
2025-04-22 06:00:00-04:00,11.48,11.97,4.3,ELV
2025-01-23 06:00:00-05:00,3.85,3.84,-0.29,ELV
2024-10-17 06:00:00-04:00,9.65,8.37,-13.28,ELV
2024-07-17 06:00:00-04:00,10.01,10.12,1.14,ELV
2024-04-18 06:00:00-04:00,10.53,10.64,1.08,ELV
2024-01-24 06:00:00-05:00,5.59,5.62,0.62,ELV
2023-10-18 06:00:00-04:00,8.46,8.99,6.27,ELV
2023-07-19 06:00:00-04:00,8.78,9.04,2.95,ELV
2023-04-19 06:00:00-04:00,9.28,9.46,1.97,ELV
2023-01-25 06:00:00-05:00,5.19,5.23,0.75,ELV
2022-10-19 06:00:00-04:00,7.15,7.53,5.29,ELV
2022-07-20 06:00:00-04:00,7.74,8.04,3.84,ELV
2022-04-20 06:00:00-04:00,7.83,8.25,5.4,ELV
2022-01-26 06:00:00-05:00,5.12,5.14,0.48,ELV
2021-10-20 06:00:00-04:00,6.37,6.79,6.65,ELV
2021-07-21 06:00:00-04:00,6.34,7.03,10.86,ELV
2021-04-21 06:00:00-04:00,6.47,7.01,8.34,ELV
2021-01-27 06:00:00-05:00,2.53,2.54,0.53,ELV
2020-10-28 06:00:00-04:00,4.18,4.2,0.55,ELV
2020-07-29 06:00:00-04:00,8.58,9.2,7.27,ELV
2020-04-29 06:00:00-04:00,6.44,6.48,0.6,ELV
2020-01-29 06:00:00-05:00,3.89,3.88,-0.13,ELV
2019-10-23 06:00:00-04:00,4.82,4.87,1.07,ELV
2019-07-24 06:00:00-04:00,4.62,4.64,0.45,ELV
2019-04-24 06:00:00-04:00,5.9,6.03,2.27,ELV
2019-01-30 06:00:00-05:00,2.2,2.44,10.79,ELV
2018-10-31 06:00:00-04:00,3.7,3.81,2.87,ELV
2018-07-25 06:00:00-04:00,4.18,4.25,1.75,ELV
2018-04-25 06:00:00-04:00,4.89,5.41,10.57,ELV
2018-01-31 06:00:00-05:00,1.27,1.29,1.57,ELV
2017-10-25 06:00:00-04:00,2.4,2.65,10.27,ELV
2017-07-26 06:00:00-04:00,3.24,3.37,4.06,ELV
2017-04-26 06:00:00-04:00,3.81,4.68,22.78,ELV
2017-02-01 06:00:00-05:00,1.76,1.76,-0.14,ELV
2016-11-02 06:00:00-04:00,2.46,2.45,-0.25,ELV
2016-07-27 06:00:00-04:00,3.23,3.33,2.96,ELV
2016-04-27 06:00:00-04:00,3.34,3.46,3.49,ELV
2016-01-27 06:00:00-05:00,1.17,1.14,-2.76,ELV
2015-10-28 06:00:00-04:00,2.32,2.73,17.67,ELV
2015-07-29 06:00:00-04:00,2.78,3.1,11.66,ELV
2015-04-29 06:00:00-04:00,2.69,3.14,16.82,ELV
2015-01-28 06:00:00-05:00,1.74,1.73,-0.34,ELV
2014-10-29 06:00:00-04:00,2.27,2.36,3.95,ELV
2014-07-30 05:00:00-04:00,2.26,2.44,7.85,ELV
2014-04-30 06:00:00-04:00,2.12,2.3,8.47,ELV
2014-01-29 06:00:00-05:00,0.87,0.87,0.15,ELV
2013-10-23 06:00:00-04:00,1.85,2.1,13.81,ELV
2013-07-24 06:00:00-04:00,2.11,2.6,23.46,ELV
2013-04-24 06:00:00-04:00,2.38,2.94,23.77,ELV
2013-01-23 06:00:00-05:00,0.94,1.03,9.66,ELV
2012-11-07 06:00:00-05:00,1.85,2.09,13.22,ELV
2012-07-25 06:00:00-04:00,2.07,2.04,-1.45,ELV
2012-04-25 06:00:00-04:00,2.26,2.34,3.41,ELV
2012-01-25 06:00:00-05:00,1.13,0.99,-12.03,ELV
2011-10-26 06:00:00-04:00,1.69,1.77,4.91,ELV
2011-07-27 06:00:00-04:00,1.8,1.83,1.68,ELV
2011-04-27 06:00:00-04:00,1.88,2.35,24.89,ELV
2011-01-26 06:00:00-05:00,1.22,1.33,8.76,ELV
2010-11-03 06:00:00-04:00,1.58,1.74,9.87,ELV
2010-07-28 07:00:00-04:00,1.55,1.67,7.69,ELV
2010-04-28 06:00:00-04:00,1.64,1.95,19.16,ELV
2010-01-27 06:00:00-05:00,1.03,1.16,13.08,ELV
2009-10-28 06:00:00-04:00,1.39,1.78,28.03,ELV
2009-07-29 06:00:00-04:00,1.43,1.5,4.7,ELV
2009-04-22 06:00:00-04:00,1.25,1.62,29.21,ELV
2009-01-28 06:00:00-05:00,1.36,1.34,-1.81,ELV
2008-10-22 06:00:00-04:00,1.5,1.58,5.64,ELV
2008-07-23 06:00:00-04:00,1.36,1.44,5.83,ELV
2008-04-23 06:00:00-04:00,1.18,1.07,-9.54,ELV
2008-01-23 06:00:00-05:00,1.5,1.51,0.43,ELV
2007-10-24 06:00:00-04:00,1.44,1.44,,ELV
2007-07-25 06:00:00-04:00,1.35,1.35,-0.33,ELV
2007-04-25 06:00:00-04:00,1.26,1.26,0.34,ELV
2007-01-24 06:00:00-05:00,1.27,1.27,0.11,ELV
2006-10-25 06:00:00-04:00,1.23,1.24,1.14,ELV
2006-07-26 06:00:00-04:00,1.14,1.18,3.1,ELV
2006-04-26 06:00:00-04:00,1.07,1.1,2.63,ELV
2006-01-25 06:00:00-05:00,1.09,1.05,-3.46,ELV
2005-10-26 06:00:00-04:00,1.07,1.02,-5.04,ELV
2005-07-27 06:00:00-04:00,1.31,1.0,-23.63,ELV
2005-04-27 06:00:00-04:00,0.91,0.94,2.84,ELV
2005-02-07 06:00:00-05:00,0.82,0.85,3.28,ELV
2004-10-27 06:00:00-04:00,0.83,0.84,1.02,ELV
2004-07-27 06:00:00-04:00,0.82,0.83,1.02,ELV
2004-04-28 06:00:00-04:00,0.73,0.81,9.97,ELV
2004-01-29 06:00:00-05:00,0.69,0.72,3.65,ELV
2003-10-27 06:00:00-05:00,0.66,0.68,1.81,ELV
2003-07-31 06:00:00-04:00,0.62,0.65,4.5,ELV
2003-04-30 06:00:00-04:00,0.59,0.59,,ELV
2003-02-02 20:00:00-05:00,0.55,0.56,2.19,ELV
2002-11-04 06:00:00-05:00,0.5,0.53,6.06,ELV
2002-08-05 06:00:00-04:00,0.49,0.5,1.64,ELV
2002-04-29 04:00:00-04:00,0.4,0.47,15.1,ELV
2002-02-06 06:00:00-05:00,0.45,0.48,6.37,ELV
2026-10-27 16:00:00-04:00,0.5,,,ENPH
2026-07-28 16:00:00-04:00,0.46,0.46,-0.76,ENPH
2026-04-28 16:00:00-04:00,0.45,0.47,5.46,ENPH
2026-02-03 16:00:00-05:00,0.58,0.71,21.42,ENPH
2025-10-28 16:00:00-04:00,0.66,0.9,37.21,ENPH
2025-07-22 16:00:00-04:00,0.62,0.69,10.8,ENPH
2025-04-22 16:00:00-04:00,0.72,0.68,-5.96,ENPH
2025-02-04 16:00:00-05:00,0.75,0.94,24.73,ENPH
2024-10-22 16:00:00-04:00,0.78,0.65,-16.78,ENPH
2024-07-23 16:00:00-04:00,0.48,0.43,-9.58,ENPH
2024-04-23 16:00:00-04:00,0.39,0.35,-10.23,ENPH
2024-02-06 16:00:00-05:00,0.55,0.54,-2.17,ENPH
2023-10-26 16:00:00-04:00,1.0,1.02,1.66,ENPH
2023-07-27 16:00:00-04:00,1.27,1.47,15.95,ENPH
2023-04-25 16:00:00-04:00,1.22,1.37,12.21,ENPH
2023-02-07 16:00:00-05:00,1.26,1.51,19.9,ENPH
2022-10-25 16:00:00-04:00,1.09,1.25,14.54,ENPH
2022-07-26 16:00:00-04:00,0.85,1.07,25.74,ENPH
2022-04-26 16:00:00-04:00,0.69,0.79,15.33,ENPH
2022-02-08 16:00:00-05:00,0.59,0.73,22.84,ENPH
2021-10-26 16:00:00-04:00,0.49,0.6,22.11,ENPH
2021-07-27 16:00:00-04:00,0.42,0.53,25.74,ENPH
2021-04-27 16:00:00-04:00,0.44,0.56,26.59,ENPH
2021-02-09 16:00:00-05:00,0.4,0.51,26.63,ENPH
2020-10-27 16:00:00-04:00,0.24,0.3,26.83,ENPH
2020-08-04 16:00:00-04:00,0.14,0.17,22.46,ENPH
2020-05-05 16:00:00-04:00,0.32,0.38,18.19,ENPH
2020-02-18 16:00:00-05:00,0.33,0.39,17.75,ENPH
2019-10-29 16:00:00-04:00,0.25,0.3,19.01,ENPH
2019-07-30 16:00:00-04:00,0.13,0.18,40.94,ENPH
2019-04-30 16:00:00-04:00,0.05,0.08,68.42,ENPH
2019-02-26 16:00:00-05:00,0.06,0.04,-31.03,ENPH
2018-11-06 16:00:00-05:00,0.04,0.04,11.11,ENPH
2018-07-31 16:00:00-04:00,0.01,0.02,140.1,ENPH
2018-05-01 16:00:00-04:00,-0.04,-0.01,71.43,ENPH
2018-02-27 16:00:00-05:00,,0.01,300.0,ENPH
2017-11-07 16:00:00-05:00,-0.05,-0.01,78.57,ENPH
2017-08-08 16:00:00-04:00,-0.07,-0.08,-6.67,ENPH
2017-05-10 15:00:00-04:00,-0.15,-0.18,-17.39,ENPH
2017-02-28 16:00:00-05:00,-0.12,-0.15,-20.39,ENPH
2016-11-01 16:00:00-04:00,-0.24,-0.28,-15.55,ENPH
2016-08-02 16:00:00-04:00,-0.29,-0.3,-2.86,ENPH
2016-05-04 16:00:00-04:00,-0.33,-0.34,-4.62,ENPH
2016-02-23 16:00:00-05:00,-0.22,-0.25,-12.49,ENPH
2015-11-03 16:00:00-05:00,0.02,0.08,373.09,ENPH
2015-08-04 16:00:00-04:00,0.01,0.06,669.23,ENPH
2015-05-06 08:00:00-04:00,-0.08,-0.07,7.21,ENPH
2015-02-17 16:00:00-05:00,0.03,0.07,146.57,ENPH
2014-11-04 16:00:00-05:00,0.07,0.08,18.12,ENPH
2014-08-05 16:00:00-04:00,-0.02,-0.01,55.71,ENPH
2014-05-06 16:00:00-04:00,-0.13,-0.1,22.9,ENPH
2014-02-18 16:00:00-05:00,-0.03,-0.02,22.03,ENPH
2013-11-05 16:00:00-05:00,-0.1,-0.09,5.64,ENPH
2013-08-06 16:00:00-04:00,-0.12,-0.12,-0.66,ENPH
2013-05-07 16:00:00-04:00,-0.23,-0.21,6.91,ENPH
2013-02-26 16:00:00-05:00,-0.19,-0.12,38.14,ENPH
2012-11-07 16:00:00-05:00,-0.21,-0.18,16.17,ENPH
2012-08-07 16:00:00-04:00,-0.33,-0.19,41.55,ENPH
2012-05-10 16:00:00-04:00,-0.37,-5.38,-1356.34,ENPH
2026-11-05 15:00:00-05:00,4.3,,,EOG
2026-08-04 16:00:00-04:00,4.97,5.07,2.1,EOG
2026-05-05 16:00:00-04:00,3.21,3.41,6.22,EOG
2026-02-24 16:00:00-05:00,2.2,2.27,3.38,EOG
2025-11-06 16:00:00-05:00,2.45,2.71,10.77,EOG
2025-08-07 16:00:00-04:00,2.2,2.32,5.23,EOG
2025-05-01 16:00:00-04:00,2.77,2.87,3.54,EOG
2025-02-27 16:00:00-05:00,2.57,2.74,6.79,EOG
2024-11-07 16:00:00-05:00,2.77,2.89,4.19,EOG
2024-08-01 16:00:00-04:00,2.95,3.16,7.04,EOG
2024-05-02 16:00:00-04:00,2.7,2.82,4.38,EOG
2024-02-22 16:00:00-05:00,3.11,3.07,-1.42,EOG
2023-11-02 16:00:00-04:00,2.99,3.44,15.1,EOG
2023-08-03 16:00:00-04:00,2.33,2.49,6.82,EOG
2023-05-04 16:00:00-04:00,2.49,2.69,8.08,EOG
2023-02-23 16:00:00-05:00,3.4,3.3,-3.04,EOG
2022-11-03 16:00:00-04:00,3.75,3.71,-1.05,EOG
2022-08-04 16:00:00-04:00,2.79,2.74,-1.8,EOG
2022-05-05 16:00:00-04:00,3.69,4.0,8.49,EOG
2022-02-24 16:00:00-05:00,3.17,3.09,-2.56,EOG
2021-11-04 16:00:00-04:00,2.04,2.16,5.68,EOG
2021-08-04 16:00:00-04:00,1.55,1.73,11.48,EOG
2021-05-06 16:00:00-04:00,1.51,1.62,7.11,EOG
2021-02-25 16:00:00-05:00,0.36,0.71,95.17,EOG
2020-11-05 16:00:00-05:00,0.18,0.43,133.82,EOG
2020-08-06 16:00:00-04:00,-0.08,-0.23,-189.78,EOG
2020-05-07 17:00:00-04:00,0.66,0.55,-16.16,EOG
2020-02-27 16:00:00-05:00,1.19,1.35,13.15,EOG
2019-11-06 16:00:00-05:00,1.15,1.13,-1.77,EOG
2019-08-01 16:00:00-04:00,1.32,1.31,-0.84,EOG
2019-05-02 16:00:00-04:00,1.02,1.19,16.38,EOG
2019-02-26 16:00:00-05:00,1.35,1.24,-8.38,EOG
2018-11-01 16:00:00-04:00,1.53,1.75,14.58,EOG
2018-08-02 16:00:00-04:00,1.24,1.37,10.58,EOG
2018-05-03 16:00:00-04:00,1.01,1.19,17.92,EOG
2018-02-27 16:00:00-05:00,0.54,0.69,26.9,EOG
2017-11-02 16:00:00-04:00,0.11,0.19,73.17,EOG
2017-08-01 16:00:00-04:00,0.11,0.08,-29.38,EOG
2017-05-08 16:00:00-04:00,0.15,0.15,2.19,EOG
2017-02-27 16:00:00-05:00,-0.15,-0.01,93.15,EOG
2016-11-03 16:00:00-04:00,-0.31,-0.4,-28.33,EOG
2016-08-04 16:00:00-04:00,-0.48,-0.38,21.42,EOG
2016-05-05 16:00:00-04:00,-0.84,-0.83,0.77,EOG
2016-02-25 16:00:00-05:00,-0.31,-0.27,12.72,EOG
2015-11-05 16:00:00-05:00,-0.3,0.02,106.76,EOG
2015-08-06 16:00:00-04:00,0.11,0.28,166.44,EOG
2015-05-04 16:00:00-04:00,,0.03,4587.5,EOG
2015-02-18 17:00:00-05:00,1.0,0.79,-20.97,EOG
2014-11-04 17:00:00-05:00,1.28,1.31,2.09,EOG
2014-08-05 17:00:00-04:00,1.36,1.45,6.46,EOG
2014-05-05 18:00:00-04:00,1.19,1.4,17.55,EOG
2014-02-24 17:00:00-05:00,0.97,1.0,2.72,EOG
2013-11-06 17:00:00-05:00,1.03,1.16,12.28,EOG
2013-08-06 17:00:00-04:00,0.87,1.05,21.3,EOG
2013-05-06 17:00:00-04:00,0.59,0.9,52.79,EOG
2013-02-13 17:00:00-05:00,0.69,0.81,16.95,EOG
2012-11-05 17:00:00-05:00,0.56,0.87,54.9,EOG
2012-08-02 17:00:00-04:00,0.46,0.58,25.35,EOG
2012-05-08 17:00:00-04:00,0.57,0.59,1.91,EOG
2012-02-16 17:00:00-05:00,0.44,0.57,31.52,EOG
2011-11-01 13:00:00-04:00,0.39,0.42,6.69,EOG
2011-08-04 13:00:00-04:00,0.4,0.56,38.65,EOG
2011-05-05 18:00:00-04:00,0.27,0.34,25.99,EOG
2011-02-17 18:00:00-05:00,0.15,0.18,23.33,EOG
2010-11-02 17:00:00-04:00,0.11,0.09,-20.35,EOG
2010-08-05 16:00:00-04:00,0.14,0.09,-34.03,EOG
2010-05-03 17:00:00-04:00,0.26,0.23,-12.74,EOG
2010-02-09 18:00:00-05:00,0.49,0.46,-5.88,EOG
2009-11-05 17:00:00-05:00,0.33,0.41,22.64,EOG
2009-08-06 17:00:00-04:00,0.21,0.37,74.67,EOG
2009-05-04 16:00:00-04:00,0.3,0.27,-11.22,EOG
2009-02-04 17:00:00-05:00,0.52,0.37,-28.22,EOG
2008-11-03 16:00:00-05:00,1.12,1.17,4.92,EOG
2008-07-29 16:00:00-04:00,1.18,1.26,6.95,EOG
2008-05-01 16:00:00-04:00,0.82,0.95,15.34,EOG
2008-02-07 16:00:00-05:00,0.55,0.65,17.36,EOG
2007-10-29 16:00:00-04:00,0.4,0.4,-2.2,EOG
2007-08-02 17:00:00-04:00,0.53,0.59,10.7,EOG
2007-04-30 16:00:00-04:00,0.51,0.56,8.0,EOG
2007-02-01 08:00:00-05:00,0.49,0.51,4.34,EOG
2006-10-30 16:00:00-05:00,0.53,0.56,5.62,EOG
2006-07-31 16:00:00-04:00,0.54,0.58,7.98,EOG
2006-05-04 16:00:00-04:00,0.64,0.77,19.92,EOG
2006-02-01 16:00:00-05:00,0.94,0.99,4.73,EOG
2005-11-01 16:00:00-05:00,0.69,0.7,0.77,EOG
2005-07-26 16:00:00-04:00,0.45,0.49,9.5,EOG
2005-04-26 16:00:00-04:00,0.42,0.43,3.41,EOG
2005-02-02 16:00:00-05:00,0.36,0.4,10.56,EOG
2004-10-26 16:00:00-04:00,0.25,0.28,11.55,EOG
2004-08-02 16:00:00-04:00,0.24,0.26,6.85,EOG
2004-05-02 14:00:00-04:00,0.22,0.27,19.6,EOG
2004-02-04 16:00:00-05:00,0.15,0.18,17.96,EOG
2003-11-03 17:00:00-05:00,0.18,0.2,12.81,EOG
2003-08-05 17:00:00-04:00,0.21,0.24,12.89,EOG
2003-05-04 16:00:00-04:00,0.3,0.31,4.78,EOG
2003-02-03 20:00:00-05:00,0.09,0.08,-8.91,EOG
2002-10-21 17:00:00-04:00,0.05,0.06,22.07,EOG
2002-08-12 17:00:00-04:00,0.04,0.05,12.77,EOG
2002-04-29 17:00:00-04:00,-0.01,0.01,165.62,EOG
2002-01-29 19:00:00-05:00,,,-400.0,EOG
2026-11-03 07:00:00-05:00,3.54,,,ETN
2026-07-31 06:00:00-04:00,3.08,3.15,2.39,ETN
2026-05-05 06:00:00-04:00,2.73,2.81,2.9,ETN
2026-02-03 06:00:00-05:00,3.32,3.33,0.34,ETN
2025-11-04 06:00:00-05:00,3.05,3.07,0.51,ETN
2025-08-05 07:00:00-04:00,2.92,2.95,0.95,ETN
2025-05-02 06:00:00-04:00,2.71,2.72,0.55,ETN
2025-01-31 06:00:00-05:00,2.81,2.83,0.72,ETN
2024-10-31 06:00:00-04:00,2.81,2.84,1.18,ETN
2024-08-01 06:00:00-04:00,2.61,2.73,4.5,ETN
2024-04-30 06:00:00-04:00,2.29,2.4,4.86,ETN
2024-02-01 06:00:00-05:00,2.47,2.55,3.21,ETN
2023-10-31 06:00:00-04:00,2.34,2.47,5.71,ETN
2023-08-01 06:00:00-04:00,2.11,2.21,4.68,ETN
2023-05-02 06:00:00-04:00,1.78,1.88,5.34,ETN
2023-02-08 06:00:00-05:00,2.05,2.06,0.58,ETN
2022-11-01 06:00:00-04:00,2.01,2.02,0.56,ETN
2022-08-02 06:00:00-04:00,1.82,1.87,2.76,ETN
2022-05-03 06:00:00-04:00,1.6,1.62,1.43,ETN
2022-02-04 06:00:00-05:00,1.71,1.72,0.37,ETN
2021-11-02 06:00:00-04:00,1.73,1.75,1.28,ETN
2021-08-03 06:00:00-04:00,1.57,1.72,9.25,ETN
2021-05-04 06:00:00-04:00,1.24,1.44,15.78,ETN
2021-02-02 06:00:00-05:00,1.24,1.28,3.3,ETN
2020-11-03 06:00:00-05:00,1.05,1.18,12.9,ETN
2020-07-29 06:00:00-04:00,0.53,0.7,31.96,ETN
2020-04-30 07:00:00-04:00,1.07,1.09,1.57,ETN
2020-02-04 06:00:00-05:00,1.4,1.37,-2.38,ETN
2019-10-29 06:00:00-04:00,1.51,1.52,0.51,ETN
2019-07-30 06:00:00-04:00,1.51,1.53,1.32,ETN
2019-04-30 06:00:00-04:00,1.25,1.26,1.19,ETN
2019-01-31 06:00:00-05:00,1.43,1.46,1.95,ETN
2018-10-30 06:00:00-04:00,1.43,1.43,-0.14,ETN
2018-07-31 06:00:00-04:00,1.32,1.39,4.92,ETN
2018-05-01 06:00:00-04:00,1.07,1.1,3.03,ETN
2018-02-01 06:00:00-05:00,1.24,1.29,3.78,ETN
2017-10-31 06:00:00-04:00,1.25,1.25,-0.16,ETN
2017-08-01 06:00:00-04:00,1.16,1.15,-0.76,ETN
2017-05-02 06:00:00-04:00,0.88,0.96,9.28,ETN
2017-02-02 06:00:00-05:00,1.1,1.12,1.51,ETN
2016-11-01 06:00:00-04:00,1.15,1.15,0.18,ETN
2016-08-02 06:00:00-04:00,1.07,1.07,0.22,ETN
2016-04-29 06:00:00-04:00,0.85,0.88,3.4,ETN
2016-02-03 06:00:00-05:00,1.1,1.17,6.63,ETN
2015-10-30 06:00:00-04:00,0.98,0.97,-0.55,ETN
2015-07-29 06:00:00-04:00,1.13,1.16,2.36,ETN
2015-04-29 06:00:00-04:00,0.98,1.01,2.68,ETN
2015-02-03 06:00:00-05:00,1.2,1.27,5.84,ETN
2014-10-29 06:00:00-04:00,1.23,1.29,4.71,ETN
2014-07-29 06:00:00-04:00,1.11,1.11,-0.38,ETN
2014-04-29 06:00:00-04:00,1.0,1.01,0.81,ETN
2014-02-04 06:00:00-05:00,1.06,1.08,1.8,ETN
2013-10-25 06:00:00-04:00,1.12,1.12,-0.3,ETN
2013-08-02 06:00:00-04:00,1.11,1.09,-1.59,ETN
2013-04-29 06:00:00-04:00,0.79,0.84,6.82,ETN
2013-02-05 06:00:00-05:00,0.95,0.82,-14.08,ETN
2012-10-31 06:00:00-04:00,1.11,1.07,-3.26,ETN
2012-07-23 06:00:00-04:00,1.09,1.15,5.43,ETN
2012-04-23 07:00:00-04:00,0.9,0.92,2.69,ETN
2012-01-26 06:00:00-05:00,1.11,1.08,-2.71,ETN
2011-10-24 06:00:00-04:00,1.08,1.08,-0.43,ETN
2011-07-25 06:00:00-04:00,0.95,0.97,1.91,ETN
2011-04-20 06:00:00-04:00,0.8,0.84,4.75,ETN
2011-01-27 06:00:00-05:00,0.83,0.85,1.76,ETN
2010-10-20 06:00:00-04:00,0.69,0.8,15.85,ETN
2010-07-21 06:00:00-04:00,0.58,0.68,16.38,ETN
2010-04-20 05:00:00-04:00,0.42,0.48,13.29,ETN
2010-01-25 06:00:00-05:00,0.62,0.68,9.22,ETN
2009-10-19 06:00:00-04:00,0.46,0.61,32.24,ETN
2009-07-20 06:00:00-04:00,0.08,0.12,46.87,ETN
2009-04-20 07:00:00-04:00,-0.13,-0.11,15.57,ETN
2009-01-26 06:00:00-05:00,0.52,0.54,3.35,ETN
2008-10-20 06:00:00-04:00,0.95,0.98,3.13,ETN
2008-07-15 06:00:00-04:00,0.97,1.05,8.22,ETN
2008-04-14 18:00:00-04:00,0.83,0.84,1.36,ETN
2008-01-22 07:00:00-05:00,0.86,0.88,1.41,ETN
2007-10-15 06:00:00-04:00,0.84,0.84,-0.75,ETN
2007-07-16 06:00:00-04:00,0.74,0.83,12.6,ETN
2007-04-16 06:00:00-04:00,0.71,0.81,14.89,ETN
2007-01-22 07:00:00-05:00,0.79,0.83,4.44,ETN
2006-10-16 06:00:00-04:00,0.8,0.83,3.74,ETN
2006-07-17 06:00:00-04:00,0.82,0.84,3.0,ETN
2006-04-17 06:00:00-04:00,0.67,0.7,5.12,ETN
2006-01-23 06:00:00-05:00,0.68,0.72,4.6,ETN
2005-10-17 06:00:00-04:00,0.67,0.67,-0.23,ETN
2005-07-18 07:00:00-04:00,0.66,0.7,6.06,ETN
2005-04-14 06:00:00-04:00,0.62,0.62,-0.05,ETN
2005-01-24 06:00:00-05:00,0.56,0.57,1.86,ETN
2004-10-14 07:00:00-04:00,0.56,0.56,1.44,ETN
2004-07-15 07:00:00-04:00,0.51,0.53,4.23,ETN
2004-04-14 07:00:00-04:00,0.4,0.44,10.83,ETN
2004-01-21 07:00:00-05:00,0.34,0.39,12.65,ETN
2003-10-14 07:00:00-04:00,0.33,0.36,10.02,ETN
2003-07-15 07:00:00-04:00,0.33,0.34,2.33,ETN
2003-04-14 07:00:00-04:00,0.24,0.27,11.11,ETN
2003-01-21 07:00:00-05:00,0.23,0.25,6.52,ETN
2002-10-14 07:00:00-04:00,0.31,0.32,2.86,ETN
2002-07-15 07:00:00-04:00,0.3,0.31,3.51,ETN
2002-04-15 07:00:00-04:00,0.21,0.23,10.45,ETN
2002-01-22 07:00:00-05:00,0.15,0.16,6.21,ETN
2026-10-28 16:00:00-04:00,0.41,,,F
2026-07-28 16:00:00-04:00,0.35,0.42,21.27,F
2026-04-29 16:00:00-04:00,0.19,0.66,256.64,F
2026-02-10 16:00:00-05:00,0.19,0.13,-32.87,F
2025-10-23 16:00:00-04:00,0.36,0.45,25.41,F
2025-07-30 16:00:00-04:00,0.33,0.37,11.11,F
2025-05-05 16:00:00-04:00,0.02,0.14,556.97,F
2025-02-05 16:00:00-05:00,0.32,0.39,20.36,F
2024-10-28 16:00:00-04:00,0.47,0.49,3.47,F
2024-07-24 16:00:00-04:00,0.68,0.47,-31.27,F
2024-04-24 16:00:00-04:00,0.44,0.49,12.16,F
2024-02-06 16:00:00-05:00,0.12,0.29,137.7,F
2023-10-26 16:00:00-04:00,0.46,0.39,-14.46,F
2023-07-27 16:00:00-04:00,0.54,0.72,33.71,F
2023-05-02 16:00:00-04:00,0.41,0.63,55.22,F
2023-02-02 16:00:00-05:00,0.62,0.51,-17.59,F
2022-10-26 17:00:00-04:00,0.3,0.3,-0.38,F
2022-07-27 16:00:00-04:00,0.45,0.68,52.64,F
2022-04-27 16:00:00-04:00,0.37,0.38,2.12,F
2022-02-03 16:00:00-05:00,0.41,0.26,-37.28,F
2021-10-27 16:00:00-04:00,0.27,0.51,86.44,F
2021-07-28 16:00:00-04:00,0.03,0.13,301.85,F
2021-04-28 16:00:00-04:00,0.21,0.89,321.46,F
2021-02-04 16:00:00-05:00,-0.08,0.34,503.66,F
2020-10-28 16:00:00-04:00,0.18,0.65,261.94,F
2020-07-30 16:00:00-04:00,-1.16,-0.35,69.88,F
2020-04-28 16:00:00-04:00,-0.06,-0.23,-293.03,F
2020-02-04 16:00:00-05:00,0.17,0.12,-28.85,F
2019-10-23 16:00:00-04:00,0.26,0.34,29.83,F
2019-07-24 16:00:00-04:00,0.31,0.28,-8.98,F
2019-04-25 16:00:00-04:00,0.27,0.44,62.94,F
2019-01-23 16:00:00-05:00,0.3,0.3,-0.69,F
2018-10-24 16:00:00-04:00,0.28,0.29,2.48,F
2018-07-25 16:00:00-04:00,0.3,0.27,-10.95,F
2018-04-25 16:00:00-04:00,0.41,0.43,3.7,F
2018-01-24 16:00:00-05:00,0.39,0.39,-1.02,F
2017-10-26 07:00:00-04:00,0.33,0.43,30.03,F
2017-07-26 07:00:00-04:00,0.43,0.56,30.28,F
2017-04-27 07:00:00-04:00,0.34,0.39,14.28,F
2017-01-26 07:00:00-05:00,0.31,0.3,-3.95,F
2016-10-27 07:00:00-04:00,0.2,0.26,26.84,F
2016-07-28 07:00:00-04:00,0.6,0.52,-13.26,F
2016-04-28 07:00:00-04:00,0.47,0.68,44.18,F
2016-01-28 08:00:00-05:00,0.51,0.58,13.91,F
2015-10-27 07:00:00-04:00,0.46,0.45,-2.72,F
2015-07-28 07:00:00-04:00,0.37,0.47,27.75,F
2015-04-28 07:00:00-04:00,0.26,0.23,-11.95,F
2015-01-29 07:00:00-05:00,0.23,0.26,14.21,F
2014-10-24 07:00:00-04:00,0.19,0.24,25.79,F
2014-07-24 06:00:00-04:00,0.36,0.4,10.83,F
2014-04-25 07:00:00-04:00,0.31,0.25,-19.55,F
2014-01-28 07:00:00-05:00,0.28,0.31,10.27,F
2013-10-24 07:00:00-04:00,0.38,0.45,17.65,F
2013-07-24 07:00:00-04:00,0.37,0.45,20.7,F
2013-04-24 07:00:00-04:00,0.37,0.41,10.54,F
2013-01-29 07:00:00-05:00,0.25,0.31,21.71,F
2012-10-30 07:00:00-04:00,0.3,0.4,33.05,F
2012-07-25 07:00:00-04:00,0.29,0.3,2.9,F
2012-04-27 07:00:00-04:00,0.35,0.39,11.26,F
2012-01-27 07:00:00-05:00,0.26,0.2,-24.47,F
2011-10-26 07:00:00-04:00,0.46,0.46,0.67,F
2011-07-26 07:00:00-04:00,0.6,0.65,8.58,F
2011-04-26 07:00:00-04:00,0.49,0.62,26.64,F
2011-01-28 07:00:00-05:00,0.48,0.3,-37.73,F
2010-10-26 07:00:00-04:00,0.37,0.48,28.32,F
2010-07-23 07:00:00-04:00,0.4,0.68,69.15,F
2010-04-27 04:00:00-04:00,0.28,0.43,50.88,F
2010-01-28 06:00:00-05:00,0.27,0.43,61.88,F
2009-11-02 06:00:00-05:00,-0.12,0.26,321.71,F
2009-07-23 06:00:00-04:00,-0.5,-0.21,57.95,F
2009-04-24 06:00:00-04:00,-1.23,-0.75,39.22,F
2009-01-29 06:00:00-05:00,-1.23,-1.37,-11.52,F
2008-11-07 06:00:00-05:00,-0.94,-1.31,-39.42,F
2008-07-24 07:00:00-04:00,-0.25,-0.62,-146.21,F
2008-04-24 07:00:00-04:00,-0.14,0.2,241.3,F
2008-01-24 07:00:00-05:00,-0.21,-0.2,5.21,F
2007-11-08 07:00:00-05:00,-0.47,-0.01,97.89,F
2007-07-26 07:00:00-04:00,-0.37,0.13,135.2,F
2007-04-26 07:00:00-04:00,-0.6,-0.09,84.95,F
2007-01-25 07:00:00-05:00,-0.91,-1.1,-21.46,F
2006-10-23 06:00:00-04:00,-0.62,-0.62,,F
2006-07-20 07:00:00-04:00,0.14,-0.03,-121.21,F
2006-04-21 07:00:00-04:00,0.26,0.24,-7.15,F
2006-01-23 07:00:00-05:00,0.01,0.26,4661.9,F
2005-10-20 07:00:00-04:00,-0.09,-0.1,-7.05,F
2005-07-19 07:00:00-04:00,0.31,0.47,51.61,F
2005-04-20 06:00:00-04:00,0.38,0.62,62.59,F
2005-01-20 07:00:00-05:00,0.28,0.28,1.82,F
2004-10-19 07:00:00-04:00,0.14,0.28,97.18,F
2004-07-20 07:00:00-04:00,0.49,0.61,25.39,F
2004-04-21 07:00:00-04:00,0.44,0.96,117.85,F
2004-01-22 07:00:00-05:00,0.27,0.31,16.64,F
2003-10-16 06:00:00-04:00,-0.13,0.15,217.01,F
2003-07-16 06:00:00-04:00,0.16,0.22,35.59,F
2003-04-16 06:00:00-04:00,0.21,0.45,115.65,F
2003-01-21 06:00:00-05:00,0.06,0.08,37.5,F
2002-10-16 06:00:00-04:00,0.04,0.12,210.32,F
2002-07-17 07:00:00-04:00,0.26,0.31,20.04,F
2002-04-17 07:00:00-04:00,-0.13,-0.06,54.12,F
2002-01-17 07:00:00-05:00,-0.45,-0.48,-6.11,F
2026-10-27 08:00:00-04:00,0.8,,,FCX
2026-07-23 08:00:00-04:00,0.62,0.74,18.5,FCX
2026-04-23 08:00:00-04:00,0.47,0.57,21.95,FCX
2026-01-22 08:00:00-05:00,0.32,0.47,46.66,FCX
2025-10-23 08:00:00-04:00,0.41,0.5,22.84,FCX
2025-07-23 08:00:00-04:00,0.44,0.54,21.81,FCX
2025-04-24 08:00:00-04:00,0.23,0.24,4.59,FCX
2025-01-23 08:00:00-05:00,0.22,0.31,43.23,FCX
2024-10-22 08:00:00-04:00,0.37,0.38,2.76,FCX
2024-07-23 08:00:00-04:00,0.38,0.46,21.31,FCX
2024-04-23 08:00:00-04:00,0.28,0.32,12.93,FCX
2024-01-24 08:00:00-05:00,0.23,0.27,17.07,FCX
2023-10-19 08:00:00-04:00,0.34,0.39,15.14,FCX
2023-07-20 08:00:00-04:00,0.36,0.35,-1.44,FCX
2023-04-21 08:00:00-04:00,0.45,0.52,16.24,FCX
2023-01-25 08:00:00-05:00,0.47,0.52,9.86,FCX
2022-10-20 08:00:00-04:00,0.27,0.26,-3.98,FCX
2022-07-21 08:00:00-04:00,0.65,0.58,-11.34,FCX
2022-04-21 08:00:00-04:00,0.92,1.07,16.06,FCX
2022-01-26 08:00:00-05:00,0.94,0.96,2.15,FCX
2021-10-21 07:00:00-04:00,0.81,0.89,9.93,FCX
2021-07-22 08:00:00-04:00,0.75,0.77,2.2,FCX
2021-04-22 08:00:00-04:00,0.51,0.51,-0.38,FCX
2021-01-26 08:00:00-05:00,0.4,0.39,-1.39,FCX
2020-10-22 08:00:00-04:00,0.21,0.29,36.57,FCX
2020-07-23 07:00:00-04:00,-0.03,0.03,217.32,FCX
2020-04-24 08:00:00-04:00,-0.17,-0.16,5.21,FCX
2020-01-23 08:00:00-05:00,,0.02,771.14,FCX
2019-10-23 08:00:00-04:00,-0.01,-0.01,12.13,FCX
2019-07-24 08:00:00-04:00,-0.05,-0.04,26.83,FCX
2019-04-25 08:00:00-04:00,0.08,0.05,-38.79,FCX
2019-01-24 08:00:00-05:00,0.18,0.11,-39.55,FCX
2018-10-24 08:00:00-04:00,0.32,0.35,8.9,FCX
2018-07-25 08:00:00-04:00,0.52,0.58,11.06,FCX
2018-04-24 08:00:00-04:00,0.56,0.46,-17.52,FCX
2018-01-25 08:00:00-05:00,0.5,0.51,2.8,FCX
2017-10-25 08:00:00-04:00,0.31,0.34,10.89,FCX
2017-07-25 08:00:00-04:00,0.2,0.17,-15.35,FCX
2017-04-25 08:00:00-04:00,0.15,0.15,1.95,FCX
2017-01-25 08:00:00-05:00,0.34,0.25,-26.55,FCX
2016-10-25 08:00:00-04:00,0.19,0.13,-30.23,FCX
2016-07-26 08:00:00-04:00,-0.01,-0.02,-106.19,FCX
2016-04-26 08:00:00-04:00,-0.18,-0.16,12.61,FCX
2016-01-26 08:00:00-05:00,-0.19,-0.02,89.35,FCX
2015-10-22 08:00:00-04:00,-0.09,-0.15,-73.87,FCX
2015-07-23 08:00:00-04:00,0.08,0.14,70.63,FCX
2015-04-23 08:00:00-04:00,-0.06,-0.06,-8.85,FCX
2015-01-27 08:00:00-05:00,0.35,0.25,-29.02,FCX
2014-10-28 08:00:00-04:00,0.61,0.64,4.27,FCX
2014-07-23 08:00:00-04:00,0.53,0.58,9.81,FCX
2014-04-24 08:00:00-04:00,0.41,0.48,18.18,FCX
2014-01-22 08:00:00-05:00,0.8,0.84,4.51,FCX
2013-10-22 08:00:00-04:00,0.63,0.83,31.27,FCX
2013-07-23 08:00:00-04:00,0.44,0.25,-43.99,FCX
2013-04-18 08:00:00-04:00,0.72,0.73,0.71,FCX
2013-01-22 08:00:00-05:00,0.71,0.74,3.86,FCX
2012-10-22 08:00:00-04:00,0.73,0.68,-6.35,FCX
2012-07-19 08:00:00-04:00,0.76,0.8,5.6,FCX
2012-04-19 08:00:00-04:00,0.85,0.96,13.43,FCX
2012-01-19 08:00:00-05:00,0.63,0.72,13.55,FCX
2011-10-19 08:00:00-04:00,1.07,1.1,2.76,FCX
2011-07-21 08:00:00-04:00,1.34,1.47,9.3,FCX
2011-04-20 08:00:00-04:00,1.26,1.58,25.76,FCX
2011-01-20 08:00:00-05:00,1.47,1.63,11.0,FCX
2010-10-21 08:00:00-04:00,1.07,1.25,16.7,FCX
2010-07-21 08:00:00-04:00,0.64,0.72,12.57,FCX
2010-04-21 08:00:00-04:00,0.94,1.02,9.27,FCX
2010-01-21 08:00:00-05:00,0.88,1.09,23.98,FCX
2009-10-21 08:00:00-04:00,0.67,1.03,53.98,FCX
2009-07-21 08:00:00-04:00,0.36,0.68,88.04,FCX
2009-04-22 07:00:00-04:00,0.07,0.09,30.77,FCX
2009-01-26 08:00:00-05:00,-0.57,0.03,105.3,FCX
2008-10-21 08:00:00-04:00,0.72,0.66,-8.9,FCX
2008-07-22 08:00:00-04:00,1.23,1.12,-9.5,FCX
2008-04-23 08:00:00-04:00,1.09,1.33,22.02,FCX
2008-01-23 08:00:00-05:00,0.87,0.68,-21.52,FCX
2007-10-24 08:00:00-04:00,1.14,1.26,10.33,FCX
2007-07-25 07:00:00-04:00,1.37,1.42,3.16,FCX
2007-04-25 07:00:00-04:00,1.03,1.33,28.72,FCX
2007-01-16 08:00:00-05:00,1.06,1.0,-5.95,FCX
2006-10-17 08:00:00-04:00,0.78,0.87,11.09,FCX
2006-07-18 00:00:00-04:00,0.69,0.85,23.1,FCX
2006-04-18 08:00:00-04:00,0.44,0.71,59.86,FCX
2006-01-17 08:00:00-05:00,0.85,1.11,29.89,FCX
2005-10-18 07:00:00-04:00,0.42,0.5,18.91,FCX
2005-07-19 07:00:00-04:00,0.45,0.46,1.34,FCX
2005-04-19 07:00:00-04:00,0.33,0.35,6.87,FCX
2005-01-18 07:00:00-05:00,0.35,0.4,12.3,FCX
2004-10-19 08:00:00-04:00,0.07,0.05,-30.56,FCX
2004-07-20 08:00:00-04:00,-0.1,-0.05,50.21,FCX
2004-04-20 08:00:00-04:00,-0.09,-0.01,82.99,FCX
2004-01-20 08:00:00-05:00,0.04,0.02,-62.5,FCX
2003-10-16 07:00:00-04:00,0.24,0.26,7.88,FCX
2003-07-17 08:00:00-04:00,0.17,0.19,6.63,FCX
2003-04-17 07:00:00-04:00,0.16,0.14,-12.5,FCX
2003-01-16 08:00:00-05:00,0.2,0.21,1.74,FCX
2002-10-15 08:00:00-04:00,0.18,0.2,8.64,FCX
2002-07-18 08:00:00-04:00,0.02,0.02,-13.04,FCX
2002-04-18 08:00:00-04:00,-0.05,,90.74,FCX
2002-01-17 07:00:00-05:00,-0.02,,72.22,FCX
2026-10-12 16:00:00-04:00,3.83,,,FDX
2026-06-23 16:00:00-04:00,5.92,6.31,6.53,FDX
2026-03-19 16:00:00-04:00,4.18,5.25,25.52,FDX
2025-12-18 16:00:00-05:00,4.11,4.82,17.16,FDX
2025-09-18 16:00:00-04:00,3.61,3.83,6.01,FDX
2025-06-24 16:00:00-04:00,5.8,6.07,4.59,FDX
2025-03-20 16:00:00-04:00,4.63,4.51,-2.65,FDX
2024-12-19 16:00:00-05:00,3.97,4.05,2.12,FDX
2024-09-19 16:00:00-04:00,4.77,3.6,-24.48,FDX
2024-06-25 16:00:00-04:00,5.37,5.41,0.73,FDX
2024-03-21 16:00:00-04:00,3.48,3.86,10.95,FDX
2023-12-19 16:00:00-05:00,4.2,3.99,-5.01,FDX
2023-09-20 16:00:00-04:00,3.75,4.55,21.29,FDX
2023-06-20 16:00:00-04:00,4.88,4.94,1.13,FDX
2023-03-16 16:00:00-04:00,2.74,3.41,24.6,FDX
2022-12-20 16:00:00-05:00,2.82,3.18,12.74,FDX
2022-09-15 16:00:00-04:00,5.14,3.44,-33.08,FDX
2022-06-23 16:00:00-04:00,6.88,6.87,-0.12,FDX
2022-03-17 16:00:00-04:00,4.65,4.59,-1.3,FDX
2021-12-16 16:00:00-05:00,4.29,4.83,12.56,FDX
2021-09-21 16:00:00-04:00,4.92,4.37,-11.21,FDX
2021-06-24 16:00:00-04:00,5.0,5.01,0.13,FDX
2021-03-18 16:00:00-04:00,3.24,3.47,7.19,FDX
2020-12-17 16:00:00-05:00,4.01,4.83,20.34,FDX
2020-09-15 16:00:00-04:00,2.72,4.87,79.21,FDX
2020-06-30 16:00:00-04:00,1.57,2.53,61.66,FDX
2020-03-17 16:00:00-04:00,1.27,1.41,10.98,FDX
2019-12-17 16:00:00-05:00,2.79,2.51,-10.0,FDX
2019-09-17 16:00:00-04:00,3.15,3.05,-3.31,FDX
2019-06-25 16:00:00-04:00,4.83,5.01,3.62,FDX
2019-03-19 16:00:00-04:00,3.1,3.03,-2.13,FDX
2018-12-18 16:00:00-05:00,3.93,4.03,2.65,FDX
2018-09-17 16:00:00-04:00,3.8,3.46,-9.06,FDX
2018-06-19 16:00:00-04:00,5.71,5.91,3.52,FDX
2018-03-20 16:00:00-04:00,3.11,3.72,19.55,FDX
2017-12-19 16:00:00-05:00,2.88,3.18,10.37,FDX
2017-09-19 16:00:00-04:00,3.09,3.32,7.5,FDX
2017-06-20 16:00:00-04:00,3.87,4.25,9.72,FDX
2017-03-21 16:00:00-04:00,2.62,2.35,-10.18,FDX
2016-12-20 16:00:00-05:00,2.91,2.8,-3.64,FDX
2016-09-20 16:00:00-04:00,2.78,2.9,4.2,FDX
2016-06-21 16:00:00-04:00,3.28,3.3,0.69,FDX
2016-03-16 16:00:00-04:00,2.34,2.51,7.49,FDX
2015-12-16 16:00:00-05:00,2.5,2.58,3.34,FDX
2015-09-16 07:00:00-04:00,2.45,2.42,-1.31,FDX
2015-06-17 07:00:00-04:00,2.69,2.66,-1.02,FDX
2015-03-18 07:00:00-04:00,1.88,2.01,6.85,FDX
2014-12-17 07:00:00-05:00,2.22,2.14,-3.51,FDX
2014-09-17 07:00:00-04:00,1.95,2.1,7.54,FDX
2014-06-18 07:00:00-04:00,2.36,2.46,4.45,FDX
2014-03-19 07:00:00-04:00,1.46,1.23,-15.59,FDX
2013-12-18 07:00:00-05:00,1.65,1.57,-4.63,FDX
2013-09-18 07:00:00-04:00,1.5,1.53,1.99,FDX
2013-06-19 07:00:00-04:00,1.96,2.13,8.94,FDX
2013-03-20 07:00:00-04:00,1.38,1.23,-11.11,FDX
2012-12-19 07:00:00-05:00,1.41,1.39,-1.13,FDX
2012-09-18 07:00:00-04:00,1.4,1.45,3.44,FDX
2012-06-19 07:00:00-04:00,1.92,1.99,3.67,FDX
2012-03-22 08:00:00-04:00,1.34,1.55,15.37,FDX
2011-12-15 07:00:00-05:00,1.53,1.57,2.86,FDX
2011-09-22 08:00:00-04:00,1.45,1.46,0.7,FDX
2011-06-22 07:00:00-04:00,1.73,1.73,0.08,FDX
2011-03-17 07:00:00-04:00,0.82,0.81,-1.68,FDX
2010-12-16 07:00:00-05:00,1.31,1.16,-11.69,FDX
2010-09-16 07:00:00-04:00,1.2,1.2,-0.18,FDX
2010-06-16 07:00:00-04:00,1.32,1.36,3.15,FDX
2010-03-18 07:00:00-04:00,0.73,0.76,4.67,FDX
2009-12-17 07:00:00-05:00,1.1,1.1,,FDX
2009-09-17 07:00:00-04:00,0.58,0.58,,FDX
2009-06-17 07:00:00-04:00,0.51,0.64,25.32,FDX
2009-03-19 07:00:00-04:00,0.46,0.31,-32.02,FDX
2008-12-18 07:00:00-05:00,1.58,1.58,,FDX
2008-09-18 07:00:00-04:00,1.23,1.23,0.02,FDX
2008-06-18 07:00:00-04:00,1.47,1.45,-1.27,FDX
2008-03-20 07:00:00-04:00,1.23,1.26,2.52,FDX
2007-12-20 07:00:00-05:00,1.5,1.54,2.39,FDX
2007-09-20 07:00:00-04:00,1.54,1.58,2.33,FDX
2007-06-20 07:00:00-04:00,1.96,1.9,-2.87,FDX
2007-03-21 07:00:00-04:00,1.33,1.35,1.73,FDX
2006-12-20 07:00:00-05:00,1.74,1.89,8.62,FDX
2006-09-21 07:00:00-04:00,1.51,1.53,1.24,FDX
2006-06-21 07:00:00-04:00,1.77,1.82,2.82,FDX
2006-03-22 07:00:00-05:00,1.3,1.38,6.15,FDX
2005-12-21 08:00:00-05:00,1.4,1.53,9.42,FDX
2005-09-21 07:00:00-04:00,1.17,1.25,6.66,FDX
2005-06-23 07:00:00-04:00,1.48,1.46,-1.08,FDX
2005-03-17 07:00:00-05:00,0.98,1.03,5.07,FDX
2004-12-16 07:00:00-05:00,1.26,1.21,-4.07,FDX
2004-09-22 07:00:00-04:00,1.08,1.08,0.41,FDX
2004-06-23 07:00:00-04:00,1.34,1.33,-0.75,FDX
2004-03-17 07:00:00-05:00,0.66,0.71,7.17,FDX
2003-12-17 07:00:00-05:00,0.89,0.87,-1.83,FDX
2003-09-17 07:00:00-04:00,0.57,0.61,7.83,FDX
2003-06-24 07:00:00-04:00,0.9,0.92,1.84,FDX
2003-03-19 07:00:00-05:00,0.5,0.49,-2.2,FDX
2002-12-18 07:00:00-05:00,0.79,0.81,2.07,FDX
2002-09-19 07:00:00-04:00,0.49,0.52,6.56,FDX
2002-06-25 07:00:00-04:00,0.77,0.78,1.56,FDX
2002-03-20 08:00:00-05:00,0.37,0.39,6.17,FDX
2001-12-19 07:00:00-05:00,0.63,0.81,29.39,FDX
2026-11-04 07:00:00-05:00,1.6,,,FIS
2026-08-04 07:00:00-04:00,1.47,1.48,0.54,FIS
2026-05-08 07:00:00-04:00,1.29,1.36,5.68,FIS
2026-02-24 07:00:00-05:00,1.69,1.68,-0.5,FIS
2025-11-05 07:00:00-05:00,1.48,1.51,1.72,FIS
2025-08-05 07:00:00-04:00,1.36,1.36,0.09,FIS
2025-05-06 07:00:00-04:00,1.2,1.21,1.05,FIS
2025-02-11 07:00:00-05:00,1.36,1.39,2.38,FIS
2024-11-04 07:00:00-05:00,1.29,1.4,8.31,FIS
2024-08-06 07:00:00-04:00,1.23,1.36,10.37,FIS
2024-05-06 16:00:00-04:00,0.96,1.1,14.97,FIS
2024-02-26 07:00:00-05:00,1.09,0.94,-13.82,FIS
2023-11-07 07:00:00-05:00,1.58,1.65,4.21,FIS
2023-08-02 07:00:00-04:00,1.48,1.55,4.69,FIS
2023-04-27 07:00:00-04:00,1.21,1.29,6.77,FIS
2023-02-13 06:00:00-05:00,1.7,1.71,0.78,FIS
2022-11-03 07:00:00-04:00,1.75,1.74,-0.53,FIS
2022-08-04 07:00:00-04:00,1.71,1.73,1.13,FIS
2022-05-03 07:00:00-04:00,1.46,1.47,0.98,FIS
2022-02-15 07:00:00-05:00,1.9,1.92,0.88,FIS
2021-11-04 07:00:00-04:00,1.68,1.73,2.93,FIS
2021-08-03 07:00:00-04:00,1.55,1.61,3.72,FIS
2021-05-06 07:00:00-04:00,1.24,1.3,4.44,FIS
2021-02-09 07:00:00-05:00,1.56,1.62,4.15,FIS
2020-10-29 07:00:00-04:00,1.41,1.42,0.71,FIS
2020-08-04 07:00:00-04:00,1.1,1.15,5.02,FIS
2020-05-07 08:00:00-04:00,1.27,1.28,0.57,FIS
2020-02-13 07:00:00-05:00,1.53,1.57,2.36,FIS
2019-11-05 07:00:00-05:00,1.35,1.43,5.56,FIS
2019-08-06 07:00:00-04:00,1.78,1.78,0.14,FIS
2019-04-30 07:00:00-04:00,1.57,1.64,4.76,FIS
2019-02-12 07:00:00-05:00,1.58,1.6,1.08,FIS
2018-10-30 07:00:00-04:00,1.3,1.33,2.08,FIS
2018-07-31 07:00:00-04:00,1.21,1.23,1.73,FIS
2018-05-01 07:00:00-04:00,1.05,1.09,4.02,FIS
2018-02-06 07:00:00-05:00,1.34,1.36,1.26,FIS
2017-10-31 07:00:00-04:00,1.06,1.18,11.01,FIS
2017-08-02 07:00:00-04:00,0.97,1.02,4.87,FIS
2017-05-02 07:00:00-04:00,0.82,0.86,4.31,FIS
2017-02-07 07:00:00-05:00,1.14,1.14,-0.11,FIS
2016-11-01 07:00:00-04:00,0.98,1.0,2.35,FIS
2016-07-26 07:00:00-04:00,0.87,0.9,3.95,FIS
2016-05-03 07:00:00-04:00,0.74,0.79,6.13,FIS
2016-02-09 07:00:00-05:00,0.93,0.93,0.49,FIS
2015-11-03 07:00:00-05:00,0.9,0.9,-0.41,FIS
2015-07-23 07:00:00-04:00,0.71,0.74,4.47,FIS
2015-04-30 07:00:00-04:00,0.66,0.65,-1.39,FIS
2015-02-05 07:00:00-05:00,0.87,0.87,-0.2,FIS
2014-10-30 07:00:00-04:00,0.79,0.8,0.97,FIS
2014-07-29 07:00:00-04:00,0.74,0.75,1.45,FIS
2014-05-01 07:00:00-04:00,0.68,0.68,-0.51,FIS
2014-02-04 07:00:00-05:00,0.78,0.76,-2.53,FIS
2013-10-29 07:00:00-04:00,0.71,0.74,4.37,FIS
2013-07-30 07:00:00-04:00,0.7,0.71,1.17,FIS
2013-04-30 07:00:00-04:00,0.61,0.62,2.09,FIS
2013-02-12 07:00:00-05:00,0.69,0.68,-1.69,FIS
2012-11-05 16:00:00-05:00,0.62,0.63,0.91,FIS
2012-07-17 16:00:00-04:00,0.6,0.66,10.89,FIS
2012-04-26 07:00:00-04:00,0.51,0.55,7.58,FIS
2012-02-13 16:00:00-05:00,0.65,0.66,1.19,FIS
2011-11-01 07:00:00-04:00,0.61,0.62,1.97,FIS
2011-07-19 16:00:00-04:00,0.54,0.55,1.87,FIS
2011-05-03 07:00:00-04:00,0.46,0.45,-2.25,FIS
2011-02-08 07:00:00-05:00,0.6,0.64,6.15,FIS
2010-10-26 07:00:00-04:00,0.51,0.52,1.85,FIS
2010-07-20 16:00:00-04:00,0.45,0.46,1.47,FIS
2010-04-27 16:00:00-04:00,0.39,0.41,5.43,FIS
2010-02-04 16:00:00-05:00,0.43,0.44,2.33,FIS
2009-10-21 16:00:00-04:00,0.47,0.46,-1.08,FIS
2009-07-28 16:00:00-04:00,0.36,0.42,17.98,FIS
2009-04-28 16:00:00-04:00,0.31,0.31,0.32,FIS
2009-02-10 16:00:00-05:00,0.44,0.48,9.59,FIS
2008-10-27 16:00:00-04:00,0.4,0.42,4.22,FIS
2008-08-05 16:00:00-04:00,0.37,0.37,-1.32,FIS
2008-04-24 16:00:00-04:00,0.58,0.57,-2.23,FIS
2008-02-14 06:00:00-05:00,0.69,0.68,-0.87,FIS
2007-10-24 16:00:00-04:00,0.65,0.63,-2.93,FIS
2007-07-24 16:00:00-04:00,0.59,0.59,-0.17,FIS
2007-04-25 16:00:00-04:00,0.53,0.54,2.86,FIS
2007-02-06 17:00:00-05:00,0.58,0.58,-0.77,FIS
2006-10-25 16:00:00-04:00,0.56,0.57,2.31,FIS
2006-07-25 18:00:00-04:00,0.51,0.51,-0.47,FIS
2006-04-26 17:00:00-04:00,0.44,0.45,2.74,FIS
2006-01-27 07:00:00-05:00,0.61,0.61,-0.16,FIS
2005-10-25 07:00:00-04:00,0.47,0.47,-0.21,FIS
2005-07-21 07:00:00-04:00,0.4,0.4,-0.25,FIS
2005-04-21 07:00:00-04:00,0.31,0.34,11.11,FIS
2005-01-26 07:00:00-05:00,0.55,0.56,1.82,FIS
2004-10-21 07:00:00-04:00,0.46,0.46,0.22,FIS
2004-07-22 07:00:00-04:00,0.38,0.39,2.9,FIS
2004-04-21 07:00:00-04:00,0.31,0.32,3.03,FIS
2004-01-28 07:00:00-05:00,0.49,0.5,2.46,FIS
2003-10-23 07:00:00-04:00,0.4,0.4,0.61,FIS
2003-07-24 07:00:00-04:00,0.34,0.35,3.32,FIS
2003-04-24 07:00:00-04:00,0.25,0.3,18.54,FIS
2003-01-24 07:00:00-05:00,0.44,0.46,5.7,FIS
2002-10-22 07:00:00-04:00,0.4,0.4,0.46,FIS
2002-07-23 07:00:00-04:00,0.32,0.33,3.42,FIS
2002-04-23 07:00:00-04:00,0.22,0.23,3.81,FIS
2002-01-22 07:00:00-05:00,0.38,0.38,0.72,FIS
2026-11-03 07:00:00-05:00,1.71,,,FISV
2026-08-06 07:00:00-04:00,1.91,1.84,-3.85,FISV
2026-05-05 07:00:00-04:00,1.57,1.79,13.88,FISV
2026-02-10 07:00:00-05:00,1.9,1.99,4.6,FISV
2025-10-29 07:00:00-04:00,2.65,2.04,-22.9,FISV
2025-07-23 07:00:00-04:00,2.43,2.47,1.49,FISV
2025-04-24 07:00:00-04:00,2.08,2.14,3.1,FISV
2025-02-05 07:00:00-05:00,2.48,2.51,1.18,FISV
2024-10-22 07:00:00-04:00,2.26,2.3,1.6,FISV
2024-07-24 07:00:00-04:00,2.1,2.13,1.4,FISV
2024-04-23 07:00:00-04:00,1.79,1.88,5.09,FISV
2024-02-06 07:00:00-05:00,2.15,2.19,1.67,FISV
2023-10-24 07:00:00-04:00,1.93,1.96,1.69,FISV
2023-07-26 07:00:00-04:00,1.79,1.81,0.87,FISV
2023-04-25 07:00:00-04:00,1.56,1.58,1.09,FISV
2023-02-07 07:00:00-05:00,1.91,1.91,0.02,FISV
2022-10-27 07:00:00-04:00,1.69,1.63,-3.8,FISV
2022-07-26 07:00:00-04:00,1.55,1.56,0.8,FISV
2022-04-27 07:00:00-04:00,1.35,1.4,3.59,FISV
2022-02-08 07:00:00-05:00,1.56,1.57,0.94,FISV
2021-10-27 07:00:00-04:00,1.45,1.47,1.51,FISV
2021-07-27 07:00:00-04:00,1.28,1.37,7.07,FISV
2021-04-27 07:00:00-04:00,1.13,1.17,3.49,FISV
2021-02-09 16:00:00-05:00,1.29,1.3,0.67,FISV
2020-10-27 16:00:00-04:00,1.16,1.2,3.85,FISV
2020-08-05 16:00:00-04:00,0.93,0.93,-0.14,FISV
2020-05-07 17:00:00-04:00,0.99,0.99,0.42,FISV
2020-02-04 16:00:00-05:00,1.14,1.13,-0.95,FISV
2019-11-06 16:00:00-05:00,0.99,1.02,2.69,FISV
2019-07-25 16:00:00-04:00,0.81,0.82,1.84,FISV
2019-04-30 16:00:00-04:00,0.82,0.84,2.24,FISV
2019-02-07 16:00:00-05:00,0.85,0.84,-1.71,FISV
2018-10-31 16:00:00-04:00,0.77,0.75,-2.35,FISV
2018-07-31 16:00:00-04:00,0.74,0.75,1.82,FISV
2018-05-01 16:00:00-04:00,0.73,0.76,3.83,FISV
2018-02-07 16:00:00-05:00,0.69,0.71,2.5,FISV
2017-10-31 16:00:00-04:00,0.65,0.64,-2.67,FISV
2017-08-01 16:00:00-04:00,0.62,0.6,-3.34,FISV
2017-04-26 16:00:00-04:00,0.6,0.63,4.99,FISV
2017-02-08 16:00:00-05:00,0.58,0.58,-0.28,FISV
2016-10-26 16:00:00-04:00,0.57,0.57,0.58,FISV
2016-08-02 16:00:00-04:00,0.54,0.54,0.55,FISV
2016-05-05 16:00:00-04:00,0.51,0.53,4.33,FISV
2016-02-02 16:00:00-05:00,0.5,0.5,0.27,FISV
2015-10-27 16:00:00-04:00,0.49,0.52,5.8,FISV
2015-07-29 16:00:00-04:00,0.47,0.48,1.51,FISV
2015-05-05 16:00:00-04:00,0.43,0.45,3.0,FISV
2015-02-03 16:00:00-05:00,0.44,0.45,0.42,FISV
2014-10-28 16:00:00-04:00,0.42,0.43,2.17,FISV
2014-07-29 16:00:00-04:00,0.4,0.41,0.43,FISV
2014-04-29 16:00:00-04:00,0.37,0.41,10.27,FISV
2014-02-05 16:00:00-05:00,0.4,0.4,-2.36,FISV
2013-10-29 16:00:00-04:00,0.38,0.39,3.18,FISV
2013-07-30 16:00:00-04:00,0.36,0.38,4.03,FISV
2013-04-30 16:00:00-04:00,0.34,0.33,-1.27,FISV
2013-02-05 16:00:00-05:00,0.35,0.35,0.29,FISV
2012-10-30 16:00:00-04:00,0.32,0.32,0.06,FISV
2012-07-30 16:00:00-04:00,0.31,0.32,1.99,FISV
2012-05-01 16:00:00-04:00,0.29,0.3,4.68,FISV
2012-02-02 16:00:00-05:00,0.32,0.32,0.17,FISV
2011-11-01 16:00:00-04:00,0.28,0.29,1.99,FISV
2011-07-26 16:00:00-04:00,0.27,0.28,4.34,FISV
2011-04-27 16:00:00-04:00,0.26,0.26,-1.7,FISV
2011-02-03 16:00:00-05:00,0.27,0.27,-0.83,FISV
2010-10-26 16:00:00-04:00,0.25,0.26,5.04,FISV
2010-07-27 16:00:00-04:00,0.24,0.25,3.88,FISV
2010-04-29 16:00:00-04:00,0.24,0.24,-1.44,FISV
2010-02-02 16:00:00-05:00,0.23,0.24,0.06,FISV
2009-10-27 16:00:00-04:00,0.23,0.23,-0.22,FISV
2009-07-29 16:00:00-04:00,0.22,0.23,2.18,FISV
2009-04-30 16:00:00-04:00,0.21,0.22,3.91,FISV
2009-02-03 16:00:00-05:00,0.21,0.21,-0.99,FISV
2008-10-28 16:00:00-04:00,0.21,0.2,-2.16,FISV
2008-07-29 16:00:00-04:00,0.2,0.21,4.49,FISV
2008-04-30 16:00:00-04:00,0.19,0.2,5.07,FISV
2008-02-06 16:00:00-05:00,0.18,0.17,-2.43,FISV
2007-10-24 16:00:00-04:00,0.18,0.18,1.83,FISV
2007-07-25 16:00:00-04:00,0.18,0.17,-4.14,FISV
2007-04-25 16:00:00-04:00,0.17,0.17,-1.8,FISV
2007-01-31 16:00:00-05:00,0.16,0.16,-0.78,FISV
2006-10-24 16:00:00-04:00,0.16,0.16,0.96,FISV
2006-07-25 16:00:00-04:00,0.15,0.16,4.21,FISV
2006-04-25 16:00:00-04:00,0.15,0.16,7.97,FISV
2006-01-30 18:00:00-05:00,0.14,0.14,-0.41,FISV
2005-10-20 18:00:00-04:00,0.14,0.14,-0.58,FISV
2005-07-21 17:00:00-04:00,0.13,0.15,9.34,FISV
2005-04-21 18:00:00-04:00,0.13,0.14,11.06,FISV
2005-01-27 18:00:00-05:00,0.12,0.13,2.12,FISV
2004-10-21 18:00:00-04:00,0.12,0.12,-1.46,FISV
2004-07-21 18:00:00-04:00,0.12,0.12,2.03,FISV
2004-04-21 18:00:00-04:00,0.11,0.12,6.38,FISV
2004-01-27 18:00:00-05:00,0.1,0.11,0.76,FISV
2003-10-21 18:00:00-04:00,0.1,0.1,1.01,FISV
2003-07-22 18:00:00-04:00,0.1,0.1,1.73,FISV
2003-04-22 18:00:00-04:00,0.09,0.1,1.01,FISV
2003-01-20 18:00:00-05:00,0.09,0.09,,FISV
2002-10-21 18:00:00-04:00,0.06,0.08,26.56,FISV
2002-10-21 18:00:00-04:00,0.09,0.09,-0.72,FISV
2002-07-22 18:00:00-04:00,0.08,0.09,0.7,FISV
2002-07-22 18:00:00-04:00,0.07,0.07,1.56,FISV
2026-11-04 15:00:00-05:00,0.12,,,FSLY
2026-08-05 16:00:00-04:00,0.07,0.15,126.31,FSLY
2026-05-06 16:00:00-04:00,0.09,0.13,50.22,FSLY
2026-02-11 16:00:00-05:00,0.06,0.12,109.21,FSLY
2025-11-05 16:00:00-05:00,,0.07,41076.47,FSLY
2025-08-06 16:00:00-04:00,-0.05,-0.03,42.75,FSLY
2025-05-07 16:00:00-04:00,-0.06,-0.05,19.64,FSLY
2025-02-12 16:00:00-05:00,,-0.03,-615.99,FSLY
2024-11-06 16:00:00-05:00,-0.06,0.02,134.91,FSLY
2024-08-07 16:00:00-04:00,-0.08,-0.07,13.92,FSLY
2024-05-01 16:00:00-04:00,-0.06,-0.05,20.27,FSLY
2024-02-14 16:00:00-05:00,-0.02,0.01,143.98,FSLY
2023-11-01 16:00:00-04:00,-0.08,-0.06,20.07,FSLY
2023-08-02 16:00:00-04:00,-0.1,-0.04,60.33,FSLY
2023-05-03 16:00:00-04:00,-0.1,-0.09,10.43,FSLY
2023-02-15 16:00:00-05:00,-0.13,-0.08,36.68,FSLY
2022-11-02 16:00:00-04:00,-0.17,-0.14,16.65,FSLY
2022-08-03 16:00:00-04:00,-0.17,-0.23,-38.54,FSLY
2022-05-04 16:00:00-04:00,-0.14,-0.15,-5.62,FSLY
2022-02-16 16:00:00-05:00,-0.16,-0.1,38.05,FSLY
2021-11-03 16:00:00-04:00,-0.18,-0.11,39.43,FSLY
2021-08-04 16:00:00-04:00,-0.18,-0.15,14.32,FSLY
2021-05-05 16:00:00-04:00,-0.11,-0.12,-11.17,FSLY
2021-02-17 16:00:00-05:00,-0.1,-0.09,11.06,FSLY
2020-10-28 16:00:00-04:00,-0.01,-0.04,-254.92,FSLY
2020-08-05 16:00:00-04:00,-0.01,0.02,250.38,FSLY
2020-05-06 16:00:00-04:00,-0.12,-0.06,50.7,FSLY
2020-02-20 16:00:00-05:00,-0.11,-0.1,12.5,FSLY
2019-11-08 16:00:00-05:00,-0.13,-0.09,33.17,FSLY
2019-08-08 16:00:00-04:00,-0.13,-0.11,14.3,FSLY
2026-10-28 08:00:00-04:00,0.71,,,FTV
2026-07-29 07:00:00-04:00,0.71,0.74,4.91,FTV
2026-04-30 07:00:00-04:00,0.64,0.7,8.89,FTV
2026-02-04 07:00:00-05:00,0.84,0.9,7.36,FTV
2025-10-29 07:00:00-04:00,0.57,0.68,19.48,FTV
2025-07-30 07:00:00-04:00,0.59,0.58,-2.13,FTV
2025-05-01 07:00:00-04:00,0.85,0.85,-0.17,FTV
2025-02-07 07:00:00-05:00,1.12,1.17,4.44,FTV
2024-10-30 07:00:00-04:00,0.93,0.97,4.15,FTV
2024-07-24 07:00:00-04:00,0.92,0.93,1.04,FTV
2024-04-24 07:00:00-04:00,0.79,0.83,4.47,FTV
2024-01-31 07:00:00-05:00,0.94,0.98,4.45,FTV
2023-10-25 07:00:00-04:00,0.85,0.85,0.1,FTV
2023-07-26 07:00:00-04:00,0.81,0.85,5.34,FTV
2023-04-26 07:00:00-04:00,0.73,0.75,2.58,FTV
2023-02-01 07:00:00-05:00,0.84,0.88,4.45,FTV
2022-10-26 07:00:00-04:00,0.76,0.79,4.25,FTV
2022-07-28 07:00:00-04:00,0.72,0.78,8.17,FTV
2022-04-28 07:00:00-04:00,0.68,0.7,3.12,FTV
2022-02-03 07:00:00-05:00,0.78,0.79,1.53,FTV
2021-10-28 16:00:00-04:00,0.65,0.66,1.34,FTV
2021-07-29 16:00:00-04:00,0.6,0.66,9.45,FTV
2021-04-29 16:00:00-04:00,0.6,0.63,5.42,FTV
2021-02-04 16:00:00-05:00,0.62,0.7,13.06,FTV
2020-10-27 16:00:00-04:00,0.86,0.94,9.83,FTV
2020-07-28 16:00:00-04:00,0.58,0.68,17.07,FTV
2020-04-30 17:00:00-04:00,0.69,0.74,6.86,FTV
2020-02-06 16:00:00-05:00,0.97,1.03,6.16,FTV
2019-10-24 16:00:00-04:00,0.87,0.87,0.02,FTV
2019-07-25 16:00:00-04:00,0.89,0.9,1.32,FTV
2019-04-25 16:00:00-04:00,0.69,0.69,0.41,FTV
2019-02-07 16:00:00-05:00,0.85,0.91,6.83,FTV
2018-10-25 16:00:00-04:00,0.86,0.86,-0.51,FTV
2018-07-26 16:00:00-04:00,0.89,0.91,2.01,FTV
2018-04-26 17:00:00-04:00,0.75,0.78,4.17,FTV
2018-02-08 16:00:00-05:00,0.78,0.82,4.56,FTV
2017-10-26 16:00:00-04:00,0.73,0.77,5.2,FTV
2017-07-27 16:00:00-04:00,0.69,0.71,2.22,FTV
2017-04-27 16:00:00-04:00,0.57,0.6,4.96,FTV
2017-02-07 16:00:00-05:00,0.67,0.68,1.85,FTV
2016-10-27 16:00:00-04:00,0.59,0.67,13.12,FTV
2016-08-02 16:00:00-04:00,0.61,0.64,4.41,FTV
2026-11-04 07:00:00-05:00,-0.26,,,FUBO
2026-08-05 07:00:00-04:00,-0.11,-0.25,-131.48,FUBO
2026-05-06 08:00:00-04:00,-0.22,-0.32,-46.17,FUBO
2026-02-27 08:00:00-05:00,,,,FUBO
2026-02-03 07:00:00-05:00,0.18,-1.59,-985.9,FUBO
2025-11-03 07:00:00-05:00,-0.04,0.02,146.16,FUBO
2025-08-08 07:00:00-04:00,-0.03,-0.02,35.04,FUBO
2025-05-02 07:00:00-04:00,-0.03,-0.02,42.61,FUBO
2025-02-28 07:00:00-05:00,-0.11,-0.02,82.37,FUBO
2024-11-01 07:00:00-04:00,-0.12,-0.08,35.15,FUBO
2024-08-06 07:00:00-04:00,-0.08,-0.04,50.56,FUBO
2024-05-03 07:00:00-04:00,-0.15,-0.11,26.86,FUBO
2024-03-01 07:00:00-05:00,-0.24,-0.17,29.05,FUBO
2023-11-03 07:00:00-04:00,-0.27,-0.22,18.68,FUBO
2023-08-04 08:00:00-04:00,-0.24,-0.12,50.69,FUBO
2023-05-05 08:00:00-04:00,-0.38,-0.27,28.14,FUBO
2023-02-27 07:00:00-05:00,-0.57,-0.39,31.86,FUBO
2022-11-04 08:00:00-04:00,-0.62,-0.52,16.39,FUBO
2022-08-04 16:00:00-04:00,-0.57,-0.45,21.15,FUBO
2022-05-05 16:00:00-04:00,-0.53,-0.89,-69.17,FUBO
2022-02-23 17:00:00-05:00,-0.56,-0.57,-2.57,FUBO
2021-11-09 17:00:00-05:00,-0.5,-0.59,-18.0,FUBO
2021-08-10 16:00:00-04:00,-0.49,-0.38,22.76,FUBO
2021-05-11 16:00:00-04:00,-0.47,-0.59,-26.07,FUBO
2021-03-02 16:00:00-05:00,-0.66,-2.29,-244.53,FUBO
2020-11-10 16:00:00-05:00,-0.47,-1.65,-248.59,FUBO
2026-10-20 08:00:00-04:00,1.99,,,GE
2026-07-16 06:00:00-04:00,1.86,2.02,8.62,GE
2026-04-21 06:00:00-04:00,1.6,1.86,16.31,GE
2026-01-22 06:00:00-05:00,1.43,1.57,9.81,GE
2025-10-21 06:00:00-04:00,1.47,1.66,13.01,GE
2025-07-17 06:00:00-04:00,1.43,1.66,15.97,GE
2025-04-22 06:00:00-04:00,1.27,1.49,17.51,GE
2025-01-23 06:00:00-05:00,1.04,1.32,26.9,GE
2024-10-22 06:00:00-04:00,1.13,1.15,1.34,GE
2024-07-23 06:00:00-04:00,0.99,1.2,20.79,GE
2024-04-23 06:00:00-04:00,0.7,0.82,16.42,GE
2024-01-23 06:00:00-05:00,0.9,1.03,14.86,GE
2023-10-24 06:00:00-04:00,0.56,0.82,46.28,GE
2023-07-25 06:00:00-04:00,0.46,0.68,48.14,GE
2023-04-25 06:00:00-04:00,0.14,0.27,97.56,GE
2023-01-24 06:00:00-05:00,1.16,1.24,6.97,GE
2022-10-25 06:00:00-04:00,0.49,0.35,-28.12,GE
2022-07-26 06:00:00-04:00,0.42,0.78,86.22,GE
2022-04-26 06:00:00-04:00,0.22,0.24,7.87,GE
2022-01-25 06:00:00-05:00,0.82,0.92,12.09,GE
2021-10-26 06:00:00-04:00,0.44,0.57,30.03,GE
2021-07-27 06:00:00-04:00,0.27,0.4,49.58,GE
2021-04-27 06:00:00-04:00,0.08,0.24,208.05,GE
2021-01-26 06:00:00-05:00,0.68,0.64,-6.33,GE
2020-10-28 06:00:00-04:00,-0.23,0.48,306.31,GE
2020-07-29 06:00:00-04:00,-0.72,-1.2,-66.42,GE
2020-04-29 06:00:00-04:00,0.65,0.4,-37.99,GE
2020-01-29 06:00:00-05:00,1.42,1.68,18.45,GE
2019-10-30 06:00:00-04:00,0.91,1.2,31.55,GE
2019-07-31 06:00:00-04:00,0.95,1.36,43.75,GE
2019-04-30 06:00:00-04:00,0.73,1.12,54.43,GE
2019-01-31 06:00:00-05:00,1.79,1.36,-24.07,GE
2018-10-30 06:00:00-04:00,1.61,1.12,-30.46,GE
2018-07-20 06:00:00-04:00,1.4,1.52,8.66,GE
2018-04-20 07:00:00-04:00,0.91,1.28,40.68,GE
2018-01-24 06:00:00-05:00,2.27,2.16,-4.89,GE
2017-10-20 06:00:00-04:00,3.92,2.32,-40.84,GE
2017-07-21 06:00:00-04:00,2.0,2.24,11.98,GE
2017-04-21 06:00:00-04:00,1.36,1.68,23.44,GE
2017-01-20 06:00:00-05:00,3.68,3.68,-0.1,GE
2016-10-21 06:00:00-04:00,2.4,2.56,6.48,GE
2016-07-22 06:00:00-04:00,3.65,4.08,11.77,GE
2016-04-22 06:00:00-04:00,1.54,1.68,8.98,GE
2016-01-22 06:00:00-05:00,3.96,4.16,5.06,GE
2015-10-16 07:00:00-04:00,2.08,2.32,11.64,GE
2015-07-17 06:00:00-04:00,2.29,2.24,-2.12,GE
2015-04-17 06:00:00-04:00,2.41,2.48,2.82,GE
2015-01-23 06:00:00-05:00,4.36,4.48,2.65,GE
2014-10-17 06:00:00-04:00,2.99,3.04,1.67,GE
2014-07-18 06:00:00-04:00,3.15,3.12,-0.92,GE
2014-04-17 06:00:00-04:00,2.54,2.64,3.89,GE
2014-01-17 06:00:00-05:00,4.29,4.24,-1.06,GE
2013-10-18 06:00:00-04:00,2.86,2.88,0.82,GE
2013-07-19 06:00:00-04:00,2.83,2.88,1.61,GE
2013-04-19 06:00:00-04:00,2.77,3.12,12.62,GE
2013-01-18 06:00:00-05:00,3.44,3.52,2.42,GE
2012-10-19 06:00:00-04:00,2.93,2.88,-1.82,GE
2012-07-20 06:00:00-04:00,2.98,3.04,2.14,GE
2012-04-20 06:00:00-04:00,2.62,2.72,3.93,GE
2012-01-20 06:00:00-05:00,3.05,3.12,2.28,GE
2011-10-21 06:00:00-04:00,2.51,2.48,-1.1,GE
2011-07-22 06:00:00-04:00,2.6,2.72,4.63,GE
2011-04-21 06:00:00-04:00,2.27,2.64,16.33,GE
2011-01-21 06:00:00-05:00,2.55,2.88,13.16,GE
2010-10-15 06:00:00-04:00,2.2,2.32,5.65,GE
2010-07-16 06:00:00-04:00,2.14,2.4,12.38,GE
2010-04-16 05:00:00-04:00,1.27,1.68,31.86,GE
2010-01-22 06:00:00-05:00,2.07,2.24,8.44,GE
2009-10-16 06:00:00-04:00,1.58,1.76,11.28,GE
2009-07-17 06:00:00-04:00,1.9,2.08,9.56,GE
2009-04-17 06:00:00-04:00,1.68,2.08,24.13,GE
2009-01-23 06:00:00-05:00,4.08,4.08,,GE
2008-10-10 06:00:00-04:00,3.63,3.6,-0.78,GE
2008-07-11 06:00:00-04:00,4.28,4.32,0.93,GE
2008-04-11 06:00:00-04:00,4.09,3.52,-13.97,GE
2008-01-18 06:00:00-05:00,5.44,5.44,-0.09,GE
2007-10-12 06:00:00-04:00,4.07,4.0,-1.69,GE
2007-07-13 06:00:00-04:00,4.18,4.16,-0.6,GE
2007-04-13 06:00:00-04:00,3.53,3.52,-0.35,GE
2007-01-19 06:00:00-05:00,5.09,5.12,0.55,GE
2006-10-13 06:00:00-04:00,3.92,3.92,0.04,GE
2006-07-14 06:00:00-04:00,3.77,3.76,-0.37,GE
2006-04-13 06:00:00-04:00,3.12,3.12,-0.15,GE
2006-01-20 06:00:00-05:00,4.41,4.4,-0.17,GE
2005-10-14 06:00:00-04:00,3.53,3.52,-0.17,GE
2005-07-15 06:00:00-04:00,3.52,3.52,0.13,GE
2005-04-15 06:00:00-04:00,2.97,3.04,2.22,GE
2005-01-21 06:00:00-05:00,3.99,4.08,2.2,GE
2004-10-08 06:00:00-04:00,3.07,3.04,-1.05,GE
2004-07-09 06:00:00-04:00,2.99,3.04,1.64,GE
2004-04-08 06:00:00-04:00,2.52,2.56,1.68,GE
2004-01-16 06:00:00-05:00,3.62,3.6,-0.68,GE
2003-10-10 02:00:00-04:00,3.18,3.2,0.67,GE
2003-07-11 06:00:00-04:00,3.01,3.04,0.97,GE
2003-04-11 06:00:00-04:00,2.56,2.56,0.01,GE
2003-01-17 06:00:00-05:00,2.47,2.48,0.5,GE
2002-10-11 06:00:00-04:00,3.21,3.28,2.14,GE
2002-07-12 08:00:00-04:00,3.1,3.12,0.74,GE
2002-07-12 08:00:00-04:00,3.53,3.52,-0.17,GE
2002-04-11 08:00:00-04:00,2.78,2.8,0.73,GE
2026-10-28 08:00:00-04:00,4.09,,,GEV
2026-07-22 06:00:00-04:00,3.18,2.47,-22.44,GEV
2026-04-22 06:00:00-04:00,1.67,2.01,20.38,GEV
2026-01-28 06:00:00-05:00,3.14,12.91,310.91,GEV
2025-10-22 06:00:00-04:00,1.86,1.64,-11.67,GEV
2025-07-23 06:00:00-04:00,1.64,1.86,13.44,GEV
2025-04-23 06:00:00-04:00,0.61,0.91,49.13,GEV
2025-01-22 06:00:00-05:00,2.37,1.33,-43.95,GEV
2024-10-23 06:00:00-04:00,0.26,-0.35,-232.71,GEV
2024-07-24 06:00:00-04:00,0.74,1.02,38.98,GEV
2024-04-25 06:00:00-04:00,-0.22,-0.41,-82.8,GEV
2026-10-29 16:00:00-04:00,2.15,,,GILD
2026-08-04 16:00:00-04:00,-7.25,-6.75,6.86,GILD
2026-05-07 16:00:00-04:00,1.91,2.03,6.24,GILD
2026-02-10 16:00:00-05:00,1.81,1.86,2.82,GILD
2025-10-30 16:00:00-04:00,2.14,2.47,15.68,GILD
2025-08-07 16:00:00-04:00,1.96,2.01,2.72,GILD
2025-04-24 16:00:00-04:00,1.78,1.81,1.94,GILD
2025-02-11 16:00:00-05:00,1.7,1.9,11.73,GILD
2024-11-06 16:00:00-05:00,1.55,2.02,30.48,GILD
2024-08-08 16:00:00-04:00,1.6,2.01,25.74,GILD
2024-04-25 16:00:00-04:00,-1.52,-1.32,13.11,GILD
2024-02-06 16:00:00-05:00,1.76,1.72,-2.34,GILD
2023-11-07 16:00:00-05:00,1.92,2.29,19.56,GILD
2023-08-03 16:00:00-04:00,1.64,1.34,-18.25,GILD
2023-04-27 16:00:00-04:00,1.54,1.37,-10.84,GILD
2023-02-02 16:00:00-05:00,1.51,1.67,10.87,GILD
2022-10-27 16:00:00-04:00,1.43,1.9,32.88,GILD
2022-08-02 16:00:00-04:00,1.52,1.58,3.91,GILD
2022-04-28 16:00:00-04:00,1.81,2.12,17.24,GILD
2022-02-01 16:00:00-05:00,1.59,0.69,-56.64,GILD
2021-10-28 16:00:00-04:00,1.78,2.65,48.72,GILD
2021-07-29 16:00:00-04:00,1.75,1.87,7.06,GILD
2021-04-29 16:00:00-04:00,2.11,2.08,-1.52,GILD
2021-02-04 16:00:00-05:00,2.15,2.19,1.97,GILD
2020-10-28 16:00:00-04:00,1.89,2.11,11.88,GILD
2020-07-30 16:00:00-04:00,1.45,1.11,-23.38,GILD
2020-04-30 17:00:00-04:00,1.56,1.68,7.46,GILD
2020-02-04 16:00:00-05:00,1.67,1.3,-22.31,GILD
2019-10-24 16:00:00-04:00,1.73,1.75,0.96,GILD
2019-07-30 16:00:00-04:00,1.71,1.82,6.44,GILD
2019-05-02 16:00:00-04:00,1.6,1.76,9.79,GILD
2019-02-04 16:00:00-05:00,1.69,1.44,-14.98,GILD
2018-10-25 16:00:00-04:00,1.63,1.84,13.09,GILD
2018-07-25 16:00:00-04:00,1.56,1.91,22.22,GILD
2018-05-01 16:00:00-04:00,1.67,1.48,-11.26,GILD
2018-02-06 16:00:00-05:00,1.67,1.78,6.33,GILD
2017-10-26 16:00:00-04:00,2.13,2.27,6.62,GILD
2017-07-26 16:00:00-04:00,2.17,2.56,17.74,GILD
2017-05-02 16:00:00-04:00,2.28,2.23,-2.28,GILD
2017-02-07 16:00:00-05:00,2.6,2.7,3.77,GILD
2016-11-01 16:00:00-04:00,2.83,2.75,-2.99,GILD
2016-07-25 16:00:00-04:00,3.01,3.08,2.24,GILD
2016-04-28 16:00:00-04:00,3.13,3.03,-3.27,GILD
2016-02-02 16:00:00-05:00,2.97,3.32,11.84,GILD
2015-10-27 16:00:00-04:00,2.87,3.22,12.28,GILD
2015-07-28 16:00:00-04:00,2.71,3.15,16.21,GILD
2015-04-30 16:00:00-04:00,2.29,2.94,28.26,GILD
2015-02-03 16:00:00-05:00,2.18,2.43,11.38,GILD
2014-10-28 16:00:00-04:00,1.9,1.84,-3.19,GILD
2014-07-23 16:00:00-04:00,1.8,2.36,31.29,GILD
2014-04-22 16:00:00-04:00,0.9,1.48,64.18,GILD
2014-02-04 16:00:00-05:00,0.5,0.55,8.99,GILD
2013-10-29 16:00:00-04:00,0.48,0.52,8.79,GILD
2013-07-25 16:00:00-04:00,0.5,0.5,0.26,GILD
2013-05-02 16:00:00-04:00,0.5,0.48,-3.26,GILD
2013-02-04 16:00:00-05:00,0.48,0.5,4.59,GILD
2012-10-23 16:00:00-04:00,0.47,0.5,5.94,GILD
2012-07-26 16:00:00-04:00,0.48,0.5,3.82,GILD
2012-04-26 16:00:00-04:00,0.47,0.46,-3.16,GILD
2012-02-02 16:00:00-05:00,0.52,0.49,-7.17,GILD
2011-10-27 16:00:00-04:00,0.5,0.51,1.2,GILD
2011-07-26 16:00:00-04:00,0.5,0.5,0.75,GILD
2011-04-20 16:00:00-04:00,0.48,0.44,-9.88,GILD
2011-01-25 16:00:00-05:00,0.47,0.48,1.53,GILD
2010-10-19 16:00:00-04:00,0.43,0.45,3.63,GILD
2010-07-20 16:00:00-04:00,0.43,0.42,-2.27,GILD
2010-04-20 15:00:00-04:00,0.47,0.5,4.67,GILD
2010-01-26 16:00:00-05:00,0.41,0.45,8.35,GILD
2009-10-20 16:00:00-04:00,0.34,0.37,10.15,GILD
2009-07-21 16:00:00-04:00,0.31,0.33,5.81,GILD
2009-04-21 16:00:00-04:00,0.29,0.32,6.84,GILD
2009-01-27 16:00:00-05:00,0.27,0.28,2.85,GILD
2008-10-16 16:00:00-04:00,0.25,0.26,5.36,GILD
2008-07-17 16:00:00-04:00,0.24,0.24,-2.23,GILD
2008-04-16 16:00:00-04:00,0.24,0.26,6.51,GILD
2008-01-23 16:00:00-05:00,0.2,0.21,1.87,GILD
2007-10-18 16:00:00-04:00,0.2,0.21,5.91,GILD
2007-07-19 16:00:00-04:00,0.24,0.21,-13.19,GILD
2007-04-18 16:00:00-04:00,0.2,0.21,6.8,GILD
2007-01-31 16:00:00-05:00,0.17,0.2,14.33,GILD
2006-10-18 16:00:00-04:00,0.14,0.16,13.07,GILD
2006-07-20 16:00:00-04:00,0.14,0.14,3.32,GILD
2006-04-18 16:00:00-04:00,0.13,0.15,10.9,GILD
2006-01-30 16:00:00-05:00,0.13,0.14,2.66,GILD
2005-10-18 16:00:00-04:00,0.09,0.1,3.83,GILD
2005-07-19 16:00:00-04:00,0.09,0.1,13.26,GILD
2005-04-19 16:00:00-04:00,0.07,0.09,16.93,GILD
2005-01-27 16:00:00-05:00,0.06,0.06,8.6,GILD
2004-10-21 16:00:00-04:00,0.05,0.06,17.64,GILD
2004-07-29 16:00:00-04:00,0.04,0.06,38.2,GILD
2004-04-22 16:00:00-04:00,0.04,0.06,35.2,GILD
2004-01-29 16:00:00-05:00,0.05,0.05,1.94,GILD
2003-10-28 16:00:00-05:00,0.04,0.04,-20.09,GILD
2003-07-31 16:00:00-04:00,0.05,0.06,6.48,GILD
2003-04-23 16:00:00-04:00,0.02,0.03,62.16,GILD
2003-01-30 16:00:00-05:00,0.02,0.02,16.22,GILD
2002-10-31 16:00:00-05:00,0.01,0.02,188.09,GILD
2002-07-24 16:00:00-04:00,-0.01,-0.02,-41.67,GILD
2002-07-24 16:00:00-04:00,,0.01,233.33,GILD
2002-04-30 16:00:00-04:00,-0.02,-0.01,30.23,GILD
2026-10-27 08:00:00-04:00,0.87,,,GLW
2026-07-28 07:00:00-04:00,0.75,0.78,3.48,GLW
2026-04-28 07:00:00-04:00,0.69,0.7,1.21,GLW
2026-01-28 07:00:00-05:00,0.71,0.72,2.08,GLW
2025-10-28 07:00:00-04:00,0.66,0.67,0.8,GLW
2025-07-29 07:00:00-04:00,0.57,0.6,5.13,GLW
2025-04-29 07:00:00-04:00,0.51,0.54,5.43,GLW
2025-01-29 07:00:00-05:00,0.56,0.57,2.1,GLW
2024-10-29 07:00:00-04:00,0.52,0.54,3.05,GLW
2024-07-30 07:00:00-04:00,0.47,0.47,-0.07,GLW
2024-04-30 07:00:00-04:00,0.35,0.38,8.44,GLW
2024-01-30 07:00:00-05:00,0.41,0.39,-4.08,GLW
2023-10-24 07:00:00-04:00,0.47,0.45,-4.97,GLW
2023-07-25 07:00:00-04:00,0.45,0.45,-0.33,GLW
2023-04-25 07:00:00-04:00,0.39,0.41,4.7,GLW
2023-01-31 07:00:00-05:00,0.44,0.47,6.83,GLW
2022-10-25 07:00:00-04:00,0.51,0.51,-0.08,GLW
2022-07-26 07:00:00-04:00,0.56,0.57,1.25,GLW
2022-04-26 07:00:00-04:00,0.49,0.54,9.17,GLW
2022-01-26 07:00:00-05:00,0.52,0.54,4.06,GLW
2021-10-26 07:00:00-04:00,0.58,0.56,-2.7,GLW
2021-07-27 07:00:00-04:00,0.51,0.53,3.6,GLW
2021-04-27 07:00:00-04:00,0.43,0.45,5.03,GLW
2021-01-27 07:00:00-05:00,0.49,0.52,6.58,GLW
2020-10-29 17:00:00-04:00,0.38,0.43,14.43,GLW
2020-07-28 07:00:00-04:00,0.14,0.25,76.22,GLW
2020-04-28 08:00:00-04:00,0.19,0.2,7.29,GLW
2020-01-29 07:00:00-05:00,0.44,0.46,4.19,GLW
2019-10-29 07:00:00-04:00,0.4,0.44,9.87,GLW
2019-07-30 07:00:00-04:00,0.45,0.45,0.68,GLW
2019-04-30 07:00:00-04:00,0.4,0.4,0.19,GLW
2019-01-29 07:00:00-05:00,0.58,0.59,2.58,GLW
2018-10-23 07:00:00-04:00,0.48,0.51,5.35,GLW
2018-07-25 07:00:00-04:00,0.37,0.38,4.11,GLW
2018-04-24 07:00:00-04:00,0.29,0.31,5.27,GLW
2018-01-30 07:00:00-05:00,0.47,0.49,4.34,GLW
2017-10-24 07:00:00-04:00,0.41,0.43,4.27,GLW
2017-07-26 07:00:00-04:00,0.4,0.42,4.22,GLW
2017-04-25 07:00:00-04:00,0.35,0.39,12.25,GLW
2017-01-24 07:00:00-05:00,0.44,0.5,14.46,GLW
2016-10-25 07:00:00-04:00,0.38,0.42,9.58,GLW
2016-07-27 07:00:00-04:00,0.32,0.37,13.95,GLW
2016-04-26 06:00:00-04:00,0.28,0.28,-0.54,GLW
2016-01-26 06:00:00-05:00,0.31,0.34,8.75,GLW
2015-10-27 06:00:00-04:00,0.35,0.34,-1.89,GLW
2015-07-28 07:00:00-04:00,0.37,0.38,3.13,GLW
2015-04-28 07:00:00-04:00,0.33,0.35,4.96,GLW
2015-01-27 07:00:00-05:00,0.38,0.45,18.13,GLW
2014-10-28 07:00:00-04:00,0.38,0.4,5.43,GLW
2014-07-29 07:00:00-04:00,0.38,0.37,-1.5,GLW
2014-04-28 07:00:00-04:00,0.3,0.31,2.43,GLW
2014-01-28 07:00:00-05:00,0.28,0.29,5.02,GLW
2013-10-30 07:00:00-04:00,0.32,0.33,2.75,GLW
2013-07-30 07:00:00-04:00,0.31,0.32,4.14,GLW
2013-04-24 07:00:00-04:00,0.24,0.3,22.73,GLW
2013-01-29 07:00:00-05:00,0.33,0.34,4.03,GLW
2012-10-24 07:00:00-04:00,0.32,0.34,5.5,GLW
2012-07-25 07:00:00-04:00,0.31,0.31,-1.47,GLW
2012-04-25 07:00:00-04:00,0.28,0.3,7.03,GLW
2012-01-25 07:00:00-05:00,0.33,0.33,1.16,GLW
2011-10-26 07:00:00-04:00,0.42,0.48,15.1,GLW
2011-07-27 07:00:00-04:00,0.47,0.48,1.26,GLW
2011-04-27 07:00:00-04:00,0.44,0.47,7.61,GLW
2011-01-25 07:00:00-05:00,0.47,0.46,-2.15,GLW
2010-11-01 07:00:00-04:00,0.52,0.51,-1.92,GLW
2010-07-28 07:00:00-04:00,0.52,0.58,11.64,GLW
2010-04-28 07:00:00-04:00,0.42,0.52,24.55,GLW
2010-01-26 06:00:00-05:00,0.42,0.44,3.85,GLW
2009-10-26 06:00:00-04:00,0.39,0.42,8.04,GLW
2009-07-27 07:00:00-04:00,0.32,0.39,22.64,GLW
2009-04-27 07:00:00-04:00,0.05,0.1,82.78,GLW
2009-01-27 07:00:00-05:00,0.19,0.13,-29.73,GLW
2008-10-29 07:00:00-04:00,0.43,0.46,5.82,GLW
2008-07-30 07:00:00-04:00,0.49,0.49,0.64,GLW
2008-04-29 06:00:00-04:00,0.42,0.44,5.18,GLW
2008-01-28 07:00:00-05:00,0.39,0.4,2.56,GLW
2007-10-24 06:00:00-04:00,0.37,0.38,3.64,GLW
2007-07-25 06:00:00-04:00,0.32,0.34,5.49,GLW
2007-04-25 06:00:00-04:00,0.26,0.28,6.87,GLW
2007-01-24 06:00:00-05:00,0.28,0.31,12.32,GLW
2006-10-24 16:00:00-04:00,0.25,0.28,12.0,GLW
2006-07-25 16:00:00-04:00,0.25,0.26,4.42,GLW
2006-04-25 16:00:00-04:00,0.23,0.27,18.09,GLW
2006-01-24 16:00:00-05:00,0.23,0.22,-2.22,GLW
2005-10-26 16:00:00-04:00,0.21,0.26,22.91,GLW
2005-07-26 16:00:00-04:00,0.18,0.2,9.89,GLW
2005-04-26 16:00:00-04:00,0.16,0.17,8.18,GLW
2005-01-25 16:00:00-05:00,0.12,0.12,2.56,GLW
2004-10-20 16:00:00-04:00,0.11,0.14,22.81,GLW
2004-07-19 16:00:00-04:00,0.09,0.11,27.91,GLW
2004-04-22 16:00:00-04:00,0.05,0.08,70.21,GLW
2004-01-22 16:00:00-05:00,0.04,0.04,-0.94,GLW
2003-10-22 16:00:00-04:00,0.02,0.04,77.78,GLW
2003-07-21 16:00:00-04:00,-0.01,0.02,433.33,GLW
2003-04-22 16:00:00-04:00,-0.04,,100.0,GLW
2003-01-23 16:00:00-05:00,-0.09,-0.1,-9.89,GLW
2002-10-30 07:00:00-05:00,-0.08,-0.06,25.93,GLW
2002-07-23 16:00:00-04:00,-0.09,-0.07,24.73,GLW
2002-04-22 16:00:00-04:00,-0.1,-0.1,,GLW
2002-01-23 16:00:00-05:00,-0.28,-0.28,,GLW
2026-10-20 08:00:00-04:00,3.61,,,GM
2026-07-21 07:00:00-04:00,3.19,3.57,12.0,GM
2026-04-28 06:00:00-04:00,2.64,3.7,40.19,GM
2026-01-27 06:00:00-05:00,2.27,2.51,10.65,GM
2025-10-21 06:00:00-04:00,2.32,2.8,20.55,GM
2025-07-22 06:00:00-04:00,2.48,2.53,2.15,GM
2025-04-29 07:00:00-04:00,2.67,2.78,4.28,GM
2025-01-28 06:00:00-05:00,1.84,1.92,4.3,GM
2024-10-22 06:00:00-04:00,2.39,2.96,23.78,GM
2024-07-23 06:00:00-04:00,2.7,3.06,13.36,GM
2024-04-23 06:00:00-04:00,2.12,2.62,23.63,GM
2024-01-30 06:00:00-05:00,1.14,1.24,8.78,GM
2023-10-24 06:00:00-04:00,1.84,2.28,24.06,GM
2023-07-25 07:00:00-04:00,1.84,1.91,3.98,GM
2023-04-25 06:00:00-04:00,1.73,2.21,27.86,GM
2023-01-31 06:00:00-05:00,1.68,2.12,26.05,GM
2022-10-25 06:00:00-04:00,1.88,2.25,19.63,GM
2022-07-26 06:00:00-04:00,1.32,1.14,-13.5,GM
2022-04-26 16:00:00-04:00,1.66,2.09,25.56,GM
2022-02-01 16:00:00-05:00,1.15,1.35,17.31,GM
2021-10-27 07:00:00-04:00,0.97,1.52,57.06,GM
2021-08-04 07:00:00-04:00,1.83,1.97,7.87,GM
2021-05-05 07:00:00-04:00,1.05,2.25,114.21,GM
2021-02-10 07:00:00-05:00,1.64,1.93,17.6,GM
2020-11-05 07:00:00-05:00,1.43,2.83,97.97,GM
2020-07-29 09:00:00-04:00,-1.78,-0.5,71.86,GM
2020-05-06 08:00:00-04:00,0.34,0.62,84.29,GM
2020-02-05 09:00:00-05:00,0.01,0.05,662.2,GM
2019-10-29 08:00:00-04:00,1.37,1.72,25.85,GM
2019-08-01 08:00:00-04:00,1.45,1.64,12.75,GM
2019-04-30 08:00:00-04:00,1.12,1.41,26.24,GM
2019-02-06 08:00:00-05:00,1.21,1.43,18.64,GM
2018-10-31 07:00:00-04:00,1.25,1.87,49.8,GM
2018-07-25 07:00:00-04:00,1.8,1.81,0.45,GM
2018-04-26 07:00:00-04:00,1.27,1.43,12.49,GM
2018-02-06 07:00:00-05:00,1.44,1.65,14.67,GM
2017-10-24 07:00:00-04:00,1.11,1.32,18.76,GM
2017-07-25 07:00:00-04:00,1.72,1.89,9.86,GM
2017-04-28 07:00:00-04:00,1.47,1.7,15.89,GM
2017-02-07 08:00:00-05:00,1.17,1.28,9.56,GM
2016-10-25 07:00:00-04:00,1.47,1.72,16.7,GM
2016-07-21 07:00:00-04:00,1.52,1.86,22.22,GM
2016-04-21 07:00:00-04:00,1.0,1.26,25.48,GM
2016-02-03 07:00:00-05:00,1.2,1.39,16.11,GM
2015-10-21 07:00:00-04:00,1.18,1.5,26.65,GM
2015-07-23 07:00:00-04:00,1.08,1.29,19.25,GM
2015-04-23 07:00:00-04:00,0.97,0.86,-11.25,GM
2015-02-04 07:00:00-05:00,0.83,1.19,43.64,GM
2014-10-23 07:00:00-04:00,0.93,0.97,4.35,GM
2014-07-24 07:00:00-04:00,0.57,0.58,1.08,GM
2014-04-24 08:00:00-04:00,0.01,0.06,538.3,GM
2014-02-06 07:00:00-05:00,0.89,0.67,-24.39,GM
2013-10-30 07:00:00-04:00,0.94,0.96,2.06,GM
2013-07-25 08:00:00-04:00,0.76,0.84,10.88,GM
2013-05-02 07:00:00-04:00,0.56,0.85,50.67,GM
2013-02-14 11:00:00-05:00,0.51,0.48,-6.24,GM
2012-10-31 07:00:00-04:00,0.6,0.93,55.48,GM
2012-08-02 07:00:00-04:00,0.79,0.9,14.51,GM
2012-05-03 07:00:00-04:00,0.85,0.93,9.98,GM
2012-02-16 07:00:00-05:00,0.43,0.39,-9.76,GM
2011-11-09 10:00:00-05:00,0.95,1.05,9.9,GM
2011-08-04 08:00:00-04:00,1.2,1.54,28.36,GM
2011-05-05 07:00:00-04:00,0.92,0.95,2.73,GM
2011-02-24 07:00:00-05:00,0.44,0.52,17.4,GM
2026-12-08 07:00:00-05:00,0.2,,,GME
2026-09-08 09:00:00-04:00,0.27,0.27,,GME
2026-06-02 16:00:00-04:00,0.16,0.3,87.5,GME
2025-12-09 16:00:00-05:00,0.2,0.24,20.0,GME
2025-09-09 16:00:00-04:00,0.16,0.25,61.29,GME
2025-06-10 16:00:00-04:00,0.04,0.17,325.0,GME
2025-03-25 16:00:00-04:00,0.08,0.3,275.0,GME
2024-12-10 16:00:00-05:00,-0.03,0.06,300.0,GME
2024-09-10 16:00:00-04:00,-0.08,0.01,111.76,GME
2024-06-07 06:00:00-04:00,-0.09,-0.12,-33.33,GME
2024-03-26 16:00:00-04:00,0.3,0.22,-25.42,GME
2023-12-06 16:00:00-05:00,-0.08,,100.0,GME
2023-09-06 16:00:00-04:00,-0.14,-0.03,78.57,GME
2023-06-07 16:00:00-04:00,-0.12,-0.14,-16.67,GME
2023-03-21 16:00:00-04:00,-0.13,0.16,220.0,GME
2022-12-07 16:00:00-05:00,-0.28,-0.31,-12.05,GME
2022-09-07 16:00:00-04:00,-0.41,-0.35,15.66,GME
2022-06-01 16:00:00-04:00,-0.3,-0.52,-71.19,GME
2022-03-17 16:00:00-04:00,0.21,-0.46,-322.08,GME
2021-12-08 16:00:00-05:00,-0.13,-0.35,-168.59,GME
2021-09-08 16:00:00-04:00,-0.17,-0.19,-14.29,GME
2021-06-09 16:00:00-04:00,-0.21,-0.11,46.11,GME
2021-03-23 16:00:00-04:00,0.36,0.34,-5.82,GME
2020-12-08 16:00:00-05:00,-0.21,-0.13,37.56,GME
2020-09-09 16:00:00-04:00,-0.28,-0.35,-23.35,GME
2020-06-09 16:00:00-04:00,-0.42,-0.4,4.64,GME
2020-03-26 16:00:00-04:00,0.2,0.32,61.4,GME
2019-12-10 16:00:00-05:00,0.04,-0.12,-385.48,GME
2019-09-10 16:00:00-04:00,-0.05,-0.08,-48.62,GME
2019-06-04 16:00:00-04:00,-0.01,0.02,346.13,GME
2019-04-02 16:00:00-04:00,0.39,0.4,1.33,GME
2018-11-29 16:00:00-05:00,0.14,0.17,19.01,GME
2018-09-06 16:00:00-04:00,0.02,0.01,-32.43,GME
2018-05-31 16:00:00-04:00,0.09,0.1,3.54,GME
2018-03-28 16:00:00-04:00,0.49,0.51,3.06,GME
2017-11-21 16:00:00-05:00,0.11,0.14,24.71,GME
2017-08-24 16:00:00-04:00,0.04,0.04,-6.74,GME
2017-05-25 16:00:00-04:00,0.13,0.16,24.64,GME
2017-03-23 16:00:00-04:00,0.57,0.6,4.14,GME
2016-11-22 16:00:00-05:00,0.12,0.12,4.46,GME
2016-08-25 16:00:00-04:00,0.07,0.07,-1.73,GME
2016-05-26 16:00:00-04:00,0.15,0.17,8.7,GME
2016-03-24 16:00:00-04:00,0.56,0.6,6.39,GME
2015-11-23 08:00:00-05:00,0.15,0.14,-8.27,GME
2015-08-27 16:00:00-04:00,0.06,0.08,27.51,GME
2015-05-28 16:00:00-04:00,0.15,0.17,14.87,GME
2015-03-26 16:00:00-04:00,0.54,0.54,-0.7,GME
2014-11-20 16:00:00-05:00,0.15,0.14,-6.79,GME
2014-08-21 16:00:00-04:00,0.05,0.06,18.08,GME
2014-05-22 16:00:00-04:00,0.14,0.15,3.42,GME
2014-03-27 08:00:00-04:00,0.48,0.48,-1.79,GME
2013-11-21 08:00:00-05:00,0.14,0.14,1.93,GME
2013-08-22 08:00:00-04:00,0.01,0.02,116.76,GME
2013-05-23 08:00:00-04:00,0.1,0.12,14.71,GME
2013-03-28 08:00:00-04:00,0.52,0.54,3.27,GME
2012-11-15 08:00:00-05:00,0.08,0.1,16.64,GME
2012-08-16 08:00:00-04:00,0.04,0.04,3.41,GME
2012-05-17 08:00:00-04:00,0.13,0.14,1.78,GME
2012-03-22 08:00:00-04:00,0.43,0.43,0.17,GME
2011-11-17 08:00:00-05:00,0.1,0.1,-0.32,GME
2011-08-18 08:00:00-04:00,0.05,0.06,5.38,GME
2011-05-19 08:00:00-04:00,0.14,0.14,3.34,GME
2011-03-24 08:00:00-04:00,0.39,0.39,0.07,GME
2010-11-18 08:00:00-05:00,0.09,0.1,3.07,GME
2010-08-19 08:00:00-04:00,0.07,0.07,-3.26,GME
2010-05-20 08:00:00-04:00,0.12,0.12,1.59,GME
2010-03-18 08:00:00-04:00,0.32,0.32,1.2,GME
2009-11-19 08:00:00-05:00,0.08,0.08,6.67,GME
2009-08-20 08:00:00-04:00,0.07,0.06,-16.74,GME
2009-05-21 08:00:00-04:00,0.1,0.11,3.37,GME
2009-03-26 08:00:00-04:00,0.33,0.34,0.11,GME
2008-11-20 08:00:00-05:00,0.09,0.09,-8.57,GME
2008-08-21 08:00:00-04:00,0.07,0.09,20.01,GME
2008-05-22 08:00:00-04:00,0.09,0.1,9.55,GME
2008-03-18 08:00:00-04:00,0.28,0.28,1.5,GME
2007-11-20 08:00:00-05:00,0.06,0.08,42.51,GME
2007-08-23 08:00:00-04:00,0.02,0.04,58.87,GME
2007-05-23 08:00:00-04:00,0.04,0.05,6.31,GME
2007-03-27 08:00:00-04:00,0.29,0.21,-30.09,GME
2006-11-21 08:00:00-05:00,0.03,0.03,1.85,GME
2006-08-17 08:00:00-04:00,0.01,0.01,-6.95,GME
2006-05-18 08:00:00-04:00,0.01,0.02,239.56,GME
2006-03-21 08:00:00-05:00,0.13,0.14,4.18,GME
2005-11-29 08:00:00-05:00,0.02,0.02,2.01,GME
2005-08-18 08:00:00-04:00,0.02,0.02,-0.74,GME
2005-05-24 08:00:00-04:00,0.02,0.02,15.18,GME
2005-03-23 08:00:00-05:00,0.09,0.09,0.95,GME
2004-11-15 08:00:00-05:00,0.03,0.03,1.83,GME
2004-08-17 08:00:00-04:00,0.02,0.02,2.52,GME
2004-05-18 08:00:00-04:00,0.02,0.02,3.61,GME
2004-02-18 08:00:00-05:00,0.08,0.08,1.14,GME
2003-11-19 16:00:00-05:00,0.02,0.02,2.27,GME
2003-08-18 16:00:00-04:00,0.01,0.01,12.24,GME
2003-05-21 16:00:00-04:00,0.01,0.01,4.8,GME
2003-03-19 16:00:00-05:00,0.06,0.07,0.96,GME
2002-11-18 16:00:00-05:00,0.02,0.02,14.29,GME
2002-08-19 16:00:00-04:00,0.01,0.01,52.25,GME
2002-05-20 16:00:00-04:00,0.01,0.01,95.65,GME
2002-03-11 16:00:00-05:00,0.05,0.06,28.78,GME
2026-10-28 16:00:00-04:00,3.06,,,GOOG
2026-07-22 16:00:00-04:00,2.91,2.85,-2.15,GOOG
2026-04-29 16:00:00-04:00,2.63,2.76,4.95,GOOG
2026-02-04 16:00:00-05:00,2.64,2.82,6.78,GOOG
2025-10-29 16:00:00-04:00,2.26,2.87,26.87,GOOG
2025-07-23 16:00:00-04:00,2.2,2.31,5.09,GOOG
2025-04-24 16:00:00-04:00,2.01,2.81,39.84,GOOG
2025-02-04 16:00:00-05:00,2.13,2.15,1.18,GOOG
2024-10-29 16:00:00-04:00,1.85,2.12,14.74,GOOG
2024-07-23 16:00:00-04:00,1.84,1.89,2.54,GOOG
2024-04-25 16:00:00-04:00,1.51,1.89,25.58,GOOG
2024-01-30 16:00:00-05:00,1.6,1.64,2.53,GOOG
2023-10-24 16:00:00-04:00,1.45,1.55,7.05,GOOG
2023-07-25 16:00:00-04:00,1.34,1.44,7.29,GOOG
2023-04-25 16:00:00-04:00,1.07,1.17,9.45,GOOG
2023-02-02 16:00:00-05:00,1.2,1.05,-12.33,GOOG
2022-10-25 16:00:00-04:00,1.26,1.06,-16.01,GOOG
2022-07-26 16:00:00-04:00,1.29,1.21,-6.05,GOOG
2022-04-26 16:00:00-04:00,1.28,1.23,-3.67,GOOG
2022-02-01 16:00:00-05:00,1.36,1.53,12.52,GOOG
2021-10-26 16:00:00-04:00,1.16,1.4,20.44,GOOG
2021-07-27 16:00:00-04:00,0.96,1.36,42.7,GOOG
2021-04-27 16:00:00-04:00,0.78,1.31,67.88,GOOG
2021-02-02 16:00:00-05:00,0.8,1.12,39.28,GOOG
2020-10-29 16:00:00-04:00,0.56,0.82,46.48,GOOG
2020-07-30 16:00:00-04:00,0.41,0.51,23.4,GOOG
2020-04-28 16:00:00-04:00,0.54,0.49,-8.29,GOOG
2020-02-03 16:00:00-05:00,0.63,0.77,21.89,GOOG
2019-10-28 16:00:00-04:00,0.64,0.55,-14.08,GOOG
2019-07-25 16:00:00-04:00,0.57,0.71,23.88,GOOG
2019-04-29 16:00:00-04:00,0.52,0.6,14.43,GOOG
2019-02-04 16:00:00-05:00,0.55,0.64,16.33,GOOG
2018-10-25 16:00:00-04:00,0.53,0.65,23.99,GOOG
2018-07-23 16:00:00-04:00,0.48,0.59,23.16,GOOG
2018-04-23 16:00:00-04:00,0.46,0.47,2.28,GOOG
2018-02-01 16:00:00-05:00,0.49,0.49,-2.02,GOOG
2017-10-26 16:00:00-04:00,0.42,0.48,13.13,GOOG
2017-07-24 16:00:00-04:00,0.41,0.45,7.37,GOOG
2017-04-27 16:00:00-04:00,0.47,0.5,6.96,GOOG
2017-01-26 16:00:00-05:00,0.48,0.47,-2.62,GOOG
2016-10-27 16:00:00-04:00,0.43,0.45,5.32,GOOG
2016-07-28 16:00:00-04:00,0.4,0.42,4.77,GOOG
2016-04-21 16:00:00-04:00,0.4,0.38,-5.8,GOOG
2016-02-01 16:00:00-05:00,0.4,0.43,7.24,GOOG
2015-10-22 16:00:00-04:00,0.36,0.37,2.0,GOOG
2015-07-16 16:00:00-04:00,0.33,0.35,4.5,GOOG
2015-04-23 16:00:00-04:00,0.33,0.33,-0.58,GOOG
2015-01-29 16:00:00-05:00,0.36,0.34,-3.49,GOOG
2014-10-16 16:00:00-04:00,0.33,0.32,-2.6,GOOG
2014-07-17 16:00:00-04:00,0.33,0.3,-6.95,GOOG
2014-04-16 16:00:00-04:00,0.39,0.31,-19.37,GOOG
2014-01-30 16:00:00-05:00,0.61,0.6,-2.32,GOOG
2013-10-17 16:00:00-04:00,0.52,0.54,3.07,GOOG
2013-07-18 16:00:00-04:00,0.54,0.48,-11.37,GOOG
2013-04-18 16:00:00-04:00,0.53,0.58,8.82,GOOG
2013-01-22 16:00:00-05:00,0.53,0.53,0.87,GOOG
2012-10-18 12:00:00-04:00,0.53,0.45,-15.44,GOOG
2012-07-19 16:00:00-04:00,0.5,0.5,0.26,GOOG
2012-04-12 16:00:00-04:00,0.48,0.5,4.61,GOOG
2012-01-19 16:00:00-05:00,0.52,0.47,-9.33,GOOG
2011-10-13 16:00:00-04:00,0.44,0.48,11.06,GOOG
2011-07-14 16:00:00-04:00,0.39,0.44,11.89,GOOG
2011-04-14 16:00:00-04:00,0.4,0.4,0.01,GOOG
2011-01-20 16:00:00-05:00,0.4,0.44,9.22,GOOG
2010-10-14 16:00:00-04:00,0.33,0.38,14.89,GOOG
2010-07-15 16:00:00-04:00,0.32,0.32,-0.67,GOOG
2010-05-05 19:00:00-04:00,0.33,0.34,1.84,GOOG
2026-10-28 16:00:00-04:00,3.03,,,GOOGL
2026-07-22 16:00:00-04:00,2.9,9.11,214.23,GOOGL
2026-04-29 16:00:00-04:00,2.67,5.11,91.59,GOOGL
2026-02-04 16:00:00-05:00,2.64,2.82,7.01,GOOGL
2025-10-29 16:00:00-04:00,2.26,2.87,26.88,GOOGL
2025-07-23 16:00:00-04:00,2.19,2.31,5.67,GOOGL
2025-04-24 16:00:00-04:00,2.01,2.81,39.84,GOOGL
2025-02-04 16:00:00-05:00,2.13,2.15,1.18,GOOGL
2024-10-29 16:00:00-04:00,1.85,2.12,14.83,GOOGL
2024-07-23 16:00:00-04:00,1.84,1.89,2.54,GOOGL
2024-04-25 16:00:00-04:00,1.51,1.89,25.58,GOOGL
2024-01-30 16:00:00-05:00,1.6,1.64,2.75,GOOGL
2023-10-24 16:00:00-04:00,1.45,1.55,7.05,GOOGL
2023-07-25 16:00:00-04:00,1.34,1.44,7.29,GOOGL
2023-04-25 16:00:00-04:00,1.07,1.17,9.45,GOOGL
2023-02-02 16:00:00-05:00,1.2,1.05,-12.33,GOOGL
2022-10-25 16:00:00-04:00,1.26,1.06,-16.01,GOOGL
2022-07-26 16:00:00-04:00,1.29,1.21,-6.05,GOOGL
2022-04-26 16:00:00-04:00,1.28,1.23,-3.67,GOOGL
2022-02-01 16:00:00-05:00,1.36,1.53,12.65,GOOGL
2021-10-26 16:00:00-04:00,1.16,1.4,20.44,GOOGL
2021-07-27 16:00:00-04:00,0.96,1.36,42.7,GOOGL
2021-04-27 16:00:00-04:00,0.78,1.31,67.76,GOOGL
2021-02-02 16:00:00-05:00,0.79,1.12,41.85,GOOGL
2020-10-29 16:00:00-04:00,0.56,0.82,46.24,GOOGL
2020-07-30 16:00:00-04:00,0.41,0.51,23.4,GOOGL
2020-04-28 16:00:00-04:00,0.54,0.49,-8.29,GOOGL
2020-02-03 16:00:00-05:00,0.63,0.77,21.89,GOOGL
2019-10-28 16:00:00-04:00,0.62,0.51,-18.75,GOOGL
2019-07-25 16:00:00-04:00,0.57,0.71,23.88,GOOGL
2019-04-29 16:00:00-04:00,0.52,0.6,14.43,GOOGL
2019-02-04 16:00:00-05:00,0.54,0.64,17.57,GOOGL
2018-10-25 16:00:00-04:00,0.52,0.65,25.5,GOOGL
2018-07-23 16:00:00-04:00,0.19,0.23,21.83,GOOGL
2018-04-23 16:00:00-04:00,0.46,0.47,2.28,GOOGL
2018-02-01 16:00:00-05:00,0.49,0.49,-2.02,GOOGL
2017-10-26 16:00:00-04:00,0.42,0.48,13.13,GOOGL
2017-07-24 16:00:00-04:00,0.22,0.25,13.25,GOOGL
2017-04-27 16:00:00-04:00,0.47,0.5,6.16,GOOGL
2017-01-26 16:00:00-05:00,0.48,0.47,-2.66,GOOGL
2016-10-27 16:00:00-04:00,0.34,0.36,8.13,GOOGL
2016-07-28 16:00:00-04:00,0.32,0.35,9.23,GOOGL
2016-04-21 16:00:00-04:00,0.4,0.38,-5.77,GOOGL
2016-02-01 16:00:00-05:00,0.4,0.43,7.13,GOOGL
2015-10-22 16:00:00-04:00,0.36,0.37,2.0,GOOGL
2015-07-16 16:00:00-04:00,0.27,0.25,-8.25,GOOGL
2015-04-23 16:00:00-04:00,0.27,0.26,-2.05,GOOGL
2015-01-29 16:00:00-05:00,0.36,0.34,-3.49,GOOGL
2014-10-16 16:00:00-04:00,0.33,0.32,-2.6,GOOGL
2014-07-17 16:00:00-04:00,0.31,0.3,-2.42,GOOGL
2014-04-16 16:00:00-04:00,0.32,0.31,-2.31,GOOGL
2014-01-30 16:00:00-05:00,0.26,0.25,-3.19,GOOGL
2013-10-17 16:00:00-04:00,0.26,0.27,2.99,GOOGL
2013-07-18 16:00:00-04:00,0.27,0.24,-11.28,GOOGL
2013-04-18 16:00:00-04:00,0.22,0.25,12.69,GOOGL
2013-01-22 16:00:00-05:00,0.26,0.27,0.82,GOOGL
2012-10-18 12:00:00-04:00,0.27,0.23,-15.68,GOOGL
2012-07-19 16:00:00-04:00,0.25,0.25,-0.04,GOOGL
2012-04-12 16:00:00-04:00,0.24,0.25,4.22,GOOGL
2012-01-19 16:00:00-05:00,0.26,0.24,-9.38,GOOGL
2011-10-13 16:00:00-04:00,0.22,0.24,10.91,GOOGL
2011-07-14 16:00:00-04:00,0.2,0.22,11.82,GOOGL
2011-04-14 16:00:00-04:00,0.18,0.18,-1.46,GOOGL
2011-01-20 16:00:00-05:00,0.2,0.22,9.15,GOOGL
2010-10-14 16:00:00-04:00,0.17,0.19,14.9,GOOGL
2010-07-15 16:00:00-04:00,0.14,0.14,0.22,GOOGL
2010-05-05 19:00:00-04:00,0.17,0.17,2.41,GOOGL
2010-01-21 16:00:00-05:00,0.16,0.17,4.88,GOOGL
2009-10-15 16:00:00-04:00,0.14,0.15,8.69,GOOGL
2009-07-16 16:00:00-04:00,0.11,0.12,6.29,GOOGL
2009-04-16 16:00:00-04:00,0.12,0.13,4.93,GOOGL
2009-01-22 16:00:00-05:00,0.12,0.13,3.16,GOOGL
2008-10-16 16:00:00-04:00,0.12,0.12,3.68,GOOGL
2008-07-17 16:00:00-04:00,0.1,0.1,-1.78,GOOGL
2008-04-17 16:00:00-04:00,0.11,0.12,6.86,GOOGL
2008-01-31 16:00:00-05:00,0.11,0.11,-0.82,GOOGL
2007-10-18 16:00:00-04:00,0.09,0.1,3.42,GOOGL
2007-07-19 16:00:00-04:00,0.08,0.07,-2.62,GOOGL
2007-04-19 16:00:00-04:00,0.08,0.09,11.22,GOOGL
2007-01-31 16:00:00-05:00,0.07,0.08,25.0,GOOGL
2006-10-19 16:00:00-04:00,0.06,0.07,9.57,GOOGL
2006-07-20 16:00:00-04:00,0.06,0.06,11.76,GOOGL
2006-04-20 16:00:00-04:00,0.04,0.05,13.98,GOOGL
2006-01-31 16:00:00-05:00,0.04,0.03,-17.32,GOOGL
2005-10-20 16:00:00-04:00,0.03,0.03,8.62,GOOGL
2005-07-21 16:00:00-04:00,0.03,0.03,7.44,GOOGL
2005-04-21 16:00:00-04:00,0.02,0.03,39.43,GOOGL
2005-02-01 16:00:00-05:00,0.02,0.02,19.48,GOOGL
2004-10-21 16:00:00-04:00,-0.01,,184.52,GOOGL
2026-11-05 15:00:00-05:00,-0.14,,,GPRO
2026-08-10 16:00:00-04:00,,,,GPRO
2026-03-05 16:00:00-05:00,0.04,-0.02,-150.0,GPRO
2025-11-06 16:00:00-05:00,-0.04,-0.09,-125.0,GPRO
2025-08-11 16:00:00-04:00,-0.06,-0.08,-33.33,GPRO
2025-05-12 16:00:00-04:00,-0.12,-0.12,,GPRO
2025-02-06 16:00:00-05:00,-0.11,-0.09,21.74,GPRO
2024-11-07 16:00:00-05:00,-0.04,,100.0,GPRO
2024-08-06 16:00:00-04:00,-0.25,-0.24,2.7,GPRO
2024-05-07 16:00:00-04:00,-0.25,-0.21,14.87,GPRO
2024-02-07 16:00:00-05:00,0.03,0.02,-20.0,GPRO
2023-11-07 16:00:00-05:00,0.02,0.04,100.0,GPRO
2023-08-03 16:00:00-04:00,-0.07,-0.07,,GPRO
2023-05-09 16:00:00-04:00,-0.14,-0.18,-24.14,GPRO
2023-02-02 16:00:00-05:00,0.09,0.12,34.97,GPRO
2022-11-03 16:00:00-04:00,0.16,0.19,15.98,GPRO
2022-08-04 16:00:00-04:00,0.06,0.08,30.19,GPRO
2022-05-05 16:00:00-04:00,0.06,0.09,61.29,GPRO
2022-02-03 16:00:00-05:00,0.35,0.41,16.54,GPRO
2021-11-04 16:00:00-04:00,0.2,0.34,73.39,GPRO
2021-08-05 16:00:00-04:00,0.04,0.12,221.72,GPRO
2021-05-06 16:00:00-04:00,,0.03,518.56,GPRO
2021-02-04 16:00:00-05:00,0.38,0.39,1.97,GPRO
2020-11-05 16:00:00-05:00,0.06,0.2,218.93,GPRO
2020-08-06 16:00:00-04:00,-0.16,-0.2,-21.69,GPRO
2020-05-07 17:00:00-04:00,-0.34,-0.34,0.68,GPRO
2020-02-05 16:00:00-05:00,0.79,0.7,-10.95,GPRO
2019-11-07 16:00:00-05:00,-0.48,-0.42,12.64,GPRO
2019-08-01 16:00:00-04:00,0.04,0.03,-31.71,GPRO
2019-05-09 16:00:00-04:00,-0.09,-0.07,18.21,GPRO
2019-02-06 16:00:00-05:00,0.26,0.3,16.34,GPRO
2018-11-01 16:00:00-04:00,-0.06,-0.04,36.65,GPRO
2018-08-02 16:00:00-04:00,-0.22,-0.15,31.16,GPRO
2018-05-03 16:00:00-04:00,-0.36,-0.34,5.07,GPRO
2018-02-01 16:00:00-05:00,-0.08,-0.3,-286.1,GPRO
2017-11-01 16:00:00-04:00,0.02,0.15,595.09,GPRO
2017-08-03 16:00:00-04:00,-0.25,-0.09,64.19,GPRO
2017-04-27 16:00:00-04:00,-0.46,-0.44,3.51,GPRO
2017-02-02 16:00:00-05:00,0.22,0.29,30.26,GPRO
2016-11-03 16:00:00-04:00,-0.34,-0.6,-78.14,GPRO
2016-07-27 16:00:00-04:00,-0.58,-0.52,10.54,GPRO
2016-05-05 16:00:00-04:00,-0.59,-0.63,-6.46,GPRO
2016-02-03 16:00:00-05:00,0.03,-0.08,-343.46,GPRO
2015-10-28 16:00:00-04:00,0.29,0.25,-13.99,GPRO
2015-07-21 16:00:00-04:00,0.26,0.35,36.07,GPRO
2015-04-28 16:00:00-04:00,0.18,0.24,36.78,GPRO
2015-02-05 16:00:00-05:00,0.7,0.99,41.41,GPRO
2014-10-30 16:00:00-04:00,0.08,0.12,43.15,GPRO
2014-07-31 16:00:00-04:00,0.07,0.08,22.32,GPRO
2026-10-13 08:00:00-04:00,13.76,,,GS
2026-07-14 07:00:00-04:00,14.54,20.98,44.27,GS
2026-04-13 07:00:00-04:00,16.24,17.55,8.09,GS
2026-01-15 07:00:00-05:00,11.76,14.01,19.09,GS
2025-10-14 07:00:00-04:00,11.09,12.25,10.49,GS
2025-07-16 07:00:00-04:00,9.62,10.91,13.39,GS
2025-04-14 07:00:00-04:00,12.29,14.12,14.88,GS
2025-01-15 07:00:00-05:00,8.29,10.97,32.26,GS
2024-10-15 07:00:00-04:00,7.31,9.02,23.35,GS
2024-07-15 07:00:00-04:00,8.4,8.41,0.14,GS
2024-04-15 07:00:00-04:00,8.7,11.58,33.1,GS
2024-01-16 07:00:00-05:00,4.27,5.48,28.33,GS
2023-10-17 07:00:00-04:00,5.53,5.47,-1.02,GS
2023-07-19 07:00:00-04:00,3.83,3.08,-19.55,GS
2023-04-18 07:00:00-04:00,8.06,8.79,9.07,GS
2023-01-17 07:00:00-05:00,5.77,3.32,-42.44,GS
2022-10-18 07:00:00-04:00,7.52,8.25,9.73,GS
2022-07-18 07:00:00-04:00,6.56,7.73,17.82,GS
2022-04-14 07:00:00-04:00,8.98,10.76,19.88,GS
2022-01-18 07:00:00-05:00,11.93,10.81,-9.37,GS
2021-10-15 08:00:00-04:00,10.01,14.93,49.14,GS
2021-07-13 07:00:00-04:00,10.18,15.02,47.52,GS
2021-04-14 07:00:00-04:00,10.19,18.6,82.6,GS
2021-01-19 07:00:00-05:00,7.36,12.55,70.43,GS
2020-10-14 07:00:00-04:00,5.5,9.68,75.85,GS
2020-07-15 07:00:00-04:00,3.91,6.26,60.16,GS
2020-04-15 07:00:00-04:00,3.36,3.11,-7.44,GS
2020-01-15 07:00:00-05:00,5.49,4.69,-14.51,GS
2019-10-15 07:00:00-04:00,4.89,4.79,-2.07,GS
2019-07-16 07:00:00-04:00,5.09,5.81,14.13,GS
2019-04-15 07:00:00-04:00,5.1,5.71,12.0,GS
2019-01-16 07:00:00-05:00,4.71,6.04,28.19,GS
2018-10-16 07:00:00-04:00,5.38,6.28,16.65,GS
2018-07-17 07:00:00-04:00,4.64,5.98,28.99,GS
2018-04-17 07:00:00-04:00,5.54,6.95,25.39,GS
2018-01-17 07:00:00-05:00,4.95,5.68,14.77,GS
2017-10-17 07:00:00-04:00,4.15,5.02,21.07,GS
2017-07-18 07:00:00-04:00,3.41,3.95,15.81,GS
2017-04-18 07:00:00-04:00,5.24,5.15,-1.78,GS
2017-01-18 07:00:00-05:00,4.8,5.08,5.88,GS
2016-10-18 07:00:00-04:00,3.83,4.88,27.33,GS
2016-07-19 07:00:00-04:00,3.04,3.72,22.31,GS
2016-04-19 07:00:00-04:00,2.5,2.68,7.22,GS
2016-01-20 07:00:00-05:00,3.62,4.68,29.19,GS
2015-10-15 07:00:00-04:00,3.08,2.9,-5.85,GS
2015-07-16 07:00:00-04:00,3.95,1.98,-49.91,GS
2015-04-16 07:00:00-04:00,4.27,5.94,39.12,GS
2015-01-16 07:00:00-05:00,4.31,4.38,1.54,GS
2014-10-16 07:00:00-04:00,3.14,4.57,45.31,GS
2014-07-15 07:00:00-04:00,3.09,4.1,32.58,GS
2014-04-17 07:00:00-04:00,3.5,4.02,14.7,GS
2014-01-16 07:00:00-05:00,4.17,4.6,10.43,GS
2013-10-17 07:00:00-04:00,2.43,2.88,18.6,GS
2013-07-16 07:00:00-04:00,2.85,3.7,29.91,GS
2013-04-16 07:00:00-04:00,3.94,4.29,8.86,GS
2013-01-16 07:00:00-05:00,3.71,5.6,51.0,GS
2012-10-16 07:00:00-04:00,2.2,2.85,29.3,GS
2012-07-17 07:00:00-04:00,1.23,1.78,45.06,GS
2012-04-17 07:00:00-04:00,3.54,3.92,10.73,GS
2012-01-18 07:00:00-05:00,1.34,1.84,37.31,GS
2011-10-18 07:00:00-04:00,-0.1,-0.84,-766.69,GS
2011-07-19 08:00:00-04:00,2.38,1.85,-22.21,GS
2011-04-19 08:00:00-04:00,0.83,1.56,88.15,GS
2011-01-19 08:00:00-05:00,3.82,3.79,-0.74,GS
2010-10-19 08:00:00-04:00,2.41,2.98,23.53,GS
2010-07-20 08:00:00-04:00,2.52,0.78,-69.02,GS
2010-04-20 07:00:00-04:00,4.08,5.59,36.87,GS
2010-01-21 08:00:00-05:00,5.19,8.2,57.99,GS
2009-10-15 07:00:00-04:00,4.19,5.25,25.28,GS
2009-07-14 08:00:00-04:00,3.48,4.93,41.79,GS
2009-04-13 16:00:00-04:00,1.5,3.39,126.23,GS
2008-12-16 08:00:00-05:00,-3.92,-4.62,-17.88,GS
2008-09-16 08:00:00-04:00,1.75,1.81,3.34,GS
2008-06-17 08:00:00-04:00,3.38,4.58,35.46,GS
2008-03-18 08:00:00-04:00,2.57,3.23,25.68,GS
2007-12-18 08:00:00-05:00,6.68,7.01,4.88,GS
2007-09-20 08:00:00-04:00,4.35,6.13,41.04,GS
2007-06-14 08:00:00-04:00,4.79,4.93,2.91,GS
2007-03-13 08:00:00-04:00,4.98,6.67,34.04,GS
2006-12-12 08:00:00-05:00,5.99,6.59,10.05,GS
2006-09-12 08:00:00-04:00,2.96,3.26,9.95,GS
2006-06-13 08:00:00-04:00,4.28,4.78,11.69,GS
2006-03-14 09:00:00-05:00,3.3,5.08,53.76,GS
2005-12-15 08:00:00-05:00,3.49,3.35,-4.0,GS
2005-09-20 08:00:00-04:00,2.36,3.25,37.91,GS
2005-06-16 08:00:00-04:00,1.89,1.71,-9.57,GS
2005-03-17 08:00:00-05:00,2.24,2.94,31.03,GS
2004-12-16 08:00:00-05:00,2.36,2.36,0.13,GS
2004-09-21 08:00:00-04:00,1.41,1.74,23.26,GS
2004-06-22 08:00:00-04:00,1.95,2.31,18.55,GS
2004-03-23 08:00:00-05:00,1.62,2.5,54.29,GS
2003-12-18 08:00:00-05:00,1.54,1.89,22.88,GS
2003-09-23 08:00:00-04:00,1.23,1.32,7.38,GS
2003-06-25 08:00:00-04:00,1.19,1.36,14.16,GS
2003-03-20 08:00:00-05:00,0.96,1.29,35.08,GS
2002-12-19 08:00:00-05:00,0.96,0.98,1.79,GS
2002-09-24 08:00:00-04:00,0.99,1.0,0.88,GS
2002-06-20 08:00:00-04:00,0.98,1.06,8.02,GS
2002-03-19 08:00:00-05:00,0.89,0.98,10.46,GS
2001-12-20 08:00:00-05:00,0.9,0.93,3.4,GS
2026-10-20 08:00:00-04:00,0.58,,,HAL
2026-07-21 06:00:00-04:00,0.54,0.55,2.28,HAL
2026-04-21 06:00:00-04:00,0.5,0.55,10.42,HAL
2026-01-21 06:00:00-05:00,0.55,0.69,26.32,HAL
2025-10-21 06:00:00-04:00,0.5,0.58,16.93,HAL
2025-07-22 06:00:00-04:00,0.55,0.55,-0.72,HAL
2025-04-22 06:00:00-04:00,0.6,0.6,-0.43,HAL
2025-01-22 06:00:00-05:00,0.7,0.7,0.69,HAL
2024-11-07 06:00:00-05:00,0.75,0.73,-3.1,HAL
2024-07-19 06:00:00-04:00,0.8,0.8,-0.08,HAL
2024-04-23 06:00:00-04:00,0.74,0.76,2.02,HAL
2024-01-23 06:00:00-05:00,0.8,0.86,8.07,HAL
2023-10-24 06:00:00-04:00,0.77,0.79,2.79,HAL
2023-07-19 06:00:00-04:00,0.75,0.77,3.09,HAL
2023-04-25 06:00:00-04:00,0.67,0.72,7.16,HAL
2023-01-24 06:00:00-05:00,0.67,0.72,7.53,HAL
2022-10-25 06:00:00-04:00,0.56,0.6,7.02,HAL
2022-07-19 06:00:00-04:00,0.45,0.49,9.48,HAL
2022-04-19 06:00:00-04:00,0.34,0.35,1.66,HAL
2022-01-24 06:00:00-05:00,0.34,0.36,5.06,HAL
2021-10-19 06:00:00-04:00,0.28,0.28,1.4,HAL
2021-07-20 06:00:00-04:00,0.23,0.26,14.18,HAL
2021-04-21 06:00:00-04:00,0.17,0.19,13.12,HAL
2021-01-19 06:00:00-05:00,0.14,0.18,25.11,HAL
2020-10-19 06:00:00-04:00,0.09,0.11,28.96,HAL
2020-07-20 06:00:00-04:00,-0.11,0.05,144.92,HAL
2020-04-20 07:00:00-04:00,0.24,0.31,26.92,HAL
2020-01-21 06:00:00-05:00,0.29,0.32,8.58,HAL
2019-10-21 06:00:00-04:00,0.34,0.34,-1.02,HAL
2019-07-22 06:00:00-04:00,0.3,0.35,16.66,HAL
2019-04-22 06:00:00-04:00,0.23,0.23,1.63,HAL
2019-01-22 06:00:00-05:00,0.37,0.41,10.53,HAL
2018-10-22 06:00:00-04:00,0.49,0.5,1.93,HAL
2018-07-23 06:00:00-04:00,0.59,0.58,-1.09,HAL
2018-04-23 06:00:00-04:00,0.4,0.41,2.12,HAL
2018-01-22 06:00:00-05:00,0.46,0.53,14.1,HAL
2017-10-23 06:00:00-04:00,0.38,0.42,11.86,HAL
2017-07-24 06:00:00-04:00,0.18,0.23,27.66,HAL
2017-04-24 06:00:00-04:00,0.03,0.04,35.59,HAL
2017-01-23 06:00:00-05:00,0.02,0.04,91.48,HAL
2016-10-19 06:00:00-04:00,-0.06,0.01,115.71,HAL
2016-07-20 06:00:00-04:00,-0.19,-0.14,28.01,HAL
2016-05-03 06:00:00-04:00,0.04,0.07,79.99,HAL
2016-01-25 06:00:00-05:00,0.24,0.31,29.85,HAL
2015-10-19 06:00:00-04:00,0.27,0.31,13.04,HAL
2015-07-20 07:00:00-04:00,0.29,0.44,51.16,HAL
2015-04-20 07:00:00-04:00,0.38,0.49,28.57,HAL
2015-01-20 07:00:00-05:00,1.1,1.19,7.7,HAL
2014-10-20 07:00:00-04:00,1.1,1.19,8.43,HAL
2014-07-21 07:00:00-04:00,0.91,0.91,-0.24,HAL
2014-04-21 07:00:00-04:00,0.72,0.73,1.73,HAL
2014-01-21 07:00:00-05:00,0.89,0.93,4.86,HAL
2013-10-21 07:00:00-04:00,0.82,0.83,1.67,HAL
2013-07-22 07:00:00-04:00,0.72,0.73,1.61,HAL
2013-04-22 07:00:00-04:00,0.57,0.67,17.26,HAL
2013-01-25 07:00:00-05:00,0.6,0.63,4.18,HAL
2012-10-17 07:00:00-04:00,0.67,0.67,-0.57,HAL
2012-07-23 06:00:00-04:00,0.75,0.8,6.45,HAL
2012-04-18 06:00:00-04:00,0.85,0.89,4.47,HAL
2012-01-23 06:00:00-05:00,0.99,1.0,0.63,HAL
2011-10-17 06:00:00-04:00,0.92,0.94,2.25,HAL
2011-07-18 06:00:00-04:00,0.74,0.81,9.77,HAL
2011-04-18 06:00:00-04:00,0.58,0.61,4.75,HAL
2011-01-24 06:00:00-05:00,0.63,0.68,8.33,HAL
2010-10-18 07:00:00-04:00,0.56,0.58,4.42,HAL
2010-07-19 07:00:00-04:00,0.36,0.52,43.23,HAL
2010-04-19 05:00:00-04:00,0.25,0.28,10.62,HAL
2010-01-25 07:00:00-05:00,0.27,0.28,3.76,HAL
2009-10-16 07:00:00-04:00,0.26,0.31,19.93,HAL
2009-07-20 07:00:00-04:00,0.26,0.3,13.87,HAL
2009-04-20 06:00:00-04:00,0.41,0.44,6.95,HAL
2009-01-26 06:00:00-05:00,0.73,0.82,12.3,HAL
2008-10-20 06:00:00-04:00,0.74,0.76,2.64,HAL
2008-07-22 06:00:00-04:00,0.68,0.68,-0.66,HAL
2008-04-21 06:00:00-04:00,0.64,0.64,0.07,HAL
2008-01-28 06:00:00-05:00,0.69,0.71,2.78,HAL
2007-10-21 15:00:00-04:00,0.64,0.66,2.36,HAL
2007-07-23 06:00:00-04:00,0.56,0.6,6.76,HAL
2007-04-26 06:00:00-04:00,0.52,0.54,3.25,HAL
2007-01-26 06:00:00-05:00,0.62,0.62,-0.14,HAL
2006-10-22 17:00:00-04:00,0.64,0.58,-9.32,HAL
2006-07-20 19:00:00-04:00,0.55,0.52,-4.77,HAL
2006-04-20 17:00:00-04:00,0.44,0.45,2.74,HAL
2006-01-26 18:00:00-05:00,0.45,0.52,15.6,HAL
2005-10-24 18:00:00-04:00,0.41,0.41,-0.25,HAL
2005-07-21 17:00:00-04:00,0.28,0.38,37.21,HAL
2005-04-21 17:00:00-04:00,0.22,0.29,31.73,HAL
2005-01-28 07:00:00-05:00,0.24,0.22,-7.43,HAL
2004-10-26 07:00:00-04:00,0.18,0.2,6.92,HAL
2004-07-23 07:00:00-04:00,0.16,0.17,3.53,HAL
2004-04-28 07:00:00-04:00,0.15,0.16,4.25,HAL
2004-01-29 07:00:00-05:00,0.16,0.17,7.57,HAL
2003-10-29 05:00:00-05:00,0.14,0.16,17.6,HAL
2003-07-31 06:00:00-04:00,0.02,0.03,50.0,HAL
2003-04-29 07:00:00-04:00,0.1,0.1,3.28,HAL
2003-02-20 06:00:00-05:00,0.12,0.12,2.42,HAL
2002-11-07 06:00:00-05:00,0.1,0.14,35.59,HAL
2002-07-24 06:00:00-04:00,0.08,0.09,10.92,HAL
2002-05-07 06:00:00-04:00,0.1,0.1,-0.65,HAL
2002-01-23 16:00:00-05:00,0.17,0.17,-0.43,HAL
2026-11-17 07:00:00-05:00,3.83,,,HD
2026-08-18 06:00:00-04:00,4.73,4.92,3.97,HD
2026-05-19 06:00:00-04:00,3.41,3.43,0.69,HD
2026-02-24 06:00:00-05:00,2.52,2.72,7.8,HD
2025-11-18 06:00:00-05:00,3.83,3.74,-2.45,HD
2025-08-19 06:00:00-04:00,4.69,4.68,-0.31,HD
2025-05-20 06:00:00-04:00,3.59,3.56,-0.81,HD
2025-02-25 06:00:00-05:00,3.04,3.02,-0.79,HD
2024-11-12 06:00:00-05:00,3.66,3.67,0.33,HD
2024-08-13 06:00:00-04:00,4.55,4.6,1.16,HD
2024-05-14 06:00:00-04:00,3.61,3.63,0.57,HD
2024-02-20 06:00:00-05:00,2.77,2.82,1.63,HD
2023-11-14 06:00:00-05:00,3.76,3.81,1.35,HD
2023-08-15 06:00:00-04:00,4.44,4.65,4.68,HD
2023-05-16 06:00:00-04:00,3.8,3.82,0.52,HD
2023-02-21 06:00:00-05:00,3.29,3.3,0.4,HD
2022-11-15 06:00:00-05:00,4.12,4.24,2.96,HD
2022-08-16 06:00:00-04:00,4.93,5.05,2.36,HD
2022-05-17 06:00:00-04:00,3.69,4.09,10.83,HD
2022-02-22 06:00:00-05:00,3.18,3.21,0.87,HD
2021-11-16 06:00:00-05:00,3.4,3.92,15.29,HD
2021-08-17 06:00:00-04:00,4.43,4.53,2.33,HD
2021-05-18 06:00:00-04:00,3.05,3.86,26.58,HD
2021-02-23 06:00:00-05:00,2.62,2.74,4.59,HD
2020-11-17 06:00:00-05:00,3.04,3.18,4.77,HD
2020-08-18 06:00:00-04:00,3.72,4.02,8.06,HD
2020-05-19 06:00:00-04:00,2.26,2.08,-7.82,HD
2020-02-25 06:00:00-05:00,2.11,2.28,8.28,HD
2019-11-19 06:00:00-05:00,2.53,2.53,0.13,HD
2019-08-20 06:00:00-04:00,3.08,3.17,3.02,HD
2019-05-21 06:00:00-04:00,2.19,2.27,3.67,HD
2019-02-26 06:00:00-05:00,2.16,2.25,4.11,HD
2018-11-13 06:00:00-05:00,2.27,2.51,10.74,HD
2018-08-14 06:00:00-04:00,2.85,3.05,6.97,HD
2018-05-15 06:00:00-04:00,2.05,2.08,1.43,HD
2018-02-20 06:00:00-05:00,1.64,1.69,2.93,HD
2017-11-14 06:00:00-05:00,1.82,1.84,1.0,HD
2017-08-15 06:00:00-04:00,2.22,2.25,1.48,HD
2017-05-16 06:00:00-04:00,1.61,1.67,3.49,HD
2017-02-21 06:00:00-05:00,1.34,1.44,7.82,HD
2016-11-15 06:00:00-05:00,1.58,1.6,1.25,HD
2016-08-16 06:00:00-04:00,1.97,1.97,0.16,HD
2016-05-17 06:00:00-04:00,1.35,1.44,6.62,HD
2016-02-23 06:00:00-05:00,1.1,1.17,6.03,HD
2015-11-17 06:00:00-05:00,1.32,1.36,3.23,HD
2015-08-18 06:00:00-04:00,1.69,1.71,1.0,HD
2015-05-19 06:00:00-04:00,1.15,1.16,0.59,HD
2015-02-24 06:00:00-05:00,0.89,1.0,11.92,HD
2014-11-18 06:00:00-05:00,1.14,1.12,-1.61,HD
2014-08-19 06:00:00-04:00,1.45,1.52,4.94,HD
2014-05-20 06:00:00-04:00,0.98,0.96,-2.47,HD
2014-02-25 06:00:00-05:00,0.71,0.73,2.78,HD
2013-11-19 06:00:00-05:00,0.9,0.95,6.11,HD
2013-08-20 06:00:00-04:00,1.21,1.24,2.63,HD
2013-05-21 06:00:00-04:00,0.76,0.83,9.25,HD
2013-02-26 06:00:00-05:00,0.64,0.67,4.25,HD
2012-11-13 06:00:00-05:00,0.7,0.74,5.43,HD
2012-08-14 06:00:00-04:00,0.97,1.01,3.92,HD
2012-05-15 06:00:00-04:00,0.64,0.65,1.38,HD
2012-02-21 06:00:00-05:00,0.42,0.5,18.66,HD
2011-11-15 06:00:00-05:00,0.58,0.6,2.69,HD
2011-08-16 06:00:00-04:00,0.82,0.86,4.35,HD
2011-05-17 06:00:00-04:00,0.49,0.5,1.31,HD
2011-02-22 06:00:00-05:00,0.3,0.36,18.04,HD
2010-11-16 06:00:00-05:00,0.48,0.51,6.43,HD
2010-08-17 06:00:00-04:00,0.7,0.72,2.17,HD
2010-05-18 06:00:00-04:00,0.39,0.45,13.99,HD
2010-02-23 06:00:00-05:00,0.17,0.24,44.83,HD
2009-11-17 06:00:00-05:00,0.35,0.41,15.59,HD
2009-08-18 06:00:00-04:00,0.59,0.64,8.26,HD
2009-05-19 06:00:00-04:00,0.28,0.35,25.1,HD
2009-02-24 06:00:00-05:00,0.15,0.19,22.9,HD
2008-11-18 06:00:00-05:00,0.39,0.45,16.77,HD
2008-08-19 06:00:00-04:00,0.61,0.71,16.03,HD
2008-05-20 06:00:00-04:00,0.37,0.41,11.29,HD
2008-02-26 06:00:00-05:00,0.43,0.4,-6.98,HD
2007-11-13 06:00:00-05:00,0.6,0.59,-1.28,HD
2007-08-14 06:00:00-04:00,0.74,0.77,4.36,HD
2007-05-15 06:00:00-04:00,0.59,0.53,-10.75,HD
2007-02-20 06:00:00-05:00,0.51,0.5,-1.24,HD
2006-11-14 06:00:00-05:00,0.75,0.73,-2.93,HD
2006-08-15 06:00:00-04:00,0.92,0.93,1.09,HD
2006-05-16 06:00:00-04:00,0.67,0.7,4.4,HD
2006-02-21 06:00:00-05:00,0.56,0.6,6.57,HD
2005-11-15 06:00:00-05:00,0.68,0.72,6.04,HD
2005-08-16 06:00:00-04:00,0.79,0.82,3.27,HD
2005-05-17 06:00:00-04:00,0.55,0.57,3.26,HD
2005-02-22 06:00:00-05:00,0.47,0.47,-1.01,HD
2004-11-16 06:00:00-05:00,0.57,0.6,6.04,HD
2004-08-17 06:00:00-04:00,0.65,0.7,8.41,HD
2004-05-18 06:00:00-04:00,0.43,0.49,13.22,HD
2004-02-24 06:00:00-05:00,0.39,0.42,8.62,HD
2003-11-18 06:00:00-05:00,0.46,0.5,8.23,HD
2003-08-19 06:00:00-04:00,0.54,0.56,2.94,HD
2003-05-20 07:00:00-04:00,0.37,0.39,6.56,HD
2003-02-25 07:00:00-05:00,0.27,0.3,11.11,HD
2002-11-19 07:00:00-05:00,0.4,0.4,,HD
2002-08-20 07:00:00-04:00,0.47,0.5,5.95,HD
2002-05-21 07:00:00-04:00,0.33,0.36,9.25,HD
2002-02-26 08:00:00-05:00,0.29,0.3,4.78,HD
2026-11-09 15:00:00-05:00,0.06,,,HIMS
2026-08-10 16:00:00-04:00,-0.05,-0.37,-640.0,HIMS
2026-05-11 16:00:00-04:00,0.13,-0.19,-244.04,HIMS
2026-02-23 16:00:00-05:00,0.19,0.22,20.82,HIMS
2025-11-03 16:00:00-05:00,0.23,0.28,20.42,HIMS
2025-08-04 16:00:00-04:00,0.23,0.29,26.25,HIMS
2025-05-05 16:00:00-04:00,0.23,0.28,24.18,HIMS
2025-02-24 16:00:00-05:00,0.22,0.23,4.18,HIMS
2024-11-04 16:00:00-05:00,0.15,0.43,187.4,HIMS
2024-08-05 16:00:00-04:00,0.13,0.16,28.56,HIMS
2024-05-06 16:00:00-04:00,0.08,0.1,22.52,HIMS
2024-02-26 16:00:00-05:00,0.06,0.05,-16.07,HIMS
2023-11-06 16:00:00-05:00,0.05,0.06,0.31,HIMS
2023-08-07 16:00:00-04:00,0.03,0.05,72.28,HIMS
2023-05-08 16:00:00-04:00,0.02,0.03,45.51,HIMS
2023-02-27 16:00:00-05:00,-0.06,-0.05,13.55,HIMS
2022-11-07 16:00:00-05:00,-0.06,-0.09,-49.85,HIMS
2022-08-08 16:00:00-04:00,-0.06,-0.1,-68.66,HIMS
2022-05-09 16:00:00-04:00,-0.06,-0.08,-43.02,HIMS
2022-02-22 16:00:00-05:00,-0.06,-0.1,-58.2,HIMS
2021-11-10 16:00:00-05:00,-0.06,-0.1,-59.61,HIMS
2021-08-11 16:00:00-04:00,-0.06,-0.09,-58.72,HIMS
2021-05-17 07:00:00-04:00,-0.07,-0.28,-330.3,HIMS
2021-03-18 16:00:00-04:00,-0.06,-0.05,11.53,HIMS
2026-10-22 08:00:00-04:00,2.17,,,HON
2026-07-23 09:00:00-04:00,1.82,1.95,7.22,HON
2026-04-23 06:00:00-04:00,4.64,4.9,5.55,HON
2026-01-29 06:00:00-05:00,5.07,5.18,2.14,HON
2025-10-23 06:00:00-04:00,5.13,5.64,9.87,HON
2025-07-24 06:00:00-04:00,5.32,5.5,3.43,HON
2025-04-29 06:00:00-04:00,4.42,5.02,13.64,HON
2025-02-06 06:00:00-05:00,4.69,4.94,5.28,HON
2024-10-24 06:00:00-04:00,5.01,5.16,3.08,HON
2024-07-25 06:00:00-04:00,4.83,4.98,3.1,HON
2024-04-25 06:00:00-04:00,4.36,4.5,3.32,HON
2024-02-01 06:00:00-05:00,5.18,5.2,0.33,HON
2023-10-26 06:00:00-04:00,4.46,4.54,1.87,HON
2023-07-27 06:00:00-04:00,4.43,4.46,0.79,HON
2023-04-27 06:00:00-04:00,3.85,4.14,7.43,HON
2023-02-02 06:00:00-05:00,5.02,5.04,0.45,HON
2022-10-27 06:00:00-04:00,4.3,4.5,4.61,HON
2022-07-28 06:00:00-04:00,4.05,4.2,3.6,HON
2022-04-29 06:00:00-04:00,3.72,3.82,2.58,HON
2022-02-03 06:00:00-05:00,4.16,4.18,0.52,HON
2021-10-22 06:00:00-04:00,3.99,4.04,1.17,HON
2021-07-23 06:00:00-04:00,3.89,4.04,3.86,HON
2021-04-23 06:00:00-04:00,3.6,3.84,6.59,HON
2021-01-29 06:00:00-05:00,4.0,4.14,3.5,HON
2020-10-30 06:00:00-04:00,2.97,3.12,4.94,HON
2020-07-24 06:00:00-04:00,2.48,2.52,1.66,HON
2020-05-01 06:00:00-04:00,3.89,4.42,13.65,HON
2020-01-31 06:00:00-05:00,4.08,4.12,0.87,HON
2019-10-17 06:00:00-04:00,4.02,4.16,3.48,HON
2019-07-18 06:00:00-04:00,4.17,4.2,0.8,HON
2019-04-18 06:00:00-04:00,3.67,3.84,4.54,HON
2019-02-01 06:00:00-05:00,3.78,3.82,1.03,HON
2018-10-19 06:00:00-04:00,3.98,4.06,1.94,HON
2018-07-20 06:00:00-04:00,4.02,4.24,5.46,HON
2018-04-20 06:00:00-04:00,3.8,3.9,2.63,HON
2018-01-26 06:00:00-05:00,3.68,3.7,0.52,HON
2017-10-20 06:00:00-04:00,3.49,3.5,0.43,HON
2017-07-21 06:00:00-04:00,3.56,3.6,1.25,HON
2017-04-21 06:00:00-04:00,3.25,3.42,5.28,HON
2017-01-27 06:00:00-05:00,3.48,3.48,-0.02,HON
2016-10-21 06:00:00-04:00,3.2,3.2,-0.01,HON
2016-07-22 06:00:00-04:00,3.28,3.32,1.15,HON
2016-04-22 06:00:00-04:00,3.0,3.06,1.96,HON
2016-01-29 06:00:00-05:00,3.17,3.06,-3.49,HON
2015-10-16 06:00:00-04:00,3.09,3.2,3.48,HON
2015-07-17 07:00:00-04:00,2.98,3.02,1.25,HON
2015-04-17 07:00:00-04:00,2.79,2.82,1.13,HON
2015-01-23 07:00:00-05:00,2.83,2.86,0.92,HON
2014-10-17 06:00:00-04:00,2.83,2.94,4.05,HON
2014-07-18 07:00:00-04:00,2.71,2.76,1.71,HON
2014-04-17 07:00:00-04:00,2.52,2.56,1.5,HON
2014-01-24 07:00:00-05:00,2.43,2.48,2.04,HON
2013-10-18 07:00:00-04:00,2.49,2.48,-0.25,HON
2013-07-19 07:00:00-04:00,2.43,2.56,5.31,HON
2013-04-19 07:00:00-04:00,2.28,2.42,6.13,HON
2013-01-25 07:00:00-05:00,2.19,2.2,0.58,HON
2012-10-19 06:00:00-04:00,2.27,2.4,5.91,HON
2012-07-18 07:00:00-04:00,2.22,2.28,2.59,HON
2012-04-20 07:00:00-04:00,1.97,2.08,5.47,HON
2012-01-27 07:00:00-05:00,2.1,2.1,0.16,HON
2011-10-21 07:00:00-04:00,2.01,1.74,-13.24,HON
2011-07-22 07:00:00-04:00,1.96,2.0,2.02,HON
2011-04-20 17:00:00-04:00,1.64,1.76,7.25,HON
2011-01-28 07:00:00-05:00,1.72,1.74,1.2,HON
2010-10-22 07:00:00-04:00,1.25,1.28,2.02,HON
2010-07-23 07:00:00-04:00,1.15,1.2,4.26,HON
2010-04-23 06:00:00-04:00,0.96,1.0,4.69,HON
2010-01-29 07:00:00-05:00,1.8,1.82,1.09,HON
2009-10-23 07:00:00-04:00,1.44,1.52,5.22,HON
2009-07-27 07:00:00-04:00,1.21,1.2,-0.43,HON
2009-04-24 07:00:00-04:00,1.08,1.08,-0.4,HON
2009-01-30 07:00:00-05:00,1.94,1.94,-0.24,HON
2008-10-17 07:00:00-04:00,1.9,1.94,1.89,HON
2008-07-18 07:00:00-04:00,1.87,1.92,2.81,HON
2008-04-18 07:00:00-04:00,1.65,1.7,3.14,HON
2008-01-24 23:00:00-05:00,1.82,1.82,0.07,HON
2007-10-19 07:00:00-04:00,1.63,1.62,-0.61,HON
2007-07-19 08:00:00-04:00,1.52,1.56,2.95,HON
2007-04-20 07:00:00-04:00,1.23,1.32,7.03,HON
2007-01-26 07:00:00-05:00,1.44,1.44,0.29,HON
2006-10-19 08:00:00-04:00,1.27,1.32,3.99,HON
2006-07-20 07:00:00-04:00,1.23,1.26,2.69,HON
2006-04-19 07:00:00-04:00,0.98,1.04,6.43,HON
2006-01-26 07:00:00-05:00,1.22,1.22,-0.38,HON
2005-10-19 07:00:00-04:00,1.07,1.1,3.2,HON
2005-07-20 07:00:00-04:00,1.01,1.08,6.95,HON
2005-04-20 07:00:00-04:00,0.8,0.84,4.88,HON
2005-01-28 07:00:00-05:00,0.98,0.98,-0.29,HON
2004-10-20 06:00:00-04:00,0.85,0.86,0.78,HON
2004-07-21 02:00:00-04:00,0.76,0.9,17.71,HON
2004-04-21 06:00:00-04:00,0.6,0.68,12.99,HON
2004-01-29 06:00:00-05:00,0.93,0.98,5.07,HON
2003-10-16 07:00:00-04:00,0.8,0.8,-0.39,HON
2003-07-17 07:00:00-04:00,0.73,0.74,0.74,HON
2003-04-17 06:00:00-04:00,0.67,0.64,-4.15,HON
2003-01-31 08:00:00-05:00,1.0,1.0,,HON
2002-10-16 07:00:00-04:00,1.0,1.0,-0.4,HON
2002-07-16 07:00:00-04:00,1.08,1.1,2.17,HON
2002-07-16 07:00:00-04:00,1.1,1.1,,HON
2002-04-18 07:00:00-04:00,0.9,0.9,-0.4,HON
2026-10-27 16:00:00-04:00,0.54,,,HOOD
2026-07-29 16:00:00-04:00,0.43,0.62,43.71,HOOD
2026-04-28 16:00:00-04:00,0.43,0.47,8.63,HOOD
2026-02-10 16:00:00-05:00,0.68,0.73,6.26,HOOD
2025-11-05 16:00:00-05:00,0.54,0.61,12.07,HOOD
2025-07-30 16:00:00-04:00,0.31,0.42,35.99,HOOD
2025-04-30 16:00:00-04:00,0.37,0.44,19.78,HOOD
2025-02-12 16:00:00-05:00,0.52,1.04,99.1,HOOD
2024-10-30 16:00:00-04:00,0.26,0.26,0.38,HOOD
2024-08-07 16:00:00-04:00,0.26,0.3,15.99,HOOD
2024-05-08 16:00:00-04:00,0.06,0.18,224.62,HOOD
2024-02-13 16:00:00-05:00,0.07,0.13,72.19,HOOD
2023-11-07 16:00:00-05:00,0.12,0.11,-6.17,HOOD
2023-08-02 16:00:00-04:00,0.12,0.15,21.21,HOOD
2023-05-10 16:00:00-04:00,0.08,0.1,21.25,HOOD
2023-02-08 16:00:00-05:00,-0.08,-0.13,-50.44,HOOD
2022-11-02 16:00:00-04:00,-0.31,-0.2,35.36,HOOD
2022-08-02 16:00:00-04:00,-0.33,-0.31,6.24,HOOD
2022-04-28 16:00:00-04:00,-0.35,-0.45,-26.82,HOOD
2022-01-27 16:00:00-05:00,-0.44,-0.49,-10.2,HOOD
2021-10-26 16:00:00-04:00,0.1,-0.07,-177.0,HOOD
2021-08-18 16:00:00-04:00,-0.26,0.18,170.42,HOOD
2026-11-24 15:00:00-05:00,0.75,,,HPQ
2026-08-26 16:00:00-04:00,0.69,0.83,19.99,HPQ
2026-05-27 16:00:00-04:00,0.72,0.86,20.26,HPQ
2026-02-24 16:00:00-05:00,0.77,0.81,5.61,HPQ
2025-11-25 16:00:00-05:00,0.92,0.93,0.76,HPQ
2025-08-27 16:00:00-04:00,0.75,0.75,-0.04,HPQ
2025-05-28 16:00:00-04:00,0.8,0.71,-11.63,HPQ
2025-02-27 16:00:00-05:00,0.74,0.74,-0.49,HPQ
2024-11-26 16:00:00-05:00,0.93,0.93,-0.19,HPQ
2024-08-28 16:00:00-04:00,0.86,0.83,-3.9,HPQ
2024-05-29 16:00:00-04:00,0.81,0.82,1.33,HPQ
2024-02-28 16:00:00-05:00,0.81,0.81,-0.18,HPQ
2023-11-21 16:00:00-05:00,0.9,0.9,0.01,HPQ
2023-08-29 16:00:00-04:00,0.86,0.86,0.22,HPQ
2023-05-30 16:00:00-04:00,0.76,0.8,5.41,HPQ
2023-02-28 16:00:00-05:00,0.75,0.75,-0.05,HPQ
2022-11-22 16:00:00-05:00,0.85,0.85,-0.08,HPQ
2022-08-30 16:00:00-04:00,1.03,1.04,0.98,HPQ
2022-05-31 16:00:00-04:00,1.05,1.08,2.77,HPQ
2022-02-28 16:00:00-05:00,1.02,1.1,7.6,HPQ
2021-11-23 16:00:00-05:00,0.88,0.94,6.56,HPQ
2021-08-26 16:00:00-04:00,0.84,1.0,19.53,HPQ
2021-05-27 16:00:00-04:00,0.89,0.93,4.55,HPQ
2021-02-25 14:00:00-05:00,0.66,0.92,38.54,HPQ
2020-11-24 16:00:00-05:00,0.52,0.62,18.61,HPQ
2020-08-27 16:00:00-04:00,0.43,0.49,14.29,HPQ
2020-05-27 16:00:00-04:00,0.44,0.51,16.97,HPQ
2020-02-24 16:00:00-05:00,0.54,0.65,20.16,HPQ
2019-11-26 16:00:00-05:00,0.58,0.6,4.03,HPQ
2019-08-22 16:00:00-04:00,0.55,0.58,6.0,HPQ
2019-05-23 16:00:00-04:00,0.51,0.53,3.79,HPQ
2019-02-27 16:00:00-05:00,0.52,0.52,-0.07,HPQ
2018-11-29 16:00:00-05:00,0.54,0.54,0.15,HPQ
2018-08-23 16:00:00-04:00,0.51,0.52,2.78,HPQ
2018-05-29 16:00:00-04:00,0.48,0.48,0.7,HPQ
2018-02-22 16:00:00-05:00,0.42,0.48,15.37,HPQ
2017-11-21 16:00:00-05:00,0.44,0.44,-0.3,HPQ
2017-08-23 16:00:00-04:00,0.42,0.43,2.19,HPQ
2017-05-24 16:00:00-04:00,0.39,0.4,3.14,HPQ
2017-02-22 16:00:00-05:00,0.37,0.38,3.29,HPQ
2016-11-22 16:00:00-05:00,0.36,0.36,-1.15,HPQ
2016-08-24 16:00:00-04:00,0.45,0.48,7.15,HPQ
2016-05-25 16:00:00-04:00,0.38,0.41,8.04,HPQ
2016-02-24 16:00:00-05:00,0.36,0.36,-0.49,HPQ
2015-11-24 16:00:00-05:00,0.97,0.93,-3.98,HPQ
2015-08-20 16:00:00-04:00,0.85,0.88,3.14,HPQ
2015-05-21 16:00:00-04:00,0.86,0.87,1.62,HPQ
2015-02-24 16:00:00-05:00,0.91,0.92,0.78,HPQ
2014-11-25 16:00:00-05:00,1.05,1.06,0.51,HPQ
2014-08-20 16:00:00-04:00,0.89,0.89,0.43,HPQ
2014-05-22 15:00:00-04:00,0.88,0.88,0.15,HPQ
2014-02-20 16:00:00-05:00,0.84,0.9,6.61,HPQ
2013-11-26 16:00:00-05:00,1.0,1.01,1.11,HPQ
2013-08-21 16:00:00-04:00,0.87,0.86,-0.58,HPQ
2013-05-22 16:00:00-04:00,0.81,0.87,7.46,HPQ
2013-02-21 16:00:00-05:00,0.71,0.82,16.04,HPQ
2012-11-20 07:00:00-05:00,1.14,1.16,1.34,HPQ
2012-08-22 16:00:00-04:00,0.98,1.0,1.92,HPQ
2012-05-23 16:00:00-04:00,0.91,0.98,7.47,HPQ
2012-02-22 16:00:00-05:00,0.87,0.92,6.02,HPQ
2011-11-21 16:00:00-05:00,1.13,1.17,3.5,HPQ
2011-08-18 15:00:00-04:00,1.09,1.1,0.77,HPQ
2011-05-17 07:00:00-04:00,1.21,1.24,2.69,HPQ
2011-02-22 16:00:00-05:00,1.29,1.36,5.59,HPQ
2010-11-22 16:00:00-05:00,1.27,1.33,4.78,HPQ
2010-08-19 16:00:00-04:00,1.08,1.08,0.12,HPQ
2010-05-18 16:00:00-04:00,1.05,1.09,3.56,HPQ
2010-02-17 16:00:00-05:00,1.06,1.1,3.96,HPQ
2009-11-23 16:00:00-05:00,1.13,1.14,1.19,HPQ
2009-08-18 16:00:00-04:00,0.9,0.91,1.62,HPQ
2009-05-19 16:00:00-04:00,0.86,0.86,0.13,HPQ
2009-02-18 16:00:00-05:00,0.93,0.93,-0.32,HPQ
2008-11-24 16:00:00-05:00,1.02,1.03,1.18,HPQ
2008-08-19 16:00:00-04:00,0.84,0.86,2.89,HPQ
2008-05-13 07:00:00-04:00,0.84,0.87,3.2,HPQ
2008-02-19 16:00:00-05:00,0.81,0.86,6.28,HPQ
2007-11-19 16:00:00-05:00,0.82,0.86,4.93,HPQ
2007-08-16 16:00:00-04:00,0.66,0.71,8.23,HPQ
2007-05-16 16:00:00-04:00,0.69,0.7,1.16,HPQ
2007-02-20 16:00:00-05:00,0.62,0.65,4.17,HPQ
2006-11-16 16:00:00-05:00,0.64,0.68,6.75,HPQ
2006-08-16 16:00:00-04:00,0.48,0.52,9.47,HPQ
2006-05-16 16:00:00-04:00,0.49,0.54,10.2,HPQ
2006-02-15 16:00:00-05:00,0.44,0.48,9.09,HPQ
2005-11-17 16:00:00-05:00,0.46,0.51,9.91,HPQ
2005-08-16 16:00:00-04:00,0.31,0.36,17.26,HPQ
2005-05-17 16:00:00-04:00,0.36,0.37,3.35,HPQ
2005-02-16 16:00:00-05:00,0.36,0.37,4.14,HPQ
2004-11-16 16:00:00-05:00,0.37,0.41,11.72,HPQ
2004-08-12 07:00:00-04:00,0.31,0.24,-22.83,HPQ
2004-05-18 16:00:00-04:00,0.34,0.34,-0.87,HPQ
2004-02-19 16:00:00-05:00,0.35,0.35,,HPQ
2003-11-19 16:00:00-05:00,0.35,0.36,2.56,HPQ
2003-08-19 16:00:00-04:00,0.26,0.23,-12.55,HPQ
2003-05-20 16:00:00-04:00,0.27,0.29,6.62,HPQ
2003-02-25 16:00:00-05:00,0.28,0.29,5.45,HPQ
2002-11-20 16:00:00-05:00,0.22,0.24,8.39,HPQ
2002-08-27 16:00:00-04:00,0.14,0.14,0.72,HPQ
2002-05-14 17:00:00-04:00,0.26,0.25,-1.96,HPQ
2002-02-13 16:00:00-05:00,0.25,0.29,15.46,HPQ
2026-11-06 07:00:00-05:00,-1.0,,,HUM
2026-07-29 06:00:00-04:00,7.0,7.61,8.79,HUM
2026-04-29 06:00:00-04:00,10.2,10.31,1.05,HUM
2026-02-11 06:00:00-05:00,-3.99,-3.96,0.68,HUM
2025-11-05 06:00:00-05:00,2.83,3.24,14.64,HUM
2025-07-29 20:00:00-04:00,5.87,6.27,6.86,HUM
2025-04-30 06:00:00-04:00,10.07,11.58,14.97,HUM
2025-02-11 06:00:00-05:00,-2.12,-2.16,-1.93,HUM
2024-10-30 06:00:00-04:00,3.39,4.16,22.85,HUM
2024-07-31 06:00:00-04:00,5.86,6.96,18.73,HUM
2024-04-24 06:00:00-04:00,6.0,7.23,20.44,HUM
2024-01-25 06:00:00-05:00,0.92,-0.11,-111.98,HUM
2023-11-01 06:00:00-04:00,7.17,7.78,8.5,HUM
2023-08-02 06:00:00-04:00,8.83,8.94,1.22,HUM
2023-04-26 06:00:00-04:00,9.2,9.38,1.95,HUM
2023-02-01 06:00:00-05:00,1.46,1.62,10.67,HUM
2022-11-02 06:00:00-04:00,6.28,6.88,9.62,HUM
2022-07-27 06:00:00-04:00,7.67,8.67,12.98,HUM
2022-04-27 07:00:00-04:00,6.8,8.04,18.32,HUM
2022-02-02 06:00:00-05:00,1.16,1.24,6.97,HUM
2021-11-03 07:00:00-04:00,4.67,4.83,3.34,HUM
2021-07-28 06:00:00-04:00,6.84,6.89,0.69,HUM
2021-04-28 07:00:00-04:00,7.1,7.67,8.03,HUM
2021-02-03 06:00:00-05:00,-2.32,-2.3,0.77,HUM
2020-11-03 06:00:00-05:00,2.8,3.08,9.87,HUM
2020-08-05 06:00:00-04:00,10.12,12.56,24.11,HUM
2020-04-29 07:00:00-04:00,4.69,5.4,15.05,HUM
2020-02-05 06:00:00-05:00,2.19,2.28,3.98,HUM
2019-11-06 06:00:00-05:00,4.57,5.03,10.13,HUM
2019-07-31 06:00:00-04:00,5.27,6.05,14.69,HUM
2019-05-01 06:00:00-04:00,4.3,4.48,4.21,HUM
2019-02-06 06:00:00-05:00,2.53,2.65,4.83,HUM
2018-11-07 06:00:00-05:00,4.24,4.58,8.11,HUM
2018-08-01 06:00:00-04:00,3.78,3.96,4.8,HUM
2018-05-02 06:00:00-04:00,3.2,3.36,5.14,HUM
2018-02-07 06:00:00-05:00,2.0,2.06,2.9,HUM
2017-11-08 06:00:00-05:00,3.27,3.39,3.63,HUM
2017-08-02 06:00:00-04:00,3.06,3.49,14.23,HUM
2017-05-03 06:00:00-04:00,2.63,2.75,4.37,HUM
2017-02-08 06:00:00-05:00,2.06,2.09,1.43,HUM
2016-11-04 06:00:00-04:00,3.15,3.18,0.95,HUM
2016-08-03 07:00:00-04:00,2.28,2.3,0.73,HUM
2016-05-04 07:00:00-04:00,1.81,1.86,2.49,HUM
2016-02-10 07:00:00-05:00,1.46,1.45,-0.43,HUM
2015-11-06 06:00:00-05:00,2.13,2.16,1.49,HUM
2015-07-29 07:00:00-04:00,1.63,1.67,2.58,HUM
2015-04-29 06:00:00-04:00,2.56,2.47,-3.38,HUM
2015-02-04 06:00:00-05:00,1.15,1.09,-5.13,HUM
2014-11-07 06:00:00-05:00,2.0,1.85,-7.7,HUM
2014-07-30 06:00:00-04:00,2.19,2.19,-0.04,HUM
2014-05-07 06:00:00-04:00,1.94,2.35,21.15,HUM
2014-02-05 06:00:00-05:00,0.93,0.8,-14.25,HUM
2013-11-06 06:00:00-05:00,2.18,2.31,6.06,HUM
2013-07-31 06:00:00-04:00,2.47,2.63,6.34,HUM
2013-05-01 06:00:00-04:00,1.79,2.95,64.88,HUM
2013-02-04 06:00:00-05:00,1.07,1.19,11.53,HUM
2012-11-05 06:00:00-05:00,2.05,2.62,27.95,HUM
2012-07-30 16:00:00-04:00,2.2,2.34,6.26,HUM
2012-04-30 06:00:00-04:00,1.54,1.49,-3.2,HUM
2012-02-06 05:00:00-05:00,1.2,1.2,-0.25,HUM
2011-10-31 06:00:00-04:00,2.03,2.67,31.78,HUM
2011-08-01 06:00:00-04:00,2.08,2.71,30.49,HUM
2011-05-02 06:00:00-04:00,1.75,1.86,6.53,HUM
2011-02-07 06:00:00-05:00,0.82,1.65,100.64,HUM
2010-11-01 06:00:00-04:00,1.68,2.32,38.05,HUM
2010-08-02 06:00:00-04:00,1.69,2.11,25.22,HUM
2010-04-26 05:00:00-04:00,1.15,1.2,4.59,HUM
2010-02-01 06:00:00-05:00,1.49,1.48,-0.35,HUM
2009-11-02 06:00:00-05:00,1.77,1.78,0.57,HUM
2009-08-03 06:00:00-04:00,1.65,1.67,0.99,HUM
2009-04-27 06:00:00-04:00,1.14,1.22,6.65,HUM
2009-02-02 06:00:00-05:00,1.06,1.07,0.7,HUM
2008-10-27 05:00:00-04:00,1.47,1.49,1.57,HUM
2008-08-04 06:00:00-04:00,1.18,1.24,5.47,HUM
2008-04-28 06:00:00-04:00,0.45,0.47,4.14,HUM
2008-02-04 06:00:00-05:00,1.32,1.43,8.43,HUM
2007-10-29 06:00:00-04:00,1.48,1.53,3.67,HUM
2007-07-18 09:00:00-04:00,1.17,1.28,9.28,HUM
2007-04-30 05:00:00-04:00,0.4,0.42,5.83,HUM
2007-02-05 05:00:00-05:00,0.88,0.92,4.31,HUM
2006-10-30 05:00:00-05:00,0.97,0.95,-2.26,HUM
2006-07-31 05:00:00-04:00,0.35,0.53,52.52,HUM
2006-05-01 05:00:00-04:00,0.45,0.39,-13.0,HUM
2006-02-06 05:00:00-05:00,0.45,0.46,1.69,HUM
2005-10-31 05:00:00-05:00,0.51,0.6,17.88,HUM
2005-08-01 05:00:00-04:00,0.51,0.51,0.39,HUM
2005-05-02 05:00:00-04:00,0.5,0.53,5.6,HUM
2005-02-07 05:00:00-05:00,0.27,0.26,-2.62,HUM
2004-11-01 06:00:00-05:00,0.44,0.52,18.56,HUM
2004-07-26 05:00:00-04:00,0.39,0.46,19.48,HUM
2004-04-26 05:00:00-04:00,0.41,0.41,0.74,HUM
2004-02-02 05:00:00-05:00,0.4,0.41,2.5,HUM
2003-10-27 05:00:00-05:00,0.38,0.38,-0.24,HUM
2003-07-28 05:00:00-04:00,0.29,0.37,28.92,HUM
2003-04-28 05:00:00-04:00,0.31,0.31,0.32,HUM
2003-02-03 05:00:00-05:00,0.33,0.34,3.03,HUM
2002-10-28 05:00:00-05:00,0.31,0.31,-0.87,HUM
2002-07-29 04:00:00-04:00,0.27,0.27,0.68,HUM
2002-04-29 02:00:00-04:00,0.28,0.28,1.08,HUM
2002-02-04 05:00:00-05:00,0.2,0.21,5.88,HUM
2026-10-21 16:00:00-04:00,2.87,,,IBM
2026-07-22 16:00:00-04:00,2.93,2.93,-0.1,IBM
2026-04-22 16:00:00-04:00,1.81,1.91,5.45,IBM
2026-01-28 16:00:00-05:00,4.29,4.52,5.3,IBM
2025-10-22 16:00:00-04:00,2.45,2.65,8.31,IBM
2025-07-23 16:00:00-04:00,2.65,2.8,5.47,IBM
2025-04-23 16:00:00-04:00,1.43,1.6,12.12,IBM
2025-01-29 16:00:00-05:00,3.78,3.92,3.81,IBM
2024-10-23 16:00:00-04:00,2.23,2.3,3.33,IBM
2024-07-24 16:00:00-04:00,2.17,2.43,11.92,IBM
2024-04-24 16:00:00-04:00,1.6,1.68,5.2,IBM
2024-01-24 16:00:00-05:00,3.8,3.87,1.86,IBM
2023-10-25 16:00:00-04:00,2.13,2.2,3.5,IBM
2023-07-19 16:00:00-04:00,2.0,2.18,8.93,IBM
2023-04-19 16:00:00-04:00,1.24,1.36,9.73,IBM
2023-01-25 16:00:00-05:00,3.61,3.6,-0.32,IBM
2022-10-19 16:00:00-04:00,1.8,1.81,0.7,IBM
2022-07-18 16:00:00-04:00,2.29,2.31,0.9,IBM
2022-04-19 16:00:00-04:00,1.42,1.4,-1.46,IBM
2022-01-24 16:00:00-05:00,3.29,3.35,1.91,IBM
2021-10-20 16:00:00-04:00,2.51,2.52,0.21,IBM
2021-07-19 16:00:00-04:00,2.29,2.33,1.82,IBM
2021-04-19 16:00:00-04:00,1.65,1.77,7.12,IBM
2021-01-21 16:00:00-05:00,1.88,2.07,10.38,IBM
2020-10-19 16:00:00-04:00,2.58,2.58,0.04,IBM
2020-07-20 16:00:00-04:00,2.09,2.18,4.55,IBM
2020-04-20 17:00:00-04:00,1.8,1.84,2.16,IBM
2020-01-21 16:00:00-05:00,4.69,4.71,0.35,IBM
2019-10-16 16:00:00-04:00,2.66,2.68,0.75,IBM
2019-07-17 16:00:00-04:00,3.07,3.17,3.19,IBM
2019-04-16 16:00:00-04:00,2.24,2.25,0.62,IBM
2019-01-22 16:00:00-05:00,4.82,4.87,1.05,IBM
2018-10-16 16:00:00-04:00,3.4,3.42,0.54,IBM
2018-07-18 16:00:00-04:00,3.04,3.08,1.38,IBM
2018-04-17 16:00:00-04:00,2.42,2.45,1.4,IBM
2018-01-18 16:00:00-05:00,5.17,5.18,0.24,IBM
2017-10-17 16:00:00-04:00,3.28,3.3,0.73,IBM
2017-07-18 16:00:00-04:00,2.74,2.97,8.24,IBM
2017-04-18 16:00:00-04:00,2.35,2.38,1.39,IBM
2017-01-19 16:00:00-05:00,4.88,5.01,2.67,IBM
2016-10-17 16:00:00-04:00,3.23,3.29,1.76,IBM
2016-07-18 16:00:00-04:00,2.88,2.95,2.43,IBM
2016-04-18 16:00:00-04:00,2.17,2.35,8.21,IBM
2016-01-19 16:00:00-05:00,4.81,4.84,0.57,IBM
2015-10-19 16:00:00-04:00,3.3,3.34,1.07,IBM
2015-07-20 16:00:00-04:00,3.79,3.84,1.34,IBM
2015-04-20 16:00:00-04:00,2.84,2.91,2.46,IBM
2015-01-20 16:00:00-05:00,5.41,5.81,7.32,IBM
2014-10-20 07:00:00-04:00,4.32,3.54,-18.03,IBM
2014-07-17 16:00:00-04:00,4.31,4.32,0.2,IBM
2014-04-16 16:00:00-04:00,2.54,2.54,-0.19,IBM
2014-01-21 16:00:00-05:00,6.0,6.13,2.1,IBM
2013-10-16 16:00:00-04:00,3.96,3.99,0.77,IBM
2013-07-17 16:00:00-04:00,3.79,3.91,3.29,IBM
2013-04-18 16:00:00-04:00,3.05,3.0,-1.66,IBM
2013-01-22 16:00:00-05:00,5.25,5.39,2.73,IBM
2012-10-16 16:00:00-04:00,3.61,3.62,0.17,IBM
2012-07-18 16:00:00-04:00,3.43,3.51,2.48,IBM
2012-04-17 16:00:00-04:00,2.65,2.78,4.78,IBM
2012-01-19 16:00:00-05:00,4.62,4.71,1.88,IBM
2011-10-17 16:00:00-04:00,3.22,3.28,1.94,IBM
2011-07-18 16:00:00-04:00,3.03,3.09,2.03,IBM
2011-04-19 16:00:00-04:00,2.3,2.41,4.92,IBM
2011-01-18 16:00:00-05:00,4.08,4.18,2.45,IBM
2010-10-18 16:00:00-04:00,2.75,2.82,2.49,IBM
2010-07-19 16:00:00-04:00,2.57,2.61,1.37,IBM
2010-04-19 15:00:00-04:00,1.94,1.97,1.62,IBM
2010-01-19 16:00:00-05:00,3.47,3.59,3.43,IBM
2009-10-15 16:00:00-04:00,2.38,2.4,0.73,IBM
2009-07-16 16:00:00-04:00,2.01,2.32,15.22,IBM
2009-04-20 16:00:00-04:00,1.66,1.7,2.14,IBM
2009-01-20 16:00:00-05:00,3.04,3.28,7.91,IBM
2008-10-16 16:00:00-04:00,2.02,2.05,1.29,IBM
2008-07-17 16:00:00-04:00,1.82,1.98,9.02,IBM
2008-04-16 16:00:00-04:00,1.45,1.65,14.11,IBM
2008-01-14 07:00:00-05:00,2.6,2.8,7.75,IBM
2007-10-16 16:00:00-04:00,1.68,1.68,0.22,IBM
2007-07-18 16:00:00-04:00,1.47,1.5,1.82,IBM
2007-04-17 16:00:00-04:00,1.21,1.21,0.36,IBM
2007-01-18 16:00:00-05:00,2.19,2.26,3.18,IBM
2006-10-17 16:00:00-04:00,1.35,1.45,7.49,IBM
2006-07-18 16:00:00-04:00,1.29,1.3,0.93,IBM
2006-04-18 16:00:00-04:00,1.05,1.08,3.35,IBM
2006-01-17 16:00:00-05:00,1.94,2.11,8.91,IBM
2005-10-17 16:00:00-04:00,1.13,1.26,11.11,IBM
2005-07-18 16:00:00-04:00,1.03,1.12,8.21,IBM
2005-04-14 16:00:00-04:00,0.9,0.85,-5.03,IBM
2005-01-18 16:00:00-05:00,1.76,1.81,3.02,IBM
2004-10-18 16:00:00-04:00,1.14,1.17,2.45,IBM
2004-07-15 16:00:00-04:00,1.12,1.16,3.2,IBM
2004-04-15 16:00:00-04:00,0.93,0.93,-0.31,IBM
2004-01-15 07:00:00-05:00,1.5,1.56,4.35,IBM
2003-10-15 16:00:00-04:00,1.02,1.02,-0.06,IBM
2003-07-16 16:00:00-04:00,0.98,0.98,0.24,IBM
2003-04-14 16:00:00-04:00,0.8,0.79,-0.91,IBM
2003-01-16 16:00:00-05:00,1.3,1.34,3.27,IBM
2002-10-16 16:00:00-04:00,0.96,0.99,2.62,IBM
2002-07-17 16:00:00-04:00,0.86,0.89,4.06,IBM
2002-04-17 16:00:00-04:00,0.69,0.68,-1.92,IBM
2002-01-17 16:00:00-05:00,1.32,1.33,0.63,IBM
2026-10-29 16:00:00-04:00,1.36,,,ILMN
2026-07-30 16:00:00-04:00,1.23,1.31,6.82,ILMN
2026-04-30 16:00:00-04:00,1.05,1.15,9.03,ILMN
2026-02-05 16:00:00-05:00,1.23,1.35,9.69,ILMN
2025-10-30 16:00:00-04:00,1.17,1.34,14.74,ILMN
2025-07-31 16:00:00-04:00,1.01,1.19,17.66,ILMN
2025-05-08 16:00:00-04:00,0.94,0.97,3.31,ILMN
2025-02-06 16:00:00-05:00,0.92,0.86,-6.81,ILMN
2024-11-04 16:00:00-05:00,0.88,1.14,29.03,ILMN
2024-08-06 16:00:00-04:00,0.9,0.36,-59.97,ILMN
2024-05-02 16:00:00-04:00,0.11,0.09,-15.13,ILMN
2024-02-08 16:00:00-05:00,0.12,0.14,17.58,ILMN
2023-11-09 16:00:00-05:00,0.14,0.33,135.08,ILMN
2023-08-09 16:00:00-04:00,0.02,0.32,1326.02,ILMN
2023-04-25 16:00:00-04:00,0.03,0.08,198.17,ILMN
2023-02-07 16:00:00-05:00,0.19,0.14,-24.84,ILMN
2022-11-03 16:00:00-04:00,0.3,0.34,13.18,ILMN
2022-08-11 16:00:00-04:00,0.64,0.57,-11.56,ILMN
2022-05-05 16:00:00-04:00,0.89,1.07,20.78,ILMN
2022-02-10 16:00:00-05:00,0.49,0.75,54.51,ILMN
2021-11-04 16:00:00-04:00,1.22,1.45,19.08,ILMN
2021-08-05 16:00:00-04:00,1.36,1.87,37.07,ILMN
2021-04-27 16:00:00-04:00,1.4,1.89,35.1,ILMN
2021-02-11 16:00:00-05:00,1.13,1.22,7.86,ILMN
2020-10-29 16:00:00-04:00,0.8,1.02,26.9,ILMN
2020-08-06 16:00:00-04:00,0.67,0.62,-7.42,ILMN
2020-04-30 17:00:00-04:00,1.25,1.64,31.24,ILMN
2020-01-29 16:00:00-05:00,1.58,1.7,7.42,ILMN
2019-10-24 16:00:00-04:00,1.41,1.93,37.26,ILMN
2019-07-29 16:00:00-04:00,1.34,1.35,1.08,ILMN
2019-04-25 16:00:00-04:00,1.35,1.6,18.64,ILMN
2019-01-29 16:00:00-05:00,1.36,1.32,-2.79,ILMN
2018-10-23 16:00:00-04:00,1.26,1.52,20.7,ILMN
2018-07-30 16:00:00-04:00,1.11,1.43,28.57,ILMN
2018-04-24 16:00:00-04:00,1.02,1.45,42.49,ILMN
2018-01-30 16:00:00-05:00,1.21,1.44,18.77,ILMN
2017-10-24 16:00:00-04:00,0.99,1.11,11.58,ILMN
2017-08-01 16:00:00-04:00,0.69,0.82,19.58,ILMN
2017-04-25 16:00:00-04:00,0.64,0.64,-0.7,ILMN
2017-01-31 16:00:00-05:00,0.83,0.85,2.54,ILMN
2016-11-01 16:00:00-04:00,0.87,0.97,11.58,ILMN
2016-07-26 16:00:00-04:00,0.73,0.86,17.4,ILMN
2016-05-03 16:00:00-04:00,0.74,0.71,-4.04,ILMN
2016-02-02 16:00:00-05:00,0.82,0.81,-1.13,ILMN
2015-10-20 16:00:00-04:00,0.79,0.8,1.88,ILMN
2015-07-21 16:00:00-04:00,0.77,0.8,3.35,ILMN
2015-04-21 16:00:00-04:00,0.72,0.91,26.28,ILMN
2015-01-27 16:00:00-05:00,0.78,0.87,11.06,ILMN
2014-10-20 16:00:00-04:00,0.56,0.77,38.0,ILMN
2014-07-23 16:00:00-04:00,0.5,0.57,13.26,ILMN
2014-04-22 16:00:00-04:00,0.44,0.53,19.56,ILMN
2014-01-28 16:00:00-05:00,0.44,0.45,1.93,ILMN
2013-10-21 16:00:00-04:00,0.4,0.45,12.15,ILMN
2013-07-23 16:00:00-04:00,0.4,0.43,8.82,ILMN
2013-04-22 16:00:00-04:00,0.39,0.46,19.29,ILMN
2013-01-28 16:00:00-05:00,0.41,0.42,2.78,ILMN
2012-10-23 16:00:00-04:00,0.39,0.41,6.25,ILMN
2012-07-24 16:00:00-04:00,0.36,0.4,9.98,ILMN
2012-04-23 16:00:00-04:00,0.32,0.36,11.51,ILMN
2012-02-07 16:00:00-05:00,0.3,0.35,18.55,ILMN
2011-10-25 07:00:00-04:00,0.23,0.22,-5.15,ILMN
2011-07-26 16:00:00-04:00,0.36,0.38,4.36,ILMN
2011-04-26 16:00:00-04:00,0.31,0.35,14.12,ILMN
2011-02-08 16:00:00-05:00,0.3,0.29,-2.84,ILMN
2010-10-26 16:00:00-04:00,0.25,0.27,8.71,ILMN
2010-07-27 16:00:00-04:00,0.23,0.25,9.58,ILMN
2010-04-28 16:00:00-04:00,0.19,0.19,-0.41,ILMN
2010-02-04 16:00:00-05:00,0.2,0.21,6.06,ILMN
2009-10-27 16:00:00-04:00,0.2,0.17,-15.84,ILMN
2009-07-21 16:00:00-04:00,0.18,0.22,23.6,ILMN
2009-04-21 16:00:00-04:00,0.19,0.2,5.82,ILMN
2009-02-03 16:00:00-05:00,0.17,0.24,41.18,ILMN
2008-10-21 16:00:00-04:00,0.17,0.13,-21.21,ILMN
2008-07-22 16:00:00-04:00,0.14,0.16,9.22,ILMN
2008-04-22 16:00:00-04:00,0.12,0.12,,ILMN
2008-02-04 16:00:00-05:00,0.12,0.23,85.05,ILMN
2007-10-23 16:00:00-04:00,0.1,0.12,26.32,ILMN
2007-07-24 16:00:00-04:00,0.06,0.08,26.98,ILMN
2007-04-24 16:00:00-04:00,0.04,0.05,7.14,ILMN
2007-02-01 16:00:00-05:00,0.15,0.17,15.65,ILMN
2006-10-17 16:00:00-04:00,0.08,0.16,97.53,ILMN
2006-07-18 16:00:00-04:00,0.04,0.11,148.7,ILMN
2006-04-18 16:00:00-04:00,0.01,0.04,483.33,ILMN
2006-02-01 16:00:00-05:00,,0.01,233.33,ILMN
2005-10-24 16:00:00-04:00,-0.02,-0.01,29.41,ILMN
2005-07-26 16:00:00-04:00,-0.03,-0.04,-20.69,ILMN
2005-04-27 16:00:00-04:00,-0.03,-0.01,54.55,ILMN
2005-02-22 16:00:00-05:00,-0.02,,100.0,ILMN
2004-10-19 16:00:00-04:00,-0.04,-0.02,34.21,ILMN
2004-07-14 16:00:00-04:00,-0.06,-0.05,10.71,ILMN
2004-04-20 16:00:00-04:00,-0.08,-0.06,25.0,ILMN
2004-01-27 16:00:00-05:00,-0.09,-0.06,30.23,ILMN
2003-10-16 06:00:00-04:00,-0.11,-0.08,24.78,ILMN
2003-07-17 03:00:00-04:00,-0.12,-0.13,-8.0,ILMN
2003-04-23 16:00:00-04:00,-0.12,-0.14,-16.67,ILMN
2003-01-28 16:00:00-05:00,-0.13,-0.12,11.11,ILMN
2002-10-23 16:00:00-04:00,-0.15,-0.12,18.92,ILMN
2002-07-18 18:00:00-04:00,-0.15,-0.14,4.76,ILMN
2002-04-18 17:00:00-04:00,-0.14,-0.14,,ILMN
2002-02-01 18:00:00-05:00,-0.12,-0.13,-16.38,ILMN
2026-11-10 15:00:00-05:00,-0.19,,,INO
2026-08-12 16:00:00-04:00,-0.24,-0.24,0.57,INO
2026-05-13 16:00:00-04:00,-0.33,-0.31,4.71,INO
2026-03-12 16:00:00-04:00,-0.34,-0.28,19.59,INO
2025-11-10 16:00:00-05:00,-0.48,-0.87,-82.77,INO
2025-08-12 16:00:00-04:00,-0.62,-0.61,1.29,INO
2025-05-13 16:00:00-04:00,-0.74,-0.51,31.08,INO
2025-03-18 16:00:00-04:00,-0.83,-0.6,27.88,INO
2024-11-14 16:00:00-05:00,-1.13,-0.89,21.38,INO
2024-08-08 17:00:00-04:00,-1.1,-1.19,-8.02,INO
2024-05-13 16:00:00-04:00,-0.99,-1.31,-31.99,INO
2024-03-06 16:00:00-05:00,-1.24,-5.67,-356.34,INO
2023-11-09 16:00:00-05:00,-1.5,-1.56,-4.0,INO
2023-08-09 16:00:00-04:00,-1.72,-1.56,9.3,INO
2023-05-10 16:00:00-04:00,-1.8,-1.92,-6.67,INO
2023-03-01 16:00:00-05:00,-2.16,-2.64,-22.22,INO
2022-11-08 15:00:00-05:00,-3.27,-1.8,44.95,INO
2022-08-09 15:00:00-04:00,-3.52,-5.52,-56.82,INO
2022-05-10 15:00:00-04:00,-3.93,-4.32,-9.92,INO
2022-03-01 16:00:00-05:00,-3.86,-6.0,-55.44,INO
2021-11-09 15:00:00-05:00,-3.62,-3.48,3.97,INO
2021-08-09 16:00:00-04:00,-3.06,-4.68,-52.94,INO
2021-05-10 15:00:00-04:00,-2.34,-3.24,-38.46,INO
2021-03-01 15:00:00-05:00,-2.58,-1.6,38.06,INO
2020-11-09 16:00:00-05:00,-2.3,-2.76,-19.89,INO
2020-08-10 15:00:00-04:00,-2.02,-9.96,-393.08,INO
2020-05-11 15:00:00-04:00,-2.85,-3.12,-9.47,INO
2020-03-12 15:00:00-04:00,-2.86,-4.56,-59.44,INO
2019-11-12 16:00:00-05:00,-3.07,-2.76,10.13,INO
2019-08-08 16:00:00-04:00,-3.46,-3.6,-4.01,INO
2019-05-09 16:00:00-04:00,-3.06,-3.6,-17.75,INO
2019-03-12 16:00:00-04:00,-3.28,-4.08,-24.21,INO
2018-11-08 15:00:00-05:00,-3.54,-3.24,8.35,INO
2018-08-07 15:00:00-04:00,-2.34,-0.84,64.04,INO
2018-05-09 15:00:00-04:00,-3.24,-4.32,-33.33,INO
2018-03-14 15:00:00-04:00,-3.69,-2.76,25.16,INO
2017-11-08 15:00:00-05:00,-3.05,-4.68,-53.27,INO
2017-08-08 15:00:00-04:00,-2.52,-1.56,38.1,INO
2017-05-10 15:00:00-04:00,-3.75,-3.72,0.8,INO
2017-03-15 16:00:00-04:00,-3.9,-4.2,-7.69,INO
2016-11-09 06:00:00-05:00,-3.22,-3.36,-4.48,INO
2016-08-08 06:00:00-04:00,-2.47,-3.12,-26.21,INO
2016-05-09 07:00:00-04:00,-2.76,-1.32,52.17,INO
2016-03-14 06:00:00-04:00,-2.43,-3.0,-23.46,INO
2015-11-09 07:00:00-05:00,0.33,0.96,190.91,INO
2015-08-10 06:00:00-04:00,-2.24,-1.08,51.79,INO
2015-05-08 19:00:00-04:00,-2.31,-2.04,11.69,INO
2015-03-16 06:00:00-04:00,-1.8,-1.44,20.0,INO
2014-11-10 06:00:00-05:00,-0.6,-1.44,-140.0,INO
2014-08-11 08:00:00-04:00,-2.46,-2.28,7.32,INO
2014-05-12 06:00:00-04:00,-2.24,-2.4,-7.14,INO
2014-03-17 04:00:00-04:00,-1.68,-3.36,-100.0,INO
2013-11-12 06:00:00-05:00,-1.08,-7.68,-611.11,INO
2013-08-09 16:00:00-04:00,-1.8,-2.88,-60.0,INO
2013-05-10 16:00:00-04:00,-2.11,-2.88,-36.36,INO
2013-03-18 17:00:00-04:00,-2.52,-0.19,92.38,INO
2012-11-07 16:00:00-05:00,-1.6,-2.52,-57.82,INO
2012-08-09 17:00:00-04:00,-2.64,-1.44,45.45,INO
2012-05-09 18:00:00-04:00,-1.92,-3.16,-64.75,INO
2012-03-15 16:00:00-04:00,-0.96,-2.16,-125.0,INO
2011-11-07 04:00:00-05:00,-1.25,-1.92,-53.85,INO
2011-08-05 18:00:00-04:00,-2.4,-0.96,60.0,INO
2011-05-11 04:00:00-04:00,-1.6,-0.91,43.11,INO
2011-03-16 17:00:00-04:00,-1.8,-2.4,-33.33,INO
2010-11-15 04:00:00-05:00,-1.28,-0.48,62.5,INO
2010-08-13 18:00:00-04:00,-0.96,-3.36,-250.0,INO
2010-05-17 18:00:00-04:00,-2.16,-1.44,33.33,INO
2010-03-29 06:00:00-04:00,-1.92,-0.96,50.0,INO
2009-11-16 06:00:00-05:00,-2.4,-3.36,-40.0,INO
2009-08-19 17:00:00-04:00,-2.88,-2.88,,INO
2009-03-31 16:00:00-04:00,-3.36,-4.32,-28.57,INO
2008-11-07 14:00:00-05:00,-2.4,-2.4,,INO
2008-08-07 06:00:00-04:00,-3.36,-4.32,-28.57,INO
2008-05-09 18:00:00-04:00,-5.28,-3.36,36.36,INO
2008-03-17 17:00:00-04:00,-5.76,2.4,141.67,INO
2007-11-08 16:00:00-05:00,-4.8,-5.28,-10.0,INO
2007-08-08 16:00:00-04:00,-4.8,-5.28,-10.0,INO
2007-05-09 16:00:00-04:00,-4.32,-5.28,-22.22,INO
2007-03-16 18:00:00-04:00,-5.04,-7.2,-42.86,INO
2006-11-08 18:00:00-05:00,-4.8,-5.28,-10.0,INO
2006-08-08 16:00:00-04:00,-4.32,-4.8,-11.11,INO
2006-05-09 16:00:00-04:00,-6.24,-4.32,30.77,INO
2006-03-16 16:00:00-05:00,-7.68,-6.72,12.5,INO
2005-11-09 16:00:00-05:00,-10.32,-8.16,20.93,INO
2005-08-09 16:00:00-04:00,-11.52,-5.76,50.0,INO
2005-05-10 19:00:00-04:00,-10.56,-9.6,9.09,INO
2005-03-15 06:00:00-05:00,-10.08,-10.56,-4.76,INO
2004-11-15 06:00:00-05:00,-6.96,-10.08,-44.83,INO
2004-08-12 20:00:00-04:00,-7.68,-5.76,25.0,INO
2026-10-29 16:00:00-04:00,0.39,,,INTC
2026-07-23 16:00:00-04:00,0.22,0.42,94.59,INTC
2026-04-23 16:00:00-04:00,0.01,0.29,2108.68,INTC
2026-01-22 16:00:00-05:00,0.08,0.15,81.51,INTC
2025-10-23 16:00:00-04:00,0.01,0.23,3162.41,INTC
2025-07-24 16:00:00-04:00,0.01,-0.1,-1169.52,INTC
2025-04-24 16:00:00-04:00,,0.13,2769.76,INTC
2025-01-30 16:00:00-05:00,0.12,0.13,8.71,INTC
2024-10-31 16:00:00-04:00,-0.03,-0.46,-1533.52,INTC
2024-08-01 12:00:00-04:00,0.1,0.02,-80.18,INTC
2024-04-25 16:00:00-04:00,0.14,0.18,31.74,INTC
2024-01-25 16:00:00-05:00,0.45,0.54,20.29,INTC
2023-10-26 16:00:00-04:00,0.22,0.41,87.04,INTC
2023-07-27 16:00:00-04:00,-0.03,0.13,546.43,INTC
2023-04-27 16:00:00-04:00,-0.14,-0.04,72.19,INTC
2023-01-26 16:00:00-05:00,0.2,0.1,-50.48,INTC
2022-10-27 16:00:00-04:00,0.33,0.59,80.04,INTC
2022-07-28 16:00:00-04:00,0.7,0.29,-58.29,INTC
2022-04-28 16:00:00-04:00,0.8,0.87,9.16,INTC
2022-01-26 16:00:00-05:00,0.91,1.09,19.78,INTC
2021-10-21 16:00:00-04:00,1.11,1.71,53.61,INTC
2021-07-22 16:00:00-04:00,1.07,1.28,19.28,INTC
2021-04-22 16:00:00-04:00,1.14,1.39,21.71,INTC
2021-01-21 16:00:00-05:00,1.11,1.52,36.91,INTC
2020-10-22 16:00:00-04:00,1.11,1.11,0.23,INTC
2020-07-23 16:00:00-04:00,1.11,1.23,10.61,INTC
2020-04-23 16:00:00-04:00,1.26,1.45,14.95,INTC
2020-01-23 16:00:00-05:00,1.25,1.52,21.4,INTC
2019-10-24 16:00:00-04:00,1.24,1.42,14.56,INTC
2019-07-25 16:00:00-04:00,0.9,1.06,17.96,INTC
2019-04-25 16:00:00-04:00,0.87,0.89,2.35,INTC
2019-01-24 16:00:00-05:00,1.22,1.28,4.56,INTC
2018-10-25 16:00:00-04:00,1.15,1.4,21.92,INTC
2018-07-26 16:00:00-04:00,0.97,1.04,6.98,INTC
2018-04-26 16:00:00-04:00,0.72,0.87,21.15,INTC
2018-01-25 18:00:00-05:00,0.87,1.08,24.67,INTC
2017-10-26 16:00:00-04:00,0.8,1.01,25.75,INTC
2017-07-27 16:00:00-04:00,0.68,0.72,6.05,INTC
2017-04-27 16:00:00-04:00,0.65,0.66,2.0,INTC
2017-01-26 16:00:00-05:00,0.75,0.79,5.69,INTC
2016-10-18 16:00:00-04:00,0.72,0.8,10.74,INTC
2016-07-20 16:00:00-04:00,0.53,0.59,10.81,INTC
2016-04-19 16:00:00-04:00,0.48,0.54,12.78,INTC
2016-01-14 16:00:00-05:00,0.63,0.74,17.03,INTC
2015-10-13 16:00:00-04:00,0.59,0.64,8.84,INTC
2015-07-15 16:00:00-04:00,0.5,0.55,10.06,INTC
2015-04-27 19:00:00-04:00,0.41,0.41,-0.78,INTC
2015-01-15 16:00:00-05:00,0.66,0.74,12.06,INTC
2014-10-14 16:00:00-04:00,0.65,0.66,2.0,INTC
2014-07-15 16:00:00-04:00,0.52,0.55,5.08,INTC
2014-04-25 19:00:00-04:00,0.37,0.38,1.86,INTC
2014-01-16 16:00:00-05:00,0.52,0.51,-2.33,INTC
2013-10-15 16:00:00-04:00,0.53,0.58,9.05,INTC
2013-07-17 16:00:00-04:00,0.4,0.39,-1.46,INTC
2013-04-16 16:00:00-04:00,0.44,0.4,-8.83,INTC
2013-01-17 16:00:00-05:00,0.49,0.51,3.7,INTC
2012-10-16 16:00:00-04:00,0.52,0.6,14.89,INTC
2012-07-17 16:00:00-04:00,0.55,0.57,4.18,INTC
2012-04-17 16:00:00-04:00,0.53,0.56,6.09,INTC
2012-01-19 16:00:00-05:00,0.63,0.68,7.14,INTC
2011-10-18 16:00:00-04:00,0.61,0.69,13.23,INTC
2011-07-20 16:00:00-04:00,0.51,0.59,15.62,INTC
2011-04-19 16:00:00-04:00,0.46,0.59,29.27,INTC
2011-01-13 16:00:00-05:00,0.53,0.59,10.97,INTC
2010-10-12 16:00:00-04:00,0.5,0.52,4.49,INTC
2010-07-13 16:00:00-04:00,0.43,0.51,19.61,INTC
2010-04-13 15:00:00-04:00,0.38,0.43,13.02,INTC
2010-01-14 16:00:00-05:00,0.42,0.55,30.76,INTC
2009-10-13 16:00:00-04:00,0.28,0.33,18.28,INTC
2009-07-14 16:00:00-04:00,0.09,0.18,104.69,INTC
2009-04-14 16:00:00-04:00,0.03,0.11,285.83,INTC
2009-01-15 16:00:00-05:00,0.05,0.04,-26.98,INTC
2008-10-14 16:00:00-04:00,0.34,0.35,2.64,INTC
2008-07-16 04:00:00-04:00,0.26,0.28,9.3,INTC
2008-04-15 16:00:00-04:00,0.26,0.25,-2.87,INTC
2008-01-15 16:00:00-05:00,0.4,0.38,-4.77,INTC
2007-10-16 16:00:00-04:00,0.3,0.31,2.78,INTC
2007-07-17 16:00:00-04:00,0.19,0.19,-1.08,INTC
2007-04-17 16:00:00-04:00,0.22,0.22,0.83,INTC
2007-01-16 16:00:00-05:00,0.25,0.25,1.87,INTC
2006-10-17 16:00:00-04:00,0.17,0.21,20.69,INTC
2006-07-19 16:00:00-04:00,0.13,0.15,12.9,INTC
2006-04-19 16:00:00-04:00,0.22,0.23,5.02,INTC
2006-01-17 16:00:00-05:00,0.43,0.4,-6.76,INTC
2005-10-18 16:00:00-04:00,0.34,0.38,10.34,INTC
2005-07-19 16:00:00-04:00,0.33,0.33,0.8,INTC
2005-04-19 16:00:00-04:00,0.31,0.34,10.39,INTC
2005-01-11 16:00:00-05:00,0.31,0.33,5.77,INTC
2004-10-12 16:00:00-04:00,0.27,0.26,-2.84,INTC
2004-07-13 16:00:00-04:00,0.27,0.27,0.75,INTC
2004-04-13 16:00:00-04:00,0.27,0.28,3.84,INTC
2004-01-14 16:00:00-05:00,0.25,0.27,7.56,INTC
2003-10-14 16:00:00-04:00,0.23,0.25,7.69,INTC
2003-07-15 16:00:00-04:00,0.13,0.14,6.83,INTC
2003-04-15 16:00:00-04:00,0.12,0.14,20.1,INTC
2003-01-14 16:00:00-05:00,0.14,0.16,14.05,INTC
2002-10-15 16:00:00-04:00,0.13,0.11,-12.41,INTC
2002-07-16 16:00:00-04:00,0.11,0.1,-9.41,INTC
2002-07-16 16:00:00-04:00,0.11,0.12,11.8,INTC
2002-04-16 16:00:00-04:00,0.15,0.15,2.4,INTC
2026-11-19 15:00:00-05:00,2.64,,,INTU
2026-08-25 16:00:00-04:00,3.59,4.03,12.34,INTU
2026-05-20 16:00:00-04:00,12.57,12.8,1.84,INTU
2026-02-26 16:00:00-05:00,3.68,4.15,12.69,INTU
2025-11-20 16:00:00-05:00,3.09,3.34,7.99,INTU
2025-08-21 16:00:00-04:00,2.66,2.75,3.4,INTU
2025-05-22 16:00:00-04:00,10.91,11.65,6.77,INTU
2025-02-25 16:00:00-05:00,2.58,3.32,28.93,INTU
2024-11-21 16:00:00-05:00,2.36,2.5,6.02,INTU
2024-08-22 16:00:00-04:00,1.85,1.99,7.41,INTU
2024-05-23 16:00:00-04:00,9.38,9.88,5.29,INTU
2024-02-22 16:00:00-05:00,2.31,2.63,13.95,INTU
2023-11-28 16:00:00-05:00,1.98,2.47,24.83,INTU
2023-08-23 21:00:00-04:00,1.44,1.65,14.91,INTU
2023-05-23 16:00:00-04:00,8.5,8.92,5.0,INTU
2023-02-23 16:00:00-05:00,1.44,2.2,52.64,INTU
2022-11-29 16:00:00-05:00,1.2,1.66,38.61,INTU
2022-08-23 16:00:00-04:00,0.98,1.1,12.4,INTU
2022-05-24 16:00:00-04:00,7.57,7.65,0.99,INTU
2022-02-24 16:00:00-05:00,1.82,1.55,-14.98,INTU
2021-11-18 16:00:00-05:00,0.97,1.53,57.31,INTU
2021-08-24 16:00:00-04:00,1.59,1.97,24.03,INTU
2021-05-25 16:00:00-04:00,6.22,6.07,-2.39,INTU
2021-02-23 16:00:00-05:00,0.76,0.68,-10.15,INTU
2020-11-19 16:00:00-05:00,0.43,0.94,121.16,INTU
2020-08-25 16:00:00-04:00,1.12,1.81,61.36,INTU
2020-05-21 16:00:00-04:00,4.48,4.49,0.25,INTU
2020-02-24 16:00:00-05:00,1.02,1.16,13.58,INTU
2019-11-21 16:00:00-05:00,0.25,0.41,63.76,INTU
2019-08-22 16:00:00-04:00,-0.14,-0.09,37.31,INTU
2019-05-23 16:00:00-04:00,5.39,5.55,2.89,INTU
2019-02-21 16:00:00-05:00,0.87,1.0,15.56,INTU
2018-11-19 16:00:00-05:00,0.11,0.29,160.77,INTU
2018-08-23 16:00:00-04:00,0.23,0.32,39.34,INTU
2018-05-22 16:00:00-04:00,4.68,4.82,2.94,INTU
2018-02-22 16:00:00-05:00,0.34,0.35,2.56,INTU
2017-11-20 16:00:00-05:00,0.04,0.11,154.39,INTU
2017-08-22 16:00:00-04:00,0.17,0.2,19.55,INTU
2017-05-23 16:00:00-04:00,3.87,3.9,0.66,INTU
2017-02-23 16:00:00-05:00,0.25,0.26,4.45,INTU
2016-11-17 16:00:00-05:00,0.03,0.06,123.3,INTU
2016-08-23 16:00:00-04:00,-0.02,0.08,534.55,INTU
2016-05-24 16:00:00-04:00,3.21,3.43,6.83,INTU
2016-02-25 16:00:00-05:00,0.19,0.25,30.66,INTU
2015-11-19 16:00:00-05:00,-0.03,0.09,358.4,INTU
2015-08-20 16:00:00-04:00,-0.11,-0.05,56.42,INTU
2015-05-21 16:00:00-04:00,2.75,2.85,3.71,INTU
2015-02-19 16:00:00-05:00,-0.13,-0.06,52.77,INTU
2014-11-20 16:00:00-05:00,-0.2,-0.1,50.89,INTU
2014-08-21 16:00:00-04:00,0.07,-0.01,-113.8,INTU
2014-05-20 16:00:00-04:00,3.5,3.53,0.85,INTU
2014-02-20 16:00:00-05:00,0.02,0.02,20.41,INTU
2013-11-21 16:00:00-05:00,-0.09,-0.06,36.51,INTU
2013-08-20 16:00:00-04:00,-0.01,,100.0,INTU
2013-05-21 16:00:00-04:00,2.93,2.97,1.45,INTU
2013-02-21 16:00:00-05:00,0.3,0.33,9.32,INTU
2012-11-15 16:00:00-05:00,-0.06,-0.03,52.55,INTU
2012-08-21 16:00:00-04:00,0.06,0.03,-50.78,INTU
2012-05-17 16:00:00-04:00,2.48,2.51,1.24,INTU
2012-02-21 16:00:00-05:00,0.45,0.51,12.55,INTU
2011-11-17 16:00:00-05:00,-0.13,-0.1,21.69,INTU
2011-08-18 16:00:00-04:00,,0.02,992.9,INTU
2011-05-19 16:00:00-04:00,2.28,2.33,2.34,INTU
2011-02-17 19:00:00-05:00,0.3,0.32,6.93,INTU
2010-11-18 16:00:00-05:00,-0.12,-0.12,-2.91,INTU
2010-08-19 16:00:00-04:00,-0.1,-0.05,51.88,INTU
2010-05-20 16:00:00-04:00,1.82,1.89,3.85,INTU
2010-02-18 16:00:00-05:00,0.32,0.38,19.9,INTU
2009-11-19 16:00:00-05:00,-0.16,-0.1,36.2,INTU
2009-08-20 16:00:00-04:00,-0.12,-0.1,16.05,INTU
2009-05-20 16:00:00-04:00,1.6,1.68,4.72,INTU
2009-02-19 16:00:00-05:00,0.27,0.34,26.88,INTU
2008-11-19 16:00:00-05:00,-0.12,-0.09,24.87,INTU
2008-08-21 16:00:00-04:00,-0.08,-0.08,,INTU
2008-05-20 16:00:00-04:00,1.33,1.39,4.48,INTU
2008-02-21 16:00:00-05:00,0.36,0.4,9.96,INTU
2007-11-15 16:00:00-05:00,-0.12,-0.1,17.36,INTU
2007-08-22 16:00:00-04:00,-0.05,-0.02,61.78,INTU
2007-05-17 16:00:00-04:00,1.07,1.13,5.47,INTU
2007-02-22 16:00:00-05:00,0.42,0.45,6.13,INTU
2006-11-16 16:00:00-05:00,-0.12,-0.12,4.0,INTU
2006-08-22 16:00:00-04:00,-0.06,-0.08,-33.33,INTU
2006-05-17 16:00:00-04:00,0.84,0.86,1.65,INTU
2006-02-16 16:00:00-05:00,0.47,0.49,2.73,INTU
2005-11-16 16:00:00-05:00,-0.15,-0.13,14.47,INTU
2005-08-24 16:00:00-04:00,-0.05,-0.04,18.93,INTU
2005-05-18 16:00:00-04:00,0.77,0.78,0.26,INTU
2005-02-17 16:00:00-05:00,0.38,0.41,7.38,INTU
2004-11-17 16:00:00-05:00,-0.13,-0.11,11.54,INTU
2004-08-18 16:00:00-04:00,-0.03,-0.03,13.49,INTU
2004-05-19 16:00:00-04:00,0.58,0.6,3.63,INTU
2004-02-18 16:00:00-05:00,0.35,0.39,10.63,INTU
2003-11-19 16:00:00-05:00,-0.13,-0.12,9.09,INTU
2003-08-19 16:00:00-04:00,-0.04,-0.02,34.21,INTU
2003-05-14 16:00:00-04:00,0.51,0.53,2.32,INTU
2003-02-13 16:00:00-05:00,0.29,0.31,6.86,INTU
2002-11-13 16:00:00-05:00,-0.12,-0.1,9.48,INTU
2002-08-14 16:00:00-04:00,-0.06,-0.04,24.37,INTU
2002-05-15 16:00:00-04:00,0.36,0.38,4.13,INTU
2002-02-13 16:00:00-05:00,0.29,0.31,6.16,INTU
2026-11-04 15:00:00-05:00,-0.81,,,IONQ
2026-08-05 16:00:00-04:00,-0.6,-5.08,-748.58,IONQ
2026-05-06 16:00:00-04:00,-0.24,-0.34,-38.93,IONQ
2026-02-25 16:00:00-05:00,-0.47,1.93,508.47,IONQ
2025-11-05 16:00:00-05:00,-0.44,-3.58,-713.64,IONQ
2025-08-06 16:00:00-04:00,-0.14,-0.14,-2.86,IONQ
2025-05-07 16:00:00-04:00,-0.14,-0.16,-13.03,IONQ
2025-02-26 16:00:00-05:00,-0.25,-0.93,-272.0,IONQ
2024-11-06 16:00:00-05:00,-0.23,-0.24,-5.88,IONQ
2024-08-07 12:00:00-04:00,-0.22,-0.18,18.18,IONQ
2024-05-08 16:00:00-04:00,-0.25,-0.19,24.0,IONQ
2024-02-28 16:00:00-05:00,-0.18,-0.2,-9.89,IONQ
2023-11-08 16:00:00-05:00,-0.1,-0.18,-87.49,IONQ
2023-08-10 16:00:00-04:00,-0.08,-0.14,-67.89,IONQ
2023-05-11 16:00:00-04:00,-0.09,-0.12,-31.78,IONQ
2023-03-30 16:00:00-04:00,-0.13,-0.09,30.77,IONQ
2022-11-14 16:00:00-05:00,-0.08,-0.12,-43.87,IONQ
2022-08-15 16:00:00-04:00,-0.1,-0.01,90.24,IONQ
2022-05-16 16:00:00-04:00,-0.06,-0.09,-50.17,IONQ
2022-03-28 16:00:00-04:00,-0.1,-0.06,44.0,IONQ
2021-11-15 16:00:00-05:00,-0.08,-0.09,-9.05,IONQ
2026-11-05 15:00:00-05:00,-0.66,,,IREN
2026-08-27 16:00:00-04:00,-0.45,-0.25,44.09,IREN
2026-05-08 06:00:00-04:00,-0.26,-0.16,38.42,IREN
2026-02-05 16:00:00-05:00,-0.25,-0.03,88.44,IREN
2025-11-06 16:00:00-05:00,0.14,0.01,-94.38,IREN
2025-08-28 16:00:00-04:00,0.22,0.21,-2.54,IREN
2025-05-14 16:00:00-04:00,0.14,0.11,-25.47,IREN
2025-02-12 16:00:00-05:00,0.06,0.09,35.74,IREN
2024-11-26 16:00:00-05:00,-0.07,-0.16,-114.75,IREN
2024-08-28 16:00:00-04:00,0.03,-0.16,-638.3,IREN
2024-05-15 16:00:00-04:00,,,-79.51,IREN
2024-02-15 16:00:00-05:00,0.06,0.08,29.0,IREN
2023-02-15 17:00:00-05:00,-0.15,-0.06,63.37,IREN
2023-02-14 19:00:00-05:00,-0.13,-0.39,-190.26,IREN
2022-09-13 17:00:00-04:00,-0.13,-0.21,-58.13,IREN
2022-05-11 16:00:00-04:00,0.07,0.03,-56.59,IREN
2022-02-09 16:00:00-05:00,0.19,0.23,24.11,IREN
2026-10-20 16:00:00-04:00,2.64,,,ISRG
2026-07-16 16:00:00-04:00,2.5,2.8,11.86,ISRG
2026-04-21 16:00:00-04:00,2.11,2.5,18.67,ISRG
2026-01-22 16:00:00-05:00,2.27,2.53,11.57,ISRG
2025-10-21 16:00:00-04:00,1.99,2.4,20.7,ISRG
2025-07-22 16:00:00-04:00,1.92,2.19,14.08,ISRG
2025-04-22 16:00:00-04:00,1.73,1.81,4.41,ISRG
2025-01-23 16:00:00-05:00,1.79,2.21,23.73,ISRG
2024-10-17 16:00:00-04:00,1.64,1.84,12.25,ISRG
2024-07-18 16:00:00-04:00,1.54,1.78,15.51,ISRG
2024-04-18 16:00:00-04:00,1.42,1.5,5.98,ISRG
2024-01-23 16:00:00-05:00,1.49,1.6,7.72,ISRG
2023-10-19 16:00:00-04:00,1.42,1.46,3.17,ISRG
2023-07-20 16:00:00-04:00,1.33,1.42,6.88,ISRG
2023-04-18 16:00:00-04:00,1.2,1.23,2.83,ISRG
2023-01-24 16:00:00-05:00,1.25,1.23,-1.89,ISRG
2022-10-18 16:00:00-04:00,1.12,1.19,6.39,ISRG
2022-07-21 16:00:00-04:00,1.2,1.14,-4.84,ISRG
2022-04-21 16:00:00-04:00,1.08,1.13,5.1,ISRG
2022-01-20 16:00:00-05:00,1.28,1.3,1.56,ISRG
2021-10-19 14:00:00-04:00,1.16,1.19,2.72,ISRG
2021-07-20 16:00:00-04:00,1.02,1.31,28.14,ISRG
2021-04-20 16:00:00-04:00,0.88,1.17,33.69,ISRG
2021-01-21 16:00:00-05:00,1.04,1.19,15.27,ISRG
2020-10-15 16:00:00-04:00,0.68,0.92,35.1,ISRG
2020-07-21 16:00:00-04:00,0.16,0.37,125.47,ISRG
2020-04-16 17:00:00-04:00,0.85,0.9,5.72,ISRG
2020-01-23 16:00:00-05:00,1.13,1.16,3.03,ISRG
2019-10-17 16:00:00-04:00,1.0,1.14,14.82,ISRG
2019-07-18 16:00:00-04:00,0.96,1.08,13.29,ISRG
2019-04-18 16:00:00-04:00,0.9,0.87,-3.32,ISRG
2019-01-24 16:00:00-05:00,1.02,0.99,-3.61,ISRG
2018-10-18 16:00:00-04:00,0.89,0.94,6.42,ISRG
2018-07-19 16:00:00-04:00,0.83,0.92,11.0,ISRG
2018-04-17 16:00:00-04:00,0.69,0.81,18.59,ISRG
2018-01-25 16:00:00-05:00,0.76,0.85,11.78,ISRG
2017-10-19 16:00:00-04:00,0.66,0.92,39.38,ISRG
2017-07-20 16:00:00-04:00,0.64,0.66,2.87,ISRG
2017-04-18 16:00:00-04:00,0.55,0.57,2.28,ISRG
2017-01-24 16:00:00-05:00,0.67,0.68,1.72,ISRG
2016-10-18 16:00:00-04:00,0.57,0.69,19.99,ISRG
2016-07-19 16:00:00-04:00,0.55,0.62,12.73,ISRG
2016-04-19 16:00:00-04:00,0.48,0.49,1.97,ISRG
2016-01-21 16:00:00-05:00,0.56,0.65,17.41,ISRG
2015-10-20 16:00:00-04:00,0.47,0.58,23.9,ISRG
2015-07-21 16:00:00-04:00,0.44,0.51,14.7,ISRG
2015-04-21 16:00:00-04:00,0.43,0.4,-8.21,ISRG
2015-01-22 16:00:00-05:00,0.49,0.55,11.87,ISRG
2014-10-21 16:00:00-04:00,0.33,0.35,5.31,ISRG
2014-07-22 16:00:00-04:00,0.32,0.33,1.75,ISRG
2014-04-22 16:00:00-04:00,0.36,0.3,-18.47,ISRG
2014-01-23 16:00:00-05:00,0.43,0.48,11.33,ISRG
2013-10-17 16:00:00-04:00,0.37,0.37,-0.88,ISRG
2013-07-18 16:00:00-04:00,0.45,0.43,-3.32,ISRG
2013-04-18 16:00:00-04:00,0.45,0.51,13.13,ISRG
2013-01-22 16:00:00-05:00,0.45,0.47,4.79,ISRG
2012-10-16 16:00:00-04:00,0.39,0.39,0.56,ISRG
2012-07-19 16:00:00-04:00,0.4,0.42,5.08,ISRG
2012-04-17 16:00:00-04:00,0.35,0.39,11.14,ISRG
2012-01-19 16:00:00-05:00,0.37,0.42,12.11,ISRG
2011-10-18 16:00:00-04:00,0.31,0.34,8.46,ISRG
2011-07-19 16:00:00-04:00,0.3,0.32,7.6,ISRG
2011-04-19 16:00:00-04:00,0.28,0.29,3.95,ISRG
2011-01-20 16:00:00-05:00,0.25,0.34,34.27,ISRG
2010-10-19 16:00:00-04:00,0.24,0.24,-2.57,ISRG
2010-07-21 16:00:00-04:00,0.23,0.24,6.96,ISRG
2010-04-15 15:00:00-04:00,0.19,0.24,26.03,ISRG
2010-01-21 16:00:00-05:00,0.19,0.22,13.83,ISRG
2009-10-20 16:00:00-04:00,0.16,0.17,4.95,ISRG
2009-07-22 16:00:00-04:00,0.14,0.16,10.17,ISRG
2009-04-16 06:00:00-04:00,0.11,0.11,0.15,ISRG
2009-01-22 16:00:00-05:00,0.14,0.14,0.21,ISRG
2008-10-16 16:00:00-04:00,0.14,0.16,14.59,ISRG
2008-07-22 16:00:00-04:00,0.13,0.14,8.47,ISRG
2008-04-17 16:00:00-04:00,0.11,0.12,13.97,ISRG
2008-01-31 16:00:00-05:00,0.12,0.14,19.61,ISRG
2007-10-18 16:00:00-04:00,0.09,0.11,19.95,ISRG
2007-07-19 16:00:00-04:00,0.07,0.09,18.8,ISRG
2007-04-19 16:00:00-04:00,0.06,0.07,16.98,ISRG
2007-02-01 16:00:00-05:00,0.06,0.07,21.56,ISRG
2006-10-26 16:00:00-04:00,0.05,0.05,9.31,ISRG
2006-07-26 16:00:00-04:00,0.04,0.05,10.71,ISRG
2006-04-27 16:00:00-04:00,0.02,0.04,92.43,ISRG
2006-02-02 16:00:00-05:00,0.06,0.07,23.5,ISRG
2005-10-25 16:00:00-04:00,0.03,0.06,90.97,ISRG
2005-07-26 16:00:00-04:00,0.02,0.04,90.48,ISRG
2005-04-21 16:00:00-04:00,0.02,0.03,38.9,ISRG
2005-02-08 16:00:00-05:00,0.02,0.04,75.35,ISRG
2004-10-26 16:00:00-04:00,0.01,0.02,83.75,ISRG
2004-07-27 09:00:00-04:00,0.01,0.02,143.51,ISRG
2004-04-29 16:00:00-04:00,,,367.47,ISRG
2004-02-12 16:00:00-05:00,,,1918.18,ISRG
2003-10-27 09:00:00-05:00,-0.01,-0.01,-33.3,ISRG
2003-08-07 16:00:00-04:00,,0.01,225.23,ISRG
2003-04-24 16:00:00-04:00,-0.03,-0.01,50.0,ISRG
2003-02-07 10:00:00-05:00,-0.02,-0.02,36.33,ISRG
2002-10-24 16:00:00-04:00,-0.03,-0.04,-38.46,ISRG
2002-07-30 16:00:00-04:00,-0.03,-0.02,23.09,ISRG
2002-04-25 16:00:00-04:00,-0.03,-0.01,58.34,ISRG
2002-04-25 16:00:00-04:00,-0.04,-0.03,11.78,ISRG
2026-11-12 07:00:00-05:00,6.5,,,JD
2026-08-13 06:00:00-04:00,5.61,6.29,12.02,JD
2026-05-12 05:00:00-04:00,3.64,5.12,40.75,JD
2026-03-05 05:00:00-05:00,0.67,0.57,-14.55,JD
2025-11-13 04:00:00-05:00,2.89,3.73,29.19,JD
2025-08-14 05:00:00-04:00,3.56,4.97,39.78,JD
2025-05-13 05:00:00-04:00,7.09,8.41,18.65,JD
2025-03-06 04:00:00-05:00,6.07,7.42,22.24,JD
2024-11-14 04:00:00-05:00,7.49,8.68,15.84,JD
2024-08-15 06:00:00-04:00,6.19,9.36,51.33,JD
2024-05-16 06:00:00-04:00,4.65,5.65,21.52,JD
2024-03-06 05:00:00-05:00,4.53,5.3,16.97,JD
2023-11-15 04:00:00-05:00,5.84,6.7,14.79,JD
2023-08-16 06:00:00-04:00,4.92,5.39,9.58,JD
2023-05-11 05:00:00-04:00,3.5,4.76,35.88,JD
2023-03-09 05:00:00-05:00,3.49,4.81,37.71,JD
2022-11-18 05:00:00-05:00,4.46,6.27,40.44,JD
2022-08-23 06:00:00-04:00,2.76,4.06,46.96,JD
2022-05-17 06:00:00-04:00,1.64,2.53,54.29,JD
2022-03-10 04:00:00-05:00,1.68,2.21,31.7,JD
2021-11-18 03:00:00-05:00,2.0,3.16,58.27,JD
2021-08-23 06:00:00-04:00,2.23,2.9,29.83,JD
2021-05-19 06:00:00-04:00,2.28,2.47,8.39,JD
2021-03-11 05:00:00-05:00,1.19,1.49,25.09,JD
2020-11-16 05:00:00-05:00,2.71,3.42,26.05,JD
2020-08-17 07:00:00-04:00,2.68,3.51,31.16,JD
2020-05-15 05:00:00-04:00,0.63,1.98,213.8,JD
2020-03-02 05:00:00-05:00,0.43,0.54,26.64,JD
2019-11-15 04:00:00-05:00,1.19,2.08,74.11,JD
2019-08-13 06:00:00-04:00,0.54,2.3,323.43,JD
2019-05-10 06:00:00-04:00,0.83,2.23,169.59,JD
2019-02-28 06:00:00-05:00,-0.27,0.51,289.01,JD
2018-11-19 05:00:00-05:00,0.74,0.8,8.01,JD
2018-08-16 06:00:00-04:00,0.67,0.33,-50.9,JD
2018-05-08 07:00:00-04:00,0.82,0.71,-13.65,JD
2018-03-02 05:00:00-05:00,0.43,0.31,-27.36,JD
2017-11-13 05:00:00-05:00,0.73,1.52,108.03,JD
2017-08-14 05:00:00-04:00,0.56,0.67,19.22,JD
2017-05-08 03:00:00-04:00,0.1,1.01,864.75,JD
2017-03-02 05:00:00-05:00,-0.35,0.39,211.94,JD
2016-11-15 04:00:00-05:00,-0.37,0.2,154.56,JD
2016-08-10 06:00:00-04:00,-0.18,0.29,259.68,JD
2016-05-09 07:00:00-04:00,-0.17,-0.15,10.91,JD
2016-03-01 05:00:00-05:00,-0.16,-0.46,-190.97,JD
2015-11-16 04:00:00-05:00,0.09,0.02,-79.21,JD
2015-08-07 06:00:00-04:00,-0.13,-0.01,92.51,JD
2015-05-08 03:00:00-04:00,,-0.15,-19900.0,JD
2015-03-03 04:00:00-05:00,-0.13,0.06,146.74,JD
2014-11-17 03:00:00-05:00,-0.03,0.25,813.56,JD
2014-08-15 05:00:00-04:00,-0.12,,100.0,JD
2026-10-13 08:00:00-04:00,2.51,,,JNJ
2026-07-15 06:00:00-04:00,2.85,2.9,1.58,JNJ
2026-04-14 06:00:00-04:00,2.68,2.7,0.85,JNJ
2026-01-21 06:00:00-05:00,2.46,2.46,-0.11,JNJ
2025-10-14 06:00:00-04:00,2.76,2.8,1.49,JNJ
2025-07-16 06:00:00-04:00,2.68,2.77,3.21,JNJ
2025-04-15 06:00:00-04:00,2.58,2.77,7.38,JNJ
2025-01-22 06:00:00-05:00,2.01,2.04,1.38,JNJ
2024-10-15 06:00:00-04:00,2.21,2.42,9.71,JNJ
2024-07-17 06:00:00-04:00,2.7,2.82,4.31,JNJ
2024-04-16 06:00:00-04:00,2.65,2.71,2.26,JNJ
2024-01-23 06:00:00-05:00,2.28,2.29,0.39,JNJ
2023-10-17 06:00:00-04:00,2.52,2.66,5.54,JNJ
2023-07-20 06:00:00-04:00,2.62,2.8,6.92,JNJ
2023-04-18 06:00:00-04:00,2.5,2.68,7.17,JNJ
2023-01-24 06:00:00-05:00,2.24,2.35,5.07,JNJ
2022-10-18 06:00:00-04:00,2.49,2.55,2.6,JNJ
2022-07-19 06:00:00-04:00,2.55,2.59,1.63,JNJ
2022-04-19 06:00:00-04:00,2.57,2.67,4.08,JNJ
2022-01-25 06:00:00-05:00,2.12,2.13,0.53,JNJ
2021-10-19 06:00:00-04:00,2.35,2.6,10.51,JNJ
2021-07-21 06:00:00-04:00,2.28,2.48,8.62,JNJ
2021-04-20 06:00:00-04:00,2.35,2.59,10.43,JNJ
2021-01-26 06:00:00-05:00,1.83,1.86,1.76,JNJ
2020-10-13 06:00:00-04:00,1.98,2.2,11.03,JNJ
2020-07-16 06:00:00-04:00,1.51,1.67,10.51,JNJ
2020-04-14 07:00:00-04:00,2.0,2.3,15.23,JNJ
2020-01-22 06:00:00-05:00,1.87,1.88,0.73,JNJ
2019-10-15 06:00:00-04:00,2.01,2.12,5.22,JNJ
2019-07-16 06:00:00-04:00,2.44,2.58,5.62,JNJ
2019-04-16 06:00:00-04:00,2.04,2.1,2.77,JNJ
2019-01-22 06:00:00-05:00,1.95,1.97,0.89,JNJ
2018-10-16 06:00:00-04:00,2.03,2.05,0.89,JNJ
2018-07-17 06:00:00-04:00,2.07,2.1,1.59,JNJ
2018-04-17 06:00:00-04:00,2.0,2.06,2.89,JNJ
2018-01-23 06:00:00-05:00,1.72,1.74,0.94,JNJ
2017-10-17 06:00:00-04:00,1.8,1.9,5.35,JNJ
2017-07-18 06:00:00-04:00,1.79,1.83,2.41,JNJ
2017-04-18 06:00:00-04:00,1.77,1.83,3.18,JNJ
2017-01-24 06:00:00-05:00,1.56,1.58,1.03,JNJ
2016-10-18 06:00:00-04:00,1.66,1.68,1.39,JNJ
2016-07-19 06:00:00-04:00,1.68,1.74,3.65,JNJ
2016-04-19 06:00:00-04:00,1.65,1.68,1.76,JNJ
2016-01-26 06:00:00-05:00,1.42,1.44,1.48,JNJ
2015-10-13 07:00:00-04:00,1.45,1.49,2.64,JNJ
2015-07-14 07:00:00-04:00,1.68,1.71,1.74,JNJ
2015-04-14 07:00:00-04:00,1.54,1.56,1.33,JNJ
2015-01-20 07:00:00-05:00,1.26,1.27,1.19,JNJ
2014-10-14 07:00:00-04:00,1.45,1.5,3.68,JNJ
2014-07-15 07:00:00-04:00,1.55,1.66,7.11,JNJ
2014-04-15 07:00:00-04:00,1.48,1.54,4.33,JNJ
2014-01-21 07:00:00-05:00,1.2,1.24,3.15,JNJ
2013-10-15 07:00:00-04:00,1.32,1.36,2.8,JNJ
2013-07-16 07:00:00-04:00,1.39,1.48,6.38,JNJ
2013-04-16 07:00:00-04:00,1.4,1.44,2.76,JNJ
2013-01-22 07:00:00-05:00,1.17,1.19,2.1,JNJ
2012-10-16 07:00:00-04:00,1.21,1.25,3.13,JNJ
2012-07-17 07:00:00-04:00,1.29,1.3,0.73,JNJ
2012-04-17 07:00:00-04:00,1.36,1.37,0.97,JNJ
2012-01-24 07:00:00-05:00,1.09,1.13,3.48,JNJ
2011-10-18 07:00:00-04:00,1.21,1.24,2.83,JNJ
2011-07-19 07:00:00-04:00,1.24,1.28,3.05,JNJ
2011-04-19 07:00:00-04:00,1.26,1.35,7.41,JNJ
2011-01-25 07:00:00-05:00,1.03,1.03,0.36,JNJ
2010-10-19 07:00:00-04:00,1.15,1.23,7.19,JNJ
2010-07-20 07:00:00-04:00,1.2,1.21,0.44,JNJ
2010-04-20 06:00:00-04:00,1.27,1.29,1.29,JNJ
2010-01-26 07:00:00-05:00,0.97,1.02,4.98,JNJ
2009-10-13 07:00:00-04:00,1.13,1.2,6.05,JNJ
2009-07-14 07:00:00-04:00,1.11,1.15,3.23,JNJ
2009-04-14 07:00:00-04:00,1.22,1.26,2.9,JNJ
2009-01-20 07:00:00-05:00,0.92,0.94,2.49,JNJ
2008-10-14 07:00:00-04:00,1.11,1.17,5.15,JNJ
2008-07-15 07:00:00-04:00,1.12,1.18,5.04,JNJ
2008-04-15 08:00:00-04:00,1.2,1.26,5.05,JNJ
2008-01-22 07:00:00-05:00,0.86,0.88,2.33,JNJ
2007-10-16 07:00:00-04:00,0.99,1.06,6.73,JNJ
2007-07-16 19:00:00-04:00,1.0,1.05,5.0,JNJ
2007-04-17 08:00:00-04:00,1.04,1.16,11.11,JNJ
2007-01-23 08:00:00-05:00,0.79,0.81,2.03,JNJ
2006-10-17 08:00:00-04:00,0.93,0.98,5.56,JNJ
2006-07-18 08:00:00-04:00,0.97,0.98,0.88,JNJ
2006-04-18 08:00:00-04:00,0.98,0.99,0.71,JNJ
2006-01-24 08:00:00-05:00,0.73,0.73,0.69,JNJ
2005-10-18 08:00:00-04:00,0.86,0.87,1.64,JNJ
2005-07-19 08:00:00-04:00,0.91,0.93,2.31,JNJ
2005-04-19 08:00:00-04:00,0.92,0.97,5.32,JNJ
2005-01-25 08:00:00-05:00,0.64,0.67,4.52,JNJ
2004-10-12 08:00:00-04:00,0.76,0.78,2.39,JNJ
2004-07-13 08:00:00-04:00,0.79,0.82,3.93,JNJ
2004-04-13 08:00:00-04:00,0.8,0.83,4.27,JNJ
2004-01-20 08:00:00-05:00,0.56,0.57,1.24,JNJ
2003-10-14 08:00:00-04:00,0.68,0.69,1.17,JNJ
2003-07-15 08:00:00-04:00,0.69,0.7,1.2,JNJ
2003-04-15 08:00:00-04:00,0.68,0.69,2.05,JNJ
2003-01-21 08:00:00-05:00,0.47,0.48,1.79,JNJ
2002-10-15 08:00:00-04:00,0.59,0.6,1.69,JNJ
2002-07-16 08:00:00-04:00,0.59,0.6,2.56,JNJ
2002-04-16 08:00:00-04:00,0.58,0.59,1.9,JNJ
2002-01-22 08:00:00-05:00,0.38,0.39,1.96,JNJ
2026-10-13 08:00:00-04:00,5.91,,,JPM
2026-07-14 06:00:00-04:00,5.8,6.14,5.86,JPM
2026-04-14 06:00:00-04:00,5.51,5.94,7.78,JPM
2026-01-13 06:00:00-05:00,4.82,4.63,-3.91,JPM
2025-10-14 06:00:00-04:00,4.87,5.07,4.01,JPM
2025-07-15 06:00:00-04:00,4.48,4.96,10.62,JPM
2025-04-11 06:00:00-04:00,4.64,5.07,9.15,JPM
2025-01-15 06:00:00-05:00,4.04,4.81,19.18,JPM
2024-10-11 06:00:00-04:00,3.99,4.37,9.63,JPM
2024-07-12 06:00:00-04:00,5.09,6.12,20.16,JPM
2024-04-12 06:00:00-04:00,4.13,4.44,7.4,JPM
2024-01-12 06:00:00-05:00,3.6,3.04,-15.65,JPM
2023-10-13 06:00:00-04:00,3.97,4.33,9.01,JPM
2023-07-14 06:00:00-04:00,3.76,4.75,26.46,JPM
2023-04-14 06:00:00-04:00,3.37,4.1,21.69,JPM
2023-01-13 06:00:00-05:00,3.1,3.57,15.04,JPM
2022-10-14 06:00:00-04:00,2.85,3.12,9.44,JPM
2022-07-14 06:00:00-04:00,2.9,2.76,-4.76,JPM
2022-04-13 06:00:00-04:00,2.71,2.63,-2.85,JPM
2022-01-14 06:00:00-05:00,3.03,3.33,9.73,JPM
2021-10-13 06:00:00-04:00,3.0,3.55,18.31,JPM
2021-07-13 06:00:00-04:00,3.17,3.78,19.08,JPM
2021-04-14 06:00:00-04:00,3.06,4.59,49.98,JPM
2021-01-15 06:00:00-05:00,2.65,3.07,15.81,JPM
2020-10-13 06:00:00-04:00,2.24,3.09,38.23,JPM
2020-07-14 06:00:00-04:00,1.21,1.08,-10.44,JPM
2020-04-14 06:00:00-04:00,2.2,2.89,31.39,JPM
2020-01-14 06:00:00-05:00,2.36,2.57,8.83,JPM
2019-10-15 06:00:00-04:00,2.45,2.68,9.2,JPM
2019-07-16 06:00:00-04:00,2.49,2.82,13.21,JPM
2019-04-12 06:00:00-04:00,2.35,2.65,12.76,JPM
2019-01-15 06:00:00-05:00,2.19,1.98,-9.49,JPM
2018-10-12 06:00:00-04:00,2.26,2.34,3.45,JPM
2018-07-13 06:00:00-04:00,2.22,2.29,3.1,JPM
2018-04-13 06:00:00-04:00,2.29,2.26,-1.23,JPM
2018-01-12 06:00:00-05:00,1.69,1.76,4.06,JPM
2017-10-12 06:00:00-04:00,1.66,1.76,6.24,JPM
2017-07-14 06:00:00-04:00,1.59,1.71,7.48,JPM
2017-04-13 06:00:00-04:00,1.51,1.65,9.44,JPM
2017-01-13 07:00:00-05:00,1.42,1.58,11.06,JPM
2016-10-14 02:00:00-04:00,1.39,1.58,13.79,JPM
2016-07-14 06:00:00-04:00,1.43,1.55,8.63,JPM
2016-04-13 06:00:00-04:00,1.26,1.35,7.1,JPM
2016-01-14 06:00:00-05:00,1.26,1.32,4.7,JPM
2015-10-13 16:00:00-04:00,1.37,1.32,-3.72,JPM
2015-07-14 07:00:00-04:00,1.44,1.54,6.96,JPM
2015-04-14 07:00:00-04:00,1.41,1.45,2.96,JPM
2015-01-14 06:00:00-05:00,1.32,1.19,-9.52,JPM
2014-10-14 06:00:00-04:00,1.38,1.62,16.98,JPM
2014-07-15 06:00:00-04:00,1.3,1.46,12.23,JPM
2014-04-11 07:00:00-04:00,1.4,1.28,-8.79,JPM
2014-01-14 06:00:00-05:00,1.33,1.4,5.03,JPM
2013-10-11 06:00:00-04:00,1.28,1.42,11.2,JPM
2013-07-12 06:00:00-04:00,1.45,1.6,10.71,JPM
2013-04-12 06:00:00-04:00,1.38,1.59,14.96,JPM
2013-01-16 06:00:00-05:00,1.21,1.39,14.79,JPM
2012-10-12 06:00:00-04:00,1.23,1.4,13.66,JPM
2012-07-13 06:00:00-04:00,0.82,1.21,47.34,JPM
2012-04-13 07:00:00-04:00,1.17,1.31,11.75,JPM
2012-01-13 06:00:00-05:00,0.91,0.9,-1.36,JPM
2011-10-13 06:00:00-04:00,0.91,1.02,11.78,JPM
2011-07-14 06:00:00-04:00,1.2,1.27,5.57,JPM
2011-04-13 06:00:00-04:00,1.16,1.28,10.59,JPM
2011-01-14 07:00:00-05:00,1.01,1.12,10.92,JPM
2010-10-13 06:00:00-04:00,0.9,1.01,12.56,JPM
2010-07-15 06:00:00-04:00,0.74,1.09,47.58,JPM
2010-04-14 05:00:00-04:00,0.64,0.74,15.26,JPM
2010-01-15 06:00:00-05:00,0.61,0.74,21.81,JPM
2009-10-14 06:00:00-04:00,0.53,0.82,55.57,JPM
2009-07-16 06:00:00-04:00,0.06,0.28,340.81,JPM
2009-04-16 06:00:00-04:00,0.3,0.4,31.2,JPM
2009-01-15 06:00:00-05:00,0.01,-0.28,-2318.7,JPM
2008-10-15 06:00:00-04:00,-0.29,-0.06,79.09,JPM
2008-07-17 06:00:00-04:00,0.44,0.54,23.85,JPM
2008-04-16 06:00:00-04:00,0.65,0.68,3.88,JPM
2008-01-16 06:00:00-05:00,0.91,0.86,-5.7,JPM
2007-10-17 06:00:00-04:00,0.9,0.97,8.26,JPM
2007-07-18 06:00:00-04:00,1.08,1.2,11.01,JPM
2007-04-18 06:00:00-04:00,1.02,1.23,21.06,JPM
2007-01-17 07:00:00-05:00,0.94,1.01,7.25,JPM
2006-10-18 06:00:00-04:00,0.86,0.91,6.06,JPM
2006-07-19 06:00:00-04:00,0.87,0.92,6.11,JPM
2006-04-19 06:00:00-04:00,0.83,0.86,3.4,JPM
2006-01-18 07:00:00-05:00,0.73,0.73,0.56,JPM
2005-10-19 06:00:00-04:00,0.72,0.75,3.74,JPM
2005-07-20 06:00:00-04:00,0.65,0.66,1.93,JPM
2005-04-20 06:00:00-04:00,0.7,0.81,15.84,JPM
2005-01-19 06:00:00-05:00,0.69,0.64,-7.41,JPM
2004-10-20 07:00:00-04:00,0.74,0.6,-18.98,JPM
2004-07-21 06:00:00-04:00,0.83,0.85,2.65,JPM
2004-04-21 07:00:00-04:00,0.87,0.92,6.36,JPM
2004-01-21 07:00:00-05:00,0.77,0.89,15.43,JPM
2003-10-22 07:00:00-04:00,0.76,0.78,3.17,JPM
2003-07-16 07:00:00-04:00,0.62,0.89,43.78,JPM
2003-04-16 07:00:00-04:00,0.5,0.69,37.41,JPM
2003-01-22 07:00:00-05:00,-0.07,-0.07,-6.06,JPM
2002-10-16 07:00:00-04:00,0.07,0.16,124.78,JPM
2002-07-17 07:00:00-04:00,0.65,0.58,-11.28,JPM
2002-04-17 07:00:00-04:00,0.53,0.57,7.02,JPM
2002-01-16 07:00:00-05:00,0.35,0.12,-65.84,JPM
2026-10-28 16:00:00-04:00,1.18,,,KLAC
2026-07-28 16:00:00-04:00,1.0,1.05,5.14,KLAC
2026-04-29 16:00:00-04:00,0.92,0.94,2.5,KLAC
2026-01-29 16:00:00-05:00,0.88,0.89,0.59,KLAC
2025-10-29 16:00:00-04:00,0.86,0.88,2.24,KLAC
2025-07-31 16:00:00-04:00,0.86,0.94,9.67,KLAC
2025-04-30 16:00:00-04:00,0.81,0.84,4.03,KLAC
2025-01-30 16:00:00-05:00,0.78,0.82,5.73,KLAC
2024-10-30 16:00:00-04:00,0.7,0.73,4.03,KLAC
2024-07-24 16:00:00-04:00,0.61,0.66,8.11,KLAC
2024-04-25 16:00:00-04:00,0.51,0.53,4.01,KLAC
2024-01-25 16:00:00-05:00,0.59,0.62,4.74,KLAC
2023-10-25 16:00:00-04:00,0.54,0.57,6.87,KLAC
2023-07-27 16:00:00-04:00,0.49,0.54,11.17,KLAC
2023-04-26 16:00:00-04:00,0.53,0.55,3.84,KLAC
2023-01-26 16:00:00-05:00,0.71,0.74,4.05,KLAC
2022-10-26 16:00:00-04:00,0.62,0.71,13.37,KLAC
2022-07-28 16:00:00-04:00,0.55,0.58,5.84,KLAC
2022-04-28 16:00:00-04:00,0.48,0.51,6.33,KLAC
2022-01-27 16:00:00-05:00,0.55,0.56,2.53,KLAC
2021-10-27 16:00:00-04:00,0.45,0.46,2.69,KLAC
2021-07-29 16:00:00-04:00,0.4,0.44,10.7,KLAC
2021-04-29 16:00:00-04:00,0.36,0.39,6.43,KLAC
2021-02-03 23:00:00-05:00,0.32,0.32,0.71,KLAC
2020-10-28 16:00:00-04:00,0.28,0.3,8.68,KLAC
2020-08-03 16:00:00-04:00,0.24,0.27,12.87,KLAC
2020-05-05 17:00:00-04:00,0.24,0.25,4.74,KLAC
2020-02-04 16:00:00-05:00,0.26,0.27,2.91,KLAC
2019-10-30 16:00:00-04:00,0.22,0.25,12.7,KLAC
2019-08-05 16:00:00-04:00,0.17,0.18,2.0,KLAC
2019-05-06 16:00:00-04:00,0.17,0.18,8.07,KLAC
2019-01-29 16:00:00-05:00,0.22,0.24,10.54,KLAC
2018-10-29 16:00:00-04:00,0.22,0.25,11.28,KLAC
2018-07-30 16:00:00-04:00,0.21,0.22,4.64,KLAC
2018-04-26 16:00:00-04:00,0.2,0.2,1.65,KLAC
2018-01-25 16:00:00-05:00,0.17,0.2,13.77,KLAC
2017-10-26 16:00:00-04:00,0.16,0.18,9.98,KLAC
2017-07-27 16:00:00-04:00,0.16,0.16,3.18,KLAC
2017-04-27 16:00:00-04:00,0.15,0.16,4.71,KLAC
2017-01-26 16:00:00-05:00,0.14,0.15,8.83,KLAC
2016-10-20 16:00:00-04:00,0.1,0.12,11.84,KLAC
2016-07-28 08:00:00-04:00,0.14,0.18,24.67,KLAC
2016-04-26 16:00:00-04:00,0.1,0.12,16.92,KLAC
2016-01-28 16:00:00-05:00,0.09,0.1,21.55,KLAC
2015-10-21 04:00:00-04:00,0.06,0.07,26.38,KLAC
2015-07-30 16:00:00-04:00,0.09,0.1,8.61,KLAC
2015-04-23 16:00:00-04:00,0.08,0.08,11.1,KLAC
2015-01-22 16:00:00-05:00,0.05,0.07,31.55,KLAC
2014-10-23 16:00:00-04:00,0.05,0.05,1.03,KLAC
2014-07-24 16:00:00-04:00,0.09,0.08,-7.19,KLAC
2014-04-24 16:00:00-04:00,0.11,0.12,10.98,KLAC
2014-01-23 16:00:00-05:00,0.08,0.09,6.84,KLAC
2013-10-24 16:00:00-04:00,0.07,0.07,2.63,KLAC
2013-07-25 16:00:00-04:00,0.08,0.08,3.17,KLAC
2013-04-25 16:00:00-04:00,0.09,0.1,15.6,KLAC
2013-01-24 16:00:00-05:00,0.06,0.06,10.8,KLAC
2012-10-25 16:00:00-04:00,0.09,0.08,-6.08,KLAC
2012-07-26 16:00:00-04:00,0.13,0.15,13.52,KLAC
2012-04-26 16:00:00-04:00,0.11,0.13,15.68,KLAC
2012-01-26 16:00:00-05:00,0.07,0.07,10.5,KLAC
2011-10-27 16:00:00-04:00,0.12,0.12,0.27,KLAC
2011-07-28 16:00:00-04:00,0.14,0.15,6.97,KLAC
2011-04-28 16:00:00-04:00,0.12,0.13,5.36,KLAC
2011-01-27 16:00:00-05:00,0.11,0.11,4.49,KLAC
2010-10-28 16:00:00-04:00,0.09,0.1,15.12,KLAC
2010-07-29 16:00:00-04:00,0.06,0.07,17.35,KLAC
2010-04-29 16:00:00-04:00,0.03,0.04,18.81,KLAC
2010-01-28 16:00:00-05:00,0.03,0.03,3.4,KLAC
2009-10-29 16:00:00-04:00,,0.02,1478.95,KLAC
2009-07-23 16:00:00-04:00,-0.01,-0.01,37.33,KLAC
2009-04-23 16:00:00-04:00,-0.03,-0.03,-30.52,KLAC
2009-01-29 16:00:00-05:00,-0.01,-0.01,-133.46,KLAC
2008-10-30 16:00:00-04:00,0.03,0.03,-6.54,KLAC
2008-07-31 16:00:00-04:00,0.06,0.06,4.58,KLAC
2008-04-24 16:00:00-04:00,0.06,0.07,8.26,KLAC
2008-01-24 16:00:00-05:00,0.07,0.08,6.47,KLAC
2007-10-25 16:00:00-04:00,0.08,0.08,1.14,KLAC
2007-07-26 16:00:00-04:00,0.09,0.09,5.77,KLAC
2007-04-26 16:00:00-04:00,0.08,0.09,13.15,KLAC
2007-02-05 07:00:00-05:00,0.07,0.07,2.92,KLAC
2007-01-29 08:00:00-05:00,0.07,0.07,-0.92,KLAC
2007-01-29 08:00:00-05:00,0.06,0.07,7.88,KLAC
2006-04-27 16:00:00-04:00,0.04,0.05,13.61,KLAC
2006-01-26 16:00:00-05:00,0.05,0.05,9.6,KLAC
2005-10-27 16:00:00-04:00,0.05,0.05,5.75,KLAC
2005-07-28 16:00:00-04:00,0.05,0.05,8.33,KLAC
2005-04-28 16:00:00-04:00,0.06,0.06,9.34,KLAC
2005-01-20 16:00:00-05:00,0.06,0.06,3.15,KLAC
2004-10-21 16:00:00-04:00,0.06,0.06,1.97,KLAC
2004-07-29 16:00:00-04:00,0.05,0.05,5.68,KLAC
2004-04-21 16:00:00-04:00,0.03,0.03,13.05,KLAC
2004-01-22 16:00:00-05:00,0.02,0.02,13.99,KLAC
2003-10-22 16:00:00-04:00,0.02,0.02,7.27,KLAC
2003-10-22 16:00:00-04:00,0.02,0.03,11.73,KLAC
2003-07-24 16:00:00-04:00,0.01,0.02,3.16,KLAC
2003-04-23 16:00:00-04:00,0.01,0.01,27.27,KLAC
2003-01-23 16:00:00-05:00,0.01,0.02,7.14,KLAC
2002-07-30 16:00:00-04:00,0.02,0.02,13.47,KLAC
2002-07-30 16:00:00-04:00,0.03,0.07,168.0,KLAC
2002-04-18 09:00:00-04:00,0.01,0.02,14.4,KLAC
2026-10-28 16:00:00-04:00,0.33,,,KMI
2026-07-22 16:00:00-04:00,0.31,0.37,18.28,KMI
2026-04-22 16:00:00-04:00,0.39,0.48,22.1,KMI
2026-01-21 16:00:00-05:00,0.37,0.39,6.82,KMI
2025-10-22 16:00:00-04:00,0.3,0.29,-2.84,KMI
2025-07-16 16:00:00-04:00,0.28,0.28,0.81,KMI
2025-04-16 16:00:00-04:00,0.36,0.34,-4.83,KMI
2025-01-22 16:00:00-05:00,0.33,0.32,-2.69,KMI
2024-10-16 16:00:00-04:00,0.26,0.25,-5.33,KMI
2024-07-17 16:00:00-04:00,0.25,0.25,-0.86,KMI
2024-04-17 16:00:00-04:00,0.34,0.34,0.77,KMI
2024-01-17 16:00:00-05:00,0.29,0.28,-4.72,KMI
2023-10-18 16:00:00-04:00,0.25,0.25,-1.96,KMI
2023-07-19 16:00:00-04:00,0.24,0.24,0.69,KMI
2023-04-19 16:00:00-04:00,0.29,0.3,3.58,KMI
2023-01-18 16:00:00-05:00,0.3,0.31,2.88,KMI
2022-10-19 16:00:00-04:00,0.28,0.25,-12.24,KMI
2022-07-20 16:00:00-04:00,0.27,0.27,0.33,KMI
2022-04-20 16:00:00-04:00,0.28,0.32,12.57,KMI
2022-01-19 16:00:00-05:00,0.26,0.27,3.69,KMI
2021-10-20 16:00:00-04:00,0.24,0.22,-9.71,KMI
2021-07-21 16:00:00-04:00,0.2,0.23,17.76,KMI
2021-04-21 16:00:00-04:00,0.25,0.6,143.09,KMI
2021-01-20 16:00:00-05:00,0.24,0.27,11.51,KMI
2020-10-21 16:00:00-04:00,0.2,0.21,5.85,KMI
2020-07-22 16:00:00-04:00,0.16,0.17,7.67,KMI
2020-04-22 17:00:00-04:00,0.25,0.24,-3.6,KMI
2020-01-22 16:00:00-05:00,0.27,0.26,-2.39,KMI
2019-10-16 16:00:00-04:00,0.24,0.22,-9.51,KMI
2019-07-17 16:00:00-04:00,0.24,0.22,-6.78,KMI
2019-04-17 16:00:00-04:00,0.25,0.25,0.7,KMI
2019-01-16 16:00:00-05:00,0.25,0.25,-1.04,KMI
2018-10-17 16:00:00-04:00,0.21,0.21,-0.15,KMI
2018-07-18 16:00:00-04:00,0.19,0.21,11.57,KMI
2018-04-18 16:00:00-04:00,0.21,0.22,5.87,KMI
2018-01-17 16:00:00-05:00,0.18,0.21,16.19,KMI
2017-10-18 16:00:00-04:00,0.14,0.15,7.84,KMI
2017-07-19 16:00:00-04:00,0.15,0.14,-7.85,KMI
2017-04-19 16:00:00-04:00,0.18,0.17,-4.32,KMI
2017-01-18 16:00:00-05:00,0.18,0.18,3.0,KMI
2016-10-19 16:00:00-04:00,0.15,0.15,0.83,KMI
2016-07-20 16:00:00-04:00,0.15,0.15,-0.4,KMI
2016-04-20 16:00:00-04:00,0.18,0.18,-0.62,KMI
2016-01-20 16:00:00-05:00,0.18,0.21,13.42,KMI
2015-10-21 16:00:00-04:00,0.18,0.16,-12.43,KMI
2015-07-15 16:00:00-04:00,0.19,0.16,-15.79,KMI
2015-04-15 16:00:00-04:00,0.23,0.21,-6.11,KMI
2015-01-21 16:00:00-05:00,0.32,0.15,-51.61,KMI
2014-10-15 16:00:00-04:00,0.31,0.32,2.74,KMI
2014-07-16 16:00:00-04:00,0.28,0.27,-4.36,KMI
2014-04-16 16:00:00-04:00,0.35,0.28,-19.24,KMI
2014-01-15 16:00:00-05:00,0.35,0.33,-5.8,KMI
2013-10-16 16:00:00-04:00,0.33,0.27,-16.93,KMI
2013-07-17 16:00:00-04:00,0.34,0.27,-20.42,KMI
2013-04-17 16:00:00-04:00,0.31,0.28,-8.72,KMI
2013-01-16 16:00:00-05:00,0.34,0.33,-4.15,KMI
2012-10-17 16:00:00-04:00,0.27,0.32,18.14,KMI
2012-07-18 16:00:00-04:00,0.25,0.18,-26.24,KMI
2012-04-18 16:00:00-04:00,0.31,0.56,79.3,KMI
2012-01-18 16:00:00-05:00,0.28,0.23,-18.45,KMI
2011-10-19 16:00:00-04:00,0.28,0.21,-22.88,KMI
2011-07-20 16:00:00-04:00,0.25,0.19,-25.4,KMI
2011-04-20 16:00:00-04:00,0.27,0.31,15.89,KMI
2007-01-17 16:00:00-05:00,1.42,1.46,2.82,KMI
2006-10-18 16:00:00-04:00,0.99,1.02,3.03,KMI
2006-07-19 16:00:00-04:00,1.05,1.05,,KMI
2006-04-19 16:00:00-04:00,1.45,1.54,6.21,KMI
2026-10-27 08:00:00-04:00,0.88,,,KO
2026-07-28 06:00:00-04:00,0.93,0.97,4.05,KO
2026-04-28 07:00:00-04:00,0.81,0.86,5.88,KO
2026-02-10 06:00:00-05:00,0.56,0.58,2.69,KO
2025-10-21 06:00:00-04:00,0.78,0.82,5.32,KO
2025-07-22 07:00:00-04:00,0.84,0.87,3.93,KO
2025-04-29 06:00:00-04:00,0.72,0.73,1.95,KO
2025-02-11 06:00:00-05:00,0.52,0.55,6.38,KO
2024-10-23 06:00:00-04:00,0.75,0.77,3.18,KO
2024-07-23 06:00:00-04:00,0.81,0.84,4.26,KO
2024-04-30 06:00:00-04:00,0.7,0.72,3.4,KO
2024-02-13 06:00:00-05:00,0.49,0.49,0.33,KO
2023-10-24 06:00:00-04:00,0.69,0.74,6.49,KO
2023-07-26 06:00:00-04:00,0.72,0.78,8.14,KO
2023-04-24 06:00:00-04:00,0.65,0.68,5.4,KO
2023-02-14 06:00:00-05:00,0.45,0.45,0.18,KO
2022-10-25 06:00:00-04:00,0.64,0.69,8.32,KO
2022-07-26 07:00:00-04:00,0.67,0.7,4.69,KO
2022-04-25 06:00:00-04:00,0.58,0.64,10.44,KO
2022-02-10 06:00:00-05:00,0.41,0.45,9.35,KO
2021-10-27 06:00:00-04:00,0.58,0.65,12.2,KO
2021-07-21 07:00:00-04:00,0.56,0.68,20.51,KO
2021-04-19 07:00:00-04:00,0.5,0.55,9.06,KO
2021-02-10 06:00:00-05:00,0.42,0.47,12.45,KO
2020-10-22 06:00:00-04:00,0.46,0.55,18.92,KO
2020-07-21 06:00:00-04:00,0.41,0.42,2.37,KO
2020-04-21 06:00:00-04:00,0.44,0.51,14.64,KO
2020-01-30 06:00:00-05:00,0.44,0.44,0.65,KO
2019-10-18 06:00:00-04:00,0.56,0.56,-0.45,KO
2019-07-23 06:00:00-04:00,0.61,0.63,2.44,KO
2019-04-23 07:00:00-04:00,0.46,0.48,3.68,KO
2019-02-14 07:00:00-05:00,0.43,0.43,0.07,KO
2018-10-30 07:00:00-04:00,0.55,0.58,6.0,KO
2018-07-25 07:00:00-04:00,0.6,0.61,1.57,KO
2018-04-24 07:00:00-04:00,0.46,0.47,3.09,KO
2018-02-16 07:00:00-05:00,0.38,0.39,1.9,KO
2017-10-25 06:00:00-04:00,0.49,0.5,2.67,KO
2017-07-26 06:00:00-04:00,0.57,0.59,3.12,KO
2017-04-25 06:00:00-04:00,0.44,0.43,-1.27,KO
2017-02-09 07:00:00-05:00,0.37,0.37,1.19,KO
2016-10-26 06:00:00-04:00,0.48,0.49,1.7,KO
2016-07-27 06:00:00-04:00,0.58,0.6,3.18,KO
2016-04-20 06:00:00-04:00,0.44,0.45,1.65,KO
2016-02-09 06:00:00-05:00,0.37,0.38,2.16,KO
2015-10-21 07:00:00-04:00,0.5,0.51,2.03,KO
2015-07-22 07:00:00-04:00,0.6,0.63,4.79,KO
2015-04-22 07:00:00-04:00,0.42,0.48,13.28,KO
2015-02-10 07:00:00-05:00,0.42,0.44,4.46,KO
2014-10-21 07:00:00-04:00,0.53,0.53,0.7,KO
2014-07-22 07:00:00-04:00,0.63,0.64,1.2,KO
2014-04-15 07:00:00-04:00,0.44,0.44,-0.22,KO
2014-02-18 07:00:00-05:00,0.46,0.46,-0.6,KO
2013-10-15 07:00:00-04:00,0.53,0.53,-0.83,KO
2013-07-16 07:00:00-04:00,0.63,0.63,-0.1,KO
2013-04-16 07:00:00-04:00,0.45,0.46,2.99,KO
2013-02-12 07:00:00-05:00,0.44,0.45,3.44,KO
2012-10-16 07:00:00-04:00,0.51,0.51,0.6,KO
2012-07-17 07:00:00-04:00,0.59,0.61,2.63,KO
2012-04-17 07:00:00-04:00,0.44,0.45,1.56,KO
2012-02-07 07:00:00-05:00,0.39,0.4,1.62,KO
2011-10-18 07:00:00-04:00,0.51,0.52,1.32,KO
2011-07-19 07:00:00-04:00,0.58,0.59,0.76,KO
2011-04-26 07:00:00-04:00,0.43,0.43,-0.58,KO
2011-02-09 07:00:00-05:00,0.36,0.36,0.57,KO
2010-10-19 07:00:00-04:00,0.45,0.46,3.35,KO
2010-07-21 07:00:00-04:00,0.51,0.53,3.33,KO
2010-04-20 06:00:00-04:00,0.37,0.4,8.4,KO
2010-02-09 07:00:00-05:00,0.33,0.33,-0.08,KO
2009-10-20 07:00:00-04:00,0.41,0.41,1.11,KO
2009-07-21 07:00:00-04:00,0.44,0.46,3.6,KO
2009-04-21 07:00:00-04:00,0.32,0.33,0.48,KO
2009-02-12 08:00:00-05:00,0.31,0.32,4.09,KO
2008-10-15 07:00:00-04:00,0.38,0.42,8.14,KO
2008-07-17 06:00:00-04:00,0.48,0.51,5.41,KO
2008-04-16 07:00:00-04:00,0.31,0.34,7.0,KO
2008-02-13 07:00:00-05:00,0.27,0.29,5.6,KO
2007-10-17 07:00:00-04:00,0.34,0.36,3.83,KO
2007-07-17 07:00:00-04:00,0.41,0.43,3.91,KO
2007-04-17 06:00:00-04:00,0.27,0.28,5.52,KO
2007-02-14 06:00:00-05:00,0.25,0.26,3.86,KO
2006-10-19 06:00:00-04:00,0.3,0.31,4.86,KO
2006-07-18 07:00:00-04:00,0.36,0.38,4.62,KO
2006-04-19 06:00:00-04:00,0.24,0.25,1.71,KO
2006-02-07 06:00:00-05:00,0.22,0.23,3.6,KO
2005-10-20 06:00:00-04:00,0.26,0.28,6.17,KO
2005-07-21 06:00:00-04:00,0.32,0.34,5.7,KO
2005-04-19 06:00:00-04:00,0.22,0.24,8.55,KO
2005-02-16 07:00:00-05:00,0.2,0.23,15.58,KO
2004-10-21 16:00:00-04:00,0.23,0.25,6.88,KO
2004-07-22 16:00:00-04:00,0.32,0.32,-0.05,KO
2004-04-21 06:00:00-04:00,0.22,0.23,5.02,KO
2004-02-11 06:00:00-05:00,0.22,0.23,3.71,KO
2003-10-16 06:00:00-04:00,0.26,0.28,5.9,KO
2003-07-17 06:00:00-04:00,0.27,0.28,5.56,KO
2003-04-16 07:00:00-04:00,0.19,0.19,-0.8,KO
2003-02-12 07:00:00-05:00,0.2,0.2,0.54,KO
2002-10-16 07:00:00-04:00,0.24,0.24,0.45,KO
2002-07-17 07:00:00-04:00,0.26,0.26,0.26,KO
2002-04-16 07:00:00-04:00,0.19,0.2,5.54,KO
2002-01-29 07:00:00-05:00,0.18,0.19,0.82,KO
2026-11-05 07:00:00-05:00,0.29,,,KVUE
2026-08-06 06:00:00-04:00,0.32,0.31,-2.82,KVUE
2026-05-07 06:00:00-04:00,0.26,0.32,23.03,KVUE
2026-02-17 16:00:00-05:00,0.22,0.27,21.24,KVUE
2025-11-03 06:00:00-05:00,0.26,0.28,5.72,KVUE
2025-08-07 06:00:00-04:00,0.28,0.29,2.22,KVUE
2025-05-08 06:00:00-04:00,0.23,0.24,5.42,KVUE
2025-02-06 06:00:00-05:00,0.26,0.26,1.49,KVUE
2024-11-07 06:00:00-05:00,0.27,0.28,2.98,KVUE
2024-08-06 06:00:00-04:00,0.28,0.32,15.65,KVUE
2024-05-07 06:00:00-04:00,0.25,0.28,10.35,KVUE
2024-02-08 06:00:00-05:00,0.28,0.31,9.85,KVUE
2023-10-26 06:00:00-04:00,0.31,0.31,-1.44,KVUE
2023-07-20 06:00:00-04:00,0.3,0.32,6.86,KVUE
2026-11-09 15:00:00-05:00,-2.31,,,LCID
2026-08-04 16:00:00-04:00,-2.41,-2.78,-15.35,LCID
2026-05-05 16:00:00-04:00,-2.3,-2.82,-22.79,LCID
2026-02-24 16:00:00-05:00,-2.67,-3.08,-15.18,LCID
2025-11-05 16:00:00-05:00,-2.2,-2.65,-20.56,LCID
2025-08-05 16:00:00-04:00,-2.17,-2.4,-10.77,LCID
2025-05-06 16:00:00-04:00,-2.33,-2.0,14.11,LCID
2025-02-25 16:00:00-05:00,-2.85,-2.2,22.81,LCID
2024-11-07 16:00:00-05:00,-3.1,-2.8,9.68,LCID
2024-08-05 16:00:00-04:00,-2.7,-3.1,-14.71,LCID
2024-05-06 16:00:00-04:00,-2.46,-3.01,-22.4,LCID
2024-02-21 16:00:00-05:00,-3.17,-2.99,5.61,LCID
2023-11-07 16:00:00-05:00,-3.75,-2.49,33.53,LCID
2023-08-07 16:00:00-04:00,-3.27,-4.21,-28.55,LCID
2023-05-08 16:00:00-04:00,-4.07,-3.91,3.84,LCID
2023-02-22 16:00:00-05:00,-4.04,-4.25,-5.26,LCID
2022-11-08 16:00:00-05:00,-3.13,-4.0,-27.63,LCID
2022-08-03 16:00:00-04:00,-3.15,-3.33,-5.75,LCID
2022-05-05 16:00:00-04:00,-2.87,-3.65,-27.18,LCID
2022-02-28 16:00:00-05:00,-2.99,-2.98,0.42,LCID
2021-11-15 16:00:00-05:00,-2.54,-4.08,-60.7,LCID
2026-11-25 07:00:00-05:00,-1.02,,,LI
2026-08-26 04:00:00-04:00,-0.42,-1.69,-306.59,LI
2026-05-28 04:00:00-04:00,-2.02,-2.26,-11.97,LI
2026-03-12 04:00:00-04:00,0.15,0.01,-93.17,LI
2025-11-26 03:00:00-05:00,0.56,-0.62,-211.65,LI
2025-08-28 04:00:00-04:00,1.42,1.03,-27.69,LI
2025-05-29 04:00:00-04:00,0.64,0.96,49.95,LI
2025-03-14 04:00:00-04:00,2.67,3.31,24.08,LI
2024-10-31 04:00:00-04:00,3.02,3.63,20.27,LI
2024-08-28 04:00:00-04:00,1.36,1.42,4.18,LI
2024-05-20 04:00:00-04:00,1.46,1.21,-17.01,LI
2024-02-26 03:00:00-05:00,2.32,4.23,81.99,LI
2023-11-09 03:00:00-05:00,2.38,3.29,38.03,LI
2023-08-08 04:00:00-04:00,0.88,2.18,146.6,LI
2023-05-10 05:00:00-04:00,0.63,1.35,114.29,LI
2023-02-27 04:00:00-05:00,-0.25,0.25,200.18,LI
2022-12-09 03:00:00-05:00,-0.64,-1.27,-98.63,LI
2022-08-15 05:00:00-04:00,-0.43,-0.64,-50.28,LI
2022-05-10 05:00:00-04:00,0.19,0.47,153.37,LI
2022-02-25 04:00:00-05:00,-0.21,0.29,241.06,LI
2021-11-29 04:00:00-05:00,0.09,0.34,277.78,LI
2021-09-16 20:00:00-04:00,-0.98,-2.71,-177.47,LI
2021-08-30 05:00:00-04:00,-0.01,-0.07,-425.13,LI
2021-05-26 04:00:00-04:00,-0.12,-0.2,-66.67,LI
2021-02-25 03:00:00-05:00,-0.31,0.12,139.26,LI
2020-11-13 04:00:00-05:00,-0.3,0.02,106.67,LI
2026-10-29 08:00:00-04:00,4.61,,,LIN
2026-07-31 05:00:00-04:00,4.49,4.5,0.31,LIN
2026-05-01 01:00:00-04:00,4.27,4.33,1.4,LIN
2026-02-05 06:00:00-05:00,4.18,4.2,0.54,LIN
2025-10-31 06:00:00-04:00,4.18,4.21,0.75,LIN
2025-08-01 06:00:00-04:00,4.04,4.09,1.36,LIN
2025-05-01 07:00:00-04:00,3.92,3.95,0.67,LIN
2025-02-06 06:00:00-05:00,3.92,3.97,1.18,LIN
2024-10-31 10:00:00-04:00,3.91,3.94,0.88,LIN
2024-08-02 05:00:00-04:00,3.79,3.85,1.69,LIN
2024-05-02 06:00:00-04:00,3.67,3.75,2.15,LIN
2024-02-06 06:00:00-05:00,3.5,3.59,2.67,LIN
2023-10-26 06:00:00-04:00,3.57,3.63,1.62,LIN
2023-07-27 06:00:00-04:00,3.49,3.57,2.37,LIN
2023-04-27 13:00:00-04:00,3.14,3.42,9.07,LIN
2023-02-07 05:00:00-05:00,2.89,3.16,9.37,LIN
2022-10-27 06:00:00-04:00,2.93,3.1,5.71,LIN
2022-07-28 05:00:00-04:00,2.96,3.1,4.64,LIN
2022-04-28 07:00:00-04:00,2.77,2.93,5.91,LIN
2022-02-10 05:00:00-05:00,2.67,2.77,3.72,LIN
2021-10-29 11:00:00-04:00,2.66,2.73,2.66,LIN
2021-07-30 13:00:00-04:00,2.53,2.7,6.58,LIN
2021-05-06 05:00:00-04:00,2.26,2.49,10.36,LIN
2021-02-05 05:00:00-05:00,2.15,2.3,6.82,LIN
2020-11-05 14:00:00-05:00,1.95,2.15,10.28,LIN
2020-07-31 09:00:00-04:00,1.65,1.9,15.36,LIN
2020-05-07 05:00:00-04:00,1.84,1.89,2.69,LIN
2020-03-01 19:00:00-05:00,1.51,-0.48,-131.87,LIN
2020-02-13 06:00:00-05:00,1.84,1.89,2.98,LIN
2019-11-12 06:00:00-05:00,1.77,1.94,9.63,LIN
2019-08-05 07:00:00-04:00,1.71,1.83,6.93,LIN
2019-05-10 13:00:00-04:00,1.57,1.69,7.73,LIN
2018-11-09 11:00:00-05:00,1.69,1.69,-0.28,LIN
2018-07-26 06:00:00-04:00,1.7,1.72,1.38,LIN
2018-04-26 06:00:00-04:00,1.56,1.65,6.03,LIN
2018-01-25 06:00:00-05:00,1.48,1.52,2.44,LIN
2017-10-26 06:00:00-04:00,1.44,1.5,3.83,LIN
2017-07-27 06:00:00-04:00,1.42,1.46,2.64,LIN
2017-04-27 06:00:00-04:00,1.33,1.37,2.79,LIN
2017-01-26 06:00:00-05:00,1.41,1.41,0.1,LIN
2016-10-27 06:00:00-04:00,1.4,1.41,0.4,LIN
2016-07-28 06:00:00-04:00,1.36,1.39,2.04,LIN
2016-04-29 06:00:00-04:00,1.27,1.28,0.65,LIN
2016-01-29 06:00:00-05:00,1.47,1.47,0.1,LIN
2015-10-29 06:00:00-04:00,1.45,1.46,0.92,LIN
2015-07-29 06:00:00-04:00,1.45,1.45,-0.16,LIN
2015-04-29 06:00:00-04:00,1.44,1.43,-0.49,LIN
2015-01-28 06:00:00-05:00,1.56,1.57,0.33,LIN
2014-10-29 06:00:00-04:00,1.62,1.62,-0.22,LIN
2014-07-23 06:00:00-04:00,1.59,1.58,-0.41,LIN
2014-04-23 06:00:00-04:00,1.51,1.51,0.15,LIN
2014-01-29 06:00:00-05:00,1.55,1.55,0.1,LIN
2013-10-30 06:00:00-04:00,1.52,1.51,-0.39,LIN
2013-07-24 06:00:00-04:00,1.48,1.49,0.48,LIN
2013-04-24 06:00:00-04:00,1.38,1.38,-0.19,LIN
2013-01-23 06:00:00-05:00,1.38,1.38,0.34,LIN
2012-10-24 06:00:00-04:00,1.39,1.39,-0.04,LIN
2012-07-25 06:00:00-04:00,1.42,1.42,-0.26,LIN
2012-04-25 06:00:00-04:00,1.36,1.38,1.43,LIN
2012-01-25 06:00:00-05:00,1.37,1.36,-0.42,LIN
2011-10-26 06:00:00-04:00,1.39,1.4,0.58,LIN
2011-07-27 06:00:00-04:00,1.37,1.38,0.55,LIN
2011-04-27 06:00:00-04:00,1.26,1.29,2.1,LIN
2011-01-26 06:00:00-05:00,1.23,1.25,1.63,LIN
2010-10-27 06:00:00-04:00,1.2,1.21,1.22,LIN
2010-07-28 06:00:00-04:00,1.13,1.19,4.92,LIN
2010-04-28 06:00:00-04:00,1.09,1.09,0.45,LIN
2010-01-27 06:00:00-05:00,1.09,1.09,0.05,LIN
2009-10-28 06:00:00-04:00,1.0,1.02,1.65,LIN
2009-07-29 06:00:00-04:00,0.99,0.96,-2.84,LIN
2009-04-29 06:00:00-04:00,0.92,0.93,0.93,LIN
2009-01-28 06:00:00-05:00,0.96,1.01,5.33,LIN
2008-10-29 06:00:00-04:00,1.06,1.11,4.38,LIN
2008-07-23 06:00:00-04:00,1.06,1.08,1.96,LIN
2008-04-23 06:00:00-04:00,0.95,0.99,3.69,LIN
2008-01-23 06:00:00-05:00,0.96,0.98,1.62,LIN
2007-10-24 06:00:00-04:00,0.91,0.94,3.14,LIN
2007-07-25 06:00:00-04:00,0.87,0.89,2.02,LIN
2007-04-25 06:00:00-04:00,0.8,0.81,1.45,LIN
2007-01-24 06:00:00-05:00,0.78,0.82,5.34,LIN
2006-10-25 06:00:00-04:00,0.73,0.75,2.74,LIN
2006-07-26 06:00:00-04:00,0.71,0.72,1.67,LIN
2006-04-26 06:00:00-04:00,0.64,0.68,5.7,LIN
2006-01-25 06:00:00-05:00,0.64,0.67,4.02,LIN
2005-10-26 06:00:00-04:00,0.6,0.61,2.35,LIN
2005-07-27 06:00:00-04:00,0.61,0.63,2.51,LIN
2005-04-27 06:00:00-04:00,0.58,0.59,2.59,LIN
2005-01-26 06:00:00-05:00,0.54,0.55,2.2,LIN
2004-10-27 06:00:00-04:00,0.58,0.53,-7.96,LIN
2004-07-28 06:00:00-04:00,0.51,0.53,3.08,LIN
2004-04-28 06:00:00-04:00,0.61,0.49,-20.22,LIN
2004-01-27 20:00:00-05:00,0.66,0.47,-28.86,LIN
2003-10-29 06:00:00-05:00,0.45,0.46,1.11,LIN
2003-07-23 06:00:00-04:00,0.43,0.44,0.23,LIN
2003-04-21 06:00:00-04:00,0.39,0.4,0.96,LIN
2003-01-29 06:00:00-05:00,0.42,0.43,1.49,LIN
2002-10-23 06:00:00-04:00,0.43,0.43,,LIN
2002-07-24 06:00:00-04:00,0.4,0.77,94.94,LIN
2002-07-24 06:00:00-04:00,0.4,0.42,4.13,LIN
2002-04-22 06:00:00-04:00,0.37,0.39,4.05,LIN
2026-11-05 15:00:00-05:00,4.21,,,LITE
2026-08-11 16:00:00-04:00,2.97,3.23,8.79,LITE
2026-05-05 16:00:00-04:00,2.27,2.37,4.62,LITE
2026-02-03 16:00:00-05:00,1.41,1.67,18.56,LITE
2025-11-04 16:00:00-05:00,1.03,1.1,7.04,LITE
2025-08-12 16:00:00-04:00,0.81,0.88,8.86,LITE
2025-05-06 16:00:00-04:00,0.5,0.57,13.66,LITE
2025-02-06 16:00:00-05:00,0.36,0.42,16.97,LITE
2024-11-07 16:00:00-05:00,0.12,0.18,48.05,LITE
2024-08-14 16:00:00-04:00,0.02,0.06,141.16,LITE
2024-05-06 16:00:00-04:00,0.26,0.29,11.41,LITE
2024-02-08 08:00:00-05:00,0.3,0.32,6.53,LITE
2023-11-08 08:00:00-05:00,0.29,0.35,20.69,LITE
2023-08-17 07:00:00-04:00,0.55,0.59,6.31,LITE
2023-05-09 07:00:00-04:00,0.78,0.75,-3.88,LITE
2023-02-09 09:00:00-05:00,1.32,1.52,14.78,LITE
2022-11-08 07:00:00-05:00,1.56,1.69,8.23,LITE
2022-08-16 07:00:00-04:00,1.33,1.47,10.63,LITE
2022-05-04 07:00:00-04:00,1.12,1.19,6.52,LITE
2022-02-03 07:00:00-05:00,1.58,1.6,1.53,LITE
2021-11-04 07:00:00-04:00,1.55,1.79,15.73,LITE
2021-08-18 07:00:00-04:00,1.05,1.15,9.03,LITE
2021-05-12 07:00:00-04:00,1.4,1.4,0.29,LITE
2021-02-02 07:00:00-05:00,1.91,1.99,4.3,LITE
2020-11-02 07:00:00-05:00,1.47,1.78,21.24,LITE
2020-08-11 07:00:00-04:00,0.83,1.18,42.71,LITE
2020-05-05 07:00:00-04:00,1.05,1.26,19.69,LITE
2020-02-04 07:00:00-05:00,1.29,1.53,18.76,LITE
2019-10-31 07:00:00-04:00,1.2,1.44,19.63,LITE
2019-08-08 07:00:00-04:00,0.72,0.92,27.46,LITE
2019-05-07 07:00:00-04:00,0.85,0.91,7.14,LITE
2019-02-05 07:00:00-05:00,1.17,1.15,-1.39,LITE
2018-11-01 07:00:00-04:00,1.02,1.31,28.05,LITE
2018-08-08 08:00:00-04:00,0.65,0.95,46.71,LITE
2018-05-02 08:00:00-04:00,0.71,0.78,10.28,LITE
2018-02-06 08:00:00-05:00,1.13,1.67,47.81,LITE
2017-11-01 08:00:00-04:00,0.53,0.43,-18.77,LITE
2017-08-09 08:00:00-04:00,0.34,0.39,13.56,LITE
2017-05-04 08:00:00-04:00,0.49,0.49,-0.14,LITE
2017-02-07 16:00:00-05:00,0.51,0.57,10.83,LITE
2016-10-27 16:00:00-04:00,0.44,0.49,10.42,LITE
2016-08-09 16:00:00-04:00,0.36,0.45,25.59,LITE
2016-05-04 16:00:00-04:00,0.31,0.32,2.99,LITE
2016-02-04 16:00:00-05:00,0.28,0.31,9.29,LITE
2015-11-10 16:00:00-05:00,0.22,0.26,19.01,LITE
2015-08-12 07:00:00-04:00,0.2,0.21,4.25,LITE
2026-10-29 08:00:00-04:00,9.95,,,LLY
2026-08-05 06:00:00-04:00,6.58,8.38,27.27,LLY
2026-04-30 06:00:00-04:00,6.79,8.55,25.9,LLY
2026-02-04 06:00:00-05:00,6.91,7.54,9.14,LLY
2025-10-30 06:00:00-04:00,5.89,7.02,19.15,LLY
2025-08-07 06:00:00-04:00,5.59,6.31,12.89,LLY
2025-05-01 06:00:00-04:00,3.46,3.34,-3.39,LLY
2025-02-06 06:00:00-05:00,5.07,5.32,5.0,LLY
2024-10-30 06:00:00-04:00,1.47,1.18,-19.52,LLY
2024-08-08 07:00:00-04:00,2.77,3.92,41.68,LLY
2024-04-30 06:00:00-04:00,2.49,2.58,3.67,LLY
2024-02-06 06:00:00-05:00,2.37,2.49,5.14,LLY
2023-11-02 06:00:00-04:00,-0.12,0.1,181.53,LLY
2023-08-08 06:00:00-04:00,1.99,2.11,5.92,LLY
2023-04-27 06:00:00-04:00,1.73,1.62,-6.33,LLY
2023-02-02 06:00:00-05:00,1.83,2.09,14.11,LLY
2022-11-01 06:00:00-04:00,1.94,1.98,2.07,LLY
2022-08-04 06:00:00-04:00,1.7,1.25,-26.31,LLY
2022-04-28 06:00:00-04:00,2.29,2.62,14.43,LLY
2022-02-03 06:00:00-05:00,2.51,2.49,-0.67,LLY
2021-10-26 06:00:00-04:00,1.96,1.94,-1.25,LLY
2021-08-03 06:00:00-04:00,1.89,1.87,-1.03,LLY
2021-04-27 06:00:00-04:00,2.1,1.87,-10.87,LLY
2021-01-29 06:00:00-05:00,2.39,2.75,15.06,LLY
2020-10-27 06:00:00-04:00,1.71,1.54,-10.03,LLY
2020-07-30 06:00:00-04:00,1.6,1.89,18.12,LLY
2020-04-23 06:00:00-04:00,1.48,1.75,17.91,LLY
2020-01-30 06:00:00-05:00,1.52,1.73,13.9,LLY
2019-10-23 06:00:00-04:00,1.41,1.48,4.8,LLY
2019-07-30 06:00:00-04:00,1.45,1.5,3.65,LLY
2019-04-30 06:00:00-04:00,1.33,1.33,-0.14,LLY
2019-02-06 06:00:00-05:00,1.33,1.33,-0.28,LLY
2018-11-06 06:00:00-05:00,1.35,1.39,3.31,LLY
2018-07-24 06:00:00-04:00,1.3,1.5,15.79,LLY
2018-04-24 06:00:00-04:00,1.13,1.34,18.28,LLY
2018-01-31 06:00:00-05:00,1.07,1.14,6.22,LLY
2017-10-24 06:00:00-04:00,1.03,1.05,2.02,LLY
2017-07-25 06:00:00-04:00,1.05,1.11,5.41,LLY
2017-04-25 06:00:00-04:00,0.96,0.98,1.76,LLY
2017-01-31 06:00:00-05:00,0.98,0.95,-3.4,LLY
2016-10-25 06:00:00-04:00,0.96,0.88,-8.31,LLY
2016-07-26 06:00:00-04:00,0.86,0.86,0.4,LLY
2016-04-26 06:00:00-04:00,0.85,0.83,-2.01,LLY
2016-01-28 06:00:00-05:00,0.78,0.78,-0.47,LLY
2015-10-22 06:00:00-04:00,0.76,0.89,16.74,LLY
2015-07-23 06:00:00-04:00,0.74,0.9,22.12,LLY
2015-04-23 06:00:00-04:00,0.74,0.87,17.4,LLY
2015-01-30 06:00:00-05:00,0.73,0.75,2.46,LLY
2014-10-23 06:00:00-04:00,0.67,0.66,-1.19,LLY
2014-07-24 06:00:00-04:00,0.65,0.68,4.3,LLY
2014-04-24 06:00:00-04:00,0.7,0.7,0.36,LLY
2014-01-30 06:00:00-05:00,0.74,0.74,-0.41,LLY
2013-10-23 06:00:00-04:00,1.03,1.11,7.39,LLY
2013-07-24 06:00:00-04:00,1.01,1.16,14.81,LLY
2013-04-24 06:00:00-04:00,1.05,1.14,8.35,LLY
2013-01-29 06:00:00-05:00,0.79,0.85,7.88,LLY
2012-10-24 06:00:00-04:00,0.83,0.79,-5.11,LLY
2012-07-25 06:00:00-04:00,0.77,0.83,8.3,LLY
2012-04-25 06:00:00-04:00,0.8,0.92,15.68,LLY
2012-01-31 06:00:00-05:00,0.81,0.87,7.99,LLY
2011-10-20 06:00:00-04:00,1.12,1.13,0.46,LLY
2011-07-21 06:00:00-04:00,1.18,1.18,0.11,LLY
2011-04-18 06:00:00-04:00,1.16,1.24,6.5,LLY
2011-01-27 06:00:00-05:00,1.09,1.11,2.04,LLY
2010-10-21 06:00:00-04:00,1.15,1.21,5.05,LLY
2010-07-22 06:00:00-04:00,1.11,1.24,12.13,LLY
2010-04-19 05:00:00-04:00,1.11,1.18,6.56,LLY
2010-01-28 06:00:00-05:00,0.91,0.91,-0.07,LLY
2009-10-21 06:00:00-04:00,1.02,1.2,18.21,LLY
2009-07-22 06:00:00-04:00,1.02,1.12,9.52,LLY
2009-04-20 06:00:00-04:00,0.99,1.2,20.83,LLY
2009-01-29 06:00:00-05:00,1.05,1.07,2.27,LLY
2008-10-23 06:00:00-04:00,1.02,1.04,1.98,LLY
2008-07-24 07:00:00-04:00,1.0,0.99,-0.5,LLY
2008-04-21 06:00:00-04:00,0.96,0.92,-3.85,LLY
2008-01-29 07:00:00-05:00,0.89,0.9,0.93,LLY
2007-10-17 19:00:00-04:00,0.87,0.91,4.34,LLY
2007-07-24 06:00:00-04:00,0.82,0.9,9.16,LLY
2007-04-16 06:00:00-04:00,0.79,0.84,6.68,LLY
2007-01-31 06:00:00-05:00,0.82,0.85,4.17,LLY
2006-10-19 07:00:00-04:00,0.79,0.8,1.2,LLY
2006-07-21 07:00:00-04:00,0.75,0.76,0.97,LLY
2006-04-20 07:00:00-04:00,0.75,0.77,2.84,LLY
2006-01-26 06:00:00-05:00,0.78,0.8,2.19,LLY
2005-10-20 07:00:00-04:00,0.71,0.73,2.83,LLY
2005-07-21 07:00:00-04:00,0.67,0.67,0.64,LLY
2005-04-18 07:00:00-04:00,0.68,0.68,0.48,LLY
2005-01-26 07:00:00-05:00,0.74,0.75,2.04,LLY
2004-10-21 08:00:00-04:00,0.68,0.69,1.32,LLY
2004-07-22 07:00:00-04:00,0.68,0.68,0.15,LLY
2004-04-19 07:00:00-04:00,0.66,0.7,5.9,LLY
2004-01-29 07:00:00-05:00,0.67,0.67,0.15,LLY
2003-10-22 16:00:00-04:00,0.66,0.66,-0.21,LLY
2003-07-24 07:00:00-04:00,0.6,0.64,5.96,LLY
2003-04-22 07:00:00-04:00,0.58,0.61,6.05,LLY
2003-01-23 07:00:00-05:00,0.68,0.68,-0.43,LLY
2002-10-23 07:00:00-04:00,0.68,0.68,-0.15,LLY
2002-07-18 07:00:00-04:00,0.61,0.61,-0.43,LLY
2002-04-15 07:00:00-04:00,0.58,0.58,0.82,LLY
2002-01-24 07:00:00-05:00,0.6,0.6,0.29,LLY
2026-10-22 08:00:00-04:00,7.47,,,LMT
2026-07-23 06:00:00-04:00,7.2,7.94,10.29,LMT
2026-04-23 06:00:00-04:00,6.69,6.44,-3.78,LMT
2026-01-29 07:00:00-05:00,5.75,5.8,0.94,LMT
2025-10-21 07:00:00-04:00,6.36,6.95,9.31,LMT
2025-07-22 07:00:00-04:00,6.42,1.46,-77.27,LMT
2025-04-22 07:00:00-04:00,6.35,7.28,14.69,LMT
2025-01-28 07:00:00-05:00,6.6,2.22,-66.39,LMT
2024-10-22 07:00:00-04:00,6.48,6.8,5.0,LMT
2024-07-23 07:00:00-04:00,6.45,7.11,10.28,LMT
2024-04-23 07:00:00-04:00,5.85,6.39,9.29,LMT
2024-01-23 07:00:00-05:00,7.25,7.58,4.51,LMT
2023-10-17 07:00:00-04:00,6.65,6.73,1.17,LMT
2023-07-18 07:00:00-04:00,6.45,6.73,4.4,LMT
2023-04-18 07:00:00-04:00,6.04,6.61,9.4,LMT
2023-01-24 07:00:00-05:00,7.37,7.79,5.72,LMT
2022-10-18 07:00:00-04:00,6.72,6.87,2.2,LMT
2022-07-19 07:00:00-04:00,6.39,6.32,-1.13,LMT
2022-04-19 07:00:00-04:00,6.17,6.44,4.36,LMT
2022-01-25 07:00:00-05:00,7.14,7.24,1.38,LMT
2021-10-26 07:00:00-04:00,1.99,2.21,11.27,LMT
2021-07-26 07:00:00-04:00,6.53,6.52,-0.17,LMT
2021-04-20 07:00:00-04:00,6.31,6.56,3.94,LMT
2021-01-26 07:00:00-05:00,6.41,6.38,-0.44,LMT
2020-10-20 07:00:00-04:00,6.09,6.05,-0.59,LMT
2020-07-21 07:00:00-04:00,5.71,5.79,1.42,LMT
2020-04-21 08:00:00-04:00,5.81,6.08,4.66,LMT
2020-01-28 07:00:00-05:00,5.04,5.29,4.99,LMT
2019-10-22 07:00:00-04:00,5.05,5.66,12.04,LMT
2019-07-23 07:00:00-04:00,4.74,5.0,5.38,LMT
2019-04-23 07:00:00-04:00,4.37,5.99,37.04,LMT
2019-01-29 07:00:00-05:00,4.39,4.39,0.03,LMT
2018-10-23 07:00:00-04:00,4.31,5.14,19.26,LMT
2018-07-24 07:00:00-04:00,3.91,4.05,3.64,LMT
2018-04-24 07:00:00-04:00,3.36,4.02,19.64,LMT
2018-01-29 07:00:00-05:00,-5.21,-2.25,56.81,LMT
2017-10-24 07:00:00-04:00,3.27,3.24,-1.0,LMT
2017-07-18 07:00:00-04:00,3.08,3.23,4.87,LMT
2017-04-25 07:00:00-04:00,2.74,2.61,-4.73,LMT
2017-01-24 07:00:00-05:00,3.04,3.25,7.07,LMT
2016-10-25 07:00:00-04:00,6.53,7.93,21.41,LMT
2016-07-19 07:00:00-04:00,2.93,3.28,11.87,LMT
2016-04-26 07:00:00-04:00,2.6,2.58,-0.71,LMT
2016-01-26 07:00:00-05:00,2.95,3.01,2.15,LMT
2015-10-20 07:00:00-04:00,2.71,2.77,2.28,LMT
2015-07-20 07:00:00-04:00,2.67,2.94,10.3,LMT
2015-04-21 07:00:00-04:00,2.5,2.74,9.61,LMT
2015-01-27 07:00:00-05:00,2.83,2.82,-0.38,LMT
2014-10-21 07:00:00-04:00,2.72,2.76,1.51,LMT
2014-07-22 07:00:00-04:00,2.66,2.76,3.91,LMT
2014-04-22 07:00:00-04:00,2.54,2.87,13.18,LMT
2014-01-23 06:00:00-05:00,1.95,2.04,4.65,LMT
2013-10-22 07:00:00-04:00,2.27,2.57,13.31,LMT
2013-07-23 07:00:00-04:00,2.19,2.64,20.34,LMT
2013-04-23 07:00:00-04:00,2.04,2.33,14.23,LMT
2013-01-24 06:00:00-05:00,1.82,1.78,-2.24,LMT
2012-10-24 07:00:00-04:00,1.85,2.26,22.29,LMT
2012-07-24 07:00:00-04:00,1.91,2.38,24.85,LMT
2012-04-26 06:00:00-04:00,1.71,2.02,18.47,LMT
2012-01-26 06:00:00-05:00,1.95,2.14,9.86,LMT
2011-10-26 07:00:00-04:00,1.81,2.06,13.66,LMT
2011-07-26 07:00:00-04:00,1.94,2.14,10.46,LMT
2011-04-26 07:00:00-04:00,1.51,1.55,2.93,LMT
2011-01-27 06:00:00-05:00,2.25,2.73,21.1,LMT
2010-10-19 07:00:00-04:00,1.59,1.87,17.6,LMT
2010-07-27 07:00:00-04:00,1.78,1.96,10.28,LMT
2010-04-21 05:00:00-04:00,1.42,1.7,19.41,LMT
2010-01-28 06:00:00-05:00,1.99,2.17,9.19,LMT
2009-10-20 07:00:00-04:00,1.84,2.07,12.46,LMT
2009-07-21 07:00:00-04:00,1.82,1.88,3.38,LMT
2009-04-21 07:00:00-04:00,1.64,1.68,2.29,LMT
2009-01-22 06:00:00-05:00,1.92,2.05,6.72,LMT
2008-10-21 07:00:00-04:00,1.89,1.85,-2.12,LMT
2008-07-22 07:00:00-04:00,1.88,2.01,6.81,LMT
2008-04-22 07:00:00-04:00,1.64,1.75,7.01,LMT
2008-01-24 06:00:00-05:00,1.7,1.89,11.44,LMT
2007-10-23 07:00:00-04:00,1.64,1.8,9.91,LMT
2007-07-24 07:00:00-04:00,1.53,1.78,16.46,LMT
2007-04-24 07:00:00-04:00,1.37,1.39,1.53,LMT
2007-01-25 06:00:00-05:00,1.46,1.68,15.0,LMT
2006-10-24 07:00:00-04:00,1.24,1.46,17.84,LMT
2006-07-25 07:00:00-04:00,1.16,1.34,15.92,LMT
2006-04-25 07:00:00-04:00,1.15,1.34,16.83,LMT
2006-01-26 06:00:00-05:00,1.15,1.12,-2.52,LMT
2005-10-25 09:00:00-04:00,0.9,0.96,6.9,LMT
2005-07-26 07:00:00-04:00,0.81,1.02,26.24,LMT
2005-04-26 07:00:00-04:00,0.75,0.8,6.52,LMT
2005-01-27 06:00:00-05:00,0.72,0.83,16.08,LMT
2004-10-26 07:00:00-04:00,0.65,0.69,5.67,LMT
2004-07-27 07:00:00-04:00,0.61,0.66,8.2,LMT
2004-04-27 07:00:00-04:00,0.53,0.65,23.81,LMT
2004-01-27 07:00:00-05:00,0.76,0.77,1.85,LMT
2003-10-28 07:00:00-05:00,0.53,0.66,25.48,LMT
2003-07-24 08:00:00-04:00,0.52,0.6,14.77,LMT
2003-04-22 08:00:00-04:00,0.42,0.55,30.26,LMT
2003-01-24 08:00:00-05:00,0.81,0.85,4.48,LMT
2002-10-25 08:00:00-04:00,0.66,0.66,0.57,LMT
2002-07-18 08:00:00-04:00,0.57,0.58,2.4,LMT
2002-04-23 08:00:00-04:00,0.48,0.5,4.6,LMT
2002-01-25 08:00:00-05:00,0.48,0.49,1.55,LMT
2026-11-18 07:00:00-05:00,2.95,,,LOW
2026-08-19 06:00:00-04:00,4.22,4.4,4.19,LOW
2026-05-20 06:00:00-04:00,2.97,3.03,2.12,LOW
2026-02-25 06:00:00-05:00,1.94,1.98,1.93,LOW
2025-11-19 06:00:00-05:00,2.95,3.06,3.61,LOW
2025-08-20 06:00:00-04:00,4.24,4.33,2.18,LOW
2025-05-21 06:00:00-04:00,2.88,2.92,1.4,LOW
2025-02-26 06:00:00-05:00,1.84,1.93,4.84,LOW
2024-11-19 06:00:00-05:00,2.81,2.89,2.77,LOW
2024-08-20 06:00:00-04:00,4.0,4.1,2.58,LOW
2024-05-21 06:00:00-04:00,2.95,3.06,3.64,LOW
2024-02-27 06:00:00-05:00,1.68,1.77,5.25,LOW
2023-11-21 06:00:00-05:00,3.03,3.06,0.94,LOW
2023-08-22 06:00:00-04:00,4.48,4.56,1.79,LOW
2023-05-23 06:00:00-04:00,3.45,3.67,6.51,LOW
2023-03-01 06:00:00-05:00,2.21,2.28,2.94,LOW
2022-11-16 06:00:00-05:00,3.09,3.27,5.74,LOW
2022-08-17 06:00:00-04:00,4.59,4.67,1.73,LOW
2022-05-18 06:00:00-04:00,3.23,3.51,8.67,LOW
2022-02-23 06:00:00-05:00,1.69,1.78,5.23,LOW
2021-11-17 06:00:00-05:00,2.35,2.73,16.06,LOW
2021-08-18 06:00:00-04:00,4.01,4.25,6.12,LOW
2021-05-19 06:00:00-04:00,2.59,3.21,24.08,LOW
2021-02-24 06:00:00-05:00,1.21,1.33,9.87,LOW
2020-11-18 06:00:00-05:00,1.96,1.98,1.22,LOW
2020-08-19 06:00:00-04:00,2.95,3.75,27.26,LOW
2020-05-20 06:00:00-04:00,1.32,1.77,34.48,LOW
2020-02-26 06:00:00-05:00,0.91,0.94,2.8,LOW
2019-11-20 06:00:00-05:00,1.35,1.41,4.32,LOW
2019-08-21 06:00:00-04:00,2.0,2.15,7.29,LOW
2019-05-22 06:00:00-04:00,1.33,1.22,-8.2,LOW
2019-02-27 06:00:00-05:00,0.79,0.8,1.37,LOW
2018-11-20 06:00:00-05:00,0.98,1.04,6.36,LOW
2018-08-22 06:00:00-04:00,2.02,2.07,2.45,LOW
2018-05-23 06:00:00-04:00,1.21,1.19,-1.82,LOW
2018-02-28 06:00:00-05:00,0.87,0.74,-15.4,LOW
2017-11-21 06:00:00-05:00,1.03,1.05,2.34,LOW
2017-08-23 06:00:00-04:00,1.62,1.57,-2.95,LOW
2017-05-24 06:00:00-04:00,1.06,1.03,-3.1,LOW
2017-03-01 06:00:00-05:00,0.78,0.86,9.61,LOW
2016-11-16 06:00:00-05:00,0.96,0.88,-8.23,LOW
2016-08-17 06:00:00-04:00,1.42,1.37,-3.26,LOW
2016-05-18 06:00:00-04:00,0.85,0.87,2.64,LOW
2016-02-24 06:00:00-05:00,0.59,0.59,-0.3,LOW
2015-11-18 06:00:00-05:00,0.79,0.8,1.59,LOW
2015-08-19 06:00:00-04:00,1.24,1.2,-3.14,LOW
2015-05-20 06:00:00-04:00,0.74,0.7,-5.03,LOW
2015-02-25 06:00:00-05:00,0.43,0.46,5.97,LOW
2014-11-19 06:00:00-05:00,0.58,0.59,1.16,LOW
2014-08-20 06:00:00-04:00,1.03,1.04,1.45,LOW
2014-05-21 06:00:00-04:00,0.6,0.58,-3.23,LOW
2014-02-26 06:00:00-05:00,0.31,0.31,0.85,LOW
2013-11-20 06:00:00-05:00,0.48,0.47,-2.52,LOW
2013-08-21 06:00:00-04:00,0.79,0.88,11.02,LOW
2013-05-22 06:00:00-04:00,0.51,0.49,-3.6,LOW
2013-02-25 06:00:00-05:00,0.23,0.26,12.95,LOW
2012-11-19 06:00:00-05:00,0.35,0.4,13.94,LOW
2012-08-20 06:00:00-04:00,0.7,0.65,-7.49,LOW
2012-05-21 06:00:00-04:00,0.41,0.44,6.06,LOW
2012-02-27 06:00:00-05:00,0.23,0.29,24.12,LOW
2011-11-14 06:00:00-05:00,0.33,0.35,7.46,LOW
2011-08-15 06:00:00-04:00,0.66,0.68,2.73,LOW
2011-05-16 06:00:00-04:00,0.36,0.34,-6.37,LOW
2011-02-23 06:00:00-05:00,0.18,0.21,19.05,LOW
2010-11-15 07:00:00-05:00,0.3,0.31,3.25,LOW
2010-08-16 07:00:00-04:00,0.59,0.58,-1.15,LOW
2010-05-17 07:00:00-04:00,0.3,0.34,13.33,LOW
2010-02-22 07:00:00-05:00,0.12,0.14,14.57,LOW
2009-11-16 07:00:00-05:00,0.24,0.24,0.52,LOW
2009-08-17 07:00:00-04:00,0.54,0.54,0.66,LOW
2009-05-18 07:00:00-04:00,0.25,0.32,26.48,LOW
2009-02-20 07:00:00-05:00,0.12,0.11,-8.79,LOW
2008-11-17 07:00:00-05:00,0.28,0.33,16.41,LOW
2008-08-18 07:00:00-04:00,0.56,0.64,14.67,LOW
2008-05-19 07:00:00-04:00,0.4,0.41,3.48,LOW
2008-02-25 07:00:00-05:00,0.25,0.28,10.67,LOW
2007-11-19 07:00:00-05:00,0.41,0.38,-8.26,LOW
2007-08-20 07:00:00-04:00,0.61,0.67,9.84,LOW
2007-05-21 07:00:00-04:00,0.49,0.48,-2.44,LOW
2007-02-23 07:00:00-05:00,0.37,0.4,9.29,LOW
2006-11-20 07:00:00-05:00,0.43,0.46,5.98,LOW
2006-08-21 07:00:00-04:00,0.53,0.6,13.87,LOW
2006-05-22 07:00:00-04:00,0.46,0.53,16.28,LOW
2006-02-27 07:00:00-05:00,0.4,0.44,8.75,LOW
2005-11-14 07:00:00-05:00,0.39,0.41,4.92,LOW
2005-08-15 07:00:00-04:00,0.51,0.53,3.35,LOW
2005-05-16 07:00:00-04:00,0.38,0.37,-2.37,LOW
2005-02-23 07:00:00-05:00,0.3,0.32,7.74,LOW
2004-11-15 07:00:00-05:00,0.33,0.33,1.24,LOW
2004-08-16 07:00:00-04:00,0.45,0.45,-1.69,LOW
2004-05-17 07:00:00-04:00,0.27,0.28,5.37,LOW
2004-02-23 07:00:00-05:00,0.25,0.25,1.21,LOW
2003-11-17 07:00:00-05:00,0.27,0.28,5.66,LOW
2003-08-18 07:00:00-04:00,0.34,0.38,8.77,LOW
2003-05-19 07:00:00-04:00,0.26,0.27,1.66,LOW
2003-02-24 07:00:00-05:00,0.17,0.2,21.21,LOW
2002-11-18 07:00:00-05:00,0.2,0.22,6.96,LOW
2002-08-19 07:00:00-04:00,0.27,0.3,8.58,LOW
2002-05-20 07:00:00-04:00,0.14,0.14,6.9,LOW
2002-05-20 07:00:00-04:00,0.18,0.22,20.0,LOW
2026-10-21 16:00:00-04:00,2.18,,,LRCX
2026-07-29 16:00:00-04:00,1.68,1.82,8.1,LRCX
2026-04-22 16:00:00-04:00,1.36,1.47,7.87,LRCX
2026-01-28 16:00:00-05:00,1.17,1.27,8.7,LRCX
2025-10-22 16:00:00-04:00,1.22,1.26,3.27,LRCX
2025-07-30 16:00:00-04:00,1.21,1.33,10.36,LRCX
2025-04-23 16:00:00-04:00,1.0,1.04,4.06,LRCX
2025-01-29 16:00:00-05:00,0.88,0.91,3.51,LRCX
2024-10-23 16:00:00-04:00,0.81,0.86,6.51,LRCX
2024-07-31 16:00:00-04:00,0.76,0.81,7.29,LRCX
2024-04-24 16:00:00-04:00,0.73,0.78,6.78,LRCX
2024-01-24 16:00:00-05:00,0.71,0.75,5.69,LRCX
2023-10-18 16:00:00-04:00,0.61,0.69,11.83,LRCX
2023-07-26 16:00:00-04:00,0.51,0.6,16.53,LRCX
2023-04-19 16:00:00-04:00,0.65,0.7,7.12,LRCX
2023-01-25 16:00:00-05:00,1.0,1.07,7.11,LRCX
2022-10-19 16:00:00-04:00,0.95,1.04,9.19,LRCX
2022-07-27 16:00:00-04:00,0.73,0.88,20.45,LRCX
2022-04-20 16:00:00-04:00,0.75,0.74,-1.41,LRCX
2022-01-26 16:00:00-05:00,0.85,0.85,0.19,LRCX
2021-10-20 16:00:00-04:00,0.82,0.84,1.92,LRCX
2021-07-28 16:00:00-04:00,0.76,0.81,6.27,LRCX
2021-04-21 16:00:00-04:00,0.66,0.75,13.37,LRCX
2021-01-27 16:00:00-05:00,0.57,0.6,5.5,LRCX
2020-10-21 16:00:00-04:00,0.52,0.57,9.15,LRCX
2020-07-29 16:00:00-04:00,0.41,0.48,18.02,LRCX
2020-04-22 17:00:00-04:00,0.38,0.4,5.87,LRCX
2020-01-29 16:00:00-05:00,0.39,0.4,3.95,LRCX
2019-10-23 16:00:00-04:00,0.3,0.32,5.23,LRCX
2019-07-31 16:00:00-04:00,0.34,0.36,5.52,LRCX
2019-04-24 16:00:00-04:00,0.34,0.37,9.16,LRCX
2019-01-23 16:00:00-05:00,0.37,0.39,5.23,LRCX
2018-10-16 16:00:00-04:00,0.32,0.34,4.51,LRCX
2018-07-26 16:00:00-04:00,0.49,0.53,7.43,LRCX
2018-04-17 16:00:00-04:00,0.44,0.48,9.59,LRCX
2018-01-24 16:00:00-05:00,0.37,0.43,17.87,LRCX
2017-10-17 16:00:00-04:00,0.33,0.35,5.66,LRCX
2017-07-26 16:00:00-04:00,0.3,0.31,3.44,LRCX
2017-04-18 16:00:00-04:00,0.26,0.28,9.41,LRCX
2017-01-25 16:00:00-05:00,0.22,0.22,2.1,LRCX
2016-10-19 16:00:00-04:00,0.18,0.18,1.94,LRCX
2016-07-27 16:00:00-04:00,0.16,0.18,9.66,LRCX
2016-04-20 16:00:00-04:00,0.11,0.12,7.25,LRCX
2016-01-27 16:00:00-05:00,0.14,0.16,10.29,LRCX
2015-10-21 04:00:00-04:00,0.17,0.18,6.44,LRCX
2015-07-29 16:00:00-04:00,0.15,0.15,1.76,LRCX
2015-04-20 16:00:00-04:00,0.13,0.14,7.78,LRCX
2015-01-28 16:00:00-05:00,0.11,0.12,5.53,LRCX
2014-10-22 16:00:00-04:00,0.09,0.1,3.11,LRCX
2014-07-30 20:00:00-04:00,0.12,0.13,1.56,LRCX
2014-04-23 16:00:00-04:00,0.12,0.13,8.16,LRCX
2014-01-29 16:00:00-05:00,0.1,0.11,6.82,LRCX
2013-10-23 16:00:00-04:00,0.07,0.08,14.81,LRCX
2013-07-31 16:00:00-04:00,0.07,0.08,12.38,LRCX
2013-04-24 16:00:00-04:00,0.04,0.04,20.28,LRCX
2013-01-23 16:00:00-05:00,0.04,0.05,2.13,LRCX
2012-10-17 16:00:00-04:00,0.04,0.05,29.55,LRCX
2012-07-25 16:00:00-04:00,0.06,0.06,-5.73,LRCX
2012-04-18 16:00:00-04:00,0.05,0.05,10.16,LRCX
2012-01-25 16:00:00-05:00,0.03,0.03,15.25,LRCX
2011-10-19 16:00:00-04:00,0.06,0.06,-2.9,LRCX
2011-07-27 16:00:00-04:00,0.11,0.11,4.76,LRCX
2011-04-20 16:00:00-04:00,0.14,0.14,6.49,LRCX
2011-01-26 16:00:00-05:00,0.16,0.17,10.93,LRCX
2010-10-20 16:00:00-04:00,0.14,0.15,10.55,LRCX
2010-07-28 16:00:00-04:00,0.1,0.12,20.68,LRCX
2010-04-21 15:00:00-04:00,0.08,0.09,14.61,LRCX
2010-01-27 16:00:00-05:00,0.04,0.05,17.5,LRCX
2009-10-21 16:00:00-04:00,-0.01,,142.13,LRCX
2009-07-29 16:00:00-04:00,-0.05,-0.04,2.53,LRCX
2009-04-22 16:00:00-04:00,-0.07,-0.07,-8.55,LRCX
2009-01-28 16:00:00-05:00,,-0.01,-82.56,LRCX
2008-10-22 16:00:00-04:00,0.02,0.03,5.09,LRCX
2008-07-29 16:00:00-04:00,0.04,0.06,40.06,LRCX
2008-04-23 17:00:00-04:00,0.09,0.09,-7.33,LRCX
2008-04-01 01:00:00-04:00,0.13,0.12,-7.75,LRCX
2008-04-01 01:00:00-04:00,0.13,0.13,-1.51,LRCX
2008-04-01 01:00:00-04:00,0.1,0.09,-9.71,LRCX
2007-04-12 16:00:00-04:00,0.11,0.12,7.92,LRCX
2007-01-17 16:00:00-05:00,0.11,0.12,3.64,LRCX
2006-10-11 16:00:00-04:00,0.1,0.11,10.17,LRCX
2006-07-19 16:00:00-04:00,0.08,0.1,14.92,LRCX
2006-04-12 16:00:00-04:00,0.06,0.07,5.38,LRCX
2006-01-18 16:00:00-05:00,0.04,0.06,43.53,LRCX
2005-10-12 16:00:00-04:00,0.03,0.04,15.47,LRCX
2005-07-20 16:00:00-04:00,0.04,0.05,8.37,LRCX
2005-04-13 16:00:00-04:00,0.04,0.04,2.73,LRCX
2005-01-20 15:00:00-05:00,0.05,0.06,10.74,LRCX
2004-10-13 16:00:00-04:00,0.06,0.06,9.36,LRCX
2004-07-21 16:00:00-04:00,0.03,0.04,43.97,LRCX
2004-04-14 16:00:00-04:00,0.01,0.01,35.79,LRCX
2004-01-21 16:00:00-05:00,,0.01,51.19,LRCX
2003-10-15 16:00:00-04:00,,,44.93,LRCX
2003-07-23 16:00:00-04:00,,,-14.16,LRCX
2003-04-16 16:00:00-04:00,,,689.47,LRCX
2003-01-22 16:00:00-05:00,,,3233.33,LRCX
2002-10-17 16:00:00-04:00,,,198.51,LRCX
2002-07-23 16:00:00-04:00,-0.01,-0.01,18.03,LRCX
2002-04-17 16:00:00-04:00,-0.02,-0.01,28.36,LRCX
2002-04-17 16:00:00-04:00,0.04,0.05,23.08,LRCX
2026-12-10 15:00:00-05:00,2.21,,,LULU
2026-09-03 16:00:00-04:00,1.79,2.92,63.34,LULU
2026-06-04 16:00:00-04:00,1.68,1.69,0.38,LULU
2026-03-17 16:00:00-04:00,4.78,5.01,4.77,LULU
2025-12-11 16:00:00-05:00,2.21,2.59,17.1,LULU
2025-09-04 16:00:00-04:00,2.85,3.1,8.74,LULU
2025-06-05 16:00:00-04:00,2.59,2.6,0.38,LULU
2025-03-27 16:00:00-04:00,5.87,6.14,4.63,LULU
2024-12-05 16:00:00-05:00,2.72,2.87,5.46,LULU
2024-08-29 16:00:00-04:00,2.94,3.15,7.31,LULU
2024-06-05 16:00:00-04:00,2.4,2.54,5.8,LULU
2024-03-21 16:00:00-04:00,5.03,5.29,5.12,LULU
2023-12-07 16:00:00-05:00,2.28,2.53,10.82,LULU
2023-08-31 16:00:00-04:00,2.54,2.68,5.5,LULU
2023-06-01 16:00:00-04:00,1.99,2.28,14.86,LULU
2023-03-28 16:00:00-04:00,4.26,4.4,3.25,LULU
2022-12-08 16:00:00-05:00,1.98,2.0,0.94,LULU
2022-09-01 16:00:00-04:00,1.86,2.2,18.5,LULU
2022-06-02 16:00:00-04:00,1.43,1.48,3.53,LULU
2022-03-29 16:00:00-04:00,3.27,3.36,2.64,LULU
2021-12-09 16:00:00-05:00,1.39,1.44,3.72,LULU
2021-09-08 16:00:00-04:00,1.2,1.59,32.92,LULU
2021-06-03 16:00:00-04:00,0.91,1.16,27.59,LULU
2021-03-30 16:00:00-04:00,2.49,2.58,3.78,LULU
2020-12-10 16:00:00-05:00,0.88,1.16,31.26,LULU
2020-09-08 16:00:00-04:00,0.56,0.74,32.35,LULU
2020-06-11 16:00:00-04:00,0.27,0.22,-17.66,LULU
2020-03-26 16:00:00-04:00,2.25,2.28,1.45,LULU
2019-12-11 16:00:00-05:00,0.93,0.96,3.15,LULU
2019-09-05 16:00:00-04:00,0.89,0.96,7.99,LULU
2019-06-12 16:00:00-04:00,0.7,0.74,5.27,LULU
2019-03-27 16:00:00-04:00,1.75,1.85,5.66,LULU
2018-12-06 16:00:00-05:00,0.7,0.75,7.9,LULU
2018-08-30 16:00:00-04:00,0.49,0.71,44.41,LULU
2018-05-31 16:00:00-04:00,0.46,0.55,19.67,LULU
2018-03-27 16:00:00-04:00,1.27,1.33,5.0,LULU
2017-12-06 16:00:00-05:00,0.52,0.56,7.05,LULU
2017-08-31 16:00:00-04:00,0.35,0.39,11.58,LULU
2017-06-01 16:00:00-04:00,0.28,0.32,16.17,LULU
2017-03-29 17:00:00-04:00,1.01,0.99,-2.14,LULU
2016-12-07 16:00:00-05:00,0.43,0.47,8.58,LULU
2016-09-01 16:00:00-04:00,0.38,0.38,-0.46,LULU
2016-06-08 06:00:00-04:00,0.31,0.3,-1.87,LULU
2016-03-30 06:00:00-04:00,0.8,0.85,6.45,LULU
2015-12-09 05:00:00-05:00,0.37,0.38,1.76,LULU
2015-09-10 05:00:00-04:00,0.33,0.34,1.88,LULU
2015-06-09 05:00:00-04:00,0.33,0.34,3.34,LULU
2015-03-26 05:00:00-04:00,0.73,0.78,7.03,LULU
2014-12-11 05:00:00-05:00,0.38,0.42,10.8,LULU
2014-09-11 05:00:00-04:00,0.29,0.34,17.13,LULU
2014-06-12 05:00:00-04:00,0.32,0.34,5.81,LULU
2014-03-27 07:00:00-04:00,0.72,0.75,4.32,LULU
2013-12-12 07:00:00-05:00,0.41,0.45,9.98,LULU
2013-09-12 07:00:00-04:00,0.35,0.39,12.1,LULU
2013-06-10 16:00:00-04:00,0.3,0.32,5.54,LULU
2013-03-21 07:00:00-04:00,0.74,0.75,1.52,LULU
2012-12-06 07:00:00-05:00,0.37,0.39,5.94,LULU
2012-09-07 07:00:00-04:00,0.31,0.34,9.95,LULU
2012-06-07 07:00:00-04:00,0.3,0.32,5.66,LULU
2012-03-22 07:00:00-04:00,0.49,0.51,4.26,LULU
2011-12-01 07:00:00-05:00,0.25,0.27,7.93,LULU
2011-09-09 07:00:00-04:00,0.22,0.26,16.85,LULU
2011-06-10 07:00:00-04:00,0.15,0.23,54.13,LULU
2011-03-17 03:00:00-04:00,0.28,0.39,35.51,LULU
2010-12-09 07:00:00-05:00,0.12,0.18,45.95,LULU
2010-09-10 07:00:00-04:00,0.12,0.15,25.0,LULU
2010-06-10 07:00:00-04:00,0.11,0.14,28.57,LULU
2010-03-25 07:00:00-04:00,0.15,0.2,36.58,LULU
2009-12-09 16:00:00-05:00,0.09,0.1,6.95,LULU
2009-09-10 07:00:00-04:00,0.05,0.07,27.45,LULU
2009-06-11 07:00:00-04:00,0.04,0.05,12.5,LULU
2009-03-26 16:00:00-04:00,0.07,0.1,34.23,LULU
2008-12-11 07:00:00-05:00,0.06,0.07,4.84,LULU
2008-09-11 07:00:00-04:00,0.07,0.08,19.4,LULU
2008-06-02 16:00:00-04:00,0.06,0.06,-0.83,LULU
2008-04-02 07:00:00-04:00,0.1,0.11,9.48,LULU
2007-11-29 07:00:00-05:00,0.04,0.06,32.98,LULU
2007-09-10 16:00:00-04:00,0.02,0.04,104.2,LULU
2026-10-21 16:00:00-04:00,0.59,,,LUV
2026-07-22 16:00:00-04:00,0.52,0.94,80.17,LUV
2026-04-22 16:00:00-04:00,0.47,0.45,-5.03,LUV
2026-01-28 16:00:00-05:00,0.57,0.58,1.76,LUV
2025-10-22 16:00:00-04:00,-0.04,0.11,400.96,LUV
2025-07-23 16:00:00-04:00,0.51,0.43,-16.17,LUV
2025-04-23 16:00:00-04:00,-0.19,-0.13,32.18,LUV
2025-01-30 06:00:00-05:00,0.46,0.56,21.53,LUV
2024-10-24 06:00:00-04:00,0.04,0.15,237.76,LUV
2024-07-25 06:00:00-04:00,0.51,0.58,14.66,LUV
2024-04-25 06:00:00-04:00,-0.34,-0.36,-7.06,LUV
2024-01-25 06:00:00-05:00,0.13,0.37,176.61,LUV
2023-10-26 06:00:00-04:00,0.39,0.38,-3.12,LUV
2023-07-27 06:00:00-04:00,1.1,1.09,-1.08,LUV
2023-04-27 06:00:00-04:00,-0.23,-0.27,-18.45,LUV
2023-01-26 06:00:00-05:00,-0.11,-0.38,-242.06,LUV
2022-10-27 06:00:00-04:00,0.42,0.5,18.07,LUV
2022-07-28 06:00:00-04:00,1.18,1.3,10.29,LUV
2022-04-28 06:00:00-04:00,-0.3,-0.32,-5.5,LUV
2022-01-27 06:00:00-05:00,0.07,0.14,106.43,LUV
2021-10-21 06:00:00-04:00,-0.27,-0.23,15.95,LUV
2021-07-22 06:00:00-04:00,-0.23,-0.35,-51.15,LUV
2021-04-22 06:00:00-04:00,-1.85,-1.72,7.07,LUV
2021-01-28 06:00:00-05:00,-1.68,-1.29,23.3,LUV
2020-10-22 06:00:00-04:00,-2.24,-1.99,11.36,LUV
2020-07-23 06:00:00-04:00,-2.75,-2.67,2.98,LUV
2020-04-28 06:00:00-04:00,-0.32,-0.15,52.97,LUV
2020-01-23 06:00:00-05:00,1.09,0.98,-9.68,LUV
2019-10-24 06:00:00-04:00,1.08,1.23,13.65,LUV
2019-07-25 06:00:00-04:00,1.35,1.37,1.59,LUV
2019-04-25 06:00:00-04:00,0.62,0.7,13.14,LUV
2019-01-24 06:00:00-05:00,1.08,1.17,8.44,LUV
2018-10-25 06:00:00-04:00,1.08,1.08,0.2,LUV
2018-07-26 06:00:00-04:00,1.23,1.26,2.85,LUV
2018-04-26 06:00:00-04:00,0.74,0.75,1.54,LUV
2018-01-25 06:00:00-05:00,0.77,0.77,0.6,LUV
2017-10-26 06:00:00-04:00,0.87,0.88,0.82,LUV
2017-07-27 06:00:00-04:00,1.2,1.24,3.48,LUV
2017-04-27 06:00:00-04:00,0.63,0.61,-2.86,LUV
2017-01-26 06:00:00-05:00,0.7,0.75,7.76,LUV
2016-10-26 06:00:00-04:00,0.88,0.93,6.09,LUV
2016-07-21 06:00:00-04:00,1.21,1.19,-1.45,LUV
2016-04-21 06:00:00-04:00,0.84,0.88,5.13,LUV
2016-01-21 06:00:00-05:00,0.9,0.9,0.43,LUV
2015-10-22 06:00:00-04:00,0.92,0.94,2.63,LUV
2015-07-23 07:00:00-04:00,1.02,1.03,0.95,LUV
2015-04-23 08:00:00-04:00,0.65,0.66,1.36,LUV
2015-01-22 08:00:00-05:00,0.55,0.59,7.06,LUV
2014-10-23 07:00:00-04:00,0.53,0.55,3.53,LUV
2014-07-24 08:00:00-04:00,0.61,0.7,13.9,LUV
2014-04-24 08:00:00-04:00,0.16,0.18,11.54,LUV
2014-01-23 08:00:00-05:00,0.29,0.33,14.85,LUV
2013-10-24 06:00:00-04:00,0.34,0.34,0.42,LUV
2013-07-25 06:00:00-04:00,0.38,0.38,-0.09,LUV
2013-04-25 06:00:00-04:00,0.03,0.07,156.69,LUV
2013-01-24 06:00:00-05:00,0.08,0.09,16.43,LUV
2012-10-18 06:00:00-04:00,0.12,0.13,6.95,LUV
2012-07-19 07:00:00-04:00,0.32,0.36,11.86,LUV
2012-04-19 07:00:00-04:00,-0.05,-0.02,58.39,LUV
2012-01-19 06:00:00-05:00,0.08,0.09,15.71,LUV
2011-10-20 07:00:00-04:00,0.14,0.15,10.46,LUV
2011-08-04 07:00:00-04:00,0.2,0.15,-25.57,LUV
2011-04-21 07:00:00-04:00,0.04,0.03,-18.79,LUV
2011-01-20 08:00:00-05:00,0.16,0.15,-5.91,LUV
2010-10-21 08:00:00-04:00,0.25,0.26,3.99,LUV
2010-07-29 07:00:00-04:00,0.27,0.29,6.57,LUV
2010-04-22 06:00:00-04:00,0.02,0.03,87.27,LUV
2010-01-21 07:00:00-05:00,0.07,0.1,48.72,LUV
2009-10-15 07:00:00-04:00,0.02,0.03,43.47,LUV
2009-07-21 07:00:00-04:00,0.07,0.08,8.64,LUV
2009-04-16 07:00:00-04:00,-0.01,-0.03,-233.33,LUV
2009-01-22 07:00:00-05:00,0.05,0.08,65.53,LUV
2008-10-16 06:00:00-04:00,0.07,0.09,30.74,LUV
2008-07-24 07:00:00-04:00,0.12,0.16,34.36,LUV
2008-04-17 06:00:00-04:00,0.01,0.06,740.34,LUV
2008-01-23 06:00:00-05:00,0.1,0.12,18.42,LUV
2007-10-18 07:00:00-04:00,0.21,0.21,1.03,LUV
2007-07-18 06:00:00-04:00,0.22,0.25,14.38,LUV
2007-04-19 06:00:00-04:00,0.04,0.04,-7.3,LUV
2007-01-17 06:00:00-05:00,0.13,0.12,-5.09,LUV
2006-10-19 06:00:00-04:00,0.21,0.19,-10.74,LUV
2006-07-19 06:00:00-04:00,0.26,0.33,27.37,LUV
2006-04-20 06:00:00-04:00,0.08,0.08,5.06,LUV
2006-01-18 06:00:00-05:00,0.13,0.12,-4.34,LUV
2005-10-20 06:00:00-04:00,0.18,0.21,18.04,LUV
2005-07-14 06:00:00-04:00,0.18,0.2,12.25,LUV
2005-04-14 06:00:00-04:00,0.05,0.09,91.49,LUV
2005-01-19 06:00:00-05:00,0.08,0.07,-16.65,LUV
2004-10-14 06:00:00-04:00,0.13,0.15,16.47,LUV
2004-07-15 06:00:00-04:00,0.16,0.15,-3.77,LUV
2004-04-15 06:00:00-04:00,0.05,0.05,11.11,LUV
2004-01-22 06:00:00-05:00,0.08,0.08,0.36,LUV
2003-10-20 06:00:00-04:00,0.13,0.13,1.96,LUV
2003-07-21 06:00:00-04:00,0.1,0.13,25.43,LUV
2003-04-21 06:00:00-04:00,0.03,0.03,2.28,LUV
2003-01-22 06:00:00-05:00,0.03,0.05,61.76,LUV
2002-10-17 06:00:00-04:00,0.05,0.06,25.0,LUV
2002-07-18 08:00:00-04:00,0.11,0.1,-10.45,LUV
2002-04-18 08:00:00-04:00,0.03,0.03,-7.15,LUV
2002-01-17 07:00:00-05:00,-0.01,0.04,407.69,LUV
2026-10-21 16:00:00-04:00,0.75,,,LVS
2026-07-22 16:00:00-04:00,0.76,0.59,-22.04,LVS
2026-04-22 16:00:00-04:00,0.76,0.91,20.05,LVS
2026-01-28 16:00:00-05:00,0.77,0.85,10.53,LVS
2025-10-22 16:00:00-04:00,0.62,0.78,25.37,LVS
2025-07-23 16:00:00-04:00,0.53,0.79,48.88,LVS
2025-04-23 16:00:00-04:00,0.57,0.59,3.78,LVS
2025-01-29 16:00:00-05:00,0.58,0.54,-6.34,LVS
2024-10-23 16:00:00-04:00,0.53,0.44,-17.22,LVS
2024-07-24 16:00:00-04:00,0.56,0.55,-2.19,LVS
2024-04-17 16:00:00-04:00,0.62,0.75,21.79,LVS
2024-01-24 16:00:00-05:00,0.61,0.57,-6.51,LVS
2023-10-18 16:00:00-04:00,0.55,0.55,-0.12,LVS
2023-07-19 16:00:00-04:00,0.43,0.46,6.66,LVS
2023-04-19 16:00:00-04:00,0.2,0.28,37.3,LVS
2023-01-25 16:00:00-05:00,-0.09,-0.19,-101.16,LVS
2022-10-19 16:00:00-04:00,-0.25,-0.27,-7.61,LVS
2022-07-20 16:00:00-04:00,-0.29,-0.34,-18.55,LVS
2022-04-27 16:00:00-04:00,-0.24,-0.4,-64.12,LVS
2022-01-26 16:00:00-05:00,-0.23,-0.22,6.08,LVS
2021-10-20 16:00:00-04:00,-0.26,-0.45,-74.2,LVS
2021-07-21 16:00:00-04:00,-0.17,-0.26,-49.29,LVS
2021-04-21 16:00:00-04:00,-0.25,-0.25,1.78,LVS
2021-01-27 16:00:00-05:00,-0.35,-0.37,-7.0,LVS
2020-10-21 16:00:00-04:00,-0.72,-0.67,6.86,LVS
2020-07-22 16:00:00-04:00,-0.8,-1.05,-30.85,LVS
2020-04-22 17:00:00-04:00,-0.14,-0.03,78.86,LVS
2020-01-29 16:00:00-05:00,0.78,0.88,12.39,LVS
2019-10-23 16:00:00-04:00,0.75,0.75,0.35,LVS
2019-07-24 16:00:00-04:00,0.79,0.72,-8.44,LVS
2019-04-17 16:00:00-04:00,0.86,0.91,6.43,LVS
2019-01-23 16:00:00-05:00,0.84,0.77,-8.71,LVS
2018-10-24 16:00:00-04:00,0.81,0.77,-4.59,LVS
2018-07-25 16:00:00-04:00,0.79,0.74,-5.74,LVS
2018-04-25 16:00:00-04:00,0.85,1.04,22.85,LVS
2018-01-24 16:00:00-05:00,0.77,0.88,14.81,LVS
2017-10-25 16:00:00-04:00,0.68,0.77,13.29,LVS
2017-07-26 16:00:00-04:00,0.59,0.73,23.62,LVS
2017-04-26 16:00:00-04:00,0.62,0.66,6.05,LVS
2017-01-25 16:00:00-05:00,0.65,0.62,-4.75,LVS
2016-11-03 16:00:00-04:00,0.6,0.72,19.5,LVS
2016-07-25 16:00:00-04:00,0.56,0.52,-7.13,LVS
2016-04-20 16:00:00-04:00,0.63,0.45,-29.1,LVS
2016-01-27 16:00:00-05:00,0.65,0.62,-4.07,LVS
2015-10-21 16:00:00-04:00,0.63,0.66,4.25,LVS
2015-07-22 16:00:00-04:00,0.61,0.6,-0.95,LVS
2015-04-22 16:00:00-04:00,0.71,0.66,-6.76,LVS
2015-01-28 16:00:00-05:00,0.78,0.92,17.39,LVS
2014-10-15 16:00:00-04:00,0.84,0.84,-0.34,LVS
2014-07-16 16:00:00-04:00,0.89,0.85,-4.23,LVS
2014-04-24 16:00:00-04:00,0.94,0.97,3.5,LVS
2014-01-29 16:00:00-05:00,0.84,0.72,-14.76,LVS
2013-10-17 16:00:00-04:00,0.76,0.82,7.27,LVS
2013-07-24 16:00:00-04:00,0.68,0.65,-4.28,LVS
2013-05-01 16:00:00-04:00,0.66,0.71,6.91,LVS
2013-01-30 16:00:00-05:00,0.6,0.54,-9.93,LVS
2012-11-01 16:00:00-04:00,0.61,0.46,-24.14,LVS
2012-07-25 16:00:00-04:00,0.61,0.44,-27.67,LVS
2012-04-25 16:00:00-04:00,0.59,0.7,18.59,LVS
2012-02-01 16:00:00-05:00,0.57,0.57,-0.32,LVS
2011-10-27 16:00:00-04:00,0.52,0.55,5.41,LVS
2011-07-26 16:00:00-04:00,0.44,0.54,22.55,LVS
2011-05-03 16:00:00-04:00,0.44,0.37,-15.96,LVS
2011-02-03 15:00:00-05:00,0.39,0.42,8.75,LVS
2010-10-27 16:00:00-04:00,0.23,0.31,33.61,LVS
2010-07-28 07:00:00-04:00,0.08,0.17,105.39,LVS
2010-05-06 16:00:00-04:00,0.03,0.07,115.25,LVS
2010-02-17 16:00:00-05:00,0.03,0.03,7.41,LVS
2009-10-29 16:00:00-04:00,-0.01,0.03,627.24,LVS
2009-07-30 16:00:00-04:00,-0.01,0.01,184.75,LVS
2009-05-05 16:00:00-04:00,-0.03,0.01,139.71,LVS
2009-02-11 16:00:00-05:00,0.03,-0.04,-246.9,LVS
2008-11-10 17:00:00-05:00,0.1,0.02,-80.82,LVS
2008-07-30 16:00:00-04:00,0.11,0.09,-20.31,LVS
2008-04-30 16:00:00-04:00,0.39,0.07,-81.89,LVS
2008-02-04 16:00:00-05:00,0.33,0.2,-38.65,LVS
2007-11-01 16:00:00-04:00,0.31,0.12,-61.17,LVS
2007-08-01 16:00:00-04:00,0.25,0.23,-8.73,LVS
2007-05-02 16:00:00-04:00,0.31,0.32,3.56,LVS
2007-02-05 16:00:00-05:00,0.31,0.37,19.74,LVS
2006-11-01 16:00:00-05:00,0.29,0.33,13.4,LVS
2006-08-02 16:00:00-04:00,0.34,0.34,0.89,LVS
2006-05-04 16:00:00-04:00,0.35,0.38,8.88,LVS
2006-02-14 16:00:00-05:00,0.27,0.33,20.44,LVS
2005-11-02 16:00:00-05:00,0.27,0.28,4.09,LVS
2005-08-03 06:00:00-04:00,0.26,0.27,2.66,LVS
2005-05-03 06:00:00-04:00,0.26,0.29,12.84,LVS
2005-03-08 06:00:00-05:00,0.15,0.19,26.67,LVS
2026-10-30 08:00:00-04:00,2.59,,,LYB
2026-07-31 06:00:00-04:00,3.42,4.3,25.6,LYB
2026-05-01 06:00:00-04:00,0.28,0.49,76.13,LYB
2026-01-30 06:00:00-05:00,0.25,-0.26,-204.95,LYB
2025-10-31 06:00:00-04:00,0.8,1.01,25.86,LYB
2025-08-01 06:00:00-04:00,0.78,0.62,-20.83,LYB
2025-04-25 06:00:00-04:00,0.43,0.33,-24.02,LYB
2025-01-31 06:00:00-05:00,0.7,0.75,6.81,LYB
2024-11-01 06:00:00-04:00,1.96,1.88,-4.28,LYB
2024-08-02 06:00:00-04:00,2.22,2.24,0.81,LYB
2024-04-26 06:00:00-04:00,1.37,1.53,11.31,LYB
2024-02-01 19:00:00-05:00,1.34,1.26,-5.85,LYB
2023-10-27 06:00:00-04:00,2.01,2.46,22.29,LYB
2023-08-04 06:00:00-04:00,2.3,2.44,6.14,LYB
2023-04-28 06:00:00-04:00,1.74,2.5,43.78,LYB
2023-02-03 06:00:00-05:00,1.27,1.29,1.69,LYB
2022-10-28 06:00:00-04:00,2.93,1.96,-33.2,LYB
2022-07-29 06:00:00-04:00,4.7,5.19,10.41,LYB
2022-04-29 06:00:00-04:00,3.55,4.0,12.79,LYB
2022-01-28 06:00:00-05:00,3.92,2.2,-43.77,LYB
2021-10-29 06:00:00-04:00,5.73,5.25,-8.33,LYB
2021-07-30 06:00:00-04:00,5.62,6.12,8.84,LYB
2021-04-30 12:00:00-04:00,2.65,3.2,20.68,LYB
2021-01-29 06:00:00-05:00,1.33,2.19,64.49,LYB
2020-10-30 06:00:00-04:00,1.13,1.27,12.01,LYB
2020-07-31 06:00:00-04:00,0.69,0.68,-1.65,LYB
2020-05-01 07:00:00-04:00,1.44,1.47,2.42,LYB
2020-01-31 06:00:00-05:00,2.25,1.91,-15.17,LYB
2019-11-01 06:00:00-04:00,2.76,2.6,-5.71,LYB
2019-08-02 06:00:00-04:00,2.84,2.74,-3.49,LYB
2019-04-26 06:00:00-04:00,2.19,2.22,1.37,LYB
2019-02-01 06:00:00-05:00,2.3,1.83,-20.35,LYB
2018-10-30 06:00:00-04:00,2.68,2.96,10.56,LYB
2018-08-03 06:00:00-04:00,2.9,3.34,15.03,LYB
2018-04-27 06:00:00-04:00,2.77,3.11,12.09,LYB
2018-02-02 06:00:00-05:00,2.56,2.73,6.46,LYB
2017-10-27 06:00:00-04:00,2.47,2.42,-1.83,LYB
2017-07-28 06:00:00-04:00,2.68,2.82,5.34,LYB
2017-04-28 06:00:00-04:00,2.36,2.26,-4.11,LYB
2017-02-03 06:00:00-05:00,2.14,1.94,-9.3,LYB
2016-11-01 06:00:00-04:00,2.32,2.31,-0.54,LYB
2016-07-29 07:00:00-04:00,2.51,2.45,-2.35,LYB
2016-04-22 07:00:00-04:00,2.28,2.3,0.88,LYB
2016-02-02 07:00:00-05:00,2.13,2.2,3.04,LYB
2015-10-23 07:00:00-04:00,2.58,2.8,8.66,LYB
2015-07-28 07:00:00-04:00,2.7,2.79,3.34,LYB
2015-04-24 07:00:00-04:00,2.0,2.55,27.62,LYB
2015-02-03 07:00:00-05:00,2.16,2.48,15.05,LYB
2014-10-24 06:00:00-04:00,2.3,2.51,9.36,LYB
2014-07-25 06:00:00-04:00,1.93,2.22,15.27,LYB
2014-04-29 06:00:00-04:00,1.73,1.63,-6.02,LYB
2014-01-31 07:00:00-05:00,1.4,2.13,52.45,LYB
2013-10-29 07:00:00-04:00,1.59,1.51,-4.91,LYB
2013-07-26 07:00:00-04:00,1.63,1.6,-1.61,LYB
2013-04-26 07:00:00-04:00,1.44,1.56,8.55,LYB
2013-02-01 08:00:00-05:00,1.15,1.13,-1.41,LYB
2012-10-26 07:00:00-04:00,1.44,1.36,-5.33,LYB
2012-07-27 07:00:00-04:00,1.4,1.65,17.53,LYB
2012-04-30 07:00:00-04:00,1.05,1.07,2.32,LYB
2012-02-10 07:00:00-05:00,0.73,0.41,-43.89,LYB
2011-10-28 06:00:00-04:00,1.22,1.53,25.27,LYB
2011-07-29 07:00:00-04:00,1.38,1.49,7.84,LYB
2011-05-02 07:00:00-04:00,0.75,1.24,65.47,LYB
2011-02-18 07:00:00-05:00,0.66,1.17,76.13,LYB
2010-10-29 06:00:00-04:00,0.89,1.14,27.52,LYB
2026-10-29 08:00:00-04:00,5.15,,,MA
2026-07-30 08:00:00-04:00,4.78,5.04,5.53,MA
2026-04-30 08:00:00-04:00,4.41,4.6,4.23,MA
2026-01-29 08:00:00-05:00,4.24,4.76,12.26,MA
2025-10-30 08:00:00-04:00,4.31,4.38,1.52,MA
2025-07-31 08:00:00-04:00,4.02,4.15,3.12,MA
2025-05-01 08:00:00-04:00,3.56,3.73,4.8,MA
2025-01-30 08:00:00-05:00,3.69,3.82,3.54,MA
2024-10-31 08:00:00-04:00,3.75,3.89,3.85,MA
2024-07-31 08:00:00-04:00,3.51,3.59,2.3,MA
2024-05-01 08:00:00-04:00,3.24,3.31,2.23,MA
2024-01-31 08:00:00-05:00,3.08,3.18,3.17,MA
2023-10-26 08:00:00-04:00,3.21,3.39,5.45,MA
2023-07-27 08:00:00-04:00,2.83,2.89,2.0,MA
2023-04-27 08:00:00-04:00,2.71,2.8,3.22,MA
2023-01-26 08:00:00-05:00,2.58,2.65,2.64,MA
2022-10-27 08:00:00-04:00,2.57,2.68,4.09,MA
2022-07-28 08:00:00-04:00,2.36,2.56,8.65,MA
2022-04-28 08:00:00-04:00,2.16,2.76,27.76,MA
2022-01-27 08:00:00-05:00,2.21,2.35,6.23,MA
2021-10-28 08:00:00-04:00,2.19,2.37,8.43,MA
2021-07-29 08:00:00-04:00,1.75,1.95,11.63,MA
2021-04-29 08:00:00-04:00,1.56,1.74,11.32,MA
2021-01-28 08:00:00-05:00,1.52,1.64,8.2,MA
2020-10-28 08:00:00-04:00,1.66,1.6,-3.42,MA
2020-07-30 08:00:00-04:00,1.18,1.36,15.72,MA
2020-04-29 11:00:00-04:00,1.74,1.83,5.37,MA
2020-01-29 08:00:00-05:00,1.87,1.96,4.7,MA
2019-10-29 08:00:00-04:00,2.01,2.15,6.79,MA
2019-07-30 07:00:00-04:00,1.83,1.89,3.43,MA
2019-04-30 08:00:00-04:00,1.66,1.78,7.19,MA
2019-01-31 08:00:00-05:00,1.52,1.55,1.89,MA
2018-10-30 08:00:00-04:00,1.68,1.78,6.02,MA
2018-07-26 08:00:00-04:00,1.53,1.66,8.15,MA
2018-05-02 08:00:00-04:00,1.24,1.5,20.59,MA
2018-02-01 08:00:00-05:00,1.12,1.14,1.83,MA
2017-10-31 08:00:00-04:00,1.23,1.34,9.18,MA
2017-07-27 08:00:00-04:00,1.04,1.1,5.51,MA
2017-05-02 08:00:00-04:00,0.95,1.01,6.63,MA
2017-01-31 08:00:00-05:00,0.86,0.86,0.55,MA
2016-10-28 08:00:00-04:00,0.98,1.08,10.22,MA
2016-07-28 08:00:00-04:00,0.9,0.96,6.54,MA
2016-04-28 07:00:00-04:00,0.85,0.86,1.15,MA
2016-01-29 07:00:00-05:00,0.68,0.79,15.43,MA
2015-10-29 07:00:00-04:00,0.87,0.91,4.09,MA
2015-07-29 08:00:00-04:00,0.85,0.85,-0.14,MA
2015-04-29 08:00:00-04:00,0.8,0.89,11.41,MA
2015-01-30 08:00:00-05:00,0.67,0.69,2.5,MA
2014-10-30 08:00:00-04:00,0.78,0.87,11.56,MA
2014-07-31 08:00:00-04:00,0.77,0.8,4.35,MA
2014-05-01 07:00:00-04:00,0.72,0.73,1.55,MA
2014-01-31 08:00:00-05:00,0.6,0.57,-4.71,MA
2013-10-31 08:00:00-04:00,0.69,0.73,4.78,MA
2013-07-31 08:00:00-04:00,0.63,0.7,10.23,MA
2013-05-01 08:00:00-04:00,0.62,0.62,0.77,MA
2013-01-31 08:00:00-05:00,0.48,0.49,1.15,MA
2012-10-31 08:00:00-04:00,0.59,0.62,4.18,MA
2012-08-01 08:00:00-04:00,0.56,0.56,1.3,MA
2012-05-02 07:00:00-04:00,0.53,0.54,1.42,MA
2012-02-02 08:00:00-05:00,0.39,0.4,2.8,MA
2011-11-02 08:00:00-04:00,0.48,0.56,16.95,MA
2011-08-03 08:00:00-04:00,0.42,0.48,12.62,MA
2011-05-03 08:00:00-04:00,0.41,0.43,5.24,MA
2011-02-03 08:00:00-05:00,0.31,0.32,4.24,MA
2010-11-02 08:00:00-04:00,0.35,0.39,11.92,MA
2010-08-03 07:00:00-04:00,0.33,0.35,4.24,MA
2010-05-04 08:00:00-04:00,0.31,0.35,10.05,MA
2010-02-04 08:00:00-05:00,0.25,0.22,-9.32,MA
2009-11-03 08:00:00-05:00,0.29,0.35,18.73,MA
2009-07-30 08:00:00-04:00,0.24,0.27,10.27,MA
2009-05-01 08:00:00-04:00,0.26,0.28,6.94,MA
2009-02-05 08:00:00-05:00,0.16,0.19,15.83,MA
2008-11-03 16:00:00-05:00,0.22,0.25,11.06,MA
2008-07-31 08:00:00-04:00,0.2,0.21,4.56,MA
2008-04-29 08:00:00-04:00,0.2,0.26,29.53,MA
2008-01-31 08:00:00-05:00,0.07,0.09,21.73,MA
2007-10-31 08:00:00-04:00,0.14,0.18,26.39,MA
2007-08-01 08:00:00-04:00,0.13,0.14,7.12,MA
2007-05-02 08:00:00-04:00,0.12,0.16,35.86,MA
2007-02-09 08:00:00-05:00,0.01,0.03,110.74,MA
2006-11-01 08:00:00-05:00,0.11,0.14,32.09,MA
2006-08-02 08:00:00-04:00,0.07,0.07,11.04,MA
2026-11-04 07:00:00-05:00,3.38,,,MCD
2026-08-04 07:00:00-04:00,3.32,3.38,1.77,MCD
2026-05-07 07:00:00-04:00,2.74,2.83,3.11,MCD
2026-02-11 16:00:00-05:00,3.05,3.12,2.22,MCD
2025-11-05 07:00:00-05:00,3.33,3.22,-3.36,MCD
2025-08-06 07:00:00-04:00,3.15,3.19,1.39,MCD
2025-05-01 07:00:00-04:00,2.67,2.67,-0.02,MCD
2025-02-10 07:00:00-05:00,2.86,2.83,-0.97,MCD
2024-10-29 07:00:00-04:00,3.2,3.23,0.88,MCD
2024-07-29 07:00:00-04:00,3.07,2.97,-3.18,MCD
2024-04-30 07:00:00-04:00,2.73,2.7,-0.95,MCD
2024-02-05 07:00:00-05:00,2.83,2.95,4.39,MCD
2023-10-30 07:00:00-04:00,2.99,3.19,6.52,MCD
2023-07-27 07:00:00-04:00,2.79,3.17,13.66,MCD
2023-04-25 07:00:00-04:00,2.34,2.63,12.55,MCD
2023-01-31 07:00:00-05:00,2.46,2.59,5.25,MCD
2022-10-27 07:00:00-04:00,2.58,2.68,3.92,MCD
2022-07-26 07:00:00-04:00,2.47,2.55,3.39,MCD
2022-04-28 07:00:00-04:00,2.18,2.28,4.67,MCD
2022-01-27 07:00:00-05:00,2.34,2.23,-4.8,MCD
2021-10-27 07:00:00-04:00,2.47,2.76,11.93,MCD
2021-07-28 07:00:00-04:00,2.12,2.37,11.81,MCD
2021-04-29 07:00:00-04:00,1.82,1.92,5.35,MCD
2021-01-28 07:00:00-05:00,1.78,1.7,-4.55,MCD
2020-11-09 06:00:00-05:00,1.9,2.22,16.85,MCD
2020-07-28 06:00:00-04:00,0.75,0.66,-12.39,MCD
2020-04-30 07:00:00-04:00,1.54,1.47,-4.84,MCD
2020-01-29 06:00:00-05:00,1.97,1.97,0.04,MCD
2019-10-22 07:00:00-04:00,2.21,2.11,-4.4,MCD
2019-07-26 07:00:00-04:00,2.05,2.05,-0.06,MCD
2019-04-30 07:00:00-04:00,1.76,1.72,-2.42,MCD
2019-01-30 07:00:00-05:00,1.89,1.97,4.07,MCD
2018-10-23 07:00:00-04:00,1.99,2.1,5.42,MCD
2018-07-26 07:00:00-04:00,1.93,1.99,3.31,MCD
2018-04-30 07:00:00-04:00,1.67,1.79,7.2,MCD
2018-01-30 07:00:00-05:00,1.59,1.71,7.5,MCD
2017-10-24 07:00:00-04:00,1.77,1.76,-0.35,MCD
2017-07-25 07:00:00-04:00,1.62,1.73,6.98,MCD
2017-04-25 07:00:00-04:00,1.33,1.47,10.14,MCD
2017-01-23 07:00:00-05:00,1.41,1.43,0.85,MCD
2016-10-21 07:00:00-04:00,1.48,1.62,9.26,MCD
2016-07-26 07:00:00-04:00,1.38,1.45,4.86,MCD
2016-04-22 07:00:00-04:00,1.16,1.23,5.63,MCD
2016-01-25 07:00:00-05:00,1.23,1.28,3.95,MCD
2015-10-22 07:00:00-04:00,1.28,1.4,9.8,MCD
2015-07-23 07:00:00-04:00,1.23,1.29,4.51,MCD
2015-04-22 07:00:00-04:00,1.06,1.01,-4.58,MCD
2015-01-23 07:00:00-05:00,1.22,1.17,-4.39,MCD
2014-10-21 07:00:00-04:00,1.37,1.35,-1.66,MCD
2014-07-22 07:00:00-04:00,1.44,1.4,-2.62,MCD
2014-04-22 07:00:00-04:00,1.24,1.21,-2.28,MCD
2014-01-23 07:00:00-05:00,1.39,1.4,0.49,MCD
2013-10-21 07:00:00-04:00,1.51,1.52,0.92,MCD
2013-07-22 07:00:00-04:00,1.4,1.38,-1.68,MCD
2013-04-19 07:00:00-04:00,1.26,1.26,-0.11,MCD
2013-01-23 07:00:00-05:00,1.33,1.38,3.79,MCD
2012-10-19 07:00:00-04:00,1.47,1.43,-2.91,MCD
2012-07-23 07:00:00-04:00,1.38,1.32,-4.19,MCD
2012-04-20 07:00:00-04:00,1.23,1.23,0.09,MCD
2012-01-24 08:00:00-05:00,1.3,1.33,2.65,MCD
2011-10-21 07:00:00-04:00,1.42,1.45,1.77,MCD
2011-07-22 07:00:00-04:00,1.28,1.35,5.14,MCD
2011-04-21 07:00:00-04:00,1.14,1.15,0.73,MCD
2011-01-24 07:00:00-05:00,1.15,1.15,-0.25,MCD
2010-10-21 07:00:00-04:00,1.24,1.29,3.68,MCD
2010-07-23 07:00:00-04:00,1.12,1.13,0.97,MCD
2010-04-21 06:00:00-04:00,0.96,1.03,7.17,MCD
2010-01-22 07:00:00-05:00,1.02,1.03,1.28,MCD
2009-10-22 07:00:00-04:00,1.11,1.15,3.63,MCD
2009-07-23 07:00:00-04:00,0.97,0.97,0.2,MCD
2009-04-22 07:00:00-04:00,0.82,0.83,1.49,MCD
2009-01-26 07:00:00-05:00,0.83,0.87,4.79,MCD
2008-10-22 07:00:00-04:00,0.98,1.05,7.51,MCD
2008-07-23 07:00:00-04:00,0.86,0.94,9.73,MCD
2008-04-22 07:00:00-04:00,0.7,0.81,16.4,MCD
2008-01-28 07:00:00-05:00,0.71,0.73,3.27,MCD
2007-10-19 08:00:00-04:00,0.83,0.83,,MCD
2007-07-24 07:00:00-04:00,0.71,0.71,,MCD
2007-04-20 07:00:00-04:00,0.62,0.62,0.81,MCD
2007-01-24 08:00:00-05:00,0.61,0.61,0.16,MCD
2006-10-19 07:00:00-04:00,0.68,0.69,1.32,MCD
2006-07-25 07:00:00-04:00,0.59,0.59,0.68,MCD
2006-04-21 07:00:00-04:00,0.49,0.49,-0.55,MCD
2006-01-24 07:00:00-05:00,0.48,0.48,-0.12,MCD
2005-10-20 07:00:00-04:00,0.57,0.58,2.28,MCD
2005-07-21 07:00:00-04:00,0.48,0.51,5.25,MCD
2005-04-21 08:00:00-04:00,0.43,0.43,-0.23,MCD
2005-01-28 08:00:00-05:00,0.46,0.45,-1.75,MCD
2004-10-19 08:00:00-04:00,0.61,0.61,0.83,MCD
2004-07-22 07:00:00-04:00,0.47,0.47,,MCD
2004-04-27 16:00:00-04:00,0.4,0.4,,MCD
2004-01-26 17:00:00-05:00,0.35,0.35,-0.03,MCD
2003-10-22 08:00:00-04:00,0.41,0.43,5.74,MCD
2003-07-29 08:00:00-04:00,0.37,0.37,-0.27,MCD
2003-04-28 08:00:00-04:00,0.28,0.29,2.52,MCD
2003-01-23 09:00:00-05:00,0.25,0.25,-1.24,MCD
2002-10-22 08:00:00-04:00,0.38,0.38,-1.04,MCD
2002-07-22 10:00:00-04:00,0.38,0.39,2.06,MCD
2002-04-18 08:00:00-04:00,0.29,0.31,5.28,MCD
2002-01-24 09:00:00-05:00,0.34,0.34,-0.37,MCD
2026-11-04 15:00:00-05:00,10.77,,,MCK
2026-08-05 16:00:00-04:00,9.54,9.93,4.14,MCK
2026-05-07 16:00:00-04:00,11.57,11.69,1.06,MCK
2026-02-04 16:00:00-05:00,9.27,9.34,0.71,MCK
2025-11-05 16:00:00-05:00,9.05,9.86,8.94,MCK
2025-08-06 16:00:00-04:00,8.15,8.26,1.39,MCK
2025-05-08 16:00:00-04:00,9.83,10.12,2.98,MCK
2025-02-05 16:00:00-05:00,7.99,8.03,0.47,MCK
2024-11-06 16:00:00-05:00,6.87,7.07,2.9,MCK
2024-08-07 12:00:00-04:00,7.21,7.88,9.3,MCK
2024-05-07 16:00:00-04:00,6.36,6.18,-2.77,MCK
2024-02-07 16:00:00-05:00,7.05,7.74,9.79,MCK
2023-11-01 16:00:00-04:00,6.15,6.23,1.33,MCK
2023-08-02 16:00:00-04:00,5.87,7.27,23.89,MCK
2023-05-08 16:00:00-04:00,7.12,7.19,0.93,MCK
2023-02-01 16:00:00-05:00,6.36,6.9,8.45,MCK
2022-11-01 16:00:00-04:00,6.1,6.06,-0.65,MCK
2022-08-03 16:00:00-04:00,5.3,5.83,10.08,MCK
2022-05-05 16:00:00-04:00,6.04,5.83,-3.55,MCK
2022-02-02 16:00:00-05:00,5.42,6.15,13.55,MCK
2021-11-01 16:00:00-04:00,4.66,6.15,32.02,MCK
2021-08-03 22:00:00-04:00,4.14,5.56,34.3,MCK
2021-05-06 16:00:00-04:00,5.05,5.05,0.06,MCK
2021-02-02 07:00:00-05:00,4.13,4.6,11.38,MCK
2020-11-03 07:00:00-05:00,3.88,4.8,23.69,MCK
2020-08-03 07:00:00-04:00,2.39,2.77,15.96,MCK
2020-05-20 07:00:00-04:00,4.1,4.27,4.04,MCK
2020-02-04 07:00:00-05:00,3.49,3.81,9.21,MCK
2019-10-30 07:00:00-04:00,3.59,3.6,0.21,MCK
2019-07-31 16:00:00-04:00,3.01,3.31,9.83,MCK
2019-05-08 07:00:00-04:00,3.66,3.69,0.95,MCK
2019-01-31 16:00:00-05:00,3.16,3.4,7.5,MCK
2018-10-25 07:00:00-04:00,3.28,3.6,9.62,MCK
2018-07-26 07:00:00-04:00,2.89,2.9,0.3,MCK
2018-05-24 07:00:00-04:00,3.57,3.49,-2.13,MCK
2018-02-01 07:00:00-05:00,2.95,3.41,15.77,MCK
2017-10-26 07:00:00-04:00,2.79,3.28,17.37,MCK
2017-07-27 07:00:00-04:00,2.83,2.46,-13.07,MCK
2017-05-18 16:00:00-04:00,3.01,3.42,13.64,MCK
2017-01-25 16:00:00-05:00,2.91,3.05,4.87,MCK
2016-10-27 16:00:00-04:00,3.05,2.94,-3.47,MCK
2016-07-27 16:00:00-04:00,3.34,3.5,4.7,MCK
2016-05-04 16:00:00-04:00,3.03,3.17,4.75,MCK
2016-01-27 16:00:00-05:00,3.13,3.18,1.46,MCK
2015-10-29 07:00:00-04:00,2.99,3.31,10.62,MCK
2015-07-29 16:00:00-04:00,2.91,3.14,8.08,MCK
2015-05-12 16:00:00-04:00,2.75,2.94,6.96,MCK
2015-02-05 16:00:00-05:00,2.61,2.89,10.6,MCK
2014-10-28 16:00:00-04:00,2.73,2.79,2.29,MCK
2014-07-31 07:00:00-04:00,2.33,2.49,6.88,MCK
2014-05-12 16:00:00-04:00,2.4,2.55,6.38,MCK
2014-01-30 16:00:00-05:00,1.83,1.45,-20.8,MCK
2013-10-24 07:00:00-04:00,2.04,2.27,11.02,MCK
2013-07-25 16:00:00-04:00,1.7,2.07,21.56,MCK
2013-05-07 16:00:00-04:00,2.3,1.45,-37.09,MCK
2013-01-31 16:00:00-05:00,1.62,1.41,-13.05,MCK
2012-10-25 07:00:00-04:00,1.78,1.92,7.83,MCK
2012-07-26 16:00:00-04:00,1.47,1.55,5.16,MCK
2012-04-30 16:00:00-04:00,2.04,2.09,2.45,MCK
2012-01-30 16:00:00-05:00,1.38,1.4,1.77,MCK
2011-10-25 16:00:00-04:00,1.39,1.63,17.38,MCK
2011-07-28 16:00:00-04:00,1.16,1.27,9.91,MCK
2011-05-03 16:00:00-04:00,1.59,1.62,1.58,MCK
2011-01-31 16:00:00-05:00,1.12,1.12,0.11,MCK
2010-10-26 16:00:00-04:00,1.09,1.03,-5.36,MCK
2010-07-30 07:00:00-04:00,1.05,1.12,6.29,MCK
2010-05-03 16:00:00-04:00,1.29,1.26,-2.45,MCK
2010-01-26 16:00:00-05:00,1.19,1.19,0.42,MCK
2009-10-27 16:00:00-04:00,1.01,1.07,6.11,MCK
2009-07-28 16:00:00-04:00,0.85,1.06,24.12,MCK
2009-05-04 16:00:00-04:00,1.17,1.23,5.54,MCK
2009-01-26 16:00:00-05:00,0.86,1.05,22.66,MCK
2008-10-28 16:00:00-04:00,1.04,1.12,7.87,MCK
2008-07-23 16:00:00-04:00,0.8,0.83,3.7,MCK
2008-05-05 16:00:00-04:00,1.0,1.04,3.6,MCK
2008-01-31 16:00:00-05:00,0.8,0.79,-1.12,MCK
2007-10-30 16:00:00-04:00,0.72,0.82,14.54,MCK
2007-07-26 16:00:00-04:00,0.71,0.72,1.17,MCK
2007-05-07 16:00:00-04:00,0.79,0.85,8.17,MCK
2007-01-25 16:00:00-05:00,0.68,0.79,16.78,MCK
2006-10-31 16:00:00-05:00,0.58,0.66,12.88,MCK
2006-07-27 16:00:00-04:00,0.62,0.6,-3.49,MCK
2006-05-04 16:00:00-04:00,0.67,0.68,1.31,MCK
2006-01-26 16:00:00-05:00,0.52,0.57,9.88,MCK
2005-11-08 16:00:00-05:00,0.47,0.49,3.17,MCK
2005-07-27 16:00:00-04:00,0.52,0.55,4.86,MCK
2005-05-05 16:00:00-04:00,0.73,0.85,17.24,MCK
2005-01-27 16:00:00-05:00,0.44,0.49,10.46,MCK
2004-10-21 16:00:00-04:00,0.23,0.29,24.11,MCK
2004-07-22 16:00:00-04:00,0.48,0.48,0.51,MCK
2004-04-29 16:00:00-04:00,0.66,0.73,11.45,MCK
2004-01-22 16:00:00-05:00,0.5,0.53,6.13,MCK
2003-10-23 16:00:00-04:00,0.52,0.53,2.04,MCK
2003-07-24 16:00:00-04:00,0.51,0.53,4.95,MCK
2003-04-29 16:00:00-04:00,0.59,0.62,5.44,MCK
2003-01-21 16:00:00-05:00,0.46,0.46,-0.13,MCK
2002-10-21 16:00:00-04:00,0.42,0.42,0.13,MCK
2002-07-23 07:00:00-04:00,0.4,0.42,5.79,MCK
2002-04-30 07:00:00-04:00,0.45,0.48,5.99,MCK
2002-01-22 07:00:00-05:00,0.36,0.38,5.3,MCK
2026-10-27 16:00:00-04:00,0.71,,,MDLZ
2026-07-28 16:00:00-04:00,0.68,0.73,7.4,MDLZ
2026-04-28 16:00:00-04:00,0.61,0.67,10.22,MDLZ
2026-02-03 16:00:00-05:00,0.7,0.72,3.34,MDLZ
2025-10-28 16:00:00-04:00,0.71,0.73,2.94,MDLZ
2025-07-29 16:00:00-04:00,0.68,0.73,7.87,MDLZ
2025-04-29 16:00:00-04:00,0.66,0.74,12.24,MDLZ
2025-02-04 16:00:00-05:00,0.65,0.65,-0.54,MDLZ
2024-10-29 16:00:00-04:00,0.85,0.99,16.57,MDLZ
2024-07-30 16:00:00-04:00,0.79,0.86,9.39,MDLZ
2024-04-30 16:00:00-04:00,0.89,0.95,6.99,MDLZ
2024-01-30 16:00:00-05:00,0.77,0.84,8.51,MDLZ
2023-11-01 16:00:00-04:00,0.78,0.82,4.72,MDLZ
2023-07-27 16:00:00-04:00,0.69,0.76,10.09,MDLZ
2023-04-27 16:00:00-04:00,0.8,0.89,10.62,MDLZ
2023-01-31 16:00:00-05:00,0.7,0.73,3.84,MDLZ
2022-11-01 16:00:00-04:00,0.69,0.74,7.8,MDLZ
2022-07-26 16:00:00-04:00,0.64,0.67,4.97,MDLZ
2022-04-26 16:00:00-04:00,0.75,0.84,11.69,MDLZ
2022-01-27 16:00:00-05:00,0.73,0.71,-2.14,MDLZ
2021-11-02 16:00:00-04:00,0.7,0.71,1.82,MDLZ
2021-07-27 16:00:00-04:00,0.65,0.66,1.53,MDLZ
2021-04-27 16:00:00-04:00,0.69,0.77,11.81,MDLZ
2021-01-28 16:00:00-05:00,0.67,0.67,0.69,MDLZ
2020-11-02 16:00:00-05:00,0.62,0.63,0.96,MDLZ
2020-07-28 16:00:00-04:00,0.56,0.63,12.15,MDLZ
2020-04-28 17:00:00-04:00,0.66,0.69,4.27,MDLZ
2020-01-29 16:00:00-05:00,0.6,0.61,1.25,MDLZ
2019-10-29 16:00:00-04:00,0.6,0.64,5.99,MDLZ
2019-07-30 16:00:00-04:00,0.57,0.57,0.46,MDLZ
2019-04-30 16:00:00-04:00,0.61,0.65,6.23,MDLZ
2019-01-30 16:00:00-05:00,0.63,0.63,0.28,MDLZ
2018-10-29 16:00:00-04:00,0.6,0.62,2.67,MDLZ
2018-07-25 16:00:00-04:00,0.54,0.56,4.47,MDLZ
2018-05-01 16:00:00-04:00,0.61,0.62,1.8,MDLZ
2018-01-31 16:00:00-05:00,0.56,0.57,2.55,MDLZ
2017-10-30 16:00:00-04:00,0.54,0.57,4.72,MDLZ
2017-08-02 07:00:00-04:00,0.45,0.48,5.59,MDLZ
2017-05-02 16:00:00-04:00,0.5,0.53,5.49,MDLZ
2017-02-07 16:00:00-05:00,0.49,0.47,-3.15,MDLZ
2016-10-26 08:00:00-04:00,0.43,0.52,20.25,MDLZ
2016-07-27 08:00:00-04:00,0.4,0.44,9.89,MDLZ
2016-04-27 08:00:00-04:00,0.39,0.48,21.92,MDLZ
2016-02-03 08:00:00-05:00,0.48,0.46,-4.59,MDLZ
2015-10-28 08:00:00-04:00,0.41,0.42,3.14,MDLZ
2015-07-30 08:00:00-04:00,0.39,0.47,19.71,MDLZ
2015-04-29 08:00:00-04:00,0.38,0.41,9.31,MDLZ
2015-02-11 08:00:00-05:00,0.43,0.47,8.83,MDLZ
2014-11-05 08:00:00-05:00,0.39,0.5,27.64,MDLZ
2014-08-06 08:00:00-04:00,0.39,0.4,3.01,MDLZ
2014-05-07 07:00:00-04:00,0.35,0.39,12.86,MDLZ
2014-02-12 16:00:00-05:00,0.44,0.42,-4.66,MDLZ
2013-11-06 16:00:00-05:00,0.4,0.41,1.76,MDLZ
2013-08-07 16:00:00-04:00,0.34,0.37,7.88,MDLZ
2013-05-07 16:00:00-04:00,0.34,0.34,0.76,MDLZ
2013-02-13 16:00:00-05:00,0.38,0.36,-4.53,MDLZ
2012-11-07 16:00:00-05:00,0.37,0.37,0.3,MDLZ
2012-08-02 16:00:00-04:00,0.66,0.68,3.37,MDLZ
2012-05-03 16:00:00-04:00,0.56,0.57,1.28,MDLZ
2012-02-21 06:00:00-05:00,0.57,0.57,0.4,MDLZ
2011-11-02 16:00:00-04:00,0.55,0.58,4.83,MDLZ
2011-08-04 06:00:00-04:00,0.58,0.62,7.7,MDLZ
2011-05-05 16:00:00-04:00,0.47,0.52,11.28,MDLZ
2011-02-10 16:00:00-05:00,0.47,0.46,-2.66,MDLZ
2010-11-04 16:00:00-04:00,0.46,0.47,3.14,MDLZ
2010-08-05 16:00:00-04:00,0.52,0.6,15.26,MDLZ
2010-05-06 12:00:00-04:00,0.44,0.49,10.36,MDLZ
2010-02-16 06:00:00-05:00,0.45,0.48,7.14,MDLZ
2009-11-03 16:00:00-05:00,0.48,0.55,13.57,MDLZ
2009-08-04 16:00:00-04:00,0.54,0.56,3.81,MDLZ
2009-05-05 07:00:00-04:00,0.4,0.45,12.74,MDLZ
2009-02-04 07:00:00-05:00,0.44,0.43,-2.68,MDLZ
2008-10-29 07:00:00-04:00,0.44,0.45,3.21,MDLZ
2008-07-28 07:00:00-04:00,0.5,0.58,16.96,MDLZ
2008-04-30 07:00:00-04:00,0.41,0.44,8.02,MDLZ
2008-01-30 07:00:00-05:00,0.44,0.44,0.3,MDLZ
2007-10-31 07:00:00-04:00,0.41,0.44,6.45,MDLZ
2007-08-01 07:00:00-04:00,0.47,0.5,6.38,MDLZ
2007-04-18 16:00:00-04:00,0.42,0.44,6.02,MDLZ
2007-01-31 11:00:00-05:00,0.51,0.51,0.22,MDLZ
2006-10-23 16:00:00-04:00,0.45,0.46,2.82,MDLZ
2006-07-24 16:00:00-04:00,0.48,0.51,6.21,MDLZ
2006-04-19 16:00:00-04:00,0.42,0.45,6.51,MDLZ
2006-01-30 16:00:00-05:00,0.54,0.56,4.67,MDLZ
2005-10-18 12:00:00-04:00,0.46,0.42,-7.89,MDLZ
2005-07-19 16:00:00-04:00,0.48,0.47,-1.26,MDLZ
2005-04-19 16:00:00-04:00,0.41,0.44,8.11,MDLZ
2005-01-25 16:00:00-05:00,0.49,0.49,0.41,MDLZ
2004-10-18 16:00:00-04:00,0.45,0.48,5.96,MDLZ
2004-07-19 06:00:00-04:00,0.46,0.46,-0.86,MDLZ
2004-04-19 16:00:00-04:00,0.43,0.45,4.65,MDLZ
2004-01-27 16:00:00-05:00,0.5,0.5,0.2,MDLZ
2003-10-15 16:00:00-04:00,0.46,0.47,1.51,MDLZ
2003-07-16 16:00:00-04:00,0.58,0.55,-5.5,MDLZ
2003-04-15 16:00:00-04:00,0.48,0.49,3.16,MDLZ
2003-01-28 16:00:00-05:00,0.52,0.51,-1.54,MDLZ
2002-10-16 16:00:00-04:00,0.5,0.5,-0.79,MDLZ
2002-07-17 16:00:00-04:00,0.54,0.55,1.66,MDLZ
2002-04-16 16:00:00-04:00,0.44,0.46,5.26,MDLZ
2002-01-29 16:00:00-05:00,0.32,0.32,,MDLZ
2026-11-17 07:00:00-05:00,1.33,,,MDT
2026-09-01 06:00:00-04:00,1.39,1.45,4.51,MDT
2026-06-03 06:00:00-04:00,1.54,1.55,0.56,MDT
2026-02-17 06:00:00-05:00,1.34,1.36,1.86,MDT
2025-11-18 06:00:00-05:00,1.31,1.36,3.49,MDT
2025-08-19 06:00:00-04:00,1.23,1.26,2.54,MDT
2025-05-21 06:00:00-04:00,1.58,1.62,2.69,MDT
2025-02-18 06:00:00-05:00,1.36,1.39,2.24,MDT
2024-11-19 06:00:00-05:00,1.25,1.26,0.85,MDT
2024-08-20 06:00:00-04:00,1.2,1.23,2.65,MDT
2024-05-23 06:00:00-04:00,1.45,1.46,0.7,MDT
2024-02-20 06:00:00-05:00,1.26,1.3,3.06,MDT
2023-11-21 06:00:00-05:00,1.18,1.25,5.82,MDT
2023-08-22 06:00:00-04:00,1.11,1.2,8.18,MDT
2023-05-25 06:00:00-04:00,1.55,1.57,1.01,MDT
2023-02-21 06:00:00-05:00,1.27,1.3,2.4,MDT
2022-11-22 06:00:00-05:00,1.28,1.3,1.79,MDT
2022-08-23 06:00:00-04:00,1.12,1.13,1.02,MDT
2022-05-26 06:00:00-04:00,1.56,1.52,-2.82,MDT
2022-02-22 06:00:00-05:00,1.37,1.37,0.2,MDT
2021-11-23 06:00:00-05:00,1.29,1.32,2.39,MDT
2021-08-24 06:00:00-04:00,1.32,1.41,6.71,MDT
2021-05-27 06:00:00-04:00,1.42,1.5,5.34,MDT
2021-02-23 06:00:00-05:00,1.15,1.29,12.4,MDT
2020-11-24 06:00:00-05:00,0.8,1.02,27.5,MDT
2020-08-25 06:00:00-04:00,0.18,0.62,237.19,MDT
2020-05-21 06:00:00-04:00,0.75,0.58,-22.24,MDT
2020-02-18 06:00:00-05:00,1.38,1.44,4.05,MDT
2019-11-19 06:00:00-05:00,1.28,1.31,2.15,MDT
2019-08-20 06:00:00-04:00,1.19,1.26,6.1,MDT
2019-05-23 06:00:00-04:00,1.47,1.54,5.12,MDT
2019-02-19 06:00:00-05:00,1.24,1.29,4.27,MDT
2018-11-20 06:00:00-05:00,1.15,1.22,6.26,MDT
2018-08-21 06:00:00-04:00,1.11,1.17,5.22,MDT
2018-05-24 06:00:00-04:00,1.39,1.42,2.47,MDT
2018-02-20 06:00:00-05:00,1.17,1.17,0.34,MDT
2017-11-21 06:00:00-05:00,1.03,1.07,4.26,MDT
2017-08-22 06:00:00-04:00,1.08,1.12,3.28,MDT
2017-05-25 06:00:00-04:00,1.31,1.33,1.33,MDT
2017-02-21 06:00:00-05:00,1.11,1.12,1.17,MDT
2016-11-22 06:00:00-05:00,1.11,1.12,0.95,MDT
2016-08-25 06:00:00-04:00,1.01,1.03,1.89,MDT
2016-05-31 06:00:00-04:00,1.26,1.27,0.42,MDT
2016-03-01 06:00:00-05:00,1.06,1.06,-0.01,MDT
2015-12-03 06:00:00-05:00,1.0,1.03,2.84,MDT
2015-09-03 07:00:00-04:00,1.0,1.02,2.17,MDT
2015-06-02 07:00:00-04:00,1.11,1.16,4.41,MDT
2015-02-17 07:00:00-05:00,0.98,1.01,3.1,MDT
2014-11-18 07:00:00-05:00,0.96,0.96,-0.09,MDT
2014-08-19 07:00:00-04:00,0.92,0.93,0.83,MDT
2014-05-20 07:00:00-04:00,1.12,1.12,-0.22,MDT
2014-02-18 07:00:00-05:00,0.91,0.91,-0.35,MDT
2013-11-19 07:00:00-05:00,0.9,0.91,0.97,MDT
2013-08-20 07:00:00-04:00,0.88,0.88,-0.06,MDT
2013-05-21 07:00:00-04:00,1.03,1.1,6.7,MDT
2013-02-19 07:00:00-05:00,0.91,0.93,1.71,MDT
2012-11-20 07:00:00-05:00,0.88,0.88,-0.34,MDT
2012-08-21 07:00:00-04:00,0.85,0.85,-0.07,MDT
2012-05-22 07:00:00-04:00,0.98,0.99,1.17,MDT
2012-02-21 07:00:00-05:00,0.84,0.84,-0.21,MDT
2011-11-22 07:00:00-05:00,0.82,0.84,2.46,MDT
2011-08-23 07:00:00-04:00,0.79,0.79,-0.28,MDT
2011-05-24 07:00:00-04:00,0.93,0.9,-2.73,MDT
2011-02-22 07:00:00-05:00,0.84,0.86,2.16,MDT
2010-11-23 07:00:00-05:00,0.81,0.82,0.7,MDT
2010-08-24 07:00:00-04:00,0.81,0.8,-1.1,MDT
2010-05-25 07:00:00-04:00,0.88,0.89,0.91,MDT
2010-02-23 07:00:00-05:00,0.76,0.77,1.69,MDT
2009-11-24 07:00:00-05:00,0.74,0.77,3.6,MDT
2009-08-25 07:00:00-04:00,0.78,0.79,1.05,MDT
2009-05-19 07:00:00-04:00,0.82,0.82,-0.33,MDT
2009-02-17 07:00:00-05:00,0.7,0.71,1.75,MDT
2008-11-18 07:00:00-05:00,0.71,0.67,-5.31,MDT
2008-08-19 07:00:00-04:00,0.69,0.72,3.92,MDT
2008-05-20 07:00:00-04:00,0.72,0.78,7.71,MDT
2008-02-19 07:00:00-05:00,0.61,0.63,2.98,MDT
2007-11-19 16:00:00-05:00,0.57,0.58,2.59,MDT
2007-08-21 16:00:00-04:00,0.62,0.62,-0.08,MDT
2007-05-22 16:00:00-04:00,0.62,0.66,5.67,MDT
2007-02-20 16:00:00-05:00,0.58,0.61,5.61,MDT
2006-11-20 16:00:00-05:00,0.56,0.59,5.3,MDT
2006-08-22 16:00:00-04:00,0.54,0.55,1.73,MDT
2006-05-23 16:00:00-04:00,0.62,0.62,,MDT
2006-02-21 16:00:00-05:00,0.55,0.55,-0.54,MDT
2005-11-16 16:00:00-05:00,0.54,0.54,-0.82,MDT
2005-08-17 16:00:00-04:00,0.5,0.5,0.87,MDT
2005-05-24 16:00:00-04:00,0.53,0.53,-0.54,MDT
2005-02-16 16:00:00-05:00,0.46,0.46,1.1,MDT
2004-11-17 16:00:00-05:00,0.45,0.44,-3.03,MDT
2004-08-18 16:00:00-04:00,0.43,0.43,,MDT
2004-05-23 11:00:00-04:00,0.46,0.48,4.35,MDT
2004-02-11 16:00:00-05:00,0.39,0.4,1.52,MDT
2003-11-12 16:00:00-05:00,0.39,0.39,0.01,MDT
2003-08-12 16:00:00-04:00,0.37,0.37,-0.01,MDT
2003-05-19 16:00:00-04:00,0.4,0.4,0.63,MDT
2003-02-12 16:00:00-05:00,0.35,0.35,-0.7,MDT
2002-11-18 16:00:00-05:00,0.34,0.34,0.01,MDT
2002-08-20 16:00:00-04:00,0.32,0.32,,MDT
2002-08-20 16:00:00-04:00,0.27,0.28,3.7,MDT
2002-05-22 16:00:00-04:00,0.31,0.3,-1.63,MDT
2026-11-04 15:00:00-05:00,9.24,,,MELI
2026-08-05 16:00:00-04:00,8.89,9.19,3.39,MELI
2026-05-07 16:00:00-04:00,8.47,8.23,-2.88,MELI
2026-02-24 16:00:00-05:00,11.43,11.03,-3.52,MELI
2025-10-28 20:00:00-04:00,9.37,8.32,-11.2,MELI
2025-08-04 16:00:00-04:00,11.75,10.31,-12.24,MELI
2025-05-07 16:00:00-04:00,7.99,9.74,21.9,MELI
2025-02-20 16:00:00-05:00,7.56,12.61,66.83,MELI
2024-11-06 16:00:00-05:00,9.85,7.83,-20.49,MELI
2024-08-01 16:00:00-04:00,8.34,10.48,25.67,MELI
2024-05-02 16:00:00-04:00,5.72,6.78,18.6,MELI
2024-02-22 16:00:00-05:00,6.96,3.25,-53.29,MELI
2023-11-01 16:00:00-04:00,5.68,7.16,26.08,MELI
2023-08-02 16:00:00-04:00,4.28,5.16,20.47,MELI
2023-05-03 16:00:00-04:00,3.31,3.97,19.97,MELI
2023-02-23 16:00:00-05:00,2.62,3.25,24.24,MELI
2022-11-03 16:00:00-04:00,2.43,2.56,5.24,MELI
2022-08-03 17:00:00-04:00,1.93,2.43,26.09,MELI
2022-05-06 16:00:00-04:00,1.41,1.3,-7.56,MELI
2022-02-22 16:00:00-05:00,1.17,-0.92,-178.51,MELI
2021-11-04 16:00:00-04:00,1.31,1.92,46.35,MELI
2021-08-04 16:00:00-04:00,0.19,1.37,637.07,MELI
2021-05-05 17:00:00-04:00,-0.04,-0.68,-1825.8,MELI
2021-03-01 16:00:00-05:00,0.19,-1.02,-629.18,MELI
2020-11-04 16:00:00-05:00,0.29,0.28,-2.22,MELI
2020-08-10 08:00:00-04:00,0.16,1.11,593.79,MELI
2020-05-05 17:00:00-04:00,-0.57,-0.44,23.04,MELI
2020-02-10 16:00:00-05:00,-0.79,-1.11,-40.21,MELI
2019-10-31 16:00:00-04:00,-0.07,-2.96,-3908.12,MELI
2019-08-07 16:00:00-04:00,0.32,0.31,-3.8,MELI
2019-05-02 16:00:00-04:00,-0.18,0.13,174.07,MELI
2019-02-26 16:00:00-05:00,-0.09,-0.05,46.28,MELI
2018-11-01 16:00:00-04:00,-0.1,-0.23,-135.58,MELI
2018-08-08 16:00:00-04:00,-0.28,-0.25,10.71,MELI
2018-05-09 16:00:00-04:00,0.44,-0.29,-165.36,MELI
2018-02-22 16:00:00-05:00,0.55,0.41,-25.73,MELI
2017-11-02 16:00:00-04:00,0.62,0.63,2.21,MELI
2017-08-03 16:00:00-04:00,1.06,0.61,-42.21,MELI
2017-05-04 16:00:00-04:00,0.87,1.1,26.95,MELI
2017-02-23 16:00:00-05:00,0.95,1.16,21.66,MELI
2016-11-03 16:00:00-04:00,0.82,0.88,6.72,MELI
2016-08-04 16:00:00-04:00,0.6,0.74,22.47,MELI
2016-05-05 16:00:00-04:00,0.57,0.68,18.41,MELI
2016-02-25 16:00:00-05:00,0.74,0.88,19.23,MELI
2015-11-04 16:00:00-05:00,0.63,0.75,19.74,MELI
2015-08-05 16:00:00-04:00,0.65,0.44,-32.26,MELI
2015-05-06 16:00:00-04:00,0.63,0.78,23.32,MELI
2015-02-25 16:00:00-05:00,0.76,0.76,-0.39,MELI
2014-10-30 16:00:00-04:00,0.66,0.76,14.4,MELI
2014-08-07 16:00:00-04:00,0.56,0.72,28.51,MELI
2014-05-08 16:00:00-04:00,0.56,0.63,12.21,MELI
2014-02-27 16:00:00-05:00,0.77,0.93,20.19,MELI
2013-11-05 16:00:00-05:00,0.74,0.66,-10.22,MELI
2013-08-01 16:00:00-04:00,0.62,0.67,7.63,MELI
2013-05-06 16:00:00-04:00,0.55,0.4,-27.05,MELI
2013-02-25 16:00:00-05:00,0.61,0.69,12.32,MELI
2012-11-01 16:00:00-04:00,0.6,0.59,-1.43,MELI
2012-08-02 16:00:00-04:00,0.48,0.57,17.7,MELI
2012-05-08 16:00:00-04:00,0.46,0.45,-0.94,MELI
2012-02-23 16:00:00-05:00,0.51,0.47,-7.06,MELI
2011-11-02 16:00:00-04:00,0.43,0.6,40.19,MELI
2011-08-03 16:00:00-04:00,0.37,0.34,-8.52,MELI
2011-05-04 16:00:00-04:00,0.31,0.32,4.92,MELI
2011-02-23 16:00:00-05:00,0.35,0.36,3.51,MELI
2010-11-03 16:00:00-04:00,0.31,0.43,38.71,MELI
2010-08-04 16:00:00-04:00,0.24,0.26,10.31,MELI
2010-05-06 12:00:00-04:00,0.19,0.22,18.92,MELI
2010-02-22 16:00:00-05:00,0.26,0.26,,MELI
2009-11-04 16:00:00-05:00,0.17,0.25,49.7,MELI
2009-08-05 16:00:00-04:00,0.12,0.15,29.31,MELI
2009-05-06 16:00:00-04:00,0.1,0.12,25.0,MELI
2009-02-24 16:00:00-05:00,0.06,0.11,71.88,MELI
2008-11-11 16:00:00-05:00,0.13,0.14,12.0,MELI
2008-08-12 16:00:00-04:00,0.08,0.07,-15.66,MELI
2008-05-13 16:00:00-04:00,0.1,0.05,-50.0,MELI
2008-03-05 16:00:00-05:00,0.1,0.12,20.0,MELI
2007-11-13 16:00:00-05:00,0.1,0.07,-30.0,MELI
2026-11-09 15:00:00-05:00,2.66,,,MET
2026-08-05 16:00:00-04:00,2.29,2.43,6.16,MET
2026-05-06 16:00:00-04:00,2.27,2.42,6.65,MET
2026-02-04 16:00:00-05:00,2.34,2.49,6.3,MET
2025-11-05 16:00:00-05:00,2.32,2.37,2.16,MET
2025-08-06 16:00:00-04:00,2.16,2.02,-6.69,MET
2025-04-30 16:00:00-04:00,2.01,1.96,-2.45,MET
2025-02-05 16:00:00-05:00,2.09,2.09,-0.16,MET
2024-10-30 17:00:00-04:00,2.18,1.95,-10.7,MET
2024-07-31 16:00:00-04:00,2.11,2.28,8.12,MET
2024-05-01 16:00:00-04:00,1.82,1.83,0.6,MET
2024-01-31 16:00:00-05:00,1.91,1.83,-3.94,MET
2023-11-01 16:00:00-04:00,1.96,1.97,0.38,MET
2023-08-02 16:00:00-04:00,1.88,1.94,3.11,MET
2023-05-03 16:00:00-04:00,1.84,1.52,-17.55,MET
2023-02-01 16:00:00-05:00,1.64,1.55,-5.72,MET
2022-11-02 16:00:00-04:00,1.17,1.21,3.17,MET
2022-08-03 16:00:00-04:00,1.48,2.0,35.48,MET
2022-05-04 16:00:00-04:00,1.63,2.08,27.98,MET
2022-02-02 16:00:00-05:00,1.46,2.17,48.27,MET
2021-11-03 16:00:00-04:00,1.71,2.39,39.58,MET
2021-08-04 16:00:00-04:00,1.66,2.3,38.36,MET
2021-05-05 16:00:00-04:00,1.52,2.2,44.47,MET
2021-02-03 16:00:00-05:00,1.51,2.03,34.69,MET
2020-11-04 16:00:00-05:00,1.58,1.73,9.79,MET
2020-08-05 16:00:00-04:00,0.91,0.83,-9.0,MET
2020-05-06 17:00:00-04:00,1.44,1.58,10.03,MET
2020-02-05 16:00:00-05:00,1.38,1.98,43.76,MET
2019-10-30 16:00:00-04:00,1.4,1.27,-9.0,MET
2019-07-31 16:00:00-04:00,1.34,1.38,3.2,MET
2019-05-01 16:00:00-04:00,1.27,1.48,16.15,MET
2019-02-06 16:00:00-05:00,1.29,1.35,5.03,MET
2018-11-01 16:00:00-04:00,1.26,1.38,9.4,MET
2018-08-01 16:00:00-04:00,1.17,1.3,10.77,MET
2018-05-02 16:00:00-04:00,1.17,1.36,16.73,MET
2018-02-13 16:00:00-05:00,0.65,0.64,-0.87,MET
2017-11-01 16:00:00-04:00,0.92,1.09,18.68,MET
2017-08-02 16:00:00-04:00,1.28,1.3,1.74,MET
2017-05-03 16:00:00-04:00,1.28,1.41,10.56,MET
2017-02-01 16:00:00-05:00,1.34,1.28,-4.63,MET
2016-11-02 16:00:00-04:00,1.18,1.28,8.66,MET
2016-08-03 16:00:00-04:00,1.35,0.83,-38.4,MET
2016-05-04 16:00:00-04:00,1.38,1.2,-12.92,MET
2016-02-03 16:00:00-05:00,1.36,1.23,-9.41,MET
2015-11-04 16:00:00-05:00,0.76,0.62,-18.37,MET
2015-07-29 16:00:00-04:00,1.49,1.56,4.68,MET
2015-05-06 16:00:00-04:00,1.41,1.44,1.91,MET
2015-02-11 16:00:00-05:00,1.37,1.38,0.94,MET
2014-10-29 16:00:00-04:00,1.38,1.6,15.92,MET
2014-07-30 20:00:00-04:00,1.41,1.39,-1.5,MET
2014-04-30 16:00:00-04:00,1.4,1.37,-1.84,MET
2014-02-12 16:00:00-05:00,1.3,1.37,5.13,MET
2013-10-30 16:00:00-04:00,1.35,1.34,-1.1,MET
2013-07-31 16:00:00-04:00,1.33,1.44,8.59,MET
2013-05-01 16:00:00-04:00,1.31,1.48,13.37,MET
2013-02-13 16:00:00-05:00,1.19,1.25,5.3,MET
2012-10-31 16:00:00-04:00,1.28,1.32,3.13,MET
2012-08-01 16:00:00-04:00,1.25,1.33,6.63,MET
2012-04-20 02:00:00-04:00,1.26,1.37,9.1,MET
2012-02-14 16:00:00-05:00,1.25,1.31,4.8,MET
2011-10-27 16:00:00-04:00,1.08,1.11,2.91,MET
2011-07-28 16:00:00-04:00,1.12,1.24,10.94,MET
2011-05-04 16:00:00-04:00,1.26,1.33,5.31,MET
2011-02-09 16:00:00-05:00,1.1,1.14,3.67,MET
2010-10-28 16:00:00-04:00,1.04,0.99,-4.79,MET
2010-07-29 16:00:00-04:00,1.01,1.23,21.33,MET
2010-04-29 16:00:00-04:00,0.97,1.01,3.87,MET
2010-02-02 16:00:00-05:00,0.96,0.96,0.26,MET
2009-10-29 16:00:00-04:00,0.87,0.94,8.14,MET
2009-07-30 16:00:00-04:00,0.68,0.88,29.89,MET
2009-04-30 16:00:00-04:00,0.34,0.2,-41.31,MET
2009-02-03 16:00:00-05:00,0.14,0.19,35.47,MET
2008-10-29 16:00:00-04:00,0.91,0.88,-3.41,MET
2008-07-29 16:00:00-04:00,1.51,1.3,-13.97,MET
2008-05-01 16:00:00-04:00,1.48,1.52,2.86,MET
2008-02-06 16:00:00-05:00,1.43,1.6,11.73,MET
2007-10-31 16:00:00-04:00,1.4,1.52,8.88,MET
2007-07-31 16:00:00-04:00,1.33,1.72,29.32,MET
2007-05-01 16:00:00-04:00,1.28,1.41,9.81,MET
2007-02-13 16:00:00-05:00,1.18,1.36,15.06,MET
2006-10-30 16:00:00-05:00,1.17,1.24,5.98,MET
2006-07-31 16:00:00-04:00,1.14,1.28,12.11,MET
2006-04-27 16:00:00-04:00,1.09,1.33,22.36,MET
2006-02-09 16:00:00-05:00,1.01,1.04,2.67,MET
2005-10-27 16:00:00-04:00,0.94,1.01,7.74,MET
2005-07-28 16:00:00-04:00,0.92,1.17,27.63,MET
2005-05-03 16:00:00-04:00,0.86,1.11,29.69,MET
2005-02-09 16:00:00-05:00,0.83,0.87,4.59,MET
2004-10-27 16:00:00-04:00,0.8,0.82,3.14,MET
2004-07-28 16:00:00-04:00,0.78,0.88,13.55,MET
2004-05-03 17:00:00-04:00,0.75,0.78,4.61,MET
2004-02-10 17:00:00-05:00,0.74,0.74,-0.26,MET
2003-11-03 17:00:00-05:00,0.73,0.81,11.41,MET
2003-08-04 16:00:00-04:00,0.7,0.72,3.45,MET
2003-05-05 16:00:00-04:00,0.65,0.62,-4.91,MET
2003-02-10 17:00:00-05:00,0.64,0.65,1.56,MET
2002-11-05 16:00:00-05:00,0.6,0.69,14.7,MET
2002-08-05 16:00:00-04:00,0.64,0.69,8.32,MET
2002-05-07 08:00:00-04:00,0.59,0.61,4.27,MET
2002-02-12 07:00:00-05:00,0.58,0.59,0.98,MET
2026-10-28 16:00:00-04:00,6.25,,,META
2026-07-29 16:00:00-04:00,7.22,6.18,-14.42,META
2026-04-29 16:00:00-04:00,6.82,7.31,7.2,META
2026-01-28 16:00:00-05:00,8.22,8.88,8.0,META
2025-10-29 16:00:00-04:00,6.67,7.25,8.66,META
2025-07-30 16:00:00-04:00,5.86,7.14,21.82,META
2025-04-30 16:00:00-04:00,5.21,6.43,23.53,META
2025-01-29 16:00:00-05:00,6.74,8.02,19.0,META
2024-10-30 16:00:00-04:00,5.3,6.03,13.86,META
2024-07-31 16:00:00-04:00,4.76,5.16,8.45,META
2024-04-24 16:00:00-04:00,4.36,4.71,8.11,META
2024-02-01 16:00:00-05:00,4.94,5.33,7.88,META
2023-10-25 16:00:00-04:00,3.6,4.39,21.96,META
2023-07-26 16:00:00-04:00,2.91,2.98,2.51,META
2023-04-26 16:00:00-04:00,1.98,2.2,11.2,META
2023-02-01 16:00:00-05:00,2.24,1.76,-21.53,META
2022-10-26 16:00:00-04:00,1.85,1.64,-11.32,META
2022-07-27 16:00:00-04:00,2.55,2.46,-3.56,META
2022-04-27 16:00:00-04:00,2.53,2.72,7.57,META
2022-02-02 16:00:00-05:00,3.83,3.67,-4.06,META
2021-10-25 16:00:00-04:00,3.17,3.22,1.52,META
2021-07-28 16:00:00-04:00,3.06,3.61,17.94,META
2021-04-28 16:00:00-04:00,2.35,3.3,40.65,META
2021-01-27 16:00:00-05:00,3.24,3.88,19.91,META
2020-10-29 16:00:00-04:00,1.91,2.4,25.57,META
2020-07-30 16:00:00-04:00,1.4,1.8,28.88,META
2020-04-29 17:00:00-04:00,1.7,1.71,0.66,META
2020-01-29 16:00:00-05:00,2.53,2.56,1.26,META
2019-10-30 16:00:00-04:00,1.91,2.12,10.84,META
2019-07-24 16:00:00-04:00,1.88,1.99,6.13,META
2019-04-24 16:00:00-04:00,1.61,0.85,-47.31,META
2019-01-30 16:00:00-05:00,2.18,2.38,9.35,META
2018-10-30 16:00:00-04:00,1.45,1.76,21.14,META
2018-07-25 16:00:00-04:00,1.7,1.74,2.56,META
2018-04-25 16:00:00-04:00,1.35,1.69,24.81,META
2018-01-31 16:00:00-05:00,1.97,2.21,12.3,META
2017-11-01 16:00:00-04:00,1.28,1.59,23.94,META
2017-07-26 16:00:00-04:00,1.12,1.32,17.46,META
2017-05-03 16:00:00-04:00,1.12,1.36,21.35,META
2017-02-01 16:00:00-05:00,1.31,1.41,7.41,META
2016-11-02 16:00:00-04:00,0.71,0.82,15.41,META
2016-07-27 16:00:00-04:00,0.82,0.97,18.68,META
2016-04-27 16:00:00-04:00,0.4,0.52,29.18,META
2016-01-27 16:00:00-05:00,0.42,0.54,27.56,META
2015-11-04 16:00:00-05:00,0.27,0.31,13.85,META
2015-07-29 16:00:00-04:00,0.47,0.5,6.23,META
2015-04-22 16:00:00-04:00,0.16,0.18,10.21,META
2015-01-28 16:00:00-05:00,0.49,0.54,11.0,META
2014-10-28 16:00:00-04:00,0.4,0.42,2.88,META
2014-07-23 16:00:00-04:00,0.24,0.3,22.72,META
2014-04-23 16:00:00-04:00,0.17,0.25,50.53,META
2014-01-29 16:00:00-05:00,0.2,0.2,-0.29,META
2013-10-30 16:00:00-04:00,0.19,0.25,34.6,META
2013-07-24 16:00:00-04:00,0.09,0.13,52.74,META
2013-05-01 16:00:00-04:00,0.13,0.12,-4.14,META
2013-01-30 16:00:00-05:00,-0.01,0.03,308.48,META
2012-10-23 16:00:00-04:00,0.06,-0.02,-134.07,META
2012-07-26 16:00:00-04:00,0.11,0.12,8.83,META
2026-10-20 08:00:00-04:00,2.39,,,MMM
2026-07-21 06:00:00-04:00,2.25,2.4,6.84,MMM
2026-04-21 06:00:00-04:00,1.98,2.14,7.88,MMM
2026-01-20 06:00:00-05:00,1.8,1.83,1.79,MMM
2025-10-21 06:00:00-04:00,2.07,2.19,5.6,MMM
2025-07-18 06:00:00-04:00,2.01,2.16,7.37,MMM
2025-04-22 06:00:00-04:00,1.77,1.88,6.42,MMM
2025-01-21 06:00:00-05:00,1.54,1.68,9.32,MMM
2024-10-22 06:00:00-04:00,1.9,1.98,4.13,MMM
2024-07-26 06:00:00-04:00,1.68,1.93,14.92,MMM
2024-04-30 06:00:00-04:00,2.11,2.39,13.15,MMM
2024-01-23 06:00:00-05:00,2.31,2.42,4.61,MMM
2023-10-24 06:00:00-04:00,2.35,2.68,14.23,MMM
2023-07-25 06:00:00-04:00,1.76,2.17,23.34,MMM
2023-04-25 06:00:00-04:00,1.6,1.97,23.44,MMM
2023-01-24 06:00:00-05:00,2.37,2.28,-3.81,MMM
2022-10-25 06:00:00-04:00,2.59,2.69,3.83,MMM
2022-07-26 06:00:00-04:00,2.44,2.48,1.65,MMM
2022-04-26 13:00:00-04:00,2.32,2.65,14.43,MMM
2022-01-25 06:00:00-05:00,2.02,2.31,14.6,MMM
2021-10-26 06:00:00-04:00,2.21,2.45,10.94,MMM
2021-07-27 06:00:00-04:00,2.28,2.59,13.77,MMM
2021-04-27 06:00:00-04:00,2.29,2.77,20.79,MMM
2021-01-26 06:00:00-05:00,2.17,2.38,9.79,MMM
2020-10-27 06:00:00-04:00,2.27,2.43,7.2,MMM
2020-07-28 06:00:00-04:00,1.8,1.78,-1.06,MMM
2020-04-28 07:00:00-04:00,2.01,2.16,7.31,MMM
2020-01-28 06:00:00-05:00,2.1,1.95,-7.23,MMM
2019-10-24 06:00:00-04:00,2.5,2.58,3.28,MMM
2019-07-25 06:00:00-04:00,2.07,2.13,2.81,MMM
2019-04-25 06:00:00-04:00,2.5,2.23,-10.83,MMM
2019-01-29 06:00:00-05:00,2.28,2.31,1.46,MMM
2018-10-23 07:00:00-04:00,2.7,2.58,-4.52,MMM
2018-07-24 07:00:00-04:00,2.6,2.59,-0.46,MMM
2018-04-24 07:00:00-04:00,2.48,2.5,0.63,MMM
2018-01-25 07:00:00-05:00,2.03,2.1,3.4,MMM
2017-10-24 07:00:00-04:00,2.21,2.33,5.37,MMM
2017-07-25 07:00:00-04:00,2.59,2.58,-0.39,MMM
2017-04-25 07:00:00-04:00,2.06,2.16,4.65,MMM
2017-01-24 07:00:00-05:00,1.87,1.88,0.43,MMM
2016-10-25 07:00:00-04:00,2.14,2.15,0.36,MMM
2016-07-26 07:00:00-04:00,2.07,2.08,0.56,MMM
2016-04-26 07:00:00-04:00,1.92,2.05,6.54,MMM
2016-01-26 07:00:00-05:00,1.62,1.66,2.19,MMM
2015-10-22 07:00:00-04:00,2.01,2.05,2.18,MMM
2015-07-23 07:00:00-04:00,1.99,2.02,1.26,MMM
2015-04-23 07:00:00-04:00,1.93,1.85,-4.21,MMM
2015-01-27 07:00:00-05:00,1.8,1.81,0.71,MMM
2014-10-23 07:00:00-04:00,1.96,1.98,0.94,MMM
2014-07-24 07:00:00-04:00,1.91,1.91,0.11,MMM
2014-04-24 07:00:00-04:00,1.8,1.79,-0.28,MMM
2014-01-30 07:00:00-05:00,1.62,1.62,0.28,MMM
2013-10-24 07:00:00-04:00,1.75,1.78,1.51,MMM
2013-07-25 07:00:00-04:00,1.71,1.71,0.18,MMM
2013-04-25 07:00:00-04:00,1.65,1.61,-2.68,MMM
2013-01-24 07:00:00-05:00,1.41,1.41,-0.14,MMM
2012-10-23 07:00:00-04:00,1.65,1.65,-0.09,MMM
2012-07-26 07:00:00-04:00,1.65,1.66,0.52,MMM
2012-04-24 07:00:00-04:00,1.48,1.63,10.12,MMM
2012-01-26 07:00:00-05:00,1.31,1.35,3.14,MMM
2011-10-25 07:00:00-04:00,1.61,1.52,-5.46,MMM
2011-07-26 07:00:00-04:00,1.59,1.6,0.42,MMM
2011-04-26 07:00:00-04:00,1.44,1.49,3.79,MMM
2011-01-25 07:00:00-05:00,1.28,1.28,0.21,MMM
2010-10-28 07:00:00-04:00,1.51,1.53,1.01,MMM
2010-07-22 07:00:00-04:00,1.48,1.54,3.88,MMM
2010-04-27 06:00:00-04:00,1.19,1.4,17.56,MMM
2010-01-28 07:00:00-05:00,1.2,1.3,8.18,MMM
2009-10-22 07:00:00-04:00,1.17,1.37,17.41,MMM
2009-07-23 07:00:00-04:00,0.94,1.2,27.26,MMM
2009-04-24 07:00:00-04:00,0.86,0.81,-5.32,MMM
2009-01-29 07:00:00-05:00,0.93,0.97,3.85,MMM
2008-10-21 07:00:00-04:00,1.38,1.42,2.71,MMM
2008-07-24 07:00:00-04:00,1.35,1.39,2.73,MMM
2008-04-24 07:00:00-04:00,1.35,1.38,2.51,MMM
2008-01-29 07:00:00-05:00,1.17,1.19,2.15,MMM
2007-10-19 07:00:00-04:00,1.27,1.29,1.26,MMM
2007-07-26 07:00:00-04:00,1.18,1.23,4.46,MMM
2007-04-26 07:00:00-04:00,1.12,1.28,14.7,MMM
2007-01-30 06:00:00-05:00,1.14,1.1,-3.64,MMM
2006-10-20 07:00:00-04:00,1.13,1.17,3.96,MMM
2006-07-25 07:00:00-04:00,1.07,1.05,-2.05,MMM
2006-04-21 07:00:00-04:00,1.16,1.17,1.04,MMM
2006-01-24 07:00:00-05:00,1.04,1.04,0.1,MMM
2005-10-18 07:00:00-04:00,1.08,1.12,4.09,MMM
2005-07-18 07:00:00-04:00,1.09,1.09,0.28,MMM
2005-04-18 07:00:00-04:00,1.01,1.03,1.88,MMM
2005-01-18 07:00:00-05:00,0.91,0.91,0.51,MMM
2004-10-18 07:00:00-04:00,0.98,0.97,-0.71,MMM
2004-07-19 07:00:00-04:00,0.96,0.97,0.87,MMM
2004-04-19 07:00:00-04:00,0.87,0.9,3.21,MMM
2004-01-20 07:00:00-05:00,0.76,0.77,1.99,MMM
2003-10-20 07:00:00-04:00,0.79,0.83,4.67,MMM
2003-07-21 07:00:00-04:00,0.75,0.78,3.59,MMM
2003-04-21 07:00:00-04:00,0.7,0.71,1.43,MMM
2003-01-21 07:00:00-05:00,0.64,0.65,0.78,MMM
2002-10-21 07:00:00-04:00,0.69,0.69,0.26,MMM
2002-07-22 07:00:00-04:00,0.66,0.68,2.37,MMM
2002-04-22 07:00:00-04:00,0.6,0.62,3.13,MMM
2002-01-23 08:00:00-05:00,0.49,0.49,0.75,MMM
2026-10-29 08:00:00-04:00,1.51,,,MO
2026-07-30 07:00:00-04:00,1.5,1.48,-1.17,MO
2026-04-30 07:00:00-04:00,1.25,1.32,5.92,MO
2026-01-29 07:00:00-05:00,1.32,1.3,-1.33,MO
2025-10-30 07:00:00-04:00,1.45,1.45,0.13,MO
2025-07-30 07:00:00-04:00,1.38,1.44,3.99,MO
2025-04-29 07:00:00-04:00,1.19,1.23,3.52,MO
2025-01-30 07:00:00-05:00,1.28,1.29,0.85,MO
2024-10-31 07:00:00-04:00,1.35,1.38,2.25,MO
2024-07-31 07:00:00-04:00,1.34,1.31,-2.56,MO
2024-04-25 07:00:00-04:00,1.15,1.15,-0.06,MO
2024-02-01 07:00:00-05:00,1.18,1.18,0.41,MO
2023-10-26 07:00:00-04:00,1.3,1.28,-1.25,MO
2023-08-01 07:00:00-04:00,1.3,1.31,0.77,MO
2023-04-27 07:00:00-04:00,1.17,1.18,0.51,MO
2023-02-01 07:00:00-05:00,1.16,1.18,1.79,MO
2022-10-27 07:00:00-04:00,1.3,1.28,-1.82,MO
2022-07-28 07:00:00-04:00,1.25,1.26,0.77,MO
2022-04-28 07:00:00-04:00,1.09,1.12,2.52,MO
2022-01-27 07:00:00-05:00,1.08,1.09,0.64,MO
2021-10-28 07:00:00-04:00,1.26,1.22,-3.01,MO
2021-07-29 07:00:00-04:00,1.17,1.23,4.73,MO
2021-04-29 07:00:00-04:00,1.05,1.07,2.08,MO
2021-01-28 07:00:00-05:00,1.02,0.99,-2.85,MO
2020-10-30 07:00:00-04:00,1.16,1.19,2.89,MO
2020-07-28 07:00:00-04:00,1.06,1.09,2.85,MO
2020-04-30 07:00:00-04:00,0.99,1.09,10.36,MO
2020-01-30 07:00:00-05:00,1.02,1.02,-0.05,MO
2019-10-31 07:00:00-04:00,1.15,1.19,3.88,MO
2019-07-30 07:00:00-04:00,1.1,1.1,-0.29,MO
2019-04-25 07:00:00-04:00,0.93,0.9,-2.95,MO
2019-01-31 07:00:00-05:00,0.95,0.95,0.07,MO
2018-10-25 07:00:00-04:00,1.06,1.08,1.48,MO
2018-07-26 07:00:00-04:00,1.0,1.01,0.87,MO
2018-04-26 07:00:00-04:00,0.92,0.95,2.81,MO
2018-02-01 07:00:00-05:00,0.8,0.91,13.38,MO
2017-10-26 07:00:00-04:00,0.87,0.9,2.92,MO
2017-07-27 07:00:00-04:00,0.86,0.85,-1.18,MO
2017-05-02 07:00:00-04:00,0.74,0.73,-0.95,MO
2017-02-01 07:00:00-05:00,0.67,0.68,1.77,MO
2016-10-27 07:00:00-04:00,0.81,0.82,1.86,MO
2016-07-27 07:00:00-04:00,0.8,0.81,1.54,MO
2016-04-28 07:00:00-04:00,0.68,0.72,5.42,MO
2016-01-28 07:00:00-05:00,0.68,0.67,-1.41,MO
2015-10-29 07:00:00-04:00,0.76,0.75,-0.68,MO
2015-07-29 07:00:00-04:00,0.71,0.74,3.66,MO
2015-04-23 07:00:00-04:00,0.62,0.63,1.17,MO
2015-01-30 07:00:00-05:00,0.66,0.66,-0.72,MO
2014-10-30 07:00:00-04:00,0.68,0.69,1.45,MO
2014-07-22 07:00:00-04:00,0.66,0.65,-1.1,MO
2014-04-24 07:00:00-04:00,0.57,0.57,0.47,MO
2014-01-30 06:00:00-05:00,0.58,0.57,-2.18,MO
2013-10-24 06:00:00-04:00,0.64,0.65,2.21,MO
2013-07-23 07:00:00-04:00,0.63,0.62,-1.59,MO
2013-04-25 07:00:00-04:00,0.53,0.54,2.4,MO
2013-01-31 06:00:00-05:00,0.54,0.55,1.04,MO
2012-10-25 07:00:00-04:00,0.58,0.58,0.61,MO
2012-07-24 06:00:00-04:00,0.57,0.59,3.36,MO
2012-04-26 06:00:00-04:00,0.49,0.49,0.28,MO
2012-01-27 06:00:00-05:00,0.49,0.5,2.91,MO
2011-10-27 06:00:00-04:00,0.56,0.56,-0.5,MO
2011-07-20 07:00:00-04:00,0.53,0.53,-0.19,MO
2011-04-20 06:00:00-04:00,0.44,0.44,0.34,MO
2011-01-27 06:00:00-05:00,0.44,0.44,-1.01,MO
2010-10-20 06:00:00-04:00,0.52,0.54,3.76,MO
2010-07-21 06:00:00-04:00,0.5,0.5,0.33,MO
2010-04-21 06:00:00-04:00,0.41,0.42,3.37,MO
2010-01-28 06:00:00-05:00,0.4,0.39,-1.27,MO
2009-10-21 06:00:00-04:00,0.46,0.48,3.67,MO
2009-07-22 06:00:00-04:00,0.47,0.5,6.67,MO
2009-04-22 06:00:00-04:00,0.38,0.39,1.68,MO
2009-01-29 06:00:00-05:00,0.37,0.37,-0.27,MO
2008-10-23 06:00:00-04:00,0.44,0.46,4.07,MO
2008-07-31 06:00:00-04:00,0.45,0.46,1.61,MO
2008-04-24 16:00:00-04:00,0.37,0.37,1.37,MO
2008-01-30 10:00:00-05:00,0.98,1.0,2.39,MO
2007-10-17 06:00:00-04:00,1.14,1.21,6.14,MO
2007-07-18 06:00:00-04:00,1.13,1.15,1.68,MO
2007-04-19 06:00:00-04:00,1.05,1.03,-1.59,MO
2007-01-31 11:00:00-05:00,1.22,1.27,3.71,MO
2006-10-25 08:00:00-04:00,1.41,1.39,-1.21,MO
2006-07-25 06:00:00-04:00,1.37,1.41,2.92,MO
2006-04-20 06:00:00-04:00,1.26,1.28,1.19,MO
2006-01-31 06:00:00-05:00,1.17,1.17,0.26,MO
2005-10-19 06:00:00-04:00,1.33,1.37,3.32,MO
2005-07-20 06:00:00-04:00,1.34,1.32,-1.16,MO
2005-04-20 06:00:00-04:00,1.22,1.24,1.31,MO
2005-01-26 11:00:00-05:00,1.06,1.08,2.25,MO
2004-10-19 07:00:00-04:00,1.25,1.24,-1.01,MO
2004-07-20 07:00:00-04:00,1.28,1.25,-2.11,MO
2004-04-20 07:00:00-04:00,1.13,1.16,2.29,MO
2004-01-28 11:00:00-05:00,1.06,1.06,,MO
2003-10-16 07:00:00-04:00,1.22,1.23,1.23,MO
2003-07-17 07:00:00-04:00,1.19,1.26,5.7,MO
2003-04-16 07:00:00-04:00,1.07,1.07,0.16,MO
2003-01-29 11:00:00-05:00,0.92,0.93,0.76,MO
2002-10-17 07:00:00-04:00,1.26,1.26,,MO
2002-07-18 07:00:00-04:00,1.24,1.24,0.08,MO
2002-04-17 08:00:00-04:00,1.13,1.14,0.62,MO
2002-01-30 11:00:00-05:00,0.99,0.99,-0.4,MO
2026-11-03 07:00:00-05:00,23.32,,,MPC
2026-08-04 06:00:00-04:00,13.95,17.73,27.08,MPC
2026-05-05 06:00:00-04:00,0.75,1.65,120.63,MPC
2026-02-03 06:00:00-05:00,2.71,4.07,50.13,MPC
2025-11-04 06:00:00-05:00,3.16,3.01,-4.86,MPC
2025-08-05 06:00:00-04:00,3.22,3.96,22.98,MPC
2025-05-06 06:00:00-04:00,-0.54,-0.24,55.78,MPC
2025-02-04 06:00:00-05:00,0.02,0.77,3730.85,MPC
2024-11-05 06:00:00-05:00,1.09,1.87,71.91,MPC
2024-08-06 06:00:00-04:00,3.09,4.12,33.32,MPC
2024-04-30 06:00:00-04:00,2.58,2.58,-0.15,MPC
2024-01-30 06:00:00-05:00,2.22,3.98,79.18,MPC
2023-10-31 06:00:00-04:00,7.75,8.14,5.06,MPC
2023-08-01 06:00:00-04:00,4.59,5.32,15.98,MPC
2023-05-02 06:00:00-04:00,5.6,6.09,8.66,MPC
2023-01-31 06:00:00-05:00,5.63,6.65,18.14,MPC
2022-11-01 06:00:00-04:00,7.02,7.81,11.21,MPC
2022-08-02 06:00:00-04:00,8.5,10.61,24.89,MPC
2022-05-03 06:00:00-04:00,1.28,1.45,13.58,MPC
2022-02-02 06:00:00-05:00,0.56,1.3,131.38,MPC
2021-11-02 06:00:00-04:00,0.7,0.73,4.06,MPC
2021-08-04 06:00:00-04:00,0.38,0.67,76.07,MPC
2021-05-04 06:00:00-04:00,-0.71,-0.2,71.74,MPC
2021-02-02 06:00:00-05:00,-1.24,-0.94,24.35,MPC
2020-11-02 06:00:00-05:00,-1.74,-1.0,42.47,MPC
2020-08-03 06:00:00-04:00,-1.76,-1.33,24.32,MPC
2020-05-05 07:00:00-04:00,-0.27,-0.16,41.38,MPC
2020-01-29 06:00:00-05:00,0.85,1.56,83.85,MPC
2019-10-31 06:00:00-04:00,1.33,1.63,22.21,MPC
2019-08-01 06:00:00-04:00,1.33,1.73,30.22,MPC
2019-05-08 06:00:00-04:00,-0.01,-0.09,-981.73,MPC
2019-02-07 06:00:00-05:00,1.94,2.41,23.96,MPC
2018-11-01 06:00:00-04:00,1.7,1.7,0.14,MPC
2018-07-26 07:00:00-04:00,2.04,2.27,11.21,MPC
2018-04-30 06:00:00-04:00,0.13,0.08,-36.63,MPC
2018-02-01 06:00:00-05:00,0.99,1.03,3.97,MPC
2017-10-26 06:00:00-04:00,1.48,1.77,20.07,MPC
2017-07-27 06:00:00-04:00,1.06,1.03,-2.86,MPC
2017-04-27 06:00:00-04:00,-0.04,0.06,238.25,MPC
2017-02-01 06:00:00-05:00,0.27,0.43,61.1,MPC
2016-10-27 06:00:00-04:00,0.81,0.58,-28.06,MPC
2016-07-28 06:00:00-04:00,0.98,1.07,9.7,MPC
2016-04-28 06:00:00-04:00,0.16,0.06,-59.46,MPC
2016-02-03 06:00:00-05:00,0.69,0.79,14.23,MPC
2015-10-29 07:00:00-04:00,1.81,1.94,6.99,MPC
2015-07-30 07:00:00-04:00,1.75,1.52,-13.13,MPC
2015-04-30 07:00:00-04:00,1.43,1.62,13.32,MPC
2015-02-04 07:00:00-05:00,0.73,1.14,55.25,MPC
2014-10-30 07:00:00-04:00,1.14,1.21,6.22,MPC
2014-07-31 07:00:00-04:00,1.08,1.48,36.97,MPC
2014-05-01 07:00:00-04:00,0.53,0.41,-22.94,MPC
2014-01-29 07:00:00-05:00,0.57,1.05,84.2,MPC
2013-10-31 07:00:00-04:00,0.34,0.3,-13.13,MPC
2013-08-01 07:00:00-04:00,0.95,0.98,2.35,MPC
2013-04-30 07:00:00-04:00,1.08,1.09,0.89,MPC
2013-01-30 07:00:00-05:00,1.02,1.13,11.2,MPC
2012-11-01 07:00:00-04:00,1.59,1.66,4.13,MPC
2012-07-31 07:00:00-04:00,1.23,1.26,2.84,MPC
2012-05-01 07:00:00-04:00,0.66,0.85,28.87,MPC
2012-02-01 07:00:00-05:00,0.06,-0.1,-277.97,MPC
2011-11-01 07:00:00-04:00,1.25,1.58,25.93,MPC
2011-08-02 08:00:00-04:00,0.98,1.15,16.51,MPC
2026-10-29 08:00:00-04:00,2.15,,,MRK
2026-08-04 06:00:00-04:00,-0.26,-0.13,49.43,MRK
2026-04-30 06:00:00-04:00,-1.47,-1.28,13.15,MRK
2026-02-03 06:00:00-05:00,2.01,2.04,1.47,MRK
2025-10-30 06:00:00-04:00,2.35,2.58,9.85,MRK
2025-07-29 06:00:00-04:00,2.03,2.13,5.04,MRK
2025-04-24 06:00:00-04:00,2.14,2.22,3.98,MRK
2025-02-04 06:00:00-05:00,1.67,1.72,3.3,MRK
2024-10-31 06:00:00-04:00,1.57,1.57,0.03,MRK
2024-07-30 06:00:00-04:00,2.14,2.28,6.31,MRK
2024-04-25 06:00:00-04:00,1.92,2.07,7.74,MRK
2024-02-01 06:00:00-05:00,-0.11,0.03,127.48,MRK
2023-10-26 06:00:00-04:00,1.95,2.13,9.51,MRK
2023-08-01 06:00:00-04:00,-2.18,-2.06,5.41,MRK
2023-04-27 06:00:00-04:00,1.34,1.4,4.76,MRK
2023-02-02 06:00:00-05:00,1.54,1.62,5.36,MRK
2022-10-27 06:00:00-04:00,1.71,1.85,8.28,MRK
2022-07-28 06:00:00-04:00,1.71,1.87,9.57,MRK
2022-04-28 06:00:00-04:00,1.83,2.14,17.11,MRK
2022-02-03 06:00:00-05:00,1.52,1.8,18.08,MRK
2021-10-28 06:00:00-04:00,1.55,1.75,12.58,MRK
2021-07-29 06:00:00-04:00,1.35,1.31,-2.85,MRK
2021-04-29 06:00:00-04:00,1.61,1.4,-13.23,MRK
2021-02-04 06:00:00-05:00,1.39,1.32,-4.9,MRK
2020-10-27 06:00:00-04:00,1.43,1.74,21.32,MRK
2020-07-31 06:00:00-04:00,1.09,1.37,25.84,MRK
2020-04-28 07:00:00-04:00,1.34,1.5,11.78,MRK
2020-02-05 06:00:00-05:00,1.15,1.16,1.15,MRK
2019-10-29 06:00:00-04:00,1.24,1.51,21.55,MRK
2019-07-30 06:00:00-04:00,1.16,1.3,12.23,MRK
2019-04-30 06:00:00-04:00,1.05,1.22,15.84,MRK
2019-02-01 06:00:00-05:00,1.03,1.04,0.62,MRK
2018-10-25 06:00:00-04:00,1.14,1.19,4.31,MRK
2018-07-27 06:00:00-04:00,1.03,1.06,2.83,MRK
2018-05-01 06:00:00-04:00,1.0,1.05,5.46,MRK
2018-02-02 06:00:00-05:00,0.94,0.98,4.73,MRK
2017-10-27 06:00:00-04:00,1.03,1.11,7.6,MRK
2017-07-28 06:00:00-04:00,0.87,1.01,15.47,MRK
2017-05-02 06:00:00-04:00,0.83,0.88,5.87,MRK
2017-02-02 06:00:00-05:00,0.89,0.89,0.13,MRK
2016-10-25 06:00:00-04:00,0.99,1.07,8.21,MRK
2016-07-29 06:00:00-04:00,0.91,0.93,2.14,MRK
2016-05-05 06:00:00-04:00,0.85,0.89,4.58,MRK
2016-02-03 06:00:00-05:00,0.91,0.93,1.94,MRK
2015-10-27 06:00:00-04:00,0.92,0.96,4.75,MRK
2015-07-28 07:00:00-04:00,0.81,0.86,6.12,MRK
2015-04-28 07:00:00-04:00,0.75,0.85,13.74,MRK
2015-02-04 07:00:00-05:00,0.86,0.87,1.59,MRK
2014-10-27 07:00:00-04:00,0.88,0.9,2.45,MRK
2014-07-29 06:00:00-04:00,0.81,0.85,4.9,MRK
2014-04-29 07:00:00-04:00,0.79,0.88,11.03,MRK
2014-02-05 07:00:00-05:00,0.89,0.88,-1.11,MRK
2013-10-28 07:00:00-04:00,0.88,0.92,4.92,MRK
2013-07-30 07:00:00-04:00,0.82,0.84,1.86,MRK
2013-05-01 07:00:00-04:00,0.79,0.85,7.3,MRK
2013-02-01 07:00:00-05:00,0.81,0.83,2.54,MRK
2012-10-26 07:00:00-04:00,0.92,0.95,2.77,MRK
2012-07-27 07:00:00-04:00,1.02,1.05,3.33,MRK
2012-04-27 07:00:00-04:00,0.98,0.99,1.13,MRK
2012-02-02 07:00:00-05:00,0.95,0.97,2.0,MRK
2011-10-28 07:00:00-04:00,0.91,0.94,3.2,MRK
2011-07-29 07:00:00-04:00,0.94,0.95,0.61,MRK
2011-04-29 07:00:00-04:00,0.84,0.92,9.38,MRK
2011-02-03 07:00:00-05:00,0.83,0.88,5.69,MRK
2010-10-29 07:00:00-04:00,0.83,0.85,2.76,MRK
2010-07-30 12:00:00-04:00,0.83,0.86,4.16,MRK
2010-05-04 06:00:00-04:00,0.76,0.83,9.92,MRK
2010-02-16 07:00:00-05:00,0.78,0.79,1.21,MRK
2009-10-22 07:00:00-04:00,0.82,0.9,9.33,MRK
2009-07-21 07:00:00-04:00,0.77,0.83,7.43,MRK
2009-04-21 07:00:00-04:00,0.78,0.74,-5.37,MRK
2009-02-03 07:00:00-05:00,0.74,0.87,17.17,MRK
2008-10-22 07:00:00-04:00,0.79,0.8,1.52,MRK
2008-07-21 16:00:00-04:00,0.83,0.86,3.61,MRK
2008-04-21 07:00:00-04:00,0.86,0.89,3.13,MRK
2008-01-30 07:00:00-05:00,0.73,0.8,9.44,MRK
2007-10-22 07:00:00-04:00,0.69,0.75,9.33,MRK
2007-07-23 07:00:00-04:00,0.72,0.82,13.89,MRK
2007-04-19 07:00:00-04:00,0.75,0.84,12.5,MRK
2007-01-30 07:00:00-05:00,0.51,0.5,-2.21,MRK
2006-10-20 07:00:00-04:00,0.5,0.51,1.8,MRK
2006-07-24 07:00:00-04:00,0.65,0.73,11.62,MRK
2006-04-20 07:00:00-04:00,0.73,0.78,6.56,MRK
2006-01-31 07:00:00-05:00,0.62,0.64,3.14,MRK
2005-10-24 07:00:00-04:00,0.62,0.67,7.39,MRK
2005-07-21 07:00:00-04:00,0.62,0.62,-0.23,MRK
2005-04-21 07:00:00-04:00,0.59,0.62,4.92,MRK
2005-01-25 07:00:00-05:00,0.5,0.5,-0.2,MRK
2004-10-21 07:00:00-04:00,0.73,0.6,-17.71,MRK
2004-07-21 07:00:00-04:00,0.79,0.8,1.07,MRK
2004-04-22 07:00:00-04:00,0.72,0.73,1.19,MRK
2004-01-27 07:00:00-05:00,0.62,0.62,0.65,MRK
2003-10-22 07:00:00-04:00,0.85,0.83,-1.78,MRK
2003-07-21 07:00:00-04:00,0.84,0.83,-0.6,MRK
2003-04-21 07:00:00-04:00,0.76,0.76,0.5,MRK
2003-01-28 07:00:00-05:00,0.83,0.83,0.61,MRK
2002-10-18 08:00:00-04:00,0.83,0.83,0.36,MRK
2002-07-19 08:00:00-04:00,0.77,0.77,0.65,MRK
2002-04-18 07:00:00-04:00,0.71,0.71,0.57,MRK
2002-01-22 07:00:00-05:00,0.81,0.81,0.41,MRK
2026-11-05 07:00:00-05:00,-1.27,,,MRNA
2026-07-31 07:00:00-04:00,-2.06,-1.97,4.33,MRNA
2026-04-30 20:00:00-04:00,-3.88,-3.4,12.37,MRNA
2026-02-13 07:00:00-05:00,-2.64,-2.11,20.18,MRNA
2025-11-06 07:00:00-05:00,-2.16,-0.51,76.42,MRNA
2025-08-01 07:00:00-04:00,-3.0,-2.13,28.96,MRNA
2025-05-01 06:00:00-04:00,-3.11,-2.52,18.89,MRNA
2025-02-14 06:00:00-05:00,-2.73,-2.91,-6.65,MRNA
2024-11-07 06:00:00-05:00,-1.94,0.03,101.55,MRNA
2024-08-01 06:00:00-04:00,-3.35,-3.33,0.65,MRNA
2024-05-02 06:00:00-04:00,-3.57,-3.07,14.06,MRNA
2024-02-22 06:00:00-05:00,-0.99,0.55,155.57,MRNA
2023-11-02 06:00:00-04:00,-2.05,-9.53,-364.44,MRNA
2023-08-03 06:00:00-04:00,-4.12,-3.62,12.16,MRNA
2023-05-04 16:00:00-04:00,-1.73,0.19,111.0,MRNA
2023-02-23 07:00:00-05:00,4.6,3.61,-21.5,MRNA
2022-11-03 07:00:00-04:00,3.11,2.53,-18.61,MRNA
2022-08-03 07:00:00-04:00,4.49,5.24,16.64,MRNA
2022-05-04 06:00:00-04:00,5.62,8.58,52.59,MRNA
2022-02-24 06:00:00-05:00,9.81,11.29,15.11,MRNA
2021-11-04 07:00:00-04:00,9.42,7.7,-18.26,MRNA
2021-08-05 06:00:00-04:00,5.86,6.46,10.31,MRNA
2021-05-06 07:00:00-04:00,2.47,2.84,15.12,MRNA
2021-02-25 07:00:00-05:00,-0.36,-0.69,-89.56,MRNA
2020-10-29 07:00:00-04:00,-0.37,-0.59,-60.42,MRNA
2020-08-05 07:00:00-04:00,-0.36,-0.31,14.6,MRNA
2020-05-07 08:00:00-04:00,-0.36,-0.35,3.78,MRNA
2020-02-26 07:00:00-05:00,-0.42,-0.37,12.22,MRNA
2019-11-06 16:00:00-05:00,-0.44,-0.37,15.64,MRNA
2019-08-08 16:00:00-04:00,-0.45,-0.41,8.87,MRNA
2019-05-09 16:00:00-04:00,-0.36,-0.4,-9.73,MRNA
2019-03-13 16:00:00-04:00,-0.36,-0.44,-22.99,MRNA
2026-12-01 15:00:00-05:00,1.1,,,MRVL
2026-08-27 16:00:00-04:00,0.93,0.94,0.99,MRVL
2026-05-27 16:00:00-04:00,0.79,0.8,0.64,MRVL
2026-03-05 16:00:00-05:00,0.79,0.8,1.05,MRVL
2025-12-02 16:00:00-05:00,0.74,0.76,3.01,MRVL
2025-08-28 16:00:00-04:00,0.67,0.67,-0.51,MRVL
2025-05-29 16:00:00-04:00,0.61,0.62,1.11,MRVL
2025-03-05 16:00:00-05:00,0.59,0.6,1.57,MRVL
2024-12-03 16:00:00-05:00,0.41,0.43,5.53,MRVL
2024-08-29 16:00:00-04:00,0.29,0.3,2.28,MRVL
2024-05-30 16:00:00-04:00,0.24,0.24,0.7,MRVL
2024-03-07 16:00:00-05:00,0.46,0.46,-0.82,MRVL
2023-11-30 16:00:00-05:00,0.4,0.41,2.21,MRVL
2023-08-24 16:00:00-04:00,0.32,0.33,1.93,MRVL
2023-05-25 16:00:00-04:00,0.29,0.31,5.76,MRVL
2023-03-02 16:00:00-05:00,0.47,0.46,-1.8,MRVL
2022-12-01 16:00:00-05:00,0.59,0.57,-3.03,MRVL
2022-08-25 16:00:00-04:00,0.56,0.57,0.9,MRVL
2022-05-26 16:00:00-04:00,0.51,0.52,1.34,MRVL
2022-03-03 16:00:00-05:00,0.48,0.5,3.55,MRVL
2021-12-02 16:00:00-05:00,0.38,0.43,12.15,MRVL
2021-08-26 16:00:00-04:00,0.31,0.34,8.46,MRVL
2021-06-07 16:00:00-04:00,0.27,0.29,6.21,MRVL
2021-03-03 16:00:00-05:00,0.29,0.29,-0.37,MRVL
2020-12-03 16:00:00-05:00,0.25,0.25,0.06,MRVL
2020-08-27 16:00:00-04:00,0.2,0.21,3.88,MRVL
2020-05-28 16:00:00-04:00,0.14,0.18,26.79,MRVL
2020-03-04 16:00:00-05:00,0.16,0.17,4.65,MRVL
2019-12-03 16:00:00-05:00,0.17,0.17,-1.07,MRVL
2019-08-29 16:00:00-04:00,0.15,0.16,5.72,MRVL
2019-05-30 16:00:00-04:00,0.14,0.16,10.96,MRVL
2019-03-07 16:00:00-05:00,0.26,0.25,-2.89,MRVL
2018-12-04 16:00:00-05:00,0.32,0.33,3.58,MRVL
2018-09-06 16:00:00-04:00,0.35,0.28,-19.23,MRVL
2018-05-31 16:00:00-04:00,0.31,0.32,2.58,MRVL
2018-03-08 16:00:00-05:00,0.31,0.32,2.66,MRVL
2017-11-28 16:00:00-05:00,0.33,0.34,4.16,MRVL
2017-08-24 16:00:00-04:00,0.28,0.3,6.94,MRVL
2017-05-25 16:00:00-04:00,0.21,0.24,12.6,MRVL
2017-03-02 16:00:00-05:00,0.19,0.22,14.94,MRVL
2016-11-17 16:00:00-05:00,0.12,0.2,67.9,MRVL
2016-09-06 06:00:00-04:00,0.11,0.18,61.99,MRVL
2016-07-27 16:00:00-04:00,0.07,0.01,-84.63,MRVL
2016-07-19 16:00:00-04:00,0.09,0.11,17.31,MRVL
2015-12-07 08:00:00-05:00,0.11,0.12,9.91,MRVL
2015-12-07 08:00:00-05:00,0.14,0.05,-63.89,MRVL
2015-05-21 16:00:00-04:00,0.11,0.13,22.57,MRVL
2015-02-19 16:00:00-05:00,0.24,0.25,3.69,MRVL
2014-11-20 16:00:00-05:00,0.29,0.29,,MRVL
2014-08-21 16:00:00-04:00,0.28,0.34,20.89,MRVL
2014-05-22 16:00:00-04:00,0.22,0.27,20.56,MRVL
2014-02-20 16:00:00-05:00,0.25,0.29,13.9,MRVL
2013-11-21 16:00:00-05:00,0.25,0.32,27.0,MRVL
2013-08-22 16:00:00-04:00,0.19,0.23,19.57,MRVL
2013-05-23 16:00:00-04:00,0.14,0.19,35.16,MRVL
2013-02-21 16:00:00-05:00,0.13,0.19,43.4,MRVL
2012-11-15 16:00:00-05:00,0.19,0.2,4.15,MRVL
2012-08-16 16:00:00-04:00,0.26,0.24,-8.02,MRVL
2012-05-17 16:00:00-04:00,0.2,0.23,16.16,MRVL
2012-02-23 16:00:00-05:00,0.17,0.21,23.67,MRVL
2011-11-17 16:00:00-05:00,0.39,0.4,3.69,MRVL
2011-08-18 16:00:00-04:00,0.37,0.38,3.6,MRVL
2011-05-26 16:00:00-04:00,0.3,0.29,-3.92,MRVL
2011-03-03 16:00:00-05:00,0.41,0.4,-3.09,MRVL
2010-11-18 16:00:00-05:00,0.42,0.45,6.17,MRVL
2010-08-19 16:00:00-04:00,0.38,0.4,4.49,MRVL
2010-05-20 16:00:00-04:00,0.37,0.38,4.02,MRVL
2010-03-04 16:00:00-05:00,0.36,0.4,11.54,MRVL
2009-12-03 16:00:00-05:00,0.26,0.35,33.1,MRVL
2009-08-27 16:00:00-04:00,0.14,0.18,24.14,MRVL
2009-05-28 16:00:00-04:00,0.05,0.05,3.31,MRVL
2009-03-05 16:00:00-05:00,,0.05,1099.04,MRVL
2008-12-02 16:00:00-05:00,0.21,0.23,11.25,MRVL
2008-08-28 16:00:00-04:00,0.21,0.24,12.15,MRVL
2008-05-29 16:00:00-04:00,0.13,0.24,88.98,MRVL
2008-03-06 16:00:00-05:00,0.11,0.2,78.57,MRVL
2007-11-27 16:00:00-05:00,0.08,0.14,69.94,MRVL
2007-08-23 16:00:00-04:00,0.06,0.06,-5.03,MRVL
2007-07-09 11:00:00-04:00,0.07,0.05,-22.44,MRVL
2007-07-02 16:00:00-04:00,0.07,0.17,133.52,MRVL
2007-07-02 16:00:00-04:00,0.13,0.06,-50.39,MRVL
2007-07-02 16:00:00-04:00,0.22,0.18,-17.81,MRVL
2006-05-18 16:00:00-04:00,0.21,0.22,3.77,MRVL
2006-02-23 16:00:00-05:00,0.21,0.21,1.45,MRVL
2005-11-17 16:00:00-05:00,0.17,0.18,7.78,MRVL
2005-08-18 16:00:00-04:00,0.14,0.16,6.9,MRVL
2005-05-19 16:00:00-04:00,0.13,0.14,8.0,MRVL
2005-02-24 16:00:00-05:00,0.12,0.12,3.45,MRVL
2004-11-18 16:00:00-05:00,0.11,0.11,4.37,MRVL
2004-08-19 16:00:00-04:00,0.1,0.1,-2.76,MRVL
2004-05-20 16:00:00-04:00,0.08,0.09,6.25,MRVL
2004-02-26 16:00:00-05:00,0.07,0.07,4.29,MRVL
2003-11-19 16:00:00-05:00,0.06,0.06,3.28,MRVL
2003-08-21 16:00:00-04:00,0.05,0.06,3.23,MRVL
2003-05-22 16:00:00-04:00,0.04,0.05,11.63,MRVL
2003-02-27 16:00:00-05:00,0.04,0.04,-2.44,MRVL
2002-11-21 16:00:00-05:00,0.03,0.04,6.06,MRVL
2002-08-22 16:00:00-04:00,0.02,0.03,21.74,MRVL
2002-05-23 16:00:00-04:00,0.02,0.02,11.11,MRVL
2002-02-28 16:00:00-05:00,0.01,0.02,15.38,MRVL
2026-10-14 08:00:00-04:00,2.97,,,MS
2026-07-15 07:00:00-04:00,2.93,3.46,17.94,MS
2026-04-15 07:00:00-04:00,3.02,3.43,13.61,MS
2026-01-15 07:00:00-05:00,2.45,2.68,9.41,MS
2025-10-15 07:00:00-04:00,2.11,2.8,32.63,MS
2025-07-16 07:00:00-04:00,1.98,2.13,7.46,MS
2025-04-11 07:00:00-04:00,2.21,2.6,17.68,MS
2025-01-16 08:00:00-05:00,1.69,2.22,31.4,MS
2024-10-16 07:00:00-04:00,1.58,1.88,18.96,MS
2024-07-16 07:00:00-04:00,1.65,1.82,10.16,MS
2024-04-16 07:00:00-04:00,1.65,2.02,22.45,MS
2024-01-16 07:00:00-05:00,1.03,0.85,-17.84,MS
2023-10-18 07:00:00-04:00,1.29,1.38,6.75,MS
2023-07-18 07:00:00-04:00,1.21,1.44,18.95,MS
2023-04-19 07:00:00-04:00,1.66,1.74,4.91,MS
2023-01-17 08:00:00-05:00,1.29,1.31,1.36,MS
2022-10-14 07:00:00-04:00,1.51,1.47,-2.82,MS
2022-07-14 07:00:00-04:00,1.6,1.53,-4.14,MS
2022-04-14 07:00:00-04:00,1.72,2.06,19.7,MS
2022-01-19 07:00:00-05:00,1.96,2.08,5.94,MS
2021-10-14 07:00:00-04:00,1.68,2.04,21.62,MS
2021-07-15 07:00:00-04:00,1.65,1.85,11.92,MS
2021-04-16 07:00:00-04:00,1.71,2.19,27.86,MS
2021-01-20 07:00:00-05:00,1.28,1.92,49.99,MS
2020-10-15 07:00:00-04:00,1.26,1.66,31.36,MS
2020-07-16 07:00:00-04:00,1.11,1.96,76.33,MS
2020-04-16 08:00:00-04:00,1.08,0.99,-8.69,MS
2020-01-16 07:00:00-05:00,1.0,1.3,30.2,MS
2019-10-17 07:00:00-04:00,1.11,1.27,14.84,MS
2019-07-18 07:00:00-04:00,1.16,1.23,6.28,MS
2019-04-17 07:00:00-04:00,1.17,1.39,18.47,MS
2019-01-17 07:00:00-05:00,0.89,0.8,-10.03,MS
2018-10-16 06:00:00-04:00,1.02,1.17,14.31,MS
2018-07-18 06:00:00-04:00,1.1,1.25,13.26,MS
2018-04-18 06:00:00-04:00,1.25,1.45,16.06,MS
2018-01-18 06:00:00-05:00,0.78,0.84,7.58,MS
2017-10-17 06:00:00-04:00,0.81,0.93,15.12,MS
2017-07-19 06:00:00-04:00,0.77,0.87,12.66,MS
2017-04-19 06:00:00-04:00,0.9,1.0,11.32,MS
2017-01-17 06:00:00-05:00,0.65,0.81,25.07,MS
2016-10-19 06:00:00-04:00,0.63,0.8,27.23,MS
2016-07-20 06:00:00-04:00,0.59,0.75,26.06,MS
2016-04-18 06:00:00-04:00,0.49,0.55,12.77,MS
2016-01-19 06:00:00-05:00,0.3,0.39,28.84,MS
2015-10-19 06:00:00-04:00,0.64,0.48,-25.26,MS
2015-07-20 07:00:00-04:00,0.74,0.85,14.19,MS
2015-04-20 07:00:00-04:00,0.79,0.85,8.18,MS
2015-01-20 07:00:00-05:00,0.75,0.47,-37.33,MS
2014-10-17 07:00:00-04:00,0.55,0.84,54.02,MS
2014-07-17 07:00:00-04:00,0.55,0.94,71.08,MS
2014-04-17 06:00:00-04:00,0.6,0.68,13.6,MS
2014-01-17 07:00:00-05:00,0.45,0.5,11.35,MS
2013-10-18 07:00:00-04:00,0.41,0.5,21.25,MS
2013-07-18 07:00:00-04:00,0.45,0.45,-0.09,MS
2013-04-18 07:00:00-04:00,0.56,0.61,8.67,MS
2013-01-18 07:00:00-05:00,0.27,0.45,63.73,MS
2012-10-18 07:00:00-04:00,0.24,0.28,14.94,MS
2012-07-19 07:00:00-04:00,0.32,0.16,-50.68,MS
2012-04-19 07:00:00-04:00,0.45,0.71,59.03,MS
2012-01-19 07:00:00-05:00,-0.53,-0.14,73.69,MS
2011-10-19 07:00:00-04:00,0.31,1.15,273.55,MS
2011-07-21 07:00:00-04:00,-0.61,-0.38,37.91,MS
2011-04-21 07:00:00-04:00,0.37,0.5,34.33,MS
2011-01-20 07:00:00-05:00,0.49,0.41,-17.03,MS
2010-10-20 07:00:00-04:00,0.26,-0.07,-126.78,MS
2010-07-21 08:00:00-04:00,0.49,0.8,64.86,MS
2010-05-06 20:00:00-04:00,0.37,-0.57,-254.05,MS
2010-04-21 07:00:00-04:00,0.61,1.03,69.67,MS
2010-01-20 08:00:00-05:00,0.35,0.14,-59.89,MS
2009-10-21 08:00:00-04:00,0.27,0.38,39.2,MS
2009-07-22 08:00:00-04:00,-0.44,-1.37,-211.36,MS
2008-12-17 08:00:00-05:00,-0.18,-2.24,-1110.81,MS
2008-09-16 16:00:00-04:00,0.78,0.82,5.14,MS
2008-06-18 08:00:00-04:00,0.92,1.11,21.07,MS
2008-03-19 07:00:00-04:00,1.03,1.45,41.08,MS
2007-12-19 07:00:00-05:00,-0.39,-3.61,-814.97,MS
2007-09-19 07:00:00-04:00,1.44,1.38,-4.17,MS
2007-06-20 07:00:00-04:00,2.01,2.45,21.72,MS
2007-03-21 07:00:00-04:00,1.93,2.4,24.16,MS
2006-12-19 07:00:00-05:00,1.77,1.81,2.43,MS
2006-09-20 08:00:00-04:00,1.25,1.75,40.0,MS
2006-06-21 08:00:00-04:00,1.43,1.85,29.07,MS
2006-03-22 08:00:00-05:00,1.22,1.5,23.42,MS
2005-12-20 08:00:00-05:00,1.09,1.38,26.89,MS
2005-09-21 08:00:00-04:00,1.05,1.21,15.29,MS
2005-06-22 08:00:00-04:00,0.93,0.95,1.64,MS
2005-03-17 08:00:00-05:00,1.16,1.29,11.56,MS
2004-12-21 08:00:00-05:00,1.01,1.09,7.5,MS
2004-09-22 08:00:00-04:00,0.96,0.78,-18.7,MS
2004-06-22 08:00:00-04:00,1.06,1.1,4.27,MS
2004-03-18 08:00:00-05:00,0.95,1.11,16.35,MS
2003-12-18 08:00:00-05:00,0.9,0.94,4.79,MS
2003-09-23 08:00:00-04:00,0.7,0.83,19.28,MS
2003-06-18 08:00:00-04:00,0.68,0.55,-19.19,MS
2003-03-20 08:00:00-05:00,0.63,0.82,31.2,MS
2002-12-19 08:00:00-05:00,0.74,0.81,9.02,MS
2002-09-19 08:00:00-04:00,0.67,0.55,-17.72,MS
2002-06-19 08:00:00-04:00,0.72,0.72,,MS
2002-03-26 08:00:00-05:00,0.69,0.76,10.95,MS
2001-12-19 08:00:00-05:00,0.69,0.78,13.65,MS
2026-10-28 16:00:00-04:00,4.72,,,MSFT
2026-07-29 16:00:00-04:00,4.24,4.74,11.81,MSFT
2026-04-29 16:00:00-04:00,4.07,4.27,4.9,MSFT
2026-01-28 16:00:00-05:00,3.92,4.14,5.69,MSFT
2025-10-29 16:00:00-04:00,3.66,4.13,12.73,MSFT
2025-07-30 16:00:00-04:00,3.38,3.65,8.09,MSFT
2025-04-30 16:00:00-04:00,3.22,3.46,7.4,MSFT
2025-01-29 16:00:00-05:00,3.12,3.23,3.47,MSFT
2024-10-30 16:00:00-04:00,3.11,3.3,6.13,MSFT
2024-07-30 16:00:00-04:00,2.94,2.95,0.23,MSFT
2024-04-25 16:00:00-04:00,2.84,2.94,3.4,MSFT
2024-01-30 16:00:00-05:00,2.77,2.93,5.83,MSFT
2023-10-24 16:00:00-04:00,2.65,2.99,12.85,MSFT
2023-07-25 16:00:00-04:00,2.55,2.69,5.59,MSFT
2023-04-25 16:00:00-04:00,2.23,2.45,9.77,MSFT
2023-01-24 16:00:00-05:00,2.32,2.32,0.21,MSFT
2022-10-25 16:00:00-04:00,2.31,2.35,1.92,MSFT
2022-07-26 16:00:00-04:00,2.29,2.23,-2.69,MSFT
2022-04-26 16:00:00-04:00,2.2,2.22,1.06,MSFT
2022-01-25 16:00:00-05:00,2.32,2.48,6.97,MSFT
2021-10-26 16:00:00-04:00,2.08,2.27,9.3,MSFT
2021-07-27 16:00:00-04:00,1.93,2.17,12.71,MSFT
2021-04-27 16:00:00-04:00,1.78,1.95,9.67,MSFT
2021-01-26 16:00:00-05:00,1.64,2.03,23.99,MSFT
2020-10-27 16:00:00-04:00,1.55,1.82,17.72,MSFT
2020-07-22 16:00:00-04:00,1.37,1.46,6.42,MSFT
2020-04-29 16:00:00-04:00,1.27,1.4,10.34,MSFT
2020-01-29 16:00:00-05:00,1.32,1.51,13.96,MSFT
2019-10-23 16:00:00-04:00,1.24,1.38,10.98,MSFT
2019-07-18 16:00:00-04:00,1.21,1.37,12.88,MSFT
2019-04-24 16:00:00-04:00,1.0,1.14,14.17,MSFT
2019-01-30 16:00:00-05:00,1.09,1.1,0.82,MSFT
2018-10-24 16:00:00-04:00,0.97,1.14,18.12,MSFT
2018-07-19 16:00:00-04:00,1.08,1.13,4.84,MSFT
2018-04-26 16:00:00-04:00,0.85,0.95,11.74,MSFT
2018-01-31 16:00:00-05:00,0.87,0.96,10.93,MSFT
2017-10-26 16:00:00-04:00,0.73,0.84,15.42,MSFT
2017-07-20 16:00:00-04:00,0.71,0.98,38.72,MSFT
2017-04-27 16:00:00-04:00,0.7,0.73,4.67,MSFT
2017-01-26 16:00:00-05:00,0.79,0.84,6.98,MSFT
2016-10-20 16:00:00-04:00,0.68,0.76,11.39,MSFT
2016-07-19 16:00:00-04:00,0.58,0.69,18.18,MSFT
2016-04-21 16:00:00-04:00,0.64,0.62,-2.95,MSFT
2016-01-28 16:00:00-05:00,0.71,0.78,10.04,MSFT
2015-10-22 16:00:00-04:00,0.59,0.67,14.49,MSFT
2015-07-21 16:00:00-04:00,0.57,0.62,9.23,MSFT
2015-04-23 16:00:00-04:00,0.53,0.62,17.33,MSFT
2015-01-26 16:00:00-05:00,0.74,0.77,4.1,MSFT
2014-10-23 16:00:00-04:00,0.54,0.65,19.92,MSFT
2014-07-22 16:00:00-04:00,0.6,0.55,-8.35,MSFT
2014-04-24 16:00:00-04:00,0.63,0.68,8.17,MSFT
2014-01-23 16:00:00-05:00,0.68,0.78,14.36,MSFT
2013-10-24 16:00:00-04:00,0.54,0.62,13.99,MSFT
2013-07-18 16:00:00-04:00,0.74,0.66,-11.37,MSFT
2013-04-18 16:00:00-04:00,0.67,0.72,7.91,MSFT
2013-01-24 16:00:00-05:00,0.76,0.76,0.53,MSFT
2012-10-18 16:00:00-04:00,0.56,0.53,-5.69,MSFT
2012-07-19 16:00:00-04:00,0.62,0.73,18.08,MSFT
2012-04-19 16:00:00-04:00,0.58,0.6,2.86,MSFT
2012-01-19 16:00:00-05:00,0.76,0.78,3.15,MSFT
2011-10-20 16:00:00-04:00,0.68,0.68,0.28,MSFT
2011-07-21 16:00:00-04:00,0.58,0.69,19.41,MSFT
2011-04-28 16:00:00-04:00,0.56,0.61,9.61,MSFT
2011-01-27 19:00:00-05:00,0.68,0.77,12.95,MSFT
2010-10-28 16:00:00-04:00,0.55,0.62,13.02,MSFT
2010-07-22 16:00:00-04:00,0.46,0.51,9.87,MSFT
2010-04-22 15:00:00-04:00,0.42,0.45,6.15,MSFT
2010-01-28 16:00:00-05:00,0.59,0.74,25.26,MSFT
2009-10-23 08:00:00-04:00,0.32,0.4,24.85,MSFT
2009-07-23 16:00:00-04:00,0.36,0.36,-1.13,MSFT
2009-04-23 16:00:00-04:00,0.39,0.39,0.34,MSFT
2009-01-22 09:00:00-05:00,0.49,0.47,-4.68,MSFT
2008-10-23 16:00:00-04:00,0.47,0.48,1.94,MSFT
2008-07-17 16:00:00-04:00,0.47,0.46,-2.71,MSFT
2008-04-24 16:00:00-04:00,0.44,0.47,6.44,MSFT
2008-01-24 16:00:00-05:00,0.46,0.5,8.84,MSFT
2007-10-25 16:00:00-04:00,0.39,0.45,15.69,MSFT
2007-07-19 16:00:00-04:00,0.34,0.31,-8.42,MSFT
2007-04-26 16:00:00-04:00,0.46,0.5,9.18,MSFT
2007-01-25 16:00:00-05:00,0.24,0.26,9.86,MSFT
2006-10-26 16:00:00-04:00,0.31,0.35,12.9,MSFT
2006-07-20 16:00:00-04:00,0.3,0.31,3.1,MSFT
2006-04-27 16:00:00-04:00,0.33,0.32,-3.03,MSFT
2006-01-26 16:00:00-05:00,0.36,0.36,-0.44,MSFT
2005-10-27 16:00:00-04:00,0.34,0.34,1.23,MSFT
2005-07-21 16:00:00-04:00,0.31,0.33,7.22,MSFT
2005-04-28 16:00:00-04:00,0.32,0.32,0.82,MSFT
2005-01-27 16:00:00-05:00,0.33,0.35,6.42,MSFT
2004-10-21 16:00:00-04:00,0.3,0.31,2.55,MSFT
2004-07-22 16:00:00-04:00,0.28,0.28,-1.36,MSFT
2004-04-22 16:00:00-04:00,0.29,0.34,18.86,MSFT
2004-01-22 16:00:00-05:00,0.3,0.34,13.41,MSFT
2003-10-23 16:00:00-04:00,0.29,0.3,4.72,MSFT
2003-07-17 16:00:00-04:00,0.23,0.23,-1.66,MSFT
2003-04-15 16:00:00-04:00,0.23,0.26,12.08,MSFT
2003-01-16 16:00:00-05:00,0.23,0.27,16.26,MSFT
2002-10-17 16:00:00-04:00,0.21,0.28,31.67,MSFT
2002-07-18 16:00:00-04:00,0.21,0.21,,MSFT
2002-04-18 16:00:00-04:00,0.25,0.25,-2.94,MSFT
2002-01-17 16:00:00-05:00,0.22,0.25,13.73,MSFT
2026-10-29 16:00:00-04:00,13.13,,,MSTR
2026-07-30 16:00:00-04:00,3.07,-24.45,-895.3,MSTR
2026-05-05 16:00:00-04:00,-15.33,-38.25,-149.58,MSTR
2026-02-05 16:00:00-05:00,-20.99,-42.93,-104.53,MSTR
2025-10-30 16:00:00-04:00,9.67,8.42,-12.95,MSTR
2025-07-31 16:00:00-04:00,21.48,32.52,51.4,MSTR
2025-05-01 16:00:00-04:00,-0.02,-16.53,-70752.98,MSTR
2025-02-05 16:00:00-05:00,0.06,-3.2,-5433.33,MSTR
2024-10-30 16:00:00-04:00,-0.02,-1.56,-9354.55,MSTR
2024-08-01 16:00:00-04:00,-0.02,-0.76,-3444.19,MSTR
2024-04-29 16:00:00-04:00,-0.08,-0.31,-306.58,MSTR
2024-02-06 16:00:00-05:00,0.02,0.56,2534.79,MSTR
2023-11-01 16:00:00-04:00,-0.06,-1.01,-1670.18,MSTR
2023-08-01 16:00:00-04:00,-0.05,0.15,392.31,MSTR
2023-05-01 16:00:00-04:00,-0.13,3.18,2564.34,MSTR
2023-02-02 16:00:00-05:00,0.1,-2.05,-2185.83,MSTR
2022-11-01 16:00:00-04:00,0.1,-0.1,-194.12,MSTR
2022-08-02 16:00:00-04:00,-0.08,-9.28,-10883.43,MSTR
2022-05-03 16:00:00-04:00,-0.21,-1.04,-397.37,MSTR
2022-02-01 16:00:00-05:00,0.15,-0.01,-105.93,MSTR
2021-10-28 16:00:00-04:00,0.06,-0.36,-733.33,MSTR
2021-07-29 16:00:00-04:00,0.1,0.17,71.14,MSTR
2021-04-29 16:00:00-04:00,0.05,0.15,218.64,MSTR
2021-01-28 16:00:00-05:00,0.16,0.03,-83.29,MSTR
2020-10-27 16:00:00-04:00,0.04,-0.15,-477.36,MSTR
2020-07-28 16:00:00-04:00,0.04,0.04,-12.5,MSTR
2020-04-28 17:00:00-04:00,0.02,0.01,-63.31,MSTR
2020-01-28 16:00:00-05:00,0.08,0.12,43.03,MSTR
2019-10-29 16:00:00-04:00,0.07,0.09,42.08,MSTR
2019-07-30 16:00:00-04:00,0.02,-0.01,-166.38,MSTR
2019-04-30 16:00:00-04:00,,-0.08,-1465.04,MSTR
2019-01-29 16:00:00-05:00,0.1,0.03,-70.43,MSTR
2018-10-25 16:00:00-04:00,0.07,0.08,21.45,MSTR
2018-07-26 16:00:00-04:00,0.02,0.04,172.55,MSTR
2018-04-26 16:00:00-04:00,0.05,0.02,-71.72,MSTR
2018-01-25 16:00:00-05:00,0.12,0.16,27.72,MSTR
2017-10-26 16:00:00-04:00,0.11,0.16,39.11,MSTR
2017-07-27 16:00:00-04:00,0.16,0.1,-39.95,MSTR
2017-04-27 16:00:00-04:00,0.16,0.13,-19.18,MSTR
2017-01-31 16:00:00-05:00,0.27,0.27,-2.16,MSTR
2016-10-27 16:00:00-04:00,0.17,0.23,32.18,MSTR
2016-07-28 16:00:00-04:00,0.22,0.16,-25.57,MSTR
2016-04-27 16:00:00-04:00,0.18,0.12,-31.87,MSTR
2016-01-27 16:00:00-05:00,0.24,0.34,40.83,MSTR
2015-10-26 16:00:00-04:00,0.22,0.21,-4.15,MSTR
2015-07-27 16:00:00-04:00,0.14,0.2,42.06,MSTR
2015-04-28 16:00:00-04:00,0.09,0.18,97.09,MSTR
2015-01-26 16:00:00-05:00,0.07,0.22,192.17,MSTR
2014-10-27 16:00:00-04:00,0.02,0.04,105.71,MSTR
2014-07-28 16:00:00-04:00,-0.01,-0.09,-1059.24,MSTR
2014-04-28 08:00:00-04:00,0.01,-0.06,-577.39,MSTR
2014-01-27 20:00:00-05:00,0.11,0.14,29.72,MSTR
2013-10-28 20:00:00-04:00,0.02,0.15,716.33,MSTR
2013-07-29 19:00:00-04:00,0.04,-0.01,-136.08,MSTR
2013-04-29 19:00:00-04:00,0.03,-0.05,-235.1,MSTR
2013-01-28 20:00:00-05:00,0.1,0.07,-26.28,MSTR
2012-10-29 17:00:00-04:00,0.08,0.04,-48.46,MSTR
2012-07-30 18:00:00-04:00,0.05,0.07,38.83,MSTR
2012-05-02 18:00:00-04:00,,,1011.11,MSTR
2012-01-30 08:00:00-05:00,0.09,0.08,-14.07,MSTR
2011-10-31 20:00:00-04:00,0.04,0.04,3.43,MSTR
2011-08-02 20:00:00-04:00,0.05,0.03,-52.68,MSTR
2011-05-04 20:00:00-04:00,0.04,0.01,-76.76,MSTR
2011-01-25 20:00:00-05:00,0.09,0.16,71.8,MSTR
2010-11-01 20:00:00-04:00,0.09,0.06,-31.71,MSTR
2010-08-02 19:00:00-04:00,0.09,0.1,12.54,MSTR
2010-04-29 21:00:00-04:00,0.1,0.06,-45.42,MSTR
2010-02-03 22:00:00-05:00,0.16,0.17,3.43,MSTR
2009-10-29 20:00:00-04:00,0.09,0.17,82.8,MSTR
2009-07-30 22:00:00-04:00,0.06,0.08,28.9,MSTR
2009-05-06 07:00:00-04:00,0.08,0.07,-8.39,MSTR
2009-02-02 07:00:00-05:00,0.09,0.11,20.21,MSTR
2008-10-30 21:00:00-04:00,0.08,0.09,12.77,MSTR
2008-08-04 19:00:00-04:00,0.1,0.06,-38.16,MSTR
2008-05-01 19:00:00-04:00,0.1,0.09,-10.69,MSTR
2008-02-01 18:00:00-05:00,0.18,0.14,-21.1,MSTR
2007-10-30 22:00:00-04:00,0.11,0.15,39.67,MSTR
2007-07-27 08:00:00-04:00,0.12,0.09,-23.75,MSTR
2007-05-07 18:00:00-04:00,0.13,0.08,-40.8,MSTR
2007-01-25 19:00:00-05:00,0.16,0.17,4.56,MSTR
2006-10-26 16:00:00-04:00,0.12,0.13,13.21,MSTR
2006-07-27 23:00:00-04:00,0.12,0.12,1.54,MSTR
2006-04-27 18:00:00-04:00,0.11,0.11,-0.7,MSTR
2006-01-31 17:00:00-05:00,0.13,0.13,-3.38,MSTR
2005-10-27 16:00:00-04:00,0.1,0.11,6.76,MSTR
2005-07-28 17:00:00-04:00,0.09,0.11,27.27,MSTR
2005-04-28 17:00:00-04:00,0.07,0.09,23.08,MSTR
2005-01-27 16:00:00-05:00,0.09,0.14,57.8,MSTR
2004-10-26 16:00:00-04:00,0.05,0.11,112.51,MSTR
2004-07-27 16:00:00-04:00,0.04,0.07,67.5,MSTR
2004-04-27 16:00:00-04:00,0.03,0.06,107.61,MSTR
2004-01-29 16:00:00-05:00,0.05,0.07,45.02,MSTR
2003-10-28 16:00:00-05:00,0.02,0.04,103.05,MSTR
2003-07-29 16:00:00-04:00,0.02,0.04,75.2,MSTR
2003-04-29 04:00:00-04:00,0.01,0.01,7.43,MSTR
2003-01-30 16:00:00-05:00,0.01,0.04,217.46,MSTR
2002-10-24 16:00:00-04:00,0.01,0.01,-17.27,MSTR
2002-07-30 17:00:00-04:00,,0.05,4600.0,MSTR
2002-04-29 17:00:00-04:00,-0.37,-0.17,54.05,MSTR
2002-04-29 17:00:00-04:00,,0.02,4645.45,MSTR
2026-12-23 15:00:00-05:00,38.21,,,MU
2026-09-30 16:00:00-04:00,31.82,33.42,5.03,MU
2026-06-24 16:00:00-04:00,20.69,25.11,21.39,MU
2026-03-18 16:00:00-04:00,9.16,12.2,33.21,MU
2025-12-17 16:00:00-05:00,3.96,4.78,20.58,MU
2025-09-23 16:00:00-04:00,2.86,3.03,5.94,MU
2025-06-25 16:00:00-04:00,1.59,1.91,19.75,MU
2025-03-20 16:00:00-04:00,1.42,1.56,9.49,MU
2024-12-18 16:00:00-05:00,1.77,1.79,1.36,MU
2024-09-25 16:00:00-04:00,1.11,1.18,5.88,MU
2024-06-26 16:00:00-04:00,0.53,0.62,17.27,MU
2024-03-20 16:00:00-04:00,-0.24,0.42,273.75,MU
2023-12-20 16:00:00-05:00,-1.01,-0.95,5.85,MU
2023-09-27 16:00:00-04:00,-1.18,-1.07,9.27,MU
2023-06-28 16:00:00-04:00,-1.57,-1.43,8.74,MU
2023-03-28 16:00:00-04:00,-0.88,-1.91,-115.83,MU
2022-12-21 16:00:00-05:00,-0.02,-0.04,-114.02,MU
2022-09-29 16:00:00-04:00,1.37,1.45,5.82,MU
2022-06-30 16:00:00-04:00,2.44,2.59,5.96,MU
2022-03-29 16:00:00-04:00,1.98,2.14,8.07,MU
2021-12-20 16:00:00-05:00,2.11,2.16,2.58,MU
2021-09-28 16:00:00-04:00,2.34,2.42,3.35,MU
2021-06-30 16:00:00-04:00,1.72,1.88,9.15,MU
2021-03-31 16:00:00-04:00,0.95,0.98,3.68,MU
2021-01-07 16:00:00-05:00,0.69,0.78,12.96,MU
2020-09-29 16:00:00-04:00,0.97,1.08,10.9,MU
2020-06-29 16:00:00-04:00,0.76,0.82,7.45,MU
2020-03-25 16:00:00-04:00,0.37,0.45,21.41,MU
2019-12-18 16:00:00-05:00,0.47,0.48,1.55,MU
2019-09-26 16:00:00-04:00,0.48,0.56,15.55,MU
2019-06-25 16:00:00-04:00,0.79,1.05,33.01,MU
2019-03-20 16:00:00-04:00,1.66,1.71,3.05,MU
2018-12-18 16:00:00-05:00,2.97,2.97,0.03,MU
2018-09-20 16:00:00-04:00,3.32,3.53,6.21,MU
2018-06-20 16:00:00-04:00,3.14,3.15,0.44,MU
2018-03-22 16:00:00-04:00,2.74,2.82,2.98,MU
2017-12-19 16:00:00-05:00,2.21,2.45,10.88,MU
2017-09-26 16:00:00-04:00,1.84,2.02,9.91,MU
2017-06-29 16:00:00-04:00,1.51,1.62,7.17,MU
2017-03-23 16:00:00-04:00,0.86,0.9,4.58,MU
2016-12-21 16:00:00-05:00,0.29,0.32,11.63,MU
2016-10-04 16:00:00-04:00,-0.09,-0.05,46.97,MU
2016-06-30 16:00:00-04:00,-0.1,-0.08,17.49,MU
2016-03-30 16:00:00-04:00,-0.09,-0.05,44.7,MU
2015-12-22 16:00:00-05:00,0.23,0.24,4.76,MU
2015-10-01 16:00:00-04:00,0.32,0.37,16.76,MU
2015-06-25 16:00:00-04:00,0.56,0.54,-3.8,MU
2015-04-01 16:00:00-04:00,0.72,0.81,11.87,MU
2015-01-06 16:00:00-05:00,0.92,0.97,5.43,MU
2014-09-25 16:00:00-04:00,0.81,0.82,0.83,MU
2014-06-23 16:00:00-04:00,0.7,0.79,12.47,MU
2014-04-03 16:00:00-04:00,0.76,0.85,11.85,MU
2014-01-07 16:00:00-05:00,0.51,0.77,49.68,MU
2013-10-10 16:00:00-04:00,0.3,0.23,-24.27,MU
2013-06-19 16:00:00-04:00,0.04,0.09,163.23,MU
2013-03-21 16:00:00-04:00,-0.2,-0.19,5.54,MU
2012-12-20 16:00:00-05:00,-0.2,-0.27,-33.48,MU
2012-09-27 16:00:00-04:00,-0.23,-0.24,-6.31,MU
2012-06-20 16:00:00-04:00,-0.19,-0.32,-67.79,MU
2012-03-22 16:00:00-04:00,-0.19,-0.23,-23.04,MU
2011-12-21 16:00:00-05:00,-0.11,-0.19,-77.94,MU
2011-09-29 12:00:00-04:00,,-0.14,-25554.55,MU
2011-06-23 16:00:00-04:00,0.17,0.07,-58.2,MU
2011-03-23 12:00:00-04:00,0.02,0.07,184.21,MU
2010-12-22 16:00:00-05:00,0.29,0.15,-47.7,MU
2010-10-07 16:00:00-04:00,0.4,0.3,-24.6,MU
2010-06-28 16:00:00-04:00,0.43,0.43,-0.84,MU
2010-03-31 16:00:00-04:00,0.24,0.39,59.88,MU
2009-12-22 16:00:00-05:00,0.07,0.15,108.36,MU
2009-09-29 16:00:00-04:00,-0.19,-0.1,46.26,MU
2009-06-25 16:00:00-04:00,-0.41,-0.36,12.81,MU
2009-04-02 16:00:00-04:00,-0.61,-0.82,-35.18,MU
2008-12-23 16:00:00-05:00,-0.43,-0.72,-65.85,MU
2008-10-01 16:00:00-04:00,-0.23,-0.27,-15.56,MU
2008-06-26 16:00:00-04:00,-0.29,-0.3,-2.61,MU
2008-04-02 16:00:00-04:00,-0.36,-0.41,-12.47,MU
2007-12-20 16:00:00-05:00,-0.19,-0.24,-24.24,MU
2007-10-02 16:00:00-04:00,-0.22,-0.15,31.32,MU
2007-06-28 16:00:00-04:00,-0.23,-0.31,-32.59,MU
2007-04-04 16:00:00-04:00,,-0.07,-2900.0,MU
2006-12-21 16:00:00-05:00,0.2,0.21,2.69,MU
2006-10-05 17:00:00-04:00,0.14,0.14,0.4,MU
2006-06-28 16:00:00-04:00,0.09,0.13,47.03,MU
2006-04-10 17:00:00-04:00,0.06,-0.03,-154.38,MU
2005-12-21 16:00:00-05:00,0.1,0.09,-7.12,MU
2005-09-29 17:00:00-04:00,-0.07,0.07,195.24,MU
2005-06-23 17:00:00-04:00,0.04,-0.2,-606.33,MU
2005-03-29 17:00:00-05:00,0.14,0.17,21.82,MU
2004-12-22 17:00:00-05:00,0.21,0.23,7.1,MU
2004-09-29 17:00:00-04:00,0.2,0.14,-29.39,MU
2004-06-23 17:00:00-04:00,0.1,0.13,31.46,MU
2004-03-24 17:00:00-05:00,-0.07,-0.04,46.4,MU
2003-12-23 17:00:00-05:00,-0.05,-0.03,38.46,MU
2003-09-24 17:00:00-04:00,-0.26,-0.19,28.3,MU
2003-06-18 17:00:00-04:00,-0.5,-0.36,28.63,MU
2003-03-20 18:00:00-05:00,-0.52,-0.83,-60.97,MU
2002-12-17 17:00:00-05:00,-0.22,-0.52,-131.11,MU
2002-09-24 17:00:00-04:00,-0.18,-0.27,-50.56,MU
2002-06-25 07:00:00-04:00,0.06,-0.04,-161.9,MU
2002-03-21 17:00:00-05:00,-0.05,-0.05,-5.26,MU
2026-11-10 07:00:00-05:00,-1.4,,,NBIS
2026-08-12 07:00:00-04:00,-0.86,-0.68,21.24,NBIS
2026-05-13 07:00:00-04:00,-0.71,2.11,396.14,NBIS
2026-02-12 08:00:00-05:00,-0.6,-0.99,-63.06,NBIS
2025-11-11 08:00:00-05:00,-0.52,-0.4,23.33,NBIS
2025-08-07 08:00:00-04:00,-0.42,-0.38,8.74,NBIS
2025-05-20 12:00:00-04:00,-0.44,-0.39,12.7,NBIS
2025-02-20 08:00:00-05:00,-0.39,-0.37,4.82,NBIS
2022-11-03 07:00:00-04:00,0.19,0.22,13.53,NBIS
2022-04-27 06:00:00-04:00,0.04,-0.3,-813.21,NBIS
2022-02-15 06:00:00-05:00,-0.19,-0.16,16.16,NBIS
2021-10-27 06:00:00-04:00,0.03,0.05,58.58,NBIS
2021-07-28 06:00:00-04:00,0.08,0.04,-48.98,NBIS
2021-04-28 06:00:00-04:00,0.27,0.08,-70.2,NBIS
2021-02-16 06:00:00-05:00,0.14,0.23,63.16,NBIS
2020-10-28 06:00:00-04:00,0.12,0.78,541.61,NBIS
2020-07-28 06:00:00-04:00,0.06,0.08,29.13,NBIS
2020-04-28 06:00:00-04:00,0.28,0.21,-25.2,NBIS
2020-02-14 06:00:00-05:00,0.37,0.25,-31.6,NBIS
2019-10-25 06:00:00-04:00,0.36,0.32,-10.05,NBIS
2019-07-26 06:00:00-04:00,0.23,0.17,-25.4,NBIS
2019-04-25 06:00:00-04:00,0.26,0.25,-3.2,NBIS
2019-02-15 06:00:00-05:00,0.36,0.31,-12.01,NBIS
2018-10-29 06:00:00-04:00,0.22,0.23,6.89,NBIS
2018-07-26 09:00:00-04:00,0.25,0.24,-2.4,NBIS
2018-04-25 06:00:00-04:00,0.2,0.19,-2.23,NBIS
2018-02-15 06:00:00-05:00,0.25,0.28,10.15,NBIS
2017-10-24 06:00:00-04:00,0.16,0.12,-22.05,NBIS
2017-07-28 06:00:00-04:00,0.18,0.18,-0.1,NBIS
2017-04-27 06:00:00-04:00,0.14,0.04,-68.29,NBIS
2017-02-16 06:00:00-05:00,0.12,0.07,-46.95,NBIS
2016-10-27 06:00:00-04:00,0.11,0.12,10.19,NBIS
2016-07-28 06:00:00-04:00,0.08,0.09,16.68,NBIS
2016-04-28 06:00:00-04:00,0.1,0.15,58.26,NBIS
2016-02-16 06:00:00-05:00,0.13,0.11,-15.72,NBIS
2015-10-27 06:00:00-04:00,0.16,0.17,6.15,NBIS
2015-07-30 06:00:00-04:00,0.12,0.02,-81.18,NBIS
2015-04-28 06:00:00-04:00,0.12,0.14,16.43,NBIS
2015-02-18 06:00:00-05:00,0.24,0.2,-17.16,NBIS
2014-10-23 06:00:00-04:00,0.31,0.32,5.41,NBIS
2014-07-29 06:00:00-04:00,0.27,0.21,-23.82,NBIS
2014-04-24 06:00:00-04:00,0.22,0.23,2.75,NBIS
2014-02-20 06:00:00-05:00,0.35,0.3,-14.31,NBIS
2013-10-24 06:00:00-04:00,0.24,0.47,96.08,NBIS
2013-07-25 06:00:00-04:00,0.24,0.28,16.97,NBIS
2013-04-25 06:00:00-04:00,0.19,0.23,21.65,NBIS
2013-02-19 07:00:00-05:00,0.27,0.27,0.24,NBIS
2012-10-30 07:00:00-04:00,0.2,0.21,7.06,NBIS
2012-07-31 07:00:00-04:00,0.19,0.19,2.31,NBIS
2012-04-26 07:00:00-04:00,0.15,0.15,4.33,NBIS
2012-02-22 06:00:00-05:00,0.19,0.21,15.15,NBIS
2011-10-27 07:00:00-04:00,0.12,0.17,37.28,NBIS
2011-07-28 07:00:00-04:00,0.13,0.14,5.75,NBIS
2026-11-04 07:00:00-05:00,0.91,,,NCLH
2026-07-30 06:00:00-04:00,0.39,0.48,22.8,NCLH
2026-05-04 06:00:00-04:00,0.14,0.23,61.25,NCLH
2026-03-02 06:00:00-05:00,0.27,0.28,5.51,NCLH
2025-11-04 06:00:00-05:00,1.16,1.2,3.31,NCLH
2025-07-31 07:00:00-04:00,0.52,0.51,-1.09,NCLH
2025-04-30 06:00:00-04:00,0.09,0.07,-22.93,NCLH
2025-02-27 06:00:00-05:00,0.11,0.26,142.88,NCLH
2024-10-31 07:00:00-04:00,0.94,0.99,5.28,NCLH
2024-07-31 07:00:00-04:00,0.34,0.4,16.74,NCLH
2024-05-01 07:00:00-04:00,0.09,0.16,79.01,NCLH
2024-02-27 07:00:00-05:00,-0.13,-0.18,-33.33,NCLH
2023-11-01 07:00:00-04:00,0.68,0.76,11.15,NCLH
2023-08-01 07:00:00-04:00,0.26,0.3,13.23,NCLH
2023-05-01 07:00:00-04:00,-0.43,-0.3,29.46,NCLH
2023-02-28 07:00:00-05:00,-0.84,-1.04,-24.0,NCLH
2022-11-08 07:00:00-05:00,-0.69,-0.64,7.12,NCLH
2022-08-09 07:00:00-04:00,-0.83,-1.14,-36.78,NCLH
2022-05-10 07:00:00-04:00,-1.41,-1.82,-29.4,NCLH
2022-02-24 07:00:00-05:00,-1.61,-1.95,-20.87,NCLH
2021-11-03 07:00:00-04:00,-2.0,-2.17,-8.46,NCLH
2021-08-06 07:00:00-04:00,-2.0,-1.93,3.38,NCLH
2021-05-06 07:00:00-04:00,-2.06,-2.03,1.69,NCLH
2021-02-25 07:00:00-05:00,-2.16,-2.33,-7.95,NCLH
2020-11-09 16:00:00-05:00,-2.22,-2.35,-5.86,NCLH
2020-08-06 07:00:00-04:00,-2.28,-2.78,-21.69,NCLH
2020-05-14 07:00:00-04:00,-0.69,-0.99,-42.53,NCLH
2020-02-20 07:00:00-05:00,0.7,0.73,3.59,NCLH
2019-11-07 07:00:00-05:00,2.16,2.23,3.05,NCLH
2019-08-08 07:00:00-04:00,1.27,1.3,2.63,NCLH
2019-05-09 07:00:00-04:00,0.71,0.83,17.07,NCLH
2019-02-21 07:00:00-05:00,0.8,0.85,6.11,NCLH
2018-11-08 07:00:00-05:00,2.21,2.27,2.77,NCLH
2018-08-09 07:00:00-04:00,1.03,1.21,17.05,NCLH
2018-05-02 08:00:00-04:00,0.54,0.6,10.82,NCLH
2018-02-22 07:00:00-05:00,0.64,0.68,6.48,NCLH
2017-11-09 07:00:00-05:00,1.82,1.86,2.07,NCLH
2017-08-08 07:00:00-04:00,0.97,1.02,5.04,NCLH
2017-05-10 07:00:00-04:00,0.37,0.4,6.91,NCLH
2017-02-22 07:00:00-05:00,0.55,0.56,1.71,NCLH
2016-11-09 07:00:00-05:00,1.59,1.62,1.97,NCLH
2016-08-09 07:00:00-04:00,0.83,0.85,2.41,NCLH
2016-05-10 12:00:00-04:00,0.37,0.38,3.25,NCLH
2016-02-23 07:00:00-05:00,0.51,0.51,0.34,NCLH
2015-11-03 07:00:00-05:00,1.34,1.35,0.5,NCLH
2015-08-04 07:00:00-04:00,0.73,0.75,2.35,NCLH
2015-05-07 07:00:00-04:00,0.23,0.27,17.63,NCLH
2015-02-17 17:00:00-05:00,0.36,0.36,-1.28,NCLH
2014-10-29 16:00:00-04:00,1.08,1.11,2.82,NCLH
2014-07-28 16:00:00-04:00,0.57,0.58,1.65,NCLH
2014-04-29 05:00:00-04:00,0.22,0.23,3.85,NCLH
2014-02-18 06:00:00-05:00,0.18,0.19,6.1,NCLH
2013-10-28 16:00:00-04:00,0.84,0.86,2.34,NCLH
2013-07-29 08:00:00-04:00,0.27,0.29,7.36,NCLH
2013-05-06 16:00:00-04:00,0.03,0.06,103.39,NCLH
2013-02-11 16:00:00-05:00,-0.03,0.04,233.33,NCLH
2026-10-21 08:00:00-04:00,1.18,,,NEE
2026-07-24 07:00:00-04:00,1.11,1.15,3.8,NEE
2026-04-23 07:00:00-04:00,1.03,1.09,5.67,NEE
2026-01-27 07:00:00-05:00,0.53,0.54,2.42,NEE
2025-10-28 07:00:00-04:00,1.02,1.13,10.62,NEE
2025-07-23 07:00:00-04:00,1.01,1.05,4.01,NEE
2025-04-22 20:00:00-04:00,0.98,0.99,1.19,NEE
2025-01-24 07:00:00-05:00,0.53,0.53,0.79,NEE
2024-10-23 07:00:00-04:00,0.97,1.03,5.92,NEE
2024-07-24 07:00:00-04:00,0.95,0.96,1.14,NEE
2024-04-23 07:00:00-04:00,0.8,0.91,13.42,NEE
2024-01-25 07:00:00-05:00,0.49,0.52,6.6,NEE
2023-10-24 07:00:00-04:00,0.88,0.94,6.63,NEE
2023-07-25 07:00:00-04:00,0.81,0.88,8.18,NEE
2023-04-25 07:00:00-04:00,0.76,0.84,10.02,NEE
2023-01-25 07:00:00-05:00,0.49,0.51,4.18,NEE
2022-10-28 07:00:00-04:00,0.8,0.85,5.93,NEE
2022-07-22 07:00:00-04:00,0.76,0.81,7.04,NEE
2022-04-21 07:00:00-04:00,0.72,0.74,3.38,NEE
2022-01-25 07:00:00-05:00,0.4,0.41,2.98,NEE
2021-10-20 07:00:00-04:00,0.72,0.75,4.69,NEE
2021-07-23 07:00:00-04:00,0.69,0.71,2.75,NEE
2021-04-21 07:00:00-04:00,0.61,0.67,9.37,NEE
2021-01-26 02:00:00-05:00,0.38,0.4,4.17,NEE
2020-10-21 07:00:00-04:00,0.65,0.67,2.94,NEE
2020-07-24 07:00:00-04:00,0.63,0.65,4.22,NEE
2020-04-22 07:00:00-04:00,0.56,0.6,6.16,NEE
2020-01-24 07:00:00-05:00,0.37,0.36,-2.54,NEE
2019-10-22 07:00:00-04:00,0.57,0.6,4.48,NEE
2019-07-24 07:00:00-04:00,0.58,0.59,1.68,NEE
2019-04-23 07:00:00-04:00,0.51,0.55,8.1,NEE
2019-01-25 07:00:00-05:00,0.38,0.37,-2.99,NEE
2018-10-23 03:00:00-04:00,0.54,0.55,1.23,NEE
2018-07-25 07:00:00-04:00,0.52,0.53,2.25,NEE
2018-04-24 07:00:00-04:00,0.46,0.49,6.09,NEE
2018-01-26 07:00:00-05:00,0.33,0.31,-4.77,NEE
2017-10-26 07:00:00-04:00,0.44,0.46,4.68,NEE
2017-07-26 07:00:00-04:00,0.44,0.47,5.74,NEE
2017-04-21 07:00:00-04:00,0.4,0.44,10.02,NEE
2017-01-27 08:00:00-05:00,0.32,0.3,-6.41,NEE
2016-10-31 07:00:00-04:00,0.42,0.44,4.27,NEE
2016-07-27 07:00:00-04:00,0.39,0.42,6.12,NEE
2016-04-28 07:00:00-04:00,0.35,0.34,-1.95,NEE
2016-01-28 07:00:00-05:00,0.27,0.29,7.38,NEE
2015-10-28 07:00:00-04:00,0.41,0.4,-3.03,NEE
2015-08-03 07:00:00-04:00,0.37,0.39,4.16,NEE
2015-04-29 07:00:00-04:00,0.32,0.35,11.17,NEE
2015-01-27 07:00:00-05:00,0.26,0.26,-2.8,NEE
2014-10-31 07:00:00-04:00,0.38,0.39,1.24,NEE
2014-07-29 07:00:00-04:00,0.36,0.36,-0.7,NEE
2014-04-30 07:00:00-04:00,0.27,0.32,15.97,NEE
2014-01-28 07:00:00-05:00,0.24,0.24,-2.49,NEE
2013-11-01 07:00:00-04:00,0.35,0.36,2.58,NEE
2013-07-30 07:00:00-04:00,0.32,0.37,13.69,NEE
2013-04-30 07:00:00-04:00,0.26,0.28,9.67,NEE
2013-01-29 07:00:00-05:00,0.24,0.26,7.92,NEE
2012-10-24 07:00:00-04:00,0.35,0.32,-9.54,NEE
2012-07-26 07:00:00-04:00,0.29,0.32,8.28,NEE
2012-04-25 07:00:00-04:00,0.24,0.26,4.42,NEE
2012-01-27 07:00:00-05:00,0.23,0.23,1.47,NEE
2011-11-04 07:00:00-04:00,0.35,0.33,-7.37,NEE
2011-07-27 07:00:00-04:00,0.27,0.3,8.47,NEE
2011-04-29 07:00:00-04:00,0.24,0.24,-0.5,NEE
2011-01-25 07:00:00-05:00,0.22,0.2,-8.85,NEE
2010-10-29 07:00:00-04:00,0.36,0.36,1.16,NEE
2010-07-23 07:00:00-04:00,0.26,0.28,4.72,NEE
2010-04-27 06:00:00-04:00,0.21,0.24,9.6,NEE
2010-01-26 07:00:00-05:00,0.19,0.2,6.68,NEE
2009-10-27 07:00:00-04:00,0.35,0.35,-2.29,NEE
2009-07-28 07:00:00-04:00,0.24,0.25,1.13,NEE
2009-04-28 07:00:00-04:00,0.19,0.23,16.61,NEE
2009-01-27 07:00:00-05:00,0.22,0.23,0.89,NEE
2008-10-27 07:00:00-04:00,0.34,0.31,-7.06,NEE
2008-07-31 07:00:00-04:00,0.23,0.23,0.21,NEE
2008-04-30 07:00:00-04:00,0.2,0.19,-4.6,NEE
2008-01-28 07:00:00-05:00,0.17,0.18,5.71,NEE
2007-10-30 07:00:00-04:00,0.31,0.31,0.67,NEE
2007-07-30 07:00:00-04:00,0.2,0.22,7.62,NEE
2007-04-30 08:00:00-04:00,0.15,0.18,16.02,NEE
2007-01-26 07:00:00-05:00,0.13,0.16,20.44,NEE
2006-10-30 07:00:00-05:00,0.27,0.29,8.07,NEE
2006-07-28 07:00:00-04:00,0.19,0.17,-11.03,NEE
2006-05-02 07:00:00-04:00,0.12,0.14,19.1,NEE
2006-01-27 07:00:00-05:00,0.1,0.12,14.19,NEE
2005-11-04 07:00:00-05:00,0.24,0.25,6.93,NEE
2005-07-22 07:00:00-04:00,0.17,0.17,-0.45,NEE
2005-04-26 07:00:00-04:00,0.12,0.11,-8.05,NEE
2005-01-21 07:00:00-05:00,0.12,0.12,-2.58,NEE
2004-10-21 07:00:00-04:00,0.24,0.22,-4.82,NEE
2004-07-23 07:00:00-04:00,0.17,0.18,2.48,NEE
2004-04-22 07:00:00-04:00,0.11,0.1,-8.08,NEE
2004-01-23 07:00:00-05:00,0.09,0.09,1.37,NEE
2003-10-23 07:00:00-04:00,0.23,0.23,1.4,NEE
2003-07-25 07:00:00-04:00,0.17,0.17,-0.28,NEE
2003-04-24 07:00:00-04:00,0.1,0.12,15.9,NEE
2003-01-24 07:00:00-05:00,0.09,0.09,5.38,NEE
2002-10-17 07:00:00-04:00,0.22,0.22,1.51,NEE
2002-10-17 07:00:00-04:00,0.25,0.25,0.92,NEE
2002-07-19 07:00:00-04:00,0.16,0.18,12.47,NEE
2002-07-19 07:00:00-04:00,0.16,0.16,-0.12,NEE
2026-10-20 16:00:00-04:00,0.82,,,NFLX
2026-07-16 16:00:00-04:00,0.79,0.8,1.45,NFLX
2026-04-16 16:00:00-04:00,1.32,1.23,-6.93,NFLX
2026-01-20 16:00:00-05:00,0.55,0.56,1.43,NFLX
2025-10-21 16:00:00-04:00,0.7,0.59,-15.79,NFLX
2025-07-17 16:00:00-04:00,0.71,0.72,1.95,NFLX
2025-04-17 16:00:00-04:00,0.57,0.66,16.37,NFLX
2025-01-21 16:00:00-05:00,0.42,0.43,1.78,NFLX
2024-10-17 16:00:00-04:00,0.51,0.54,5.32,NFLX
2024-07-18 16:00:00-04:00,0.48,0.49,2.47,NFLX
2024-04-18 16:00:00-04:00,0.45,0.53,16.66,NFLX
2024-01-23 16:00:00-05:00,0.22,0.21,-4.8,NFLX
2023-10-18 16:00:00-04:00,0.35,0.37,6.74,NFLX
2023-07-19 16:00:00-04:00,0.29,0.33,15.36,NFLX
2023-04-18 16:00:00-04:00,0.29,0.29,0.46,NFLX
2023-01-19 16:00:00-05:00,0.05,0.01,-75.18,NFLX
2022-10-18 16:00:00-04:00,0.21,0.31,45.21,NFLX
2022-07-19 16:00:00-04:00,0.29,0.32,8.75,NFLX
2022-04-19 16:00:00-04:00,0.29,0.35,20.97,NFLX
2022-01-20 16:00:00-05:00,0.08,0.13,61.49,NFLX
2021-10-19 16:00:00-04:00,0.26,0.32,24.49,NFLX
2021-07-20 16:00:00-04:00,0.32,0.3,-5.91,NFLX
2021-04-20 16:00:00-04:00,0.3,0.38,25.48,NFLX
2021-01-19 16:00:00-05:00,0.14,0.12,-15.07,NFLX
2020-10-20 17:00:00-04:00,0.21,0.17,-18.71,NFLX
2020-07-16 16:00:00-04:00,0.18,0.16,-13.13,NFLX
2020-04-21 17:00:00-04:00,0.16,0.16,-4.02,NFLX
2020-01-21 16:00:00-05:00,0.05,0.13,147.95,NFLX
2019-10-16 16:00:00-04:00,0.1,0.15,40.47,NFLX
2019-07-17 16:00:00-04:00,0.06,0.06,7.49,NFLX
2019-04-16 16:00:00-04:00,0.06,0.08,32.29,NFLX
2019-01-17 16:00:00-05:00,0.02,0.03,27.44,NFLX
2018-10-16 16:00:00-04:00,0.07,0.09,31.38,NFLX
2018-07-16 16:00:00-04:00,0.08,0.09,7.26,NFLX
2018-04-16 16:00:00-04:00,0.06,0.06,2.27,NFLX
2018-01-22 16:00:00-05:00,0.04,0.04,-0.77,NFLX
2017-10-16 16:00:00-04:00,0.03,0.03,-9.57,NFLX
2017-07-17 16:00:00-04:00,0.02,0.02,-5.06,NFLX
2017-04-17 16:00:00-04:00,0.04,0.04,7.7,NFLX
2017-01-18 16:00:00-05:00,0.01,0.02,14.33,NFLX
2016-10-17 16:00:00-04:00,0.01,0.01,117.79,NFLX
2016-07-18 16:00:00-04:00,,0.01,312.84,NFLX
2016-04-18 16:00:00-04:00,,0.01,100.0,NFLX
2016-01-19 16:00:00-05:00,,0.01,371.7,NFLX
2015-10-14 16:00:00-04:00,0.01,0.01,-6.91,NFLX
2015-07-15 16:00:00-04:00,,0.01,55.84,NFLX
2015-04-15 16:00:00-04:00,0.01,0.01,-39.26,NFLX
2015-01-20 16:00:00-05:00,0.01,0.01,62.05,NFLX
2014-10-15 16:00:00-04:00,0.01,0.01,4.58,NFLX
2014-07-21 16:00:00-04:00,0.02,0.02,1.05,NFLX
2014-04-21 16:00:00-04:00,0.01,0.01,5.31,NFLX
2014-01-22 16:00:00-05:00,0.01,0.01,18.84,NFLX
2013-10-21 16:00:00-04:00,0.01,0.01,4.5,NFLX
2013-07-22 16:00:00-04:00,0.01,0.01,19.45,NFLX
2013-04-22 16:00:00-04:00,,,54.36,NFLX
2013-01-23 16:00:00-05:00,,,189.86,NFLX
2012-10-23 16:00:00-04:00,,,232.14,NFLX
2012-07-24 16:00:00-04:00,,,112.16,NFLX
2012-04-23 16:00:00-04:00,,,69.68,NFLX
2012-01-25 19:00:00-05:00,0.01,0.01,28.61,NFLX
2011-10-24 20:00:00-04:00,0.01,0.02,24.68,NFLX
2011-07-25 16:00:00-04:00,0.02,0.02,14.94,NFLX
2011-04-25 16:00:00-04:00,0.02,0.02,3.66,NFLX
2011-01-26 16:00:00-05:00,0.01,0.01,20.56,NFLX
2010-10-20 16:00:00-04:00,0.01,0.01,-2.63,NFLX
2010-07-21 16:00:00-04:00,0.01,0.01,12.94,NFLX
2010-04-21 16:00:00-04:00,0.01,0.01,7.66,NFLX
2010-01-27 16:00:00-05:00,0.01,0.01,23.84,NFLX
2009-10-22 16:00:00-04:00,0.01,0.01,15.19,NFLX
2009-07-23 16:00:00-04:00,0.01,0.01,7.23,NFLX
2009-04-23 16:00:00-04:00,,0.01,17.25,NFLX
2009-01-26 16:00:00-05:00,,0.01,11.04,NFLX
2008-10-20 16:00:00-04:00,,0.01,10.3,NFLX
2008-07-25 07:00:00-04:00,0.01,0.01,10.67,NFLX
2008-04-21 16:00:00-04:00,,,-2.66,NFLX
2008-01-23 16:00:00-05:00,,,70.65,NFLX
2007-10-22 16:00:00-04:00,,,53.31,NFLX
2007-07-23 16:00:00-04:00,,,24.79,NFLX
2007-04-18 08:00:00-04:00,,,-8.76,NFLX
2007-01-24 16:00:00-05:00,,,40.57,NFLX
2006-10-23 16:00:00-04:00,,,46.02,NFLX
2006-07-24 16:00:00-04:00,,,30.41,NFLX
2006-04-24 16:00:00-04:00,,,57.14,NFLX
2006-01-24 16:00:00-05:00,,0.01,516.67,NFLX
2005-10-19 16:00:00-04:00,,,31.8,NFLX
2005-07-25 16:00:00-04:00,,,1150.0,NFLX
2005-04-21 16:00:00-04:00,,,53.09,NFLX
2005-01-24 16:00:00-05:00,,,49.25,NFLX
2004-10-14 16:00:00-04:00,,,10.4,NFLX
2004-07-15 16:00:00-04:00,,,-6.55,NFLX
2004-04-15 16:00:00-04:00,,,-16.22,NFLX
2004-01-21 16:00:00-05:00,,,23.64,NFLX
2003-10-15 16:00:00-04:00,,,94.29,NFLX
2003-07-17 16:00:00-04:00,,,39.02,NFLX
2003-04-17 16:00:00-04:00,,,100.0,NFLX
2003-01-15 16:00:00-05:00,,,114.0,NFLX
2002-10-17 16:00:00-04:00,,,91.86,NFLX
2002-07-24 16:00:00-04:00,,,,NFLX
2026-11-24 07:00:00-05:00,-0.02,,,NIO
2026-09-01 06:00:00-04:00,-0.14,0.01,107.09,NIO
2026-05-21 06:00:00-04:00,-0.34,0.02,105.88,NIO
2026-03-10 06:00:00-04:00,0.05,0.29,441.45,NIO
2025-11-25 05:00:00-05:00,-1.57,-1.14,27.43,NIO
2025-09-02 05:00:00-04:00,-2.2,-1.85,15.73,NIO
2025-06-03 07:00:00-04:00,-2.66,-3.01,-13.15,NIO
2025-03-21 05:00:00-04:00,-2.36,-3.17,-34.38,NIO
2024-11-20 04:00:00-05:00,-2.19,-2.14,2.1,NIO
2024-09-05 05:00:00-04:00,-2.2,-2.21,-0.53,NIO
2024-06-06 06:00:00-04:00,-2.82,-2.39,15.25,NIO
2024-03-05 05:00:00-05:00,-2.29,-2.81,-22.94,NIO
2023-12-05 04:00:00-05:00,-2.66,-2.28,14.19,NIO
2023-08-29 06:00:00-04:00,-2.96,-3.28,-10.72,NIO
2023-06-09 06:00:00-04:00,-2.9,-2.51,13.43,NIO
2023-03-01 05:00:00-05:00,-1.6,-3.07,-91.64,NIO
2022-11-10 05:00:00-05:00,-1.18,-1.34,-13.2,NIO
2022-09-07 05:00:00-04:00,-1.22,-1.34,-10.0,NIO
2022-06-09 06:00:00-04:00,-1.06,-0.79,25.59,NIO
2022-03-24 18:00:00-04:00,-0.87,-1.07,-22.82,NIO
2021-11-09 16:00:00-05:00,-0.3,-0.36,-20.0,NIO
2021-08-11 17:00:00-04:00,-0.55,-0.21,62.05,NIO
2021-04-29 17:00:00-04:00,-0.81,-0.23,71.72,NIO
2021-03-01 17:00:00-05:00,-0.43,-0.93,-116.28,NIO
2020-11-17 16:00:00-05:00,-1.08,-0.82,24.07,NIO
2020-08-11 04:00:00-04:00,-1.9,-1.08,43.16,NIO
2020-05-28 06:00:00-04:00,-2.29,-1.6,30.13,NIO
2020-03-18 07:00:00-04:00,-1.89,-2.73,-44.44,NIO
2019-12-30 06:00:00-05:00,-2.44,-2.38,2.33,NIO
2019-09-24 04:00:00-04:00,-1.29,-3.11,-141.09,NIO
2019-05-28 04:00:00-04:00,-3.36,-2.42,27.98,NIO
2019-03-05 16:00:00-05:00,-2.16,-3.37,-56.02,NIO
2026-12-17 15:00:00-05:00,0.38,,,NKE
2026-10-01 16:00:00-04:00,0.44,0.48,9.87,NKE
2026-06-30 16:00:00-04:00,0.13,0.72,466.13,NKE
2026-03-31 16:00:00-04:00,0.28,0.35,24.31,NKE
2025-12-18 16:00:00-05:00,0.38,0.53,41.33,NKE
2025-09-30 16:00:00-04:00,0.27,0.49,81.32,NKE
2025-06-26 16:00:00-04:00,0.12,0.14,14.18,NKE
2025-03-20 16:00:00-04:00,0.29,0.54,85.52,NKE
2024-12-19 16:00:00-05:00,0.63,0.78,23.3,NKE
2024-10-01 16:00:00-04:00,0.52,0.7,34.9,NKE
2024-06-27 16:00:00-04:00,0.83,0.99,19.3,NKE
2024-03-21 16:00:00-04:00,0.76,0.98,29.73,NKE
2023-12-21 16:00:00-05:00,0.85,1.03,20.98,NKE
2023-09-28 16:00:00-04:00,0.76,0.94,24.06,NKE
2023-06-29 16:00:00-04:00,0.68,0.66,-2.29,NKE
2023-03-21 16:00:00-04:00,0.54,0.79,46.31,NKE
2022-12-20 16:00:00-05:00,0.66,0.85,29.23,NKE
2022-09-29 16:00:00-04:00,0.92,0.93,0.96,NKE
2022-06-27 16:00:00-04:00,0.81,0.9,10.99,NKE
2022-03-21 16:00:00-04:00,0.72,0.87,21.41,NKE
2021-12-20 16:00:00-05:00,0.63,0.83,31.97,NKE
2021-09-23 16:00:00-04:00,1.12,1.16,3.3,NKE
2021-06-24 16:00:00-04:00,0.51,0.93,83.69,NKE
2021-03-18 16:00:00-04:00,0.75,0.9,19.67,NKE
2020-12-18 16:00:00-05:00,0.62,0.78,25.29,NKE
2020-09-22 16:00:00-04:00,0.48,0.95,95.91,NKE
2020-06-25 16:00:00-04:00,0.04,-0.51,-1290.2,NKE
2020-03-24 16:00:00-04:00,0.56,0.78,38.36,NKE
2019-12-19 16:00:00-05:00,0.58,0.7,20.35,NKE
2019-09-24 16:00:00-04:00,0.71,0.86,21.65,NKE
2019-06-27 16:00:00-04:00,0.66,0.62,-5.51,NKE
2019-03-21 16:00:00-04:00,0.65,0.68,5.17,NKE
2018-12-20 16:00:00-05:00,0.46,0.52,12.81,NKE
2018-09-25 16:00:00-04:00,0.63,0.67,6.27,NKE
2018-06-28 16:00:00-04:00,0.64,0.69,8.34,NKE
2018-03-22 16:00:00-04:00,0.53,0.68,28.78,NKE
2017-12-21 16:00:00-05:00,0.4,0.46,14.89,NKE
2017-09-26 16:00:00-04:00,0.48,0.57,18.86,NKE
2017-06-29 16:00:00-04:00,0.49,0.6,21.23,NKE
2017-03-21 16:00:00-04:00,0.52,0.68,29.9,NKE
2016-12-20 16:00:00-05:00,0.43,0.5,16.16,NKE
2016-09-27 16:00:00-04:00,0.56,0.73,30.71,NKE
2016-06-28 16:00:00-04:00,0.48,0.49,2.28,NKE
2016-03-22 16:00:00-04:00,0.48,0.55,13.5,NKE
2015-12-22 16:00:00-05:00,0.43,0.45,5.19,NKE
2015-09-24 16:00:00-04:00,0.6,0.67,12.57,NKE
2015-06-25 16:00:00-04:00,0.42,0.49,17.71,NKE
2015-03-19 16:00:00-04:00,0.42,0.45,6.58,NKE
2014-12-18 16:00:00-05:00,0.35,0.37,5.48,NKE
2014-09-25 16:00:00-04:00,0.44,0.55,24.4,NKE
2014-06-26 16:00:00-04:00,0.38,0.39,3.77,NKE
2014-03-20 16:00:00-04:00,0.36,0.38,5.36,NKE
2013-12-19 16:00:00-05:00,0.29,0.3,1.85,NKE
2013-09-26 16:00:00-04:00,0.39,0.43,10.25,NKE
2013-06-27 16:00:00-04:00,0.37,0.38,2.24,NKE
2013-03-21 16:00:00-04:00,0.33,0.37,9.39,NKE
2012-12-20 16:00:00-05:00,0.25,0.28,16.33,NKE
2012-09-27 16:00:00-04:00,0.28,0.31,10.43,NKE
2012-06-28 16:00:00-04:00,0.34,0.29,-14.49,NKE
2012-03-22 16:00:00-04:00,0.29,0.3,3.31,NKE
2011-12-20 11:00:00-05:00,0.24,0.25,3.02,NKE
2011-09-22 16:00:00-04:00,0.3,0.34,12.86,NKE
2011-06-27 16:00:00-04:00,0.29,0.31,7.21,NKE
2011-03-17 16:00:00-04:00,0.28,0.27,-3.96,NKE
2010-12-21 16:00:00-05:00,0.22,0.24,7.29,NKE
2010-09-23 16:00:00-04:00,0.25,0.28,15.26,NKE
2010-06-23 16:00:00-04:00,0.26,0.27,0.48,NKE
2010-03-17 16:00:00-04:00,0.22,0.25,14.31,NKE
2009-12-17 16:00:00-05:00,0.18,0.19,6.31,NKE
2009-09-29 16:00:00-04:00,0.24,0.26,7.11,NKE
2009-06-24 16:00:00-04:00,0.16,0.18,9.38,NKE
2009-03-18 16:00:00-04:00,0.2,0.25,25.42,NKE
2008-12-17 16:00:00-05:00,0.19,0.19,-2.05,NKE
2008-09-24 16:00:00-04:00,0.23,0.26,11.68,NKE
2008-06-25 16:00:00-04:00,0.24,0.25,1.61,NKE
2008-03-19 16:00:00-04:00,0.2,0.23,15.54,NKE
2007-12-19 16:00:00-05:00,0.17,0.18,7.34,NKE
2007-09-20 16:00:00-04:00,0.22,0.28,28.37,NKE
2007-06-26 16:00:00-04:00,0.27,0.22,-20.09,NKE
2007-03-22 16:00:00-04:00,0.17,0.17,0.74,NKE
2006-12-20 16:00:00-05:00,0.14,0.14,1.83,NKE
2006-09-21 16:00:00-04:00,0.18,0.18,1.91,NKE
2006-06-27 16:00:00-04:00,0.17,0.17,-0.29,NKE
2006-03-21 16:00:00-05:00,0.14,0.16,13.55,NKE
2005-12-20 16:00:00-05:00,0.13,0.14,12.65,NKE
2005-09-19 07:00:00-04:00,0.18,0.2,12.27,NKE
2005-06-27 08:00:00-04:00,0.16,0.16,0.31,NKE
2005-03-17 16:00:00-05:00,0.12,0.13,1.81,NKE
2004-12-16 16:00:00-05:00,0.11,0.12,11.56,NKE
2004-09-20 09:00:00-04:00,0.14,0.15,9.21,NKE
2004-06-24 16:00:00-04:00,0.13,0.14,5.21,NKE
2004-03-18 16:00:00-05:00,0.09,0.09,1.37,NKE
2003-12-18 16:00:00-05:00,0.08,0.08,7.49,NKE
2003-09-18 16:00:00-04:00,0.11,0.12,11.11,NKE
2003-06-26 16:00:00-04:00,0.12,0.12,,NKE
2003-03-19 16:00:00-05:00,0.06,0.06,1.73,NKE
2002-12-19 16:00:00-05:00,0.07,0.07,1.79,NKE
2002-09-18 08:00:00-04:00,0.1,0.1,1.0,NKE
2002-06-27 16:00:00-04:00,0.09,0.1,3.22,NKE
2002-03-21 16:00:00-05:00,0.06,0.06,1.32,NKE
2026-10-22 08:00:00-04:00,0.07,,,NOK
2026-07-23 01:00:00-04:00,0.07,0.08,17.12,NOK
2026-04-23 01:00:00-04:00,0.05,0.06,7.02,NOK
2026-01-29 01:00:00-05:00,0.17,0.19,15.33,NOK
2025-10-23 01:00:00-04:00,0.06,0.07,26.03,NOK
2025-07-24 01:00:00-04:00,0.06,0.05,-27.46,NOK
2025-04-24 01:00:00-04:00,0.05,0.03,-34.61,NOK
2025-01-30 01:00:00-05:00,0.14,0.19,38.86,NOK
2024-10-17 01:00:00-04:00,0.07,0.07,-11.82,NOK
2024-07-18 01:00:00-04:00,0.05,0.07,38.87,NOK
2024-04-18 01:00:00-04:00,0.06,0.1,56.43,NOK
2024-01-25 01:00:00-05:00,0.16,0.11,-32.44,NOK
2023-10-19 01:00:00-04:00,0.09,0.05,-44.34,NOK
2023-07-20 01:00:00-04:00,0.09,0.08,-9.48,NOK
2023-04-20 01:00:00-04:00,0.08,0.07,-19.65,NOK
2023-01-26 01:00:00-05:00,0.15,0.17,17.06,NOK
2022-10-20 01:00:00-04:00,0.1,0.1,-2.87,NOK
2022-07-21 01:00:00-04:00,0.09,0.1,17.02,NOK
2022-04-28 01:00:00-04:00,0.07,0.07,9.94,NOK
2022-02-03 01:00:00-05:00,0.13,0.15,14.88,NOK
2021-10-28 01:00:00-04:00,0.08,0.09,13.15,NOK
2021-07-29 01:00:00-04:00,0.06,0.11,82.77,NOK
2021-04-29 01:00:00-04:00,0.01,0.08,809.11,NOK
2021-02-04 01:00:00-05:00,0.13,0.17,33.68,NOK
2020-10-29 02:00:00-04:00,0.07,0.06,-13.54,NOK
2020-07-31 01:00:00-04:00,0.03,0.07,136.51,NOK
2020-04-30 02:00:00-04:00,0.01,0.01,-9.5,NOK
2020-02-06 01:00:00-05:00,0.14,0.16,18.2,NOK
2019-10-24 01:00:00-04:00,0.06,0.06,-6.93,NOK
2019-07-25 01:00:00-04:00,0.04,0.06,51.92,NOK
2019-04-25 01:00:00-04:00,0.03,-0.02,-174.54,NOK
2019-01-31 01:00:00-05:00,0.15,0.15,-0.42,NOK
2018-10-25 01:00:00-04:00,0.06,0.07,11.41,NOK
2018-07-26 01:00:00-04:00,0.05,0.03,-23.1,NOK
2018-04-26 01:00:00-04:00,0.04,0.02,-42.36,NOK
2018-02-01 01:00:00-05:00,0.11,0.16,51.07,NOK
2017-10-26 01:00:00-04:00,0.06,0.11,76.7,NOK
2017-07-27 03:00:00-04:00,0.05,0.09,105.35,NOK
2017-04-27 01:00:00-04:00,0.03,0.03,4.05,NOK
2017-02-02 01:00:00-05:00,0.08,0.13,66.44,NOK
2016-10-27 01:00:00-04:00,0.05,0.04,-4.17,NOK
2016-08-04 01:00:00-04:00,0.04,0.03,-11.57,NOK
2016-05-10 01:00:00-04:00,0.03,0.03,6.78,NOK
2016-02-11 01:00:00-05:00,0.12,0.17,47.8,NOK
2015-10-29 02:00:00-04:00,0.07,0.09,19.18,NOK
2015-07-30 06:00:00-04:00,0.06,0.1,66.69,NOK
2015-04-30 01:00:00-04:00,0.05,0.06,3.51,NOK
2015-01-29 02:00:00-05:00,0.12,0.1,-12.53,NOK
2014-10-23 01:00:00-04:00,0.09,0.11,30.42,NOK
2014-07-24 01:00:00-04:00,0.07,0.08,19.63,NOK
2014-04-29 01:00:00-04:00,0.04,0.06,45.74,NOK
2014-01-24 01:00:00-05:00,0.05,-0.03,-166.78,NOK
2013-10-29 07:00:00-04:00,,0.01,502.63,NOK
2013-07-18 06:00:00-04:00,-0.04,,100.0,NOK
2013-04-18 06:00:00-04:00,-0.06,-0.03,58.16,NOK
2013-01-24 06:00:00-05:00,0.06,0.08,28.04,NOK
2012-10-18 06:00:00-04:00,-0.14,-0.09,33.29,NOK
2012-07-19 05:00:00-04:00,-0.12,-0.1,15.18,NOK
2012-04-19 06:00:00-04:00,-0.1,-0.11,-8.92,NOK
2012-01-26 06:00:00-05:00,0.06,0.08,34.92,NOK
2011-10-20 06:00:00-04:00,-0.02,0.04,287.62,NOK
2011-07-21 06:00:00-04:00,,0.09,2755.96,NOK
2011-04-21 06:00:00-04:00,0.12,0.19,53.13,NOK
2011-01-27 06:00:00-05:00,0.25,0.29,13.84,NOK
2010-10-21 06:00:00-04:00,0.13,0.19,44.25,NOK
2010-07-22 06:00:00-04:00,0.13,0.14,3.96,NOK
2010-04-22 05:00:00-04:00,0.19,0.19,-3.68,NOK
2010-01-28 06:00:00-05:00,0.27,0.35,29.4,NOK
2009-10-15 06:00:00-04:00,0.18,0.25,38.38,NOK
2009-07-16 06:00:00-04:00,0.18,0.21,20.18,NOK
2009-04-16 06:00:00-04:00,0.15,0.13,-11.82,NOK
2009-01-22 07:00:00-05:00,0.39,0.34,-12.7,NOK
2008-10-16 06:00:00-04:00,0.5,0.4,-19.15,NOK
2008-07-17 06:00:00-04:00,0.56,0.57,2.48,NOK
2008-04-17 06:00:00-04:00,0.55,0.51,-8.19,NOK
2008-01-24 06:00:00-05:00,0.62,0.69,11.99,NOK
2007-10-18 06:00:00-04:00,0.45,0.57,27.06,NOK
2007-08-02 07:00:00-04:00,0.37,0.44,17.99,NOK
2007-04-19 06:00:00-04:00,0.32,0.35,9.67,NOK
2007-01-25 05:00:00-05:00,0.35,0.39,12.25,NOK
2006-10-19 06:00:00-04:00,0.31,0.29,-5.72,NOK
2006-07-20 06:00:00-04:00,0.3,0.29,-1.51,NOK
2006-04-20 07:00:00-04:00,0.25,0.31,23.52,NOK
2006-01-26 05:00:00-05:00,0.29,0.31,6.94,NOK
2005-10-20 06:00:00-04:00,0.22,0.22,-0.93,NOK
2005-07-21 06:00:00-04:00,0.25,0.21,-18.57,NOK
2005-04-21 06:00:00-04:00,0.2,0.25,26.94,NOK
2005-01-27 06:00:00-05:00,0.23,0.3,28.78,NOK
2004-10-14 06:00:00-04:00,0.15,0.17,12.48,NOK
2004-07-15 06:00:00-04:00,0.17,0.15,-13.9,NOK
2004-04-16 06:00:00-04:00,0.22,0.2,-7.63,NOK
2004-01-22 06:00:00-05:00,0.33,0.37,12.49,NOK
2003-10-16 06:00:00-04:00,0.18,0.21,15.73,NOK
2003-07-17 05:00:00-04:00,0.15,0.16,5.13,NOK
2003-04-17 05:00:00-04:00,0.16,0.2,21.55,NOK
2003-01-23 05:00:00-05:00,0.23,0.28,20.19,NOK
2002-10-17 05:00:00-04:00,0.17,0.18,3.6,NOK
2002-07-18 08:00:00-04:00,0.17,0.19,13.69,NOK
2002-07-18 08:00:00-04:00,0.14,0.17,22.44,NOK
2002-04-18 05:00:00-04:00,0.16,0.17,5.71,NOK
2026-10-28 16:00:00-04:00,1.03,,,NOW
2026-07-22 16:00:00-04:00,0.86,0.9,5.05,NOW
2026-04-22 16:00:00-04:00,0.97,0.97,0.36,NOW
2026-01-28 16:00:00-05:00,0.89,0.92,3.95,NOW
2025-10-29 16:00:00-04:00,0.85,0.96,13.0,NOW
2025-07-23 16:00:00-04:00,0.71,0.82,14.63,NOW
2025-04-23 16:00:00-04:00,0.77,0.81,5.36,NOW
2025-01-29 16:00:00-05:00,0.73,0.73,0.2,NOW
2024-10-23 16:00:00-04:00,0.69,0.74,7.78,NOW
2024-07-24 16:00:00-04:00,0.57,0.63,10.44,NOW
2024-04-24 16:00:00-04:00,0.63,0.68,8.87,NOW
2024-01-24 16:00:00-05:00,0.56,0.62,11.94,NOW
2023-10-25 16:00:00-04:00,0.51,0.58,14.55,NOW
2023-07-26 16:00:00-04:00,0.41,0.47,15.81,NOW
2023-04-26 16:00:00-04:00,0.41,0.47,16.36,NOW
2023-01-25 16:00:00-05:00,0.4,0.46,12.62,NOW
2022-10-26 16:00:00-04:00,0.37,0.39,6.14,NOW
2022-07-27 16:00:00-04:00,0.31,0.32,4.46,NOW
2022-04-27 16:00:00-04:00,0.34,0.35,2.03,NOW
2022-01-26 16:00:00-05:00,0.29,0.29,2.12,NOW
2021-10-27 16:00:00-04:00,0.28,0.31,11.55,NOW
2021-07-28 16:00:00-04:00,0.24,0.28,17.53,NOW
2021-04-28 16:00:00-04:00,0.27,0.3,12.85,NOW
2021-01-27 16:00:00-05:00,0.21,0.23,10.6,NOW
2020-10-28 16:00:00-04:00,0.21,0.24,17.41,NOW
2020-07-29 16:00:00-04:00,0.2,0.25,20.85,NOW
2020-04-29 16:00:00-04:00,0.19,0.21,10.21,NOW
2020-01-29 16:00:00-05:00,0.17,0.19,10.09,NOW
2019-10-23 16:00:00-04:00,0.18,0.2,11.83,NOW
2019-07-24 16:00:00-04:00,0.13,0.14,11.78,NOW
2019-04-24 16:00:00-04:00,0.11,0.13,23.56,NOW
2019-01-30 16:00:00-05:00,0.13,0.15,21.59,NOW
2018-10-24 16:00:00-04:00,0.12,0.14,14.6,NOW
2018-07-25 16:00:00-04:00,0.09,0.1,15.1,NOW
2018-04-25 16:00:00-04:00,0.07,0.11,51.47,NOW
2018-01-31 16:00:00-05:00,0.07,0.07,-0.19,NOW
2017-10-25 16:00:00-04:00,0.06,0.08,19.8,NOW
2017-07-26 16:00:00-04:00,0.04,0.04,10.61,NOW
2017-04-26 16:00:00-04:00,0.03,0.05,41.68,NOW
2017-01-25 16:00:00-05:00,0.05,0.05,3.99,NOW
2016-10-26 16:00:00-04:00,0.04,0.05,10.36,NOW
2016-07-27 16:00:00-04:00,0.02,0.03,64.38,NOW
2016-04-20 16:00:00-04:00,0.01,0.02,32.55,NOW
2016-01-27 16:00:00-05:00,0.02,0.04,141.27,NOW
2015-10-21 16:00:00-04:00,0.02,0.03,91.94,NOW
2015-07-29 16:00:00-04:00,,0.01,283.07,NOW
2015-04-16 16:00:00-04:00,,,385.71,NOW
2015-01-28 16:00:00-05:00,,0.01,64.84,NOW
2014-10-22 16:00:00-04:00,,0.01,137.15,NOW
2014-07-30 17:00:00-04:00,-0.01,-0.01,1.75,NOW
2014-04-23 16:00:00-04:00,-0.02,-0.02,-0.5,NOW
2014-01-29 16:00:00-05:00,,,-32.89,NOW
2013-10-23 16:00:00-04:00,,,144.54,NOW
2013-07-31 16:00:00-04:00,-0.01,-0.01,-23.71,NOW
2013-04-24 16:00:00-04:00,-0.01,,71.71,NOW
2013-01-30 16:00:00-05:00,-0.01,,100.0,NOW
2012-10-24 16:00:00-04:00,-0.02,-0.01,41.97,NOW
2012-08-01 16:00:00-04:00,-0.01,-0.01,58.22,NOW
2026-11-19 07:00:00-05:00,16.16,,,NTES
2026-08-20 04:00:00-04:00,15.54,12.02,-22.66,NTES
2026-05-21 04:00:00-04:00,15.39,17.46,13.44,NTES
2026-02-11 03:00:00-05:00,14.12,10.95,-22.43,NTES
2025-11-20 03:00:00-05:00,14.81,14.73,-0.55,NTES
2025-08-14 04:00:00-04:00,15.02,14.81,-1.43,NTES
2025-05-15 04:00:00-04:00,13.74,17.51,27.45,NTES
2025-02-20 03:00:00-05:00,12.56,15.09,20.1,NTES
2024-11-14 03:00:00-05:00,12.36,11.63,-5.89,NTES
2024-08-22 05:00:00-04:00,12.09,12.05,-0.37,NTES
2024-05-23 04:00:00-04:00,12.44,13.1,5.34,NTES
2024-02-29 03:00:00-05:00,12.08,11.34,-6.13,NTES
2023-11-16 03:00:00-05:00,10.67,13.3,24.66,NTES
2023-08-24 04:00:00-04:00,9.03,13.88,53.72,NTES
2023-05-25 04:00:00-04:00,8.59,11.62,35.23,NTES
2023-02-23 03:00:00-05:00,7.82,9.92,26.84,NTES
2022-11-17 03:00:00-05:00,7.46,11.34,51.98,NTES
2022-08-18 04:00:00-04:00,7.03,8.18,16.39,NTES
2022-05-24 04:00:00-04:00,7.17,7.72,7.63,NTES
2022-02-24 03:00:00-05:00,6.74,9.92,47.09,NTES
2021-11-16 03:00:00-05:00,6.12,5.74,-6.16,NTES
2021-08-31 04:00:00-04:00,6.11,6.24,2.21,NTES
2021-05-18 04:00:00-04:00,6.26,7.47,19.28,NTES
2021-02-25 03:00:00-05:00,2.94,2.34,-20.35,NTES
2020-11-19 03:00:00-05:00,3.09,5.35,72.91,NTES
2020-08-13 04:00:00-04:00,6.41,7.96,24.23,NTES
2020-05-19 20:00:00-04:00,5.65,6.43,13.78,NTES
2020-02-26 18:00:00-05:00,4.97,5.61,12.75,NTES
2019-11-20 18:00:00-05:00,4.38,7.26,65.85,NTES
2019-08-07 20:00:00-04:00,3.71,5.61,51.36,NTES
2019-05-15 18:00:00-04:00,3.33,4.67,40.09,NTES
2019-02-20 18:00:00-05:00,3.34,3.66,9.76,NTES
2018-11-14 18:00:00-05:00,3.47,3.55,2.03,NTES
2018-08-08 20:00:00-04:00,3.73,4.17,12.02,NTES
2018-05-16 20:00:00-04:00,2.82,2.02,-28.35,NTES
2018-02-07 18:00:00-05:00,3.01,2.84,-5.72,NTES
2017-11-15 18:00:00-05:00,4.28,4.56,6.45,NTES
2017-08-09 20:00:00-04:00,5.45,5.24,-3.89,NTES
2017-05-10 20:00:00-04:00,5.61,6.53,16.57,NTES
2017-02-15 18:00:00-05:00,4.96,5.98,20.54,NTES
2016-11-09 18:00:00-05:00,4.31,4.56,5.87,NTES
2016-08-17 20:00:00-04:00,3.74,4.88,30.49,NTES
2016-05-11 19:00:00-04:00,3.22,4.02,25.07,NTES
2016-02-24 18:00:00-05:00,3.24,3.56,9.67,NTES
2015-11-11 18:00:00-05:00,2.7,3.11,15.19,NTES
2015-08-12 18:00:00-04:00,2.41,2.48,2.88,NTES
2015-05-13 19:00:00-04:00,1.86,1.92,3.14,NTES
2015-02-09 18:00:00-05:00,1.88,1.95,3.52,NTES
2014-11-12 18:00:00-05:00,1.81,1.76,-2.58,NTES
2014-08-13 19:00:00-04:00,1.84,1.82,-0.95,NTES
2014-05-14 19:00:00-04:00,1.8,1.72,-4.22,NTES
2014-02-12 17:00:00-05:00,1.76,1.9,7.89,NTES
2013-11-13 18:00:00-05:00,1.7,1.6,-5.92,NTES
2013-08-14 18:00:00-04:00,1.54,1.68,9.23,NTES
2013-05-15 18:00:00-04:00,1.52,1.62,7.11,NTES
2013-02-06 18:00:00-05:00,1.36,1.53,12.93,NTES
2012-11-14 18:00:00-05:00,1.38,1.23,-10.64,NTES
2012-08-15 18:00:00-04:00,1.38,1.34,-3.05,NTES
2012-05-16 19:00:00-04:00,1.28,1.44,12.71,NTES
2012-02-15 18:00:00-05:00,1.32,1.37,3.89,NTES
2011-11-16 18:00:00-05:00,1.13,1.26,11.2,NTES
2011-08-17 18:00:00-04:00,1.05,1.16,11.03,NTES
2011-05-18 18:00:00-04:00,0.94,1.12,18.67,NTES
2011-02-23 18:00:00-05:00,0.94,1.09,15.87,NTES
2010-11-17 18:00:00-05:00,0.86,0.89,3.99,NTES
2010-08-18 18:00:00-04:00,0.8,0.75,-6.73,NTES
2010-05-19 18:00:00-04:00,0.84,0.7,-17.29,NTES
2010-02-24 18:00:00-05:00,0.8,0.87,8.66,NTES
2009-11-18 18:00:00-05:00,0.67,0.6,-10.83,NTES
2009-08-12 18:00:00-04:00,0.61,0.72,18.4,NTES
2009-05-20 07:00:00-04:00,0.62,0.64,2.79,NTES
2009-02-25 18:00:00-05:00,0.6,0.89,47.29,NTES
2008-11-12 17:00:00-05:00,0.52,0.49,-6.23,NTES
2008-08-13 18:00:00-04:00,0.51,0.51,-0.4,NTES
2008-05-21 18:00:00-04:00,0.43,0.42,-3.71,NTES
2008-02-20 18:00:00-05:00,0.45,0.49,8.89,NTES
2007-11-07 18:00:00-05:00,0.43,0.4,-5.43,NTES
2007-08-13 18:00:00-04:00,0.43,0.47,8.91,NTES
2007-05-21 17:00:00-04:00,0.42,0.44,5.89,NTES
2007-02-26 17:00:00-05:00,0.38,0.47,23.03,NTES
2006-11-06 17:00:00-05:00,0.44,0.46,3.36,NTES
2006-08-14 16:00:00-04:00,0.43,0.45,4.12,NTES
2006-05-16 16:00:00-04:00,0.37,0.42,13.26,NTES
2006-02-23 16:00:00-05:00,0.35,0.39,8.9,NTES
2005-11-07 16:00:00-05:00,0.37,0.36,-2.13,NTES
2005-08-02 16:00:00-04:00,0.27,0.34,23.97,NTES
2005-04-26 16:00:00-04:00,0.19,0.22,13.57,NTES
2005-02-22 16:00:00-05:00,0.18,0.19,4.25,NTES
2004-11-03 16:00:00-05:00,0.14,0.14,-2.86,NTES
2004-08-02 16:00:00-04:00,0.16,0.15,-5.49,NTES
2004-04-29 16:00:00-04:00,0.15,0.16,1.79,NTES
2004-02-17 16:00:00-05:00,0.13,0.14,8.73,NTES
2003-10-28 16:00:00-05:00,0.13,0.12,-7.89,NTES
2003-07-28 16:00:00-04:00,0.1,0.12,19.17,NTES
2003-04-28 16:00:00-04:00,0.07,0.11,52.95,NTES
2003-02-25 16:00:00-05:00,0.06,0.07,16.48,NTES
2026-11-05 07:00:00-05:00,-0.18,,,NVAX
2026-08-06 08:00:00-04:00,-0.38,-0.32,16.58,NVAX
2026-05-06 08:00:00-04:00,-0.37,-0.06,83.78,NVAX
2026-02-26 08:00:00-05:00,-0.55,0.11,120.24,NVAX
2025-11-06 08:00:00-05:00,-1.13,-0.47,58.04,NVAX
2025-08-06 07:00:00-04:00,0.06,0.62,1000.27,NVAX
2025-05-08 07:00:00-04:00,0.71,2.93,313.53,NVAX
2025-02-27 07:00:00-05:00,-0.51,-0.52,-1.21,NVAX
2024-11-12 08:00:00-05:00,-0.75,-0.76,-1.88,NVAX
2024-08-08 08:00:00-04:00,1.7,0.99,-41.76,NVAX
2024-05-10 02:00:00-04:00,-1.08,-1.05,2.78,NVAX
2024-02-28 08:00:00-05:00,-0.35,-1.44,-313.4,NVAX
2023-11-09 08:00:00-05:00,-2.21,-1.26,42.99,NVAX
2023-08-08 08:00:00-04:00,-1.16,0.58,149.81,NVAX
2023-05-09 06:00:00-04:00,-3.42,-3.41,0.29,NVAX
2023-02-28 16:00:00-05:00,-1.05,-2.28,-117.56,NVAX
2022-11-08 16:00:00-05:00,1.59,-2.15,-235.01,NVAX
2022-08-08 16:00:00-04:00,5.18,-6.53,-225.96,NVAX
2022-05-09 16:00:00-04:00,2.65,2.56,-3.54,NVAX
2022-02-28 16:00:00-05:00,-1.8,-11.18,-520.36,NVAX
2021-11-04 16:00:00-04:00,-3.55,-4.31,-21.49,NVAX
2021-08-05 16:00:00-04:00,-3.25,-4.75,-46.17,NVAX
2021-05-10 16:00:00-04:00,-3.6,-3.05,15.25,NVAX
2021-03-01 16:00:00-05:00,-2.24,-2.7,-20.66,NVAX
2020-11-09 16:00:00-05:00,1.73,-3.21,-285.41,NVAX
2020-08-10 16:00:00-04:00,-0.33,-0.3,9.77,NVAX
2020-05-11 16:00:00-04:00,-0.67,-0.58,13.86,NVAX
2020-03-11 16:00:00-04:00,-1.05,-1.13,-7.89,NVAX
2019-11-07 16:00:00-05:00,-0.89,-1.11,-24.46,NVAX
2019-08-07 16:00:00-04:00,-1.59,-1.69,-6.36,NVAX
2019-05-02 16:00:00-04:00,-2.26,-2.2,2.58,NVAX
2019-03-18 16:00:00-04:00,-2.39,-2.6,-8.59,NVAX
2018-11-07 16:00:00-05:00,-2.52,-2.4,4.79,NVAX
2018-08-08 16:00:00-04:00,-2.46,-2.4,2.62,NVAX
2018-05-09 16:00:00-04:00,-2.78,-2.8,-0.79,NVAX
2018-03-14 16:00:00-04:00,-3.11,-3.2,-2.84,NVAX
2017-11-07 16:00:00-05:00,-3.19,-3.0,5.91,NVAX
2017-08-08 16:00:00-04:00,-3.17,-3.2,-0.99,NVAX
2017-05-08 16:00:00-04:00,-3.47,-3.2,7.79,NVAX
2017-02-27 16:00:00-05:00,-4.56,-4.2,7.92,NVAX
2016-11-09 16:00:00-05:00,-5.24,-4.8,8.33,NVAX
2016-08-09 16:00:00-04:00,-5.08,-5.8,-14.24,NVAX
2016-05-04 16:00:00-04:00,-5.41,-5.8,-7.3,NVAX
2016-02-29 07:00:00-05:00,-2.95,-5.8,-96.37,NVAX
2015-11-09 06:00:00-05:00,-1.9,-2.4,-26.32,NVAX
2015-08-10 16:00:00-04:00,-1.81,-1.6,11.47,NVAX
2015-05-07 16:00:00-04:00,-2.2,-2.0,9.09,NVAX
2015-02-26 16:00:00-05:00,-1.8,-2.6,-44.44,NVAX
2014-11-05 16:00:00-05:00,-1.6,-1.6,,NVAX
2014-08-06 16:00:00-04:00,-1.3,-1.6,-23.08,NVAX
2014-05-07 16:00:00-04:00,-1.6,-1.4,12.5,NVAX
2014-03-10 16:00:00-04:00,-1.47,-1.4,4.55,NVAX
2013-11-07 16:00:00-05:00,-1.15,-1.8,-56.52,NVAX
2013-08-08 08:00:00-04:00,-1.13,-1.6,-41.18,NVAX
2013-05-07 08:00:00-04:00,-1.12,-1.4,-25.0,NVAX
2013-03-01 08:00:00-05:00,-0.84,-1.2,-42.86,NVAX
2012-11-02 08:00:00-04:00,-1.0,-1.0,,NVAX
2012-08-03 08:00:00-04:00,-0.96,-1.0,-4.17,NVAX
2012-05-04 08:00:00-04:00,-0.76,-1.2,-57.89,NVAX
2012-03-09 08:00:00-05:00,-0.77,-0.6,21.74,NVAX
2011-11-04 08:00:00-04:00,-1.16,-0.6,48.28,NVAX
2011-08-05 08:00:00-04:00,-1.53,-0.8,47.83,NVAX
2011-05-09 08:00:00-04:00,-0.7,-1.4,-100.0,NVAX
2011-03-28 08:00:00-04:00,-1.65,-1.2,27.27,NVAX
2010-11-05 08:00:00-04:00,-1.8,-2.0,-11.11,NVAX
2010-08-06 08:00:00-04:00,-2.1,-1.8,14.29,NVAX
2010-05-10 05:00:00-04:00,-2.8,-2.2,21.43,NVAX
2010-03-12 08:00:00-05:00,-1.8,-3.0,-66.67,NVAX
2009-11-06 08:00:00-05:00,-1.9,-1.6,15.79,NVAX
2009-08-07 08:00:00-04:00,-2.2,-2.0,9.09,NVAX
2009-05-08 08:00:00-04:00,-2.2,-2.4,-9.09,NVAX
2009-03-31 15:00:00-04:00,-2.6,-2.2,15.38,NVAX
2008-11-10 08:00:00-05:00,-2.8,-3.2,-14.29,NVAX
2008-08-08 08:00:00-04:00,-2.8,-2.8,,NVAX
2008-05-09 08:00:00-04:00,-2.4,-2.4,,NVAX
2008-03-14 08:00:00-04:00,-2.6,-3.0,-15.38,NVAX
2007-11-12 07:00:00-05:00,-2.6,-3.0,-15.38,NVAX
2007-08-10 07:00:00-04:00,-2.8,-2.6,7.14,NVAX
2007-05-11 07:00:00-04:00,-2.0,-2.8,-40.0,NVAX
2007-03-14 07:00:00-04:00,-1.8,-2.0,-11.11,NVAX
2006-11-14 08:00:00-05:00,-2.4,-1.6,33.33,NVAX
2006-08-14 08:00:00-04:00,-1.4,-2.0,-42.86,NVAX
2006-05-15 07:00:00-04:00,-3.6,-2.2,38.89,NVAX
2006-03-01 08:00:00-05:00,-1.8,2.6,244.44,NVAX
2005-11-08 07:00:00-05:00,-2.4,-1.2,50.0,NVAX
2005-08-09 07:00:00-04:00,-2.8,-2.8,,NVAX
2005-05-10 07:00:00-04:00,-2.8,-4.4,-57.14,NVAX
2005-03-14 18:00:00-05:00,-5.0,-5.2,-4.0,NVAX
2004-11-03 19:00:00-05:00,-6.4,-6.2,3.13,NVAX
2004-08-09 16:00:00-04:00,-6.8,-4.4,35.29,NVAX
2004-03-10 17:00:00-05:00,-4.0,-2.0,50.0,NVAX
2003-11-10 17:00:00-05:00,-3.8,-2.2,42.11,NVAX
2003-08-12 18:00:00-04:00,-3.8,-3.4,10.53,NVAX
2003-05-13 18:00:00-04:00,-3.4,-4.4,-29.41,NVAX
2003-05-13 18:00:00-04:00,-4.16,-4.8,-15.38,NVAX
2003-03-19 08:00:00-05:00,-4.4,-3.6,18.18,NVAX
2002-11-12 09:00:00-05:00,-3.8,-5.4,-42.11,NVAX
2002-08-12 07:00:00-04:00,-1.8,-1.6,11.11,NVAX
2002-08-12 07:00:00-04:00,-4.68,-4.4,5.98,NVAX
2002-05-09 16:00:00-04:00,-1.8,-2.0,-11.11,NVAX
2026-11-17 15:00:00-05:00,2.47,,,NVDA
2026-08-26 16:00:00-04:00,2.09,2.22,6.16,NVDA
2026-05-20 16:00:00-04:00,1.77,1.87,5.54,NVDA
2026-02-25 16:00:00-05:00,1.54,1.62,5.32,NVDA
2025-11-19 16:00:00-05:00,1.26,1.3,3.46,NVDA
2025-08-27 16:00:00-04:00,1.01,1.05,4.1,NVDA
2025-05-28 16:00:00-04:00,0.75,0.81,8.02,NVDA
2025-02-26 16:00:00-05:00,0.85,0.89,5.25,NVDA
2024-11-20 16:00:00-05:00,0.75,0.81,8.52,NVDA
2024-08-28 16:00:00-04:00,0.64,0.68,5.66,NVDA
2024-05-22 16:00:00-04:00,0.56,0.61,9.74,NVDA
2024-02-21 16:00:00-05:00,0.46,0.52,11.4,NVDA
2023-11-21 16:00:00-05:00,0.34,0.4,18.73,NVDA
2023-08-23 16:00:00-04:00,0.21,0.27,29.35,NVDA
2023-05-24 16:00:00-04:00,0.09,0.11,18.8,NVDA
2023-02-22 16:00:00-05:00,0.08,0.09,9.45,NVDA
2022-11-16 16:00:00-05:00,0.07,0.06,-17.32,NVDA
2022-08-24 16:00:00-04:00,0.05,0.05,-1.49,NVDA
2022-05-25 16:00:00-04:00,0.13,0.14,4.86,NVDA
2022-02-16 16:00:00-05:00,0.12,0.13,7.97,NVDA
2021-11-17 16:00:00-05:00,0.11,0.12,5.81,NVDA
2021-08-18 16:00:00-04:00,0.1,0.1,2.26,NVDA
2021-05-26 16:00:00-04:00,0.08,0.09,11.44,NVDA
2021-02-24 16:00:00-05:00,0.07,0.08,10.37,NVDA
2020-11-18 16:00:00-05:00,0.06,0.07,14.21,NVDA
2020-08-19 16:00:00-04:00,0.05,0.05,10.66,NVDA
2020-05-21 16:00:00-04:00,0.04,0.05,6.86,NVDA
2020-02-13 16:00:00-05:00,0.04,0.05,12.88,NVDA
2019-11-14 16:00:00-05:00,0.04,0.04,13.17,NVDA
2019-08-15 16:00:00-04:00,0.03,0.03,8.24,NVDA
2019-05-16 16:00:00-04:00,0.02,0.02,8.75,NVDA
2019-02-14 16:00:00-05:00,0.02,0.02,6.5,NVDA
2018-11-15 16:00:00-05:00,0.05,0.05,-4.09,NVDA
2018-08-16 16:00:00-04:00,0.05,0.05,5.09,NVDA
2018-05-10 16:00:00-04:00,0.04,0.05,23.49,NVDA
2018-02-08 16:00:00-05:00,0.03,0.04,29.95,NVDA
2017-11-09 16:00:00-05:00,0.03,0.03,23.84,NVDA
2017-08-10 16:00:00-04:00,0.02,0.03,23.84,NVDA
2017-05-09 16:00:00-04:00,0.02,0.02,4.53,NVDA
2017-02-09 16:00:00-05:00,0.02,0.03,15.49,NVDA
2016-11-10 16:00:00-05:00,0.02,0.02,37.75,NVDA
2016-08-11 16:00:00-04:00,0.01,0.01,10.97,NVDA
2016-05-12 21:00:00-04:00,0.01,0.01,12.97,NVDA
2016-02-17 16:00:00-05:00,0.01,0.01,19.38,NVDA
2015-11-05 16:00:00-05:00,0.01,0.01,30.68,NVDA
2015-08-06 16:00:00-04:00,0.01,0.01,66.67,NVDA
2015-05-07 16:00:00-04:00,0.01,0.01,,NVDA
2015-02-11 16:00:00-05:00,0.01,0.01,18.52,NVDA
2014-11-06 16:00:00-05:00,0.01,0.01,10.05,NVDA
2014-08-07 16:00:00-04:00,0.01,0.01,21.16,NVDA
2014-05-08 16:00:00-04:00,0.01,0.01,27.87,NVDA
2014-02-12 16:00:00-05:00,0.01,0.01,32.45,NVDA
2013-11-07 16:00:00-05:00,0.01,0.01,1.25,NVDA
2013-08-08 16:00:00-04:00,,0.01,22.34,NVDA
2013-05-09 16:00:00-04:00,,,15.98,NVDA
2013-02-13 16:00:00-05:00,0.01,0.01,17.61,NVDA
2012-11-08 16:00:00-05:00,0.01,0.01,9.18,NVDA
2012-08-09 16:00:00-04:00,0.01,0.01,23.18,NVDA
2012-05-11 07:00:00-04:00,,,4.17,NVDA
2012-02-15 16:00:00-05:00,0.01,0.01,9.61,NVDA
2011-11-10 16:00:00-05:00,0.01,0.01,11.04,NVDA
2011-08-11 16:00:00-04:00,0.01,0.01,12.04,NVDA
2011-05-12 16:00:00-04:00,,0.01,37.47,NVDA
2011-02-16 16:00:00-05:00,0.01,0.01,5.7,NVDA
2010-11-11 16:00:00-05:00,,,3.02,NVDA
2010-08-12 16:00:00-04:00,,,-70.7,NVDA
2010-05-13 16:00:00-04:00,0.01,0.01,3.98,NVDA
2010-02-17 16:00:00-05:00,,0.01,30.26,NVDA
2009-11-05 16:00:00-05:00,,,89.24,NVDA
2009-08-06 16:00:00-04:00,,,537.5,NVDA
2009-05-07 16:00:00-04:00,,,7.41,NVDA
2009-02-10 16:00:00-05:00,,,-89.08,NVDA
2008-11-06 16:00:00-05:00,,0.01,73.61,NVDA
2008-08-12 16:00:00-04:00,,,-3.85,NVDA
2008-05-08 16:00:00-04:00,0.01,0.01,-9.42,NVDA
2008-02-13 17:00:00-05:00,0.01,0.01,3.56,NVDA
2007-11-08 16:00:00-05:00,0.01,0.01,15.01,NVDA
2007-08-09 16:00:00-04:00,0.01,0.01,20.1,NVDA
2007-05-10 16:00:00-04:00,0.01,0.01,1.85,NVDA
2007-02-13 16:00:00-05:00,0.01,0.01,1.39,NVDA
2006-11-09 16:00:00-05:00,,0.01,5.08,NVDA
2006-11-09 16:00:00-05:00,,,-7.56,NVDA
2006-05-11 16:00:00-04:00,,,-19.37,NVDA
2006-02-16 16:00:00-05:00,,,8.33,NVDA
2005-11-09 16:00:00-05:00,,,,NVDA
2005-08-11 16:00:00-04:00,,,21.71,NVDA
2005-05-12 16:00:00-04:00,,,32.74,NVDA
2005-02-17 16:00:00-05:00,,,21.62,NVDA
2004-11-04 16:00:00-05:00,,,62.34,NVDA
2004-08-05 16:00:00-04:00,,,-80.31,NVDA
2004-05-06 16:00:00-04:00,,,19.05,NVDA
2004-02-12 16:00:00-05:00,,,30.0,NVDA
2003-11-06 16:00:00-05:00,,,-17.0,NVDA
2003-08-07 16:00:00-04:00,,,23.16,NVDA
2003-05-08 16:00:00-04:00,,,14.94,NVDA
2003-02-13 16:00:00-05:00,,,134.0,NVDA
2002-11-07 16:00:00-05:00,,,-25.37,NVDA
2002-08-15 16:00:00-04:00,,,-7.6,NVDA
2002-08-15 16:00:00-04:00,,,-42.86,NVDA
2002-05-22 16:00:00-04:00,,,-20.36,NVDA
2026-10-27 16:00:00-04:00,4.1,,,NXPI
2026-07-28 16:00:00-04:00,3.53,3.61,2.35,NXPI
2026-04-28 16:00:00-04:00,2.98,3.05,2.2,NXPI
2026-02-02 16:00:00-05:00,3.31,3.35,1.18,NXPI
2025-10-27 16:00:00-04:00,3.12,3.11,-0.27,NXPI
2025-07-21 16:00:00-04:00,2.66,2.72,2.31,NXPI
2025-04-28 16:00:00-04:00,2.6,2.64,1.39,NXPI
2025-02-03 16:00:00-05:00,3.14,3.18,1.4,NXPI
2024-11-04 16:00:00-05:00,3.43,3.45,0.71,NXPI
2024-07-22 20:00:00-04:00,3.2,3.2,-0.11,NXPI
2024-04-29 16:00:00-04:00,3.18,3.24,2.01,NXPI
2024-02-05 16:00:00-05:00,3.64,3.71,1.84,NXPI
2023-11-06 16:00:00-05:00,3.59,3.7,2.92,NXPI
2023-07-24 16:00:00-04:00,3.28,3.43,4.43,NXPI
2023-05-01 17:00:00-04:00,3.02,3.19,5.77,NXPI
2023-01-30 16:00:00-05:00,3.63,3.73,2.79,NXPI
2022-10-31 16:00:00-04:00,3.66,3.81,3.95,NXPI
2022-07-25 16:00:00-04:00,3.38,3.52,4.3,NXPI
2022-05-02 22:00:00-04:00,3.19,3.37,5.46,NXPI
2022-01-31 16:00:00-05:00,3.01,3.2,6.28,NXPI
2021-11-01 13:00:00-04:00,2.74,2.84,4.01,NXPI
2021-08-01 20:00:00-04:00,2.32,2.39,2.93,NXPI
2021-04-26 16:00:00-04:00,2.21,2.31,4.55,NXPI
2021-02-01 16:00:00-05:00,2.12,2.22,4.72,NXPI
2020-10-26 17:00:00-04:00,1.6,1.62,1.63,NXPI
2020-07-27 17:00:00-04:00,0.86,0.94,9.2,NXPI
2020-04-28 06:00:00-04:00,1.37,1.4,1.6,NXPI
2020-02-03 17:00:00-05:00,2.02,1.99,-1.49,NXPI
2019-10-28 17:00:00-04:00,1.93,2.02,4.51,NXPI
2019-07-29 20:00:00-04:00,1.78,1.91,7.28,NXPI
2019-04-29 20:00:00-04:00,1.55,1.66,6.79,NXPI
2019-02-06 20:00:00-05:00,2.08,2.13,2.55,NXPI
2018-10-31 20:00:00-04:00,1.9,2.01,5.6,NXPI
2018-07-26 05:00:00-04:00,1.66,1.65,-0.53,NXPI
2018-05-02 20:00:00-04:00,1.67,1.55,-7.24,NXPI
2018-02-07 20:00:00-05:00,1.79,1.96,9.35,NXPI
2017-10-25 20:00:00-04:00,1.69,1.85,9.71,NXPI
2017-08-02 20:00:00-04:00,1.49,1.51,0.96,NXPI
2017-05-03 20:00:00-04:00,1.35,1.4,3.91,NXPI
2017-02-01 20:00:00-05:00,1.65,1.95,18.26,NXPI
2016-10-26 20:00:00-04:00,1.59,1.65,3.47,NXPI
2016-07-27 20:00:00-04:00,1.35,1.39,3.17,NXPI
2016-04-25 20:00:00-04:00,1.11,1.14,2.49,NXPI
2016-02-03 20:00:00-05:00,1.02,1.25,23.14,NXPI
2015-10-28 23:00:00-04:00,1.5,1.57,4.84,NXPI
2015-07-29 20:00:00-04:00,1.38,1.44,4.09,NXPI
2015-04-29 20:00:00-04:00,1.31,1.35,2.92,NXPI
2015-02-04 20:00:00-05:00,1.32,1.35,2.07,NXPI
2014-10-22 20:00:00-04:00,1.31,1.35,3.06,NXPI
2014-07-23 19:00:00-04:00,1.05,1.09,3.86,NXPI
2014-04-23 20:00:00-04:00,0.91,0.98,7.69,NXPI
2014-02-05 18:00:00-05:00,0.95,0.99,4.44,NXPI
2013-10-23 20:00:00-04:00,0.82,0.85,3.57,NXPI
2013-07-31 20:00:00-04:00,0.65,0.71,9.06,NXPI
2013-04-22 19:00:00-04:00,0.49,0.72,46.27,NXPI
2013-01-30 18:00:00-05:00,0.47,0.5,5.42,NXPI
2012-10-24 20:00:00-04:00,0.56,0.56,,NXPI
2012-07-24 06:00:00-04:00,0.4,0.45,11.57,NXPI
2012-04-26 16:00:00-04:00,0.18,0.19,5.56,NXPI
2012-02-09 16:00:00-05:00,0.26,0.24,-7.69,NXPI
2011-11-01 06:00:00-04:00,0.51,0.5,-1.72,NXPI
2011-07-28 16:00:00-04:00,0.52,0.51,-2.24,NXPI
2011-05-04 07:00:00-04:00,0.42,0.46,9.09,NXPI
2011-02-15 07:00:00-05:00,0.47,0.37,-21.69,NXPI
2010-11-02 03:00:00-04:00,0.43,0.49,13.95,NXPI
2026-11-05 15:00:00-05:00,-0.05,,,OPEN
2026-08-04 16:00:00-04:00,-0.02,-0.03,-31.95,OPEN
2026-05-07 16:00:00-04:00,-0.06,-0.05,16.34,OPEN
2026-02-19 16:00:00-05:00,-0.09,-0.07,24.28,OPEN
2025-11-06 16:00:00-05:00,-0.07,-0.08,-19.6,OPEN
2025-08-05 16:00:00-04:00,-0.02,-0.01,35.53,OPEN
2025-05-06 16:00:00-04:00,-0.1,-0.09,15.86,OPEN
2025-02-27 16:00:00-05:00,-0.14,-0.11,21.34,OPEN
2024-11-07 16:00:00-05:00,-0.13,-0.1,24.03,OPEN
2024-08-01 16:00:00-04:00,-0.09,-0.04,50.98,OPEN
2024-05-02 16:00:00-04:00,-0.16,-0.12,28.25,OPEN
2024-02-15 16:00:00-05:00,-0.19,-0.14,22.95,OPEN
2023-11-02 16:00:00-04:00,-0.15,-0.11,24.42,OPEN
2023-08-03 16:00:00-04:00,-0.38,-0.3,23.21,OPEN
2023-05-04 16:00:00-04:00,-0.73,-0.64,12.39,OPEN
2023-02-23 16:00:00-05:00,-0.74,-0.74,0.82,OPEN
2022-11-03 16:00:00-04:00,-0.41,-0.52,-28.11,OPEN
2022-08-04 16:00:00-04:00,0.12,0.2,63.44,OPEN
2022-05-05 16:00:00-04:00,-0.06,0.15,337.69,OPEN
2022-02-24 16:00:00-05:00,-0.1,-0.13,-33.67,OPEN
2021-11-10 16:00:00-05:00,-0.01,-0.03,-186.0,OPEN
2021-08-11 16:00:00-04:00,-0.05,,108.42,OPEN
2021-05-11 16:00:00-04:00,0.08,-0.04,-143.76,OPEN
2021-03-04 16:00:00-05:00,-0.05,-0.23,-361.76,OPEN
2026-12-10 15:00:00-05:00,1.89,,,ORCL
2026-09-10 16:00:00-04:00,1.74,1.92,10.45,ORCL
2026-06-10 16:00:00-04:00,1.96,2.11,7.52,ORCL
2026-03-10 16:00:00-04:00,1.69,1.79,5.69,ORCL
2025-12-10 16:00:00-05:00,1.64,2.26,38.04,ORCL
2025-09-09 16:00:00-04:00,1.48,1.47,-0.62,ORCL
2025-06-11 16:00:00-04:00,1.64,1.7,3.37,ORCL
2025-03-10 16:00:00-04:00,1.49,1.47,-1.35,ORCL
2024-12-09 16:00:00-05:00,1.48,1.47,-0.77,ORCL
2024-09-09 16:00:00-04:00,1.33,1.39,4.29,ORCL
2024-06-11 16:00:00-04:00,1.65,1.63,-1.14,ORCL
2024-03-11 16:00:00-04:00,1.38,1.41,2.47,ORCL
2023-12-11 16:00:00-05:00,1.33,1.34,0.95,ORCL
2023-09-11 16:00:00-04:00,1.15,1.19,3.46,ORCL
2023-06-12 16:00:00-04:00,1.58,1.67,5.56,ORCL
2023-03-09 16:00:00-05:00,1.2,1.22,1.44,ORCL
2022-12-12 16:00:00-05:00,1.17,1.21,3.15,ORCL
2022-09-12 16:00:00-04:00,1.08,1.03,-4.22,ORCL
2022-06-13 16:00:00-04:00,1.38,1.54,11.95,ORCL
2022-03-10 16:00:00-05:00,1.18,1.13,-4.02,ORCL
2021-12-09 16:00:00-05:00,1.11,1.21,8.53,ORCL
2021-09-13 16:00:00-04:00,0.97,1.03,6.4,ORCL
2021-06-15 16:00:00-04:00,1.33,1.54,15.62,ORCL
2021-03-10 16:00:00-05:00,1.11,1.16,4.54,ORCL
2020-12-10 16:00:00-05:00,1.0,1.06,6.13,ORCL
2020-09-10 16:00:00-04:00,0.86,0.93,7.77,ORCL
2020-06-16 16:00:00-04:00,1.15,1.2,4.16,ORCL
2020-03-12 16:00:00-04:00,0.96,0.97,1.06,ORCL
2019-12-12 16:00:00-05:00,0.89,0.9,1.51,ORCL
2019-09-11 16:00:00-04:00,0.81,0.81,0.24,ORCL
2019-06-19 16:00:00-04:00,1.07,1.16,7.98,ORCL
2019-03-14 16:00:00-04:00,0.84,0.87,3.41,ORCL
2018-12-17 16:00:00-05:00,0.78,0.8,2.36,ORCL
2018-09-17 16:00:00-04:00,0.68,0.71,3.75,ORCL
2018-06-19 16:00:00-04:00,0.94,0.99,5.14,ORCL
2018-03-19 16:00:00-04:00,0.72,0.83,14.81,ORCL
2017-12-14 16:00:00-05:00,0.68,0.7,2.67,ORCL
2017-09-14 16:00:00-04:00,0.6,0.62,2.68,ORCL
2017-06-21 16:00:00-04:00,0.78,0.89,13.58,ORCL
2017-03-15 16:00:00-04:00,0.62,0.69,11.75,ORCL
2016-12-15 16:00:00-05:00,0.6,0.61,1.74,ORCL
2016-09-15 16:00:00-04:00,0.58,0.55,-5.06,ORCL
2016-06-16 16:00:00-04:00,0.82,0.81,-0.68,ORCL
2016-03-15 16:00:00-04:00,0.62,0.64,3.25,ORCL
2015-12-16 16:00:00-05:00,0.6,0.63,4.98,ORCL
2015-09-16 16:00:00-04:00,0.52,0.53,1.31,ORCL
2015-06-17 16:00:00-04:00,0.86,0.78,-9.79,ORCL
2015-03-17 16:00:00-04:00,0.68,0.68,-0.22,ORCL
2014-12-17 16:00:00-05:00,0.68,0.69,1.05,ORCL
2014-09-18 16:00:00-04:00,0.64,0.62,-2.91,ORCL
2014-06-19 16:00:00-04:00,0.95,0.92,-3.64,ORCL
2014-03-18 16:00:00-04:00,0.7,0.68,-2.95,ORCL
2013-12-18 16:00:00-05:00,0.67,0.69,2.63,ORCL
2013-09-18 16:00:00-04:00,0.56,0.59,5.12,ORCL
2013-06-20 16:00:00-04:00,0.88,0.87,-0.66,ORCL
2013-03-20 16:00:00-04:00,0.66,0.65,-1.9,ORCL
2012-12-18 16:00:00-05:00,0.61,0.64,5.05,ORCL
2012-09-20 16:00:00-04:00,0.53,0.53,-0.56,ORCL
2012-06-18 17:00:00-04:00,0.78,0.82,4.7,ORCL
2012-03-20 16:00:00-04:00,0.56,0.62,10.36,ORCL
2011-12-20 16:00:00-05:00,0.57,0.54,-5.31,ORCL
2011-09-20 16:00:00-04:00,0.47,0.48,3.13,ORCL
2011-06-23 16:00:00-04:00,0.71,0.75,5.04,ORCL
2011-03-24 15:00:00-04:00,0.5,0.54,9.08,ORCL
2010-12-16 16:00:00-05:00,0.45,0.51,12.1,ORCL
2010-09-16 16:00:00-04:00,0.37,0.42,15.04,ORCL
2010-06-24 16:00:00-04:00,0.54,0.6,11.6,ORCL
2010-03-25 16:00:00-04:00,0.37,0.38,1.39,ORCL
2009-12-17 16:00:00-05:00,0.36,0.39,8.91,ORCL
2009-09-16 16:00:00-04:00,0.3,0.3,-0.28,ORCL
2009-06-23 16:00:00-04:00,0.44,0.46,3.73,ORCL
2009-03-18 16:00:00-04:00,0.32,0.35,10.35,ORCL
2008-12-18 16:00:00-05:00,0.34,0.34,-0.41,ORCL
2008-09-18 16:00:00-04:00,0.27,0.29,8.53,ORCL
2008-06-25 16:00:00-04:00,0.44,0.47,6.3,ORCL
2008-03-26 16:00:00-04:00,0.3,0.3,-0.12,ORCL
2007-12-19 16:00:00-05:00,0.27,0.31,15.27,ORCL
2007-09-20 16:00:00-04:00,0.21,0.22,4.41,ORCL
2007-06-26 16:00:00-04:00,0.35,0.37,6.8,ORCL
2007-03-20 16:00:00-04:00,0.22,0.25,11.61,ORCL
2006-12-18 16:00:00-05:00,0.22,0.22,-0.7,ORCL
2006-09-19 16:00:00-04:00,0.16,0.18,10.82,ORCL
2006-06-22 16:00:00-04:00,0.28,0.29,2.69,ORCL
2006-03-20 16:00:00-05:00,0.18,0.19,5.2,ORCL
2005-12-15 16:00:00-05:00,0.19,0.19,0.07,ORCL
2005-09-22 17:00:00-04:00,0.14,0.14,0.21,ORCL
2005-06-29 07:00:00-04:00,0.23,0.26,11.2,ORCL
2005-03-22 16:00:00-05:00,0.15,0.16,6.44,ORCL
2004-12-13 06:00:00-05:00,0.13,0.16,19.1,ORCL
2004-09-14 16:00:00-04:00,0.09,0.1,9.51,ORCL
2004-06-15 16:00:00-04:00,0.18,0.19,5.96,ORCL
2004-03-11 16:00:00-05:00,0.12,0.12,0.82,ORCL
2003-12-15 16:00:00-05:00,0.11,0.12,9.51,ORCL
2003-09-12 07:00:00-04:00,0.08,0.08,-2.39,ORCL
2003-06-12 16:00:00-04:00,0.14,0.16,14.81,ORCL
2003-03-18 16:00:00-05:00,0.1,0.11,10.99,ORCL
2002-12-18 16:00:00-05:00,0.08,0.1,20.0,ORCL
2002-09-17 16:00:00-04:00,0.08,0.09,15.98,ORCL
2002-09-17 16:00:00-04:00,0.07,0.07,-1.38,ORCL
2002-06-18 16:00:00-04:00,0.14,0.15,5.4,ORCL
2026-10-28 16:00:00-04:00,0.93,,,ORLY
2026-07-29 16:00:00-04:00,0.86,0.86,0.17,ORLY
2026-04-29 16:00:00-04:00,0.7,0.72,3.35,ORLY
2026-02-04 16:00:00-05:00,0.72,0.71,-2.06,ORLY
2025-10-22 16:00:00-04:00,0.83,0.85,2.37,ORLY
2025-07-23 16:00:00-04:00,0.78,0.78,-0.28,ORLY
2025-04-23 16:00:00-04:00,0.66,0.62,-5.25,ORLY
2025-02-05 16:00:00-05:00,0.65,0.63,-2.69,ORLY
2024-10-23 16:00:00-04:00,0.77,0.76,-1.16,ORLY
2024-07-24 16:00:00-04:00,0.73,0.7,-4.05,ORLY
2024-04-24 16:00:00-04:00,0.62,0.61,-0.94,ORLY
2024-02-07 16:00:00-05:00,0.61,0.62,0.46,ORLY
2023-10-25 16:00:00-04:00,0.69,0.71,3.13,ORLY
2023-07-26 16:00:00-04:00,0.67,0.68,1.29,ORLY
2023-04-26 16:00:00-04:00,0.54,0.55,3.12,ORLY
2023-02-08 16:00:00-05:00,0.52,0.56,8.23,ORLY
2022-10-26 16:00:00-04:00,0.57,0.61,7.77,ORLY
2022-07-27 16:00:00-04:00,0.6,0.59,-2.37,ORLY
2022-04-27 16:00:00-04:00,0.5,0.48,-3.75,ORLY
2022-02-09 16:00:00-05:00,0.4,0.51,26.93,ORLY
2021-10-27 16:00:00-04:00,0.48,0.54,11.86,ORLY
2021-07-28 16:00:00-04:00,0.5,0.56,11.01,ORLY
2021-04-28 16:00:00-04:00,0.36,0.47,29.87,ORLY
2021-02-10 16:00:00-05:00,0.34,0.36,5.23,ORLY
2020-10-28 16:00:00-04:00,0.43,0.47,10.09,ORLY
2020-07-29 16:00:00-04:00,0.28,0.47,67.71,ORLY
2020-04-22 16:00:00-04:00,0.26,0.26,0.45,ORLY
2020-02-05 16:00:00-05:00,0.28,0.28,-0.4,ORLY
2019-10-23 16:00:00-04:00,0.32,0.34,6.1,ORLY
2019-07-24 16:00:00-04:00,0.31,0.3,-3.21,ORLY
2019-04-24 16:00:00-04:00,0.27,0.27,-0.09,ORLY
2019-02-06 16:00:00-05:00,0.25,0.25,-0.83,ORLY
2018-10-24 16:00:00-04:00,0.29,0.3,4.52,ORLY
2018-07-25 16:00:00-04:00,0.27,0.29,5.69,ORLY
2018-04-25 16:00:00-04:00,0.24,0.24,0.89,ORLY
2018-02-07 16:00:00-05:00,0.19,0.23,26.38,ORLY
2017-10-25 16:00:00-04:00,0.21,0.21,2.22,ORLY
2017-07-26 16:00:00-04:00,0.19,0.2,4.77,ORLY
2017-04-26 16:00:00-04:00,0.19,0.19,-1.8,ORLY
2017-02-07 16:00:00-05:00,0.17,0.17,1.93,ORLY
2016-10-26 16:00:00-04:00,0.2,0.19,-0.86,ORLY
2016-07-27 16:00:00-04:00,0.18,0.18,-1.3,ORLY
2016-04-27 16:00:00-04:00,0.17,0.17,3.51,ORLY
2016-02-10 16:00:00-05:00,0.14,0.15,5.16,ORLY
2015-10-28 16:00:00-04:00,0.16,0.18,10.84,ORLY
2015-07-29 16:00:00-04:00,0.15,0.15,1.18,ORLY
2015-04-22 16:00:00-04:00,0.13,0.14,6.54,ORLY
2015-02-04 16:00:00-05:00,0.11,0.12,5.07,ORLY
2014-10-22 16:00:00-04:00,0.13,0.14,5.38,ORLY
2014-07-23 18:00:00-04:00,0.12,0.13,3.03,ORLY
2014-04-23 18:00:00-04:00,0.11,0.11,1.87,ORLY
2014-02-05 18:00:00-05:00,0.09,0.09,5.56,ORLY
2013-10-23 18:00:00-04:00,0.11,0.11,2.64,ORLY
2013-07-24 18:00:00-04:00,0.1,0.11,5.82,ORLY
2013-04-24 18:00:00-04:00,0.09,0.09,0.92,ORLY
2013-02-06 18:00:00-05:00,0.07,0.08,5.69,ORLY
2012-10-24 18:00:00-04:00,0.08,0.09,3.81,ORLY
2012-07-25 18:00:00-04:00,0.08,0.08,1.16,ORLY
2012-04-25 18:00:00-04:00,0.07,0.08,9.73,ORLY
2012-02-08 18:00:00-05:00,0.06,0.06,8.64,ORLY
2011-10-26 18:00:00-04:00,0.07,0.07,9.78,ORLY
2011-07-27 18:00:00-04:00,0.06,0.06,-0.16,ORLY
2011-04-27 18:00:00-04:00,0.05,0.06,4.99,ORLY
2011-02-16 18:00:00-05:00,0.04,0.05,8.24,ORLY
2010-10-27 18:00:00-04:00,0.05,0.05,9.69,ORLY
2010-07-28 18:00:00-04:00,0.05,0.05,-4.6,ORLY
2010-04-28 18:00:00-04:00,0.04,0.05,18.81,ORLY
2010-02-17 18:00:00-05:00,0.03,0.03,2.82,ORLY
2009-10-28 18:00:00-04:00,0.04,0.04,12.09,ORLY
2009-07-29 18:00:00-04:00,0.04,0.04,15.26,ORLY
2009-04-29 18:00:00-04:00,0.03,0.03,15.0,ORLY
2009-02-18 22:00:00-05:00,0.02,0.02,25.1,ORLY
2008-10-29 22:00:00-04:00,0.03,0.02,-20.5,ORLY
2008-07-22 19:00:00-04:00,0.03,0.03,0.47,ORLY
2008-04-22 18:00:00-04:00,0.03,0.03,-4.75,ORLY
2008-02-19 18:00:00-05:00,0.02,0.02,-1.23,ORLY
2007-10-23 18:00:00-04:00,0.03,0.03,-0.26,ORLY
2007-07-24 18:00:00-04:00,0.03,0.03,-6.04,ORLY
2007-04-24 18:00:00-04:00,0.03,0.03,4.17,ORLY
2007-02-27 18:00:00-05:00,0.02,0.02,0.73,ORLY
2006-10-24 18:00:00-04:00,0.03,0.03,-1.51,ORLY
2006-07-26 18:00:00-04:00,0.03,0.03,-2.25,ORLY
2006-04-25 18:00:00-04:00,0.02,0.02,-0.55,ORLY
2006-02-28 18:00:00-05:00,0.02,0.02,0.33,ORLY
2005-10-25 18:00:00-04:00,0.03,0.03,-5.34,ORLY
2005-07-26 18:00:00-04:00,0.04,0.03,-28.99,ORLY
2005-04-26 19:00:00-04:00,0.02,0.02,4.29,ORLY
2005-02-24 01:00:00-05:00,0.02,0.02,3.66,ORLY
2004-10-26 18:00:00-04:00,0.02,0.02,-0.74,ORLY
2004-07-27 18:00:00-04:00,0.02,0.02,,ORLY
2004-04-27 18:00:00-04:00,0.01,0.02,10.64,ORLY
2004-02-25 18:00:00-05:00,0.01,0.01,0.21,ORLY
2003-10-28 18:00:00-05:00,0.02,0.02,,ORLY
2003-07-29 18:00:00-04:00,0.02,0.02,,ORLY
2003-04-22 18:00:00-04:00,0.01,0.01,,ORLY
2003-02-25 18:00:00-05:00,0.01,0.01,0.52,ORLY
2002-10-22 18:00:00-04:00,0.02,0.02,-0.53,ORLY
2002-07-23 18:00:00-04:00,0.01,0.01,,ORLY
2002-07-23 18:00:00-04:00,0.01,0.01,5.4,ORLY
2002-04-23 18:00:00-04:00,0.01,0.01,-0.86,ORLY
2026-11-09 15:00:00-05:00,1.35,,,OXY
2026-08-05 16:00:00-04:00,1.85,2.4,29.8,OXY
2026-05-05 16:00:00-04:00,0.59,1.06,80.35,OXY
2026-02-18 16:00:00-05:00,0.17,0.31,83.77,OXY
2025-11-10 16:00:00-05:00,0.52,0.64,22.73,OXY
2025-08-06 16:00:00-04:00,0.31,0.39,24.79,OXY
2025-05-07 16:00:00-04:00,0.76,0.87,14.0,OXY
2025-02-18 16:00:00-05:00,0.67,0.8,19.42,OXY
2024-11-12 16:00:00-05:00,0.75,1.0,33.24,OXY
2024-08-07 16:00:00-04:00,0.77,1.03,33.21,OXY
2024-05-07 16:00:00-04:00,0.57,0.63,11.08,OXY
2024-02-14 16:00:00-05:00,0.69,0.74,7.45,OXY
2023-11-07 16:00:00-05:00,0.86,1.18,36.6,OXY
2023-08-02 16:00:00-04:00,0.76,0.68,-10.96,OXY
2023-05-09 16:00:00-04:00,1.27,1.09,-14.39,OXY
2023-02-27 16:00:00-05:00,1.83,1.61,-11.88,OXY
2022-11-08 16:00:00-05:00,2.47,2.44,-1.23,OXY
2022-08-02 16:00:00-04:00,3.02,3.16,4.56,OXY
2022-05-10 16:00:00-04:00,2.03,2.12,4.41,OXY
2022-02-24 16:00:00-05:00,1.1,1.48,35.13,OXY
2021-11-04 16:00:00-04:00,0.66,0.87,32.39,OXY
2021-08-03 16:00:00-04:00,0.01,0.32,2306.02,OXY
2021-05-10 12:00:00-04:00,-0.33,-0.15,55.18,OXY
2021-02-22 16:00:00-05:00,-0.58,-0.78,-33.63,OXY
2020-11-09 16:00:00-05:00,-0.72,-0.84,-16.83,OXY
2020-08-10 16:00:00-04:00,-1.7,-1.76,-3.67,OXY
2020-05-05 16:00:00-04:00,-0.62,-0.52,15.89,OXY
2020-02-27 16:00:00-05:00,-0.2,-0.3,-51.15,OXY
2019-11-04 17:00:00-05:00,0.44,0.11,-74.97,OXY
2019-07-31 17:00:00-04:00,0.94,0.97,3.54,OXY
2019-05-06 06:00:00-04:00,0.71,0.84,18.33,OXY
2019-02-12 16:00:00-05:00,1.17,1.22,4.61,OXY
2018-11-05 16:00:00-05:00,1.53,1.77,15.76,OXY
2018-08-08 16:00:00-04:00,1.21,1.1,-8.85,OXY
2018-05-08 16:00:00-04:00,0.7,0.92,31.49,OXY
2018-02-13 16:00:00-05:00,0.41,0.41,0.5,OXY
2017-11-01 16:00:00-04:00,0.11,0.18,66.25,OXY
2017-08-02 16:00:00-04:00,0.12,0.15,28.11,OXY
2017-05-04 06:00:00-04:00,0.08,0.15,93.57,OXY
2017-02-09 06:00:00-05:00,-0.03,-0.13,-395.43,OXY
2016-11-01 02:00:00-04:00,-0.12,-0.15,-21.03,OXY
2016-08-03 07:00:00-04:00,-0.19,-0.18,5.6,OXY
2016-05-05 06:00:00-04:00,-0.4,-0.56,-40.25,OXY
2016-02-04 07:00:00-05:00,-0.12,-0.17,-41.96,OXY
2015-10-28 07:00:00-04:00,-0.01,0.03,447.22,OXY
2015-07-30 07:00:00-04:00,0.23,0.21,-9.0,OXY
2015-05-06 07:00:00-04:00,0.04,0.04,10.5,OXY
2015-01-29 07:00:00-05:00,0.69,0.72,4.75,OXY
2014-10-23 07:00:00-04:00,1.58,1.58,0.09,OXY
2014-07-31 07:00:00-04:00,1.76,1.79,1.47,OXY
2014-05-05 07:00:00-04:00,1.7,1.75,2.65,OXY
2014-01-30 07:00:00-05:00,1.68,1.72,2.45,OXY
2013-10-29 07:00:00-04:00,1.88,1.97,4.53,OXY
2013-07-30 07:00:00-04:00,1.61,1.58,-1.56,OXY
2013-04-25 07:00:00-04:00,1.55,1.69,8.68,OXY
2013-01-31 07:00:00-05:00,1.67,1.83,9.72,OXY
2012-10-25 07:00:00-04:00,1.63,1.7,4.46,OXY
2012-07-26 07:00:00-04:00,1.64,1.64,0.14,OXY
2012-04-26 07:00:00-04:00,1.95,1.92,-1.37,OXY
2012-01-25 07:00:00-05:00,1.93,2.02,4.43,OXY
2011-10-27 07:00:00-04:00,1.97,2.18,10.39,OXY
2011-07-26 07:00:00-04:00,2.15,2.23,3.51,OXY
2011-04-28 07:00:00-04:00,1.79,1.96,9.67,OXY
2011-01-26 07:00:00-05:00,1.54,1.58,2.91,OXY
2010-10-19 07:00:00-04:00,1.36,1.47,8.42,OXY
2010-07-27 07:00:00-04:00,1.34,1.31,-2.48,OXY
2010-04-29 07:00:00-04:00,1.37,1.32,-3.33,OXY
2010-01-28 07:00:00-05:00,1.22,1.3,6.56,OXY
2009-10-22 07:00:00-04:00,1.08,1.14,5.17,OXY
2009-07-23 07:00:00-04:00,0.79,0.85,7.73,OXY
2009-04-23 07:00:00-04:00,0.37,0.5,33.98,OXY
2009-01-29 07:00:00-05:00,0.94,1.18,25.19,OXY
2008-10-28 07:00:00-04:00,2.73,2.78,1.89,OXY
2008-07-24 07:00:00-04:00,2.76,2.79,1.16,OXY
2008-04-24 07:00:00-04:00,1.94,2.2,13.52,OXY
2008-01-29 07:00:00-05:00,1.69,1.76,4.2,OXY
2007-10-24 07:00:00-04:00,1.32,1.45,10.16,OXY
2007-07-24 07:00:00-04:00,1.1,1.18,7.66,OXY
2007-04-24 07:00:00-04:00,0.9,0.98,8.77,OXY
2007-01-25 07:00:00-05:00,0.91,0.98,8.17,OXY
2006-10-18 07:00:00-04:00,1.34,1.35,0.9,OXY
2006-08-04 07:00:00-04:00,1.39,1.39,-0.14,OXY
2006-04-25 07:00:00-04:00,1.37,1.42,3.44,OXY
2006-02-07 07:00:00-05:00,1.38,1.41,2.55,OXY
2005-10-31 07:00:00-05:00,1.33,1.33,-0.67,OXY
2005-07-22 07:00:00-04:00,1.13,1.06,-5.78,OXY
2005-04-26 07:00:00-04:00,0.99,1.07,7.97,OXY
2005-01-24 07:00:00-05:00,0.94,0.92,-1.72,OXY
2004-10-21 07:00:00-04:00,0.87,0.94,8.29,OXY
2004-07-19 07:00:00-04:00,0.69,0.73,5.8,OXY
2004-04-23 07:00:00-04:00,0.6,0.61,0.5,OXY
2004-01-22 07:00:00-05:00,0.51,0.5,-2.17,OXY
2003-10-21 07:00:00-04:00,0.51,0.57,12.2,OXY
2003-07-22 08:00:00-04:00,0.49,0.49,1.03,OXY
2003-04-22 07:00:00-04:00,0.55,0.57,3.26,OXY
2002-02-04 08:00:00-05:00,0.05,0.05,-17.64,OXY
2001-10-17 07:00:00-04:00,0.35,0.43,20.4,OXY
2001-07-19 07:00:00-04:00,0.52,0.63,19.73,OXY
2001-04-18 07:00:00-04:00,0.5,0.69,37.55,OXY
2001-01-24 07:00:00-05:00,0.5,0.47,-5.47,OXY
2026-11-19 15:00:00-05:00,0.97,,,PANW
2026-09-01 16:00:00-04:00,0.98,1.02,4.35,PANW
2026-06-02 16:00:00-04:00,0.8,0.85,6.62,PANW
2026-02-17 16:00:00-05:00,0.94,1.03,9.88,PANW
2025-11-19 16:00:00-05:00,0.89,0.93,4.36,PANW
2025-08-18 16:00:00-04:00,0.89,0.95,7.31,PANW
2025-05-20 16:00:00-04:00,0.77,0.8,3.59,PANW
2025-02-13 16:00:00-05:00,0.78,0.81,3.94,PANW
2024-11-20 16:00:00-05:00,0.74,0.78,5.76,PANW
2024-08-19 16:00:00-04:00,0.71,0.76,6.95,PANW
2024-05-20 16:00:00-04:00,0.62,0.66,5.63,PANW
2024-02-20 16:00:00-05:00,0.65,0.73,12.2,PANW
2023-11-15 16:00:00-05:00,0.58,0.69,18.6,PANW
2023-08-18 16:00:00-04:00,0.64,0.72,12.0,PANW
2023-05-23 16:00:00-04:00,0.46,0.52,12.62,PANW
2023-02-21 16:00:00-05:00,0.39,0.53,35.37,PANW
2022-11-17 16:00:00-05:00,0.34,0.42,20.37,PANW
2022-08-22 16:00:00-04:00,0.38,0.4,4.94,PANW
2022-05-19 16:00:00-04:00,0.28,0.3,6.73,PANW
2022-02-22 16:00:00-05:00,0.27,0.29,5.6,PANW
2021-11-18 16:00:00-05:00,0.26,0.27,4.51,PANW
2021-08-23 16:00:00-04:00,0.24,0.27,11.27,PANW
2021-05-20 16:00:00-04:00,0.21,0.23,7.31,PANW
2021-02-22 16:00:00-05:00,0.24,0.26,8.04,PANW
2020-11-16 07:00:00-05:00,0.22,0.27,21.72,PANW
2020-08-24 16:00:00-04:00,0.23,0.25,6.12,PANW
2020-05-21 16:00:00-04:00,0.16,0.2,21.94,PANW
2020-02-24 16:00:00-05:00,0.19,0.2,5.78,PANW
2019-11-25 16:00:00-05:00,0.17,0.18,1.31,PANW
2019-09-04 16:00:00-04:00,0.24,0.25,3.41,PANW
2019-05-29 16:00:00-04:00,0.21,0.22,4.66,PANW
2019-02-26 16:00:00-05:00,0.2,0.25,24.09,PANW
2018-11-29 16:00:00-05:00,0.18,0.2,10.95,PANW
2018-09-06 16:00:00-04:00,0.19,0.21,9.75,PANW
2018-06-04 07:00:00-04:00,0.16,0.17,3.51,PANW
2018-02-26 16:00:00-05:00,0.13,0.14,8.56,PANW
2017-11-20 16:00:00-05:00,0.11,0.12,8.37,PANW
2017-08-31 16:00:00-04:00,0.13,0.15,15.93,PANW
2017-05-31 16:00:00-04:00,0.09,0.1,10.91,PANW
2017-02-28 16:00:00-05:00,0.1,0.11,0.89,PANW
2016-11-21 16:00:00-05:00,0.09,0.09,4.8,PANW
2016-08-30 16:00:00-04:00,0.08,0.08,2.35,PANW
2016-05-26 16:00:00-04:00,0.07,0.07,0.69,PANW
2016-02-25 15:00:00-05:00,0.06,0.07,2.79,PANW
2015-11-23 16:00:00-05:00,0.05,0.06,9.75,PANW
2015-09-09 16:00:00-04:00,0.04,0.05,12.0,PANW
2015-05-27 16:00:00-04:00,0.03,0.04,15.7,PANW
2015-03-02 16:00:00-05:00,0.03,0.03,12.91,PANW
2014-11-24 16:00:00-05:00,0.02,0.03,23.64,PANW
2014-09-09 16:00:00-04:00,0.02,0.02,1.21,PANW
2014-05-28 16:00:00-04:00,0.02,0.02,9.17,PANW
2014-02-24 07:00:00-05:00,0.01,0.02,12.56,PANW
2013-11-25 16:00:00-05:00,0.01,0.01,8.73,PANW
2013-09-09 16:00:00-04:00,0.01,0.01,-0.79,PANW
2013-05-30 16:00:00-04:00,0.01,0.01,14.68,PANW
2013-02-28 16:00:00-05:00,0.01,0.01,22.86,PANW
2012-12-06 16:00:00-05:00,0.01,0.01,22.39,PANW
2012-09-10 16:00:00-04:00,,0.01,1011.11,PANW
2026-11-10 15:00:00-05:00,1.24,,,PBR
2026-08-06 19:00:00-04:00,1.4,1.62,15.52,PBR
2026-05-11 20:00:00-04:00,0.99,0.96,-3.04,PBR
2026-03-05 20:00:00-05:00,0.57,0.44,-23.08,PBR
2025-11-06 18:00:00-05:00,0.71,0.94,31.84,PBR
2025-08-07 21:00:00-04:00,0.66,0.64,-3.58,PBR
2025-05-12 19:00:00-04:00,0.8,0.65,-18.2,PBR
2025-02-26 18:00:00-05:00,0.19,0.47,152.19,PBR
2024-11-07 17:00:00-05:00,0.74,0.9,21.81,PBR
2024-08-08 22:00:00-04:00,0.31,0.44,41.95,PBR
2024-05-13 21:00:00-04:00,0.8,0.72,-10.25,PBR
2024-03-08 10:00:00-05:00,1.0,1.27,27.84,PBR
2023-11-09 18:00:00-05:00,0.83,0.85,2.05,PBR
2023-08-04 10:00:00-04:00,0.88,0.92,4.16,PBR
2023-05-12 10:00:00-04:00,0.92,1.16,26.02,PBR
2023-03-02 02:00:00-05:00,1.11,1.26,13.54,PBR
2022-11-04 13:00:00-04:00,1.23,1.34,9.1,PBR
2022-09-19 14:00:00-04:00,1.41,1.33,-5.96,PBR
2022-05-06 09:00:00-04:00,1.04,1.32,26.83,PBR
2022-02-24 13:00:00-05:00,0.65,0.71,9.88,PBR
2021-10-29 10:00:00-04:00,0.33,0.47,43.08,PBR
2021-08-05 10:00:00-04:00,0.82,1.18,44.29,PBR
2021-05-14 10:00:00-04:00,,0.03,,PBR
2021-02-25 08:00:00-05:00,0.3,0.4,34.04,PBR
2020-10-27 20:00:00-04:00,-0.02,-0.02,-13.14,PBR
2020-07-31 09:00:00-04:00,-0.21,-0.41,-93.3,PBR
2020-05-15 09:00:00-04:00,0.07,-0.11,-264.56,PBR
2020-02-19 20:00:00-05:00,0.38,0.45,20.06,PBR
2019-10-25 14:00:00-04:00,0.31,0.38,22.35,PBR
2019-07-31 20:00:00-04:00,0.35,0.2,-41.09,PBR
2019-05-07 19:00:00-04:00,0.22,0.2,-11.11,PBR
2019-02-27 19:00:00-05:00,0.51,0.33,-35.75,PBR
2018-11-06 06:00:00-05:00,0.38,0.4,6.33,PBR
2018-08-03 07:00:00-04:00,0.33,0.46,38.16,PBR
2018-05-08 08:00:00-04:00,0.24,0.22,-9.28,PBR
2018-03-15 08:00:00-04:00,0.34,0.17,-50.2,PBR
2017-11-13 17:00:00-05:00,0.13,0.25,91.13,PBR
2017-08-10 17:00:00-04:00,0.05,0.1,125.47,PBR
2017-05-11 18:00:00-04:00,0.12,0.23,96.47,PBR
2017-03-21 18:00:00-04:00,0.11,0.06,-49.31,PBR
2016-11-10 17:00:00-05:00,0.1,0.12,22.73,PBR
2016-08-11 17:00:00-04:00,0.07,0.12,77.05,PBR
2016-05-12 17:00:00-04:00,-0.08,-0.06,24.26,PBR
2016-03-21 17:00:00-04:00,0.04,-0.02,-150.52,PBR
2015-11-12 17:00:00-05:00,0.03,-0.18,-771.64,PBR
2015-08-06 18:00:00-04:00,0.24,0.16,-31.63,PBR
2015-05-15 17:00:00-04:00,0.2,0.27,37.71,PBR
2015-04-22 19:00:00-04:00,0.29,0.28,-3.12,PBR
2015-01-28 01:00:00-05:00,0.31,0.19,-39.64,PBR
2014-08-08 18:00:00-04:00,0.46,0.33,-28.63,PBR
2014-05-09 17:00:00-04:00,0.35,0.37,6.79,PBR
2014-02-25 18:00:00-05:00,0.3,0.41,36.61,PBR
2013-10-25 17:00:00-04:00,0.43,0.24,-44.19,PBR
2013-08-09 14:00:00-04:00,0.41,0.42,3.14,PBR
2013-04-26 11:00:00-04:00,0.59,0.59,-0.42,PBR
2013-02-04 17:00:00-05:00,0.59,0.61,3.2,PBR
2012-10-26 19:00:00-04:00,0.55,0.42,-23.77,PBR
2012-08-03 18:00:00-04:00,0.56,-0.11,-119.22,PBR
2012-05-15 14:00:00-04:00,0.66,0.71,8.6,PBR
2012-02-09 18:00:00-05:00,0.79,0.46,-41.99,PBR
2011-11-11 12:00:00-05:00,0.85,0.56,-33.5,PBR
2011-08-15 16:00:00-04:00,0.91,1.05,15.67,PBR
2011-05-13 19:00:00-04:00,0.98,1.03,4.88,PBR
2011-02-25 12:00:00-05:00,0.76,0.98,28.79,PBR
2010-11-11 12:00:00-05:00,0.87,1.13,29.72,PBR
2010-08-13 14:00:00-04:00,1.01,1.07,6.57,PBR
2010-05-14 15:00:00-04:00,0.86,0.98,14.65,PBR
2010-03-19 15:00:00-04:00,0.9,0.42,-53.91,PBR
2009-11-13 18:00:00-05:00,0.85,1.23,44.38,PBR
2009-08-14 11:00:00-04:00,0.68,0.96,41.32,PBR
2009-05-11 17:00:00-04:00,0.45,0.64,42.48,PBR
2009-03-06 17:00:00-05:00,0.77,0.71,-8.66,PBR
2008-11-11 16:00:00-05:00,1.44,1.12,-22.09,PBR
2008-08-11 16:00:00-04:00,1.21,1.24,2.64,PBR
2008-05-12 16:00:00-04:00,1.18,0.94,-20.0,PBR
2008-03-03 17:00:00-05:00,0.77,0.68,-10.88,PBR
2007-11-09 06:00:00-05:00,0.75,0.73,-3.07,PBR
2007-08-13 16:00:00-04:00,0.71,0.8,12.55,PBR
2007-05-11 16:00:00-04:00,0.56,0.47,-16.93,PBR
2007-02-13 07:00:00-05:00,0.66,0.56,-15.56,PBR
2006-11-10 16:00:00-05:00,0.78,0.8,2.07,PBR
2006-08-11 00:00:00-04:00,0.76,0.73,-3.89,PBR
2006-05-13 01:00:00-04:00,0.67,0.72,7.32,PBR
2006-02-17 18:00:00-05:00,0.81,0.88,9.11,PBR
2005-11-11 00:00:00-05:00,0.51,0.59,14.97,PBR
2005-08-15 18:00:00-04:00,0.58,0.48,-17.44,PBR
2005-05-13 17:00:00-04:00,0.37,0.46,24.9,PBR
2005-02-25 17:00:00-05:00,0.37,0.4,8.13,PBR
2004-11-12 00:00:00-05:00,0.4,0.42,4.27,PBR
2004-08-13 00:00:00-04:00,0.27,0.29,5.11,PBR
2004-05-12 20:00:00-04:00,0.31,0.31,,PBR
2026-11-18 07:00:00-05:00,18.84,,,PDD
2026-08-24 06:00:00-04:00,18.35,19.33,5.34,PDD
2026-05-27 06:00:00-04:00,16.37,9.51,-41.89,PDD
2026-03-25 06:00:00-04:00,21.02,17.69,-15.84,PDD
2025-11-18 05:00:00-05:00,16.57,21.08,27.22,PDD
2025-08-25 06:00:00-04:00,14.8,22.07,49.13,PDD
2025-05-27 06:00:00-04:00,18.96,11.41,-39.82,PDD
2025-03-20 06:00:00-04:00,19.67,20.15,2.43,PDD
2024-11-21 06:00:00-05:00,19.67,18.59,-5.47,PDD
2024-08-26 06:00:00-04:00,20.02,23.24,16.08,PDD
2024-05-22 06:00:00-04:00,10.38,20.72,99.59,PDD
2024-03-20 06:00:00-04:00,11.89,17.32,45.64,PDD
2023-11-28 05:00:00-05:00,8.39,11.61,38.35,PDD
2023-08-29 06:00:00-04:00,7.36,10.47,42.33,PDD
2023-05-26 06:00:00-04:00,4.44,6.92,55.85,PDD
2023-03-20 19:00:00-04:00,8.62,8.34,-3.27,PDD
2022-11-28 06:00:00-05:00,5.18,8.62,66.37,PDD
2022-08-29 06:00:00-04:00,2.84,7.54,165.82,PDD
2022-05-27 06:00:00-04:00,1.83,2.95,61.34,PDD
2022-03-21 07:00:00-04:00,2.47,5.88,137.97,PDD
2021-11-26 06:00:00-05:00,0.28,2.18,685.25,PDD
2021-08-24 07:00:00-04:00,-1.35,2.85,311.67,PDD
2021-05-26 06:00:00-04:00,-2.43,-1.52,37.46,PDD
2021-03-17 06:00:00-04:00,-0.19,-0.15,22.78,PDD
2020-11-12 05:00:00-05:00,-1.01,0.33,132.79,PDD
2020-08-21 06:00:00-04:00,-1.39,-0.06,95.68,PDD
2020-05-22 06:00:00-04:00,-2.0,-2.73,-36.65,PDD
2020-03-11 05:00:00-04:00,-1.55,-0.72,53.67,PDD
2019-11-20 05:00:00-05:00,-0.52,-1.44,-177.03,PDD
2019-08-21 05:00:00-04:00,-1.35,-0.36,73.27,PDD
2019-05-20 05:00:00-04:00,-1.73,-1.2,30.74,PDD
2019-03-13 06:00:00-04:00,-1.42,-1.72,-21.4,PDD
2018-11-20 05:00:00-05:00,-1.68,-1.2,28.57,PDD
2026-10-08 08:00:00-04:00,2.3,,,PEP
2026-07-09 06:00:00-04:00,2.21,2.2,-0.37,PEP
2026-04-16 06:00:00-04:00,1.55,1.61,3.75,PEP
2026-02-03 06:00:00-05:00,2.24,2.26,1.02,PEP
2025-10-09 06:00:00-04:00,2.26,2.29,1.33,PEP
2025-07-17 06:00:00-04:00,2.03,2.12,4.48,PEP
2025-04-24 06:00:00-04:00,1.49,1.48,-0.77,PEP
2025-02-04 06:00:00-05:00,1.94,1.96,0.9,PEP
2024-10-08 06:00:00-04:00,2.29,2.31,0.74,PEP
2024-07-11 06:00:00-04:00,2.16,2.28,5.57,PEP
2024-04-23 06:00:00-04:00,1.52,1.61,5.96,PEP
2024-02-09 06:00:00-05:00,1.72,1.78,3.43,PEP
2023-10-10 06:00:00-04:00,2.15,2.25,4.44,PEP
2023-07-13 06:00:00-04:00,1.96,2.09,6.56,PEP
2023-04-25 06:00:00-04:00,1.39,1.5,8.23,PEP
2023-02-09 06:00:00-05:00,1.65,1.67,1.22,PEP
2022-10-12 06:00:00-04:00,1.85,1.97,6.68,PEP
2022-07-12 06:00:00-04:00,1.74,1.86,7.1,PEP
2022-04-26 06:00:00-04:00,1.23,1.29,4.54,PEP
2022-02-10 06:00:00-05:00,1.52,1.53,0.92,PEP
2021-10-05 06:00:00-04:00,1.73,1.79,3.27,PEP
2021-07-13 06:00:00-04:00,1.53,1.72,12.72,PEP
2021-04-15 06:00:00-04:00,1.12,1.21,8.0,PEP
2021-02-11 08:00:00-05:00,1.46,1.47,0.7,PEP
2020-10-01 06:00:00-04:00,1.49,1.66,11.58,PEP
2020-07-13 06:00:00-04:00,1.25,1.32,5.99,PEP
2020-04-28 06:00:00-04:00,1.03,1.07,3.85,PEP
2020-02-13 06:00:00-05:00,1.45,1.45,0.05,PEP
2019-10-03 10:00:00-04:00,1.51,1.56,3.34,PEP
2019-07-09 06:00:00-04:00,1.51,1.54,2.17,PEP
2019-04-17 06:00:00-04:00,0.93,0.97,4.75,PEP
2019-02-15 06:00:00-05:00,1.5,1.49,-0.5,PEP
2018-10-02 06:00:00-04:00,1.57,1.59,1.07,PEP
2018-07-10 05:00:00-04:00,1.53,1.61,5.56,PEP
2018-04-26 06:00:00-04:00,0.93,0.96,3.24,PEP
2018-02-13 06:00:00-05:00,1.3,1.31,0.59,PEP
2017-10-04 06:00:00-04:00,1.43,1.48,3.4,PEP
2017-07-11 06:00:00-04:00,1.4,1.5,7.35,PEP
2017-04-26 06:00:00-04:00,0.92,0.94,2.59,PEP
2017-02-15 06:00:00-05:00,1.16,1.2,3.67,PEP
2016-09-29 06:00:00-04:00,1.32,1.4,6.2,PEP
2016-07-07 06:00:00-04:00,1.3,1.35,4.23,PEP
2016-04-18 06:00:00-04:00,0.81,0.89,9.44,PEP
2016-02-11 06:00:00-05:00,1.06,1.06,0.11,PEP
2015-10-06 06:00:00-04:00,1.26,1.35,6.9,PEP
2015-07-09 06:00:00-04:00,1.24,1.32,6.38,PEP
2015-04-23 07:00:00-04:00,0.79,0.83,4.76,PEP
2015-02-11 07:00:00-05:00,1.08,1.12,4.05,PEP
2014-10-09 06:00:00-04:00,1.29,1.36,5.43,PEP
2014-07-23 07:00:00-04:00,1.23,1.32,7.19,PEP
2014-04-17 07:00:00-04:00,0.75,0.83,10.42,PEP
2014-02-13 07:00:00-05:00,1.01,1.05,3.8,PEP
2013-10-16 07:00:00-04:00,1.17,1.24,5.75,PEP
2013-07-24 07:00:00-04:00,1.19,1.31,9.78,PEP
2013-04-18 07:00:00-04:00,0.7,0.77,9.77,PEP
2013-02-14 07:00:00-05:00,1.06,1.09,3.24,PEP
2012-10-17 07:00:00-04:00,1.16,1.2,3.09,PEP
2012-07-25 07:00:00-04:00,1.09,1.12,2.59,PEP
2012-04-26 07:00:00-04:00,0.67,0.69,3.74,PEP
2012-02-09 02:00:00-05:00,1.12,1.15,2.34,PEP
2011-10-12 07:00:00-04:00,1.29,1.31,1.46,PEP
2011-07-21 07:00:00-04:00,1.2,1.21,0.46,PEP
2011-04-28 07:00:00-04:00,0.73,0.74,1.57,PEP
2011-02-10 12:00:00-05:00,1.04,1.05,0.83,PEP
2010-10-07 07:00:00-04:00,1.22,1.22,0.02,PEP
2010-07-20 07:00:00-04:00,1.09,1.1,1.34,PEP
2010-04-22 06:00:00-04:00,0.75,0.76,1.09,PEP
2010-02-11 07:00:00-05:00,0.9,0.9,-0.11,PEP
2009-10-08 07:00:00-04:00,1.03,1.08,4.67,PEP
2009-07-22 06:00:00-04:00,1.0,1.02,2.34,PEP
2009-04-20 00:00:00-04:00,0.67,0.71,6.1,PEP
2009-02-13 06:00:00-05:00,0.88,0.88,0.57,PEP
2008-10-14 07:00:00-04:00,1.08,1.06,-1.93,PEP
2008-07-23 07:00:00-04:00,1.02,1.03,1.23,PEP
2008-04-24 07:00:00-04:00,0.7,0.7,-0.1,PEP
2008-02-07 06:00:00-05:00,0.8,0.8,0.63,PEP
2007-10-11 07:00:00-04:00,0.96,0.99,2.98,PEP
2007-07-24 06:00:00-04:00,0.89,0.94,5.42,PEP
2007-04-25 06:00:00-04:00,0.61,0.65,6.43,PEP
2007-02-08 06:00:00-05:00,0.72,0.72,0.17,PEP
2006-10-12 07:00:00-04:00,0.86,0.88,1.82,PEP
2006-07-13 06:00:00-04:00,0.77,0.8,3.44,PEP
2006-04-26 06:00:00-04:00,0.58,0.6,3.09,PEP
2006-02-08 06:00:00-05:00,0.65,0.65,0.35,PEP
2005-09-29 06:00:00-04:00,0.73,0.78,6.92,PEP
2005-07-12 06:00:00-04:00,0.67,0.7,4.48,PEP
2005-04-14 06:00:00-04:00,0.5,0.53,5.16,PEP
2005-02-03 07:00:00-05:00,0.58,0.58,-0.39,PEP
2004-09-30 06:00:00-04:00,0.64,0.66,2.44,PEP
2004-07-15 06:00:00-04:00,0.61,0.61,0.77,PEP
2004-04-15 06:00:00-04:00,0.46,0.46,1.1,PEP
2004-02-05 06:00:00-05:00,0.53,0.51,-3.47,PEP
2003-10-07 06:00:00-04:00,0.62,0.62,0.8,PEP
2003-07-10 07:00:00-04:00,0.58,0.58,0.46,PEP
2003-04-17 07:00:00-04:00,0.43,0.45,5.88,PEP
2003-02-06 07:00:00-05:00,0.5,0.5,0.25,PEP
2002-10-08 07:00:00-04:00,0.55,0.56,2.22,PEP
2002-07-19 06:00:00-04:00,0.52,0.52,0.57,PEP
2002-04-23 07:00:00-04:00,0.37,0.38,2.07,PEP
2002-02-06 07:00:00-05:00,0.42,0.42,-0.47,PEP
2026-11-03 07:00:00-05:00,0.75,,,PFE
2026-08-04 06:00:00-04:00,0.68,0.77,12.87,PFE
2026-05-05 06:00:00-04:00,0.72,0.75,3.93,PFE
2026-02-03 06:00:00-05:00,0.57,0.66,16.18,PFE
2025-11-04 07:00:00-05:00,0.63,0.87,37.43,PFE
2025-08-05 06:00:00-04:00,0.57,0.78,35.94,PFE
2025-04-29 06:00:00-04:00,0.67,0.92,36.49,PFE
2025-02-04 06:00:00-05:00,0.46,0.63,37.2,PFE
2024-10-29 06:00:00-04:00,0.61,1.06,73.28,PFE
2024-07-30 08:00:00-04:00,0.46,0.6,30.19,PFE
2024-05-01 06:00:00-04:00,0.51,0.82,60.11,PFE
2024-01-30 06:00:00-05:00,-0.18,0.1,154.7,PFE
2023-10-31 06:00:00-04:00,-0.34,-0.17,49.96,PFE
2023-08-01 06:00:00-04:00,0.58,0.67,15.28,PFE
2023-05-02 06:00:00-04:00,0.99,1.23,24.68,PFE
2023-01-31 06:00:00-05:00,1.04,1.14,9.4,PFE
2022-11-01 06:00:00-04:00,1.4,1.78,27.03,PFE
2022-07-28 06:00:00-04:00,1.78,2.04,14.8,PFE
2022-05-03 06:00:00-04:00,1.57,1.62,3.47,PFE
2022-02-08 06:00:00-05:00,0.87,1.08,23.6,PFE
2021-11-02 06:00:00-04:00,1.09,1.34,23.5,PFE
2021-07-28 06:00:00-04:00,0.98,1.07,9.42,PFE
2021-05-04 06:00:00-04:00,0.78,0.93,19.63,PFE
2021-02-02 06:00:00-05:00,0.46,0.42,-9.65,PFE
2020-10-27 06:00:00-04:00,0.71,0.72,0.97,PFE
2020-07-28 06:00:00-04:00,0.66,0.78,18.13,PFE
2020-04-28 06:00:00-04:00,0.73,0.8,9.98,PFE
2020-01-28 06:00:00-05:00,0.58,0.55,-4.49,PFE
2019-10-29 06:00:00-04:00,0.62,0.75,21.09,PFE
2019-07-29 06:00:00-04:00,0.75,0.8,5.97,PFE
2019-04-30 06:00:00-04:00,0.75,0.85,13.03,PFE
2019-01-29 06:00:00-05:00,0.63,0.64,1.03,PFE
2018-10-30 06:00:00-04:00,0.75,0.78,4.57,PFE
2018-07-31 06:00:00-04:00,0.74,0.81,8.88,PFE
2018-05-01 06:00:00-04:00,0.74,0.77,3.6,PFE
2018-01-30 06:00:00-05:00,0.56,0.62,10.49,PFE
2017-10-31 06:00:00-04:00,0.65,0.67,3.68,PFE
2017-08-01 06:00:00-04:00,0.66,0.67,1.7,PFE
2017-05-02 06:00:00-04:00,0.67,0.69,2.77,PFE
2017-01-31 06:00:00-05:00,0.51,0.47,-7.09,PFE
2016-11-01 06:00:00-04:00,0.62,0.61,-1.6,PFE
2016-08-02 06:00:00-04:00,0.62,0.64,2.64,PFE
2016-05-03 05:00:00-04:00,0.55,0.67,21.21,PFE
2016-02-02 06:00:00-05:00,0.52,0.53,1.4,PFE
2015-10-27 06:00:00-04:00,0.51,0.6,18.81,PFE
2015-07-28 07:00:00-04:00,0.52,0.56,8.56,PFE
2015-04-28 07:00:00-04:00,0.49,0.51,3.28,PFE
2015-01-27 07:00:00-05:00,0.53,0.54,2.33,PFE
2014-10-28 07:00:00-04:00,0.55,0.57,3.09,PFE
2014-07-29 07:00:00-04:00,0.57,0.58,2.16,PFE
2014-05-05 07:00:00-04:00,0.55,0.57,3.73,PFE
2014-01-28 07:00:00-05:00,0.53,0.56,6.51,PFE
2013-10-29 07:00:00-04:00,0.56,0.58,3.83,PFE
2013-07-30 03:00:00-04:00,0.55,0.56,2.29,PFE
2013-04-30 07:00:00-04:00,0.55,0.54,-2.33,PFE
2013-01-29 07:00:00-05:00,0.44,0.47,6.65,PFE
2012-11-01 07:00:00-04:00,0.52,0.53,1.04,PFE
2012-07-31 07:00:00-04:00,0.55,0.62,13.61,PFE
2012-05-01 07:00:00-04:00,0.57,0.58,2.45,PFE
2012-01-31 07:00:00-05:00,0.47,0.5,6.19,PFE
2011-11-01 07:00:00-04:00,0.56,0.62,11.63,PFE
2011-08-02 07:00:00-04:00,0.59,0.6,2.23,PFE
2011-05-03 07:00:00-04:00,0.58,0.6,3.68,PFE
2011-02-01 08:00:00-05:00,0.46,0.47,1.86,PFE
2010-11-02 07:00:00-04:00,0.51,0.54,5.79,PFE
2010-08-03 07:00:00-04:00,0.52,0.62,19.0,PFE
2010-05-04 07:00:00-04:00,0.53,0.6,12.83,PFE
2010-02-03 07:00:00-05:00,0.51,0.49,-3.0,PFE
2009-10-20 07:00:00-04:00,0.48,0.51,6.46,PFE
2009-07-22 07:00:00-04:00,0.46,0.48,3.52,PFE
2009-04-28 07:00:00-04:00,0.49,0.54,10.91,PFE
2009-01-26 06:00:00-05:00,0.6,0.64,7.1,PFE
2008-10-21 07:00:00-04:00,0.6,0.62,3.3,PFE
2008-07-23 07:00:00-04:00,0.54,0.55,1.72,PFE
2008-04-17 07:00:00-04:00,0.65,0.61,-6.32,PFE
2008-01-23 08:00:00-05:00,0.47,0.52,10.64,PFE
2007-10-18 06:00:00-04:00,0.52,0.58,10.71,PFE
2007-07-18 06:00:00-04:00,0.5,0.42,-15.66,PFE
2007-04-20 06:00:00-04:00,0.57,0.68,19.9,PFE
2007-01-22 06:00:00-05:00,0.42,0.43,1.42,PFE
2006-10-19 07:00:00-04:00,0.45,0.54,19.73,PFE
2006-07-20 06:00:00-04:00,0.48,0.52,8.56,PFE
2006-04-19 06:00:00-04:00,0.53,0.61,15.97,PFE
2006-01-19 06:00:00-05:00,0.42,0.51,20.67,PFE
2005-10-20 06:00:00-04:00,0.48,0.51,6.92,PFE
2005-07-20 06:00:00-04:00,0.44,0.46,3.84,PFE
2005-04-19 06:00:00-04:00,0.53,0.54,1.75,PFE
2005-01-19 06:00:00-05:00,0.59,0.58,-1.69,PFE
2004-10-20 06:00:00-04:00,0.54,0.55,1.85,PFE
2004-07-21 06:00:00-04:00,0.46,0.47,1.29,PFE
2004-04-20 06:00:00-04:00,0.51,0.52,2.56,PFE
2004-01-22 06:00:00-05:00,0.51,0.53,3.7,PFE
2003-10-22 06:00:00-04:00,0.44,0.47,7.21,PFE
2003-07-25 06:00:00-04:00,0.29,0.3,3.29,PFE
2003-04-22 06:00:00-04:00,0.44,0.45,2.38,PFE
2003-01-22 07:00:00-05:00,0.47,0.48,1.95,PFE
2002-10-16 07:00:00-04:00,0.38,0.39,2.06,PFE
2002-07-15 06:00:00-04:00,0.32,0.33,2.67,PFE
2002-04-17 06:00:00-04:00,0.39,0.39,-0.85,PFE
2002-01-23 06:00:00-05:00,0.34,0.34,-0.73,PFE
2026-10-22 08:00:00-04:00,1.89,,,PG
2026-07-29 07:00:00-04:00,1.41,1.43,1.55,PG
2026-04-24 07:00:00-04:00,1.56,1.59,2.22,PG
2026-01-22 07:00:00-05:00,1.86,1.88,1.25,PG
2025-10-24 07:00:00-04:00,1.9,1.99,4.92,PG
2025-07-29 07:00:00-04:00,1.42,1.48,4.14,PG
2025-04-24 07:00:00-04:00,1.53,1.54,0.93,PG
2025-01-22 07:00:00-05:00,1.86,1.88,1.1,PG
2024-10-18 06:00:00-04:00,1.9,1.93,1.75,PG
2024-07-30 07:00:00-04:00,1.37,1.4,1.92,PG
2024-04-19 06:00:00-04:00,1.41,1.52,7.48,PG
2024-01-23 06:00:00-05:00,1.7,1.84,8.28,PG
2023-10-18 06:00:00-04:00,1.72,1.83,6.34,PG
2023-07-28 06:00:00-04:00,1.32,1.37,3.48,PG
2023-04-21 06:00:00-04:00,1.32,1.37,3.46,PG
2023-01-19 07:00:00-05:00,1.59,1.59,-0.01,PG
2022-10-19 07:00:00-04:00,1.55,1.57,1.41,PG
2022-07-29 06:00:00-04:00,1.23,1.21,-1.43,PG
2022-04-20 06:00:00-04:00,1.29,1.33,2.88,PG
2022-01-19 06:00:00-05:00,1.65,1.66,0.41,PG
2021-10-19 07:00:00-04:00,1.59,1.61,1.2,PG
2021-07-30 06:00:00-04:00,1.09,1.13,4.13,PG
2021-04-20 07:00:00-04:00,1.19,1.26,6.1,PG
2021-01-20 07:00:00-05:00,1.51,1.64,8.8,PG
2020-10-20 07:00:00-04:00,1.42,1.63,14.89,PG
2020-07-30 07:00:00-04:00,1.01,1.16,14.38,PG
2020-04-17 08:00:00-04:00,1.13,1.17,3.54,PG
2020-01-23 07:00:00-05:00,1.37,1.42,3.59,PG
2019-10-22 06:00:00-04:00,1.24,1.37,10.33,PG
2019-07-30 06:00:00-04:00,1.05,1.1,4.64,PG
2019-04-23 07:00:00-04:00,1.04,1.06,2.13,PG
2019-01-23 07:00:00-05:00,1.21,1.25,3.42,PG
2018-10-19 07:00:00-04:00,1.09,1.12,2.57,PG
2018-07-31 07:00:00-04:00,0.9,0.94,4.52,PG
2018-04-19 07:00:00-04:00,0.98,1.0,1.68,PG
2018-01-23 07:00:00-05:00,1.14,1.19,4.26,PG
2017-10-20 07:00:00-04:00,1.08,1.09,1.21,PG
2017-07-27 07:00:00-04:00,0.78,0.85,8.63,PG
2017-04-26 07:00:00-04:00,0.94,0.96,2.33,PG
2017-01-20 07:00:00-05:00,1.06,1.08,1.77,PG
2016-10-25 07:00:00-04:00,0.98,1.03,5.42,PG
2016-08-02 07:00:00-04:00,0.74,0.79,6.05,PG
2016-04-26 07:00:00-04:00,0.82,0.86,5.12,PG
2016-01-26 07:00:00-05:00,0.97,1.04,6.8,PG
2015-10-23 07:00:00-04:00,0.94,0.98,3.89,PG
2015-07-30 07:00:00-04:00,0.95,1.0,5.76,PG
2015-04-23 06:00:00-04:00,0.92,0.92,-0.44,PG
2015-01-27 07:00:00-05:00,1.13,1.06,-5.91,PG
2014-10-24 07:00:00-04:00,1.07,1.07,-0.24,PG
2014-08-01 07:00:00-04:00,0.91,0.95,4.15,PG
2014-04-23 07:00:00-04:00,1.02,1.04,2.46,PG
2014-01-24 07:00:00-05:00,1.2,1.21,0.96,PG
2013-10-25 07:00:00-04:00,1.05,1.05,-0.23,PG
2013-08-01 07:00:00-04:00,0.77,0.79,2.31,PG
2013-04-24 07:00:00-04:00,0.96,0.99,3.19,PG
2013-01-25 07:00:00-05:00,1.11,1.22,9.61,PG
2012-10-25 06:00:00-04:00,0.96,1.06,10.52,PG
2012-08-03 07:00:00-04:00,0.77,0.82,6.33,PG
2012-04-27 07:00:00-04:00,0.93,0.94,1.0,PG
2012-01-27 07:00:00-05:00,1.08,1.1,1.7,PG
2011-10-27 07:00:00-04:00,1.03,1.03,0.41,PG
2011-08-05 07:00:00-04:00,0.82,0.84,2.13,PG
2011-04-28 07:00:00-04:00,0.97,0.96,-0.85,PG
2011-01-27 07:00:00-05:00,1.1,1.13,2.99,PG
2010-10-27 07:00:00-04:00,1.0,1.02,2.38,PG
2010-08-03 06:00:00-04:00,0.73,0.71,-2.88,PG
2010-04-29 07:00:00-04:00,0.82,0.89,9.01,PG
2010-01-28 07:00:00-05:00,1.43,1.49,4.54,PG
2009-10-29 06:00:00-04:00,0.99,0.97,-1.6,PG
2009-08-05 07:00:00-04:00,0.78,0.8,2.68,PG
2009-04-30 07:00:00-04:00,0.8,0.84,5.12,PG
2009-01-30 07:00:00-05:00,0.99,0.94,-5.21,PG
2008-10-29 07:00:00-04:00,1.03,1.03,0.32,PG
2008-08-05 07:00:00-04:00,0.78,0.8,2.81,PG
2008-04-30 07:00:00-04:00,0.81,0.82,1.53,PG
2008-01-31 07:00:00-05:00,0.97,0.98,1.4,PG
2007-10-30 07:00:00-04:00,0.9,0.9,0.56,PG
2007-08-03 07:00:00-04:00,0.66,0.67,1.25,PG
2007-05-01 07:00:00-04:00,0.74,0.74,-0.17,PG
2007-01-30 07:00:00-05:00,0.84,0.84,0.52,PG
2006-10-31 07:00:00-05:00,0.78,0.79,1.43,PG
2006-08-02 07:00:00-04:00,0.54,0.55,1.97,PG
2006-05-03 07:00:00-04:00,0.61,0.62,2.06,PG
2006-01-27 07:00:00-05:00,0.69,0.72,5.01,PG
2005-11-01 07:00:00-05:00,0.76,0.77,1.9,PG
2005-08-01 07:00:00-04:00,0.55,0.56,1.06,PG
2005-04-28 07:00:00-04:00,0.61,0.63,2.59,PG
2005-01-27 16:00:00-05:00,0.72,0.74,2.69,PG
2004-10-27 07:00:00-04:00,0.72,0.73,1.48,PG
2004-08-02 07:00:00-04:00,0.49,0.5,3.09,PG
2004-04-30 07:00:00-04:00,0.54,0.55,1.24,PG
2004-01-28 07:00:00-05:00,0.64,0.65,1.03,PG
2003-10-27 07:00:00-05:00,0.63,0.63,0.65,PG
2003-07-31 07:00:00-04:00,0.43,0.44,1.18,PG
2003-04-28 07:00:00-04:00,0.48,0.48,0.23,PG
2003-01-28 07:00:00-05:00,0.56,0.56,1.29,PG
2002-10-29 07:00:00-05:00,0.55,0.56,1.57,PG
2002-08-05 07:00:00-04:00,0.37,0.39,3.41,PG
2002-04-30 07:00:00-04:00,0.41,0.42,1.41,PG
2002-01-31 07:00:00-05:00,0.51,0.52,0.77,PG
2026-11-09 15:00:00-05:00,0.49,,,PINS
2026-08-04 16:00:00-04:00,0.36,0.43,20.37,PINS
2026-05-04 16:00:00-04:00,0.22,0.27,24.71,PINS
2026-02-12 16:00:00-05:00,0.67,0.67,-0.69,PINS
2025-11-04 16:00:00-05:00,0.42,0.38,-8.82,PINS
2025-08-07 16:00:00-04:00,0.35,0.33,-6.17,PINS
2025-05-08 16:00:00-04:00,0.26,0.23,-9.81,PINS
2025-02-06 16:00:00-05:00,0.65,0.56,-13.41,PINS
2024-11-07 16:00:00-05:00,0.34,0.4,16.31,PINS
2024-07-30 16:00:00-04:00,0.28,0.29,4.2,PINS
2024-04-30 16:00:00-04:00,0.13,0.2,48.82,PINS
2024-02-08 16:00:00-05:00,0.51,0.53,3.42,PINS
2023-10-30 16:00:00-04:00,0.2,0.28,40.42,PINS
2023-08-01 16:00:00-04:00,0.12,0.21,75.03,PINS
2023-04-27 16:00:00-04:00,0.02,0.08,355.58,PINS
2023-02-06 16:00:00-05:00,0.27,0.29,5.49,PINS
2022-10-27 16:00:00-04:00,0.06,0.11,87.94,PINS
2022-08-01 16:00:00-04:00,0.18,0.11,-37.72,PINS
2022-04-27 16:00:00-04:00,0.04,0.1,185.71,PINS
2022-02-03 16:00:00-05:00,0.45,0.49,7.74,PINS
2021-11-04 16:00:00-04:00,0.23,0.28,19.49,PINS
2021-07-29 16:00:00-04:00,0.13,0.25,91.67,PINS
2021-04-27 16:00:00-04:00,0.07,0.11,63.76,PINS
2021-02-04 16:00:00-05:00,0.33,0.43,29.73,PINS
2020-10-28 16:00:00-04:00,0.03,0.13,384.17,PINS
2020-07-31 07:00:00-04:00,-0.13,-0.07,47.31,PINS
2020-05-05 17:00:00-04:00,-0.09,-0.1,-12.5,PINS
2020-02-06 16:00:00-05:00,0.08,0.12,44.09,PINS
2019-10-31 16:00:00-04:00,-0.04,0.01,124.49,PINS
2019-08-01 16:00:00-04:00,-0.09,-0.06,30.04,PINS
2019-05-16 16:00:00-04:00,-0.09,-0.07,16.77,PINS
2026-11-02 15:00:00-05:00,0.41,,,PLTR
2026-08-03 16:00:00-04:00,0.35,0.41,18.51,PLTR
2026-05-04 16:00:00-04:00,0.28,0.33,18.08,PLTR
2026-02-02 16:00:00-05:00,0.23,0.25,8.6,PLTR
2025-11-03 16:00:00-05:00,0.17,0.21,25.46,PLTR
2025-08-04 16:00:00-04:00,0.14,0.16,15.57,PLTR
2025-05-05 16:00:00-04:00,0.13,0.13,1.11,PLTR
2025-02-03 16:00:00-05:00,0.11,0.14,23.72,PLTR
2024-11-04 16:00:00-05:00,0.09,0.1,10.06,PLTR
2024-08-05 16:00:00-04:00,0.08,0.09,10.55,PLTR
2024-05-06 16:00:00-04:00,0.08,0.08,4.1,PLTR
2024-02-05 16:00:00-05:00,0.08,0.08,5.39,PLTR
2023-11-02 07:00:00-04:00,0.06,0.07,25.07,PLTR
2023-08-07 16:00:00-04:00,0.05,0.05,-0.79,PLTR
2023-05-08 16:00:00-04:00,0.04,0.05,25.03,PLTR
2023-02-13 16:00:00-05:00,0.03,0.04,49.48,PLTR
2022-11-07 07:00:00-05:00,0.02,0.01,-38.61,PLTR
2022-08-08 07:00:00-04:00,0.03,-0.01,-131.7,PLTR
2022-05-09 07:00:00-04:00,0.04,0.02,-45.37,PLTR
2022-02-17 06:00:00-05:00,0.04,0.02,-44.09,PLTR
2021-11-09 07:00:00-05:00,0.04,0.04,10.16,PLTR
2021-08-12 07:00:00-04:00,0.03,0.04,16.01,PLTR
2021-05-11 07:00:00-04:00,0.04,0.04,7.87,PLTR
2021-02-16 07:00:00-05:00,0.02,0.06,128.04,PLTR
2020-11-12 16:00:00-05:00,0.03,0.06,145.25,PLTR
2026-11-09 15:00:00-05:00,-0.06,,,PLUG
2026-08-10 16:00:00-04:00,-0.08,-0.07,12.5,PLUG
2026-05-11 16:00:00-04:00,-0.1,-0.18,-74.2,PLUG
2026-03-02 16:00:00-05:00,-0.11,-0.06,43.95,PLUG
2025-11-10 16:00:00-05:00,-0.13,-0.12,7.35,PLUG
2025-08-11 16:00:00-04:00,-0.16,-0.18,-10.97,PLUG
2025-05-12 16:00:00-04:00,-0.2,-0.2,-2.31,PLUG
2025-03-03 16:00:00-05:00,-0.23,-0.5,-116.74,PLUG
2024-11-12 07:00:00-05:00,-0.23,-0.24,-5.91,PLUG
2024-08-08 07:00:00-04:00,-0.29,-0.34,-19.54,PLUG
2024-05-09 07:00:00-04:00,-0.33,-0.47,-41.62,PLUG
2024-02-29 16:00:00-05:00,-0.42,-0.64,-53.25,PLUG
2023-11-09 16:00:00-05:00,-0.3,-0.45,-48.87,PLUG
2023-08-09 16:00:00-04:00,-0.25,-0.35,-42.91,PLUG
2023-05-09 16:00:00-04:00,-0.24,-0.33,-37.33,PLUG
2023-03-01 16:00:00-05:00,-0.25,-0.37,-49.23,PLUG
2022-11-08 17:00:00-05:00,-0.22,-0.3,-34.02,PLUG
2022-08-09 16:00:00-04:00,-0.2,-0.31,-51.37,PLUG
2022-05-09 16:00:00-04:00,-0.16,-0.27,-71.52,PLUG
2022-03-01 16:00:00-05:00,-0.11,-0.31,-181.82,PLUG
2021-11-09 16:00:00-05:00,-0.08,-0.19,-129.52,PLUG
2021-08-05 16:00:00-04:00,-0.07,-0.18,-151.22,PLUG
2021-06-22 06:00:00-04:00,-0.09,-0.12,-39.21,PLUG
2021-02-25 08:00:00-05:00,-0.12,-0.07,40.87,PLUG
2020-11-09 16:00:00-05:00,-0.07,-0.04,42.86,PLUG
2020-08-06 09:00:00-04:00,-0.1,-0.03,66.95,PLUG
2020-05-07 09:00:00-04:00,-0.11,-0.12,-8.36,PLUG
2020-03-05 09:00:00-05:00,-0.06,-0.06,4.55,PLUG
2019-11-08 16:00:00-05:00,-0.07,-0.08,-11.11,PLUG
2019-08-06 08:00:00-04:00,-0.1,-0.08,21.53,PLUG
2019-05-08 17:00:00-04:00,-0.1,-0.15,-47.25,PLUG
2019-03-07 07:00:00-05:00,-0.06,-0.07,-16.67,PLUG
2018-11-08 07:00:00-05:00,-0.08,-0.07,9.26,PLUG
2018-08-09 07:00:00-04:00,-0.08,-0.08,-4.34,PLUG
2018-05-09 07:00:00-04:00,-0.08,-0.07,12.5,PLUG
2018-03-07 07:00:00-05:00,-0.07,-0.08,-6.67,PLUG
2017-11-08 16:00:00-05:00,-0.04,-0.18,-414.29,PLUG
2017-08-08 16:00:00-04:00,-0.06,-0.1,-66.67,PLUG
2017-05-09 17:00:00-04:00,-0.07,-0.13,-94.99,PLUG
2017-03-09 07:00:00-05:00,-0.06,-0.08,-35.67,PLUG
2016-11-07 07:00:00-05:00,-0.04,-0.07,-55.56,PLUG
2016-08-04 07:00:00-04:00,-0.06,-0.04,29.42,PLUG
2016-05-10 07:00:00-04:00,-0.06,-0.05,16.67,PLUG
2016-03-10 07:00:00-05:00,-0.05,-0.05,-4.17,PLUG
2015-11-09 07:00:00-05:00,-0.05,-0.06,-20.0,PLUG
2015-08-06 07:00:00-04:00,-0.06,-0.06,7.69,PLUG
2015-05-11 07:00:00-04:00,-0.06,-0.07,-9.37,PLUG
2015-03-17 07:00:00-04:00,-0.04,-0.08,-84.63,PLUG
2014-11-12 07:00:00-05:00,-0.03,-0.04,-33.33,PLUG
2014-08-14 07:00:00-04:00,-0.04,-0.04,,PLUG
2014-05-14 07:00:00-04:00,-0.05,-0.06,-20.0,PLUG
2014-03-13 07:00:00-04:00,-0.07,-0.08,-6.67,PLUG
2013-11-14 07:00:00-05:00,-0.08,-0.19,-137.5,PLUG
2013-08-08 07:00:00-04:00,-0.11,-0.14,-27.27,PLUG
2013-05-14 09:00:00-04:00,-0.16,-0.13,16.88,PLUG
2013-03-28 09:00:00-04:00,-0.16,-0.22,-37.5,PLUG
2012-11-13 07:00:00-05:00,-0.17,-0.27,-58.82,PLUG
2012-08-14 07:00:00-04:00,-0.16,-0.17,-6.25,PLUG
2012-05-15 07:00:00-04:00,-0.18,-0.28,-55.56,PLUG
2012-03-08 07:00:00-05:00,-0.22,-0.32,-45.45,PLUG
2011-11-03 07:00:00-04:00,-0.32,-0.28,12.5,PLUG
2011-08-09 07:00:00-04:00,-0.27,-0.41,-51.85,PLUG
2011-05-12 10:00:00-04:00,-0.7,-0.5,28.57,PLUG
2011-03-31 17:00:00-04:00,-0.9,-0.7,22.22,PLUG
2010-11-08 07:00:00-05:00,-0.85,-0.7,17.65,PLUG
2010-08-06 07:00:00-04:00,-0.9,-0.9,,PLUG
2010-05-11 07:00:00-04:00,-0.73,-0.9,-22.73,PLUG
2010-03-15 07:00:00-04:00,-0.84,-0.9,-7.14,PLUG
2009-11-05 07:00:00-05:00,-0.84,-0.8,4.76,PLUG
2009-07-28 07:00:00-04:00,-0.78,-0.8,-2.56,PLUG
2009-05-07 07:00:00-04:00,-1.46,-0.6,58.9,PLUG
2009-03-16 07:00:00-04:00,-1.58,-1.9,-20.25,PLUG
2008-11-10 07:00:00-05:00,-1.76,-1.7,3.41,PLUG
2008-08-06 06:00:00-04:00,-1.86,-2.0,-7.53,PLUG
2008-05-08 07:00:00-04:00,-1.7,-2.4,-41.18,PLUG
2008-03-11 07:00:00-04:00,-1.75,-2.0,-14.29,PLUG
2007-10-24 07:00:00-04:00,-1.52,-1.7,-11.84,PLUG
2007-07-25 07:00:00-04:00,-1.35,-1.9,-40.74,PLUG
2007-04-26 07:00:00-04:00,-1.46,-1.3,10.96,PLUG
2007-03-01 07:00:00-05:00,-1.42,-1.5,-5.63,PLUG
2006-10-25 01:00:00-04:00,-0.96,-1.4,-45.83,PLUG
2006-07-27 06:00:00-04:00,-1.34,-1.5,-11.94,PLUG
2006-04-27 07:00:00-04:00,-1.33,-1.4,-5.26,PLUG
2006-02-28 09:00:00-05:00,-1.37,-1.4,-2.19,PLUG
2005-10-26 08:00:00-04:00,-1.5,-1.5,,PLUG
2005-07-27 07:00:00-04:00,-1.54,-1.5,2.6,PLUG
2005-04-27 08:00:00-04:00,-1.5,-1.7,-13.33,PLUG
2005-02-23 08:00:00-05:00,-1.57,-1.6,-1.91,PLUG
2004-10-27 08:00:00-04:00,-1.58,-1.6,-1.27,PLUG
2004-07-28 07:00:00-04:00,-1.62,-1.5,7.41,PLUG
2004-04-28 07:00:00-04:00,-1.6,-1.6,,PLUG
2004-02-25 08:00:00-05:00,-1.9,-2.0,-5.26,PLUG
2003-10-22 08:00:00-04:00,-2.07,-2.0,3.38,PLUG
2003-07-31 07:00:00-04:00,-2.03,-2.1,-3.45,PLUG
2003-05-01 06:00:00-04:00,-2.36,-2.1,11.02,PLUG
2003-02-25 07:00:00-05:00,-2.6,-2.5,3.85,PLUG
2002-10-29 06:00:00-05:00,-2.72,-2.1,22.79,PLUG
2002-07-30 08:00:00-04:00,-2.94,-2.4,18.37,PLUG
2002-05-01 10:00:00-04:00,-3.31,-2.3,30.51,PLUG
2002-02-26 07:00:00-05:00,-3.66,-3.4,7.1,PLUG
2026-10-21 08:00:00-04:00,2.34,,,PM
2026-07-22 07:00:00-04:00,2.05,2.2,7.31,PM
2026-04-22 07:00:00-04:00,1.83,1.96,7.07,PM
2026-02-06 07:00:00-05:00,1.7,1.7,,PM
2025-10-21 07:00:00-04:00,2.1,2.24,6.88,PM
2025-07-22 07:00:00-04:00,1.86,1.91,2.8,PM
2025-04-23 06:00:00-04:00,1.61,1.69,4.79,PM
2025-02-06 06:00:00-05:00,1.5,1.55,3.42,PM
2024-10-22 07:00:00-04:00,1.82,1.91,4.9,PM
2024-07-23 07:00:00-04:00,1.56,1.59,2.03,PM
2024-04-23 06:00:00-04:00,1.41,1.5,6.47,PM
2024-02-08 07:00:00-05:00,1.45,1.36,-6.28,PM
2023-10-19 06:00:00-04:00,1.61,1.67,3.48,PM
2023-07-20 06:00:00-04:00,1.48,1.6,8.36,PM
2023-04-20 06:00:00-04:00,1.34,1.38,2.64,PM
2023-02-09 06:00:00-05:00,1.28,1.39,8.87,PM
2022-10-20 06:00:00-04:00,1.36,1.53,12.56,PM
2022-07-21 06:00:00-04:00,1.25,1.48,18.47,PM
2022-04-21 06:00:00-04:00,1.49,1.56,4.42,PM
2022-02-10 06:00:00-05:00,1.33,1.35,1.71,PM
2021-10-19 06:00:00-04:00,1.56,1.58,1.4,PM
2021-07-20 06:00:00-04:00,1.55,1.57,1.47,PM
2021-04-20 06:00:00-04:00,1.39,1.57,12.9,PM
2021-02-04 07:00:00-05:00,1.21,1.26,3.9,PM
2020-10-20 06:00:00-04:00,1.36,1.42,4.45,PM
2020-07-21 06:00:00-04:00,1.1,1.29,17.39,PM
2020-04-21 06:00:00-04:00,1.13,1.21,6.92,PM
2020-02-06 06:00:00-05:00,1.21,1.22,0.9,PM
2019-10-17 06:00:00-04:00,1.36,1.43,5.21,PM
2019-07-18 06:00:00-04:00,1.33,1.46,10.07,PM
2019-04-18 06:00:00-04:00,1.01,1.09,8.33,PM
2019-02-07 09:00:00-05:00,1.16,1.25,7.4,PM
2018-10-18 06:00:00-04:00,1.29,1.44,11.84,PM
2018-07-19 06:00:00-04:00,1.23,1.41,14.87,PM
2018-04-19 06:00:00-04:00,0.88,1.0,13.56,PM
2018-02-08 06:00:00-05:00,1.35,1.32,-2.24,PM
2017-10-19 06:00:00-04:00,1.38,1.27,-8.21,PM
2017-07-20 06:00:00-04:00,1.23,1.14,-7.13,PM
2017-04-20 06:00:00-04:00,1.03,0.98,-5.11,PM
2017-02-02 06:00:00-05:00,1.11,1.1,-0.63,PM
2016-10-18 06:00:00-04:00,1.23,1.25,1.41,PM
2016-07-19 06:00:00-04:00,1.19,1.15,-3.71,PM
2016-04-19 05:00:00-04:00,1.11,0.98,-11.59,PM
2016-02-04 06:00:00-05:00,0.81,0.81,0.6,PM
2015-10-15 06:00:00-04:00,1.11,1.24,11.65,PM
2015-07-16 06:00:00-04:00,1.13,1.21,6.84,PM
2015-04-16 06:00:00-04:00,1.01,1.16,14.48,PM
2015-02-05 10:00:00-05:00,1.06,1.03,-2.95,PM
2014-10-16 06:00:00-04:00,1.33,1.39,4.21,PM
2014-07-17 06:00:00-04:00,1.24,1.41,14.03,PM
2014-04-17 06:00:00-04:00,1.16,1.19,2.31,PM
2014-02-06 10:00:00-05:00,1.37,1.37,0.29,PM
2013-10-17 06:00:00-04:00,1.44,1.44,-0.01,PM
2013-07-18 06:00:00-04:00,1.41,1.3,-7.78,PM
2013-04-18 06:00:00-04:00,1.35,1.29,-4.16,PM
2013-02-07 10:00:00-05:00,1.22,1.28,4.69,PM
2012-10-18 06:00:00-04:00,1.39,1.38,-0.8,PM
2012-07-19 06:00:00-04:00,1.35,1.36,0.78,PM
2012-04-19 06:00:00-04:00,1.2,1.27,6.06,PM
2012-02-09 10:00:00-05:00,1.09,1.1,1.37,PM
2011-10-20 09:00:00-04:00,1.23,1.37,10.94,PM
2011-07-21 06:00:00-04:00,1.22,1.34,10.27,PM
2011-04-21 06:00:00-04:00,1.05,1.06,1.14,PM
2011-02-10 10:00:00-05:00,0.96,0.97,1.16,PM
2010-10-21 06:00:00-04:00,1.01,1.0,-1.06,PM
2010-07-22 06:00:00-04:00,0.97,1.0,3.18,PM
2010-04-22 05:00:00-04:00,0.92,0.9,-2.7,PM
2010-02-11 10:00:00-05:00,0.79,0.81,2.92,PM
2009-10-22 06:00:00-04:00,0.91,0.93,2.55,PM
2009-07-23 07:00:00-04:00,0.77,0.83,8.41,PM
2009-04-23 07:00:00-04:00,0.69,0.74,6.78,PM
2009-02-04 10:00:00-05:00,0.62,0.71,14.89,PM
2008-10-22 06:00:00-04:00,0.89,0.93,4.38,PM
2008-07-23 06:00:00-04:00,0.83,0.86,3.84,PM
2008-04-23 06:00:00-04:00,0.77,0.89,15.02,PM
2026-11-04 07:00:00-05:00,0.52,,,PRGO
2026-08-05 06:00:00-04:00,0.36,0.5,40.85,PRGO
2026-05-06 06:00:00-04:00,0.31,0.43,40.17,PRGO
2026-02-26 06:00:00-05:00,0.78,0.77,-1.28,PRGO
2025-11-05 06:00:00-05:00,0.77,0.8,3.91,PRGO
2025-08-06 06:00:00-04:00,0.59,0.57,-4.02,PRGO
2025-05-07 06:00:00-04:00,0.57,0.6,6.05,PRGO
2025-02-27 17:00:00-05:00,0.92,0.93,0.93,PRGO
2024-11-06 06:00:00-05:00,0.81,0.81,-0.24,PRGO
2024-08-02 06:00:00-04:00,0.46,0.53,16.04,PRGO
2024-05-07 06:00:00-04:00,0.23,0.29,24.29,PRGO
2024-02-27 06:00:00-05:00,0.83,0.86,3.59,PRGO
2023-11-07 06:00:00-05:00,0.63,0.64,2.4,PRGO
2023-08-08 06:00:00-04:00,0.51,0.63,23.53,PRGO
2023-05-09 06:00:00-04:00,0.43,0.45,4.67,PRGO
2023-02-27 16:00:00-05:00,0.77,0.75,-2.63,PRGO
2022-11-08 06:00:00-05:00,0.67,0.56,-16.23,PRGO
2022-08-09 06:00:00-04:00,0.44,0.43,-2.6,PRGO
2022-05-11 06:00:00-04:00,0.42,0.33,-21.56,PRGO
2022-03-01 07:00:00-05:00,0.56,0.6,6.66,PRGO
2021-11-10 06:00:00-05:00,0.65,0.45,-31.13,PRGO
2021-08-11 06:00:00-04:00,0.61,0.5,-18.01,PRGO
2021-05-11 06:00:00-04:00,0.57,0.5,-11.58,PRGO
2021-03-01 07:00:00-05:00,1.0,0.93,-7.27,PRGO
2020-11-04 16:00:00-05:00,0.86,0.93,8.72,PRGO
2020-08-05 07:00:00-04:00,0.87,1.03,17.82,PRGO
2020-04-30 06:00:00-04:00,1.04,1.14,9.76,PRGO
2020-02-27 06:00:00-05:00,1.06,1.06,-0.43,PRGO
2019-11-06 06:00:00-05:00,0.94,1.04,10.72,PRGO
2019-08-08 06:00:00-04:00,0.8,0.86,7.98,PRGO
2019-05-08 17:00:00-04:00,0.94,1.07,13.76,PRGO
2019-02-27 16:00:00-05:00,1.0,0.97,-2.9,PRGO
2018-11-08 06:00:00-05:00,1.04,1.09,5.26,PRGO
2018-08-09 00:00:00-04:00,1.2,1.22,1.61,PRGO
2018-05-08 00:00:00-04:00,1.14,1.26,10.36,PRGO
2018-03-01 17:00:00-05:00,1.25,1.28,2.52,PRGO
2017-11-09 00:00:00-05:00,1.11,1.39,25.65,PRGO
2017-08-10 02:00:00-04:00,0.92,1.22,32.31,PRGO
2017-05-30 17:00:00-04:00,0.99,1.05,5.66,PRGO
2017-05-22 18:00:00-04:00,1.82,1.24,-31.91,PRGO
2016-11-10 01:00:00-05:00,1.56,1.65,5.87,PRGO
2016-08-10 06:00:00-04:00,1.98,1.93,-2.71,PRGO
2016-05-12 05:00:00-04:00,1.73,1.75,1.19,PRGO
2016-02-18 06:00:00-05:00,1.93,1.8,-6.78,PRGO
2015-10-22 06:00:00-04:00,1.74,1.76,1.04,PRGO
2015-08-05 07:00:00-04:00,1.96,2.18,11.05,PRGO
2014-11-06 06:00:00-05:00,1.44,1.4,-2.76,PRGO
2014-08-14 07:00:00-04:00,1.55,1.74,12.0,PRGO
2014-05-07 08:00:00-04:00,1.51,1.31,-13.31,PRGO
2014-02-06 11:00:00-05:00,1.59,1.87,17.63,PRGO
2013-10-31 07:00:00-04:00,1.4,1.52,8.45,PRGO
2013-08-15 08:00:00-04:00,1.56,1.57,0.71,PRGO
2013-05-07 07:00:00-04:00,1.44,1.42,-1.51,PRGO
2013-02-01 07:00:00-05:00,1.31,1.36,3.6,PRGO
2012-11-07 07:00:00-05:00,1.24,1.27,2.45,PRGO
2012-08-16 07:00:00-04:00,1.27,1.28,0.83,PRGO
2012-05-08 08:00:00-04:00,1.22,1.41,15.87,PRGO
2012-02-07 07:00:00-05:00,1.17,1.07,-8.6,PRGO
2011-10-27 07:00:00-04:00,1.06,0.93,-12.28,PRGO
2011-08-16 08:00:00-04:00,0.97,0.92,-5.13,PRGO
2011-05-03 08:00:00-04:00,0.97,1.01,4.79,PRGO
2011-02-01 07:00:00-05:00,0.94,1.0,6.92,PRGO
2010-11-02 09:00:00-04:00,0.77,0.79,3.19,PRGO
2010-08-12 07:00:00-04:00,0.68,0.71,5.03,PRGO
2010-04-29 07:00:00-04:00,0.63,0.76,19.94,PRGO
2010-02-02 07:00:00-05:00,0.66,0.7,5.93,PRGO
2009-11-02 07:00:00-05:00,0.5,0.66,33.06,PRGO
2009-08-18 07:00:00-04:00,0.46,0.5,7.66,PRGO
2009-05-07 07:00:00-04:00,0.45,0.5,11.11,PRGO
2009-02-03 07:00:00-05:00,0.5,0.46,-8.78,PRGO
2008-11-06 08:00:00-05:00,0.43,0.41,-4.28,PRGO
2008-08-18 08:00:00-04:00,0.41,0.39,-4.88,PRGO
2008-05-06 07:00:00-04:00,0.42,0.47,11.02,PRGO
2008-02-05 08:00:00-05:00,0.34,0.36,5.11,PRGO
2007-11-01 08:00:00-04:00,0.26,0.36,36.36,PRGO
2007-08-23 08:00:00-04:00,0.23,0.24,3.45,PRGO
2007-05-08 08:00:00-04:00,0.22,0.24,7.87,PRGO
2007-02-01 07:00:00-05:00,0.26,0.26,0.78,PRGO
2006-10-31 08:00:00-05:00,0.19,0.19,2.7,PRGO
2006-08-09 08:00:00-04:00,0.13,0.19,46.15,PRGO
2006-04-27 08:00:00-04:00,0.19,0.22,13.8,PRGO
2006-02-02 08:00:00-05:00,0.21,0.27,28.57,PRGO
2005-10-27 08:00:00-04:00,0.14,0.18,28.57,PRGO
2005-09-07 08:00:00-04:00,0.16,0.14,-12.5,PRGO
2005-05-05 08:00:00-04:00,0.23,0.22,-5.38,PRGO
2005-02-01 08:00:00-05:00,0.33,0.29,-12.12,PRGO
2004-10-26 08:00:00-04:00,0.26,0.24,-5.88,PRGO
2004-08-10 08:00:00-04:00,0.13,0.16,23.08,PRGO
2004-04-23 08:00:00-04:00,0.2,0.24,23.08,PRGO
2004-02-03 09:00:00-05:00,0.25,0.35,41.13,PRGO
2003-10-24 08:00:00-04:00,0.23,0.23,-0.72,PRGO
2003-10-24 08:00:00-04:00,0.17,0.23,35.29,PRGO
2003-08-11 08:00:00-04:00,0.04,0.06,50.0,PRGO
2003-04-23 08:00:00-04:00,0.14,0.17,18.61,PRGO
2003-04-23 08:00:00-04:00,0.17,0.2,17.65,PRGO
2003-01-27 08:00:00-05:00,0.23,0.24,4.35,PRGO
2003-01-27 08:00:00-05:00,0.22,0.2,-10.45,PRGO
2002-08-02 09:00:00-04:00,0.05,0.06,26.32,PRGO
2002-04-25 08:00:00-04:00,0.09,0.14,55.56,PRGO
2001-10-23 08:00:00-04:00,0.17,0.17,1.49,PRGO
2026-11-09 15:00:00-05:00,0.18,,,PSKY
2026-08-04 16:00:00-04:00,0.18,0.18,-2.33,PSKY
2026-05-04 16:00:00-04:00,0.15,0.23,51.38,PSKY
2026-02-25 16:00:00-05:00,-0.01,-0.12,-732.18,PSKY
2025-11-10 16:00:00-05:00,0.41,-0.12,-129.59,PSKY
2025-07-31 16:00:00-04:00,0.36,0.46,27.42,PSKY
2025-05-08 16:00:00-04:00,0.19,0.29,52.63,PSKY
2025-02-26 16:00:00-05:00,0.11,-0.11,-204.69,PSKY
2024-11-08 07:00:00-05:00,0.2,0.49,141.55,PSKY
2024-08-08 16:00:00-04:00,0.14,0.54,279.0,PSKY
2024-04-29 17:00:00-04:00,0.39,0.62,60.96,PSKY
2024-02-28 16:00:00-05:00,-0.03,0.04,249.09,PSKY
2023-11-02 16:00:00-04:00,0.1,0.3,207.88,PSKY
2023-08-07 16:00:00-04:00,-0.04,0.1,366.1,PSKY
2023-05-04 10:00:00-04:00,0.2,0.09,-54.87,PSKY
2023-02-16 07:00:00-05:00,0.25,0.08,-68.15,PSKY
2022-11-02 10:00:00-04:00,0.46,0.39,-15.06,PSKY
2022-08-04 10:00:00-04:00,0.6,0.64,7.22,PSKY
2022-05-03 10:00:00-04:00,0.56,0.6,6.81,PSKY
2022-02-15 16:00:00-05:00,0.34,0.26,-23.53,PSKY
2021-11-04 07:00:00-04:00,0.82,0.76,-7.32,PSKY
2021-08-05 07:00:00-04:00,0.97,0.97,-0.24,PSKY
2021-05-06 07:00:00-04:00,1.22,1.52,24.62,PSKY
2021-02-24 16:00:00-05:00,1.06,1.04,-1.89,PSKY
2020-11-06 07:00:00-05:00,0.67,0.91,35.82,PSKY
2020-08-06 07:00:00-04:00,1.09,1.25,14.68,PSKY
2020-05-07 08:00:00-04:00,0.95,1.13,18.95,PSKY
2020-02-20 07:00:00-05:00,1.46,0.97,-33.56,PSKY
2019-11-12 08:00:00-05:00,0.94,0.95,1.03,PSKY
2019-08-08 16:00:00-04:00,1.15,1.16,0.93,PSKY
2019-05-02 16:00:00-04:00,1.4,1.37,-2.42,PSKY
2019-02-14 16:00:00-05:00,1.53,1.5,-2.1,PSKY
2018-11-01 16:00:00-04:00,1.22,1.24,1.97,PSKY
2018-08-02 16:00:00-04:00,1.11,1.12,0.91,PSKY
2018-05-03 16:00:00-04:00,1.18,1.34,13.17,PSKY
2018-02-15 16:00:00-05:00,1.08,1.15,6.98,PSKY
2017-11-02 16:00:00-04:00,1.01,1.04,2.97,PSKY
2017-08-07 16:00:00-04:00,1.05,0.97,-7.62,PSKY
2017-05-04 16:00:00-04:00,1.02,1.06,3.92,PSKY
2017-02-15 16:00:00-05:00,1.18,1.11,-5.93,PSKY
2016-11-03 16:00:00-04:00,0.98,1.05,7.14,PSKY
2016-07-28 16:00:00-04:00,0.85,0.93,9.41,PSKY
2016-05-03 16:00:00-04:00,0.93,1.02,9.12,PSKY
2016-02-11 16:00:00-05:00,0.92,0.92,-0.36,PSKY
2015-11-03 16:00:00-05:00,0.8,0.88,10.46,PSKY
2015-08-05 16:00:00-04:00,0.72,0.74,2.25,PSKY
2015-05-07 16:00:00-04:00,0.75,0.78,3.91,PSKY
2015-02-12 16:00:00-05:00,0.76,0.77,0.98,PSKY
2014-11-05 16:00:00-05:00,0.72,0.74,2.24,PSKY
2014-08-07 16:00:00-04:00,0.72,0.72,0.13,PSKY
2014-05-08 16:00:00-04:00,0.75,0.79,5.75,PSKY
2014-02-12 16:00:00-05:00,0.76,0.78,3.17,PSKY
2013-11-06 16:00:00-05:00,0.76,0.76,-0.22,PSKY
2013-07-31 16:00:00-04:00,0.73,0.76,4.62,PSKY
2013-05-01 16:00:00-04:00,0.67,0.73,8.55,PSKY
2013-02-14 16:00:00-05:00,0.69,0.64,-7.45,PSKY
2012-11-07 16:00:00-05:00,0.61,0.65,6.57,PSKY
2012-08-02 16:00:00-04:00,0.59,0.65,10.24,PSKY
2012-05-01 16:00:00-04:00,0.44,0.53,21.4,PSKY
2012-02-15 16:00:00-05:00,0.54,0.57,6.46,PSKY
2011-11-03 16:00:00-04:00,0.46,0.5,7.72,PSKY
2011-08-02 16:00:00-04:00,0.45,0.58,27.95,PSKY
2011-05-03 16:00:00-04:00,0.19,0.29,50.6,PSKY
2011-02-16 16:00:00-05:00,0.43,0.46,6.02,PSKY
2010-11-04 16:00:00-04:00,0.32,0.35,10.18,PSKY
2010-08-03 16:00:00-04:00,0.21,0.25,17.67,PSKY
2010-05-05 16:00:00-04:00,0.05,0.05,5.95,PSKY
2010-02-18 16:00:00-05:00,0.25,0.25,0.32,PSKY
2009-11-05 16:00:00-05:00,0.22,0.25,11.68,PSKY
2009-08-06 16:00:00-04:00,0.1,0.08,-20.0,PSKY
2009-05-07 16:00:00-04:00,0.09,-0.08,-189.71,PSKY
2009-02-18 16:00:00-05:00,0.26,0.32,25.49,PSKY
2008-10-30 07:00:00-04:00,0.41,0.4,-1.9,PSKY
2008-07-31 07:00:00-04:00,0.52,0.49,-5.21,PSKY
2008-04-29 07:00:00-04:00,0.33,0.4,19.51,PSKY
2008-02-26 07:00:00-05:00,0.52,0.54,3.4,PSKY
2007-11-01 16:00:00-04:00,0.44,0.48,9.78,PSKY
2007-07-31 07:00:00-04:00,0.51,0.54,5.34,PSKY
2007-05-03 07:00:00-04:00,0.33,0.33,1.23,PSKY
2007-02-27 07:00:00-05:00,0.48,0.58,20.47,PSKY
2006-11-02 07:00:00-05:00,0.4,0.41,3.02,PSKY
2006-08-03 07:00:00-04:00,0.5,0.49,-2.22,PSKY
2006-04-26 07:00:00-04:00,0.26,0.3,14.5,PSKY
2006-02-23 07:00:00-05:00,0.39,0.41,5.81,PSKY
2005-11-01 07:00:00-05:00,0.45,0.47,4.44,PSKY
2005-08-04 16:00:00-04:00,0.46,0.48,4.8,PSKY
2005-04-19 06:00:00-04:00,0.3,0.36,18.42,PSKY
2005-02-24 06:00:00-05:00,0.38,0.42,12.0,PSKY
2004-10-28 07:00:00-04:00,0.41,0.42,1.82,PSKY
2004-07-22 06:00:00-04:00,0.41,0.43,4.03,PSKY
2004-04-22 06:00:00-04:00,0.3,0.33,10.0,PSKY
2004-02-10 06:00:00-05:00,0.35,0.36,2.86,PSKY
2003-10-23 06:00:00-04:00,0.39,0.4,3.9,PSKY
2003-07-24 06:00:00-04:00,0.36,0.37,2.78,PSKY
2003-04-22 06:00:00-04:00,0.25,0.26,6.12,PSKY
2003-02-12 06:00:00-05:00,0.34,0.37,8.82,PSKY
2002-10-24 06:00:00-04:00,0.35,0.36,2.86,PSKY
2002-07-25 07:00:00-04:00,0.29,0.31,6.9,PSKY
2002-07-25 07:00:00-04:00,,0.29,5900.0,PSKY
2002-04-25 06:00:00-04:00,0.15,0.21,40.0,PSKY
2026-11-05 07:00:00-05:00,0.11,,,PTON
2026-08-06 06:00:00-04:00,0.12,0.13,7.07,PTON
2026-05-07 06:00:00-04:00,0.08,0.06,-20.41,PTON
2026-02-05 07:00:00-05:00,-0.05,-0.03,41.12,PTON
2025-11-06 16:00:00-05:00,0.01,0.06,504.0,PTON
2025-08-07 06:00:00-04:00,-0.03,0.11,479.0,PTON
2025-05-08 06:00:00-04:00,-0.06,-0.12,-97.43,PTON
2025-02-06 06:00:00-05:00,-0.16,-0.19,-19.17,PTON
2024-10-31 07:00:00-04:00,-0.14,0.08,156.02,PTON
2024-08-22 06:00:00-04:00,-0.16,-0.08,53.77,PTON
2024-05-02 07:00:00-04:00,-0.35,-0.45,-28.06,PTON
2024-02-01 07:00:00-05:00,-0.52,-0.5,4.69,PTON
2023-11-02 07:00:00-04:00,-0.29,-0.32,-11.37,PTON
2023-08-23 07:00:00-04:00,-0.4,-0.68,-71.64,PTON
2023-05-04 07:00:00-04:00,-0.47,-0.37,21.83,PTON
2023-02-01 16:00:00-05:00,-0.64,-0.68,-5.8,PTON
2022-11-03 16:00:00-04:00,-0.65,-1.2,-83.25,PTON
2022-08-25 07:00:00-04:00,-0.77,-1.32,-70.7,PTON
2022-05-10 09:00:00-04:00,-1.02,-0.98,4.33,PTON
2022-02-08 07:00:00-05:00,-1.22,-1.39,-14.02,PTON
2021-11-04 16:00:00-04:00,-1.14,-1.1,3.23,PTON
2021-08-26 16:00:00-04:00,-0.48,-1.05,-120.67,PTON
2021-05-06 16:00:00-04:00,-0.07,,106.6,PTON
2021-02-04 16:00:00-05:00,0.12,0.21,74.22,PTON
2020-11-05 16:00:00-05:00,0.12,0.23,88.58,PTON
2020-09-10 16:00:00-04:00,0.12,0.3,153.19,PTON
2020-05-06 16:00:00-04:00,-0.15,-0.02,87.21,PTON
2020-02-05 16:00:00-05:00,-0.35,-0.2,43.06,PTON
2019-11-05 07:00:00-05:00,-0.36,-0.16,55.44,PTON
2026-10-27 08:00:00-04:00,1.31,,,PYPL
2026-07-28 07:00:00-04:00,1.28,1.38,8.03,PYPL
2026-05-05 07:00:00-04:00,1.27,1.34,5.59,PYPL
2026-02-03 07:00:00-05:00,1.29,1.23,-4.4,PYPL
2025-10-28 07:00:00-04:00,1.21,1.34,11.14,PYPL
2025-07-29 07:00:00-04:00,1.3,1.4,8.0,PYPL
2025-04-29 07:00:00-04:00,1.16,1.33,14.53,PYPL
2025-02-04 07:00:00-05:00,1.12,1.19,5.96,PYPL
2024-10-29 07:00:00-04:00,1.07,1.2,12.16,PYPL
2024-07-30 07:00:00-04:00,0.99,1.19,20.63,PYPL
2024-04-30 07:00:00-04:00,1.22,1.08,-11.42,PYPL
2024-02-07 16:00:00-05:00,1.36,1.48,8.65,PYPL
2023-11-01 16:00:00-04:00,1.23,1.3,5.78,PYPL
2023-08-02 16:00:00-04:00,1.16,1.16,-0.29,PYPL
2023-05-08 16:00:00-04:00,1.1,1.17,6.4,PYPL
2023-02-09 16:00:00-05:00,1.2,1.24,3.38,PYPL
2022-11-03 17:00:00-04:00,0.96,1.08,12.46,PYPL
2022-08-02 16:00:00-04:00,0.87,0.93,6.68,PYPL
2022-04-27 16:00:00-04:00,0.88,0.88,0.26,PYPL
2022-02-01 16:00:00-05:00,1.12,1.11,-1.04,PYPL
2021-11-08 16:00:00-05:00,1.08,1.11,3.12,PYPL
2021-07-28 16:00:00-04:00,1.12,1.15,2.31,PYPL
2021-05-05 16:00:00-04:00,1.02,1.22,19.99,PYPL
2021-02-03 16:00:00-05:00,1.0,1.08,8.33,PYPL
2020-11-02 16:00:00-05:00,0.94,1.07,13.49,PYPL
2020-07-29 16:00:00-04:00,0.87,1.07,22.53,PYPL
2020-05-07 06:00:00-04:00,0.75,0.66,-11.56,PYPL
2020-01-29 16:00:00-05:00,0.83,0.86,3.19,PYPL
2019-10-23 16:00:00-04:00,0.6,0.61,1.32,PYPL
2019-07-24 16:00:00-04:00,0.83,0.86,3.6,PYPL
2019-04-24 16:00:00-04:00,0.68,0.78,15.36,PYPL
2019-01-30 16:00:00-05:00,0.67,0.69,3.56,PYPL
2018-10-18 16:00:00-04:00,0.54,0.58,7.16,PYPL
2018-07-25 16:00:00-04:00,0.56,0.58,2.78,PYPL
2018-04-25 16:00:00-04:00,0.54,0.57,5.41,PYPL
2018-01-31 16:00:00-05:00,0.52,0.55,5.71,PYPL
2017-10-19 16:00:00-04:00,0.43,0.46,5.86,PYPL
2017-07-26 16:00:00-04:00,0.43,0.46,7.78,PYPL
2017-04-26 16:00:00-04:00,0.41,0.44,6.32,PYPL
2017-01-26 16:00:00-05:00,0.42,0.42,0.87,PYPL
2016-10-20 16:00:00-04:00,0.35,0.35,0.14,PYPL
2016-07-21 16:00:00-04:00,0.36,0.36,0.46,PYPL
2016-04-27 16:00:00-04:00,0.35,0.37,4.58,PYPL
2016-01-27 16:00:00-05:00,0.34,0.36,4.49,PYPL
2015-10-28 16:00:00-04:00,0.29,0.31,7.21,PYPL
2015-07-29 16:00:00-04:00,0.32,0.33,3.01,PYPL
2026-11-04 15:00:00-05:00,2.16,,,QCOM
2026-07-29 16:00:00-04:00,2.23,2.21,-0.74,QCOM
2026-04-29 16:00:00-04:00,2.56,2.65,3.34,QCOM
2026-02-04 16:00:00-05:00,3.4,3.5,2.87,QCOM
2025-11-05 16:00:00-05:00,2.88,3.0,4.32,QCOM
2025-07-30 16:00:00-04:00,2.71,2.77,2.05,QCOM
2025-04-30 16:00:00-04:00,2.82,2.85,1.19,QCOM
2025-02-05 16:00:00-05:00,2.99,3.41,14.2,QCOM
2024-11-06 16:00:00-05:00,2.57,2.69,4.74,QCOM
2024-07-31 16:00:00-04:00,2.26,2.33,3.32,QCOM
2024-05-01 16:00:00-04:00,2.32,2.44,5.31,QCOM
2024-01-31 16:00:00-05:00,2.37,2.75,16.1,QCOM
2023-11-01 16:00:00-04:00,1.91,2.02,5.93,QCOM
2023-08-02 16:00:00-04:00,1.81,1.87,3.35,QCOM
2023-05-03 16:00:00-04:00,2.16,2.15,-0.24,QCOM
2023-02-02 16:00:00-05:00,2.35,2.37,0.72,QCOM
2022-11-02 16:00:00-04:00,3.13,3.13,-0.13,QCOM
2022-07-27 16:00:00-04:00,2.87,2.96,3.13,QCOM
2022-04-27 16:00:00-04:00,2.92,3.21,10.08,QCOM
2022-02-02 16:00:00-05:00,3.0,3.23,7.59,QCOM
2021-11-03 16:00:00-04:00,2.26,2.55,12.82,QCOM
2021-07-28 16:00:00-04:00,1.68,1.92,14.11,QCOM
2021-04-28 02:00:00-04:00,1.67,1.9,14.09,QCOM
2021-02-03 16:00:00-05:00,2.1,2.17,3.27,QCOM
2020-11-04 16:00:00-05:00,1.18,1.45,22.83,QCOM
2020-07-29 16:00:00-04:00,0.71,0.86,20.56,QCOM
2020-04-29 16:00:00-04:00,0.8,0.88,9.65,QCOM
2020-02-05 16:00:00-05:00,0.85,0.99,16.15,QCOM
2019-11-06 16:00:00-05:00,0.71,0.78,9.46,QCOM
2019-07-31 16:00:00-04:00,0.77,0.8,4.44,QCOM
2019-05-01 16:00:00-04:00,0.71,0.77,8.68,QCOM
2019-01-30 16:00:00-05:00,1.09,1.2,10.45,QCOM
2018-11-07 17:00:00-05:00,0.83,0.9,8.64,QCOM
2018-07-25 16:00:00-04:00,0.71,0.75,5.92,QCOM
2018-04-25 16:00:00-04:00,0.7,0.8,14.87,QCOM
2018-01-31 16:00:00-05:00,0.91,0.98,7.45,QCOM
2017-11-01 17:00:00-04:00,0.81,0.92,13.27,QCOM
2017-07-19 16:00:00-04:00,0.81,0.83,2.94,QCOM
2017-04-19 16:00:00-04:00,1.2,1.34,12.01,QCOM
2017-01-25 16:00:00-05:00,1.18,1.19,0.58,QCOM
2016-11-02 16:00:00-04:00,1.11,1.28,15.21,QCOM
2016-07-20 12:00:00-04:00,0.97,1.16,19.09,QCOM
2016-04-20 16:00:00-04:00,0.96,1.04,7.79,QCOM
2016-01-27 16:00:00-05:00,0.91,0.97,7.09,QCOM
2015-11-04 16:00:00-05:00,0.86,0.91,5.64,QCOM
2015-07-22 16:00:00-04:00,0.95,0.99,4.62,QCOM
2015-04-22 16:00:00-04:00,1.33,1.4,5.04,QCOM
2015-01-28 16:00:00-05:00,1.25,1.34,6.87,QCOM
2014-11-05 16:00:00-05:00,1.31,1.26,-3.93,QCOM
2014-07-23 16:00:00-04:00,1.21,1.44,19.35,QCOM
2014-04-23 16:00:00-04:00,1.22,1.31,7.06,QCOM
2014-01-29 16:00:00-05:00,1.19,1.01,-14.88,QCOM
2013-11-06 16:00:00-05:00,1.08,1.05,-3.08,QCOM
2013-07-24 16:00:00-04:00,1.03,1.03,0.17,QCOM
2013-04-24 16:00:00-04:00,1.17,1.17,0.08,QCOM
2013-01-30 16:00:00-05:00,1.12,1.26,12.19,QCOM
2012-11-07 16:00:00-05:00,0.82,0.89,8.81,QCOM
2012-07-18 16:00:00-04:00,0.86,0.85,-1.4,QCOM
2012-04-18 16:00:00-04:00,0.96,1.01,5.59,QCOM
2012-02-01 16:00:00-05:00,0.9,0.97,7.67,QCOM
2011-11-02 16:00:00-04:00,0.78,0.8,2.71,QCOM
2011-07-20 16:00:00-04:00,0.71,0.73,2.82,QCOM
2011-04-20 16:00:00-04:00,0.8,0.86,6.98,QCOM
2011-01-26 16:00:00-05:00,0.72,0.82,14.09,QCOM
2010-11-03 16:00:00-04:00,0.58,0.68,16.55,QCOM
2010-07-21 16:00:00-04:00,0.53,0.57,6.75,QCOM
2010-04-21 15:00:00-04:00,0.56,0.59,5.23,QCOM
2010-01-27 16:00:00-05:00,0.56,0.62,10.88,QCOM
2009-11-04 16:00:00-05:00,0.52,0.64,23.49,QCOM
2009-07-22 16:00:00-04:00,0.51,0.54,4.95,QCOM
2009-04-27 07:00:00-04:00,0.39,0.42,7.96,QCOM
2009-01-28 16:00:00-05:00,0.47,0.31,-34.32,QCOM
2008-11-06 16:00:00-05:00,0.6,0.63,5.35,QCOM
2008-07-23 19:00:00-04:00,0.55,0.55,0.22,QCOM
2008-04-23 16:00:00-04:00,0.52,0.54,3.65,QCOM
2008-01-23 16:00:00-05:00,0.53,0.52,-1.14,QCOM
2007-11-08 16:00:00-05:00,0.53,0.54,1.89,QCOM
2007-07-25 16:00:00-04:00,0.51,0.55,7.0,QCOM
2007-04-25 16:00:00-04:00,0.48,0.5,3.31,QCOM
2007-01-24 16:00:00-05:00,0.42,0.43,1.58,QCOM
2006-11-02 16:00:00-05:00,0.41,0.42,1.94,QCOM
2006-07-19 16:00:00-04:00,0.41,0.42,1.47,QCOM
2006-04-19 16:00:00-04:00,0.4,0.41,3.21,QCOM
2006-01-25 16:00:00-05:00,0.38,0.39,2.24,QCOM
2005-11-02 16:00:00-05:00,0.33,0.32,-2.14,QCOM
2005-07-20 16:00:00-04:00,0.25,0.28,10.4,QCOM
2005-04-20 16:00:00-04:00,0.27,0.29,6.62,QCOM
2005-01-19 16:00:00-05:00,0.27,0.28,4.48,QCOM
2004-11-03 16:00:00-05:00,0.28,0.29,1.75,QCOM
2004-07-21 16:00:00-04:00,0.26,0.28,7.95,QCOM
2004-04-21 16:00:00-04:00,0.25,0.27,8.16,QCOM
2004-01-21 16:00:00-05:00,0.24,0.26,7.14,QCOM
2003-11-05 16:00:00-05:00,0.15,0.14,-0.89,QCOM
2003-07-23 16:00:00-04:00,0.15,0.17,11.0,QCOM
2003-04-23 16:00:00-04:00,0.18,0.19,6.15,QCOM
2003-01-22 16:00:00-05:00,0.19,0.21,11.46,QCOM
2002-11-07 16:00:00-05:00,0.14,0.16,12.83,QCOM
2002-07-25 16:00:00-04:00,0.11,0.12,7.69,QCOM
2002-04-24 07:00:00-04:00,0.1,0.1,,QCOM
2002-01-24 16:00:00-05:00,0.11,0.12,1.77,QCOM
2026-10-21 16:00:00-04:00,-0.17,,,QS
2026-07-22 16:00:00-04:00,-0.18,-0.16,10.16,QS
2026-04-22 16:00:00-04:00,-0.16,-0.16,1.06,QS
2026-02-11 16:00:00-05:00,-0.17,-0.17,1.45,QS
2025-10-22 16:00:00-04:00,-0.2,-0.18,9.03,QS
2025-07-23 16:00:00-04:00,-0.18,-0.2,-8.27,QS
2025-04-23 16:00:00-04:00,-0.19,-0.21,-10.29,QS
2025-02-12 16:00:00-05:00,-0.21,-0.22,-5.6,QS
2024-10-23 16:00:00-04:00,-0.19,-0.23,-22.34,QS
2024-07-24 16:00:00-04:00,-0.18,-0.25,-35.14,QS
2024-04-24 16:00:00-04:00,-0.19,-0.19,-2.9,QS
2024-02-14 16:00:00-05:00,-0.2,-0.23,-15.97,QS
2023-10-25 16:00:00-04:00,-0.33,-0.23,29.38,QS
2023-07-26 16:00:00-04:00,-0.19,-0.26,-35.06,QS
2023-04-26 16:00:00-04:00,-0.19,-0.24,-26.32,QS
2023-02-15 16:00:00-05:00,-0.24,-0.24,2.71,QS
2022-10-26 16:00:00-04:00,-0.2,-0.27,-32.1,QS
2022-07-27 16:00:00-04:00,-0.17,-0.22,-29.95,QS
2022-04-26 16:00:00-04:00,-0.15,-0.21,-42.34,QS
2022-02-16 16:00:00-05:00,-0.11,-0.16,-40.96,QS
2021-10-26 16:00:00-04:00,-0.1,-0.13,-31.79,QS
2021-07-27 16:00:00-04:00,-0.07,0.2,399.99,QS
2021-05-11 16:00:00-04:00,-0.07,-0.2,-199.99,QS
2021-02-16 16:00:00-05:00,-0.06,-2.41,-3916.67,QS
2026-10-29 16:00:00-04:00,-0.42,,,RBLX
2026-07-30 16:00:00-04:00,-0.33,-0.26,22.25,RBLX
2026-04-30 16:00:00-04:00,-0.41,-0.27,35.0,RBLX
2026-02-05 16:00:00-05:00,-0.49,-0.45,8.65,RBLX
2025-10-30 07:00:00-04:00,-0.5,-0.37,26.3,RBLX
2025-07-31 08:00:00-04:00,-0.38,-0.41,-7.04,RBLX
2025-05-01 08:00:00-04:00,-0.39,-0.32,18.17,RBLX
2025-02-06 08:00:00-05:00,-0.44,-0.33,24.99,RBLX
2024-10-31 08:00:00-04:00,-0.39,-0.37,4.3,RBLX
2024-08-01 08:00:00-04:00,-0.39,-0.32,18.65,RBLX
2024-05-09 08:00:00-04:00,-0.53,-0.43,18.94,RBLX
2024-02-07 08:00:00-05:00,-0.55,-0.52,4.68,RBLX
2023-11-08 08:00:00-05:00,-0.5,-0.45,10.82,RBLX
2023-08-09 08:00:00-04:00,-0.44,-0.46,-3.77,RBLX
2023-05-10 08:00:00-04:00,-0.39,-0.44,-11.93,RBLX
2023-02-15 08:00:00-05:00,-0.54,-0.48,10.67,RBLX
2022-11-09 08:00:00-05:00,-0.37,-0.5,-36.0,RBLX
2022-08-09 16:00:00-04:00,-0.26,-0.3,-14.82,RBLX
2022-05-10 16:00:00-04:00,-0.2,-0.27,-33.92,RBLX
2022-02-15 16:00:00-05:00,-0.12,-0.25,-105.29,RBLX
2021-11-08 16:00:00-05:00,-0.15,-0.13,14.46,RBLX
2021-08-16 16:00:00-04:00,0.24,-0.25,-206.38,RBLX
2021-05-10 16:00:00-04:00,0.17,-0.29,-268.6,RBLX
2021-02-22 06:00:00-05:00,0.23,-0.08,-134.78,RBLX
2026-10-27 08:00:00-04:00,6.36,,,RCL
2026-07-28 06:00:00-04:00,3.98,4.21,5.74,RCL
2026-04-30 06:00:00-04:00,3.2,3.6,12.59,RCL
2026-01-29 06:00:00-05:00,2.8,2.8,0.13,RCL
2025-10-28 06:00:00-04:00,5.68,5.75,1.24,RCL
2025-07-29 06:00:00-04:00,4.08,4.38,7.33,RCL
2025-04-29 06:00:00-04:00,2.53,2.71,7.02,RCL
2025-01-28 06:00:00-05:00,1.5,1.63,9.0,RCL
2024-10-29 06:00:00-04:00,5.03,5.2,3.3,RCL
2024-07-25 06:00:00-04:00,2.75,3.21,16.6,RCL
2024-04-25 06:00:00-04:00,1.31,1.77,35.18,RCL
2024-02-01 06:00:00-05:00,1.13,1.25,10.79,RCL
2023-10-26 06:00:00-04:00,3.39,3.85,13.44,RCL
2023-07-27 07:00:00-04:00,1.58,1.82,14.85,RCL
2023-05-04 07:00:00-04:00,-0.69,-0.23,66.76,RCL
2023-02-07 07:00:00-05:00,-1.34,-1.12,16.59,RCL
2022-11-03 08:00:00-04:00,0.17,0.26,49.93,RCL
2022-07-28 08:00:00-04:00,-2.3,-2.08,9.69,RCL
2022-05-05 08:00:00-04:00,-4.48,-4.57,-1.91,RCL
2022-02-04 07:00:00-05:00,-3.92,-4.78,-21.98,RCL
2021-10-29 08:00:00-04:00,-4.21,-4.91,-16.51,RCL
2021-08-04 08:00:00-04:00,-4.38,-5.06,-15.63,RCL
2021-04-29 08:00:00-04:00,-4.61,-4.44,3.65,RCL
2021-02-22 08:00:00-05:00,-5.19,-5.02,3.19,RCL
2020-10-29 08:00:00-04:00,-4.95,-5.62,-13.55,RCL
2020-08-10 08:00:00-04:00,-4.55,-6.13,-34.72,RCL
2020-05-20 08:00:00-04:00,-0.55,-1.48,-167.87,RCL
2020-02-04 08:00:00-05:00,1.43,1.42,-0.84,RCL
2019-10-30 08:00:00-04:00,4.32,4.27,-1.06,RCL
2019-07-25 07:00:00-04:00,2.43,2.54,4.56,RCL
2019-05-01 07:00:00-04:00,1.11,1.31,18.27,RCL
2019-01-30 08:00:00-05:00,1.52,1.53,0.5,RCL
2018-10-25 08:00:00-04:00,3.96,3.98,0.46,RCL
2018-08-02 08:00:00-04:00,2.03,2.27,12.04,RCL
2018-04-26 08:00:00-04:00,0.97,1.09,12.19,RCL
2018-01-24 08:00:00-05:00,1.2,1.34,11.61,RCL
2017-11-07 08:00:00-05:00,3.39,3.49,2.82,RCL
2017-08-01 08:00:00-04:00,1.67,1.71,2.48,RCL
2017-04-28 08:00:00-04:00,0.93,0.99,6.93,RCL
2017-01-26 08:00:00-05:00,1.21,1.23,1.84,RCL
2016-10-28 07:00:00-04:00,3.1,3.2,3.2,RCL
2016-08-02 08:00:00-04:00,1.02,1.09,6.84,RCL
2016-04-29 07:00:00-04:00,0.32,0.57,80.0,RCL
2016-02-02 08:00:00-05:00,0.92,0.94,1.85,RCL
2015-10-23 07:00:00-04:00,2.71,2.84,4.71,RCL
2015-07-31 08:00:00-04:00,0.73,0.84,14.39,RCL
2015-04-20 08:00:00-04:00,0.14,0.2,47.93,RCL
2015-01-29 08:00:00-05:00,0.43,0.32,-25.26,RCL
2014-10-23 08:00:00-04:00,2.2,2.2,0.17,RCL
2014-07-24 08:00:00-04:00,0.53,0.66,24.49,RCL
2014-04-24 08:00:00-04:00,0.27,0.21,-21.32,RCL
2014-01-27 08:00:00-05:00,0.18,0.23,24.35,RCL
2013-10-24 08:00:00-04:00,1.66,1.71,2.72,RCL
2013-07-25 08:00:00-04:00,0.08,0.23,192.7,RCL
2013-04-25 08:00:00-04:00,0.19,0.35,85.93,RCL
2013-02-04 08:00:00-05:00,0.06,0.1,73.76,RCL
2012-10-25 08:00:00-04:00,1.47,1.68,14.32,RCL
2012-07-26 08:00:00-04:00,0.02,0.03,23.41,RCL
2012-04-20 08:00:00-04:00,0.14,0.21,48.92,RCL
2012-02-02 08:00:00-05:00,0.15,0.17,15.44,RCL
2011-10-27 08:00:00-04:00,1.86,1.82,-2.26,RCL
2011-07-27 17:00:00-04:00,0.44,0.43,-1.23,RCL
2011-04-28 08:00:00-04:00,0.13,0.42,213.81,RCL
2011-01-27 08:00:00-05:00,0.13,0.2,55.65,RCL
2010-10-26 08:00:00-04:00,1.57,1.64,4.52,RCL
2010-07-22 08:00:00-04:00,0.19,0.28,50.05,RCL
2010-04-28 08:00:00-04:00,-0.07,0.01,115.0,RCL
2010-01-28 08:00:00-05:00,-0.06,0.02,135.66,RCL
2009-11-03 08:00:00-05:00,1.01,1.07,6.17,RCL
2009-07-29 08:00:00-04:00,-0.14,-0.16,-10.34,RCL
2009-04-23 08:00:00-04:00,-0.33,-0.17,49.17,RCL
2009-01-29 08:00:00-05:00,0.07,0.01,-84.62,RCL
2008-10-28 08:00:00-04:00,1.62,1.92,18.45,RCL
2008-07-21 16:00:00-04:00,0.4,0.4,0.08,RCL
2008-04-24 08:00:00-04:00,0.27,0.35,30.07,RCL
2008-01-30 08:00:00-05:00,0.34,0.33,-3.42,RCL
2007-10-22 08:00:00-04:00,1.78,1.84,3.29,RCL
2007-07-26 08:00:00-04:00,0.6,0.6,0.17,RCL
2007-05-01 08:00:00-04:00,0.07,0.04,-38.46,RCL
2007-02-05 08:00:00-05:00,0.2,0.22,8.48,RCL
2006-10-31 07:00:00-05:00,1.59,1.63,2.7,RCL
2006-07-27 07:00:00-04:00,0.54,0.57,6.15,RCL
2006-04-21 07:00:00-04:00,0.4,0.39,-2.04,RCL
2006-02-02 07:00:00-05:00,-0.23,-0.02,91.22,RCL
2005-10-26 08:00:00-04:00,1.45,1.45,-0.2,RCL
2005-07-27 07:00:00-04:00,0.57,0.71,24.67,RCL
2005-04-21 07:00:00-04:00,0.55,0.63,14.82,RCL
2005-02-01 07:00:00-05:00,-0.03,-0.13,-303.98,RCL
2004-10-21 07:00:00-04:00,1.27,1.33,4.4,RCL
2004-07-28 07:00:00-04:00,0.53,0.59,11.55,RCL
2004-04-21 07:00:00-04:00,0.42,0.47,13.25,RCL
2004-01-29 07:00:00-05:00,-0.07,-0.1,-47.93,RCL
2003-10-27 08:00:00-05:00,0.96,0.97,0.55,RCL
2003-07-28 07:00:00-04:00,0.15,0.28,83.8,RCL
2003-04-23 08:00:00-04:00,0.23,0.27,19.39,RCL
2003-01-30 07:00:00-05:00,0.01,0.03,172.73,RCL
2002-10-23 08:00:00-04:00,0.99,0.99,0.41,RCL
2002-07-25 08:00:00-04:00,0.28,0.34,20.14,RCL
2002-04-24 07:00:00-04:00,0.26,0.27,4.25,RCL
2002-01-29 08:00:00-05:00,-0.22,-0.2,7.19,RCL
2026-10-29 16:00:00-04:00,1.31,,,RDDT
2026-07-30 16:00:00-04:00,0.96,1.25,29.56,RDDT
2026-04-30 16:00:00-04:00,1.11,1.4,26.13,RDDT
2026-02-05 16:00:00-05:00,1.45,1.68,16.45,RDDT
2025-10-30 16:00:00-04:00,1.05,1.26,20.73,RDDT
2025-07-31 16:00:00-04:00,0.19,0.92,34.04,RDDT
2025-05-01 16:00:00-04:00,0.01,0.13,870.87,RDDT
2025-02-12 16:00:00-05:00,0.25,0.36,44.26,RDDT
2024-10-29 16:00:00-04:00,0.41,0.59,42.87,RDDT
2024-08-06 16:00:00-04:00,0.13,0.34,170.16,RDDT
2024-05-07 16:00:00-04:00,-8.72,-8.19,6.05,RDDT
2026-10-30 08:00:00-04:00,16.02,,,REGN
2026-07-30 06:00:00-04:00,10.21,14.29,39.99,REGN
2026-04-29 06:00:00-04:00,8.9,9.47,6.38,REGN
2026-01-30 06:00:00-05:00,10.75,11.44,6.38,REGN
2025-10-28 06:00:00-04:00,9.64,11.83,22.66,REGN
2025-08-01 06:00:00-04:00,8.44,12.89,52.72,REGN
2025-04-29 06:00:00-04:00,8.48,8.22,-3.03,REGN
2025-02-04 06:00:00-05:00,11.19,12.07,7.82,REGN
2024-10-31 06:00:00-04:00,11.7,12.46,6.54,REGN
2024-08-01 06:00:00-04:00,10.62,11.56,8.83,REGN
2024-05-02 06:00:00-04:00,10.1,9.55,-5.41,REGN
2024-02-02 06:00:00-05:00,10.75,11.86,10.37,REGN
2023-11-02 06:00:00-04:00,10.78,11.59,7.56,REGN
2023-08-03 06:00:00-04:00,9.9,10.24,3.47,REGN
2023-05-04 06:00:00-04:00,9.56,10.09,5.55,REGN
2023-02-03 06:00:00-05:00,10.01,12.56,25.48,REGN
2022-11-03 06:00:00-04:00,9.48,11.14,17.56,REGN
2022-08-03 06:00:00-04:00,8.76,9.77,11.55,REGN
2022-05-04 06:00:00-04:00,9.8,11.49,17.28,REGN
2022-02-04 06:00:00-05:00,20.3,23.72,16.85,REGN
2021-11-04 06:00:00-04:00,9.94,15.37,54.65,REGN
2021-08-05 06:00:00-04:00,17.71,25.8,45.67,REGN
2021-05-06 06:00:00-04:00,8.68,9.89,13.99,REGN
2021-02-05 06:00:00-05:00,8.29,9.53,15.02,REGN
2020-11-05 06:00:00-05:00,6.99,8.36,19.64,REGN
2020-08-05 06:00:00-04:00,5.97,7.16,20.02,REGN
2020-05-05 07:00:00-04:00,6.09,6.6,8.45,REGN
2020-02-06 06:00:00-05:00,7.17,7.5,4.56,REGN
2019-11-05 06:00:00-05:00,6.4,6.67,4.3,REGN
2019-08-06 06:00:00-04:00,5.42,6.02,11.16,REGN
2019-05-07 06:00:00-04:00,5.52,4.45,-19.35,REGN
2019-02-06 06:00:00-05:00,5.6,6.84,22.08,REGN
2018-11-06 06:00:00-05:00,5.06,5.87,15.92,REGN
2018-08-02 06:00:00-04:00,4.68,5.45,16.4,REGN
2018-05-03 06:00:00-04:00,4.34,4.67,7.49,REGN
2018-02-08 06:00:00-05:00,4.57,5.23,14.38,REGN
2017-11-08 06:00:00-05:00,3.82,3.99,4.42,REGN
2017-08-03 06:00:00-04:00,3.18,4.17,30.96,REGN
2017-05-04 06:00:00-04:00,3.07,2.92,-4.76,REGN
2017-02-09 07:00:00-05:00,3.05,3.04,-0.3,REGN
2016-11-04 06:00:00-04:00,2.7,3.13,15.96,REGN
2016-08-04 06:00:00-04:00,2.65,2.82,6.44,REGN
2016-05-05 06:00:00-04:00,2.55,2.57,0.75,REGN
2016-02-09 06:00:00-05:00,3.36,2.83,-15.78,REGN
2015-11-04 06:00:00-05:00,3.2,3.47,8.32,REGN
2015-08-04 06:00:00-04:00,2.78,2.89,3.96,REGN
2015-05-07 06:00:00-04:00,2.69,2.88,7.2,REGN
2015-02-10 06:00:00-05:00,2.83,2.79,-1.53,REGN
2014-11-04 06:00:00-05:00,2.57,2.52,-2.09,REGN
2014-08-05 06:00:00-04:00,2.29,2.47,7.64,REGN
2014-05-08 06:00:00-04:00,2.26,2.26,-0.17,REGN
2014-02-11 06:00:00-05:00,2.08,2.24,7.47,REGN
2013-11-05 06:00:00-05:00,1.89,2.4,26.85,REGN
2013-08-06 02:00:00-04:00,1.83,1.73,-5.57,REGN
2013-05-03 06:00:00-04:00,1.43,1.78,24.61,REGN
2013-02-14 06:00:00-05:00,1.24,1.47,18.11,REGN
2012-10-24 06:00:00-04:00,1.06,1.89,77.75,REGN
2012-07-25 06:00:00-04:00,0.47,0.9,92.92,REGN
2012-04-26 06:00:00-04:00,-0.34,0.11,131.95,REGN
2012-02-13 07:00:00-05:00,-0.6,-0.58,3.09,REGN
2011-10-27 07:00:00-04:00,-0.74,-0.68,7.73,REGN
2011-07-28 07:00:00-04:00,-0.4,-0.69,-70.65,REGN
2011-05-03 07:00:00-04:00,-0.32,-0.49,-51.67,REGN
2011-02-17 07:00:00-05:00,-0.33,-0.17,48.2,REGN
2010-10-28 07:00:00-04:00,-0.35,-0.41,-17.14,REGN
2010-07-28 03:00:00-04:00,-0.38,-0.31,17.94,REGN
2010-04-29 07:00:00-04:00,-0.46,-0.38,16.99,REGN
2010-02-18 08:00:00-05:00,-0.33,-0.46,-39.82,REGN
2009-11-03 07:00:00-05:00,-0.2,-0.01,95.02,REGN
2009-08-04 07:00:00-04:00,-0.28,-0.19,32.86,REGN
2009-04-30 07:00:00-04:00,-0.31,-0.22,29.26,REGN
2009-02-26 07:00:00-05:00,-0.28,-0.4,-44.33,REGN
2008-11-04 07:00:00-05:00,-0.28,-0.27,2.99,REGN
2008-07-31 07:00:00-04:00,-0.29,-0.22,25.42,REGN
2008-05-01 07:00:00-04:00,-0.36,-0.15,58.14,REGN
2008-02-27 07:00:00-05:00,-0.47,-0.19,59.92,REGN
2007-11-06 07:00:00-05:00,-0.29,-0.54,-86.85,REGN
2007-08-01 07:00:00-04:00,-0.43,-0.41,4.28,REGN
2007-05-02 07:00:00-04:00,-0.45,-0.46,-1.1,REGN
2007-03-01 08:00:00-05:00,-0.5,-0.51,-1.39,REGN
2006-11-06 07:00:00-05:00,-0.56,-0.48,14.59,REGN
2006-08-03 06:00:00-04:00,-0.56,-0.41,27.05,REGN
2006-05-03 06:00:00-04:00,-0.58,-0.37,36.54,REGN
2006-02-24 07:00:00-05:00,-0.64,-0.53,16.8,REGN
2005-11-03 07:00:00-05:00,-0.66,-0.62,5.63,REGN
2005-08-04 08:00:00-04:00,-0.53,-0.38,28.97,REGN
2005-04-28 07:00:00-04:00,-0.36,-0.37,-2.78,REGN
2005-02-22 08:00:00-05:00,-0.45,-0.4,12.09,REGN
2004-10-28 06:00:00-04:00,-0.42,-0.2,52.38,REGN
2004-07-26 16:00:00-04:00,-0.3,-0.26,14.19,REGN
2004-04-26 16:00:00-04:00,-0.46,1.06,330.43,REGN
2004-02-23 16:00:00-05:00,-0.52,-0.35,33.33,REGN
2003-10-29 07:00:00-05:00,-0.53,-0.52,2.44,REGN
2003-08-01 07:00:00-04:00,-0.5,-0.58,-16.0,REGN
2003-05-05 07:00:00-04:00,-0.84,-0.68,19.43,REGN
2003-01-30 08:00:00-05:00,-0.84,-0.81,3.8,REGN
2002-10-31 08:00:00-05:00,-0.77,-0.75,3.1,REGN
2002-07-30 08:00:00-04:00,-0.64,-0.69,-6.98,REGN
2002-04-29 07:00:00-04:00,-0.64,-0.58,9.38,REGN
2002-01-31 16:00:00-05:00,-0.63,-0.65,-3.17,REGN
2026-11-10 15:00:00-05:00,-0.05,,,RGTI
2026-08-06 16:00:00-04:00,-0.05,-0.05,-8.11,RGTI
2026-05-11 16:00:00-04:00,-0.04,-0.04,6.67,RGTI
2026-03-04 16:00:00-05:00,-0.03,-0.03,8.7,RGTI
2025-11-10 16:00:00-05:00,-0.04,-0.03,25.0,RGTI
2025-08-12 16:00:00-04:00,-0.04,-0.06,-41.25,RGTI
2025-05-12 16:00:00-04:00,-0.04,-0.08,-89.25,RGTI
2025-03-05 16:00:00-05:00,-0.06,-0.06,4.62,RGTI
2024-11-12 06:00:00-05:00,-0.07,-0.09,-27.86,RGTI
2024-08-08 16:00:00-04:00,-0.06,-0.09,-53.5,RGTI
2024-05-09 16:00:00-04:00,-0.08,-0.11,-36.39,RGTI
2024-03-14 16:00:00-04:00,-0.06,-0.04,31.5,RGTI
2023-11-09 16:00:00-05:00,-0.1,-0.13,-27.31,RGTI
2023-08-10 16:00:00-04:00,-0.09,-0.13,-43.61,RGTI
2023-05-11 16:00:00-04:00,-0.04,-0.17,-324.92,RGTI
2023-03-27 16:00:00-04:00,-0.12,-0.08,35.38,RGTI
2022-11-21 16:00:00-05:00,-0.11,-0.14,-27.54,RGTI
2022-08-12 06:00:00-04:00,-0.15,-0.16,-2.95,RGTI
2026-10-29 16:00:00-04:00,-0.73,,,RIVN
2026-07-30 16:00:00-04:00,-0.78,-0.63,18.85,RIVN
2026-04-30 16:00:00-04:00,-0.6,-0.55,8.7,RIVN
2026-02-12 16:00:00-05:00,-0.79,-0.66,16.65,RIVN
2025-11-04 16:00:00-05:00,-0.86,-0.96,-11.14,RIVN
2025-08-05 16:00:00-04:00,-0.64,-0.8,-25.41,RIVN
2025-05-06 16:00:00-04:00,-0.92,-0.48,47.98,RIVN
2025-02-20 16:00:00-05:00,-0.63,-0.47,25.78,RIVN
2024-11-07 16:00:00-05:00,-0.9,-0.99,-10.78,RIVN
2024-08-06 16:00:00-04:00,-1.41,-1.46,-3.8,RIVN
2024-05-06 20:00:00-04:00,-1.16,-1.24,-7.06,RIVN
2024-02-21 16:00:00-05:00,-1.32,-1.36,-3.39,RIVN
2023-11-07 16:00:00-05:00,-1.32,-1.19,10.08,RIVN
2023-08-08 17:00:00-04:00,-1.39,-1.08,22.14,RIVN
2023-05-09 17:00:00-04:00,-1.59,-1.25,21.48,RIVN
2023-02-28 16:00:00-05:00,-1.95,-1.73,11.4,RIVN
2022-11-09 16:00:00-05:00,-1.83,-1.57,14.18,RIVN
2022-08-11 17:00:00-04:00,-1.63,-1.62,0.87,RIVN
2022-05-11 16:00:00-04:00,-1.47,-1.43,2.46,RIVN
2022-03-10 16:00:00-05:00,-2.36,-4.83,-104.96,RIVN
2021-12-16 16:00:00-05:00,-6.84,-7.68,-12.37,RIVN
2026-11-05 15:00:00-05:00,0.55,,,ROKU
2026-08-06 16:00:00-04:00,0.56,1.2,113.44,ROKU
2026-04-30 16:00:00-04:00,0.35,0.57,64.42,ROKU
2026-02-12 16:00:00-05:00,0.28,0.53,92.23,ROKU
2025-10-30 16:00:00-04:00,0.09,0.16,71.43,ROKU
2025-07-31 16:00:00-04:00,-0.16,0.07,144.14,ROKU
2025-05-01 16:00:00-04:00,-0.25,-0.19,24.75,ROKU
2025-02-13 16:00:00-05:00,-0.43,-0.24,44.19,ROKU
2024-10-30 16:00:00-04:00,-0.34,0.07,119.12,ROKU
2024-08-01 16:00:00-04:00,-0.44,-0.18,60.16,ROKU
2024-04-26 16:00:00-04:00,-0.64,-0.34,46.66,ROKU
2024-02-15 16:00:00-05:00,-0.58,-0.26,55.62,ROKU
2023-11-01 16:00:00-04:00,-1.93,-0.33,82.79,ROKU
2023-07-27 16:00:00-04:00,-1.28,-0.76,40.31,ROKU
2023-04-26 16:00:00-04:00,-1.48,-1.16,22.02,ROKU
2023-02-15 16:00:00-05:00,-1.72,-1.7,0.92,ROKU
2022-11-02 16:00:00-04:00,-1.22,-0.88,28.03,ROKU
2022-07-28 16:00:00-04:00,-0.68,-0.82,-20.18,ROKU
2022-04-28 16:00:00-04:00,-0.21,-0.19,8.25,ROKU
2022-02-17 16:00:00-05:00,0.04,0.17,369.22,ROKU
2021-11-03 16:00:00-04:00,0.06,0.48,691.03,ROKU
2021-08-04 16:00:00-04:00,0.14,0.52,269.48,ROKU
2021-05-06 16:00:00-04:00,-0.12,0.54,537.64,ROKU
2021-02-18 16:00:00-05:00,-0.02,0.49,3030.62,ROKU
2020-11-05 16:00:00-05:00,-0.42,0.09,121.32,ROKU
2020-08-05 16:00:00-04:00,-0.53,-0.35,33.6,ROKU
2020-05-07 16:00:00-04:00,-0.46,-0.45,2.39,ROKU
2020-02-13 16:00:00-05:00,-0.11,-0.13,-19.45,ROKU
2019-11-06 17:00:00-05:00,-0.23,-0.22,2.61,ROKU
2019-08-07 16:00:00-04:00,-0.2,-0.08,59.79,ROKU
2019-05-10 16:00:00-04:00,-0.25,-0.09,64.0,ROKU
2019-02-21 16:00:00-05:00,0.04,0.05,20.77,ROKU
2018-11-07 16:00:00-05:00,-0.11,-0.09,20.04,ROKU
2018-08-08 16:00:00-04:00,-0.15,,100.0,ROKU
2018-05-09 16:00:00-04:00,-0.15,-0.07,54.84,ROKU
2018-02-21 16:00:00-05:00,-0.11,0.08,170.37,ROKU
2017-11-08 16:00:00-05:00,-4.88,-8.79,-80.12,ROKU
2026-10-20 08:00:00-04:00,1.77,,,RTX
2026-07-23 06:00:00-04:00,1.66,1.89,13.71,RTX
2026-04-21 06:00:00-04:00,1.52,1.78,16.95,RTX
2026-01-27 06:00:00-05:00,1.47,1.55,5.34,RTX
2025-10-21 06:00:00-04:00,1.41,1.7,20.64,RTX
2025-07-22 06:00:00-04:00,1.43,1.56,9.47,RTX
2025-04-22 06:00:00-04:00,1.37,1.47,7.52,RTX
2025-01-28 07:00:00-05:00,1.38,1.54,11.8,RTX
2024-10-22 06:00:00-04:00,1.34,1.45,8.31,RTX
2024-07-25 06:00:00-04:00,1.3,1.41,8.61,RTX
2024-04-23 06:00:00-04:00,1.23,1.34,8.6,RTX
2024-01-23 06:00:00-05:00,1.25,1.29,3.46,RTX
2023-10-24 06:00:00-04:00,1.22,1.25,2.64,RTX
2023-07-25 06:00:00-04:00,1.18,1.29,9.73,RTX
2023-04-25 06:00:00-04:00,1.13,1.22,7.52,RTX
2023-01-24 06:00:00-05:00,1.25,1.27,1.83,RTX
2022-10-25 06:00:00-04:00,1.14,1.21,6.33,RTX
2022-07-26 06:00:00-04:00,1.11,1.16,4.16,RTX
2022-04-26 06:00:00-04:00,1.02,1.15,13.11,RTX
2022-01-25 06:00:00-05:00,1.02,1.08,5.72,RTX
2021-10-26 06:00:00-04:00,1.09,1.26,16.0,RTX
2021-07-27 06:00:00-04:00,0.93,1.03,10.91,RTX
2021-04-27 06:00:00-04:00,0.83,0.9,8.15,RTX
2021-01-26 06:00:00-05:00,0.69,0.74,6.82,RTX
2020-10-27 06:00:00-04:00,0.5,0.58,15.79,RTX
2020-07-28 06:00:00-04:00,0.12,0.4,231.51,RTX
2020-05-07 07:00:00-04:00,1.33,1.78,33.99,RTX
2020-01-28 06:00:00-05:00,1.84,1.94,5.33,RTX
2019-10-22 06:00:00-04:00,2.03,2.21,9.08,RTX
2019-07-23 06:00:00-04:00,2.05,2.2,7.11,RTX
2019-04-23 06:00:00-04:00,1.72,1.91,10.89,RTX
2019-01-23 06:00:00-05:00,1.53,1.95,27.49,RTX
2018-10-23 06:00:00-04:00,1.82,1.93,5.98,RTX
2018-07-24 06:00:00-04:00,1.85,1.97,6.2,RTX
2018-04-24 06:00:00-04:00,1.52,1.77,16.33,RTX
2018-01-24 06:00:00-05:00,1.56,1.6,2.48,RTX
2017-10-24 06:00:00-04:00,1.69,1.73,2.36,RTX
2017-07-25 06:00:00-04:00,1.77,1.85,4.29,RTX
2017-04-26 06:00:00-04:00,1.39,1.48,6.55,RTX
2017-01-25 06:00:00-05:00,1.56,1.56,-0.07,RTX
2016-10-25 06:00:00-04:00,1.67,1.76,5.63,RTX
2016-07-26 06:00:00-04:00,1.68,1.82,8.2,RTX
2016-04-27 06:00:00-04:00,1.4,1.47,5.32,RTX
2016-01-27 06:00:00-05:00,1.52,1.53,0.63,RTX
2015-10-20 06:00:00-04:00,1.56,1.61,2.89,RTX
2015-07-21 07:00:00-04:00,1.71,1.73,0.89,RTX
2015-04-21 06:00:00-04:00,1.46,1.58,8.57,RTX
2015-01-26 16:00:00-05:00,1.62,1.62,0.25,RTX
2014-10-21 06:00:00-04:00,1.81,2.04,13.01,RTX
2014-07-22 06:00:00-04:00,1.78,1.84,3.14,RTX
2014-04-22 07:00:00-04:00,1.27,1.32,3.65,RTX
2014-01-22 06:00:00-05:00,1.53,1.67,9.08,RTX
2013-10-22 06:00:00-04:00,1.54,1.63,5.81,RTX
2013-07-23 06:00:00-04:00,1.57,1.65,4.77,RTX
2013-04-23 06:00:00-04:00,1.3,1.28,-1.34,RTX
2013-01-23 06:00:00-05:00,1.03,1.29,25.07,RTX
2012-10-23 06:00:00-04:00,1.18,1.37,15.83,RTX
2012-07-26 08:00:00-04:00,1.41,1.58,12.32,RTX
2012-04-24 06:00:00-04:00,1.19,1.61,34.97,RTX
2012-01-25 06:00:00-05:00,1.46,1.35,-7.63,RTX
2011-10-19 06:00:00-04:00,1.44,1.43,-0.94,RTX
2011-07-20 06:00:00-04:00,1.41,1.4,-0.48,RTX
2011-04-20 06:00:00-04:00,1.07,1.11,3.79,RTX
2011-01-26 06:00:00-05:00,1.29,1.31,1.3,RTX
2010-10-20 07:00:00-04:00,1.28,1.3,1.63,RTX
2010-07-21 07:00:00-04:00,1.16,1.2,3.41,RTX
2010-04-21 06:00:00-04:00,0.91,0.93,2.49,RTX
2010-01-27 07:00:00-05:00,1.14,1.15,0.81,RTX
2009-10-20 07:00:00-04:00,1.12,1.14,1.9,RTX
2009-07-21 07:00:00-04:00,1.04,1.05,1.05,RTX
2009-04-21 07:00:00-04:00,0.77,0.78,0.87,RTX
2009-01-21 07:00:00-05:00,1.23,1.23,0.28,RTX
2008-10-16 07:00:00-04:00,1.32,1.33,1.09,RTX
2008-07-17 07:00:00-04:00,1.3,1.32,1.49,RTX
2008-04-17 07:00:00-04:00,1.01,1.03,2.26,RTX
2008-01-23 07:00:00-05:00,1.06,1.12,5.25,RTX
2007-10-17 07:00:00-04:00,1.16,1.17,0.66,RTX
2007-07-18 07:00:00-04:00,1.15,1.16,1.06,RTX
2007-04-18 07:00:00-04:00,0.81,0.82,1.76,RTX
2007-01-23 07:00:00-05:00,0.85,0.87,2.59,RTX
2006-10-17 07:00:00-04:00,0.96,1.01,4.99,RTX
2006-07-18 07:00:00-04:00,1.01,1.02,1.39,RTX
2006-04-19 07:00:00-04:00,0.73,0.76,4.59,RTX
2006-01-24 07:00:00-05:00,0.71,0.71,0.57,RTX
2005-10-18 07:00:00-04:00,0.79,0.81,2.66,RTX
2005-07-20 07:00:00-04:00,0.85,0.86,1.42,RTX
2005-04-20 07:00:00-04:00,0.63,0.66,4.63,RTX
2005-01-21 07:00:00-05:00,0.64,0.69,7.15,RTX
2004-10-20 07:00:00-04:00,0.71,0.72,1.27,RTX
2004-07-21 07:00:00-04:00,0.79,0.83,5.06,RTX
2004-04-21 07:00:00-04:00,0.56,0.57,1.97,RTX
2004-01-20 07:00:00-05:00,0.56,0.58,2.84,RTX
2003-10-16 07:00:00-04:00,0.62,0.64,2.42,RTX
2003-07-17 07:00:00-04:00,0.62,0.63,2.03,RTX
2003-04-17 07:00:00-04:00,0.49,0.5,2.67,RTX
2003-01-16 07:00:00-05:00,0.52,0.53,1.34,RTX
2002-10-17 07:00:00-04:00,0.6,0.61,1.68,RTX
2002-07-17 07:00:00-04:00,0.6,0.62,2.5,RTX
2002-04-17 07:00:00-04:00,0.45,0.46,2.44,RTX
2002-01-17 07:00:00-05:00,0.33,0.35,3.76,RTX
2026-10-28 16:00:00-04:00,0.7,,,SBUX
2026-07-29 16:00:00-04:00,0.65,0.85,30.79,SBUX
2026-04-28 16:00:00-04:00,0.44,0.5,14.51,SBUX
2026-01-28 07:00:00-05:00,0.59,0.56,-4.59,SBUX
2025-10-29 16:00:00-04:00,0.56,0.52,-6.51,SBUX
2025-07-29 16:00:00-04:00,0.65,0.5,-22.49,SBUX
2025-04-29 16:00:00-04:00,0.48,0.41,-15.23,SBUX
2025-01-28 16:00:00-05:00,0.67,0.69,3.46,SBUX
2024-10-30 16:00:00-04:00,0.89,0.8,-10.61,SBUX
2024-07-30 16:00:00-04:00,0.93,0.93,-0.12,SBUX
2024-04-30 16:00:00-04:00,0.8,0.68,-15.19,SBUX
2024-01-30 16:00:00-05:00,0.94,0.9,-4.1,SBUX
2023-11-02 06:00:00-04:00,0.97,1.06,9.06,SBUX
2023-08-01 16:00:00-04:00,0.95,1.0,5.09,SBUX
2023-05-02 16:00:00-04:00,0.65,0.74,13.12,SBUX
2023-02-02 16:00:00-05:00,0.77,0.75,-2.57,SBUX
2022-11-03 16:00:00-04:00,0.72,0.81,12.49,SBUX
2022-08-02 16:00:00-04:00,0.76,0.84,11.13,SBUX
2022-05-03 16:00:00-04:00,0.6,0.59,-1.02,SBUX
2022-02-01 16:00:00-05:00,0.8,0.72,-9.45,SBUX
2021-10-28 16:00:00-04:00,1.0,1.0,0.45,SBUX
2021-07-27 16:00:00-04:00,0.78,1.01,29.49,SBUX
2021-04-27 16:00:00-04:00,0.53,0.62,16.61,SBUX
2021-01-26 16:00:00-05:00,0.55,0.61,10.28,SBUX
2020-10-29 16:00:00-04:00,0.31,0.51,63.68,SBUX
2020-07-28 16:00:00-04:00,-0.61,-0.46,24.71,SBUX
2020-04-28 17:00:00-04:00,0.32,0.32,0.89,SBUX
2020-01-28 16:00:00-05:00,0.76,0.79,4.08,SBUX
2019-10-30 16:00:00-04:00,0.7,0.7,-0.04,SBUX
2019-07-25 16:00:00-04:00,0.73,0.78,7.47,SBUX
2019-04-25 16:00:00-04:00,0.57,0.6,6.13,SBUX
2019-01-24 16:00:00-05:00,0.65,0.75,15.21,SBUX
2018-11-01 16:00:00-04:00,0.6,0.62,4.01,SBUX
2018-07-26 16:00:00-04:00,0.6,0.62,3.02,SBUX
2018-04-26 16:00:00-04:00,0.53,0.53,-0.01,SBUX
2018-01-25 16:00:00-05:00,0.57,0.58,1.48,SBUX
2017-11-02 16:00:00-04:00,0.55,0.55,0.73,SBUX
2017-07-27 16:00:00-04:00,0.55,0.55,-0.15,SBUX
2017-04-27 16:00:00-04:00,0.45,0.45,0.28,SBUX
2017-01-26 16:00:00-05:00,0.52,0.52,0.03,SBUX
2016-11-03 16:00:00-04:00,0.55,0.56,2.08,SBUX
2016-07-21 16:00:00-04:00,0.49,0.49,0.63,SBUX
2016-04-21 16:00:00-04:00,0.39,0.39,-0.05,SBUX
2016-01-21 16:00:00-05:00,0.45,0.46,2.21,SBUX
2015-10-29 16:00:00-04:00,0.43,0.43,-1.03,SBUX
2015-07-23 16:00:00-04:00,0.41,0.42,2.58,SBUX
2015-04-23 16:00:00-04:00,0.33,0.34,3.72,SBUX
2015-01-22 16:00:00-05:00,0.4,0.4,-0.38,SBUX
2014-10-30 16:00:00-04:00,0.37,0.37,-0.45,SBUX
2014-07-24 16:00:00-04:00,0.33,0.34,1.18,SBUX
2014-04-24 16:00:00-04:00,0.28,0.28,0.84,SBUX
2014-01-23 16:00:00-05:00,0.35,0.34,-0.31,SBUX
2013-10-30 16:00:00-04:00,0.3,0.3,0.97,SBUX
2013-07-25 16:00:00-04:00,0.27,0.28,3.21,SBUX
2013-04-25 16:00:00-04:00,0.24,0.24,-1.17,SBUX
2013-01-24 16:00:00-05:00,0.29,0.28,-0.27,SBUX
2012-11-01 16:00:00-04:00,0.23,0.23,1.96,SBUX
2012-07-26 16:00:00-04:00,0.23,0.22,-4.71,SBUX
2012-04-26 16:00:00-04:00,0.2,0.2,1.99,SBUX
2012-01-26 16:00:00-05:00,0.24,0.25,3.23,SBUX
2011-11-03 16:00:00-04:00,0.18,0.19,1.84,SBUX
2011-07-28 16:00:00-04:00,0.17,0.18,6.06,SBUX
2011-04-27 16:00:00-04:00,0.17,0.17,0.9,SBUX
2011-01-26 16:00:00-05:00,0.2,0.23,15.21,SBUX
2010-11-04 16:00:00-04:00,0.16,0.19,16.1,SBUX
2010-07-21 16:00:00-04:00,0.14,0.14,0.81,SBUX
2010-04-21 15:00:00-04:00,0.12,0.14,17.73,SBUX
2010-01-20 16:00:00-05:00,0.14,0.17,18.1,SBUX
2009-11-05 16:00:00-05:00,0.1,0.12,15.38,SBUX
2009-07-21 16:00:00-04:00,0.1,0.12,25.08,SBUX
2009-04-29 16:00:00-04:00,0.08,0.08,5.78,SBUX
2009-01-28 16:00:00-05:00,0.08,0.08,-9.09,SBUX
2008-11-10 16:00:00-05:00,0.06,0.05,-22.23,SBUX
2008-07-30 16:00:00-04:00,0.09,0.08,-11.6,SBUX
2008-04-30 16:00:00-04:00,0.08,0.08,-2.6,SBUX
2008-01-30 16:00:00-05:00,0.14,0.14,1.91,SBUX
2007-11-15 16:00:00-05:00,0.1,0.11,0.46,SBUX
2007-08-01 16:00:00-04:00,0.11,0.11,-0.75,SBUX
2007-05-03 16:00:00-04:00,0.1,0.1,-2.43,SBUX
2007-01-31 16:00:00-05:00,0.13,0.13,1.17,SBUX
2006-11-16 16:00:00-05:00,0.08,0.09,0.66,SBUX
2006-08-02 16:00:00-04:00,0.09,0.09,-1.09,SBUX
2006-05-03 16:00:00-04:00,0.07,0.08,12.87,SBUX
2006-02-01 16:00:00-05:00,0.13,0.12,-4.0,SBUX
2005-11-17 16:00:00-05:00,0.07,0.08,6.91,SBUX
2005-07-27 16:00:00-04:00,0.07,0.08,3.94,SBUX
2005-04-27 16:00:00-04:00,0.06,0.06,-0.83,SBUX
2005-01-26 16:00:00-05:00,0.09,0.09,2.34,SBUX
2004-11-10 16:00:00-05:00,0.06,0.06,-0.53,SBUX
2004-07-21 16:00:00-04:00,0.05,0.06,10.93,SBUX
2004-04-21 16:00:00-04:00,0.04,0.05,9.2,SBUX
2004-01-21 16:00:00-05:00,0.06,0.07,5.47,SBUX
2003-11-13 16:00:00-05:00,0.04,0.04,-1.16,SBUX
2003-07-24 16:00:00-04:00,0.04,0.04,3.66,SBUX
2003-04-24 16:00:00-04:00,0.03,0.03,-1.52,SBUX
2003-01-23 16:00:00-05:00,0.05,0.05,9.89,SBUX
2002-11-14 16:00:00-05:00,0.04,0.04,0.83,SBUX
2002-07-25 16:00:00-04:00,0.03,0.04,5.52,SBUX
2002-04-25 16:00:00-04:00,0.02,0.02,,SBUX
2002-04-25 16:00:00-04:00,0.03,0.03,10.0,SBUX
2026-10-15 08:00:00-04:00,1.66,,,SCHW
2026-07-21 07:00:00-04:00,1.55,1.62,4.55,SCHW
2026-04-16 07:00:00-04:00,1.4,1.43,2.48,SCHW
2026-01-21 07:00:00-05:00,1.39,1.39,-0.27,SCHW
2025-10-16 07:00:00-04:00,1.25,1.31,5.21,SCHW
2025-07-18 07:00:00-04:00,1.1,1.14,3.81,SCHW
2025-04-17 07:00:00-04:00,1.01,1.04,3.17,SCHW
2025-01-21 16:00:00-05:00,0.91,1.01,10.46,SCHW
2024-10-15 07:00:00-04:00,0.75,0.77,2.61,SCHW
2024-07-16 07:00:00-04:00,0.72,0.73,1.14,SCHW
2024-04-15 08:00:00-04:00,0.73,0.74,0.73,SCHW
2024-01-17 07:00:00-05:00,0.64,0.68,6.37,SCHW
2023-10-16 08:00:00-04:00,0.74,0.77,3.86,SCHW
2023-07-18 07:00:00-04:00,0.71,0.75,5.69,SCHW
2023-04-17 16:00:00-04:00,0.9,0.93,3.34,SCHW
2023-01-18 08:00:00-05:00,1.09,1.07,-1.68,SCHW
2022-10-17 08:00:00-04:00,1.05,1.1,4.34,SCHW
2022-07-18 08:00:00-04:00,0.91,0.97,6.9,SCHW
2022-04-18 08:00:00-04:00,0.84,0.77,-8.35,SCHW
2022-01-18 08:00:00-05:00,0.88,0.86,-2.56,SCHW
2021-10-15 08:00:00-04:00,0.81,0.84,3.4,SCHW
2021-07-16 08:00:00-04:00,0.72,0.7,-2.3,SCHW
2021-04-15 08:00:00-04:00,0.82,0.84,2.0,SCHW
2021-01-19 08:00:00-05:00,0.7,0.74,5.41,SCHW
2020-10-15 08:00:00-04:00,0.47,0.51,7.75,SCHW
2020-07-16 08:00:00-04:00,0.53,0.54,1.11,SCHW
2020-04-15 09:00:00-04:00,0.63,0.62,-0.96,SCHW
2020-01-16 08:00:00-05:00,0.64,0.62,-2.64,SCHW
2019-10-15 08:00:00-04:00,0.64,0.7,9.59,SCHW
2019-07-16 08:00:00-04:00,0.65,0.66,0.93,SCHW
2019-04-15 08:00:00-04:00,0.65,0.69,5.58,SCHW
2019-01-16 08:00:00-05:00,0.64,0.65,1.42,SCHW
2018-10-15 08:00:00-04:00,0.65,0.65,0.76,SCHW
2018-07-17 08:00:00-04:00,0.58,0.6,3.7,SCHW
2018-04-16 08:00:00-04:00,0.54,0.55,1.95,SCHW
2018-01-17 08:00:00-05:00,0.41,0.44,6.07,SCHW
2017-10-16 08:00:00-04:00,0.41,0.42,3.02,SCHW
2017-07-18 08:00:00-04:00,0.39,0.39,0.2,SCHW
2017-04-18 08:00:00-04:00,0.36,0.39,7.03,SCHW
2017-01-18 08:00:00-05:00,0.36,0.36,0.65,SCHW
2016-10-17 08:00:00-04:00,0.33,0.34,1.5,SCHW
2016-07-18 08:00:00-04:00,0.3,0.3,0.91,SCHW
2016-04-15 08:00:00-04:00,0.29,0.29,-0.19,SCHW
2016-01-19 08:00:00-05:00,0.25,0.27,5.99,SCHW
2015-10-15 08:00:00-04:00,0.26,0.27,2.19,SCHW
2015-07-16 08:00:00-04:00,0.24,0.25,5.37,SCHW
2015-04-15 08:00:00-04:00,0.24,0.22,-7.53,SCHW
2015-01-16 08:00:00-05:00,0.24,0.24,-1.82,SCHW
2014-10-15 08:00:00-04:00,0.24,0.25,2.52,SCHW
2014-07-16 08:00:00-04:00,0.23,0.23,2.06,SCHW
2014-04-15 08:00:00-04:00,0.22,0.24,9.86,SCHW
2014-01-16 08:00:00-05:00,0.21,0.23,10.86,SCHW
2013-10-15 08:00:00-04:00,0.2,0.22,8.11,SCHW
2013-07-16 09:00:00-04:00,0.19,0.18,-3.74,SCHW
2013-04-15 08:00:00-04:00,0.16,0.15,-4.88,SCHW
2013-01-16 08:00:00-05:00,0.15,0.15,-0.35,SCHW
2012-10-15 08:00:00-04:00,0.17,0.17,2.86,SCHW
2012-07-17 08:00:00-04:00,0.17,0.18,3.72,SCHW
2012-04-16 08:00:00-04:00,0.15,0.15,-2.74,SCHW
2012-01-18 08:00:00-05:00,0.13,0.13,-0.45,SCHW
2011-10-17 09:00:00-04:00,0.19,0.18,-7.01,SCHW
2011-07-18 04:00:00-04:00,0.2,0.2,1.72,SCHW
2011-04-15 08:00:00-04:00,0.19,0.2,6.64,SCHW
2011-01-18 12:00:00-05:00,0.14,0.18,31.42,SCHW
2010-10-15 08:00:00-04:00,0.12,0.1,-16.39,SCHW
2010-07-16 08:00:00-04:00,0.15,0.17,11.6,SCHW
2010-04-15 07:00:00-04:00,0.11,0.1,-10.41,SCHW
2010-01-19 16:00:00-05:00,0.15,0.14,-4.76,SCHW
2009-10-15 08:00:00-04:00,0.17,0.17,-2.24,SCHW
2009-07-16 08:00:00-04:00,0.18,0.18,-0.92,SCHW
2009-04-15 08:00:00-04:00,0.16,0.21,35.3,SCHW
2009-01-16 08:00:00-05:00,0.26,0.28,9.02,SCHW
2008-10-15 08:00:00-04:00,0.23,0.26,11.44,SCHW
2008-07-16 08:00:00-04:00,0.26,0.26,-0.41,SCHW
2008-04-15 08:00:00-04:00,0.26,0.26,0.23,SCHW
2008-01-16 08:00:00-05:00,0.26,0.26,-1.76,SCHW
2007-10-15 08:00:00-04:00,0.26,0.27,5.58,SCHW
2007-07-17 08:00:00-04:00,0.23,0.23,0.2,SCHW
2007-04-17 08:00:00-04:00,0.22,0.22,1.28,SCHW
2007-01-17 08:00:00-05:00,0.21,0.21,-0.16,SCHW
2006-10-16 08:00:00-04:00,0.2,0.21,4.64,SCHW
2006-07-18 08:00:00-04:00,0.2,0.19,-3.14,SCHW
2006-04-17 08:00:00-04:00,0.19,0.19,0.16,SCHW
2006-01-18 08:00:00-05:00,0.15,0.14,-4.12,SCHW
2005-10-17 08:00:00-04:00,0.15,0.16,6.23,SCHW
2005-07-18 08:00:00-04:00,0.13,0.14,8.56,SCHW
2005-04-15 08:00:00-04:00,0.12,0.12,-0.46,SCHW
2005-01-18 08:00:00-05:00,0.11,0.12,6.93,SCHW
2004-10-15 08:00:00-04:00,0.08,0.08,1.69,SCHW
2004-07-20 08:00:00-04:00,0.09,0.08,-14.09,SCHW
2004-04-20 16:00:00-04:00,0.12,0.12,1.21,SCHW
2004-01-22 08:00:00-05:00,0.11,0.11,-3.51,SCHW
2003-10-21 08:00:00-04:00,0.1,0.11,11.48,SCHW
2003-07-23 08:00:00-04:00,0.09,0.09,1.74,SCHW
2003-04-22 08:00:00-04:00,0.05,0.05,-1.96,SCHW
2003-01-21 08:00:00-05:00,0.08,0.07,-17.04,SCHW
2002-10-15 08:00:00-04:00,0.07,0.07,-5.41,SCHW
2002-07-16 08:00:00-04:00,0.08,0.07,-6.67,SCHW
2002-04-16 08:00:00-04:00,0.08,0.08,-0.95,SCHW
2002-01-15 08:00:00-05:00,0.08,0.08,4.73,SCHW
2026-11-10 07:00:00-05:00,0.97,,,SE
2026-08-11 06:00:00-04:00,0.86,0.84,-2.91,SE
2026-05-12 06:00:00-04:00,0.77,0.81,5.12,SE
2026-03-03 06:00:00-05:00,0.81,0.77,-5.52,SE
2025-11-11 06:00:00-05:00,0.95,0.76,-19.78,SE
2025-08-12 06:00:00-04:00,0.88,0.84,-4.22,SE
2025-05-13 06:00:00-04:00,0.91,0.83,-8.66,SE
2025-03-04 06:00:00-05:00,0.69,0.6,-13.7,SE
2024-11-12 06:00:00-05:00,0.55,0.75,35.44,SE
2024-08-13 06:00:00-04:00,0.44,0.31,-28.88,SE
2024-05-14 06:00:00-04:00,0.28,0.28,-2.13,SE
2024-03-04 06:00:00-05:00,-0.07,0.04,155.29,SE
2023-11-14 06:00:00-05:00,0.1,0.04,-53.18,SE
2023-08-15 06:00:00-04:00,0.71,0.79,11.49,SE
2023-05-16 06:00:00-04:00,0.72,0.45,-36.82,SE
2023-03-07 06:00:00-05:00,-0.55,1.01,282.07,SE
2022-11-15 06:00:00-05:00,-0.95,-0.66,30.63,SE
2022-08-16 06:00:00-04:00,-1.06,-1.03,3.27,SE
2022-05-17 06:00:00-04:00,-1.22,-0.8,34.29,SE
2022-03-01 06:00:00-05:00,-0.91,-0.88,3.32,SE
2021-11-16 06:00:00-05:00,-0.61,-0.84,-37.4,SE
2021-08-17 06:00:00-04:00,-0.49,-0.61,-24.25,SE
2021-05-18 06:00:00-04:00,-0.57,-0.62,-8.0,SE
2021-03-02 06:00:00-05:00,-0.75,-0.87,-15.88,SE
2020-11-17 06:00:00-05:00,-0.55,-0.69,-25.01,SE
2020-08-18 06:00:00-04:00,-0.43,-0.68,-56.36,SE
2020-05-18 06:00:00-04:00,-0.29,-0.52,-78.94,SE
2020-03-03 06:00:00-05:00,-0.4,-0.53,-31.94,SE
2019-11-12 06:00:00-05:00,-0.45,-0.34,23.86,SE
2019-08-20 06:00:00-04:00,-0.43,-0.52,-20.25,SE
2019-05-21 20:00:00-04:00,-0.64,-0.64,-0.61,SE
2019-02-26 18:00:00-05:00,-0.73,-0.94,-29.45,SE
2018-11-20 18:00:00-05:00,-0.63,-0.7,-10.27,SE
2018-08-21 19:00:00-04:00,-0.55,-0.59,-8.31,SE
2018-05-15 20:00:00-04:00,-0.47,-0.61,-30.47,SE
2018-02-27 18:00:00-05:00,-0.48,-0.86,-78.81,SE
2017-11-21 18:00:00-05:00,-0.65,-0.71,-10.62,SE
2026-11-03 07:00:00-05:00,0.46,,,SHOP
2026-08-05 07:00:00-04:00,0.4,0.42,5.05,SHOP
2026-05-05 07:00:00-04:00,0.33,0.36,8.56,SHOP
2026-02-11 07:00:00-05:00,0.51,0.48,-5.71,SHOP
2025-11-04 07:00:00-05:00,0.34,0.34,0.61,SHOP
2025-08-06 07:00:00-04:00,0.29,0.35,22.15,SHOP
2025-05-08 07:00:00-04:00,0.26,0.25,-4.47,SHOP
2025-02-11 07:00:00-05:00,0.43,0.44,1.78,SHOP
2024-11-12 07:00:00-05:00,0.18,0.64,254.9,SHOP
2024-08-07 07:00:00-04:00,0.2,0.26,29.05,SHOP
2024-05-08 07:00:00-04:00,0.17,0.2,17.92,SHOP
2024-02-13 07:00:00-05:00,0.3,0.34,13.12,SHOP
2023-11-02 07:00:00-04:00,0.14,0.24,65.76,SHOP
2023-08-02 16:00:00-04:00,0.05,0.14,181.07,SHOP
2023-05-04 07:00:00-04:00,-0.04,0.01,127.28,SHOP
2023-02-15 16:00:00-05:00,-0.02,0.07,479.2,SHOP
2022-10-27 07:00:00-04:00,-0.07,-0.02,71.76,SHOP
2022-07-27 07:00:00-04:00,0.03,-0.03,-195.75,SHOP
2022-05-05 07:00:00-04:00,0.07,0.02,-69.42,SHOP
2022-02-16 07:00:00-05:00,0.13,0.14,3.53,SHOP
2021-10-28 07:00:00-04:00,0.12,0.08,-33.37,SHOP
2021-07-28 07:00:00-04:00,0.1,0.22,132.49,SHOP
2021-04-28 07:00:00-04:00,0.07,0.2,172.14,SHOP
2021-02-17 07:00:00-05:00,0.12,0.16,30.9,SHOP
2020-10-29 07:00:00-04:00,0.05,0.11,123.54,SHOP
2020-07-29 07:00:00-04:00,,0.11,4116.87,SHOP
2020-05-06 08:00:00-04:00,-0.02,0.02,210.53,SHOP
2020-02-12 07:00:00-05:00,0.02,0.04,80.98,SHOP
2019-10-29 07:00:00-04:00,0.01,-0.03,-372.56,SHOP
2019-08-01 07:00:00-04:00,,0.01,230.19,SHOP
2019-04-30 07:00:00-04:00,,0.01,300.45,SHOP
2019-02-12 07:00:00-05:00,0.02,0.03,26.95,SHOP
2018-10-25 07:00:00-04:00,,,227.39,SHOP
2018-07-31 07:00:00-04:00,,,180.97,SHOP
2018-05-01 07:00:00-04:00,-0.01,,179.84,SHOP
2018-02-15 07:00:00-05:00,,0.02,217.12,SHOP
2017-10-31 07:00:00-04:00,,0.01,345.1,SHOP
2017-08-01 07:00:00-04:00,-0.01,,85.03,SHOP
2017-05-02 07:00:00-04:00,-0.01,,60.67,SHOP
2017-02-15 07:00:00-05:00,,,100.0,SHOP
2016-11-02 07:00:00-04:00,,,35.48,SHOP
2016-08-03 07:00:00-04:00,-0.01,,47.23,SHOP
2016-05-04 07:00:00-04:00,-0.01,-0.01,31.97,SHOP
2016-02-17 07:00:00-05:00,-0.01,,81.58,SHOP
2015-11-04 07:00:00-05:00,-0.01,,50.98,SHOP
2015-07-30 07:00:00-04:00,-0.01,,65.91,SHOP
2026-10-27 16:00:00-04:00,6.25,,,SKHY
2026-07-28 20:00:00-04:00,4.87,9.06,86.07,SKHY
2026-10-23 08:00:00-04:00,0.62,,,SLB
2026-07-24 06:00:00-04:00,0.52,0.55,6.3,SLB
2026-04-24 06:00:00-04:00,0.51,0.52,1.13,SLB
2026-01-23 06:00:00-05:00,0.74,0.78,4.96,SLB
2025-10-17 06:00:00-04:00,0.66,0.69,3.95,SLB
2025-07-18 06:00:00-04:00,0.73,0.74,1.68,SLB
2025-04-25 06:00:00-04:00,0.73,0.72,-1.34,SLB
2025-01-17 06:00:00-05:00,0.9,0.92,2.01,SLB
2024-10-18 06:00:00-04:00,0.88,0.89,0.63,SLB
2024-07-19 06:00:00-04:00,0.83,0.85,2.55,SLB
2024-04-19 06:00:00-04:00,0.75,0.75,0.14,SLB
2024-01-19 06:00:00-05:00,0.83,0.86,3.23,SLB
2023-10-20 06:00:00-04:00,0.77,0.78,1.62,SLB
2023-07-21 06:00:00-04:00,0.71,0.72,1.0,SLB
2023-04-21 06:00:00-04:00,0.61,0.63,3.59,SLB
2023-01-20 07:00:00-05:00,0.68,0.71,4.9,SLB
2022-10-21 06:00:00-04:00,0.55,0.63,14.32,SLB
2022-07-22 06:00:00-04:00,0.4,0.5,25.09,SLB
2022-04-22 06:00:00-04:00,0.33,0.34,2.0,SLB
2022-01-21 06:00:00-05:00,0.39,0.41,5.07,SLB
2021-10-22 06:00:00-04:00,0.36,0.36,0.83,SLB
2021-07-23 06:00:00-04:00,0.26,0.3,15.79,SLB
2021-04-23 06:00:00-04:00,0.19,0.21,12.76,SLB
2021-01-22 06:00:00-05:00,0.17,0.22,29.07,SLB
2020-10-16 04:00:00-04:00,0.13,0.16,25.94,SLB
2020-07-24 06:00:00-04:00,-0.01,0.05,486.1,SLB
2020-04-17 06:00:00-04:00,0.24,0.25,2.96,SLB
2020-01-17 06:00:00-05:00,0.37,0.39,6.84,SLB
2019-10-18 06:00:00-04:00,0.4,0.43,6.56,SLB
2019-07-19 07:00:00-04:00,0.35,0.35,0.47,SLB
2019-04-18 07:00:00-04:00,0.3,0.3,-0.96,SLB
2019-01-18 07:00:00-05:00,0.37,0.36,-3.37,SLB
2018-10-19 07:00:00-04:00,0.45,0.46,1.91,SLB
2018-07-20 07:00:00-04:00,0.43,0.43,1.14,SLB
2018-04-20 07:00:00-04:00,0.37,0.38,3.35,SLB
2018-01-19 07:00:00-05:00,0.44,0.48,8.33,SLB
2017-10-20 07:00:00-04:00,0.42,0.42,0.77,SLB
2017-07-21 07:00:00-04:00,0.3,0.35,17.74,SLB
2017-04-21 07:00:00-04:00,0.25,0.25,0.8,SLB
2017-01-20 07:00:00-05:00,0.27,0.27,1.53,SLB
2016-10-20 16:00:00-04:00,0.22,0.25,14.01,SLB
2016-07-21 16:00:00-04:00,0.21,0.23,8.25,SLB
2016-04-21 16:00:00-04:00,0.39,0.4,3.12,SLB
2016-01-21 16:00:00-05:00,0.62,0.65,4.02,SLB
2015-10-15 16:00:00-04:00,0.77,0.78,1.74,SLB
2015-07-16 16:00:00-04:00,0.79,0.88,11.3,SLB
2015-04-16 16:00:00-04:00,0.89,1.06,19.07,SLB
2015-01-15 16:00:00-05:00,1.45,1.5,3.43,SLB
2014-10-16 16:00:00-04:00,1.46,1.49,2.28,SLB
2014-07-17 16:00:00-04:00,1.35,1.37,1.15,SLB
2014-04-17 05:00:00-04:00,1.2,1.21,0.58,SLB
2014-01-17 06:00:00-05:00,1.32,1.35,1.92,SLB
2013-10-18 06:00:00-04:00,1.24,1.29,3.78,SLB
2013-07-19 06:00:00-04:00,1.1,1.15,4.37,SLB
2013-04-19 06:00:00-04:00,0.99,1.01,1.97,SLB
2013-01-18 06:00:00-05:00,1.08,1.08,0.35,SLB
2012-10-19 06:00:00-04:00,1.07,1.08,1.39,SLB
2012-07-20 06:00:00-04:00,1.0,1.05,4.97,SLB
2012-04-20 06:00:00-04:00,0.99,0.98,-0.88,SLB
2012-01-20 06:00:00-05:00,1.09,1.11,2.16,SLB
2011-10-21 06:00:00-04:00,1.01,0.98,-2.75,SLB
2011-07-22 06:00:00-04:00,0.85,0.87,2.5,SLB
2011-04-21 05:00:00-04:00,0.77,0.71,-7.4,SLB
2011-01-21 06:00:00-05:00,0.78,0.85,8.73,SLB
2010-10-22 06:00:00-04:00,0.69,0.7,0.87,SLB
2010-07-23 06:00:00-04:00,0.68,0.68,-0.39,SLB
2010-04-23 05:00:00-04:00,0.61,0.62,0.91,SLB
2010-01-22 06:00:00-05:00,0.64,0.67,4.99,SLB
2009-10-23 06:00:00-04:00,0.63,0.65,3.99,SLB
2009-07-24 06:00:00-04:00,0.64,0.68,6.72,SLB
2009-04-24 06:00:00-04:00,0.73,0.78,6.44,SLB
2009-01-23 06:00:00-05:00,1.04,1.03,-1.41,SLB
2008-10-17 06:00:00-04:00,1.25,1.25,0.18,SLB
2008-07-18 06:00:00-04:00,1.13,1.16,2.83,SLB
2008-04-18 06:00:00-04:00,1.12,1.06,-5.0,SLB
2008-01-18 06:00:00-05:00,1.13,1.11,-1.37,SLB
2007-10-19 06:00:00-04:00,1.06,1.09,3.01,SLB
2007-07-20 06:00:00-04:00,0.96,1.02,6.32,SLB
2007-04-20 06:00:00-04:00,0.9,0.96,6.14,SLB
2007-01-19 06:00:00-05:00,0.85,0.92,8.35,SLB
2006-10-20 06:00:00-04:00,0.77,0.81,5.26,SLB
2006-07-21 06:00:00-04:00,0.63,0.73,15.18,SLB
2006-04-21 06:00:00-04:00,0.55,0.59,7.71,SLB
2006-01-19 20:00:00-05:00,0.48,0.53,9.38,SLB
2005-10-21 06:00:00-04:00,0.43,0.43,0.7,SLB
2005-07-22 06:00:00-04:00,0.33,0.39,17.12,SLB
2005-04-26 06:00:00-04:00,0.31,0.33,5.92,SLB
2005-01-25 06:00:00-05:00,0.28,0.3,4.88,SLB
2004-10-22 06:00:00-04:00,0.27,0.26,-2.05,SLB
2004-07-23 06:00:00-04:00,0.24,0.24,-1.17,SLB
2004-04-23 06:00:00-04:00,0.23,0.24,0.25,SLB
2004-01-23 06:00:00-05:00,0.21,0.25,16.4,SLB
2003-10-21 18:00:00-04:00,0.2,0.21,4.0,SLB
2003-07-22 18:00:00-04:00,0.16,0.19,20.55,SLB
2003-04-22 18:00:00-04:00,0.12,0.13,6.03,SLB
2003-01-21 20:00:00-05:00,0.15,0.13,-17.22,SLB
2002-10-16 18:00:00-04:00,0.16,0.15,-5.61,SLB
2002-07-17 19:00:00-04:00,0.16,0.17,7.59,SLB
2002-04-17 18:00:00-04:00,0.18,0.18,-1.24,SLB
2002-01-22 07:00:00-05:00,0.17,0.16,-3.18,SLB
2026-11-03 15:00:00-05:00,1.04,,,SMCI
2026-08-11 16:00:00-04:00,0.96,1.7,77.55,SMCI
2026-05-05 16:00:00-04:00,0.62,0.84,34.51,SMCI
2026-02-03 16:00:00-05:00,0.49,0.69,41.43,SMCI
2025-11-04 16:00:00-05:00,0.39,0.35,-10.08,SMCI
2025-08-05 16:00:00-04:00,0.44,0.41,-6.58,SMCI
2025-05-06 16:00:00-04:00,0.3,0.31,3.78,SMCI
2025-02-25 16:00:00-05:00,0.59,0.6,1.92,SMCI
2025-02-25 16:00:00-05:00,0.75,0.74,-1.93,SMCI
2024-08-06 16:00:00-04:00,0.81,0.63,-23.24,SMCI
2024-04-30 16:00:00-04:00,0.56,0.67,19.4,SMCI
2024-01-29 16:00:00-05:00,0.52,0.56,8.32,SMCI
2023-11-01 16:00:00-04:00,0.32,0.34,5.65,SMCI
2023-08-08 16:00:00-04:00,0.29,0.35,20.72,SMCI
2023-05-02 16:00:00-04:00,0.17,0.16,-4.57,SMCI
2023-01-31 16:00:00-05:00,0.3,0.33,7.71,SMCI
2022-11-01 16:00:00-04:00,0.28,0.34,21.42,SMCI
2022-08-09 16:00:00-04:00,0.23,0.26,11.65,SMCI
2022-05-03 16:00:00-04:00,0.12,0.16,26.71,SMCI
2022-02-01 16:00:00-05:00,0.08,0.09,13.18,SMCI
2021-11-02 16:00:00-04:00,0.04,0.06,54.67,SMCI
2021-08-10 16:00:00-04:00,0.08,0.08,3.85,SMCI
2021-05-04 16:00:00-04:00,0.05,0.05,6.95,SMCI
2021-02-02 16:00:00-05:00,0.04,0.06,44.0,SMCI
2020-11-03 16:00:00-05:00,0.02,0.06,254.84,SMCI
2020-08-11 16:00:00-04:00,0.05,0.07,29.11,SMCI
2020-05-07 17:00:00-04:00,0.04,0.08,140.0,SMCI
2020-02-06 16:00:00-05:00,0.07,0.06,-16.18,SMCI
2019-12-20 16:00:00-05:00,0.06,0.05,-19.05,SMCI
2019-12-19 17:00:00-05:00,0.06,0.05,-9.58,SMCI
2019-12-19 17:00:00-05:00,0.05,0.03,-43.4,SMCI
2019-12-19 17:00:00-05:00,0.06,0.04,-26.57,SMCI
2019-12-19 17:00:00-05:00,0.07,0.05,-32.49,SMCI
2019-12-18 19:00:00-05:00,0.05,0.02,-53.69,SMCI
2017-08-03 16:00:00-04:00,0.04,0.04,7.73,SMCI
2017-04-27 16:00:00-04:00,0.04,0.04,-1.3,SMCI
2017-01-26 16:00:00-05:00,0.05,0.05,4.67,SMCI
2016-10-27 16:00:00-04:00,0.02,0.03,71.4,SMCI
2016-08-04 16:00:00-04:00,0.02,0.02,23.69,SMCI
2016-04-28 16:00:00-04:00,0.03,0.04,4.35,SMCI
2016-01-28 16:00:00-05:00,0.07,0.07,9.77,SMCI
2015-10-22 16:00:00-04:00,0.05,0.05,-1.55,SMCI
2015-08-04 16:00:00-04:00,0.06,0.06,1.26,SMCI
2015-04-21 16:00:00-04:00,0.05,0.05,-4.86,SMCI
2015-01-20 16:00:00-05:00,0.05,0.07,39.28,SMCI
2014-10-21 16:00:00-04:00,0.04,0.05,21.05,SMCI
2014-08-05 16:00:00-04:00,0.04,0.04,1.7,SMCI
2014-04-22 16:00:00-04:00,0.03,0.04,35.38,SMCI
2014-01-21 16:00:00-05:00,0.03,0.04,32.93,SMCI
2013-10-22 16:00:00-04:00,0.02,0.02,4.76,SMCI
2013-08-06 16:00:00-04:00,0.02,0.03,25.79,SMCI
2013-04-23 16:00:00-04:00,0.02,0.02,15.0,SMCI
2013-01-22 16:00:00-05:00,0.01,0.02,28.57,SMCI
2012-10-23 16:00:00-04:00,0.01,0.01,-38.6,SMCI
2012-08-07 16:00:00-04:00,0.02,0.02,-2.7,SMCI
2012-04-24 16:00:00-04:00,0.02,0.02,-13.64,SMCI
2012-01-24 16:00:00-05:00,0.03,0.03,,SMCI
2011-10-25 16:00:00-04:00,0.02,0.03,7.44,SMCI
2011-08-02 16:00:00-04:00,0.03,0.03,1.4,SMCI
2011-04-26 16:00:00-04:00,0.03,0.03,9.8,SMCI
2011-01-25 16:00:00-05:00,0.02,0.03,30.97,SMCI
2010-10-26 16:00:00-04:00,0.02,0.02,-1.48,SMCI
2010-08-03 16:00:00-04:00,0.02,0.02,-17.24,SMCI
2010-04-27 16:00:00-04:00,0.02,0.02,-12.92,SMCI
2010-01-26 16:00:00-05:00,0.01,0.02,35.71,SMCI
2009-10-27 16:00:00-04:00,0.01,0.01,26.87,SMCI
2009-08-05 16:00:00-04:00,0.01,0.01,5.82,SMCI
2009-04-29 16:00:00-04:00,,,50.0,SMCI
2009-01-28 16:00:00-05:00,0.02,0.01,-15.15,SMCI
2008-10-29 16:00:00-04:00,0.02,0.02,17.42,SMCI
2008-08-06 16:00:00-04:00,0.02,0.02,20.0,SMCI
2008-04-29 16:00:00-04:00,0.01,0.01,-7.14,SMCI
2008-01-30 16:00:00-05:00,0.02,0.02,11.11,SMCI
2007-10-31 16:00:00-04:00,0.01,0.02,30.77,SMCI
2007-08-07 16:00:00-04:00,0.01,0.01,16.67,SMCI
2007-05-09 16:00:00-04:00,0.01,0.01,-4.35,SMCI
2026-11-04 15:00:00-05:00,,,,SNAP
2026-08-03 16:00:00-04:00,-0.12,-0.1,18.28,SNAP
2026-05-06 16:00:00-04:00,-0.07,-0.05,25.37,SNAP
2026-02-04 16:00:00-05:00,0.15,0.19,22.79,SNAP
2025-11-05 16:00:00-05:00,-0.12,-0.06,50.58,SNAP
2025-08-05 16:00:00-04:00,-0.15,-0.16,-5.06,SNAP
2025-04-29 16:00:00-04:00,-0.13,-0.08,40.32,SNAP
2025-02-04 16:00:00-05:00,0.14,0.16,13.59,SNAP
2024-10-29 16:00:00-04:00,0.05,0.08,55.16,SNAP
2024-08-01 16:00:00-04:00,0.02,0.02,-2.2,SNAP
2024-04-25 16:00:00-04:00,-0.26,-0.19,27.63,SNAP
2024-02-06 16:00:00-05:00,-0.17,-0.15,12.24,SNAP
2023-10-24 16:00:00-04:00,-0.24,-0.23,4.81,SNAP
2023-07-25 16:00:00-04:00,-0.25,-0.24,2.41,SNAP
2023-04-27 16:00:00-04:00,-0.01,0.01,168.68,SNAP
2023-01-31 16:00:00-05:00,0.12,0.14,16.0,SNAP
2022-10-20 16:00:00-04:00,-0.01,0.08,1051.25,SNAP
2022-07-21 16:00:00-04:00,-0.21,-0.26,-26.68,SNAP
2022-04-21 16:00:00-04:00,-0.18,-0.22,-20.8,SNAP
2022-02-03 16:00:00-05:00,0.1,0.22,115.77,SNAP
2021-10-21 16:00:00-04:00,0.08,0.17,117.86,SNAP
2021-07-22 16:00:00-04:00,-0.01,0.1,920.34,SNAP
2021-04-22 16:00:00-04:00,-0.05,,100.0,SNAP
2021-02-04 16:00:00-05:00,0.07,0.09,33.97,SNAP
2020-10-20 16:00:00-04:00,-0.18,-0.14,21.23,SNAP
2020-07-21 16:00:00-04:00,-0.22,-0.23,-3.59,SNAP
2020-04-21 17:00:00-04:00,-0.21,-0.21,-2.16,SNAP
2020-02-04 16:00:00-05:00,0.01,0.03,363.68,SNAP
2019-10-22 16:00:00-04:00,-0.05,-0.04,26.2,SNAP
2019-07-23 16:00:00-04:00,-0.1,-0.06,37.43,SNAP
2019-04-23 16:00:00-04:00,-0.12,-0.1,16.96,SNAP
2019-02-05 16:00:00-05:00,-0.08,-0.04,48.01,SNAP
2018-10-25 16:00:00-04:00,-0.14,-0.12,13.97,SNAP
2018-08-07 16:00:00-04:00,-0.17,-0.14,18.89,SNAP
2018-05-01 16:00:00-04:00,-0.31,-0.3,2.36,SNAP
2018-02-06 16:00:00-05:00,-0.16,-0.13,17.79,SNAP
2017-11-07 16:00:00-05:00,-0.15,-0.14,5.5,SNAP
2017-08-10 16:00:00-04:00,-0.14,-0.16,-14.24,SNAP
2017-05-10 16:00:00-04:00,-0.2,-0.21,-2.37,SNAP
2026-10-29 16:00:00-04:00,46.18,,,SNDK
2026-08-05 16:00:00-04:00,34.52,39.25,13.72,SNDK
2026-04-30 16:00:00-04:00,14.66,23.41,59.67,SNDK
2026-01-29 16:00:00-05:00,3.54,6.2,74.97,SNDK
2025-11-06 16:00:00-05:00,0.89,1.22,36.89,SNDK
2025-08-14 16:00:00-04:00,0.03,0.29,771.13,SNDK
2025-05-07 16:00:00-04:00,-0.39,-0.3,22.38,SNDK
2026-12-02 15:00:00-05:00,0.6,,,SNOW
2026-09-02 16:00:00-04:00,0.45,,,SNOW
2026-05-27 16:00:00-04:00,0.32,0.39,21.95,SNOW
2026-02-25 16:00:00-05:00,0.27,0.32,17.78,SNOW
2025-12-03 16:00:00-05:00,0.31,0.35,12.49,SNOW
2025-08-27 16:00:00-04:00,0.27,0.35,31.35,SNOW
2025-05-21 16:00:00-04:00,0.21,0.24,13.15,SNOW
2025-02-26 16:00:00-05:00,0.18,0.3,67.26,SNOW
2024-11-20 16:00:00-05:00,0.15,0.2,31.67,SNOW
2024-08-21 16:00:00-04:00,0.16,0.18,13.46,SNOW
2024-05-22 16:00:00-04:00,0.18,0.14,-21.09,SNOW
2024-02-28 16:00:00-05:00,0.18,0.35,98.02,SNOW
2023-11-29 16:00:00-05:00,0.16,0.25,54.15,SNOW
2023-08-23 16:00:00-04:00,0.1,0.22,116.83,SNOW
2023-05-24 16:00:00-04:00,0.05,0.15,197.44,SNOW
2023-03-01 16:00:00-05:00,0.05,0.14,174.03,SNOW
2022-11-30 16:00:00-05:00,0.05,0.11,141.86,SNOW
2022-08-24 16:00:00-04:00,-0.01,0.01,168.06,SNOW
2022-05-25 16:00:00-04:00,,-0.01,-71.25,SNOW
2022-03-02 16:00:00-05:00,0.03,0.12,310.62,SNOW
2021-12-01 16:00:00-05:00,-0.06,0.04,163.36,SNOW
2021-08-25 16:00:00-04:00,-0.15,-0.04,73.98,SNOW
2021-05-26 16:00:00-04:00,-0.16,-0.11,28.42,SNOW
2021-03-03 16:00:00-05:00,-0.17,-0.16,9.45,SNOW
2020-12-03 08:00:00-05:00,-0.26,-1.01,-287.26,SNOW
2026-12-09 15:00:00-05:00,4.13,,,SNPS
2026-08-26 16:00:00-04:00,3.67,3.91,6.44,SNPS
2026-05-27 16:00:00-04:00,3.16,3.35,5.95,SNPS
2026-02-25 16:00:00-05:00,3.56,3.77,5.98,SNPS
2025-12-10 16:00:00-05:00,2.78,2.9,4.18,SNPS
2025-09-09 16:00:00-04:00,3.75,3.39,-9.48,SNPS
2025-05-28 16:00:00-04:00,3.4,3.67,7.99,SNPS
2025-02-26 16:00:00-05:00,2.79,3.03,8.57,SNPS
2024-12-04 16:00:00-05:00,3.3,3.4,3.0,SNPS
2024-08-21 16:00:00-04:00,3.29,3.43,4.3,SNPS
2024-05-22 16:00:00-04:00,2.95,3.0,1.61,SNPS
2024-02-21 16:00:00-05:00,3.41,3.56,4.26,SNPS
2023-11-29 16:00:00-05:00,3.03,3.17,4.47,SNPS
2023-08-16 16:00:00-04:00,2.74,2.88,5.25,SNPS
2023-05-17 16:00:00-04:00,2.47,2.54,2.96,SNPS
2023-02-15 16:00:00-05:00,2.49,2.62,5.37,SNPS
2022-11-30 16:00:00-05:00,1.84,1.91,3.91,SNPS
2022-08-17 16:00:00-04:00,2.04,2.1,2.88,SNPS
2022-05-18 16:00:00-04:00,2.37,2.5,5.35,SNPS
2022-02-16 16:00:00-05:00,2.37,2.4,1.08,SNPS
2021-12-01 16:00:00-05:00,1.79,1.82,1.73,SNPS
2021-08-18 16:00:00-04:00,1.78,1.81,1.9,SNPS
2021-05-19 16:00:00-04:00,1.53,1.7,11.44,SNPS
2021-02-17 16:00:00-05:00,1.46,1.52,4.09,SNPS
2020-12-02 16:00:00-05:00,1.57,1.58,0.51,SNPS
2020-08-19 16:00:00-04:00,1.34,1.74,29.42,SNPS
2020-05-20 16:00:00-04:00,0.99,1.22,23.65,SNPS
2020-02-19 16:00:00-05:00,0.92,1.01,9.85,SNPS
2019-12-04 16:00:00-05:00,1.13,1.15,2.11,SNPS
2019-08-21 16:00:00-04:00,1.1,1.18,7.67,SNPS
2019-05-22 16:00:00-04:00,1.09,1.16,5.97,SNPS
2019-02-20 16:00:00-05:00,0.97,1.08,11.83,SNPS
2018-12-05 16:00:00-05:00,0.77,0.78,1.33,SNPS
2018-08-22 16:00:00-04:00,0.92,0.95,3.82,SNPS
2018-05-23 16:00:00-04:00,1.08,1.08,-0.14,SNPS
2018-02-21 16:00:00-05:00,1.0,1.1,10.42,SNPS
2017-11-29 16:00:00-05:00,0.57,0.69,20.95,SNPS
2017-08-16 16:00:00-04:00,0.92,0.92,-0.09,SNPS
2017-05-17 16:00:00-04:00,0.86,0.88,2.55,SNPS
2017-02-15 16:00:00-05:00,0.78,0.94,20.1,SNPS
2016-11-30 16:00:00-05:00,0.77,0.77,0.35,SNPS
2016-08-17 16:00:00-04:00,0.74,0.76,3.18,SNPS
2016-05-18 16:00:00-04:00,0.79,0.81,2.76,SNPS
2016-02-17 16:00:00-05:00,0.61,0.68,10.61,SNPS
2015-12-02 16:00:00-05:00,0.66,0.67,2.12,SNPS
2015-08-19 16:00:00-04:00,0.59,0.63,6.05,SNPS
2015-05-20 16:00:00-04:00,0.63,0.68,7.9,SNPS
2015-02-18 16:00:00-05:00,0.62,0.8,28.15,SNPS
2014-12-03 16:00:00-05:00,0.61,0.64,5.79,SNPS
2014-08-20 16:00:00-04:00,0.6,0.65,7.66,SNPS
2014-05-21 16:00:00-04:00,0.6,0.65,8.56,SNPS
2014-02-19 16:00:00-05:00,0.52,0.59,13.46,SNPS
2013-12-04 16:00:00-05:00,0.55,0.56,1.29,SNPS
2013-08-21 16:00:00-04:00,0.54,0.55,1.58,SNPS
2013-05-22 16:00:00-04:00,0.63,0.66,4.48,SNPS
2013-02-20 16:00:00-05:00,0.55,0.67,21.5,SNPS
2012-12-05 16:00:00-05:00,0.47,0.47,-0.6,SNPS
2012-08-22 16:00:00-04:00,0.5,0.55,10.55,SNPS
2012-05-23 16:00:00-04:00,0.55,0.53,-3.13,SNPS
2012-02-22 16:00:00-05:00,0.52,0.56,7.69,SNPS
2011-11-30 16:00:00-05:00,0.45,0.45,,SNPS
2011-08-17 16:00:00-04:00,0.43,0.46,7.69,SNPS
2011-05-18 16:00:00-04:00,0.45,0.45,0.37,SNPS
2011-02-16 16:00:00-05:00,0.4,0.44,10.46,SNPS
2010-12-01 16:00:00-05:00,0.39,0.39,1.04,SNPS
2010-08-18 16:00:00-04:00,0.37,0.39,4.47,SNPS
2010-05-19 16:00:00-04:00,0.39,0.41,4.68,SNPS
2010-02-17 16:00:00-05:00,0.39,0.41,5.13,SNPS
2009-12-02 16:00:00-05:00,0.32,0.33,4.05,SNPS
2009-08-19 16:00:00-04:00,0.41,0.47,15.76,SNPS
2009-05-20 16:00:00-04:00,0.4,0.45,12.03,SNPS
2009-02-18 16:00:00-05:00,0.41,0.5,22.81,SNPS
2008-12-03 16:00:00-05:00,0.38,0.43,14.36,SNPS
2008-08-20 16:00:00-04:00,0.39,0.44,12.53,SNPS
2008-05-21 16:00:00-04:00,0.38,0.41,7.05,SNPS
2008-02-20 16:00:00-05:00,0.38,0.44,16.71,SNPS
2007-12-06 16:00:00-05:00,0.36,0.4,10.8,SNPS
2007-08-22 16:00:00-04:00,0.3,0.32,5.39,SNPS
2007-05-23 16:00:00-04:00,0.28,0.35,23.79,SNPS
2007-02-21 16:00:00-05:00,0.27,0.3,10.77,SNPS
2006-11-29 16:00:00-05:00,0.19,0.21,10.53,SNPS
2006-08-16 16:00:00-04:00,0.19,0.21,12.9,SNPS
2006-05-17 16:00:00-04:00,0.16,0.17,8.97,SNPS
2006-02-15 16:00:00-05:00,0.14,0.18,25.0,SNPS
2005-11-30 16:00:00-05:00,0.1,0.1,-0.99,SNPS
2005-08-17 16:00:00-04:00,0.08,0.1,21.95,SNPS
2005-05-18 16:00:00-04:00,0.08,0.09,9.76,SNPS
2005-02-16 16:00:00-05:00,0.06,0.1,72.41,SNPS
2004-12-01 16:00:00-05:00,0.04,0.01,-71.43,SNPS
2004-08-18 16:00:00-04:00,0.32,0.33,4.43,SNPS
2004-05-19 16:00:00-04:00,0.33,0.35,6.38,SNPS
2004-02-23 16:00:00-05:00,0.31,0.33,7.14,SNPS
2003-12-03 16:00:00-05:00,0.41,0.44,7.06,SNPS
2003-08-20 16:00:00-04:00,0.4,0.41,2.5,SNPS
2003-05-21 16:00:00-04:00,0.35,0.4,14.61,SNPS
2003-02-19 16:00:00-05:00,0.32,0.34,5.92,SNPS
2002-12-04 16:00:00-05:00,0.48,0.48,-0.62,SNPS
2002-08-21 16:00:00-04:00,0.25,0.27,6.0,SNPS
2002-06-04 16:00:00-04:00,0.19,0.2,2.63,SNPS
2002-02-20 16:00:00-05:00,0.13,0.14,3.85,SNPS
2026-10-27 08:00:00-04:00,0.17,,,SOFI
2026-07-29 07:00:00-04:00,0.11,0.12,9.89,SOFI
2026-04-27 20:00:00-04:00,0.12,0.12,-4.17,SOFI
2026-01-30 07:00:00-05:00,0.11,0.12,8.66,SOFI
2025-10-28 07:00:00-04:00,0.08,0.1,23.01,SOFI
2025-07-29 07:00:00-04:00,0.06,0.09,44.7,SOFI
2025-04-29 07:00:00-04:00,0.03,0.06,93.87,SOFI
2025-01-27 07:00:00-05:00,0.04,0.05,36.35,SOFI
2024-10-29 07:00:00-04:00,0.04,0.05,15.16,SOFI
2024-07-30 07:00:00-04:00,0.01,0.02,60.0,SOFI
2024-04-29 07:00:00-04:00,,0.03,638.0,SOFI
2024-01-29 07:00:00-05:00,0.04,0.04,2.33,SOFI
2023-10-30 07:00:00-04:00,-0.09,-0.03,65.39,SOFI
2023-07-31 07:00:00-04:00,-0.07,-0.06,14.2,SOFI
2023-05-01 07:00:00-04:00,-0.09,-0.04,49.77,SOFI
2023-01-30 07:00:00-05:00,-0.07,-0.04,44.93,SOFI
2022-11-01 07:00:00-04:00,-0.07,-0.08,-17.46,SOFI
2022-08-02 16:00:00-04:00,-0.1,-0.11,-8.54,SOFI
2022-05-10 13:00:00-04:00,-0.13,-0.11,15.79,SOFI
2022-03-01 16:00:00-05:00,-0.12,-0.12,3.77,SOFI
2021-11-10 16:00:00-05:00,-0.13,-0.12,7.57,SOFI
2021-08-12 16:00:00-04:00,-0.05,-0.48,-772.73,SOFI
2026-11-05 15:00:00-05:00,-0.06,,,SOUN
2026-08-05 16:00:00-04:00,-0.05,-0.02,62.96,SOUN
2026-05-07 16:00:00-04:00,-0.04,-0.06,-71.43,SOUN
2026-02-26 16:00:00-05:00,-0.02,-0.02,-9.11,SOUN
2025-11-06 16:00:00-05:00,-0.03,-0.03,11.76,SOUN
2025-08-07 16:00:00-04:00,-0.05,-0.03,42.86,SOUN
2025-05-08 16:00:00-04:00,-0.06,-0.06,5.26,SOUN
2025-02-27 16:00:00-05:00,-0.08,-0.05,37.5,SOUN
2024-11-12 16:00:00-05:00,-0.07,-0.04,42.86,SOUN
2024-08-08 16:00:00-04:00,-0.08,-0.04,52.94,SOUN
2024-05-09 16:00:00-04:00,-0.08,-0.07,15.15,SOUN
2024-02-29 16:00:00-05:00,-0.06,-0.06,-0.43,SOUN
2023-11-09 16:00:00-05:00,-0.07,-0.09,-20.0,SOUN
2023-08-08 16:00:00-04:00,-0.12,-0.1,16.67,SOUN
2023-05-11 16:00:00-04:00,-0.12,-0.13,-8.33,SOUN
2023-03-07 16:00:00-05:00,-0.17,-0.15,11.76,SOUN
2022-11-10 16:00:00-05:00,-0.16,-0.15,6.25,SOUN
2022-08-11 16:00:00-04:00,-0.48,-0.19,60.82,SOUN
2026-11-16 15:00:00-05:00,-0.46,,,SPCE
2026-08-12 16:00:00-04:00,-0.65,-0.58,9.91,SPCE
2026-05-14 16:00:00-04:00,-0.94,-0.81,13.83,SPCE
2026-03-30 16:00:00-04:00,-1.07,-0.93,12.35,SPCE
2025-11-13 16:00:00-05:00,-1.48,-1.1,25.85,SPCE
2025-08-06 16:00:00-04:00,-2.22,-1.41,36.32,SPCE
2025-05-15 16:00:00-04:00,-2.55,-2.38,6.79,SPCE
2025-02-26 16:00:00-05:00,-3.0,-2.53,15.62,SPCE
2024-11-06 16:00:00-05:00,-4.13,-2.66,35.62,SPCE
2024-08-07 16:00:00-04:00,-4.88,-4.36,10.69,SPCE
2024-05-07 16:00:00-04:00,-5.9,-5.0,15.25,SPCE
2024-02-27 16:00:00-05:00,-6.17,-4.98,19.27,SPCE
2023-11-08 16:00:00-05:00,-8.8,-5.6,36.36,SPCE
2023-08-01 16:00:00-04:00,-10.45,-9.2,11.96,SPCE
2023-05-09 16:00:00-04:00,-10.57,-11.4,-7.84,SPCE
2023-02-28 16:00:00-05:00,-10.42,-11.0,-5.52,SPCE
2022-11-03 16:00:00-04:00,-8.17,-11.0,-34.62,SPCE
2022-08-04 16:00:00-04:00,-7.2,-8.6,-19.44,SPCE
2022-05-05 16:00:00-04:00,-6.44,-7.2,-11.8,SPCE
2022-02-22 16:00:00-05:00,-7.1,-6.2,12.73,SPCE
2021-11-08 16:00:00-05:00,-5.66,-3.8,32.9,SPCE
2021-08-05 16:00:00-04:00,-6.31,-7.8,-23.66,SPCE
2021-05-10 16:00:00-04:00,-5.53,-11.0,-98.8,SPCE
2021-02-25 16:00:00-05:00,-6.52,-6.2,4.95,SPCE
2020-11-05 16:00:00-05:00,-5.51,-6.8,-23.36,SPCE
2020-08-03 16:00:00-04:00,-5.28,-6.0,-13.64,SPCE
2020-05-05 17:00:00-04:00,-3.6,-6.0,-66.67,SPCE
2020-02-28 06:00:00-05:00,-4.16,-6.04,-45.19,SPCE
2026-11-03 15:00:00-05:00,0.16,,,SPCX
2026-08-04 16:00:00-04:00,-0.29,-0.09,68.89,SPCX
2026-10-27 08:00:00-04:00,4.41,,,SPGI
2026-07-28 07:00:00-04:00,5.02,4.87,-2.94,SPGI
2026-04-28 07:00:00-04:00,4.82,4.97,3.18,SPGI
2026-02-10 07:00:00-05:00,4.34,4.3,-0.83,SPGI
2025-10-30 07:00:00-04:00,4.41,4.73,7.28,SPGI
2025-07-31 07:00:00-04:00,4.22,4.43,4.88,SPGI
2025-04-29 07:00:00-04:00,4.21,4.37,3.9,SPGI
2025-02-11 07:00:00-05:00,3.47,3.77,8.58,SPGI
2024-10-24 07:00:00-04:00,3.64,3.89,6.76,SPGI
2024-07-30 07:00:00-04:00,3.65,4.04,10.83,SPGI
2024-04-25 07:00:00-04:00,3.66,4.01,9.66,SPGI
2024-02-08 07:00:00-05:00,3.14,3.13,-0.43,SPGI
2023-11-02 07:00:00-04:00,3.04,3.21,5.42,SPGI
2023-07-27 07:00:00-04:00,3.13,3.12,-0.33,SPGI
2023-04-27 07:00:00-04:00,2.92,3.15,8.06,SPGI
2023-02-09 07:00:00-05:00,2.48,2.54,2.61,SPGI
2022-10-27 07:00:00-04:00,2.8,2.93,4.76,SPGI
2022-08-02 07:00:00-04:00,2.93,2.81,-4.19,SPGI
2022-05-04 06:00:00-04:00,2.97,2.89,-2.59,SPGI
2022-02-08 07:00:00-05:00,3.12,3.15,1.01,SPGI
2021-10-26 07:00:00-04:00,3.15,3.54,12.29,SPGI
2021-07-29 07:00:00-04:00,3.27,3.62,10.72,SPGI
2021-04-29 07:00:00-04:00,3.08,3.39,10.23,SPGI
2021-02-09 07:00:00-05:00,2.51,2.71,8.02,SPGI
2020-10-27 07:00:00-04:00,2.55,2.85,11.66,SPGI
2020-07-28 07:00:00-04:00,2.64,3.4,28.6,SPGI
2020-04-28 08:00:00-04:00,2.32,2.73,17.57,SPGI
2020-02-06 07:00:00-05:00,2.42,2.53,4.73,SPGI
2019-10-29 07:00:00-04:00,2.34,2.46,5.14,SPGI
2019-08-01 07:00:00-04:00,2.28,2.43,6.74,SPGI
2019-05-02 07:00:00-04:00,2.12,2.11,-0.6,SPGI
2019-02-07 07:00:00-05:00,2.21,2.22,0.62,SPGI
2018-10-25 07:00:00-04:00,2.04,2.11,3.59,SPGI
2018-07-26 07:00:00-04:00,2.13,2.17,2.09,SPGI
2018-04-26 07:00:00-04:00,1.96,2.0,1.98,SPGI
2018-02-06 07:00:00-05:00,1.61,1.85,14.76,SPGI
2017-10-26 07:00:00-04:00,1.53,1.71,11.41,SPGI
2017-07-27 07:00:00-04:00,1.58,1.72,9.12,SPGI
2017-04-25 07:00:00-04:00,1.39,1.62,16.18,SPGI
2017-02-07 07:00:00-05:00,1.21,1.28,5.62,SPGI
2016-11-03 07:00:00-04:00,1.33,1.43,7.65,SPGI
2016-07-28 07:00:00-04:00,1.34,1.44,7.3,SPGI
2016-04-26 07:00:00-04:00,1.15,1.2,4.05,SPGI
2016-02-04 07:00:00-05:00,1.01,1.04,2.54,SPGI
2015-11-03 07:00:00-05:00,1.07,1.19,11.27,SPGI
2015-07-27 07:00:00-04:00,1.13,1.21,6.98,SPGI
2015-04-28 07:00:00-04:00,1.0,1.09,9.33,SPGI
2015-02-12 07:00:00-05:00,0.9,0.95,5.56,SPGI
2014-10-29 07:00:00-04:00,0.94,1.03,9.67,SPGI
2014-07-29 07:00:00-04:00,0.99,1.06,7.4,SPGI
2014-04-29 07:00:00-04:00,0.88,0.89,1.67,SPGI
2014-02-04 07:00:00-05:00,0.78,0.81,3.73,SPGI
2013-10-22 07:00:00-04:00,0.77,0.8,3.49,SPGI
2013-07-25 07:00:00-04:00,0.82,0.92,12.6,SPGI
2013-04-30 07:00:00-04:00,0.73,0.8,9.34,SPGI
2013-02-28 06:00:00-05:00,0.72,0.67,-6.97,SPGI
2012-11-02 07:00:00-04:00,1.3,1.33,2.02,SPGI
2012-07-26 07:00:00-04:00,0.76,0.85,12.14,SPGI
2012-04-24 07:00:00-04:00,0.48,0.51,5.31,SPGI
2012-01-31 07:00:00-05:00,0.57,0.63,10.25,SPGI
2011-10-20 07:00:00-04:00,1.23,1.21,-1.28,SPGI
2011-07-28 07:00:00-04:00,0.66,0.68,2.36,SPGI
2011-04-26 07:00:00-04:00,0.38,0.39,3.8,SPGI
2011-02-01 07:00:00-05:00,0.54,0.55,2.33,SPGI
2010-10-26 07:00:00-04:00,1.1,1.21,10.29,SPGI
2010-07-23 07:00:00-04:00,0.61,0.61,,SPGI
2010-04-27 06:00:00-04:00,0.25,0.33,33.33,SPGI
2010-01-26 07:00:00-05:00,0.4,0.51,27.05,SPGI
2009-10-26 07:00:00-04:00,1.06,1.07,1.13,SPGI
2009-07-28 07:00:00-04:00,0.55,0.58,5.78,SPGI
2009-04-28 07:00:00-04:00,0.18,0.2,13.21,SPGI
2009-01-27 07:00:00-05:00,0.38,0.42,10.14,SPGI
2008-10-28 07:00:00-04:00,1.23,1.28,3.87,SPGI
2008-07-29 07:00:00-04:00,0.66,0.71,7.98,SPGI
2008-04-29 07:00:00-04:00,0.23,0.25,9.13,SPGI
2008-01-24 07:00:00-05:00,0.51,0.51,,SPGI
2007-10-18 06:00:00-04:00,1.24,1.34,8.36,SPGI
2007-07-24 06:00:00-04:00,0.73,0.79,8.52,SPGI
2007-04-24 07:00:00-04:00,0.31,0.37,20.06,SPGI
2007-01-25 07:00:00-05:00,0.59,0.59,,SPGI
2006-10-19 07:00:00-04:00,1.0,1.09,8.58,SPGI
2006-07-25 07:00:00-04:00,0.52,0.6,14.54,SPGI
2006-04-25 07:00:00-04:00,0.22,0.2,-7.53,SPGI
2006-01-25 07:00:00-05:00,0.56,0.57,1.6,SPGI
2005-10-20 07:00:00-04:00,0.96,0.99,3.45,SPGI
2005-07-26 07:00:00-04:00,0.47,0.51,8.28,SPGI
2005-04-26 07:00:00-04:00,0.18,0.21,16.48,SPGI
2005-01-25 07:00:00-05:00,0.45,0.49,8.17,SPGI
2004-10-21 07:00:00-04:00,0.78,0.85,8.06,SPGI
2004-07-27 07:00:00-04:00,0.41,0.43,6.17,SPGI
2004-04-27 06:00:00-04:00,0.12,0.14,16.94,SPGI
2004-01-27 07:00:00-05:00,0.38,0.41,9.04,SPGI
2003-10-23 07:00:00-04:00,0.75,0.76,1.07,SPGI
2003-07-29 07:00:00-04:00,0.37,0.37,0.41,SPGI
2003-04-29 07:00:00-04:00,0.1,0.1,3.09,SPGI
2003-01-28 07:00:00-05:00,0.34,0.35,2.99,SPGI
2002-10-22 07:00:00-04:00,0.7,0.71,0.86,SPGI
2002-07-25 07:00:00-04:00,0.34,0.35,3.86,SPGI
2002-04-22 07:00:00-04:00,0.07,0.08,11.94,SPGI
2002-01-29 08:00:00-05:00,0.27,0.28,4.09,SPGI
2026-10-22 08:00:00-04:00,2.82,,,SPOT
2026-08-04 06:00:00-04:00,2.75,2.61,-5.07,SPOT
2026-04-28 06:00:00-04:00,2.94,3.45,17.24,SPOT
2026-02-10 06:00:00-05:00,2.78,4.43,59.38,SPOT
2025-11-04 06:00:00-05:00,2.02,3.28,62.77,SPOT
2025-07-29 06:00:00-04:00,1.98,-0.42,-121.21,SPOT
2025-04-29 06:00:00-04:00,2.21,1.07,-51.49,SPOT
2025-02-04 06:00:00-05:00,2.0,1.76,-11.89,SPOT
2024-11-12 16:00:00-05:00,1.67,1.45,-12.97,SPOT
2024-07-23 06:00:00-04:00,1.01,1.33,31.52,SPOT
2024-04-23 06:00:00-04:00,0.63,0.97,54.88,SPOT
2024-02-06 06:00:00-05:00,-0.26,-0.36,-36.31,SPOT
2023-10-24 06:00:00-04:00,-0.2,0.33,262.23,SPOT
2023-07-25 06:00:00-04:00,-0.57,-1.55,-171.92,SPOT
2023-04-25 06:00:00-04:00,-0.82,-1.16,-42.09,SPOT
2023-01-31 06:00:00-05:00,-1.28,-1.4,-9.43,SPOT
2022-10-25 16:00:00-04:00,-0.84,-0.86,-2.42,SPOT
2022-07-27 06:00:00-04:00,-0.64,-0.65,-2.07,SPOT
2022-04-27 06:00:00-04:00,-0.23,0.21,192.85,SPOT
2022-02-02 16:00:00-05:00,-0.36,-0.2,44.01,SPOT
2021-10-27 06:00:00-04:00,-0.17,0.01,105.91,SPOT
2021-07-28 06:00:00-04:00,-0.44,-0.1,77.1,SPOT
2021-04-28 06:00:00-04:00,-0.41,-0.25,38.41,SPOT
2021-02-03 06:00:00-05:00,-0.51,-0.66,-29.59,SPOT
2020-10-29 06:00:00-04:00,-0.43,-0.53,-22.29,SPOT
2020-07-29 06:00:00-04:00,-0.47,-1.91,-304.34,SPOT
2020-04-29 07:00:00-04:00,-0.36,,100.0,SPOT
2020-02-05 06:00:00-05:00,-0.28,-1.14,-310.74,SPOT
2019-10-28 06:00:00-04:00,-0.28,0.36,227.54,SPOT
2019-07-31 06:00:00-04:00,-0.45,-0.42,5.82,SPOT
2019-04-29 06:00:00-04:00,-0.47,-0.79,-67.37,SPOT
2019-02-06 06:00:00-05:00,-0.17,0.36,318.16,SPOT
2018-11-01 06:00:00-04:00,-0.15,0.36,337.44,SPOT
2018-07-26 07:00:00-04:00,-0.63,-1.78,-180.86,SPOT
2018-05-02 16:00:00-04:00,-0.35,-0.45,-27.08,SPOT
2026-10-27 16:00:00-04:00,7.35,,,STX
2026-07-28 16:00:00-04:00,5.09,5.71,12.09,STX
2026-04-28 16:00:00-04:00,3.51,4.1,16.76,STX
2026-01-27 16:00:00-05:00,2.84,3.11,9.58,STX
2025-10-28 16:00:00-04:00,2.4,2.61,8.76,STX
2025-07-29 16:00:00-04:00,2.44,2.59,6.01,STX
2025-04-29 16:00:00-04:00,1.74,1.9,9.21,STX
2025-01-21 16:00:00-05:00,1.88,2.03,8.14,STX
2024-10-22 16:00:00-04:00,1.46,1.58,8.58,STX
2024-07-23 16:00:00-04:00,0.75,1.05,39.35,STX
2024-04-23 16:00:00-04:00,0.26,0.33,25.36,STX
2024-01-24 16:00:00-05:00,-0.06,0.12,290.81,STX
2023-10-26 08:00:00-04:00,-0.25,-0.22,12.22,STX
2023-07-26 16:00:00-04:00,-0.25,-0.18,28.52,STX
2023-04-20 08:00:00-04:00,0.21,-0.28,-232.5,STX
2023-01-25 16:00:00-05:00,0.09,0.16,69.19,STX
2022-10-26 08:00:00-04:00,0.71,0.48,-32.83,STX
2022-07-21 16:00:00-04:00,1.89,1.59,-15.73,STX
2022-04-27 08:00:00-04:00,1.88,1.81,-3.79,STX
2022-01-26 16:00:00-05:00,2.36,2.41,2.3,STX
2021-10-22 08:00:00-04:00,2.21,2.35,6.34,STX
2021-07-21 08:00:00-04:00,1.88,2.0,6.3,STX
2021-04-22 16:00:00-04:00,1.32,1.48,12.28,STX
2021-01-21 16:00:00-05:00,1.13,1.29,13.77,STX
2020-10-22 16:00:00-04:00,0.9,0.93,3.08,STX
2020-07-28 16:00:00-04:00,1.3,1.2,-7.4,STX
2020-04-22 16:00:00-04:00,1.31,1.38,5.43,STX
2020-02-04 16:00:00-05:00,1.33,1.35,1.62,STX
2019-11-01 08:00:00-04:00,1.01,1.03,1.8,STX
2019-08-02 08:00:00-04:00,0.84,0.86,2.75,STX
2019-04-30 08:00:00-04:00,0.71,0.83,16.47,STX
2019-02-04 16:00:00-05:00,1.27,1.41,10.79,STX
2018-11-02 08:00:00-04:00,1.54,1.7,10.24,STX
2018-07-30 08:00:00-04:00,1.45,1.62,12.03,STX
2018-05-01 08:00:00-04:00,1.33,1.46,9.5,STX
2018-01-29 08:00:00-05:00,1.35,1.48,10.02,STX
2017-10-23 08:00:00-04:00,0.86,0.96,11.73,STX
2017-07-25 08:00:00-04:00,0.98,0.65,-33.73,STX
2017-04-26 08:00:00-04:00,1.07,1.1,2.42,STX
2017-01-24 16:00:00-05:00,1.08,1.38,27.98,STX
2016-10-19 08:00:00-04:00,0.91,0.99,9.03,STX
2016-08-02 08:00:00-04:00,0.61,0.69,13.86,STX
2016-04-29 08:00:00-04:00,0.4,0.22,-44.5,STX
2016-01-29 08:00:00-05:00,0.71,0.82,15.81,STX
2015-10-30 08:00:00-04:00,0.57,0.54,-4.8,STX
2015-07-31 08:00:00-04:00,0.66,0.77,16.12,STX
2015-04-17 08:00:00-04:00,1.04,1.08,3.63,STX
2015-01-26 08:00:00-05:00,1.35,1.35,0.04,STX
2014-10-27 08:00:00-04:00,1.25,1.34,7.3,STX
2014-07-17 16:00:00-04:00,1.1,1.1,0.19,STX
2014-04-29 16:00:00-04:00,1.25,1.34,7.16,STX
2014-01-27 16:00:00-05:00,1.39,1.32,-5.17,STX
2013-10-28 16:00:00-04:00,1.3,1.29,-0.5,STX
2013-07-24 07:00:00-04:00,1.19,1.2,0.69,STX
2013-05-01 16:00:00-04:00,1.17,1.26,7.63,STX
2013-01-28 16:00:00-05:00,1.27,1.38,8.45,STX
2012-10-31 08:00:00-04:00,1.69,1.45,-14.36,STX
2012-07-30 16:00:00-04:00,2.51,2.41,-4.09,STX
2012-04-17 16:00:00-04:00,2.11,2.64,24.92,STX
2012-01-31 16:00:00-05:00,1.08,1.32,21.79,STX
2011-10-20 16:00:00-04:00,0.32,0.34,7.55,STX
2011-07-20 16:00:00-04:00,0.26,0.28,8.13,STX
2011-04-19 04:00:00-04:00,0.27,0.25,-7.79,STX
2011-01-19 16:00:00-05:00,0.33,0.33,-0.5,STX
2010-10-20 16:00:00-04:00,0.44,0.37,-16.81,STX
2010-07-20 16:00:00-04:00,0.76,0.7,-8.37,STX
2010-04-20 15:00:00-04:00,0.93,1.0,7.68,STX
2010-01-20 16:00:00-05:00,0.65,1.04,58.9,STX
2009-10-20 16:00:00-04:00,0.47,0.58,23.7,STX
2009-07-21 16:00:00-04:00,-0.09,0.06,167.67,STX
2009-04-21 16:00:00-04:00,-0.45,-0.45,0.65,STX
2009-01-21 16:00:00-05:00,-0.05,-0.23,-365.78,STX
2008-10-22 16:00:00-04:00,0.22,0.26,20.77,STX
2008-07-15 16:00:00-04:00,0.42,0.43,2.11,STX
2008-04-15 16:00:00-04:00,0.69,0.74,7.25,STX
2008-01-17 16:00:00-05:00,0.75,0.81,8.2,STX
2007-10-16 16:00:00-04:00,0.62,0.69,11.02,STX
2007-07-19 16:00:00-04:00,0.36,0.38,4.14,STX
2007-04-17 16:00:00-04:00,0.5,0.47,-5.81,STX
2007-01-23 04:00:00-05:00,0.32,0.39,21.59,STX
2006-10-24 16:00:00-04:00,0.17,0.23,33.06,STX
2006-08-08 16:00:00-04:00,0.4,0.27,-33.09,STX
2006-04-18 16:00:00-04:00,0.52,0.53,2.04,STX
2006-01-18 16:00:00-05:00,0.55,0.62,12.96,STX
2005-10-18 16:00:00-04:00,0.53,0.56,5.77,STX
2005-07-19 16:00:00-04:00,0.5,0.55,10.78,STX
2005-04-19 16:00:00-04:00,0.37,0.45,23.29,STX
2005-01-18 16:00:00-05:00,0.23,0.29,28.11,STX
2004-10-19 16:00:00-04:00,0.04,0.08,92.4,STX
2004-07-20 16:00:00-04:00,-0.01,0.01,242.86,STX
2004-04-20 16:00:00-04:00,0.09,0.07,-19.05,STX
2004-01-20 16:00:00-05:00,0.45,0.42,-6.15,STX
2003-10-21 16:00:00-04:00,0.36,0.4,11.55,STX
2003-07-15 16:00:00-04:00,0.3,0.33,10.0,STX
2003-04-15 16:00:00-04:00,0.28,0.37,33.73,STX
2003-01-09 16:00:00-05:00,0.3,0.43,43.33,STX
2027-01-07 15:00:00-05:00,2.82,,,STZ
2026-10-06 16:00:00-04:00,3.55,3.74,5.47,STZ
2026-06-30 16:00:00-04:00,3.2,3.43,7.13,STZ
2026-04-08 16:00:00-04:00,1.71,1.9,10.79,STZ
2026-01-07 16:00:00-05:00,2.63,3.06,16.21,STZ
2025-10-06 16:00:00-04:00,3.41,3.63,6.51,STZ
2025-07-01 16:00:00-04:00,3.29,3.22,-2.27,STZ
2025-04-09 16:00:00-04:00,2.27,2.63,15.94,STZ
2025-01-10 08:00:00-05:00,3.31,3.25,-1.92,STZ
2024-10-03 07:00:00-04:00,4.07,4.32,6.03,STZ
2024-07-03 07:00:00-04:00,3.45,3.57,3.36,STZ
2024-04-11 07:00:00-04:00,2.1,2.26,7.57,STZ
2024-01-05 07:00:00-05:00,3.0,3.19,6.46,STZ
2023-10-05 16:00:00-04:00,3.37,3.7,9.63,STZ
2023-06-30 16:00:00-04:00,2.83,2.91,2.85,STZ
2023-04-06 07:00:00-04:00,1.84,1.98,7.39,STZ
2023-01-05 16:00:00-05:00,2.89,2.83,-2.1,STZ
2022-10-06 05:00:00-04:00,2.81,3.17,12.62,STZ
2022-06-30 05:00:00-04:00,2.52,2.66,5.46,STZ
2022-04-07 04:00:00-04:00,2.12,2.37,11.76,STZ
2022-01-06 07:00:00-05:00,2.78,3.12,12.23,STZ
2021-10-06 16:00:00-04:00,2.78,2.38,-14.28,STZ
2021-06-30 08:00:00-04:00,2.35,2.33,-0.81,STZ
2021-04-08 08:00:00-04:00,1.55,1.82,17.54,STZ
2021-01-07 07:00:00-05:00,2.41,3.09,28.24,STZ
2020-10-01 08:00:00-04:00,2.51,2.76,9.82,STZ
2020-07-01 08:00:00-04:00,2.05,2.3,12.45,STZ
2020-04-03 08:00:00-04:00,1.66,2.06,24.3,STZ
2020-01-08 07:00:00-05:00,1.84,2.14,16.02,STZ
2019-10-03 08:00:00-04:00,2.62,2.72,3.89,STZ
2019-06-28 12:00:00-04:00,2.06,2.21,7.37,STZ
2019-04-04 07:00:00-04:00,1.75,1.84,5.44,STZ
2019-01-09 08:00:00-05:00,2.08,2.37,13.8,STZ
2018-10-04 07:00:00-04:00,2.61,2.87,9.91,STZ
2018-06-29 07:00:00-04:00,2.44,2.2,-9.85,STZ
2018-03-29 08:00:00-04:00,1.74,1.9,8.92,STZ
2018-01-05 08:00:00-05:00,1.89,2.0,5.65,STZ
2017-10-05 08:00:00-04:00,2.17,2.47,14.08,STZ
2017-06-29 07:00:00-04:00,1.98,2.34,18.44,STZ
2017-04-06 07:00:00-04:00,1.36,1.48,8.45,STZ
2017-01-05 07:00:00-05:00,1.72,1.96,14.14,STZ
2016-10-05 07:00:00-04:00,1.65,1.77,7.3,STZ
2016-06-30 07:00:00-04:00,1.52,1.54,1.38,STZ
2016-04-06 07:00:00-04:00,1.14,1.19,4.01,STZ
2016-01-07 07:00:00-05:00,1.3,1.42,8.85,STZ
2015-10-07 07:00:00-04:00,1.32,1.56,18.22,STZ
2015-07-01 07:00:00-04:00,1.24,1.26,1.93,STZ
2015-04-09 07:00:00-04:00,0.94,1.03,9.49,STZ
2015-01-08 07:00:00-05:00,1.14,1.23,7.86,STZ
2014-10-02 07:00:00-04:00,1.15,1.11,-3.07,STZ
2014-07-02 07:00:00-04:00,0.93,1.07,15.5,STZ
2014-04-09 07:00:00-04:00,0.76,0.81,6.34,STZ
2014-01-08 07:00:00-05:00,0.91,1.1,21.09,STZ
2013-10-03 07:00:00-04:00,0.88,0.96,9.29,STZ
2013-07-02 07:00:00-04:00,0.4,0.38,-4.39,STZ
2013-04-10 07:00:00-04:00,0.45,0.47,5.36,STZ
2013-01-09 07:00:00-05:00,0.55,0.63,14.28,STZ
2012-10-05 07:00:00-04:00,0.54,0.71,31.31,STZ
2012-06-29 07:00:00-04:00,0.39,0.4,1.46,STZ
2012-04-05 07:00:00-04:00,0.38,0.69,79.29,STZ
2012-01-05 09:00:00-05:00,0.52,0.5,-4.47,STZ
2011-10-06 07:00:00-04:00,0.66,0.77,17.36,STZ
2011-06-30 07:00:00-04:00,0.37,0.39,6.16,STZ
2011-04-07 08:00:00-04:00,0.27,0.35,31.71,STZ
2011-01-06 09:00:00-05:00,0.62,0.66,7.31,STZ
2010-10-06 07:00:00-04:00,0.48,0.52,7.45,STZ
2010-07-01 07:00:00-04:00,0.35,0.38,9.12,STZ
2010-04-09 06:00:00-04:00,0.24,0.27,12.85,STZ
2010-01-07 07:00:00-05:00,0.52,0.54,4.42,STZ
2009-10-01 07:00:00-04:00,0.41,0.54,32.17,STZ
2009-07-01 07:00:00-04:00,0.32,0.33,2.8,STZ
2009-04-08 07:00:00-04:00,0.22,0.21,-6.37,STZ
2009-01-07 07:00:00-05:00,0.59,0.6,1.69,STZ
2008-10-02 07:00:00-04:00,0.44,0.45,2.51,STZ
2008-07-01 07:00:00-04:00,0.31,0.34,8.9,STZ
2008-04-03 07:00:00-04:00,0.25,0.34,33.57,STZ
2008-01-08 07:00:00-05:00,0.55,0.55,0.76,STZ
2007-10-04 07:00:00-04:00,0.32,0.35,9.66,STZ
2007-06-28 07:00:00-04:00,0.15,0.21,38.46,STZ
2007-04-05 07:00:00-04:00,0.34,0.35,1.94,STZ
2007-01-04 07:00:00-05:00,0.6,0.58,-3.33,STZ
2006-10-05 07:00:00-04:00,0.43,0.43,-0.58,STZ
2006-06-29 16:00:00-04:00,0.32,0.31,-2.62,STZ
2006-04-06 16:00:00-04:00,0.37,0.36,-1.37,STZ
2006-01-05 08:00:00-05:00,0.5,0.52,4.0,STZ
2005-10-06 16:00:00-04:00,0.4,0.41,1.26,STZ
2005-06-30 07:00:00-04:00,0.3,0.3,1.35,STZ
2005-04-07 16:00:00-04:00,0.29,0.31,5.69,STZ
2005-01-06 16:00:00-05:00,0.42,0.43,0.47,STZ
2004-09-30 16:00:00-04:00,0.35,0.36,2.08,STZ
2004-06-30 16:00:00-04:00,0.25,0.26,4.64,STZ
2004-04-07 16:00:00-04:00,0.27,0.27,0.75,STZ
2004-01-06 16:00:00-05:00,0.4,0.4,0.76,STZ
2003-09-30 16:00:00-04:00,0.32,0.32,0.88,STZ
2003-07-01 16:00:00-04:00,0.24,0.25,1.66,STZ
2003-04-09 16:00:00-04:00,0.21,0.22,7.32,STZ
2003-01-06 16:00:00-05:00,0.34,0.35,1.47,STZ
2002-09-25 16:00:00-04:00,0.27,0.27,,STZ
2002-06-26 16:00:00-04:00,0.18,0.2,10.5,STZ
2002-04-10 18:00:00-04:00,0.15,0.16,3.78,STZ
2026-11-03 15:00:00-05:00,1.27,,,SWKS
2026-07-28 16:00:00-04:00,1.03,1.08,4.79,SWKS
2026-05-05 16:00:00-04:00,1.04,1.15,10.1,SWKS
2026-02-03 16:00:00-05:00,1.4,1.54,10.08,SWKS
2025-11-04 16:00:00-05:00,1.53,1.76,14.82,SWKS
2025-08-05 16:00:00-04:00,1.24,1.33,7.01,SWKS
2025-05-07 16:00:00-04:00,1.2,1.24,3.09,SWKS
2025-02-05 16:00:00-05:00,1.57,1.6,1.75,SWKS
2024-11-12 16:00:00-05:00,1.52,1.55,1.9,SWKS
2024-07-30 16:00:00-04:00,1.21,1.21,-0.4,SWKS
2024-04-30 16:00:00-04:00,1.52,1.55,1.65,SWKS
2024-01-30 16:00:00-05:00,1.95,1.97,0.86,SWKS
2023-11-02 16:00:00-04:00,2.1,2.2,4.71,SWKS
2023-08-07 16:00:00-04:00,1.67,1.73,3.48,SWKS
2023-05-08 16:00:00-04:00,2.03,2.02,-0.29,SWKS
2023-02-06 16:00:00-05:00,2.6,2.59,-0.2,SWKS
2022-11-03 16:00:00-04:00,2.9,3.02,4.14,SWKS
2022-08-04 16:00:00-04:00,2.35,2.44,3.71,SWKS
2022-05-03 16:00:00-04:00,2.63,2.63,0.01,SWKS
2022-02-03 16:00:00-05:00,3.11,3.14,1.09,SWKS
2021-11-04 16:00:00-04:00,2.54,2.62,3.23,SWKS
2021-07-29 16:00:00-04:00,2.14,2.15,0.37,SWKS
2021-04-29 16:00:00-04:00,2.35,2.37,0.96,SWKS
2021-01-28 16:00:00-05:00,2.09,3.36,60.77,SWKS
2020-11-02 16:00:00-05:00,1.52,1.85,21.48,SWKS
2020-07-23 16:00:00-04:00,1.14,1.25,10.03,SWKS
2020-05-04 17:00:00-04:00,1.33,1.34,0.74,SWKS
2020-01-23 16:00:00-05:00,1.66,1.68,1.36,SWKS
2019-11-12 16:00:00-05:00,1.5,1.52,1.46,SWKS
2019-08-07 16:00:00-04:00,1.34,1.35,0.62,SWKS
2019-05-02 16:00:00-04:00,1.43,1.47,2.79,SWKS
2019-02-05 16:00:00-05:00,1.83,1.83,0.08,SWKS
2018-11-08 16:00:00-05:00,1.92,1.94,1.29,SWKS
2018-07-19 16:00:00-04:00,1.6,1.64,2.76,SWKS
2018-05-03 16:00:00-04:00,1.6,1.64,2.38,SWKS
2018-02-05 16:00:00-05:00,1.91,2.0,4.57,SWKS
2017-11-06 16:00:00-05:00,1.75,1.82,3.88,SWKS
2017-07-20 16:00:00-04:00,1.52,1.57,3.14,SWKS
2017-04-27 16:00:00-04:00,1.4,1.45,3.3,SWKS
2017-01-19 16:00:00-05:00,1.58,1.61,1.75,SWKS
2016-11-03 16:00:00-04:00,1.43,1.47,2.77,SWKS
2016-07-21 16:00:00-04:00,1.21,1.24,2.19,SWKS
2016-04-28 16:00:00-04:00,1.24,1.25,0.45,SWKS
2016-01-28 16:00:00-05:00,1.58,1.6,1.14,SWKS
2015-11-05 16:00:00-05:00,1.52,1.52,0.26,SWKS
2015-07-23 16:00:00-04:00,1.29,1.34,4.26,SWKS
2015-04-30 16:00:00-04:00,1.13,1.15,2.02,SWKS
2015-01-22 16:00:00-05:00,1.19,1.26,5.79,SWKS
2014-11-06 16:00:00-05:00,1.08,1.12,3.64,SWKS
2014-07-17 16:00:00-04:00,0.8,0.83,3.6,SWKS
2014-04-22 16:00:00-04:00,0.59,0.62,5.08,SWKS
2014-01-16 16:00:00-05:00,0.66,0.67,1.41,SWKS
2013-10-30 16:00:00-04:00,0.62,0.64,3.04,SWKS
2013-07-18 16:00:00-04:00,0.53,0.54,1.32,SWKS
2013-04-25 16:00:00-04:00,0.47,0.48,1.33,SWKS
2013-01-30 16:00:00-05:00,0.54,0.55,1.52,SWKS
2012-11-01 16:00:00-04:00,0.52,0.53,2.27,SWKS
2012-07-18 16:00:00-04:00,0.44,0.45,2.15,SWKS
2012-04-26 16:00:00-04:00,0.4,0.42,4.71,SWKS
2012-01-19 16:00:00-05:00,0.5,0.51,2.45,SWKS
2011-11-03 16:00:00-04:00,0.53,0.54,1.77,SWKS
2011-07-21 16:00:00-04:00,0.46,0.49,6.39,SWKS
2011-04-28 16:00:00-04:00,0.39,0.41,4.77,SWKS
2011-01-20 16:00:00-05:00,0.44,0.45,1.2,SWKS
2010-11-04 16:00:00-04:00,0.39,0.43,9.32,SWKS
2010-07-22 16:00:00-04:00,0.3,0.32,6.08,SWKS
2010-04-29 16:00:00-04:00,0.22,0.24,7.35,SWKS
2010-01-20 16:00:00-05:00,0.25,0.27,8.0,SWKS
2009-11-05 16:00:00-05:00,0.22,0.24,9.44,SWKS
2009-07-22 16:00:00-04:00,0.14,0.16,11.63,SWKS
2009-04-23 16:00:00-04:00,0.1,0.12,20.0,SWKS
2009-02-05 16:00:00-05:00,0.15,0.17,11.74,SWKS
2008-11-06 16:00:00-05:00,0.2,0.21,4.43,SWKS
2008-07-17 16:00:00-04:00,0.17,0.18,4.65,SWKS
2008-04-22 16:00:00-04:00,0.15,0.16,8.02,SWKS
2008-01-17 16:00:00-05:00,0.16,0.17,3.48,SWKS
2007-11-01 16:00:00-04:00,0.13,0.14,6.6,SWKS
2007-07-18 16:00:00-04:00,0.09,0.11,20.55,SWKS
2007-04-25 16:00:00-04:00,0.1,0.1,5.26,SWKS
2007-01-25 16:00:00-05:00,0.13,0.13,2.46,SWKS
2006-11-01 16:00:00-05:00,0.05,0.07,40.0,SWKS
2006-07-20 16:00:00-04:00,0.05,0.05,-1.96,SWKS
2006-04-24 16:00:00-04:00,0.02,0.03,34.23,SWKS
2006-01-25 16:00:00-05:00,0.07,0.07,5.88,SWKS
2005-11-02 16:00:00-05:00,0.03,0.04,17.65,SWKS
2005-07-21 16:00:00-04:00,0.05,0.06,17.65,SWKS
2005-04-27 16:00:00-04:00,0.04,0.04,8.11,SWKS
2005-01-19 16:00:00-05:00,0.13,0.13,3.17,SWKS
2004-10-27 16:00:00-04:00,0.11,0.12,5.73,SWKS
2004-07-21 16:00:00-04:00,0.07,0.1,40.85,SWKS
2004-04-28 16:00:00-04:00,0.04,0.05,21.95,SWKS
2004-01-22 16:00:00-05:00,0.01,0.04,300.0,SWKS
2002-10-29 16:00:00-05:00,-0.08,-0.03,60.53,SWKS
2002-07-31 16:00:00-04:00,-0.16,-0.14,14.11,SWKS
2026-10-20 08:00:00-04:00,2.4,,,SYF
2026-07-21 06:00:00-04:00,2.13,2.59,21.85,SYF
2026-04-21 06:00:00-04:00,2.16,2.27,5.09,SYF
2026-01-27 06:00:00-05:00,2.02,2.18,7.83,SYF
2025-10-15 06:00:00-04:00,2.21,2.86,29.32,SYF
2025-07-22 06:00:00-04:00,1.79,2.5,39.29,SYF
2025-04-22 06:00:00-04:00,1.65,1.89,14.53,SYF
2025-01-28 06:00:00-05:00,1.92,1.91,-0.46,SYF
2024-10-16 06:00:00-04:00,1.82,1.94,6.57,SYF
2024-07-17 06:00:00-04:00,1.37,1.55,12.92,SYF
2024-04-24 06:00:00-04:00,1.37,1.18,-13.57,SYF
2024-01-23 06:00:00-05:00,0.95,1.18,24.04,SYF
2023-10-24 06:00:00-04:00,1.44,1.48,2.8,SYF
2023-07-18 06:00:00-04:00,1.26,1.32,4.81,SYF
2023-04-19 02:00:00-04:00,1.45,1.35,-7.13,SYF
2023-01-23 06:00:00-05:00,1.12,1.26,12.89,SYF
2022-10-25 06:00:00-04:00,1.39,1.47,6.11,SYF
2022-07-18 06:00:00-04:00,1.38,1.6,16.03,SYF
2022-04-18 06:00:00-04:00,1.54,1.77,14.88,SYF
2022-01-28 06:00:00-05:00,1.41,1.34,-5.22,SYF
2021-10-19 06:00:00-04:00,1.46,1.67,14.74,SYF
2021-07-20 06:00:00-04:00,1.36,2.12,56.32,SYF
2021-04-27 06:00:00-04:00,1.38,1.73,25.08,SYF
2021-01-29 06:00:00-05:00,0.86,1.24,44.77,SYF
2020-10-20 06:00:00-04:00,0.69,0.63,-8.73,SYF
2020-07-21 06:00:00-04:00,0.2,0.06,-69.54,SYF
2020-04-21 07:00:00-04:00,0.66,0.45,-31.39,SYF
2020-01-24 06:00:00-05:00,1.07,1.1,2.83,SYF
2019-10-18 06:00:00-04:00,1.13,1.22,7.76,SYF
2019-07-19 06:00:00-04:00,0.96,0.97,0.73,SYF
2019-04-18 06:00:00-04:00,0.9,1.0,11.72,SYF
2019-01-23 06:00:00-05:00,0.93,1.09,17.26,SYF
2018-10-19 06:00:00-04:00,0.8,0.91,13.94,SYF
2018-07-27 06:00:00-04:00,0.82,0.92,11.63,SYF
2018-04-20 06:00:00-04:00,0.76,0.83,9.93,SYF
2018-01-19 06:00:00-05:00,0.64,0.7,9.38,SYF
2017-10-20 06:00:00-04:00,0.64,0.7,8.83,SYF
2017-07-21 06:00:00-04:00,0.57,0.61,6.3,SYF
2017-04-28 06:00:00-04:00,0.74,0.61,-17.02,SYF
2017-01-20 06:00:00-05:00,0.67,0.7,5.17,SYF
2016-10-21 06:00:00-04:00,0.67,0.73,8.78,SYF
2016-07-22 06:00:00-04:00,0.54,0.58,6.6,SYF
2016-04-22 06:00:00-04:00,0.69,0.7,1.97,SYF
2016-01-22 06:00:00-05:00,0.63,0.65,2.66,SYF
2015-10-16 09:00:00-04:00,0.66,0.69,4.33,SYF
2015-07-17 09:00:00-04:00,0.62,0.65,4.89,SYF
2015-04-17 09:00:00-04:00,0.64,0.66,3.58,SYF
2015-01-23 09:00:00-05:00,0.6,0.64,6.63,SYF
2014-10-17 09:00:00-04:00,0.67,0.7,4.02,SYF
2026-10-21 08:00:00-04:00,0.6,,,T
2026-07-22 06:00:00-04:00,0.59,0.65,10.49,T
2026-04-22 06:00:00-04:00,0.55,0.57,3.42,T
2026-01-28 06:00:00-05:00,0.47,0.52,11.58,T
2025-10-22 06:00:00-04:00,0.54,0.54,0.45,T
2025-07-23 06:00:00-04:00,0.53,0.54,1.92,T
2025-04-23 06:00:00-04:00,0.51,0.51,-0.9,T
2025-01-27 06:00:00-05:00,0.51,0.54,6.81,T
2024-10-23 06:00:00-04:00,0.57,0.6,5.07,T
2024-07-24 06:00:00-04:00,0.57,0.57,-0.64,T
2024-04-24 06:00:00-04:00,0.53,0.55,3.66,T
2024-01-24 06:00:00-05:00,0.56,0.54,-3.16,T
2023-10-19 06:00:00-04:00,0.62,0.64,3.09,T
2023-07-26 06:00:00-04:00,0.6,0.63,4.56,T
2023-04-20 06:00:00-04:00,0.59,0.6,2.1,T
2023-01-25 06:00:00-05:00,0.57,0.61,6.65,T
2022-10-20 06:00:00-04:00,0.61,0.68,10.58,T
2022-07-21 06:00:00-04:00,0.61,0.65,6.91,T
2022-04-21 06:00:00-04:00,0.75,0.77,1.99,T
2022-01-26 06:00:00-05:00,0.75,0.78,3.33,T
2021-10-21 06:00:00-04:00,0.79,0.87,10.28,T
2021-07-22 06:00:00-04:00,0.8,0.89,11.88,T
2021-04-22 06:00:00-04:00,0.78,0.86,10.61,T
2021-01-27 06:00:00-05:00,0.73,0.75,2.62,T
2020-10-22 06:00:00-04:00,0.76,0.76,-0.11,T
2020-07-23 07:00:00-04:00,0.79,0.83,4.85,T
2020-04-22 07:00:00-04:00,0.85,0.84,-1.45,T
2020-01-29 06:00:00-05:00,0.87,0.89,2.37,T
2019-10-28 06:00:00-04:00,0.92,0.94,1.69,T
2019-07-24 06:00:00-04:00,0.89,0.89,-0.05,T
2019-04-24 06:00:00-04:00,0.85,0.86,0.61,T
2019-01-30 06:00:00-05:00,0.85,0.86,0.74,T
2018-10-24 06:00:00-04:00,0.94,0.9,-4.24,T
2018-07-24 16:00:00-04:00,0.85,0.91,6.48,T
2018-04-25 16:00:00-04:00,0.87,0.85,-2.51,T
2018-01-31 16:00:00-05:00,0.65,0.78,19.9,T
2017-10-24 16:00:00-04:00,0.74,0.74,-0.64,T
2017-07-25 16:00:00-04:00,0.74,0.79,7.46,T
2017-04-25 16:00:00-04:00,0.74,0.74,0.07,T
2017-01-25 16:00:00-05:00,0.66,0.66,0.16,T
2016-10-22 20:00:00-04:00,0.74,0.74,0.57,T
2016-07-21 16:00:00-04:00,0.72,0.72,0.54,T
2016-04-26 16:00:00-04:00,0.69,0.72,4.29,T
2016-01-26 16:00:00-05:00,0.63,0.63,-0.64,T
2015-10-22 16:00:00-04:00,0.68,0.74,8.08,T
2015-07-23 16:00:00-04:00,0.63,0.69,9.11,T
2015-04-22 16:00:00-04:00,0.61,0.63,2.54,T
2015-01-27 16:00:00-05:00,0.54,0.55,1.05,T
2014-10-22 16:00:00-04:00,0.64,0.63,-0.92,T
2014-07-23 16:00:00-04:00,0.63,0.62,-1.1,T
2014-04-22 16:00:00-04:00,0.7,0.71,1.55,T
2014-01-28 16:00:00-05:00,0.5,0.53,4.96,T
2013-10-23 16:00:00-04:00,0.65,0.66,1.53,T
2013-07-23 16:00:00-04:00,0.68,0.67,-1.74,T
2013-04-23 16:00:00-04:00,0.64,0.64,-0.19,T
2013-01-24 16:00:00-05:00,0.46,0.44,-3.78,T
2012-10-24 07:00:00-04:00,0.6,0.63,4.53,T
2012-07-24 07:00:00-04:00,0.63,0.66,5.44,T
2012-04-24 07:00:00-04:00,0.57,0.6,4.49,T
2012-01-26 07:00:00-05:00,0.43,0.42,-3.25,T
2011-10-20 07:00:00-04:00,0.61,0.61,-0.02,T
2011-07-21 07:00:00-04:00,0.6,0.6,0.71,T
2011-04-20 07:00:00-04:00,0.57,0.57,-0.01,T
2011-01-27 07:00:00-05:00,0.54,0.55,1.59,T
2010-10-21 07:00:00-04:00,0.55,0.55,-0.54,T
2010-07-22 07:00:00-04:00,0.57,0.61,7.11,T
2010-04-21 06:00:00-04:00,0.55,0.59,8.01,T
2010-01-28 07:00:00-05:00,0.51,0.51,-0.3,T
2009-10-22 07:00:00-04:00,0.5,0.53,6.58,T
2009-07-23 07:00:00-04:00,0.51,0.54,6.28,T
2009-04-22 07:00:00-04:00,0.48,0.53,9.72,T
2009-01-28 07:00:00-05:00,0.65,0.65,-0.01,T
2008-10-22 07:00:00-04:00,0.71,0.69,-2.72,T
2008-07-23 07:00:00-04:00,0.76,0.76,,T
2008-04-22 07:00:00-04:00,0.74,0.74,-0.21,T
2008-01-24 07:00:00-05:00,0.71,0.71,-0.06,T
2007-10-23 07:00:00-04:00,0.71,0.71,0.4,T
2007-07-24 07:00:00-04:00,0.67,0.7,4.29,T
2007-04-24 07:00:00-04:00,0.61,0.65,6.18,T
2007-01-25 07:00:00-05:00,0.6,0.61,2.35,T
2006-10-23 07:00:00-04:00,0.58,0.63,9.3,T
2006-07-25 07:00:00-04:00,0.53,0.58,9.85,T
2006-04-25 07:00:00-04:00,0.48,0.52,7.66,T
2006-01-26 07:00:00-05:00,0.44,0.48,8.32,T
2005-10-20 07:00:00-04:00,0.41,0.47,14.5,T
2005-07-21 07:00:00-04:00,0.37,0.43,16.48,T
2005-04-25 07:00:00-04:00,0.33,0.34,3.75,T
2005-01-26 07:00:00-05:00,0.33,0.34,3.82,T
2004-10-21 07:00:00-04:00,0.38,0.38,-1.02,T
2004-07-22 07:00:00-04:00,0.36,0.4,11.57,T
2004-04-21 07:00:00-04:00,0.33,0.37,12.29,T
2004-01-27 07:00:00-05:00,0.34,0.34,0.04,T
2003-10-21 07:00:00-04:00,0.39,0.37,-4.52,T
2003-07-24 06:00:00-04:00,0.41,0.42,3.19,T
2003-04-24 07:00:00-04:00,0.37,0.34,-6.85,T
2003-01-28 07:00:00-05:00,0.62,0.62,0.52,T
2002-10-24 07:00:00-04:00,0.54,0.51,-5.56,T
2002-07-23 07:00:00-04:00,0.59,0.61,3.72,T
2002-04-18 07:00:00-04:00,0.51,0.51,0.99,T
2002-01-24 07:00:00-05:00,0.62,0.64,3.23,T
2026-10-28 16:00:00-04:00,-0.19,,,TDOC
2026-07-29 16:00:00-04:00,-0.22,-0.2,10.84,TDOC
2026-04-29 16:00:00-04:00,-0.39,-0.28,26.66,TDOC
2026-02-25 16:00:00-05:00,-0.22,-0.1,52.13,TDOC
2025-10-29 16:00:00-04:00,-0.31,-0.19,38.93,TDOC
2025-07-29 16:00:00-04:00,-0.31,-0.15,52.48,TDOC
2025-04-30 16:00:00-04:00,-0.36,-0.22,38.88,TDOC
2025-02-26 16:00:00-05:00,-0.29,-0.25,16.44,TDOC
2024-10-30 16:00:00-04:00,-0.32,-0.17,46.3,TDOC
2024-07-31 16:00:00-04:00,-0.37,-0.27,27.92,TDOC
2024-04-25 16:00:00-04:00,-0.44,-0.43,3.05,TDOC
2024-02-20 16:00:00-05:00,-0.24,-0.14,39.21,TDOC
2023-10-24 16:00:00-04:00,-0.37,-0.31,16.95,TDOC
2023-07-25 16:00:00-04:00,-0.42,-0.32,24.06,TDOC
2023-04-26 16:00:00-04:00,-0.49,-0.34,30.64,TDOC
2023-02-22 16:00:00-05:00,-0.19,-0.18,8.34,TDOC
2022-10-26 16:00:00-04:00,-0.49,-0.42,13.79,TDOC
2022-07-27 16:00:00-04:00,-0.59,-0.43,26.74,TDOC
2022-04-27 16:00:00-04:00,-0.53,-0.44,18.43,TDOC
2022-02-22 16:00:00-05:00,-0.54,-0.06,88.27,TDOC
2021-10-27 16:00:00-04:00,-0.62,-0.5,19.55,TDOC
2021-07-27 16:00:00-04:00,-0.54,-0.58,-7.51,TDOC
2021-04-28 16:00:00-04:00,-0.57,-1.24,-117.54,TDOC
2021-02-24 16:00:00-05:00,-0.27,-3.07,-1028.43,TDOC
2020-10-28 16:00:00-04:00,-0.31,-0.43,-36.94,TDOC
2020-07-29 16:00:00-04:00,-0.24,-0.34,-39.54,TDOC
2020-04-29 17:00:00-04:00,-0.35,-0.4,-14.81,TDOC
2020-02-26 16:00:00-05:00,-0.32,-0.26,19.19,TDOC
2019-10-30 16:00:00-04:00,-0.39,-0.28,28.52,TDOC
2019-07-31 16:00:00-04:00,-0.41,-0.41,0.39,TDOC
2019-04-30 16:00:00-04:00,-0.44,-0.43,2.27,TDOC
2019-02-27 16:00:00-05:00,-0.36,-0.33,7.4,TDOC
2018-11-01 16:00:00-04:00,-0.36,-0.34,4.75,TDOC
2018-08-01 16:00:00-04:00,-0.36,-0.37,-4.39,TDOC
2018-05-01 16:00:00-04:00,-0.42,-0.36,14.24,TDOC
2018-02-27 16:00:00-05:00,-0.35,-0.5,-44.23,TDOC
2017-11-01 16:00:00-04:00,-0.51,-0.38,26.34,TDOC
2017-08-02 16:00:00-04:00,-0.26,-0.28,-7.59,TDOC
2017-05-08 16:00:00-04:00,-0.34,-0.3,10.71,TDOC
2017-03-01 16:00:00-05:00,-0.35,-0.29,15.33,TDOC
2016-10-27 16:00:00-04:00,-0.35,-0.33,6.86,TDOC
2016-08-03 16:00:00-04:00,-0.39,-0.38,3.16,TDOC
2016-05-10 16:00:00-04:00,-0.38,-0.4,-5.54,TDOC
2016-03-02 16:00:00-05:00,-0.41,-0.39,5.91,TDOC
2015-11-02 16:00:00-05:00,-0.35,-0.37,-6.39,TDOC
2015-08-12 16:00:00-04:00,-0.46,-0.46,0.21,TDOC
2026-10-21 16:00:00-04:00,2.05,,,TER
2026-07-28 16:00:00-04:00,2.05,2.47,20.28,TER
2026-04-28 16:00:00-04:00,2.12,2.56,20.93,TER
2026-02-02 16:00:00-05:00,1.38,1.8,30.11,TER
2025-10-28 17:00:00-04:00,0.79,0.85,7.45,TER
2025-07-29 17:00:00-04:00,0.54,0.57,4.94,TER
2025-04-28 17:00:00-04:00,0.62,0.75,21.74,TER
2025-01-29 17:00:00-05:00,0.91,0.95,4.54,TER
2024-10-23 17:00:00-04:00,0.79,0.9,14.24,TER
2024-07-24 17:00:00-04:00,0.77,0.86,11.82,TER
2024-04-24 17:00:00-04:00,0.33,0.51,55.48,TER
2024-01-30 17:00:00-05:00,0.72,0.79,10.04,TER
2023-10-26 06:00:00-04:00,0.73,0.8,9.7,TER
2023-07-26 17:00:00-04:00,0.66,0.79,20.09,TER
2023-04-26 17:00:00-04:00,0.44,0.55,24.03,TER
2023-01-25 17:00:00-05:00,0.75,0.92,22.55,TER
2022-10-25 17:00:00-04:00,1.04,1.15,10.53,TER
2022-07-26 17:00:00-04:00,1.14,1.21,5.73,TER
2022-04-26 17:00:00-04:00,0.89,0.98,10.59,TER
2022-01-26 17:00:00-05:00,1.29,1.37,5.84,TER
2021-10-26 17:00:00-04:00,1.44,1.59,10.51,TER
2021-07-27 17:00:00-04:00,1.75,1.91,8.98,TER
2021-04-27 17:00:00-04:00,1.05,1.11,5.9,TER
2021-01-27 17:00:00-05:00,1.01,1.1,9.06,TER
2020-10-20 17:00:00-04:00,1.12,1.18,5.56,TER
2020-07-21 17:00:00-04:00,1.03,1.33,29.35,TER
2020-04-21 18:00:00-04:00,0.87,1.0,14.73,TER
2020-01-22 17:00:00-05:00,0.79,0.88,11.65,TER
2019-10-22 17:00:00-04:00,0.7,0.77,9.95,TER
2019-07-23 17:00:00-04:00,0.62,0.66,7.03,TER
2019-04-23 17:00:00-04:00,0.44,0.54,22.95,TER
2019-01-23 17:00:00-05:00,0.51,0.63,24.66,TER
2018-10-23 17:00:00-04:00,0.63,0.71,12.35,TER
2018-07-24 17:00:00-04:00,0.49,0.59,19.78,TER
2018-04-24 17:00:00-04:00,0.42,0.45,6.55,TER
2018-01-24 17:00:00-05:00,0.35,0.46,32.39,TER
2017-10-25 17:00:00-04:00,0.43,0.54,24.61,TER
2017-07-26 17:00:00-04:00,0.86,0.9,4.51,TER
2017-04-26 17:00:00-04:00,0.38,0.44,14.98,TER
2017-01-25 17:00:00-05:00,0.22,0.32,47.64,TER
2016-10-26 17:00:00-04:00,0.27,0.33,23.3,TER
2016-07-27 17:00:00-04:00,0.5,0.55,10.2,TER
2016-04-27 17:00:00-04:00,0.27,0.31,14.98,TER
2016-01-27 17:00:00-05:00,0.1,0.13,29.59,TER
2015-10-27 17:00:00-04:00,0.38,0.4,5.92,TER
2015-07-29 17:00:00-04:00,0.45,0.53,16.59,TER
2015-04-30 17:00:00-04:00,0.12,0.17,39.41,TER
2015-01-28 17:00:00-05:00,0.12,0.14,21.73,TER
2014-10-22 17:00:00-04:00,0.4,0.44,10.74,TER
2014-07-23 17:00:00-04:00,0.41,0.54,32.29,TER
2014-04-23 17:00:00-04:00,0.06,0.11,69.73,TER
2014-01-22 17:00:00-05:00,0.04,0.07,74.87,TER
2013-10-23 17:00:00-04:00,0.44,0.46,4.68,TER
2013-07-24 18:00:00-04:00,0.32,0.43,33.17,TER
2013-04-24 18:00:00-04:00,0.03,0.09,165.72,TER
2013-01-23 18:00:00-05:00,0.01,0.07,763.13,TER
2012-10-24 18:00:00-04:00,0.45,0.53,16.93,TER
2012-07-25 18:00:00-04:00,0.58,0.77,32.98,TER
2012-04-25 18:00:00-04:00,0.28,0.3,5.41,TER
2012-01-25 18:00:00-05:00,0.12,0.16,38.95,TER
2011-10-26 18:00:00-04:00,0.23,0.34,50.1,TER
2011-07-27 18:00:00-04:00,0.39,0.5,26.69,TER
2011-04-27 18:00:00-04:00,0.35,0.39,10.5,TER
2011-01-26 18:00:00-05:00,0.25,0.37,50.77,TER
2010-10-27 18:00:00-04:00,0.79,0.78,-0.92,TER
2010-07-28 18:00:00-04:00,0.46,0.65,42.72,TER
2010-04-21 17:00:00-04:00,0.23,0.33,44.68,TER
2010-01-27 18:00:00-05:00,0.15,0.17,10.32,TER
2009-10-28 18:00:00-04:00,0.12,0.14,16.67,TER
2009-07-29 18:00:00-04:00,-0.24,-0.21,12.71,TER
2009-04-29 18:00:00-04:00,-0.4,-0.38,4.83,TER
2009-01-28 19:00:00-05:00,-0.13,-0.19,-47.6,TER
2008-10-22 18:00:00-04:00,0.13,0.09,-28.81,TER
2008-07-23 18:00:00-04:00,0.17,0.16,-5.88,TER
2008-04-22 18:00:00-04:00,0.11,0.12,10.93,TER
2008-01-23 18:00:00-05:00,0.07,0.09,36.36,TER
2007-10-17 18:00:00-04:00,0.18,0.17,-2.86,TER
2007-07-18 18:00:00-04:00,0.11,0.14,22.81,TER
2007-04-18 18:00:00-04:00,0.02,0.04,66.67,TER
2007-01-24 18:00:00-05:00,0.03,0.06,140.0,TER
2006-10-18 18:00:00-04:00,0.2,0.24,20.0,TER
2006-07-19 18:00:00-04:00,0.25,0.31,24.59,TER
2006-04-18 18:00:00-04:00,0.21,0.25,21.65,TER
2006-01-17 18:00:00-05:00,0.18,0.25,39.66,TER
2005-10-18 19:00:00-04:00,-0.01,0.09,1385.71,TER
2005-07-19 18:00:00-04:00,-0.2,-0.18,12.2,TER
2005-04-19 18:00:00-04:00,-0.19,-0.21,-11.91,TER
2005-01-18 18:00:00-05:00,0.02,0.04,134.47,TER
2004-10-19 18:00:00-04:00,0.24,0.21,-12.07,TER
2004-07-20 18:00:00-04:00,0.36,0.39,7.63,TER
2004-04-20 18:00:00-04:00,0.15,0.2,37.62,TER
2004-01-14 18:00:00-05:00,,0.04,2100.0,TER
2003-10-14 18:00:00-04:00,-0.14,-0.14,-1.82,TER
2003-07-15 18:00:00-04:00,-0.21,-0.19,8.59,TER
2003-04-15 19:00:00-04:00,-0.27,-0.26,4.96,TER
2003-01-14 18:00:00-05:00,-0.22,-0.2,10.18,TER
2002-10-15 18:00:00-04:00,-0.29,-0.27,6.57,TER
2002-07-16 18:00:00-04:00,-0.29,-0.28,5.08,TER
2002-04-16 18:00:00-04:00,-0.41,-0.4,2.68,TER
2002-01-15 19:00:00-05:00,-0.42,-0.42,0.94,TER
2026-11-03 15:00:00-05:00,0.72,,,TEVA
2026-07-29 07:00:00-04:00,0.11,0.02,-81.46,TEVA
2026-04-29 07:00:00-04:00,0.46,0.53,16.23,TEVA
2026-01-28 07:00:00-05:00,0.64,0.96,50.17,TEVA
2025-11-05 07:00:00-05:00,0.67,0.78,15.74,TEVA
2025-07-30 07:00:00-04:00,0.62,0.66,7.31,TEVA
2025-05-07 07:00:00-04:00,0.46,0.52,12.2,TEVA
2025-01-29 07:00:00-05:00,0.7,0.71,1.09,TEVA
2024-11-06 07:00:00-05:00,0.66,0.69,4.38,TEVA
2024-07-31 07:00:00-04:00,0.55,0.61,10.74,TEVA
2024-05-08 07:00:00-04:00,0.51,0.48,-6.69,TEVA
2024-01-31 07:00:00-05:00,0.76,1.0,31.74,TEVA
2023-11-08 07:00:00-05:00,0.61,0.6,-1.88,TEVA
2023-08-02 07:00:00-04:00,0.53,0.56,6.07,TEVA
2023-05-10 07:00:00-04:00,0.55,0.4,-27.89,TEVA
2023-02-08 07:00:00-05:00,0.71,0.71,-0.62,TEVA
2022-11-03 07:00:00-04:00,0.62,0.59,-4.22,TEVA
2022-07-26 16:00:00-04:00,0.56,0.68,20.57,TEVA
2022-05-03 07:00:00-04:00,0.55,0.55,0.18,TEVA
2022-02-09 07:00:00-05:00,0.73,0.77,5.98,TEVA
2021-10-27 07:00:00-04:00,0.65,0.59,-8.64,TEVA
2021-07-28 07:00:00-04:00,0.59,0.59,-0.51,TEVA
2021-04-28 07:00:00-04:00,0.6,0.63,5.38,TEVA
2021-02-10 07:00:00-05:00,0.62,0.68,9.38,TEVA
2020-11-05 07:00:00-05:00,0.58,0.58,0.55,TEVA
2020-08-05 07:00:00-04:00,0.53,0.55,3.95,TEVA
2020-05-07 08:00:00-04:00,0.59,0.76,27.81,TEVA
2020-02-12 07:00:00-05:00,0.61,0.62,2.13,TEVA
2019-11-07 07:00:00-05:00,0.59,0.58,-2.03,TEVA
2019-08-07 07:00:00-04:00,0.58,0.6,4.33,TEVA
2019-05-02 07:00:00-04:00,0.58,0.6,3.74,TEVA
2019-02-13 07:00:00-05:00,0.55,0.53,-2.77,TEVA
2018-11-01 07:00:00-04:00,0.54,0.68,25.9,TEVA
2018-08-02 07:00:00-04:00,0.64,0.78,21.75,TEVA
2018-05-03 07:00:00-04:00,0.67,0.94,40.59,TEVA
2018-02-08 07:00:00-05:00,0.76,0.93,21.64,TEVA
2017-11-02 07:00:00-04:00,1.03,1.0,-2.99,TEVA
2017-08-03 06:00:00-04:00,1.06,1.02,-3.48,TEVA
2017-05-11 07:00:00-04:00,1.03,1.06,2.63,TEVA
2017-02-13 06:00:00-05:00,1.35,1.38,1.88,TEVA
2016-11-15 07:00:00-05:00,1.28,1.31,2.64,TEVA
2016-08-04 07:00:00-04:00,1.21,1.25,3.23,TEVA
2016-05-09 07:00:00-04:00,1.18,1.2,2.12,TEVA
2016-02-11 07:00:00-05:00,1.28,1.28,-0.16,TEVA
2015-10-29 07:00:00-04:00,1.28,1.35,5.6,TEVA
2015-07-30 07:00:00-04:00,1.33,1.43,7.4,TEVA
2015-04-30 07:00:00-04:00,1.26,1.36,8.25,TEVA
2015-02-05 07:00:00-05:00,1.3,1.31,0.4,TEVA
2014-10-30 07:00:00-04:00,1.24,1.32,6.63,TEVA
2014-07-31 07:00:00-04:00,1.22,1.23,0.68,TEVA
2014-05-01 07:00:00-04:00,1.22,1.22,0.02,TEVA
2014-02-06 07:00:00-05:00,1.4,1.42,1.65,TEVA
2013-10-31 08:00:00-04:00,1.26,1.27,1.16,TEVA
2013-08-01 07:00:00-04:00,1.2,1.2,0.13,TEVA
2013-05-02 07:00:00-04:00,1.1,1.12,1.4,TEVA
2013-02-07 07:00:00-05:00,1.33,1.32,-1.04,TEVA
2012-11-01 07:00:00-04:00,1.25,1.28,2.21,TEVA
2012-08-02 07:00:00-04:00,1.29,1.28,-0.43,TEVA
2012-05-09 01:00:00-04:00,1.44,1.47,2.24,TEVA
2012-02-15 01:00:00-05:00,1.59,1.59,0.1,TEVA
2011-11-02 02:00:00-04:00,1.25,1.25,0.38,TEVA
2011-07-27 01:00:00-04:00,1.09,1.1,0.98,TEVA
2011-05-11 01:00:00-04:00,1.03,1.04,0.58,TEVA
2011-02-08 01:00:00-05:00,1.29,1.14,-11.57,TEVA
2010-11-02 02:00:00-04:00,1.27,1.14,-9.53,TEVA
2010-07-27 01:00:00-04:00,1.05,0.96,-8.21,TEVA
2010-05-04 01:00:00-04:00,0.88,0.91,2.94,TEVA
2010-02-16 01:00:00-05:00,0.95,0.94,-0.65,TEVA
2009-11-03 01:00:00-05:00,0.88,0.89,1.48,TEVA
2009-07-28 01:00:00-04:00,0.81,0.83,3.11,TEVA
2009-05-05 01:00:00-04:00,0.68,0.71,5.19,TEVA
2009-02-17 01:00:00-05:00,0.73,0.76,4.06,TEVA
2008-11-06 01:00:00-05:00,0.7,0.72,3.21,TEVA
2008-07-29 01:00:00-04:00,0.64,0.65,1.75,TEVA
2008-05-06 02:00:00-04:00,0.63,0.64,1.08,TEVA
2008-02-12 01:00:00-05:00,0.66,0.69,5.0,TEVA
2007-10-30 02:00:00-04:00,0.62,0.64,2.61,TEVA
2007-08-01 01:00:00-04:00,0.55,0.63,14.9,TEVA
2007-05-02 07:00:00-04:00,0.4,0.42,6.33,TEVA
2007-02-13 01:00:00-05:00,0.58,0.53,-8.46,TEVA
2006-11-07 07:00:00-05:00,0.64,0.74,16.49,TEVA
2006-08-08 01:00:00-04:00,0.45,0.66,45.93,TEVA
2006-05-10 07:00:00-04:00,0.42,0.37,-10.89,TEVA
2006-02-28 00:00:00-05:00,0.43,0.45,4.45,TEVA
2005-11-08 06:00:00-05:00,0.38,0.4,5.3,TEVA
2005-08-01 01:00:00-04:00,0.36,0.36,0.26,TEVA
2005-05-03 07:00:00-04:00,0.38,0.38,0.42,TEVA
2005-02-15 00:00:00-05:00,0.39,0.41,5.73,TEVA
2004-11-04 06:00:00-05:00,0.37,0.38,3.34,TEVA
2004-08-03 00:00:00-04:00,0.33,0.35,6.95,TEVA
2004-05-04 07:00:00-04:00,0.29,0.32,9.68,TEVA
2004-02-17 01:00:00-05:00,0.28,0.31,9.73,TEVA
2003-11-03 01:00:00-05:00,0.25,0.27,7.34,TEVA
2003-07-29 02:00:00-04:00,0.22,0.25,10.36,TEVA
2003-05-01 05:00:00-04:00,0.23,0.25,8.33,TEVA
2003-02-18 01:00:00-05:00,0.23,0.25,11.11,TEVA
2002-10-28 19:00:00-05:00,0.17,0.18,4.45,TEVA
2002-07-28 18:00:00-04:00,0.15,0.17,10.75,TEVA
2002-04-29 09:00:00-04:00,0.14,0.16,15.43,TEVA
2002-02-14 03:00:00-05:00,0.15,0.17,7.76,TEVA
2026-11-18 07:00:00-05:00,1.71,,,TGT
2026-08-19 06:00:00-04:00,2.34,4.11,75.83,TGT
2026-05-20 06:00:00-04:00,1.46,1.71,17.31,TGT
2026-03-03 06:00:00-05:00,2.16,2.44,12.97,TGT
2025-11-19 06:00:00-05:00,1.71,1.78,4.09,TGT
2025-08-20 06:00:00-04:00,2.03,2.05,0.82,TGT
2025-05-21 06:00:00-04:00,1.65,1.3,-21.27,TGT
2025-03-04 06:00:00-05:00,2.25,2.41,7.05,TGT
2024-11-20 06:00:00-05:00,2.3,1.85,-19.56,TGT
2024-08-21 06:00:00-04:00,2.18,2.57,17.72,TGT
2024-05-22 06:00:00-04:00,2.06,2.03,-1.24,TGT
2024-03-05 06:00:00-05:00,2.41,2.98,23.52,TGT
2023-11-15 06:00:00-05:00,1.48,2.1,41.91,TGT
2023-08-16 06:00:00-04:00,1.42,1.8,26.85,TGT
2023-05-17 06:00:00-04:00,1.79,2.05,14.69,TGT
2023-02-28 06:00:00-05:00,1.4,1.89,35.06,TGT
2022-11-16 06:00:00-05:00,2.18,1.54,-29.35,TGT
2022-08-17 06:00:00-04:00,0.72,0.39,-45.47,TGT
2022-05-18 06:00:00-04:00,3.06,2.19,-28.53,TGT
2022-03-01 06:00:00-05:00,2.84,3.19,12.26,TGT
2021-11-17 06:00:00-05:00,2.81,3.03,7.85,TGT
2021-08-18 06:00:00-04:00,3.53,3.64,3.06,TGT
2021-05-19 06:00:00-04:00,2.23,3.69,65.19,TGT
2021-03-02 06:00:00-05:00,2.54,2.67,5.2,TGT
2020-11-18 06:00:00-05:00,1.61,2.79,73.77,TGT
2020-08-19 06:00:00-04:00,1.65,3.38,104.36,TGT
2020-05-20 06:00:00-04:00,0.4,0.59,46.24,TGT
2020-03-03 06:00:00-05:00,1.66,1.69,2.11,TGT
2019-11-20 06:00:00-05:00,1.19,1.36,14.28,TGT
2019-08-21 06:00:00-04:00,1.62,1.82,12.6,TGT
2019-05-22 06:00:00-04:00,1.43,1.53,6.8,TGT
2019-03-05 06:00:00-05:00,1.52,1.53,0.84,TGT
2018-11-20 06:00:00-05:00,1.11,1.09,-2.1,TGT
2018-08-22 06:00:00-04:00,1.4,1.47,4.97,TGT
2018-05-23 06:00:00-04:00,1.39,1.32,-4.86,TGT
2018-03-06 06:00:00-05:00,1.38,1.37,-0.45,TGT
2017-11-15 06:00:00-05:00,0.86,0.91,5.42,TGT
2017-08-16 06:00:00-04:00,1.19,1.23,2.99,TGT
2017-05-17 06:00:00-04:00,0.91,1.21,32.32,TGT
2017-02-28 06:00:00-05:00,1.51,1.45,-4.14,TGT
2016-11-16 06:00:00-05:00,0.83,1.04,24.91,TGT
2016-08-17 06:00:00-04:00,1.12,1.23,9.63,TGT
2016-05-18 08:00:00-04:00,1.19,1.29,8.14,TGT
2016-02-24 08:00:00-05:00,1.54,1.52,-1.09,TGT
2015-11-18 08:00:00-05:00,0.86,0.86,-0.06,TGT
2015-08-19 08:00:00-04:00,1.11,1.22,9.42,TGT
2015-05-20 08:00:00-04:00,1.03,1.1,6.94,TGT
2015-02-25 08:00:00-05:00,1.46,1.5,2.93,TGT
2014-11-19 08:00:00-05:00,0.47,0.54,14.95,TGT
2014-08-20 08:00:00-04:00,0.78,0.78,-0.25,TGT
2014-05-21 08:00:00-04:00,0.71,0.7,-0.96,TGT
2014-02-26 07:00:00-05:00,0.81,0.9,11.04,TGT
2013-11-21 07:00:00-05:00,0.64,0.56,-11.98,TGT
2013-08-21 07:00:00-04:00,0.96,0.98,1.87,TGT
2013-05-22 07:00:00-04:00,0.86,0.81,-5.34,TGT
2013-02-27 07:00:00-05:00,1.54,1.65,6.97,TGT
2012-11-15 07:00:00-05:00,0.82,0.9,10.24,TGT
2012-08-15 07:00:00-04:00,1.01,1.06,4.97,TGT
2012-05-16 07:00:00-04:00,1.02,1.04,2.09,TGT
2012-02-23 07:00:00-05:00,1.4,1.43,2.28,TGT
2011-11-16 07:00:00-05:00,0.74,0.82,11.12,TGT
2011-08-17 07:00:00-04:00,0.97,1.03,6.7,TGT
2011-05-18 07:00:00-04:00,0.95,0.99,4.54,TGT
2011-02-24 07:00:00-05:00,1.39,1.38,-0.91,TGT
2010-11-17 07:00:00-05:00,0.68,0.68,-0.36,TGT
2010-08-18 07:00:00-04:00,0.92,0.92,0.55,TGT
2010-05-19 07:00:00-04:00,0.87,0.9,3.33,TGT
2010-02-23 08:00:00-05:00,1.16,1.17,0.62,TGT
2009-11-17 08:00:00-05:00,0.5,0.58,15.92,TGT
2009-08-18 08:00:00-04:00,0.66,0.79,19.63,TGT
2009-05-20 08:00:00-04:00,0.6,0.69,15.55,TGT
2009-02-24 08:00:00-05:00,0.83,0.81,-2.3,TGT
2008-11-17 08:00:00-05:00,0.48,0.49,2.09,TGT
2008-08-19 08:00:00-04:00,0.75,0.82,8.68,TGT
2008-05-20 08:00:00-04:00,0.71,0.74,4.58,TGT
2008-02-26 08:00:00-05:00,1.22,1.23,0.53,TGT
2007-11-20 08:00:00-05:00,0.62,0.56,-9.05,TGT
2007-08-21 08:00:00-04:00,0.8,0.8,0.07,TGT
2007-05-23 08:00:00-04:00,0.71,0.75,5.86,TGT
2007-02-27 08:00:00-05:00,1.27,1.29,1.49,TGT
2006-11-14 08:00:00-05:00,0.55,0.59,7.08,TGT
2006-08-10 08:00:00-04:00,0.69,0.7,0.8,TGT
2006-05-15 08:00:00-04:00,0.64,0.61,-4.01,TGT
2006-02-16 08:00:00-05:00,1.05,1.06,0.92,TGT
2005-11-10 08:00:00-05:00,0.45,0.49,8.45,TGT
2005-08-11 08:00:00-04:00,0.59,0.61,3.71,TGT
2005-05-12 08:00:00-04:00,0.54,0.55,2.61,TGT
2005-02-17 08:00:00-05:00,0.9,0.9,0.56,TGT
2004-11-11 08:00:00-05:00,0.38,0.38,1.06,TGT
2004-08-12 08:00:00-04:00,0.47,0.48,2.94,TGT
2004-05-13 08:00:00-04:00,0.47,0.48,1.69,TGT
2004-02-19 08:00:00-05:00,0.87,0.91,4.15,TGT
2003-11-13 08:00:00-05:00,0.33,0.33,0.65,TGT
2003-08-14 08:00:00-04:00,0.4,0.39,-2.68,TGT
2003-05-15 08:00:00-04:00,0.39,0.38,-2.46,TGT
2003-02-20 08:00:00-05:00,0.75,0.75,0.52,TGT
2002-11-14 08:00:00-05:00,0.28,0.3,6.76,TGT
2002-08-15 08:00:00-04:00,0.37,0.38,3.26,TGT
2002-05-21 08:00:00-04:00,0.36,0.38,5.85,TGT
2002-02-28 08:00:00-05:00,0.72,0.73,1.11,TGT
2026-10-08 08:00:00-04:00,,,,TLRY
2026-07-28 16:00:00-04:00,0.21,0.05,-76.19,TLRY
2026-04-01 07:00:00-04:00,0.07,0.02,-71.43,TLRY
2026-01-08 16:00:00-05:00,,-0.02,,TLRY
2025-10-09 07:00:00-04:00,,,,TLRY
2025-07-28 16:00:00-04:00,,0.2,,TLRY
2025-04-08 07:00:00-04:00,-0.33,,100.0,TLRY
2025-01-10 07:00:00-05:00,-0.13,-0.03,80.5,TLRY
2024-10-10 07:00:00-04:00,-0.3,-0.1,66.67,TLRY
2024-07-29 16:00:00-04:00,-0.1,0.4,500.0,TLRY
2024-04-09 07:00:00-04:00,-0.47,,100.0,TLRY
2024-01-09 07:00:00-05:00,-0.47,-0.6,-26.32,TLRY
2023-10-04 07:00:00-04:00,-0.57,-0.91,-59.13,TLRY
2023-07-26 07:00:00-04:00,-0.43,,100.0,TLRY
2023-04-10 16:00:00-04:00,-0.58,-0.4,31.03,TLRY
2023-01-09 07:00:00-05:00,-0.54,-0.6,-11.11,TLRY
2022-10-07 07:00:00-04:00,-0.7,-0.8,-14.29,TLRY
2022-07-28 07:00:00-04:00,-0.8,-0.68,14.88,TLRY
2022-04-06 07:00:00-04:00,-0.79,0.74,193.83,TLRY
2022-01-10 07:00:00-05:00,-0.77,,100.0,TLRY
2021-10-07 16:00:00-04:00,-0.67,-0.7,-3.7,TLRY
2021-07-28 07:00:00-04:00,-1.17,4.41,477.72,TLRY
2026-10-21 08:00:00-04:00,6.4,,,TMO
2026-07-23 06:00:00-04:00,5.71,6.03,5.58,TMO
2026-04-23 06:00:00-04:00,5.24,5.44,3.79,TMO
2026-01-29 06:00:00-05:00,6.45,6.57,1.87,TMO
2025-10-22 06:00:00-04:00,5.5,5.79,5.32,TMO
2025-07-23 06:00:00-04:00,5.23,5.36,2.55,TMO
2025-04-23 06:00:00-04:00,5.1,5.15,0.94,TMO
2025-01-30 06:00:00-05:00,5.94,6.1,2.66,TMO
2024-10-23 06:00:00-04:00,5.25,5.28,0.5,TMO
2024-07-24 06:00:00-04:00,5.13,5.37,4.72,TMO
2024-04-24 06:00:00-04:00,4.71,5.11,8.45,TMO
2024-01-31 06:00:00-05:00,5.65,5.67,0.42,TMO
2023-10-25 06:00:00-04:00,5.61,5.69,1.37,TMO
2023-07-26 06:00:00-04:00,5.43,5.15,-5.17,TMO
2023-04-26 06:00:00-04:00,5.03,5.03,-0.08,TMO
2023-02-01 06:00:00-05:00,5.2,5.4,3.84,TMO
2022-10-26 06:00:00-04:00,4.82,5.08,5.5,TMO
2022-07-28 06:00:00-04:00,4.98,5.51,10.61,TMO
2022-04-28 06:00:00-04:00,6.21,7.25,16.8,TMO
2022-02-02 06:00:00-05:00,5.27,6.54,24.01,TMO
2021-10-27 06:00:00-04:00,4.7,5.76,22.68,TMO
2021-07-28 06:00:00-04:00,5.47,5.6,2.31,TMO
2021-04-29 06:00:00-04:00,6.68,7.21,7.87,TMO
2021-02-01 06:00:00-05:00,6.57,7.09,7.89,TMO
2020-10-21 06:00:00-04:00,4.3,5.63,30.82,TMO
2020-07-22 06:00:00-04:00,2.89,3.89,34.57,TMO
2020-04-22 06:00:00-04:00,2.82,2.94,4.35,TMO
2020-01-30 06:00:00-05:00,3.54,3.55,0.37,TMO
2019-10-23 06:00:00-04:00,2.89,2.94,1.84,TMO
2019-07-24 06:00:00-04:00,3.0,3.04,1.44,TMO
2019-04-24 06:00:00-04:00,2.74,2.81,2.68,TMO
2019-01-30 06:00:00-05:00,3.18,3.25,2.35,TMO
2018-10-24 06:00:00-04:00,2.56,2.62,2.23,TMO
2018-07-25 06:00:00-04:00,2.63,2.75,4.74,TMO
2018-04-25 06:00:00-04:00,2.41,2.5,3.85,TMO
2018-01-31 06:00:00-05:00,2.67,2.79,4.48,TMO
2017-10-25 06:00:00-04:00,2.25,2.31,2.84,TMO
2017-07-26 06:00:00-04:00,2.27,2.3,1.23,TMO
2017-04-26 06:00:00-04:00,2.02,2.08,2.8,TMO
2017-01-31 06:00:00-05:00,2.38,2.41,1.32,TMO
2016-10-27 06:00:00-04:00,1.97,2.03,2.91,TMO
2016-07-28 06:00:00-04:00,2.01,2.03,0.8,TMO
2016-04-28 06:00:00-04:00,1.74,1.8,3.18,TMO
2016-01-28 06:00:00-05:00,2.11,2.12,0.59,TMO
2015-10-21 06:00:00-04:00,1.79,1.8,0.58,TMO
2015-07-22 06:00:00-04:00,1.78,1.84,3.32,TMO
2015-04-22 06:00:00-04:00,1.61,1.63,1.26,TMO
2015-01-29 06:00:00-05:00,1.94,1.99,2.5,TMO
2014-10-22 06:00:00-04:00,1.69,1.71,1.17,TMO
2014-07-23 06:00:00-04:00,1.63,1.72,5.66,TMO
2014-04-23 06:00:00-04:00,1.4,1.53,9.25,TMO
2014-01-30 06:00:00-05:00,1.38,1.43,3.98,TMO
2013-10-23 06:00:00-04:00,1.28,1.3,1.52,TMO
2013-07-24 06:00:00-04:00,1.31,1.32,1.02,TMO
2013-04-24 06:00:00-04:00,1.29,1.37,6.09,TMO
2013-01-31 06:00:00-05:00,1.28,1.36,5.87,TMO
2012-10-24 06:00:00-04:00,1.16,1.19,2.36,TMO
2012-07-25 06:00:00-04:00,1.16,1.22,5.17,TMO
2012-04-25 06:00:00-04:00,1.11,1.17,5.56,TMO
2012-02-01 06:00:00-05:00,1.16,1.18,2.07,TMO
2011-10-26 06:00:00-04:00,1.07,1.07,0.13,TMO
2011-07-27 06:00:00-04:00,0.98,0.99,0.84,TMO
2011-04-27 05:00:00-04:00,0.88,0.92,4.76,TMO
2011-02-02 06:00:00-05:00,0.95,1.0,5.62,TMO
2010-10-27 06:00:00-04:00,0.83,0.9,8.15,TMO
2010-07-27 06:00:00-04:00,0.85,0.84,-0.71,TMO
2010-04-28 06:00:00-04:00,0.75,0.84,12.17,TMO
2010-02-03 06:00:00-05:00,0.88,0.91,3.17,TMO
2009-10-22 06:00:00-04:00,0.76,0.78,2.77,TMO
2009-07-23 06:00:00-04:00,0.67,0.74,11.25,TMO
2009-04-23 06:00:00-04:00,0.7,0.62,-11.38,TMO
2009-02-04 06:00:00-05:00,0.83,0.88,6.41,TMO
2008-10-23 06:00:00-04:00,0.76,0.76,-0.33,TMO
2008-07-24 05:00:00-04:00,0.77,0.8,4.17,TMO
2008-04-24 06:00:00-04:00,0.72,0.74,2.92,TMO
2008-02-06 06:00:00-05:00,0.69,0.76,10.14,TMO
2007-10-25 06:00:00-04:00,0.63,0.65,2.85,TMO
2007-07-26 06:00:00-04:00,0.6,0.65,8.33,TMO
2007-04-26 06:00:00-04:00,0.53,0.59,10.63,TMO
2007-02-08 06:00:00-05:00,0.53,0.57,7.14,TMO
2006-10-25 06:00:00-04:00,0.42,0.44,3.77,TMO
2006-07-26 06:00:00-04:00,0.41,0.42,3.45,TMO
2006-04-26 06:00:00-04:00,0.36,0.39,7.67,TMO
2006-02-01 20:00:00-05:00,0.47,0.49,4.71,TMO
2005-10-26 06:00:00-04:00,0.39,0.4,3.36,TMO
2005-07-27 05:00:00-04:00,0.35,0.36,3.45,TMO
2005-04-27 07:00:00-04:00,0.31,0.31,-0.32,TMO
2005-02-02 17:00:00-05:00,0.39,0.38,-1.49,TMO
2004-10-26 16:00:00-04:00,0.3,0.32,5.61,TMO
2004-07-27 16:00:00-04:00,0.29,0.29,-0.4,TMO
2004-04-27 16:00:00-04:00,0.27,0.29,7.41,TMO
2004-02-04 16:00:00-05:00,0.34,0.35,3.55,TMO
2003-10-21 16:00:00-04:00,0.27,0.27,0.75,TMO
2003-07-22 16:00:00-04:00,0.24,0.26,10.17,TMO
2003-04-23 17:00:00-04:00,0.23,0.22,-3.08,TMO
2003-02-05 16:00:00-05:00,0.29,0.31,6.9,TMO
2002-10-22 16:00:00-04:00,0.24,0.25,6.38,TMO
2002-07-23 16:00:00-04:00,0.22,0.24,10.09,TMO
2002-04-24 16:00:00-04:00,0.19,0.2,3.63,TMO
2002-02-13 16:00:00-05:00,0.23,0.25,7.3,TMO
2026-10-28 16:00:00-04:00,2.9,,,TMUS
2026-07-23 06:00:00-04:00,2.6,2.99,14.86,TMUS
2026-04-28 16:00:00-04:00,2.11,2.77,31.07,TMUS
2026-02-11 07:00:00-05:00,2.06,1.88,-8.92,TMUS
2025-10-23 06:00:00-04:00,2.57,2.77,7.71,TMUS
2025-07-23 16:00:00-04:00,2.68,2.85,6.07,TMUS
2025-04-24 16:00:00-04:00,2.47,2.58,4.51,TMUS
2025-01-29 07:00:00-05:00,2.38,2.59,8.88,TMUS
2024-10-23 16:00:00-04:00,2.42,2.61,7.64,TMUS
2024-07-31 07:00:00-04:00,2.27,2.49,9.58,TMUS
2024-04-25 16:00:00-04:00,1.86,2.0,7.46,TMUS
2024-01-25 16:00:00-05:00,1.96,1.83,-6.53,TMUS
2023-10-25 06:00:00-04:00,1.89,2.0,5.69,TMUS
2023-07-27 16:00:00-04:00,1.73,2.05,18.14,TMUS
2023-04-27 16:00:00-04:00,1.48,1.58,6.84,TMUS
2023-02-01 06:00:00-05:00,1.1,1.18,6.79,TMUS
2022-10-27 16:00:00-04:00,0.5,2.27,355.47,TMUS
2022-07-27 06:00:00-04:00,0.28,-0.09,-132.47,TMUS
2022-04-27 06:00:00-04:00,0.33,0.57,70.61,TMUS
2022-02-02 16:00:00-05:00,0.16,0.34,116.3,TMUS
2021-11-02 16:00:00-04:00,0.53,0.55,4.71,TMUS
2021-07-29 16:00:00-04:00,0.5,0.94,88.65,TMUS
2021-05-04 16:00:00-04:00,0.56,0.74,32.11,TMUS
2021-02-04 16:00:00-05:00,0.51,0.6,17.88,TMUS
2020-11-05 16:00:00-05:00,0.43,1.0,132.68,TMUS
2020-08-06 16:00:00-04:00,0.15,0.84,460.22,TMUS
2020-05-06 16:00:00-04:00,1.02,1.1,8.03,TMUS
2020-02-06 16:00:00-05:00,0.83,0.87,5.16,TMUS
2019-10-28 16:00:00-04:00,0.98,1.01,2.67,TMUS
2019-07-25 16:00:00-04:00,0.98,1.09,11.63,TMUS
2019-04-25 16:00:00-04:00,0.92,1.06,14.81,TMUS
2019-02-07 07:00:00-05:00,0.69,0.75,8.18,TMUS
2018-10-30 16:00:00-04:00,0.83,0.93,12.39,TMUS
2018-08-01 16:00:00-04:00,0.86,0.92,6.87,TMUS
2018-05-01 16:00:00-04:00,0.75,0.78,3.84,TMUS
2018-02-08 06:00:00-05:00,0.37,0.48,29.73,TMUS
2017-10-23 07:00:00-04:00,0.47,0.63,34.76,TMUS
2017-07-19 16:00:00-04:00,0.37,0.67,81.88,TMUS
2017-04-24 16:00:00-04:00,0.35,0.8,125.73,TMUS
2017-02-14 07:00:00-05:00,0.28,0.43,52.66,TMUS
2016-10-24 07:00:00-04:00,0.22,0.42,94.84,TMUS
2016-07-27 07:00:00-04:00,0.2,0.25,22.36,TMUS
2016-04-26 06:00:00-04:00,0.14,0.56,313.74,TMUS
2016-02-17 06:00:00-05:00,0.15,0.34,133.32,TMUS
2015-10-27 07:00:00-04:00,0.27,0.15,-44.7,TMUS
2015-07-30 07:00:00-04:00,0.18,0.42,129.65,TMUS
2015-04-28 07:00:00-04:00,-0.1,-0.09,11.33,TMUS
2015-02-19 06:00:00-05:00,0.08,0.12,47.37,TMUS
2014-10-27 21:00:00-04:00,0.04,-0.12,-384.9,TMUS
2014-07-31 07:00:00-04:00,0.12,0.48,312.62,TMUS
2014-05-01 06:00:00-04:00,-0.1,-0.19,-97.83,TMUS
2014-02-25 06:00:00-05:00,-0.17,-0.03,82.72,TMUS
2013-11-07 06:00:00-05:00,0.06,-0.05,-190.22,TMUS
2013-08-08 10:00:00-04:00,0.18,-0.02,-111.23,TMUS
2026-10-21 16:00:00-04:00,0.45,,,TSLA
2026-07-22 16:00:00-04:00,0.54,0.33,-39.15,TSLA
2026-04-22 16:00:00-04:00,0.35,0.41,17.15,TSLA
2026-01-28 16:00:00-05:00,0.45,0.5,10.96,TSLA
2025-10-22 16:00:00-04:00,0.56,0.5,-10.53,TSLA
2025-07-23 16:00:00-04:00,0.4,0.4,-1.11,TSLA
2025-04-22 16:00:00-04:00,0.41,0.27,-34.89,TSLA
2025-01-29 16:00:00-05:00,0.77,0.73,-5.11,TSLA
2024-10-23 16:00:00-04:00,0.6,0.72,20.49,TSLA
2024-07-23 20:00:00-04:00,0.62,0.52,-16.15,TSLA
2024-04-23 16:00:00-04:00,0.49,0.45,-8.14,TSLA
2024-01-24 16:00:00-05:00,0.74,0.71,-3.5,TSLA
2023-10-18 16:00:00-04:00,0.73,0.66,-9.81,TSLA
2023-07-19 16:00:00-04:00,0.82,0.91,11.12,TSLA
2023-04-19 16:00:00-04:00,0.85,0.85,-0.43,TSLA
2023-01-25 16:00:00-05:00,1.11,1.19,7.2,TSLA
2022-10-19 17:00:00-04:00,1.0,1.05,5.23,TSLA
2022-07-20 17:00:00-04:00,0.6,0.76,26.89,TSLA
2022-04-20 16:00:00-04:00,0.75,1.07,42.31,TSLA
2022-01-26 16:00:00-05:00,0.79,0.85,6.88,TSLA
2021-10-20 15:00:00-04:00,0.54,0.62,15.22,TSLA
2021-07-26 16:00:00-04:00,0.32,0.48,49.86,TSLA
2021-04-26 16:00:00-04:00,0.26,0.31,19.42,TSLA
2021-01-27 16:00:00-05:00,0.35,0.27,-23.91,TSLA
2020-10-21 18:00:00-04:00,0.2,0.25,25.78,TSLA
2020-07-22 16:00:00-04:00,-0.01,0.15,1460.77,TSLA
2020-04-29 12:00:00-04:00,-0.01,0.08,650.29,TSLA
2020-01-29 16:00:00-05:00,0.12,0.14,17.76,TSLA
2019-10-23 16:00:00-04:00,-0.02,0.12,903.11,TSLA
2019-07-24 16:00:00-04:00,-0.03,-0.07,-182.31,TSLA
2019-04-24 17:00:00-04:00,-0.06,-0.19,-209.63,TSLA
2019-01-30 16:00:00-05:00,0.14,0.13,-6.46,TSLA
2018-10-24 16:00:00-04:00,,0.19,12033.95,TSLA
2018-08-01 16:00:00-04:00,-0.19,-0.2,-8.53,TSLA
2018-05-02 16:00:00-04:00,-0.24,-0.22,4.98,TSLA
2018-02-07 16:00:00-05:00,-0.21,-0.2,3.44,TSLA
2017-11-01 16:00:00-04:00,-0.15,-0.19,-27.52,TSLA
2017-08-02 16:00:00-04:00,-0.13,-0.09,30.67,TSLA
2017-05-03 16:00:00-04:00,-0.05,-0.09,-65.92,TSLA
2017-02-22 16:00:00-05:00,-0.03,-0.05,-40.63,TSLA
2016-10-26 16:00:00-04:00,,0.05,3034.44,TSLA
2016-08-03 16:00:00-04:00,-0.04,-0.07,-70.21,TSLA
2016-05-04 16:00:00-04:00,-0.04,-0.04,15.2,TSLA
2016-02-10 16:00:00-05:00,0.01,-0.06,-670.3,TSLA
2015-11-03 16:00:00-05:00,-0.04,-0.04,1.95,TSLA
2015-08-05 16:00:00-04:00,-0.04,-0.03,22.22,TSLA
2015-05-06 16:00:00-04:00,-0.03,-0.02,26.7,TSLA
2015-02-11 17:00:00-05:00,0.02,-0.01,-141.13,TSLA
2014-11-05 16:00:00-05:00,,,575.0,TSLA
2014-07-31 16:00:00-04:00,,0.01,192.03,TSLA
2014-05-09 16:00:00-04:00,,0.01,90.93,TSLA
2014-02-19 16:00:00-05:00,0.01,0.02,54.93,TSLA
2013-11-05 16:00:00-05:00,0.01,0.01,23.46,TSLA
2013-08-07 16:00:00-04:00,-0.01,0.01,221.07,TSLA
2013-05-08 17:00:00-04:00,,0.01,272.09,TSLA
2013-02-20 16:00:00-05:00,-0.03,-0.04,-24.51,TSLA
2012-11-05 06:00:00-05:00,-0.06,-0.06,-1.57,TSLA
2012-07-25 16:00:00-04:00,-0.06,-0.06,3.67,TSLA
2012-05-09 16:00:00-04:00,-0.05,-0.05,-9.65,TSLA
2012-02-15 16:00:00-05:00,-0.04,-0.05,-10.39,TSLA
2011-11-02 17:00:00-04:00,-0.04,-0.04,4.7,TSLA
2011-08-03 16:00:00-04:00,-0.03,-0.04,-17.51,TSLA
2011-05-04 16:00:00-04:00,-0.03,-0.03,13.66,TSLA
2011-02-15 16:00:00-05:00,-0.03,-0.04,-10.49,TSLA
2010-11-09 16:00:00-05:00,-0.03,-0.03,19.38,TSLA
2026-10-15 08:00:00-04:00,4.48,,,TSM
2026-07-16 02:00:00-04:00,3.89,4.31,10.89,TSM
2026-04-15 20:00:00-04:00,3.33,3.49,4.68,TSM
2026-01-15 01:00:00-05:00,2.98,3.14,5.53,TSM
2025-10-15 20:00:00-04:00,2.63,2.92,11.23,TSM
2025-07-17 02:00:00-04:00,2.31,2.47,6.79,TSM
2025-04-17 01:00:00-04:00,2.05,2.12,3.21,TSM
2025-01-16 00:00:00-05:00,2.22,2.24,0.68,TSM
2024-10-17 01:00:00-04:00,1.79,1.94,8.44,TSM
2024-07-18 01:00:00-04:00,1.42,1.48,3.97,TSM
2024-04-18 01:00:00-04:00,1.32,1.38,4.52,TSM
2024-01-18 06:00:00-05:00,1.37,1.44,5.07,TSM
2023-10-18 20:00:00-04:00,1.17,1.29,10.35,TSM
2023-07-20 01:00:00-04:00,1.08,1.14,5.52,TSM
2023-04-20 01:00:00-04:00,1.19,1.31,10.22,TSM
2023-01-12 01:00:00-05:00,1.76,1.82,3.42,TSM
2022-10-13 07:00:00-04:00,1.68,1.79,6.35,TSM
2022-07-13 22:00:00-04:00,1.5,1.55,3.05,TSM
2022-04-14 02:00:00-04:00,1.31,1.4,6.87,TSM
2022-01-13 07:00:00-05:00,1.12,1.15,2.7,TSM
2021-10-14 02:00:00-04:00,1.04,1.07,3.41,TSM
2021-07-15 06:00:00-04:00,0.92,0.93,0.88,TSM
2021-04-15 06:00:00-04:00,0.93,0.96,2.79,TSM
2021-01-14 07:00:00-05:00,0.94,0.97,2.67,TSM
2020-10-14 23:00:00-04:00,0.82,0.9,9.92,TSM
2020-07-16 06:00:00-04:00,0.71,0.78,10.05,TSM
2020-04-16 07:00:00-04:00,0.69,0.75,8.96,TSM
2020-01-16 06:00:00-05:00,0.71,0.75,4.57,TSM
2019-10-17 07:00:00-04:00,0.6,0.62,2.56,TSM
2019-07-17 20:00:00-04:00,0.41,0.41,0.54,TSM
2019-04-18 01:00:00-04:00,0.37,0.38,1.35,TSM
2019-01-17 00:00:00-05:00,0.62,0.63,1.97,TSM
2018-10-18 01:00:00-04:00,0.55,0.56,1.44,TSM
2018-07-19 01:00:00-04:00,0.46,0.47,1.3,TSM
2018-04-19 01:00:00-04:00,0.6,0.59,-2.15,TSM
2018-01-18 00:00:00-05:00,0.63,0.64,2.27,TSM
2017-10-19 01:00:00-04:00,0.56,0.57,1.49,TSM
2017-07-13 01:00:00-04:00,0.43,0.42,-1.12,TSM
2017-04-13 01:00:00-04:00,0.53,0.56,4.72,TSM
2017-01-12 01:00:00-05:00,0.59,0.61,4.27,TSM
2016-10-13 01:00:00-04:00,0.58,0.59,2.6,TSM
2016-07-14 01:00:00-04:00,0.41,0.43,5.65,TSM
2016-04-13 23:00:00-04:00,0.37,0.38,2.18,TSM
2016-01-14 00:00:00-05:00,0.4,0.43,7.8,TSM
2015-10-15 02:00:00-04:00,0.45,0.46,3.37,TSM
2015-07-16 01:00:00-04:00,0.44,0.5,13.7,TSM
2015-04-16 01:00:00-04:00,0.47,0.48,1.57,TSM
2013-04-18 01:00:00-04:00,0.25,0.26,2.63,TSM
2013-01-17 01:00:00-05:00,0.28,0.28,-0.3,TSM
2012-10-25 02:00:00-04:00,0.31,0.32,2.55,TSM
2012-07-19 02:00:00-04:00,0.27,0.27,-0.28,TSM
2012-04-26 01:00:00-04:00,0.19,0.22,17.86,TSM
2012-01-18 06:00:00-05:00,0.2,0.2,1.33,TSM
2011-10-27 02:00:00-04:00,0.19,0.2,4.07,TSM
2011-07-28 01:00:00-04:00,0.24,0.24,0.44,TSM
2011-04-28 02:00:00-04:00,0.24,0.24,-0.28,TSM
2011-01-27 20:00:00-05:00,0.24,0.27,10.98,TSM
2010-10-28 06:00:00-04:00,0.24,0.28,17.89,TSM
2010-07-30 02:00:00-04:00,0.21,0.24,14.29,TSM
2010-04-27 04:00:00-04:00,0.19,0.2,5.26,TSM
2010-01-28 02:00:00-05:00,0.18,0.19,3.94,TSM
2009-10-29 03:00:00-04:00,0.18,0.18,-2.05,TSM
2009-07-30 03:00:00-04:00,0.13,0.14,9.2,TSM
2009-04-30 03:00:00-04:00,,0.01,16766.67,TSM
2009-01-22 02:00:00-05:00,0.06,0.07,21.76,TSM
2008-10-30 03:00:00-04:00,0.17,0.19,9.12,TSM
2008-07-31 03:00:00-04:00,0.18,0.18,0.92,TSM
2008-04-29 03:00:00-04:00,0.16,0.17,3.63,TSM
2008-01-31 02:00:00-05:00,0.2,0.2,0.88,TSM
2007-10-25 03:00:00-04:00,0.18,0.17,-5.13,TSM
2007-07-26 03:00:00-04:00,0.14,0.15,6.73,TSM
2007-04-26 03:00:00-04:00,0.11,0.11,-1.41,TSM
2007-01-25 02:00:00-05:00,0.15,0.16,2.37,TSM
2006-10-26 01:00:00-04:00,0.19,0.19,0.31,TSM
2006-07-27 01:00:00-04:00,0.19,0.2,2.26,TSM
2006-04-27 03:00:00-04:00,0.17,0.19,10.89,TSM
2006-01-26 02:00:00-05:00,0.19,0.2,8.34,TSM
2005-10-27 01:00:00-04:00,0.13,0.14,6.7,TSM
2005-07-26 01:00:00-04:00,0.11,0.12,7.45,TSM
2005-04-26 03:00:00-04:00,0.1,0.09,-14.72,TSM
2005-01-27 02:00:00-05:00,0.12,0.14,10.06,TSM
2004-10-26 03:00:00-04:00,0.14,0.16,14.93,TSM
2004-07-29 03:00:00-04:00,0.13,0.14,8.99,TSM
2004-04-28 05:00:00-04:00,0.1,0.11,14.29,TSM
2004-01-29 02:00:00-05:00,0.1,0.09,-1.58,TSM
2003-10-28 00:00:00-05:00,0.07,0.09,22.22,TSM
2003-07-24 01:00:00-04:00,0.06,0.06,14.28,TSM
2003-04-29 03:00:00-04:00,0.01,0.02,64.98,TSM
2003-01-28 02:00:00-05:00,0.03,0.01,-52.45,TSM
2002-10-22 03:00:00-04:00,0.04,0.02,-60.01,TSM
2002-07-25 04:00:00-04:00,0.06,0.06,-6.92,TSM
2002-05-09 02:00:00-04:00,0.06,0.04,-38.82,TSM
2002-05-09 02:00:00-04:00,0.09,0.05,-44.95,TSM
2002-01-25 02:00:00-05:00,0.02,0.03,24.01,TSM
2001-10-26 03:00:00-04:00,0.01,0.01,-47.92,TSM
2001-07-26 05:00:00-04:00,-0.01,0.01,153.13,TSM
2001-02-06 02:00:00-05:00,0.2,0.7,249.13,TSM
2000-10-19 03:00:00-04:00,0.17,0.67,296.05,TSM
2000-07-31 02:00:00-04:00,0.12,0.53,345.0,TSM
2000-04-25 04:00:00-04:00,0.06,0.38,509.6,TSM
2026-11-05 15:00:00-05:00,0.25,,,TTD
2026-08-06 17:00:00-04:00,0.4,0.34,-14.62,TTD
2026-05-07 16:00:00-04:00,0.32,0.28,-12.39,TTD
2026-02-25 16:00:00-05:00,0.58,0.59,1.67,TTD
2025-11-06 16:00:00-05:00,0.44,0.45,1.85,TTD
2025-08-07 16:00:00-04:00,0.41,0.41,-0.92,TTD
2025-05-08 16:00:00-04:00,0.25,0.33,33.23,TTD
2025-02-12 16:00:00-05:00,0.57,0.59,3.61,TTD
2024-11-07 16:00:00-05:00,0.39,0.41,4.27,TTD
2024-08-08 16:00:00-04:00,0.36,0.39,9.54,TTD
2024-05-08 22:00:00-04:00,0.22,0.26,20.74,TTD
2024-02-15 16:00:00-05:00,0.43,0.41,-4.58,TTD
2023-11-09 16:00:00-05:00,0.29,0.33,13.63,TTD
2023-08-09 16:00:00-04:00,0.26,0.28,8.51,TTD
2023-05-10 16:00:00-04:00,0.12,0.23,87.86,TTD
2023-02-15 06:00:00-05:00,0.36,0.38,5.95,TTD
2022-11-09 06:00:00-05:00,0.23,0.26,15.22,TTD
2022-08-09 16:00:00-04:00,0.2,0.2,0.39,TTD
2022-05-10 17:00:00-04:00,0.14,0.21,47.07,TTD
2022-02-16 07:00:00-05:00,0.28,0.42,51.18,TTD
2021-11-08 07:00:00-05:00,0.15,0.18,19.98,TTD
2021-08-09 08:00:00-04:00,0.13,0.18,42.76,TTD
2021-05-10 08:00:00-04:00,0.08,0.14,75.11,TTD
2021-02-18 16:00:00-05:00,0.19,0.37,97.51,TTD
2020-11-05 16:00:00-05:00,0.05,0.13,181.22,TTD
2020-08-06 16:00:00-04:00,0.03,0.09,237.99,TTD
2020-05-07 16:00:00-04:00,0.04,0.09,120.0,TTD
2020-02-27 16:00:00-05:00,0.12,0.15,28.61,TTD
2019-11-07 16:00:00-05:00,0.07,0.08,13.11,TTD
2019-08-08 16:00:00-04:00,0.07,0.1,39.01,TTD
2019-05-09 07:00:00-04:00,0.02,0.05,100.66,TTD
2019-02-21 16:00:00-05:00,0.08,0.11,37.63,TTD
2018-11-08 16:00:00-05:00,0.05,0.07,30.08,TTD
2018-08-09 16:00:00-04:00,0.04,0.06,36.49,TTD
2018-05-10 16:00:00-04:00,0.01,0.03,233.33,TTD
2018-02-22 16:00:00-05:00,0.04,0.05,23.82,TTD
2017-11-09 16:00:00-05:00,0.03,0.04,37.04,TTD
2017-08-10 16:00:00-04:00,0.02,0.05,181.69,TTD
2017-05-11 16:00:00-04:00,,0.02,1167.61,TTD
2017-02-16 16:00:00-05:00,0.02,0.03,46.02,TTD
2016-11-10 16:00:00-05:00,0.02,0.02,13.64,TTD
2026-10-29 16:00:00-04:00,1.47,,,TWLO
2026-08-06 16:00:00-04:00,1.32,1.47,11.06,TWLO
2026-04-30 16:00:00-04:00,1.27,1.5,18.02,TWLO
2026-02-12 16:00:00-05:00,1.23,1.33,8.15,TWLO
2025-10-30 16:00:00-04:00,1.07,1.25,16.99,TWLO
2025-08-07 16:00:00-04:00,1.05,1.19,13.26,TWLO
2025-05-01 16:00:00-04:00,0.96,1.14,18.48,TWLO
2025-02-13 16:00:00-05:00,1.03,1.0,-3.21,TWLO
2024-10-30 16:00:00-04:00,0.86,1.02,19.14,TWLO
2024-08-01 16:00:00-04:00,0.7,0.87,24.16,TWLO
2024-05-07 16:00:00-04:00,0.59,0.8,34.57,TWLO
2024-02-14 16:00:00-05:00,0.58,0.86,49.48,TWLO
2023-11-08 16:00:00-05:00,0.36,0.58,61.33,TWLO
2023-08-08 16:00:00-04:00,0.3,0.54,80.45,TWLO
2023-05-09 16:00:00-04:00,0.21,0.47,123.24,TWLO
2023-02-15 16:00:00-05:00,-0.08,0.22,364.11,TWLO
2022-11-03 16:00:00-04:00,-0.35,-0.27,22.54,TWLO
2022-08-04 16:00:00-04:00,-0.2,-0.11,44.73,TWLO
2022-05-04 16:00:00-04:00,-0.21,,101.09,TWLO
2022-02-09 16:00:00-05:00,-0.22,-0.2,7.48,TWLO
2021-10-27 16:00:00-04:00,-0.14,0.01,107.0,TWLO
2021-07-29 16:00:00-04:00,-0.13,-0.11,17.78,TWLO
2021-05-05 16:00:00-04:00,-0.1,0.05,148.42,TWLO
2021-02-17 16:00:00-05:00,-0.07,0.04,160.59,TWLO
2020-10-26 16:00:00-04:00,-0.04,0.04,200.68,TWLO
2020-08-04 16:00:00-04:00,-0.08,0.09,208.39,TWLO
2020-05-06 16:00:00-04:00,-0.11,0.06,153.57,TWLO
2020-02-05 16:00:00-05:00,0.01,0.04,177.78,TWLO
2019-10-30 16:00:00-04:00,0.01,0.03,127.62,TWLO
2019-07-31 16:00:00-04:00,0.02,0.03,33.69,TWLO
2019-04-30 16:00:00-04:00,0.01,0.05,463.06,TWLO
2019-02-12 16:00:00-05:00,0.04,0.04,0.43,TWLO
2018-11-06 16:00:00-05:00,0.02,0.07,206.08,TWLO
2018-08-06 16:00:00-04:00,-0.05,0.03,154.55,TWLO
2018-05-08 16:00:00-04:00,-0.07,-0.04,40.91,TWLO
2018-02-13 16:00:00-05:00,-0.06,-0.03,46.77,TWLO
2017-11-08 16:00:00-05:00,-0.08,-0.08,-3.23,TWLO
2017-08-07 16:00:00-04:00,-0.11,-0.05,53.78,TWLO
2017-05-02 16:00:00-04:00,-0.06,-0.04,37.93,TWLO
2017-02-07 16:00:00-05:00,-0.05,,100.0,TWLO
2016-11-03 16:00:00-04:00,-0.08,-0.04,47.54,TWLO
2016-08-08 16:00:00-04:00,-0.15,-0.08,46.07,TWLO
2026-10-21 16:00:00-04:00,2.42,,,TXN
2026-07-22 16:00:00-04:00,1.94,2.14,10.48,TXN
2026-04-22 16:00:00-04:00,1.37,1.68,22.76,TXN
2026-01-27 16:00:00-05:00,1.31,1.27,-2.89,TXN
2025-10-21 16:00:00-04:00,1.49,1.48,-0.4,TXN
2025-07-22 16:00:00-04:00,1.33,1.41,5.81,TXN
2025-04-23 16:00:00-04:00,1.1,1.28,16.76,TXN
2025-01-23 16:00:00-05:00,1.2,1.3,8.29,TXN
2024-10-22 16:00:00-04:00,1.37,1.47,7.12,TXN
2024-07-23 16:00:00-04:00,1.19,1.17,-1.48,TXN
2024-04-23 16:00:00-04:00,1.07,1.2,12.41,TXN
2024-01-23 16:00:00-05:00,1.49,1.46,-2.1,TXN
2023-10-24 16:00:00-04:00,1.84,1.85,0.33,TXN
2023-07-25 16:00:00-04:00,1.77,1.87,5.84,TXN
2023-04-25 16:00:00-04:00,1.8,1.85,2.51,TXN
2023-01-24 16:00:00-05:00,2.03,2.19,7.92,TXN
2022-10-25 16:00:00-04:00,2.42,2.56,5.58,TXN
2022-07-26 16:00:00-04:00,2.15,2.52,17.26,TXN
2022-04-26 16:00:00-04:00,2.17,2.35,8.08,TXN
2022-01-25 16:00:00-05:00,1.96,2.33,18.97,TXN
2021-10-26 16:00:00-04:00,2.09,2.12,1.61,TXN
2021-07-21 16:00:00-04:00,1.85,2.1,13.62,TXN
2021-04-27 16:00:00-04:00,1.61,1.92,19.45,TXN
2021-01-26 16:00:00-05:00,1.34,1.86,38.01,TXN
2020-10-20 16:00:00-04:00,1.29,1.5,16.41,TXN
2020-07-21 16:00:00-04:00,0.92,1.57,71.15,TXN
2020-04-21 17:00:00-04:00,1.02,1.3,27.62,TXN
2020-01-22 16:00:00-05:00,1.04,1.17,12.84,TXN
2019-10-22 16:00:00-04:00,1.42,1.49,5.22,TXN
2019-07-23 16:00:00-04:00,1.22,1.36,11.63,TXN
2019-04-23 16:00:00-04:00,1.17,1.29,10.5,TXN
2019-01-23 16:00:00-05:00,1.27,1.33,4.42,TXN
2018-10-23 16:00:00-04:00,1.58,1.65,4.91,TXN
2018-07-24 16:00:00-04:00,1.35,1.45,7.28,TXN
2018-04-24 16:00:00-04:00,1.15,1.29,11.81,TXN
2018-01-23 16:00:00-05:00,1.12,1.11,-1.13,TXN
2017-10-24 16:00:00-04:00,1.17,1.31,12.48,TXN
2017-07-25 16:00:00-04:00,0.99,1.1,10.34,TXN
2017-04-25 16:00:00-04:00,0.83,0.97,16.89,TXN
2017-01-24 16:00:00-05:00,0.86,0.93,8.4,TXN
2016-10-26 16:00:00-04:00,0.86,0.94,8.88,TXN
2016-07-25 16:00:00-04:00,0.72,0.76,4.93,TXN
2016-04-27 16:00:00-04:00,0.66,0.71,7.73,TXN
2016-01-27 16:00:00-05:00,0.75,0.82,9.99,TXN
2015-10-21 16:00:00-04:00,0.67,0.76,12.89,TXN
2015-07-22 16:00:00-04:00,0.66,0.65,-0.83,TXN
2015-04-22 16:00:00-04:00,0.67,0.67,-0.15,TXN
2015-01-26 16:00:00-05:00,0.69,0.76,9.76,TXN
2014-10-20 16:00:00-04:00,0.75,0.82,9.16,TXN
2014-07-21 16:00:00-04:00,0.59,0.62,5.26,TXN
2014-04-23 16:00:00-04:00,0.47,0.47,-1.38,TXN
2014-01-21 16:00:00-05:00,0.46,0.46,-0.22,TXN
2013-10-21 16:00:00-04:00,0.57,0.64,11.99,TXN
2013-07-22 16:00:00-04:00,0.41,0.58,40.67,TXN
2013-04-22 16:00:00-04:00,0.32,0.41,30.03,TXN
2013-01-22 16:00:00-05:00,0.34,0.36,6.76,TXN
2012-10-22 16:00:00-04:00,0.46,0.52,12.94,TXN
2012-07-23 16:00:00-04:00,0.4,0.44,9.13,TXN
2012-04-23 16:00:00-04:00,0.29,0.32,11.88,TXN
2012-01-23 16:00:00-05:00,0.39,0.53,36.87,TXN
2011-10-24 16:00:00-04:00,0.58,0.61,5.45,TXN
2011-07-25 16:00:00-04:00,0.53,0.56,5.16,TXN
2011-04-18 16:00:00-04:00,0.58,0.55,-5.14,TXN
2011-01-24 16:00:00-05:00,0.63,0.64,0.47,TXN
2010-10-25 16:00:00-04:00,0.69,0.72,4.25,TXN
2010-07-19 16:00:00-04:00,0.62,0.64,2.41,TXN
2010-04-26 15:00:00-04:00,0.51,0.53,4.52,TXN
2010-01-25 16:00:00-05:00,0.49,0.52,5.5,TXN
2009-10-19 16:00:00-04:00,0.4,0.43,6.83,TXN
2009-07-20 16:00:00-04:00,0.22,0.25,11.36,TXN
2009-04-20 16:00:00-04:00,0.01,0.07,389.85,TXN
2009-01-26 16:00:00-05:00,0.14,0.21,53.21,TXN
2008-10-20 16:00:00-04:00,0.44,0.43,-2.63,TXN
2008-07-21 16:00:00-04:00,0.46,0.44,-4.35,TXN
2008-04-21 16:00:00-04:00,0.43,0.43,-0.86,TXN
2008-01-22 16:00:00-05:00,0.52,0.53,2.58,TXN
2007-10-22 16:00:00-04:00,0.5,0.52,4.13,TXN
2007-07-23 16:00:00-04:00,0.42,0.42,-0.83,TXN
2007-04-23 16:00:00-04:00,0.31,0.35,11.95,TXN
2007-01-22 16:00:00-05:00,0.38,0.39,1.54,TXN
2006-10-23 16:00:00-04:00,0.45,0.45,-0.44,TXN
2006-07-24 16:00:00-04:00,0.47,0.47,0.43,TXN
2006-04-18 16:00:00-04:00,0.33,0.33,-0.86,TXN
2006-01-23 16:00:00-05:00,0.42,0.43,1.9,TXN
2005-10-24 16:00:00-04:00,0.39,0.41,5.13,TXN
2005-07-25 16:00:00-04:00,0.29,0.32,11.11,TXN
2005-04-18 16:00:00-04:00,0.23,0.24,4.8,TXN
2005-01-25 16:00:00-05:00,0.26,0.26,-0.14,TXN
2004-10-18 16:00:00-04:00,0.28,0.32,16.36,TXN
2004-07-20 16:00:00-04:00,0.25,0.25,-1.12,TXN
2004-04-14 16:00:00-04:00,0.21,0.21,2.21,TXN
2004-01-26 16:00:00-05:00,0.19,0.2,4.71,TXN
2003-10-20 16:00:00-04:00,0.1,0.12,18.97,TXN
2003-07-21 16:00:00-04:00,0.06,0.07,10.79,TXN
2003-04-15 16:00:00-04:00,0.06,0.07,17.61,TXN
2003-01-22 16:00:00-05:00,0.03,0.06,100.0,TXN
2002-10-21 16:00:00-04:00,0.1,0.09,-10.4,TXN
2002-07-22 16:00:00-04:00,0.06,0.06,-1.36,TXN
2002-04-15 16:00:00-04:00,,0.01,357.07,TXN
2002-01-28 16:00:00-05:00,-0.09,-0.06,30.77,TXN
2026-10-20 16:00:00-04:00,2.72,,,UAL
2026-07-15 16:00:00-04:00,1.85,1.99,7.58,UAL
2026-04-21 16:00:00-04:00,1.08,1.19,9.98,UAL
2026-01-20 16:00:00-05:00,2.94,3.1,5.41,UAL
2025-10-15 16:00:00-04:00,2.68,2.78,3.8,UAL
2025-07-16 16:00:00-04:00,3.81,3.87,1.47,UAL
2025-04-15 16:00:00-04:00,0.74,0.91,23.79,UAL
2025-01-21 16:00:00-05:00,3.03,3.26,7.56,UAL
2024-10-15 16:00:00-04:00,3.17,3.33,5.05,UAL
2024-07-17 16:00:00-04:00,3.93,4.14,5.44,UAL
2024-04-16 16:00:00-04:00,-0.57,-0.15,73.71,UAL
2024-01-22 16:00:00-05:00,1.7,2.0,17.41,UAL
2023-10-17 16:00:00-04:00,3.41,3.65,7.06,UAL
2023-07-19 16:00:00-04:00,4.06,5.03,23.84,UAL
2023-04-18 16:00:00-04:00,-0.73,-0.63,14.17,UAL
2023-01-17 16:00:00-05:00,2.14,2.46,14.8,UAL
2022-10-18 16:00:00-04:00,2.28,2.81,23.1,UAL
2022-07-20 16:00:00-04:00,1.9,1.43,-24.84,UAL
2022-04-20 16:00:00-04:00,-4.22,-4.24,-0.5,UAL
2022-01-19 16:00:00-05:00,-2.1,-1.6,23.82,UAL
2021-10-19 16:00:00-04:00,-1.68,-1.02,39.15,UAL
2021-07-20 16:00:00-04:00,-3.86,-3.91,-1.19,UAL
2021-04-19 16:00:00-04:00,-7.12,-7.5,-5.34,UAL
2021-01-20 17:00:00-05:00,-6.46,-7.0,-8.33,UAL
2020-10-14 16:00:00-04:00,-7.55,-8.16,-8.01,UAL
2020-07-21 16:00:00-04:00,-9.25,-9.31,-0.67,UAL
2020-04-30 17:00:00-04:00,-3.04,-2.57,15.46,UAL
2020-01-21 16:00:00-05:00,2.64,2.67,1.02,UAL
2019-10-15 16:00:00-04:00,3.96,4.07,2.79,UAL
2019-07-16 16:00:00-04:00,4.12,4.21,2.16,UAL
2019-04-16 16:00:00-04:00,0.96,1.15,20.07,UAL
2019-01-15 16:00:00-05:00,2.06,2.41,17.25,UAL
2018-10-16 16:00:00-04:00,3.07,3.06,-0.26,UAL
2018-07-17 16:00:00-04:00,3.07,3.23,5.09,UAL
2018-04-17 16:00:00-04:00,0.47,0.5,5.27,UAL
2018-01-23 16:00:00-05:00,1.34,1.4,4.6,UAL
2017-10-18 16:00:00-04:00,2.16,2.22,2.89,UAL
2017-07-18 16:00:00-04:00,2.66,2.75,3.44,UAL
2017-04-17 16:00:00-04:00,0.38,0.41,8.85,UAL
2017-01-17 16:00:00-05:00,1.73,1.78,2.84,UAL
2016-10-17 16:00:00-04:00,3.06,3.11,1.65,UAL
2016-07-19 16:00:00-04:00,2.56,2.61,1.89,UAL
2016-04-20 16:00:00-04:00,1.18,1.23,4.25,UAL
2016-01-21 07:00:00-05:00,2.58,2.54,-1.43,UAL
2015-10-22 07:00:00-04:00,4.56,4.53,-0.66,UAL
2015-07-23 07:00:00-04:00,3.31,3.31,0.08,UAL
2015-04-23 07:00:00-04:00,1.44,1.52,5.66,UAL
2015-01-22 07:00:00-05:00,1.21,1.2,-0.8,UAL
2014-10-23 07:00:00-04:00,2.68,2.75,2.46,UAL
2014-07-24 07:00:00-04:00,2.19,2.34,6.99,UAL
2014-04-24 07:00:00-04:00,-1.37,-1.33,2.8,UAL
2014-01-23 07:00:00-05:00,0.65,0.78,20.16,UAL
2013-10-24 07:00:00-04:00,1.54,1.51,-1.69,UAL
2013-07-25 07:00:00-04:00,1.42,1.35,-4.63,UAL
2013-04-25 07:00:00-04:00,-1.06,-0.98,7.61,UAL
2013-01-24 07:00:00-05:00,-0.58,-0.58,0.7,UAL
2012-10-25 07:00:00-04:00,1.5,1.35,-9.83,UAL
2012-07-26 07:00:00-04:00,1.69,1.41,-16.77,UAL
2012-04-26 07:00:00-04:00,-1.05,-0.87,17.32,UAL
2012-01-26 07:00:00-05:00,0.2,0.3,53.48,UAL
2011-10-27 07:00:00-04:00,2.07,2.0,-3.61,UAL
2011-07-21 07:00:00-04:00,1.41,1.49,5.74,UAL
2011-04-21 07:00:00-04:00,-0.46,-0.41,10.1,UAL
2011-01-26 06:00:00-05:00,0.26,0.44,67.6,UAL
2010-10-21 07:00:00-04:00,2.16,2.12,-2.08,UAL
2010-07-20 08:00:00-04:00,1.64,1.95,18.88,UAL
2010-04-27 07:00:00-04:00,-0.62,-0.55,11.36,UAL
2010-01-27 08:00:00-05:00,-1.47,-1.05,28.43,UAL
2009-10-20 08:00:00-04:00,-0.94,-0.43,54.21,UAL
2009-07-21 08:00:00-04:00,-2.56,-2.23,12.93,UAL
2009-04-21 09:00:00-04:00,-4.45,-4.0,10.09,UAL
2009-01-21 08:00:00-05:00,-4.42,-4.22,4.54,UAL
2008-10-21 08:00:00-04:00,-2.48,-1.99,19.63,UAL
2008-07-22 08:00:00-04:00,-2.06,-1.19,42.17,UAL
2008-04-22 08:00:00-04:00,-3.41,-4.45,-30.63,UAL
2008-01-22 08:00:00-05:00,-0.83,-0.47,43.54,UAL
2007-10-22 19:00:00-04:00,1.88,1.96,4.48,UAL
2007-07-24 08:00:00-04:00,1.39,1.83,32.0,UAL
2007-04-25 07:00:00-04:00,-0.53,-1.23,-131.4,UAL
2007-01-23 08:00:00-05:00,-0.42,-0.56,-34.13,UAL
2006-10-31 08:00:00-05:00,1.43,1.3,-9.21,UAL
2006-07-31 08:00:00-04:00,0.74,1.09,47.7,UAL
2006-05-08 07:00:00-04:00,-1.73,-2.65,-53.0,UAL
2026-11-04 07:00:00-05:00,0.91,,,UBER
2026-08-05 06:00:00-04:00,0.83,1.17,40.22,UBER
2026-05-06 06:00:00-04:00,0.71,0.13,-81.74,UBER
2026-02-04 06:00:00-05:00,0.78,0.14,-81.94,UBER
2025-11-04 06:00:00-05:00,0.69,3.11,353.17,UBER
2025-08-06 06:00:00-04:00,0.82,0.65,-19.72,UBER
2025-05-07 06:00:00-04:00,0.69,0.81,16.5,UBER
2025-02-05 06:00:00-05:00,0.48,3.21,573.42,UBER
2024-10-31 06:00:00-04:00,0.63,1.41,125.2,UBER
2024-08-06 06:00:00-04:00,0.52,0.74,41.51,UBER
2024-05-08 06:00:00-04:00,0.39,0.18,-54.55,UBER
2024-02-07 06:00:00-05:00,0.4,0.86,115.9,UBER
2023-11-07 06:00:00-05:00,0.31,0.34,9.66,UBER
2023-07-31 20:00:00-04:00,0.23,0.34,47.4,UBER
2023-05-02 06:00:00-04:00,0.15,0.33,111.86,UBER
2023-02-08 06:00:00-05:00,-0.16,0.29,286.66,UBER
2022-11-01 06:00:00-04:00,0.06,-0.21,-468.22,UBER
2022-08-02 07:00:00-04:00,-0.05,-0.03,42.31,UBER
2022-05-04 07:00:00-04:00,-0.14,-0.1,31.87,UBER
2022-02-09 16:00:00-05:00,-0.29,0.64,320.41,UBER
2021-11-04 16:00:00-04:00,-0.3,-1.28,-328.67,UBER
2021-08-04 16:00:00-04:00,-0.32,-0.17,47.75,UBER
2021-05-05 16:00:00-04:00,-0.35,0.45,231.01,UBER
2021-02-10 16:00:00-05:00,-0.42,-0.4,3.74,UBER
2020-11-05 16:00:00-05:00,-0.5,-0.43,12.63,UBER
2020-08-06 16:00:00-04:00,-0.88,-1.02,-16.56,UBER
2020-05-07 17:00:00-04:00,-0.9,-1.7,-88.5,UBER
2020-02-06 16:00:00-05:00,-0.52,-0.49,5.48,UBER
2019-11-04 16:00:00-05:00,-0.83,-0.68,18.36,UBER
2019-08-08 16:00:00-04:00,-0.92,-0.48,48.02,UBER
2019-05-30 16:00:00-04:00,-2.29,-2.19,4.31,UBER
2026-10-13 08:00:00-04:00,4.15,,,UNH
2026-07-16 06:00:00-04:00,4.92,6.38,29.8,UNH
2026-04-21 06:00:00-04:00,6.6,7.23,9.52,UNH
2026-01-27 05:00:00-05:00,2.11,2.11,0.19,UNH
2025-10-28 05:00:00-04:00,2.81,2.92,3.99,UNH
2025-07-29 05:00:00-04:00,4.45,4.08,-8.23,UNH
2025-04-17 05:00:00-04:00,7.29,7.2,-1.28,UNH
2025-01-16 06:00:00-05:00,6.74,6.81,1.08,UNH
2024-10-15 06:00:00-04:00,7.03,7.15,1.7,UNH
2024-07-16 06:00:00-04:00,6.63,6.8,2.49,UNH
2024-04-16 05:00:00-04:00,6.62,6.91,4.44,UNH
2024-01-12 05:00:00-05:00,5.99,6.16,2.89,UNH
2023-10-13 05:00:00-04:00,6.35,6.56,3.34,UNH
2023-07-14 05:00:00-04:00,5.98,6.14,2.68,UNH
2023-04-14 05:00:00-04:00,6.08,6.26,3.03,UNH
2023-01-13 05:00:00-05:00,5.17,5.34,3.22,UNH
2022-10-14 05:00:00-04:00,5.44,5.79,6.5,UNH
2022-07-15 05:00:00-04:00,5.21,5.57,6.94,UNH
2022-04-14 05:00:00-04:00,5.35,5.49,2.6,UNH
2022-01-19 05:00:00-05:00,4.31,4.48,3.96,UNH
2021-10-14 05:00:00-04:00,4.42,4.52,2.35,UNH
2021-07-15 05:00:00-04:00,4.46,4.7,5.37,UNH
2021-04-15 05:00:00-04:00,4.38,5.31,21.2,UNH
2021-01-20 05:00:00-05:00,2.41,2.52,4.53,UNH
2020-10-14 05:00:00-04:00,3.08,3.51,13.83,UNH
2020-07-15 05:00:00-04:00,5.24,7.12,36.0,UNH
2020-04-15 06:00:00-04:00,3.65,3.72,1.88,UNH
2020-01-15 05:00:00-05:00,3.78,3.9,3.24,UNH
2019-10-15 05:00:00-04:00,3.76,3.88,3.14,UNH
2019-07-18 05:00:00-04:00,3.46,3.6,3.97,UNH
2019-04-16 05:00:00-04:00,3.6,3.73,3.53,UNH
2019-01-15 05:00:00-05:00,3.22,3.28,1.97,UNH
2018-10-16 05:00:00-04:00,3.3,3.41,3.47,UNH
2018-07-17 05:00:00-04:00,3.04,3.14,3.29,UNH
2018-04-17 05:00:00-04:00,2.91,3.04,4.54,UNH
2018-01-16 05:00:00-05:00,2.52,2.59,2.96,UNH
2017-10-17 05:00:00-04:00,2.57,2.66,3.62,UNH
2017-07-18 05:00:00-04:00,2.38,2.46,3.42,UNH
2017-04-18 05:00:00-04:00,2.17,2.37,9.13,UNH
2017-01-17 05:00:00-05:00,2.07,2.11,1.83,UNH
2016-10-18 05:00:00-04:00,2.08,2.17,4.33,UNH
2016-07-19 05:00:00-04:00,1.89,1.96,3.75,UNH
2016-04-19 05:00:00-04:00,1.72,1.81,4.96,UNH
2016-01-19 05:00:00-05:00,1.37,1.4,1.94,UNH
2015-10-15 05:00:00-04:00,1.64,1.65,0.35,UNH
2015-07-16 06:00:00-04:00,1.58,1.64,3.5,UNH
2015-04-16 06:00:00-04:00,1.34,1.46,8.8,UNH
2015-01-21 06:00:00-05:00,1.5,1.55,3.41,UNH
2014-10-16 06:00:00-04:00,1.52,1.63,6.94,UNH
2014-07-17 06:00:00-04:00,1.25,1.42,14.03,UNH
2014-04-17 06:00:00-04:00,1.09,1.1,1.08,UNH
2014-01-16 06:00:00-05:00,1.4,1.41,0.53,UNH
2013-10-17 06:00:00-04:00,1.53,1.53,0.16,UNH
2013-07-18 06:00:00-04:00,1.25,1.4,11.68,UNH
2013-04-18 06:00:00-04:00,1.15,1.16,1.1,UNH
2013-01-17 06:00:00-05:00,1.19,1.2,0.88,UNH
2012-10-16 06:00:00-04:00,1.36,1.5,10.61,UNH
2012-07-19 06:00:00-04:00,1.19,1.27,6.73,UNH
2012-04-19 06:00:00-04:00,1.18,1.31,11.45,UNH
2012-01-19 06:00:00-05:00,1.04,1.17,13.01,UNH
2011-10-18 06:00:00-04:00,1.12,1.17,4.53,UNH
2011-07-19 06:00:00-04:00,1.01,1.16,14.33,UNH
2011-04-21 06:00:00-04:00,0.89,1.22,36.98,UNH
2011-01-20 06:00:00-05:00,0.84,1.05,25.48,UNH
2010-10-19 06:00:00-04:00,0.83,1.14,36.61,UNH
2010-07-20 06:00:00-04:00,0.75,0.99,32.78,UNH
2010-04-20 05:00:00-04:00,0.69,1.03,50.16,UNH
2010-01-21 06:00:00-05:00,0.73,0.81,10.79,UNH
2009-10-20 06:00:00-04:00,0.76,0.89,16.78,UNH
2009-07-21 06:00:00-04:00,0.7,0.73,4.32,UNH
2009-04-21 06:00:00-04:00,0.67,0.81,20.29,UNH
2009-01-22 06:00:00-05:00,0.78,0.78,-0.17,UNH
2008-10-16 06:00:00-04:00,0.73,0.73,0.09,UNH
2008-07-22 06:00:00-04:00,0.65,0.67,3.88,UNH
2008-04-22 06:00:00-04:00,0.8,0.78,-2.23,UNH
2008-01-22 06:00:00-05:00,0.92,0.92,-0.43,UNH
2007-10-18 06:00:00-04:00,0.92,0.95,3.2,UNH
2007-07-19 06:00:00-04:00,0.81,0.87,7.34,UNH
2007-04-19 06:00:00-04:00,0.71,0.74,3.99,UNH
2007-01-18 06:00:00-05:00,0.85,0.86,1.0,UNH
2006-10-19 06:00:00-04:00,0.76,0.8,5.0,UNH
2006-07-19 06:00:00-04:00,0.68,0.7,3.02,UNH
2006-04-18 06:00:00-04:00,0.65,0.68,4.88,UNH
2006-01-19 06:00:00-05:00,0.65,0.65,-0.69,UNH
2005-10-14 06:00:00-04:00,0.67,0.64,-4.12,UNH
2005-07-14 06:00:00-04:00,0.75,0.61,-18.55,UNH
2005-04-14 06:00:00-04:00,0.56,0.58,2.83,UNH
2005-01-20 06:00:00-05:00,0.54,0.55,0.93,UNH
2004-10-14 06:00:00-04:00,0.5,0.52,3.21,UNH
2004-07-15 06:00:00-04:00,0.46,0.47,1.53,UNH
2004-04-15 06:00:00-04:00,0.43,0.44,1.62,UNH
2004-01-22 06:00:00-05:00,0.39,0.42,5.44,UNH
2003-10-16 06:00:00-04:00,0.37,0.39,4.68,UNH
2003-07-17 06:00:00-04:00,0.33,0.36,7.58,UNH
2003-04-16 06:00:00-04:00,0.31,0.32,4.87,UNH
2003-01-23 06:00:00-05:00,0.29,0.3,3.81,UNH
2002-10-17 06:00:00-04:00,0.26,0.28,7.28,UNH
2002-07-18 06:00:00-04:00,0.24,0.25,6.75,UNH
2002-04-18 06:00:00-04:00,0.21,0.23,7.98,UNH
2002-01-24 06:00:00-05:00,0.18,0.19,3.83,UNH
2026-10-22 08:00:00-04:00,3.44,,,UNP
2026-07-23 07:00:00-04:00,3.24,3.41,5.17,UNP
2026-04-23 07:00:00-04:00,2.86,2.93,2.42,UNP
2026-01-27 07:00:00-05:00,2.87,2.86,-0.35,UNP
2025-10-23 07:00:00-04:00,3.0,3.08,2.8,UNP
2025-07-24 07:00:00-04:00,2.91,3.03,4.18,UNP
2025-04-24 07:00:00-04:00,2.73,2.7,-1.14,UNP
2025-01-23 07:00:00-05:00,2.79,2.98,6.78,UNP
2024-10-24 07:00:00-04:00,2.78,2.75,-1.11,UNP
2024-07-25 07:00:00-04:00,2.71,2.74,1.14,UNP
2024-04-25 07:00:00-04:00,2.52,2.69,6.67,UNP
2024-01-25 07:00:00-05:00,2.57,2.71,5.44,UNP
2023-10-19 07:00:00-04:00,2.43,2.51,3.16,UNP
2023-07-26 07:00:00-04:00,2.75,2.57,-6.67,UNP
2023-04-20 07:00:00-04:00,2.57,2.53,-1.53,UNP
2023-01-24 07:00:00-05:00,2.77,2.67,-3.72,UNP
2022-10-20 07:00:00-04:00,3.06,3.05,-0.29,UNP
2022-07-21 07:00:00-04:00,2.84,2.93,3.27,UNP
2022-04-21 07:00:00-04:00,2.57,2.57,0.16,UNP
2022-01-20 08:00:00-05:00,2.61,2.66,1.73,UNP
2021-10-21 08:00:00-04:00,2.5,2.57,2.88,UNP
2021-07-22 08:00:00-04:00,2.55,2.73,7.17,UNP
2021-04-22 08:00:00-04:00,2.05,2.0,-2.59,UNP
2021-01-21 08:00:00-05:00,2.24,2.36,5.14,UNP
2020-10-22 08:00:00-04:00,2.06,2.01,-2.43,UNP
2020-07-23 08:00:00-04:00,1.56,1.67,6.83,UNP
2020-04-23 09:00:00-04:00,1.9,2.15,13.08,UNP
2020-01-23 08:00:00-05:00,2.05,2.02,-1.67,UNP
2019-10-17 08:00:00-04:00,2.31,2.22,-3.86,UNP
2019-07-18 08:00:00-04:00,2.14,2.22,3.65,UNP
2019-04-18 08:00:00-04:00,1.87,1.93,2.96,UNP
2019-01-24 08:00:00-05:00,2.06,2.12,2.94,UNP
2018-10-25 08:00:00-04:00,2.09,2.15,2.84,UNP
2018-07-19 08:00:00-04:00,1.95,1.98,1.54,UNP
2018-04-26 08:00:00-04:00,1.66,1.68,1.27,UNP
2018-01-25 08:00:00-05:00,1.54,1.53,-0.88,UNP
2017-10-26 08:00:00-04:00,1.5,1.5,0.33,UNP
2017-07-20 08:00:00-04:00,1.39,1.45,4.14,UNP
2017-04-27 08:00:00-04:00,1.23,1.32,7.09,UNP
2017-01-19 08:00:00-05:00,1.33,1.39,4.6,UNP
2016-10-20 08:00:00-04:00,1.4,1.36,-3.14,UNP
2016-07-21 08:00:00-04:00,1.16,1.17,0.6,UNP
2016-04-21 08:00:00-04:00,1.1,1.16,5.82,UNP
2016-01-21 08:00:00-05:00,1.41,1.31,-7.4,UNP
2015-10-22 08:00:00-04:00,1.43,1.5,4.85,UNP
2015-07-23 08:00:00-04:00,1.35,1.38,2.43,UNP
2015-04-23 08:00:00-04:00,1.37,1.3,-5.32,UNP
2015-01-22 08:00:00-05:00,1.52,1.61,5.85,UNP
2014-10-23 08:00:00-04:00,1.52,1.53,0.94,UNP
2014-07-24 08:00:00-04:00,1.43,1.43,0.02,UNP
2014-04-17 08:00:00-04:00,1.19,1.19,0.37,UNP
2014-01-23 08:00:00-05:00,1.24,1.27,2.5,UNP
2013-10-17 08:00:00-04:00,1.23,1.24,0.41,UNP
2013-07-18 08:00:00-04:00,1.18,1.19,0.66,UNP
2013-04-18 08:00:00-04:00,0.98,1.01,3.6,UNP
2013-01-24 08:00:00-05:00,1.08,1.1,1.35,UNP
2012-10-18 08:00:00-04:00,1.1,1.1,-0.11,UNP
2012-07-19 08:00:00-04:00,0.98,1.05,6.97,UNP
2012-04-19 08:00:00-04:00,0.82,0.9,9.3,UNP
2012-01-19 08:00:00-05:00,0.91,1.0,9.7,UNP
2011-10-20 08:00:00-04:00,0.9,0.93,2.6,UNP
2011-07-21 08:00:00-04:00,0.79,0.8,1.01,UNP
2011-04-20 13:00:00-04:00,0.65,0.65,-1.22,UNP
2011-01-20 08:00:00-05:00,0.73,0.78,6.31,UNP
2010-10-21 08:00:00-04:00,0.74,0.78,4.9,UNP
2010-07-22 08:00:00-04:00,0.6,0.7,17.59,UNP
2010-04-22 07:00:00-04:00,0.47,0.53,13.9,UNP
2010-01-21 08:00:00-05:00,0.52,0.54,3.67,UNP
2009-10-22 08:00:00-04:00,0.5,0.51,1.8,UNP
2009-07-23 08:00:00-04:00,0.37,0.39,4.52,UNP
2009-04-23 08:00:00-04:00,0.33,0.36,10.32,UNP
2009-01-22 08:00:00-05:00,0.62,0.66,6.39,UNP
2008-10-23 08:00:00-04:00,0.65,0.69,5.85,UNP
2008-07-24 08:00:00-04:00,0.46,0.5,8.2,UNP
2008-04-24 08:00:00-04:00,0.41,0.41,0.62,UNP
2008-01-24 08:00:00-05:00,0.44,0.47,5.42,UNP
2007-10-18 08:00:00-04:00,0.44,0.5,12.87,UNP
2007-07-19 08:00:00-04:00,0.41,0.41,1.66,UNP
2007-04-19 08:00:00-04:00,0.32,0.35,9.93,UNP
2007-01-25 08:00:00-05:00,0.39,0.45,13.84,UNP
2006-10-19 08:00:00-04:00,0.37,0.39,4.87,UNP
2006-07-20 07:00:00-04:00,0.33,0.36,8.11,UNP
2006-04-20 07:00:00-04:00,0.26,0.29,9.22,UNP
2006-01-19 07:00:00-05:00,0.25,0.28,11.02,UNP
2005-10-27 07:00:00-04:00,0.23,0.24,3.3,UNP
2005-07-21 07:00:00-04:00,0.19,0.22,13.99,UNP
2005-04-21 07:00:00-04:00,0.12,0.12,3.0,UNP
2005-01-24 11:00:00-05:00,0.21,0.22,4.51,UNP
2004-10-21 07:00:00-04:00,0.19,0.19,2.27,UNP
2004-07-22 07:00:00-04:00,0.17,0.15,-9.57,UNP
2004-04-29 07:00:00-04:00,0.15,0.16,2.27,UNP
2004-01-21 07:00:00-05:00,0.3,0.32,8.13,UNP
2003-10-23 07:00:00-04:00,0.29,0.29,0.07,UNP
2003-07-24 08:00:00-04:00,0.26,0.28,10.35,UNP
2003-04-24 08:00:00-04:00,0.15,0.15,0.42,UNP
2003-01-22 12:00:00-05:00,0.27,0.28,1.85,UNP
2002-10-24 07:00:00-04:00,0.36,0.38,6.19,UNP
2002-07-18 07:00:00-04:00,0.27,0.29,7.68,UNP
2002-04-25 07:00:00-04:00,0.21,0.22,3.61,UNP
2002-01-24 08:00:00-05:00,0.24,0.27,10.88,UNP
2026-10-27 08:00:00-04:00,1.63,,,UPS
2026-07-28 06:00:00-04:00,1.66,1.76,5.75,UPS
2026-04-28 06:00:00-04:00,1.02,1.07,4.84,UPS
2026-01-27 06:00:00-05:00,2.2,2.38,8.14,UPS
2025-10-28 06:00:00-04:00,1.3,1.74,33.94,UPS
2025-07-29 06:00:00-04:00,1.57,1.55,-1.02,UPS
2025-04-29 06:00:00-04:00,1.38,1.49,7.91,UPS
2025-01-30 06:00:00-05:00,2.53,2.75,8.6,UPS
2024-10-24 06:00:00-04:00,1.62,1.76,8.45,UPS
2024-07-23 06:00:00-04:00,1.99,1.79,-10.1,UPS
2024-04-23 06:00:00-04:00,1.34,1.43,6.74,UPS
2024-01-30 06:00:00-05:00,2.46,2.47,0.41,UPS
2023-10-26 06:00:00-04:00,1.56,1.57,0.57,UPS
2023-08-08 06:00:00-04:00,2.5,2.54,1.8,UPS
2023-04-25 06:00:00-04:00,2.21,2.2,-0.4,UPS
2023-01-31 06:00:00-05:00,3.58,3.62,1.04,UPS
2022-10-25 06:00:00-04:00,2.85,2.99,4.88,UPS
2022-07-26 06:00:00-04:00,3.16,3.29,4.13,UPS
2022-04-26 06:00:00-04:00,2.88,3.05,5.82,UPS
2022-02-01 06:00:00-05:00,3.1,3.59,15.64,UPS
2021-10-26 06:00:00-04:00,2.55,2.71,6.43,UPS
2021-07-27 06:00:00-04:00,2.81,3.06,8.79,UPS
2021-04-27 06:00:00-04:00,1.72,2.77,61.06,UPS
2021-02-02 06:00:00-05:00,2.15,2.66,23.9,UPS
2020-10-28 06:00:00-04:00,1.9,2.28,20.02,UPS
2020-07-30 06:00:00-04:00,1.08,2.13,97.6,UPS
2020-04-28 08:00:00-04:00,1.23,1.15,-6.5,UPS
2020-01-30 07:00:00-05:00,2.11,2.11,0.09,UPS
2019-10-22 07:00:00-04:00,2.06,2.07,0.6,UPS
2019-07-24 07:00:00-04:00,1.93,1.96,1.56,UPS
2019-04-25 07:00:00-04:00,1.43,1.39,-2.72,UPS
2019-01-31 07:00:00-05:00,1.91,1.94,1.77,UPS
2018-10-24 07:00:00-04:00,1.82,1.82,0.13,UPS
2018-07-25 07:00:00-04:00,1.93,1.94,0.65,UPS
2018-04-26 07:00:00-04:00,1.54,1.55,0.41,UPS
2018-02-01 07:00:00-05:00,1.66,1.67,0.42,UPS
2017-10-26 07:00:00-04:00,1.45,1.45,0.14,UPS
2017-07-27 07:00:00-04:00,1.47,1.58,7.82,UPS
2017-04-27 07:00:00-04:00,1.29,1.32,2.48,UPS
2017-01-31 07:00:00-05:00,1.69,1.63,-3.55,UPS
2016-10-27 07:00:00-04:00,1.44,1.44,0.04,UPS
2016-07-29 07:00:00-04:00,1.43,1.43,0.24,UPS
2016-04-28 07:00:00-04:00,1.21,1.27,4.59,UPS
2016-02-02 07:00:00-05:00,1.42,1.57,10.7,UPS
2015-10-27 07:00:00-04:00,1.37,1.39,1.61,UPS
2015-07-28 07:00:00-04:00,1.27,1.35,6.68,UPS
2015-04-28 07:00:00-04:00,1.09,1.12,2.67,UPS
2015-02-03 07:00:00-05:00,1.25,1.25,,UPS
2014-10-24 07:00:00-04:00,1.28,1.32,2.89,UPS
2014-07-29 07:00:00-04:00,1.25,1.21,-3.11,UPS
2014-04-24 07:00:00-04:00,1.08,0.98,-9.29,UPS
2014-01-30 07:00:00-05:00,1.25,1.25,0.06,UPS
2013-10-25 07:00:00-04:00,1.15,1.16,0.78,UPS
2013-07-23 07:00:00-04:00,1.13,1.13,,UPS
2013-04-25 07:00:00-04:00,1.02,1.04,2.46,UPS
2013-01-31 07:00:00-05:00,1.38,1.32,-4.09,UPS
2012-10-23 07:00:00-04:00,1.06,1.06,-0.11,UPS
2012-07-24 07:00:00-04:00,1.17,1.15,-2.06,UPS
2012-04-26 07:00:00-04:00,1.02,1.0,-1.79,UPS
2012-01-31 07:00:00-05:00,1.34,1.28,-4.51,UPS
2011-10-25 07:00:00-04:00,1.05,1.06,0.82,UPS
2011-07-26 07:00:00-04:00,1.04,1.05,0.75,UPS
2011-04-26 07:00:00-04:00,0.85,0.88,2.96,UPS
2011-02-01 07:00:00-05:00,1.05,1.08,2.86,UPS
2010-10-21 07:00:00-04:00,0.89,0.93,5.07,UPS
2010-07-22 07:00:00-04:00,0.76,0.84,10.05,UPS
2010-04-27 19:00:00-04:00,0.57,0.71,24.23,UPS
2010-02-02 07:00:00-05:00,0.74,0.75,1.17,UPS
2009-10-22 08:00:00-04:00,0.52,0.55,6.28,UPS
2009-07-23 07:00:00-04:00,0.49,0.49,0.88,UPS
2009-04-23 07:00:00-04:00,0.56,0.52,-7.42,UPS
2009-02-03 07:00:00-05:00,0.85,0.83,-1.97,UPS
2008-10-23 07:00:00-04:00,0.89,0.96,7.55,UPS
2008-07-22 07:00:00-04:00,0.85,0.85,0.44,UPS
2008-04-23 07:00:00-04:00,0.86,0.87,0.62,UPS
2008-01-30 07:00:00-05:00,1.12,1.13,0.61,UPS
2007-10-23 07:00:00-04:00,1.02,1.05,3.21,UPS
2007-07-24 07:00:00-04:00,1.03,1.04,1.06,UPS
2007-04-25 07:00:00-04:00,0.96,0.96,0.18,UPS
2007-01-30 07:00:00-05:00,1.04,1.04,-0.17,UPS
2006-10-19 07:00:00-04:00,0.9,0.96,7.13,UPS
2006-07-25 08:00:00-04:00,1.0,0.97,-2.57,UPS
2006-04-20 08:00:00-04:00,0.88,0.89,1.42,UPS
2006-01-26 08:00:00-05:00,0.96,0.95,-1.06,UPS
2005-10-20 08:00:00-04:00,0.86,0.86,0.47,UPS
2005-07-21 08:00:00-04:00,0.85,0.88,3.27,UPS
2005-04-21 08:00:00-04:00,0.73,0.74,0.75,UPS
2005-01-27 08:00:00-05:00,0.77,0.76,-1.2,UPS
2004-10-21 08:00:00-04:00,0.72,0.7,-2.51,UPS
2004-07-22 08:00:00-04:00,0.71,0.72,1.98,UPS
2004-04-22 08:00:00-04:00,0.61,0.67,9.07,UPS
2004-01-29 08:00:00-05:00,0.69,0.7,1.74,UPS
2003-10-21 08:00:00-04:00,0.6,0.62,3.33,UPS
2003-07-22 08:00:00-04:00,0.59,0.61,3.04,UPS
2003-04-22 08:00:00-04:00,0.51,0.54,5.68,UPS
2003-01-28 08:00:00-05:00,0.57,0.59,3.87,UPS
2002-10-22 08:00:00-04:00,0.54,0.51,-4.85,UPS
2002-07-15 19:00:00-04:00,0.54,0.54,0.56,UPS
2002-04-18 08:00:00-04:00,0.47,0.5,7.3,UPS
2002-01-29 08:00:00-05:00,0.5,0.57,14.0,UPS
2026-11-03 07:00:00-05:00,0.65,,,UPST
2026-08-04 16:00:00-04:00,0.55,0.57,2.74,UPST
2026-05-05 16:00:00-04:00,0.43,0.3,-28.96,UPST
2026-02-10 16:00:00-05:00,0.46,0.5,7.58,UPST
2025-11-04 16:00:00-05:00,0.42,0.52,23.42,UPST
2025-08-05 16:00:00-04:00,0.25,0.36,41.65,UPST
2025-05-06 16:00:00-04:00,0.17,0.3,75.89,UPST
2025-02-11 16:00:00-05:00,-0.04,0.26,750.16,UPST
2024-11-07 16:00:00-05:00,-0.15,-0.06,59.07,UPST
2024-08-06 16:00:00-04:00,-0.39,-0.17,56.7,UPST
2024-05-07 16:00:00-04:00,-0.39,-0.31,19.97,UPST
2024-02-13 16:00:00-05:00,-0.14,-0.11,21.37,UPST
2023-11-07 16:00:00-05:00,-0.02,-0.05,-158.0,UPST
2023-08-08 16:00:00-04:00,-0.07,0.06,187.6,UPST
2023-05-09 16:00:00-04:00,-0.81,-0.47,41.76,UPST
2023-02-14 16:00:00-05:00,-0.47,-0.25,47.17,UPST
2022-11-08 16:00:00-05:00,-0.08,-0.24,-192.58,UPST
2022-08-08 16:00:00-04:00,0.08,0.01,-86.93,UPST
2022-05-09 16:00:00-04:00,0.53,0.61,15.26,UPST
2022-02-15 16:00:00-05:00,0.51,0.89,75.19,UPST
2021-11-09 16:00:00-05:00,0.33,0.6,80.38,UPST
2021-08-10 16:00:00-04:00,0.25,0.62,149.18,UPST
2021-05-11 16:00:00-04:00,0.15,0.22,47.27,UPST
2021-03-17 16:00:00-04:00,0.02,0.07,310.32,UPST
2026-10-27 16:00:00-04:00,3.43,,,V
2026-07-28 16:00:00-04:00,3.23,3.32,2.76,V
2026-04-28 16:00:00-04:00,3.1,3.31,6.79,V
2026-01-29 16:00:00-05:00,3.14,3.17,0.88,V
2025-10-28 16:00:00-04:00,2.97,2.98,0.28,V
2025-07-29 16:00:00-04:00,2.85,2.98,4.68,V
2025-04-29 16:00:00-04:00,2.68,2.76,3.0,V
2025-01-30 16:00:00-05:00,2.66,2.75,3.34,V
2024-10-29 16:00:00-04:00,2.58,2.71,5.24,V
2024-07-23 16:00:00-04:00,2.42,2.42,0.11,V
2024-04-23 16:00:00-04:00,2.43,2.51,3.16,V
2024-01-25 16:00:00-05:00,2.34,2.41,3.05,V
2023-10-24 16:00:00-04:00,2.24,2.33,3.83,V
2023-07-25 16:00:00-04:00,2.12,2.16,2.03,V
2023-04-25 16:00:00-04:00,1.99,2.09,5.18,V
2023-01-26 16:00:00-05:00,2.01,2.18,8.46,V
2022-10-25 16:00:00-04:00,1.87,1.93,3.47,V
2022-07-26 16:00:00-04:00,1.75,1.98,13.29,V
2022-04-26 16:00:00-04:00,1.65,1.79,8.37,V
2022-01-27 16:00:00-05:00,1.7,1.81,6.34,V
2021-10-26 16:00:00-04:00,1.54,1.62,5.35,V
2021-07-27 16:00:00-04:00,1.35,1.49,10.5,V
2021-04-27 16:00:00-04:00,1.27,1.38,8.64,V
2021-01-28 16:00:00-05:00,1.28,1.42,11.27,V
2020-10-28 16:00:00-04:00,1.1,1.12,1.94,V
2020-07-28 16:00:00-04:00,1.04,1.06,2.31,V
2020-04-30 16:00:00-04:00,1.35,1.39,2.8,V
2020-01-30 16:00:00-05:00,1.47,1.46,-0.36,V
2019-10-24 16:00:00-04:00,1.43,1.47,2.79,V
2019-07-23 16:00:00-04:00,1.32,1.37,3.48,V
2019-04-24 16:00:00-04:00,1.24,1.31,5.74,V
2019-01-30 16:00:00-05:00,1.25,1.3,3.95,V
2018-10-24 16:00:00-04:00,1.2,1.21,0.95,V
2018-07-25 16:00:00-04:00,1.09,1.2,9.85,V
2018-04-25 16:00:00-04:00,1.01,1.11,9.36,V
2018-02-01 16:00:00-05:00,0.98,1.08,10.13,V
2017-10-25 06:00:00-04:00,0.85,0.9,6.02,V
2017-07-20 16:00:00-04:00,0.81,0.86,6.4,V
2017-04-20 16:00:00-04:00,0.79,0.86,8.76,V
2017-02-02 16:00:00-05:00,0.78,0.86,9.98,V
2016-10-24 16:00:00-04:00,0.73,0.78,7.11,V
2016-07-21 16:00:00-04:00,0.67,0.69,2.99,V
2016-04-21 16:00:00-04:00,0.66,0.68,2.6,V
2016-01-28 16:00:00-05:00,0.68,0.69,1.43,V
2015-11-02 06:00:00-05:00,0.63,0.62,-1.23,V
2015-07-23 16:00:00-04:00,0.58,0.62,6.75,V
2015-04-30 16:00:00-04:00,0.62,0.63,1.1,V
2015-01-29 16:00:00-05:00,0.62,0.63,1.59,V
2014-10-29 16:00:00-04:00,0.53,0.55,3.8,V
2014-07-24 16:00:00-04:00,0.52,0.54,3.62,V
2014-04-24 16:00:00-04:00,0.55,0.54,-0.24,V
2014-01-30 07:00:00-05:00,0.54,0.55,1.8,V
2013-10-30 16:00:00-04:00,0.46,0.46,-0.31,V
2013-07-24 16:00:00-04:00,0.45,0.47,4.53,V
2013-05-01 16:00:00-04:00,0.45,0.48,6.06,V
2013-02-06 16:00:00-05:00,0.45,0.48,8.06,V
2012-10-31 16:00:00-04:00,0.37,0.39,2.78,V
2012-07-25 16:00:00-04:00,0.36,0.39,7.47,V
2012-05-02 16:00:00-04:00,0.38,0.4,6.3,V
2012-02-08 16:00:00-05:00,0.36,0.37,2.7,V
2011-10-26 16:00:00-04:00,0.31,0.32,1.49,V
2011-07-27 16:00:00-04:00,0.31,0.32,2.71,V
2011-05-05 16:00:00-04:00,0.3,0.31,3.04,V
2011-02-02 16:00:00-05:00,0.3,0.31,1.99,V
2010-10-27 16:00:00-04:00,0.23,0.24,1.24,V
2010-07-28 16:00:00-04:00,0.23,0.24,4.5,V
2010-04-28 16:00:00-04:00,0.23,0.24,4.95,V
2010-02-03 16:00:00-05:00,0.23,0.25,8.4,V
2009-10-27 16:00:00-04:00,0.18,0.19,3.57,V
2009-07-29 16:00:00-04:00,0.16,0.17,3.76,V
2009-04-29 16:00:00-04:00,0.16,0.18,13.77,V
2009-02-04 16:00:00-05:00,0.16,0.2,18.43,V
2008-10-29 16:00:00-04:00,0.14,0.14,3.49,V
2008-07-30 16:00:00-04:00,0.12,0.15,18.59,V
2008-04-28 16:00:00-04:00,0.11,0.13,17.24,V
2026-10-22 08:00:00-04:00,19.87,,,VLO
2026-07-30 06:00:00-04:00,10.13,12.54,23.84,VLO
2026-04-30 06:00:00-04:00,3.16,4.22,33.47,VLO
2026-01-29 06:00:00-05:00,3.27,3.82,16.95,VLO
2025-10-23 06:00:00-04:00,3.05,3.66,19.88,VLO
2025-07-24 06:00:00-04:00,1.77,2.28,29.09,VLO
2025-04-24 06:00:00-04:00,0.41,0.89,117.31,VLO
2025-01-30 06:00:00-05:00,0.06,0.64,970.77,VLO
2024-10-24 06:00:00-04:00,0.98,1.14,16.08,VLO
2024-07-25 06:00:00-04:00,2.6,2.71,4.37,VLO
2024-04-25 06:00:00-04:00,3.22,3.82,18.59,VLO
2024-01-25 06:00:00-05:00,3.0,3.55,18.16,VLO
2023-10-26 08:00:00-04:00,7.32,7.49,2.26,VLO
2023-07-27 06:00:00-04:00,5.08,5.4,6.29,VLO
2023-04-27 06:00:00-04:00,7.21,8.27,14.68,VLO
2023-01-26 06:00:00-05:00,7.24,8.45,16.72,VLO
2022-10-25 06:00:00-04:00,6.94,7.14,2.88,VLO
2022-07-28 06:00:00-04:00,9.38,11.36,21.13,VLO
2022-04-26 06:00:00-04:00,1.65,2.31,40.32,VLO
2022-01-27 06:00:00-05:00,1.84,2.47,34.21,VLO
2021-10-21 06:00:00-04:00,0.92,1.22,33.03,VLO
2021-07-29 06:00:00-04:00,0.13,0.48,264.44,VLO
2021-04-22 06:00:00-04:00,-1.85,-1.73,6.73,VLO
2021-01-28 06:00:00-05:00,-1.39,-1.06,23.56,VLO
2020-10-22 06:00:00-04:00,-1.33,-1.16,12.97,VLO
2020-07-30 06:00:00-04:00,-1.4,-1.25,10.76,VLO
2020-04-29 06:00:00-04:00,-0.15,0.34,320.16,VLO
2020-01-30 06:00:00-05:00,1.63,2.13,30.31,VLO
2019-10-24 06:00:00-04:00,1.35,1.48,9.63,VLO
2019-07-25 06:00:00-04:00,1.51,1.51,-0.19,VLO
2019-04-25 06:00:00-04:00,0.23,0.34,48.54,VLO
2019-01-31 06:00:00-05:00,1.11,2.12,90.43,VLO
2018-10-25 06:00:00-04:00,1.95,2.01,2.92,VLO
2018-07-26 06:00:00-04:00,1.98,2.15,8.56,VLO
2018-04-26 06:00:00-04:00,0.93,1.0,7.42,VLO
2018-02-01 06:00:00-05:00,1.08,1.16,7.79,VLO
2017-10-26 06:00:00-04:00,1.83,1.91,4.18,VLO
2017-07-27 06:00:00-04:00,1.1,1.23,12.31,VLO
2017-04-25 06:00:00-04:00,0.6,0.68,13.61,VLO
2017-01-31 06:00:00-05:00,0.77,0.81,5.21,VLO
2016-10-25 07:00:00-04:00,0.93,1.24,33.89,VLO
2016-07-26 07:00:00-04:00,0.99,1.07,8.14,VLO
2016-05-03 07:00:00-04:00,0.65,0.6,-7.47,VLO
2016-01-28 07:00:00-05:00,1.47,1.79,21.86,VLO
2015-10-28 07:00:00-04:00,2.66,2.79,4.88,VLO
2015-07-30 07:00:00-04:00,2.41,2.66,10.33,VLO
2015-04-28 07:00:00-04:00,1.67,1.87,12.15,VLO
2015-01-29 07:00:00-05:00,1.32,1.83,38.18,VLO
2014-11-04 07:00:00-05:00,1.55,2.0,28.9,VLO
2014-07-30 08:00:00-04:00,1.2,1.22,1.49,VLO
2014-04-29 07:00:00-04:00,1.4,1.54,9.77,VLO
2014-01-29 07:00:00-05:00,1.47,1.78,20.84,VLO
2013-10-29 07:00:00-04:00,0.41,0.57,40.49,VLO
2013-07-23 07:00:00-04:00,0.94,0.96,2.25,VLO
2013-04-30 07:00:00-04:00,1.0,1.18,17.57,VLO
2013-01-29 07:00:00-05:00,1.15,1.88,63.6,VLO
2012-10-30 08:00:00-04:00,1.75,1.9,8.45,VLO
2012-07-31 07:00:00-04:00,1.44,1.5,3.88,VLO
2012-05-01 07:00:00-04:00,0.28,0.31,10.67,VLO
2012-01-31 07:00:00-05:00,-0.25,-0.21,16.2,VLO
2011-11-01 07:00:00-04:00,1.78,2.11,18.61,VLO
2011-07-26 07:00:00-04:00,1.45,1.3,-10.04,VLO
2011-04-26 07:00:00-04:00,0.36,0.79,116.97,VLO
2011-01-26 07:00:00-05:00,0.34,0.4,19.21,VLO
2010-10-26 07:00:00-04:00,0.47,0.51,7.87,VLO
2010-07-27 07:00:00-04:00,0.68,0.93,37.49,VLO
2010-04-27 06:00:00-04:00,-0.22,-0.18,19.83,VLO
2010-01-27 07:00:00-05:00,-0.48,-0.28,41.84,VLO
2009-10-27 08:00:00-04:00,-0.34,-0.39,-15.94,VLO
2009-07-28 07:00:00-04:00,-0.5,-0.48,4.92,VLO
2009-04-28 07:00:00-04:00,0.49,0.59,20.25,VLO
2009-01-27 07:00:00-05:00,0.92,1.0,8.34,VLO
2008-10-28 07:00:00-04:00,1.54,1.86,20.63,VLO
2008-07-29 07:00:00-04:00,1.35,1.37,1.42,VLO
2008-04-29 07:00:00-04:00,0.33,0.36,8.57,VLO
2008-01-29 07:00:00-05:00,0.67,1.02,52.37,VLO
2007-11-06 07:00:00-05:00,1.35,1.4,3.45,VLO
2007-07-31 08:00:00-04:00,3.75,3.89,3.78,VLO
2007-04-26 08:00:00-04:00,1.8,1.86,3.15,VLO
2007-02-01 08:00:00-05:00,1.38,1.59,15.55,VLO
2006-10-31 08:00:00-05:00,2.29,2.42,5.91,VLO
2006-08-01 08:00:00-04:00,2.95,2.98,1.15,VLO
2006-04-25 08:00:00-04:00,1.25,1.32,5.77,VLO
2006-01-31 08:00:00-05:00,1.95,2.0,2.41,VLO
2005-10-31 07:00:00-05:00,1.99,2.19,10.03,VLO
2005-07-26 08:00:00-04:00,1.5,1.53,2.1,VLO
2005-04-21 08:00:00-04:00,0.97,0.96,-0.74,VLO
2005-02-01 08:00:00-05:00,0.72,0.95,32.05,VLO
2004-10-26 08:00:00-04:00,0.74,0.79,6.22,VLO
2004-07-29 08:00:00-04:00,1.1,1.14,3.83,VLO
2004-04-28 09:00:00-04:00,0.44,0.46,2.71,VLO
2004-01-27 08:00:00-05:00,0.25,0.26,4.78,VLO
2003-10-30 08:00:00-05:00,0.37,0.38,2.18,VLO
2003-07-29 09:00:00-04:00,0.27,0.27,0.68,VLO
2003-04-22 08:00:00-04:00,0.33,0.38,13.26,VLO
2003-01-28 09:00:00-05:00,0.19,0.2,9.73,VLO
2002-10-30 08:00:00-05:00,0.06,0.07,17.24,VLO
2002-07-30 08:00:00-04:00,0.03,0.03,-13.79,VLO
2002-04-30 08:00:00-04:00,-0.02,-0.09,-287.5,VLO
2002-01-29 08:00:00-05:00,0.15,0.21,35.23,VLO
2026-11-10 07:00:00-05:00,,,,VOD
2004-05-25 02:00:00-04:00,1.12,1.19,5.51,VOD
2003-11-17 02:00:00-05:00,0.99,1.26,26.67,VOD
2003-05-27 02:00:00-04:00,0.8,0.89,11.73,VOD
2002-11-16 00:00:00-05:00,0.78,0.94,21.11,VOD
2026-10-21 08:00:00-04:00,1.83,,,VRT
2026-07-29 05:00:00-04:00,1.43,1.52,6.42,VRT
2026-04-22 05:00:00-04:00,1.01,1.17,15.67,VRT
2026-02-11 05:00:00-05:00,1.3,1.36,4.9,VRT
2025-10-22 05:00:00-04:00,0.99,1.24,25.02,VRT
2025-07-30 05:00:00-04:00,0.83,0.95,13.89,VRT
2025-04-23 05:00:00-04:00,0.62,0.64,3.92,VRT
2025-02-12 05:00:00-05:00,0.82,0.99,20.6,VRT
2024-10-23 05:00:00-04:00,0.69,0.76,10.19,VRT
2024-07-24 06:00:00-04:00,0.57,0.67,17.03,VRT
2024-04-24 05:00:00-04:00,0.36,0.43,19.82,VRT
2024-02-21 05:00:00-05:00,0.53,0.56,4.73,VRT
2023-10-25 05:00:00-04:00,0.44,0.52,18.35,VRT
2023-08-02 05:00:00-04:00,0.29,0.46,59.38,VRT
2023-04-26 05:00:00-04:00,0.16,0.24,46.63,VRT
2023-02-22 05:00:00-05:00,0.31,0.28,-10.47,VRT
2022-10-26 05:00:00-04:00,0.21,0.23,12.14,VRT
2022-08-03 05:00:00-04:00,0.1,0.1,4.7,VRT
2022-04-27 06:00:00-04:00,-0.16,-0.08,51.44,VRT
2022-02-23 06:00:00-05:00,0.28,0.04,-85.62,VRT
2021-10-27 06:00:00-04:00,0.19,0.2,6.06,VRT
2021-07-28 06:00:00-04:00,0.24,0.31,30.2,VRT
2021-04-28 06:00:00-04:00,0.12,0.21,80.01,VRT
2021-02-24 06:00:00-05:00,0.33,0.33,-0.98,VRT
2020-11-04 06:00:00-05:00,0.27,0.32,20.47,VRT
2020-08-05 06:00:00-04:00,0.11,0.24,116.53,VRT
2020-05-05 18:00:00-04:00,-0.04,-0.09,-125.0,VRT
2026-11-06 07:00:00-05:00,2.59,,,VST
2026-08-10 06:00:00-04:00,1.63,0.76,-53.4,VST
2026-05-08 06:00:00-04:00,1.87,2.87,53.35,VST
2026-02-27 06:00:00-05:00,2.3,0.54,-76.52,VST
2025-11-07 06:00:00-05:00,1.4,1.38,-1.32,VST
2025-08-08 06:00:00-04:00,1.05,0.71,-32.46,VST
2025-05-08 06:00:00-04:00,0.61,-0.93,-251.65,VST
2025-02-28 06:00:00-05:00,1.45,1.14,-21.21,VST
2024-11-08 06:00:00-05:00,1.26,5.25,317.01,VST
2024-08-09 06:00:00-04:00,-0.94,0.8,185.39,VST
2024-05-10 06:00:00-04:00,0.97,0.24,-74.89,VST
2024-02-29 06:00:00-05:00,-0.91,0.34,137.7,VST
2023-11-07 10:00:00-05:00,1.06,1.25,17.39,VST
2023-08-09 10:00:00-04:00,0.82,1.17,42.68,VST
2023-05-09 09:00:00-04:00,0.4,-0.17,-142.45,VST
2023-03-01 09:00:00-05:00,4.34,-0.73,-116.81,VST
2022-11-04 10:00:00-04:00,1.93,1.51,-21.56,VST
2022-08-05 09:00:00-04:00,0.37,-3.27,-985.7,VST
2022-05-06 07:00:00-04:00,0.15,0.14,-9.8,VST
2022-02-25 07:00:00-05:00,1.98,1.45,-26.65,VST
2021-11-05 07:00:00-04:00,1.15,0.27,-76.51,VST
2021-08-05 07:00:00-04:00,0.59,0.07,-88.22,VST
2021-05-04 08:00:00-04:00,-2.04,-2.89,-41.66,VST
2021-02-26 07:00:00-05:00,0.19,0.32,68.37,VST
2020-11-04 07:00:00-05:00,1.05,0.83,-21.03,VST
2020-08-05 07:00:00-04:00,0.51,0.34,-33.2,VST
2020-05-05 08:00:00-04:00,0.66,0.14,-78.23,VST
2020-02-28 09:00:00-05:00,0.24,0.39,60.83,VST
2019-11-05 06:00:00-05:00,0.89,0.23,-74.06,VST
2019-08-02 07:00:00-04:00,0.37,0.7,88.32,VST
2019-05-03 06:00:00-04:00,0.37,0.21,-41.76,VST
2019-02-28 06:00:00-05:00,0.5,-0.31,-161.8,VST
2018-11-02 06:00:00-04:00,0.79,0.61,-22.49,VST
2018-08-06 06:00:00-04:00,0.34,0.26,-23.55,VST
2018-05-04 06:00:00-04:00,0.09,0.13,42.64,VST
2018-02-26 08:00:00-05:00,0.38,0.36,-3.76,VST
2017-11-03 06:00:00-04:00,0.32,0.64,101.18,VST
2017-08-04 06:00:00-04:00,0.1,0.16,55.6,VST
2017-05-18 08:00:00-04:00,0.08,0.18,127.79,VST
2026-11-05 07:00:00-05:00,0.64,,,VTRS
2026-08-06 06:00:00-04:00,0.6,0.69,15.04,VTRS
2026-05-07 06:00:00-04:00,0.5,0.59,17.54,VTRS
2026-02-26 06:00:00-05:00,0.53,0.57,7.39,VTRS
2025-11-06 06:00:00-05:00,0.62,0.67,8.52,VTRS
2025-08-07 06:00:00-04:00,0.56,0.62,11.55,VTRS
2025-05-08 07:00:00-04:00,0.49,0.5,1.64,VTRS
2025-02-27 06:00:00-05:00,0.57,0.54,-5.6,VTRS
2024-11-07 07:00:00-05:00,0.68,0.75,10.73,VTRS
2024-08-08 06:00:00-04:00,0.68,0.69,2.29,VTRS
2024-05-09 06:00:00-04:00,0.67,0.67,-0.41,VTRS
2024-02-28 06:00:00-05:00,0.65,0.62,-4.29,VTRS
2023-11-07 16:00:00-05:00,0.74,0.79,6.75,VTRS
2023-08-07 06:00:00-04:00,0.71,0.75,5.44,VTRS
2023-05-08 06:00:00-04:00,0.7,0.77,10.56,VTRS
2023-02-27 06:00:00-05:00,0.72,0.67,-6.1,VTRS
2022-11-07 06:00:00-05:00,0.84,0.87,4.26,VTRS
2022-08-08 06:00:00-04:00,0.82,0.88,7.06,VTRS
2022-05-09 06:00:00-04:00,0.83,0.93,12.3,VTRS
2022-02-28 06:00:00-05:00,0.83,0.8,-3.02,VTRS
2021-11-08 06:00:00-05:00,0.88,0.99,11.93,VTRS
2021-08-09 06:00:00-04:00,0.88,0.98,11.13,VTRS
2021-05-10 06:00:00-04:00,0.8,0.92,15.69,VTRS
2021-03-01 17:00:00-05:00,1.24,0.62,-50.3,VTRS
2020-11-06 09:00:00-05:00,1.16,1.31,13.08,VTRS
2020-08-06 06:00:00-04:00,0.98,1.11,13.19,VTRS
2020-05-11 08:00:00-04:00,0.87,0.9,4.56,VTRS
2020-02-27 16:00:00-05:00,1.28,1.4,9.22,VTRS
2019-11-05 07:00:00-05:00,1.14,1.17,3.03,VTRS
2019-07-29 06:00:00-04:00,0.95,1.03,8.84,VTRS
2019-05-07 08:00:00-04:00,0.8,0.82,2.73,VTRS
2019-02-26 16:00:00-05:00,1.36,1.3,-4.36,VTRS
2018-11-05 16:00:00-05:00,1.19,1.25,5.43,VTRS
2018-08-08 08:00:00-04:00,1.22,1.07,-12.39,VTRS
2018-05-09 07:00:00-04:00,0.96,0.96,0.07,VTRS
2018-02-28 22:00:00-05:00,1.41,1.43,1.71,VTRS
2017-11-06 07:00:00-05:00,1.2,1.1,-8.37,VTRS
2017-08-09 08:00:00-04:00,1.16,1.1,-4.95,VTRS
2017-05-10 07:00:00-04:00,0.92,0.93,0.73,VTRS
2017-03-01 07:00:00-05:00,1.42,1.57,10.52,VTRS
2016-11-09 16:00:00-05:00,1.45,1.38,-5.03,VTRS
2016-08-09 16:00:00-04:00,1.13,1.16,2.61,VTRS
2016-05-03 02:00:00-04:00,0.75,0.76,0.99,VTRS
2016-02-10 16:00:00-05:00,1.28,1.22,-4.43,VTRS
2015-10-30 07:00:00-04:00,1.37,1.43,4.01,VTRS
2015-08-06 07:00:00-04:00,0.91,0.91,-0.11,VTRS
2015-05-05 16:00:00-04:00,0.7,0.7,-0.56,VTRS
2015-03-02 16:00:00-05:00,1.05,1.05,0.02,VTRS
2014-10-30 16:00:00-04:00,1.13,1.16,3.03,VTRS
2014-08-07 06:00:00-04:00,0.7,0.69,-1.76,VTRS
2014-05-01 07:00:00-04:00,0.63,0.66,4.25,VTRS
2014-02-27 07:00:00-05:00,0.75,0.78,3.77,VTRS
2013-10-31 06:00:00-04:00,0.8,0.82,3.14,VTRS
2013-08-01 07:00:00-04:00,0.68,0.68,0.66,VTRS
2013-05-02 16:00:00-04:00,0.62,0.62,-0.21,VTRS
2013-02-27 16:00:00-05:00,0.64,0.65,2.31,VTRS
2012-10-25 07:00:00-04:00,0.77,0.83,8.2,VTRS
2012-07-26 08:00:00-04:00,0.55,0.6,9.59,VTRS
2012-04-26 09:00:00-04:00,0.51,0.52,2.38,VTRS
2012-02-21 07:00:00-05:00,0.5,0.53,6.46,VTRS
2011-10-26 06:00:00-04:00,0.51,0.55,7.46,VTRS
2011-07-27 06:00:00-04:00,0.45,0.52,14.41,VTRS
2011-05-03 06:00:00-04:00,0.44,0.44,0.58,VTRS
2011-02-24 07:00:00-05:00,0.45,0.45,0.26,VTRS
2010-10-26 16:00:00-04:00,0.42,0.43,2.42,VTRS
2010-07-28 16:00:00-04:00,0.38,0.37,-1.81,VTRS
2010-04-29 07:00:00-04:00,0.34,0.36,5.94,VTRS
2010-02-25 06:00:00-05:00,0.3,0.33,9.6,VTRS
2009-10-29 06:00:00-04:00,0.27,0.32,19.24,VTRS
2009-07-30 06:00:00-04:00,0.3,0.32,8.24,VTRS
2009-04-30 06:00:00-04:00,0.28,0.33,18.33,VTRS
2009-02-19 16:00:00-05:00,0.14,0.26,81.53,VTRS
2008-10-30 07:00:00-04:00,0.11,0.23,114.29,VTRS
2008-08-06 06:00:00-04:00,0.1,0.16,61.24,VTRS
2008-05-08 16:00:00-04:00,0.08,0.09,12.5,VTRS
2008-02-27 16:00:00-05:00,-0.08,0.11,238.66,VTRS
2007-11-01 08:00:00-04:00,0.28,0.31,12.54,VTRS
2006-11-01 06:00:00-05:00,0.32,0.35,8.95,VTRS
2006-07-26 07:00:00-04:00,0.28,0.35,26.33,VTRS
2006-05-09 16:00:00-04:00,0.24,0.27,12.5,VTRS
2006-02-02 16:00:00-05:00,0.24,0.25,4.9,VTRS
2005-10-27 16:00:00-04:00,0.24,0.22,-8.33,VTRS
2005-07-19 06:00:00-04:00,0.21,0.21,-1.05,VTRS
2005-05-12 06:00:00-04:00,0.17,0.19,9.09,VTRS
2005-02-03 06:00:00-05:00,0.19,0.13,-32.59,VTRS
2004-10-28 07:00:00-04:00,0.22,0.18,-19.1,VTRS
2004-07-26 06:00:00-04:00,0.26,0.24,-9.3,VTRS
2004-05-11 06:00:00-04:00,0.25,0.25,0.02,VTRS
2004-01-29 06:00:00-05:00,0.39,0.27,-30.77,VTRS
2003-10-29 19:00:00-05:00,0.34,0.33,-3.9,VTRS
2003-07-23 06:00:00-04:00,0.25,0.25,2.7,VTRS
2003-05-08 06:00:00-04:00,0.25,0.27,8.11,VTRS
2003-01-30 07:00:00-05:00,0.23,0.25,8.81,VTRS
2002-10-29 06:00:00-05:00,0.22,0.24,7.99,VTRS
2002-07-25 07:00:00-04:00,0.2,0.22,6.51,VTRS
2002-07-25 07:00:00-04:00,0.14,0.42,204.8,VTRS
2002-05-08 07:00:00-04:00,0.22,0.24,5.02,VTRS
2002-01-24 07:00:00-05:00,0.24,0.27,12.69,VTRS
2001-10-25 07:00:00-04:00,0.18,0.22,21.41,VTRS
2001-05-08 07:00:00-04:00,0.14,0.15,7.5,VTRS
2026-10-26 08:00:00-04:00,1.28,,,VZ
2026-07-24 07:00:00-04:00,1.27,1.3,2.71,VZ
2026-04-27 07:00:00-04:00,1.21,1.28,5.81,VZ
2026-01-30 06:00:00-05:00,1.06,1.09,3.28,VZ
2025-10-29 06:00:00-04:00,1.19,1.21,1.53,VZ
2025-07-21 06:00:00-04:00,1.19,1.22,2.59,VZ
2025-04-22 06:00:00-04:00,1.15,1.19,3.66,VZ
2025-01-24 06:00:00-05:00,1.1,1.1,0.32,VZ
2024-10-22 07:00:00-04:00,1.18,1.19,0.71,VZ
2024-07-22 07:00:00-04:00,1.15,1.15,,VZ
2024-04-22 07:00:00-04:00,1.12,1.15,2.56,VZ
2024-01-23 07:00:00-05:00,1.08,1.08,-0.15,VZ
2023-10-24 07:00:00-04:00,1.18,1.22,3.55,VZ
2023-07-25 07:00:00-04:00,1.17,1.21,3.77,VZ
2023-04-25 06:00:00-04:00,1.19,1.2,0.56,VZ
2023-01-24 07:00:00-05:00,1.19,1.19,0.26,VZ
2022-10-21 07:00:00-04:00,1.29,1.32,2.53,VZ
2022-07-22 07:00:00-04:00,1.33,1.31,-1.13,VZ
2022-04-22 07:00:00-04:00,1.32,1.35,2.05,VZ
2022-01-25 07:00:00-05:00,1.28,1.31,2.18,VZ
2021-10-20 07:00:00-04:00,1.36,1.41,3.64,VZ
2021-07-21 07:00:00-04:00,1.3,1.37,5.47,VZ
2021-04-21 07:00:00-04:00,1.29,1.31,1.62,VZ
2021-01-26 07:00:00-05:00,1.17,1.21,3.3,VZ
2020-10-21 07:00:00-04:00,1.21,1.25,2.9,VZ
2020-07-24 07:00:00-04:00,1.15,1.18,2.8,VZ
2020-04-24 08:00:00-04:00,1.22,1.26,2.99,VZ
2020-01-30 07:00:00-05:00,1.15,1.13,-1.32,VZ
2019-10-25 07:00:00-04:00,1.24,1.25,1.14,VZ
2019-08-01 06:00:00-04:00,1.2,1.23,2.61,VZ
2019-04-23 07:00:00-04:00,1.16,1.2,3.11,VZ
2019-01-29 07:00:00-05:00,1.09,1.12,3.18,VZ
2018-10-23 07:00:00-04:00,1.19,1.22,2.89,VZ
2018-07-24 07:00:00-04:00,1.15,1.2,4.73,VZ
2018-04-24 07:00:00-04:00,1.11,1.17,5.09,VZ
2018-01-23 07:00:00-05:00,0.88,0.86,-2.13,VZ
2017-10-19 07:00:00-04:00,0.97,0.98,0.66,VZ
2017-07-27 06:00:00-04:00,0.96,0.96,0.29,VZ
2017-04-20 07:00:00-04:00,0.96,0.95,-1.2,VZ
2017-01-24 07:00:00-05:00,0.89,0.86,-3.79,VZ
2016-10-20 07:00:00-04:00,0.99,1.01,2.06,VZ
2016-07-26 07:00:00-04:00,0.93,0.94,0.93,VZ
2016-04-21 07:00:00-04:00,1.06,1.06,-0.17,VZ
2016-01-21 07:00:00-05:00,0.88,0.89,0.98,VZ
2015-10-20 07:00:00-04:00,1.02,1.04,1.71,VZ
2015-07-21 07:00:00-04:00,1.01,1.04,3.39,VZ
2015-04-21 07:00:00-04:00,0.95,1.02,7.25,VZ
2015-01-22 07:00:00-05:00,0.71,0.71,-0.28,VZ
2014-10-21 07:00:00-04:00,0.91,0.89,-1.81,VZ
2014-07-22 06:00:00-04:00,0.9,0.91,1.47,VZ
2014-04-24 07:00:00-04:00,0.86,0.84,-2.47,VZ
2014-01-21 07:00:00-05:00,0.62,0.66,5.86,VZ
2013-10-17 07:00:00-04:00,0.74,0.77,3.61,VZ
2013-07-18 07:00:00-04:00,0.73,0.73,0.64,VZ
2013-04-18 07:00:00-04:00,0.66,0.68,3.76,VZ
2013-01-22 06:00:00-05:00,0.5,0.38,-24.26,VZ
2012-10-18 03:00:00-04:00,0.64,0.64,-0.18,VZ
2012-07-19 07:00:00-04:00,0.64,0.64,0.48,VZ
2012-04-19 07:00:00-04:00,0.57,0.59,2.77,VZ
2012-01-24 07:00:00-05:00,0.53,0.52,-1.08,VZ
2011-10-21 07:00:00-04:00,0.56,0.56,0.78,VZ
2011-07-22 07:00:00-04:00,0.55,0.57,4.01,VZ
2011-04-21 07:00:00-04:00,0.5,0.51,1.15,VZ
2011-01-25 06:00:00-05:00,0.55,0.54,-1.3,VZ
2010-10-22 07:00:00-04:00,0.54,0.56,3.53,VZ
2010-07-23 07:00:00-04:00,0.56,0.58,4.02,VZ
2010-04-22 06:00:00-04:00,0.56,0.56,0.32,VZ
2010-01-26 07:00:00-05:00,0.54,0.54,-0.46,VZ
2009-10-26 07:00:00-04:00,0.59,0.6,1.55,VZ
2009-07-27 07:00:00-04:00,0.63,0.63,0.2,VZ
2009-04-27 07:00:00-04:00,0.59,0.63,6.54,VZ
2009-01-27 07:00:00-05:00,0.62,0.61,-0.98,VZ
2008-10-27 07:00:00-04:00,0.65,0.66,0.77,VZ
2008-07-28 07:00:00-04:00,0.64,0.67,3.91,VZ
2008-04-28 07:00:00-04:00,0.61,0.61,-0.61,VZ
2008-01-28 07:00:00-05:00,0.62,0.62,-0.32,VZ
2007-10-29 07:00:00-04:00,0.62,0.63,1.94,VZ
2007-07-30 07:00:00-04:00,0.58,0.58,-0.34,VZ
2007-04-30 07:00:00-04:00,0.54,0.54,0.93,VZ
2007-01-29 07:00:00-05:00,0.62,0.62,0.81,VZ
2006-10-30 07:00:00-05:00,0.66,0.68,3.19,VZ
2006-08-01 06:00:00-04:00,0.62,0.64,2.56,VZ
2006-05-02 07:00:00-04:00,0.59,0.6,1.18,VZ
2006-01-26 07:00:00-05:00,0.64,0.64,-0.39,VZ
2005-10-27 07:00:00-04:00,0.64,0.66,3.54,VZ
2005-07-26 07:00:00-04:00,0.64,0.63,-1.12,VZ
2005-04-27 07:00:00-04:00,0.6,0.63,5.0,VZ
2005-01-27 07:00:00-05:00,0.63,0.64,0.95,VZ
2004-10-28 06:00:00-04:00,0.64,0.65,1.62,VZ
2004-07-27 07:00:00-04:00,0.6,0.64,6.14,VZ
2004-04-27 07:00:00-04:00,0.57,0.58,0.98,VZ
2004-01-29 06:00:00-05:00,0.56,0.58,3.48,VZ
2003-10-28 07:00:00-05:00,0.62,0.67,7.67,VZ
2003-07-29 07:00:00-04:00,0.68,0.69,1.42,VZ
2003-04-22 07:00:00-04:00,0.63,0.63,-0.27,VZ
2003-01-29 07:00:00-05:00,0.79,0.79,0.37,VZ
2002-10-25 07:00:00-04:00,0.77,0.77,0.53,VZ
2002-07-31 07:00:00-04:00,0.77,0.77,-0.07,VZ
2002-04-23 07:00:00-04:00,0.72,0.72,-0.23,VZ
2002-01-31 07:00:00-05:00,0.77,0.77,-0.26,VZ
2026-11-04 07:00:00-05:00,0.8,,,W
2026-08-04 07:00:00-04:00,0.92,0.95,3.12,W
2026-04-30 07:00:00-04:00,0.28,0.26,-6.82,W
2026-02-19 07:00:00-05:00,0.69,0.85,23.88,W
2025-10-28 07:00:00-04:00,0.44,0.7,59.33,W
2025-08-04 07:00:00-04:00,0.33,0.87,160.5,W
2025-05-01 07:00:00-04:00,-0.2,0.1,150.87,W
2025-02-20 07:00:00-05:00,-0.01,-0.25,-2641.23,W
2024-11-01 07:00:00-04:00,0.13,0.22,72.51,W
2024-08-01 07:00:00-04:00,0.47,0.47,-1.01,W
2024-05-02 07:00:00-04:00,-0.4,-0.32,20.28,W
2024-02-22 07:00:00-05:00,-0.15,-0.11,27.56,W
2023-11-01 07:00:00-04:00,-0.47,-0.13,72.13,W
2023-08-03 07:00:00-04:00,-0.72,0.21,129.28,W
2023-05-04 07:00:00-04:00,-1.71,-1.13,34.03,W
2023-02-23 07:00:00-05:00,-1.66,-1.71,-2.98,W
2022-11-03 07:00:00-04:00,-2.16,-2.11,2.51,W
2022-08-04 07:00:00-04:00,-1.9,-1.94,-2.25,W
2022-05-05 07:00:00-04:00,-1.53,-1.96,-27.74,W
2022-02-24 07:00:00-05:00,-0.7,-0.92,-31.7,W
2021-11-04 07:00:00-04:00,0.01,0.14,1169.27,W
2021-08-05 07:00:00-04:00,1.16,1.89,62.64,W
2021-05-06 07:00:00-04:00,0.29,1.0,240.89,W
2021-02-25 07:00:00-05:00,0.88,1.24,40.38,W
2020-11-03 07:00:00-05:00,0.84,2.3,174.3,W
2020-08-05 07:00:00-04:00,1.11,3.13,183.26,W
2020-05-05 08:00:00-04:00,-2.6,-2.3,11.6,W
2020-02-28 07:00:00-05:00,-2.62,-2.8,-6.95,W
2019-10-31 07:00:00-04:00,-2.06,-2.23,-8.21,W
2019-08-01 07:00:00-04:00,-1.37,-1.35,1.14,W
2019-05-02 07:00:00-04:00,-1.61,-1.62,-0.91,W
2019-02-22 07:00:00-05:00,-1.3,-1.12,13.9,W
2018-11-01 07:00:00-04:00,-1.09,-1.28,-17.35,W
2018-08-02 07:00:00-04:00,-0.73,-0.77,-5.63,W
2018-05-02 07:00:00-04:00,-0.89,-0.91,-1.74,W
2018-02-22 07:00:00-05:00,-0.52,-0.58,-11.35,W
2017-11-02 07:00:00-04:00,-0.45,-0.65,-43.53,W
2017-08-08 07:00:00-04:00,-0.46,-0.26,43.67,W
2017-05-09 07:00:00-04:00,-0.57,-0.48,15.67,W
2017-02-23 07:00:00-05:00,-0.5,-0.34,32.22,W
2016-11-08 07:00:00-05:00,-0.59,-0.54,8.0,W
2016-08-09 07:00:00-04:00,-0.4,-0.43,-7.29,W
2016-05-09 07:00:00-04:00,-0.34,-0.36,-6.03,W
2016-02-25 07:00:00-05:00,-0.15,-0.07,54.17,W
2015-11-10 07:00:00-05:00,-0.24,-0.13,46.06,W
2015-08-12 07:00:00-04:00,-0.29,-0.15,47.62,W
2015-05-11 06:00:00-04:00,-0.25,-0.23,9.32,W
2015-03-04 07:00:00-05:00,-0.28,-0.18,35.08,W
2014-11-10 16:00:00-05:00,-0.37,-0.29,20.91,W
2026-11-05 15:00:00-05:00,4.04,,,WDC
2026-08-05 16:00:00-04:00,3.3,3.56,7.87,WDC
2026-04-30 16:00:00-04:00,2.39,2.72,13.57,WDC
2026-01-29 16:00:00-05:00,1.93,2.13,10.47,WDC
2025-10-30 16:00:00-04:00,1.58,1.78,12.93,WDC
2025-07-30 16:00:00-04:00,1.48,1.66,12.13,WDC
2025-04-30 08:00:00-04:00,1.11,1.36,22.73,WDC
2025-01-29 16:00:00-05:00,1.82,1.77,-2.68,WDC
2024-10-24 16:00:00-04:00,1.71,1.78,3.95,WDC
2024-07-31 16:00:00-04:00,1.17,1.44,23.06,WDC
2024-04-25 16:00:00-04:00,0.15,0.63,311.6,WDC
2024-01-25 16:00:00-05:00,-1.1,-0.69,37.05,WDC
2023-10-30 08:00:00-04:00,-1.9,-1.76,7.43,WDC
2023-07-31 16:00:00-04:00,-2.02,-1.98,2.08,WDC
2023-05-08 16:00:00-04:00,-1.56,-1.37,12.3,WDC
2023-01-31 16:00:00-05:00,-0.13,-0.42,-225.0,WDC
2022-10-27 08:00:00-04:00,0.39,0.2,-48.98,WDC
2022-08-05 08:00:00-04:00,1.72,1.78,3.21,WDC
2022-04-28 16:00:00-04:00,1.5,1.65,10.34,WDC
2022-01-27 16:00:00-05:00,2.12,2.3,8.27,WDC
2021-10-28 16:00:00-04:00,2.44,2.49,1.94,WDC
2021-08-04 16:00:00-04:00,1.5,2.16,43.97,WDC
2021-04-29 16:00:00-04:00,0.68,1.02,49.2,WDC
2021-01-28 16:00:00-05:00,0.54,0.69,28.97,WDC
2020-10-28 16:00:00-04:00,0.55,0.65,17.23,WDC
2020-08-05 16:00:00-04:00,1.23,1.23,-0.14,WDC
2020-04-30 17:00:00-04:00,0.92,0.85,-7.18,WDC
2020-01-30 16:00:00-05:00,0.58,0.62,6.89,WDC
2019-10-30 16:00:00-04:00,0.3,0.34,13.14,WDC
2019-07-31 16:00:00-04:00,0.19,0.17,-10.28,WDC
2019-04-29 16:00:00-04:00,0.47,0.17,-63.7,WDC
2019-01-24 16:00:00-05:00,1.5,1.45,-3.24,WDC
2018-10-25 16:00:00-04:00,3.05,3.04,-0.29,WDC
2018-07-26 16:00:00-04:00,3.5,3.61,3.18,WDC
2018-04-26 16:00:00-04:00,3.31,3.63,9.74,WDC
2018-01-25 16:00:00-05:00,3.82,3.95,3.44,WDC
2017-10-26 16:00:00-04:00,3.31,3.56,7.62,WDC
2017-07-27 16:00:00-04:00,2.86,2.93,2.5,WDC
2017-04-27 16:00:00-04:00,2.14,2.39,11.81,WDC
2017-01-25 16:00:00-05:00,2.12,2.3,8.32,WDC
2016-10-26 16:00:00-04:00,1.05,1.18,12.19,WDC
2016-07-28 16:00:00-04:00,0.71,0.79,11.32,WDC
2016-04-28 16:00:00-04:00,1.28,1.21,-5.8,WDC
2016-01-28 16:00:00-05:00,1.54,1.6,3.81,WDC
2015-10-28 16:00:00-04:00,1.56,1.56,-0.13,WDC
2015-07-29 16:00:00-04:00,1.44,1.51,5.0,WDC
2015-04-28 16:00:00-04:00,1.9,1.87,-1.79,WDC
2015-01-27 16:00:00-05:00,2.11,2.26,7.19,WDC
2014-10-28 16:00:00-04:00,2.03,2.1,3.25,WDC
2014-07-30 20:00:00-04:00,1.74,1.85,6.18,WDC
2014-04-30 16:00:00-04:00,1.88,1.94,2.97,WDC
2014-01-22 16:00:00-05:00,2.08,2.19,5.13,WDC
2013-10-24 16:00:00-04:00,2.05,2.12,3.46,WDC
2013-07-24 16:00:00-04:00,1.81,1.96,8.38,WDC
2013-04-24 16:00:00-04:00,1.77,2.1,18.79,WDC
2013-01-23 16:00:00-05:00,1.81,2.09,15.21,WDC
2012-10-22 16:00:00-04:00,2.29,2.36,3.23,WDC
2012-07-25 16:00:00-04:00,2.46,3.35,36.27,WDC
2012-04-26 16:00:00-04:00,1.6,2.52,57.91,WDC
2012-01-23 16:00:00-05:00,0.74,1.51,104.87,WDC
2011-10-19 16:00:00-04:00,0.96,1.1,14.76,WDC
2011-07-21 16:00:00-04:00,0.66,0.81,23.16,WDC
2011-04-20 16:00:00-04:00,0.65,0.66,1.38,WDC
2011-01-18 16:00:00-05:00,0.59,0.96,63.85,WDC
2010-10-19 16:00:00-04:00,0.81,0.84,3.96,WDC
2010-07-21 16:00:00-04:00,1.35,1.23,-9.18,WDC
2010-04-22 15:00:00-04:00,1.55,1.71,10.48,WDC
2010-01-21 16:00:00-05:00,1.36,1.85,35.98,WDC
2009-10-22 16:00:00-04:00,0.94,1.25,32.79,WDC
2009-07-28 16:00:00-04:00,0.28,0.76,170.78,WDC
2009-04-23 16:00:00-04:00,0.12,0.3,154.54,WDC
2009-01-28 16:00:00-05:00,0.31,0.55,79.35,WDC
2008-10-23 16:00:00-04:00,0.81,0.93,15.12,WDC
2008-07-24 16:00:00-04:00,0.82,1.0,22.59,WDC
2008-04-24 16:00:00-04:00,1.09,1.23,12.53,WDC
2008-01-23 16:00:00-05:00,1.04,1.35,29.32,WDC
2007-11-01 16:00:00-04:00,0.57,0.58,1.23,WDC
2007-07-26 16:00:00-04:00,0.36,0.38,5.98,WDC
2007-04-26 16:00:00-04:00,0.47,0.48,2.92,WDC
2007-01-25 16:00:00-05:00,0.53,0.57,8.21,WDC
2006-11-02 16:00:00-05:00,0.41,0.46,12.78,WDC
2006-07-27 16:00:00-04:00,0.35,0.38,9.79,WDC
2006-04-27 16:00:00-04:00,0.38,0.45,17.14,WDC
2006-01-26 16:00:00-05:00,0.38,0.5,31.81,WDC
2005-10-27 16:00:00-04:00,0.29,0.31,6.65,WDC
2005-07-28 16:00:00-04:00,0.24,0.27,12.81,WDC
2005-04-21 16:00:00-04:00,0.29,0.32,9.24,WDC
2005-01-27 16:00:00-05:00,0.18,0.26,42.86,WDC
2004-10-25 16:00:00-04:00,0.11,0.14,32.55,WDC
2004-07-29 16:00:00-04:00,0.15,0.14,-8.94,WDC
2004-04-22 16:00:00-04:00,0.21,0.22,3.25,WDC
2004-01-22 16:00:00-05:00,0.29,0.32,11.23,WDC
2003-10-23 16:00:00-04:00,0.17,0.25,50.6,WDC
2003-07-24 16:00:00-04:00,0.19,0.21,10.53,WDC
2003-04-24 16:00:00-04:00,0.22,0.26,20.93,WDC
2003-01-23 16:00:00-05:00,0.13,0.36,174.29,WDC
2002-10-17 08:00:00-04:00,0.06,0.11,73.69,WDC
2002-07-25 16:00:00-04:00,0.05,0.08,60.0,WDC
2002-04-25 16:00:00-04:00,0.08,0.08,,WDC
2002-01-24 16:00:00-05:00,0.04,0.05,25.0,WDC
2026-10-13 08:00:00-04:00,1.85,,,WFC
2026-07-14 06:00:00-04:00,1.72,2.0,16.38,WFC
2026-04-14 06:00:00-04:00,1.6,1.56,-2.67,WFC
2026-01-14 06:00:00-05:00,1.67,1.62,-2.85,WFC
2025-10-14 06:00:00-04:00,1.54,1.73,12.32,WFC
2025-07-15 06:00:00-04:00,1.4,1.54,10.19,WFC
2025-04-11 06:00:00-04:00,1.22,1.28,4.7,WFC
2025-01-15 06:00:00-05:00,1.36,1.43,5.46,WFC
2024-10-11 06:00:00-04:00,1.28,1.51,18.08,WFC
2024-07-12 06:00:00-04:00,1.29,1.33,3.23,WFC
2024-04-12 06:00:00-04:00,1.09,1.26,15.7,WFC
2024-01-12 06:00:00-05:00,0.87,0.86,-1.39,WFC
2023-10-13 06:00:00-04:00,1.24,1.48,19.82,WFC
2023-07-14 06:00:00-04:00,1.16,1.25,8.87,WFC
2023-04-14 06:00:00-04:00,1.14,1.23,7.86,WFC
2023-01-13 06:00:00-05:00,1.14,1.45,27.69,WFC
2022-10-14 06:00:00-04:00,1.09,1.3,19.15,WFC
2022-07-15 06:00:00-04:00,0.8,0.82,2.81,WFC
2022-04-14 06:00:00-04:00,0.81,0.88,9.01,WFC
2022-01-14 06:00:00-05:00,1.0,1.25,25.11,WFC
2021-10-14 06:00:00-04:00,1.0,1.17,17.18,WFC
2021-07-14 07:00:00-04:00,0.93,1.37,47.31,WFC
2021-04-14 08:00:00-04:00,0.72,1.05,45.87,WFC
2021-01-15 07:00:00-05:00,0.62,0.7,13.31,WFC
2020-10-14 07:00:00-04:00,0.47,0.73,55.75,WFC
2020-07-14 08:00:00-04:00,-0.15,-0.55,-271.91,WFC
2020-04-14 07:00:00-04:00,0.57,0.74,29.39,WFC
2020-01-14 07:00:00-05:00,1.1,0.93,-15.8,WFC
2019-10-15 08:00:00-04:00,1.23,0.92,-25.09,WFC
2019-07-16 08:00:00-04:00,1.18,1.3,10.42,WFC
2019-04-12 08:00:00-04:00,1.1,1.2,9.09,WFC
2019-01-15 08:00:00-05:00,1.2,1.21,0.68,WFC
2018-10-12 08:00:00-04:00,1.17,1.13,-3.56,WFC
2018-07-13 08:00:00-04:00,1.12,0.98,-12.33,WFC
2018-04-13 08:00:00-04:00,1.07,1.12,4.86,WFC
2018-01-12 08:00:00-05:00,1.52,1.16,-23.83,WFC
2017-10-13 08:00:00-04:00,1.03,0.84,-18.22,WFC
2017-07-14 07:00:00-04:00,1.01,1.03,1.98,WFC
2017-04-13 08:00:00-04:00,0.96,1.0,3.76,WFC
2017-01-13 08:00:00-05:00,1.0,0.96,-4.12,WFC
2016-10-14 08:00:00-04:00,1.01,1.03,1.99,WFC
2016-07-15 08:00:00-04:00,1.01,1.01,-0.09,WFC
2016-04-14 08:00:00-04:00,0.98,0.99,0.71,WFC
2016-01-15 08:00:00-05:00,1.03,1.03,0.36,WFC
2015-10-14 08:00:00-04:00,1.05,1.05,0.31,WFC
2015-07-14 08:00:00-04:00,1.03,1.03,-0.09,WFC
2015-04-14 19:00:00-04:00,0.98,1.04,6.57,WFC
2015-01-14 08:00:00-05:00,1.02,1.02,0.22,WFC
2014-10-14 08:00:00-04:00,1.02,1.02,-0.4,WFC
2014-07-11 08:00:00-04:00,1.01,1.01,-0.48,WFC
2014-04-11 08:00:00-04:00,0.96,0.97,0.36,WFC
2014-01-14 08:00:00-05:00,0.98,1.0,1.65,WFC
2013-10-11 08:00:00-04:00,0.97,0.99,2.24,WFC
2013-07-12 08:00:00-04:00,0.93,0.98,5.75,WFC
2013-04-12 08:00:00-04:00,0.88,0.92,4.09,WFC
2013-01-11 08:00:00-05:00,0.87,0.91,4.24,WFC
2012-10-12 08:00:00-04:00,0.87,0.88,0.65,WFC
2012-07-13 08:00:00-04:00,0.81,0.82,0.89,WFC
2012-04-13 08:00:00-04:00,0.74,0.75,1.61,WFC
2012-01-17 08:00:00-05:00,0.73,0.73,0.56,WFC
2011-10-17 08:00:00-04:00,0.72,0.72,0.63,WFC
2011-07-19 08:00:00-04:00,0.68,0.7,3.13,WFC
2011-04-20 08:00:00-04:00,0.65,0.67,2.55,WFC
2011-01-19 08:00:00-05:00,0.61,0.61,-0.72,WFC
2010-10-20 07:00:00-04:00,0.53,0.6,12.24,WFC
2010-07-21 08:00:00-04:00,0.48,0.55,13.42,WFC
2010-04-21 07:00:00-04:00,0.41,0.5,22.73,WFC
2010-01-20 08:00:00-05:00,0.02,0.08,400.0,WFC
2009-10-21 08:00:00-04:00,0.39,0.56,45.04,WFC
2009-07-22 08:00:00-04:00,0.32,0.57,79.81,WFC
2009-04-22 08:00:00-04:00,0.5,0.59,18.53,WFC
2009-01-28 08:00:00-05:00,-0.11,-0.79,-618.18,WFC
2008-10-15 08:00:00-04:00,0.36,0.49,35.11,WFC
2008-07-16 08:00:00-04:00,0.49,0.53,7.29,WFC
2008-04-16 08:00:00-04:00,0.57,0.6,5.5,WFC
2008-01-16 08:00:00-05:00,0.41,0.41,1.18,WFC
2007-10-16 08:00:00-04:00,0.69,0.68,-1.73,WFC
2007-07-17 08:00:00-04:00,0.7,0.67,-4.29,WFC
2007-04-17 08:00:00-04:00,0.64,0.66,3.13,WFC
2007-01-16 08:00:00-05:00,0.75,0.64,-14.26,WFC
2006-10-17 08:00:00-04:00,0.8,0.64,-20.4,WFC
2006-07-18 08:00:00-04:00,0.62,0.62,-0.32,WFC
2006-04-18 08:00:00-04:00,0.6,0.6,-0.5,WFC
2006-01-17 08:00:00-05:00,0.58,0.57,-1.28,WFC
2005-10-18 08:00:00-04:00,0.57,0.58,1.07,WFC
2005-07-19 08:00:00-04:00,0.56,0.56,-0.53,WFC
2005-04-19 08:00:00-04:00,0.54,0.54,-0.78,WFC
2005-01-18 08:00:00-05:00,0.53,0.54,0.94,WFC
2004-10-19 08:00:00-04:00,0.53,0.51,-3.47,WFC
2004-07-20 08:00:00-04:00,0.5,0.5,,WFC
2004-04-20 08:00:00-04:00,0.49,0.52,5.79,WFC
2004-01-20 08:00:00-05:00,0.48,0.48,-0.44,WFC
2003-10-21 08:00:00-04:00,0.47,0.46,-1.08,WFC
2003-07-15 06:00:00-04:00,0.45,0.45,-0.63,WFC
2003-04-15 08:00:00-04:00,0.44,0.44,0.69,WFC
2003-01-21 08:00:00-05:00,0.43,0.43,0.37,WFC
2002-10-15 08:00:00-04:00,0.42,0.42,0.24,WFC
2002-07-16 08:00:00-04:00,0.41,0.41,0.24,WFC
2002-04-16 08:00:00-04:00,0.39,0.4,2.04,WFC
2002-01-15 08:00:00-05:00,0.34,0.35,0.73,WFC
2026-11-02 15:00:00-05:00,0.53,,,WMB
2026-08-03 16:00:00-04:00,0.5,0.5,0.25,WMB
2026-05-04 16:00:00-04:00,0.63,0.73,16.43,WMB
2026-02-10 08:00:00-05:00,0.57,0.55,-3.09,WMB
2025-11-03 16:00:00-05:00,0.52,0.49,-5.28,WMB
2025-08-04 16:00:00-04:00,0.49,0.46,-5.99,WMB
2025-05-05 16:00:00-04:00,0.55,0.6,8.45,WMB
2025-02-12 16:00:00-05:00,0.45,0.47,4.11,WMB
2024-11-06 16:00:00-05:00,0.42,0.43,3.51,WMB
2024-08-05 16:00:00-04:00,0.37,0.43,15.69,WMB
2024-05-06 16:00:00-04:00,0.49,0.59,21.53,WMB
2024-02-14 07:00:00-05:00,0.45,0.48,5.5,WMB
2023-11-01 16:00:00-04:00,0.41,0.45,9.69,WMB
2023-08-02 16:00:00-04:00,0.38,0.42,9.43,WMB
2023-05-03 16:00:00-04:00,0.47,0.56,19.7,WMB
2023-02-20 16:00:00-05:00,0.48,0.53,11.18,WMB
2022-10-31 16:00:00-04:00,0.43,0.48,11.66,WMB
2022-08-01 16:00:00-04:00,0.37,0.35,-6.08,WMB
2022-05-02 16:00:00-04:00,0.34,0.41,19.01,WMB
2022-02-21 16:00:00-05:00,0.34,0.39,16.27,WMB
2021-11-01 16:00:00-04:00,0.27,0.34,25.68,WMB
2021-08-02 16:00:00-04:00,0.28,0.27,-3.57,WMB
2021-05-03 16:00:00-04:00,0.29,0.35,19.43,WMB
2021-02-22 16:00:00-05:00,0.28,0.31,9.58,WMB
2020-11-02 16:00:00-05:00,0.26,0.27,2.66,WMB
2020-08-03 16:00:00-04:00,0.24,0.25,2.79,WMB
2020-05-04 17:00:00-04:00,0.26,0.26,0.42,WMB
2020-02-19 16:00:00-05:00,0.25,0.24,-4.6,WMB
2019-10-30 16:00:00-04:00,0.25,0.26,4.93,WMB
2019-07-31 16:00:00-04:00,0.23,0.26,13.71,WMB
2019-05-01 16:00:00-04:00,0.22,0.22,-0.56,WMB
2019-02-13 16:00:00-05:00,0.25,0.19,-22.74,WMB
2018-10-31 16:00:00-04:00,0.2,0.24,19.25,WMB
2018-08-01 16:00:00-04:00,0.18,0.17,-5.97,WMB
2018-05-02 16:00:00-04:00,0.23,0.19,-17.31,WMB
2018-02-14 16:00:00-05:00,0.22,0.2,-8.35,WMB
2017-11-01 16:00:00-04:00,0.19,0.15,-20.5,WMB
2017-08-02 16:00:00-04:00,0.23,0.13,-43.65,WMB
2017-05-03 16:00:00-04:00,0.18,0.14,-23.63,WMB
2017-02-15 16:00:00-05:00,0.2,0.17,-15.6,WMB
2016-10-31 06:00:00-04:00,0.17,0.2,19.83,WMB
2016-08-01 16:00:00-04:00,0.2,0.19,-5.46,WMB
2016-05-04 16:00:00-04:00,0.23,0.03,-86.79,WMB
2016-02-17 16:00:00-05:00,0.16,0.01,-93.82,WMB
2015-10-28 16:00:00-04:00,0.15,0.22,49.15,WMB
2015-07-29 16:00:00-04:00,0.23,0.15,-35.59,WMB
2015-04-29 16:00:00-04:00,0.13,0.16,19.15,WMB
2015-02-18 16:00:00-05:00,0.24,0.16,-33.68,WMB
2014-10-29 16:00:00-04:00,0.18,0.15,-14.97,WMB
2014-07-30 16:00:00-04:00,0.23,0.23,1.25,WMB
2014-04-30 16:00:00-04:00,0.26,0.28,6.54,WMB
2014-02-19 17:00:00-05:00,0.21,0.22,3.36,WMB
2013-10-30 16:00:00-04:00,0.16,0.19,18.8,WMB
2013-07-31 16:00:00-04:00,0.15,0.19,26.16,WMB
2013-05-07 16:00:00-04:00,0.24,0.22,-8.81,WMB
2013-02-20 16:00:00-05:00,0.26,0.25,-3.16,WMB
2012-10-31 16:00:00-04:00,0.27,0.25,-5.82,WMB
2012-08-01 16:00:00-04:00,0.22,0.22,0.03,WMB
2012-04-25 16:00:00-04:00,0.36,0.39,7.68,WMB
2012-02-22 16:00:00-05:00,0.4,0.42,5.27,WMB
2011-11-01 16:00:00-04:00,0.41,0.4,-2.38,WMB
2011-08-03 16:00:00-04:00,0.38,0.39,3.82,WMB
2011-05-04 16:00:00-04:00,0.35,0.36,3.69,WMB
2011-02-17 07:00:00-05:00,0.27,0.44,62.9,WMB
2010-10-28 06:00:00-04:00,0.27,0.22,-18.76,WMB
2010-07-29 07:00:00-04:00,0.3,0.27,-8.63,WMB
2010-05-05 07:00:00-04:00,0.38,0.36,-4.07,WMB
2010-02-18 07:00:00-05:00,0.34,0.27,-19.4,WMB
2009-10-29 07:00:00-04:00,0.19,0.25,29.53,WMB
2009-08-06 07:00:00-04:00,0.16,0.2,27.39,WMB
2009-04-30 07:00:00-04:00,0.2,0.22,12.24,WMB
2009-02-19 07:00:00-05:00,0.3,0.33,10.69,WMB
2008-11-06 07:00:00-05:00,0.63,0.57,-9.43,WMB
2008-08-07 07:00:00-04:00,0.7,0.68,-2.26,WMB
2008-05-01 07:00:00-04:00,0.51,0.57,11.45,WMB
2008-02-21 07:00:00-05:00,0.48,0.59,23.06,WMB
2007-11-01 07:00:00-04:00,0.37,0.39,5.41,WMB
2007-08-02 07:00:00-04:00,0.36,0.43,20.45,WMB
2007-05-03 07:00:00-04:00,0.34,0.29,-15.7,WMB
2007-02-22 07:00:00-05:00,0.26,0.3,15.38,WMB
2006-11-02 06:00:00-05:00,0.26,0.28,7.28,WMB
2006-08-03 07:00:00-04:00,0.22,0.33,50.68,WMB
2006-05-02 08:00:00-04:00,0.25,0.26,4.0,WMB
2006-02-28 07:00:00-05:00,0.3,0.26,-12.75,WMB
2005-11-03 08:00:00-05:00,0.25,0.22,-11.65,WMB
2005-08-04 08:00:00-04:00,0.2,0.17,-15.0,WMB
2005-05-05 08:00:00-04:00,0.22,0.22,-1.79,WMB
2005-02-23 08:00:00-05:00,0.09,0.09,-4.52,WMB
2004-11-04 08:00:00-05:00,0.12,0.09,-23.73,WMB
2004-08-05 07:00:00-04:00,0.08,0.12,60.0,WMB
2004-05-06 07:00:00-04:00,0.08,0.02,-75.0,WMB
2004-02-19 08:00:00-05:00,0.03,0.11,266.67,WMB
2003-11-06 08:00:00-05:00,0.04,0.01,-76.19,WMB
2003-08-12 08:00:00-04:00,-0.03,,100.0,WMB
2003-05-13 07:00:00-04:00,0.02,0.04,73.91,WMB
2003-02-20 08:00:00-05:00,-0.16,0.19,216.56,WMB
2002-11-14 08:00:00-05:00,-0.01,-0.4,-2976.92,WMB
2002-07-29 07:00:00-04:00,-0.38,-0.34,10.53,WMB
2002-04-25 07:00:00-04:00,0.42,0.51,22.07,WMB
2002-01-29 07:00:00-05:00,0.39,0.34,-13.8,WMB
2026-11-19 07:00:00-05:00,0.64,,,WMT
2026-08-20 06:00:00-04:00,0.74,0.81,9.27,WMT
2026-05-21 06:00:00-04:00,0.66,0.66,0.19,WMT
2026-02-19 06:00:00-05:00,0.73,0.74,1.79,WMT
2025-11-20 06:00:00-05:00,0.6,0.62,3.11,WMT
2025-08-21 06:00:00-04:00,0.74,0.68,-7.97,WMT
2025-05-15 06:00:00-04:00,0.58,0.61,5.64,WMT
2025-02-20 06:00:00-05:00,0.65,0.66,2.04,WMT
2024-11-19 06:00:00-05:00,0.53,0.58,8.84,WMT
2024-08-15 06:00:00-04:00,0.65,0.67,3.76,WMT
2024-05-16 06:00:00-04:00,0.52,0.6,14.36,WMT
2024-02-20 06:00:00-05:00,0.55,0.6,9.35,WMT
2023-11-16 06:00:00-05:00,0.51,0.51,0.39,WMT
2023-08-17 06:00:00-04:00,0.57,0.61,7.88,WMT
2023-05-18 07:00:00-04:00,0.44,0.49,11.64,WMT
2023-02-21 07:00:00-05:00,0.5,0.57,12.88,WMT
2022-11-15 07:00:00-05:00,0.44,0.5,13.95,WMT
2022-08-16 07:00:00-04:00,0.54,0.59,10.02,WMT
2022-05-17 06:00:00-04:00,0.49,0.43,-12.1,WMT
2022-02-17 07:00:00-05:00,0.5,0.51,2.21,WMT
2021-11-16 07:00:00-05:00,0.46,0.48,3.97,WMT
2021-08-17 07:00:00-04:00,0.52,0.59,13.17,WMT
2021-05-18 06:00:00-04:00,0.4,0.56,40.06,WMT
2021-02-18 06:00:00-05:00,0.5,0.46,-8.0,WMT
2020-11-17 07:00:00-05:00,0.4,0.45,12.8,WMT
2020-08-18 06:00:00-04:00,0.42,0.52,24.11,WMT
2020-05-19 07:00:00-04:00,0.36,0.39,8.48,WMT
2020-02-18 06:00:00-05:00,0.48,0.46,-3.84,WMT
2019-11-14 07:00:00-05:00,0.36,0.39,6.36,WMT
2019-08-15 07:00:00-04:00,0.41,0.42,4.3,WMT
2019-05-16 07:00:00-04:00,0.34,0.38,10.82,WMT
2019-02-19 07:00:00-05:00,0.44,0.47,5.67,WMT
2018-11-15 07:00:00-05:00,0.34,0.36,6.39,WMT
2018-08-16 07:00:00-04:00,0.41,0.43,6.0,WMT
2018-05-17 07:00:00-04:00,0.37,0.38,1.51,WMT
2018-02-20 06:00:00-05:00,0.46,0.44,-2.96,WMT
2017-11-16 07:00:00-05:00,0.32,0.33,2.81,WMT
2017-08-17 06:00:00-04:00,0.36,0.36,1.21,WMT
2017-05-18 07:00:00-04:00,0.32,0.33,3.83,WMT
2017-02-21 07:00:00-05:00,0.43,0.43,0.96,WMT
2016-11-17 07:00:00-05:00,0.32,0.33,2.2,WMT
2016-08-18 07:00:00-04:00,0.34,0.36,4.23,WMT
2016-05-19 07:00:00-04:00,0.29,0.33,10.87,WMT
2016-02-18 07:00:00-05:00,0.49,0.5,2.22,WMT
2015-11-17 07:00:00-05:00,0.33,0.33,1.21,WMT
2015-08-18 07:00:00-04:00,0.37,0.36,-3.95,WMT
2015-05-19 07:00:00-04:00,0.35,0.34,-1.44,WMT
2015-02-19 08:00:00-05:00,0.51,0.54,4.97,WMT
2014-11-13 07:00:00-05:00,0.37,0.38,2.77,WMT
2014-08-14 07:00:00-04:00,0.4,0.4,0.01,WMT
2014-05-15 07:00:00-04:00,0.38,0.37,-4.53,WMT
2014-02-20 07:00:00-05:00,0.53,0.53,0.87,WMT
2013-11-14 07:00:00-05:00,0.38,0.38,1.05,WMT
2013-08-15 07:00:00-04:00,0.42,0.42,-0.14,WMT
2013-05-16 07:00:00-04:00,0.38,0.38,-0.46,WMT
2013-02-21 07:00:00-05:00,0.52,0.56,6.44,WMT
2012-11-15 07:00:00-05:00,0.36,0.36,0.66,WMT
2012-08-16 07:00:00-04:00,0.39,0.39,0.66,WMT
2012-05-17 07:00:00-04:00,0.35,0.36,4.41,WMT
2012-02-21 07:00:00-05:00,0.49,0.48,-1.06,WMT
2011-11-15 07:00:00-05:00,0.33,0.32,-0.83,WMT
2011-08-16 07:00:00-04:00,0.36,0.36,1.18,WMT
2011-05-17 07:00:00-04:00,0.32,0.33,2.72,WMT
2011-02-22 07:00:00-05:00,0.44,0.45,2.29,WMT
2010-11-16 07:00:00-05:00,0.3,0.3,-0.19,WMT
2010-08-17 07:00:00-04:00,0.32,0.32,0.4,WMT
2010-05-18 08:00:00-04:00,0.29,0.29,2.27,WMT
2010-02-18 07:00:00-05:00,0.37,0.39,4.35,WMT
2009-11-12 07:00:00-05:00,0.27,0.28,3.85,WMT
2009-08-13 07:00:00-04:00,0.28,0.29,2.99,WMT
2009-05-14 07:00:00-04:00,0.26,0.26,-0.3,WMT
2009-02-17 07:00:00-05:00,0.32,0.34,6.29,WMT
2008-11-13 06:00:00-05:00,0.25,0.26,1.46,WMT
2008-08-14 06:00:00-04:00,0.28,0.29,2.7,WMT
2008-05-13 06:00:00-04:00,0.25,0.25,0.66,WMT
2008-02-19 06:00:00-05:00,0.34,0.35,2.16,WMT
2007-11-13 01:00:00-05:00,0.22,0.23,2.99,WMT
2007-08-14 06:00:00-04:00,0.25,0.24,-5.82,WMT
2007-05-15 06:00:00-04:00,0.23,0.23,0.49,WMT
2007-02-20 06:00:00-05:00,0.3,0.31,3.33,WMT
2006-11-14 06:00:00-05:00,0.2,0.2,0.96,WMT
2006-08-15 06:00:00-04:00,0.24,0.24,-0.88,WMT
2006-05-16 06:00:00-04:00,0.2,0.21,4.21,WMT
2006-02-21 06:00:00-05:00,0.28,0.28,0.89,WMT
2005-11-14 06:00:00-05:00,0.19,0.2,3.11,WMT
2005-08-16 06:00:00-04:00,0.22,0.22,2.55,WMT
2005-05-12 06:00:00-04:00,0.19,0.18,-2.37,WMT
2005-02-17 06:00:00-05:00,0.25,0.25,1.57,WMT
2004-11-16 06:00:00-05:00,0.18,0.18,0.45,WMT
2004-08-12 06:00:00-04:00,0.2,0.21,2.61,WMT
2004-05-13 06:00:00-04:00,0.16,0.17,1.67,WMT
2004-02-19 07:00:00-05:00,0.21,0.21,-0.42,WMT
2003-11-13 06:00:00-05:00,0.16,0.15,-1.79,WMT
2003-08-13 06:00:00-04:00,0.17,0.17,-0.2,WMT
2003-05-13 07:00:00-04:00,0.14,0.14,0.21,WMT
2003-02-18 07:00:00-05:00,0.19,0.19,1.64,WMT
2002-11-13 07:00:00-05:00,0.13,0.14,1.8,WMT
2002-08-13 07:00:00-04:00,0.15,0.15,2.34,WMT
2002-08-13 07:00:00-04:00,0.12,0.12,-3.64,WMT
2002-05-14 07:00:00-04:00,0.12,0.12,2.39,WMT
2026-11-05 15:00:00-05:00,0.9,,,WYNN
2026-08-04 16:00:00-04:00,0.98,1.24,26.35,WYNN
2026-05-07 16:00:00-04:00,1.18,1.25,5.5,WYNN
2026-02-12 16:00:00-05:00,1.48,1.17,-20.7,WYNN
2025-11-06 16:00:00-05:00,1.15,0.86,-25.44,WYNN
2025-08-07 16:00:00-04:00,1.2,1.09,-8.79,WYNN
2025-05-06 16:00:00-04:00,1.24,1.07,-13.98,WYNN
2025-02-13 16:00:00-05:00,1.27,2.42,91.11,WYNN
2024-11-04 16:00:00-05:00,1.1,0.9,-17.88,WYNN
2024-08-06 16:00:00-04:00,1.19,1.12,-6.1,WYNN
2024-05-07 16:00:00-04:00,1.39,1.59,14.56,WYNN
2024-02-07 16:00:00-05:00,1.16,1.91,64.9,WYNN
2023-11-09 16:00:00-05:00,0.8,0.99,23.9,WYNN
2023-08-09 16:00:00-04:00,0.72,0.91,26.17,WYNN
2023-05-09 16:00:00-04:00,-0.03,0.29,970.35,WYNN
2023-02-08 16:00:00-05:00,-1.16,-1.23,-5.67,WYNN
2022-11-09 16:00:00-05:00,-1.01,-1.2,-18.5,WYNN
2022-08-09 16:00:00-04:00,-1.02,-0.82,19.69,WYNN
2022-05-10 16:00:00-04:00,-1.15,-1.21,-5.21,WYNN
2022-02-15 16:00:00-05:00,-1.18,-1.37,-16.01,WYNN
2021-11-09 16:00:00-05:00,-1.29,-1.24,4.15,WYNN
2021-08-04 16:00:00-04:00,-1.58,-1.12,28.98,WYNN
2021-05-10 16:00:00-04:00,-2.03,-2.41,-18.93,WYNN
2021-02-04 16:00:00-05:00,-2.4,-2.45,-2.0,WYNN
2020-11-05 16:00:00-05:00,-3.89,-7.04,-81.12,WYNN
2020-08-04 16:00:00-04:00,-4.91,-6.14,-25.01,WYNN
2020-05-06 17:00:00-04:00,-1.86,-3.54,-90.18,WYNN
2020-02-06 16:00:00-05:00,0.97,-0.62,-164.2,WYNN
2019-11-06 16:00:00-05:00,0.9,0.17,-81.02,WYNN
2019-08-06 16:00:00-04:00,1.39,1.44,3.35,WYNN
2019-05-09 16:00:00-04:00,1.58,1.61,2.22,WYNN
2019-01-30 16:00:00-05:00,1.35,1.06,-21.61,WYNN
2018-11-07 16:00:00-05:00,1.67,1.68,0.55,WYNN
2018-08-01 16:00:00-04:00,1.97,1.53,-22.47,WYNN
2018-04-24 16:00:00-04:00,2.03,2.3,13.45,WYNN
2018-01-22 09:00:00-05:00,1.42,1.4,-1.68,WYNN
2017-10-26 16:00:00-04:00,1.43,1.52,6.05,WYNN
2017-07-25 16:00:00-04:00,1.18,1.18,0.39,WYNN
2017-04-25 16:00:00-04:00,0.95,1.24,31.09,WYNN
2017-01-26 16:00:00-05:00,0.87,0.5,-42.62,WYNN
2016-11-02 16:00:00-04:00,0.83,0.75,-9.45,WYNN
2016-07-28 16:00:00-04:00,0.96,1.07,11.93,WYNN
2016-05-05 16:00:00-04:00,0.82,1.07,30.65,WYNN
2016-02-11 16:00:00-05:00,0.78,1.03,32.15,WYNN
2015-10-15 16:00:00-04:00,0.86,0.86,-0.01,WYNN
2015-07-29 16:00:00-04:00,0.97,0.74,-23.79,WYNN
2015-04-28 16:00:00-04:00,1.3,0.7,-46.01,WYNN
2015-02-03 16:00:00-05:00,1.45,1.2,-17.1,WYNN
2014-10-28 16:00:00-04:00,1.84,1.95,6.12,WYNN
2014-07-29 07:00:00-04:00,2.02,2.11,4.4,WYNN
2014-05-01 16:00:00-04:00,2.06,2.32,12.71,WYNN
2014-01-30 16:00:00-05:00,1.73,2.27,30.9,WYNN
2013-10-24 16:00:00-04:00,1.66,1.84,10.7,WYNN
2013-07-29 07:00:00-04:00,1.56,1.51,-3.1,WYNN
2013-04-25 16:00:00-04:00,1.55,2.03,31.27,WYNN
2013-01-31 16:00:00-05:00,1.27,1.17,-8.07,WYNN
2012-10-24 16:00:00-04:00,1.33,1.48,11.05,WYNN
2012-07-17 16:00:00-04:00,1.54,1.38,-10.63,WYNN
2012-05-07 16:00:00-04:00,1.41,1.33,-5.49,WYNN
2012-02-02 16:00:00-05:00,1.29,1.55,20.59,WYNN
2011-10-19 16:00:00-04:00,1.17,1.05,-10.04,WYNN
2011-07-18 16:00:00-04:00,1.04,1.6,53.67,WYNN
2011-04-19 16:00:00-04:00,0.73,1.38,88.4,WYNN
2011-02-10 16:00:00-05:00,0.69,0.91,32.35,WYNN
2010-11-02 16:00:00-04:00,0.4,0.39,-2.68,WYNN
2010-07-29 16:00:00-04:00,0.41,0.52,26.5,WYNN
2010-04-29 16:00:00-04:00,0.17,0.26,56.71,WYNN
2010-02-25 16:00:00-05:00,0.07,0.08,9.59,WYNN
2009-10-27 08:00:00-04:00,0.16,0.33,106.68,WYNN
2009-07-30 08:00:00-04:00,-0.01,0.09,900.0,WYNN
2009-05-05 09:00:00-04:00,,-0.27,-6208.6,WYNN
2009-02-24 16:00:00-05:00,0.41,0.07,-82.84,WYNN
2008-10-30 16:00:00-04:00,0.59,0.62,4.31,WYNN
2008-07-24 16:00:00-04:00,0.93,1.11,18.98,WYNN
2008-05-01 16:00:00-04:00,0.71,0.69,-2.55,WYNN
2008-02-12 16:00:00-05:00,0.68,0.72,6.33,WYNN
2007-10-30 16:00:00-04:00,0.62,0.67,8.31,WYNN
2007-08-06 16:00:00-04:00,0.52,0.92,75.35,WYNN
2007-05-07 16:00:00-04:00,0.54,0.67,23.93,WYNN
2007-02-27 16:00:00-05:00,0.47,0.53,13.73,WYNN
2006-11-07 17:00:00-05:00,0.06,-0.01,-116.67,WYNN
2006-08-01 16:00:00-04:00,0.05,-0.05,-193.76,WYNN
2006-05-03 16:00:00-04:00,0.11,0.01,-91.07,WYNN
2006-02-23 16:00:00-05:00,0.07,0.05,-29.9,WYNN
2005-11-03 09:00:00-05:00,0.09,-0.01,-110.69,WYNN
2005-08-01 18:00:00-04:00,0.08,0.08,-2.44,WYNN
2005-05-04 02:00:00-04:00,-0.09,,100.0,WYNN
2005-03-15 06:00:00-05:00,-0.13,-0.35,-165.78,WYNN
2004-11-04 00:00:00-05:00,0.01,-0.26,-2700.0,WYNN
2004-08-02 20:00:00-04:00,-0.08,,100.0,WYNN
2004-05-05 00:00:00-04:00,-0.21,-0.16,23.81,WYNN
2004-03-15 00:00:00-05:00,-0.09,-0.16,-83.91,WYNN
2003-01-23 00:00:00-05:00,-0.05,-0.16,-220.0,WYNN
2026-10-30 08:00:00-04:00,3.76,,,XOM
2026-07-31 06:00:00-04:00,3.63,4.11,13.26,XOM
2026-05-01 06:00:00-04:00,1.01,1.16,15.14,XOM
2026-01-30 06:00:00-05:00,1.69,1.71,1.12,XOM
2025-10-31 06:00:00-04:00,1.82,1.88,3.03,XOM
2025-08-01 06:00:00-04:00,1.56,1.64,4.93,XOM
2025-05-02 06:00:00-04:00,1.74,1.76,1.16,XOM
2025-01-31 06:00:00-05:00,1.55,1.67,7.87,XOM
2024-11-01 06:00:00-04:00,1.87,1.92,2.6,XOM
2024-08-02 06:00:00-04:00,2.01,2.14,6.51,XOM
2024-04-26 04:00:00-04:00,2.16,2.06,-4.75,XOM
2024-02-02 06:00:00-05:00,2.19,2.48,13.04,XOM
2023-10-27 03:00:00-04:00,2.36,2.27,-3.82,XOM
2023-07-28 06:00:00-04:00,2.02,1.94,-3.91,XOM
2023-04-28 06:00:00-04:00,2.59,2.83,9.32,XOM
2023-01-31 06:00:00-05:00,3.28,3.4,3.57,XOM
2022-10-28 06:00:00-04:00,3.82,4.45,16.48,XOM
2022-07-29 06:00:00-04:00,3.89,4.14,6.46,XOM
2022-04-29 06:00:00-04:00,2.22,2.07,-6.96,XOM
2022-02-01 07:00:00-05:00,1.93,2.05,6.27,XOM
2021-10-29 07:00:00-04:00,1.52,1.58,3.79,XOM
2021-07-30 07:00:00-04:00,0.99,1.1,10.57,XOM
2021-04-30 07:00:00-04:00,0.6,0.65,8.17,XOM
2021-02-02 07:00:00-05:00,0.02,0.03,50.0,XOM
2020-10-30 07:00:00-04:00,-0.25,-0.18,27.8,XOM
2020-07-31 07:00:00-04:00,-0.6,-0.7,-17.05,XOM
2020-05-01 08:00:00-04:00,0.05,0.53,988.3,XOM
2020-01-31 07:00:00-05:00,0.45,0.41,-9.58,XOM
2019-11-01 07:00:00-04:00,0.66,0.68,2.56,XOM
2019-08-02 07:00:00-04:00,0.71,0.61,-13.59,XOM
2019-04-26 08:00:00-04:00,0.73,0.55,-24.51,XOM
2019-02-01 08:00:00-05:00,1.09,1.5,37.33,XOM
2018-11-02 08:00:00-04:00,1.22,1.46,19.42,XOM
2018-07-27 08:00:00-04:00,1.27,0.92,-27.78,XOM
2018-04-27 08:00:00-04:00,1.1,1.09,-1.27,XOM
2018-02-02 08:00:00-05:00,1.03,0.88,-14.45,XOM
2017-10-27 08:00:00-04:00,0.87,0.93,7.4,XOM
2017-07-28 08:00:00-04:00,0.85,0.78,-8.46,XOM
2017-04-28 08:00:00-04:00,0.87,0.95,9.61,XOM
2017-01-31 08:00:00-05:00,0.7,0.89,26.31,XOM
2016-10-28 08:00:00-04:00,0.6,0.63,5.64,XOM
2016-07-29 08:00:00-04:00,0.64,0.41,-35.51,XOM
2016-04-29 08:00:00-04:00,0.31,0.43,39.12,XOM
2016-02-02 08:00:00-05:00,0.64,0.67,4.95,XOM
2015-10-30 08:00:00-04:00,0.9,1.01,12.77,XOM
2015-07-31 08:00:00-04:00,1.11,1.06,-4.92,XOM
2015-04-30 08:00:00-04:00,0.83,1.17,40.97,XOM
2015-02-02 08:00:00-05:00,1.34,1.32,-2.19,XOM
2014-10-31 08:00:00-04:00,1.72,1.89,10.12,XOM
2014-07-31 08:00:00-04:00,1.86,2.05,10.02,XOM
2014-05-01 08:00:00-04:00,1.88,2.1,11.75,XOM
2014-01-30 08:00:00-05:00,1.92,1.91,-0.5,XOM
2013-10-31 08:00:00-04:00,1.78,1.79,0.58,XOM
2013-08-01 08:00:00-04:00,1.9,1.55,-18.29,XOM
2013-04-25 08:00:00-04:00,2.05,2.12,3.23,XOM
2013-02-01 08:00:00-05:00,2.0,2.2,10.26,XOM
2012-11-01 08:00:00-04:00,1.93,2.09,8.16,XOM
2012-07-26 08:00:00-04:00,1.96,1.8,-8.04,XOM
2012-04-26 08:00:00-04:00,2.11,2.0,-5.13,XOM
2012-01-31 13:00:00-05:00,1.98,1.97,-0.36,XOM
2011-10-27 08:00:00-04:00,2.13,2.13,-0.17,XOM
2011-07-28 08:00:00-04:00,2.33,2.18,-6.37,XOM
2011-04-28 08:00:00-04:00,2.02,2.14,5.9,XOM
2011-01-31 08:00:00-05:00,1.62,1.85,13.85,XOM
2010-10-28 08:00:00-04:00,1.39,1.44,3.44,XOM
2010-07-29 08:00:00-04:00,1.47,1.6,8.64,XOM
2010-04-29 08:00:00-04:00,1.38,1.37,-0.95,XOM
2010-02-01 09:00:00-05:00,1.19,1.27,6.61,XOM
2009-10-29 09:00:00-04:00,1.03,0.98,-4.95,XOM
2009-07-30 08:00:00-04:00,1.02,0.84,-17.81,XOM
2009-04-30 08:00:00-04:00,0.95,0.92,-3.06,XOM
2009-01-30 08:00:00-05:00,1.51,1.55,2.47,XOM
2008-10-30 08:00:00-04:00,2.38,2.59,8.75,XOM
2008-07-31 08:00:00-04:00,2.53,2.27,-10.31,XOM
2008-05-01 08:00:00-04:00,2.11,2.03,-3.96,XOM
2008-02-01 08:00:00-05:00,1.98,2.13,7.85,XOM
2007-11-01 08:00:00-04:00,1.74,1.7,-2.09,XOM
2007-07-26 09:00:00-04:00,1.96,1.83,-6.66,XOM
2007-04-26 08:00:00-04:00,1.53,1.62,6.23,XOM
2007-02-01 09:00:00-05:00,1.52,1.69,11.4,XOM
2006-10-26 08:00:00-04:00,1.59,1.77,11.39,XOM
2006-07-27 08:00:00-04:00,1.64,1.72,4.62,XOM
2006-04-27 08:00:00-04:00,1.46,1.41,-3.69,XOM
2006-01-30 08:00:00-05:00,1.45,1.65,13.48,XOM
2005-10-27 08:00:00-04:00,1.39,1.32,-5.1,XOM
2005-07-28 08:00:00-04:00,1.22,1.23,0.65,XOM
2005-04-28 08:00:00-04:00,1.2,1.15,-4.01,XOM
2005-01-31 08:00:00-05:00,1.05,1.3,23.93,XOM
2004-10-28 08:00:00-04:00,0.87,0.96,10.98,XOM
2004-07-29 08:00:00-04:00,0.88,0.88,0.46,XOM
2004-04-29 08:00:00-04:00,0.75,0.83,11.11,XOM
2004-01-29 08:00:00-05:00,0.58,0.68,17.85,XOM
2003-10-30 08:00:00-05:00,0.62,0.55,-11.86,XOM
2003-07-31 08:00:00-04:00,0.56,0.62,11.51,XOM
2003-05-01 08:00:00-04:00,0.69,0.71,2.75,XOM
2003-01-30 08:00:00-05:00,0.5,0.56,11.36,XOM
2002-10-31 08:00:00-05:00,0.42,0.44,4.99,XOM
2002-08-01 08:00:00-04:00,0.45,0.39,-12.36,XOM
2002-04-23 09:00:00-04:00,0.39,0.31,-19.83,XOM
2002-01-23 08:00:00-05:00,0.38,0.42,11.26,XOM
2026-11-03 15:00:00-05:00,1.02,,,XYZ
2026-08-05 16:00:00-04:00,0.87,1.02,16.71,XYZ
2026-05-07 16:00:00-04:00,0.68,0.85,25.55,XYZ
2026-02-26 16:00:00-05:00,0.65,0.65,0.15,XYZ
2025-11-06 16:00:00-05:00,0.66,0.54,-18.09,XYZ
2025-08-07 16:00:00-04:00,0.67,0.62,-8.01,XYZ
2025-05-01 16:00:00-04:00,0.93,0.56,-39.71,XYZ
2025-02-20 16:00:00-05:00,0.87,0.71,-18.79,XYZ
2024-11-07 16:00:00-05:00,0.89,0.88,-1.33,XYZ
2024-08-01 16:00:00-04:00,0.84,0.93,11.36,XYZ
2024-05-02 16:00:00-04:00,0.73,0.85,16.43,XYZ
2024-02-22 16:00:00-05:00,0.57,0.45,-21.07,XYZ
2023-11-02 16:00:00-04:00,0.46,0.55,18.75,XYZ
2023-08-03 16:00:00-04:00,0.37,0.39,5.66,XYZ
2023-05-04 16:00:00-04:00,0.34,0.4,17.42,XYZ
2023-02-23 16:00:00-05:00,0.3,0.22,-27.01,XYZ
2022-11-03 16:00:00-04:00,0.23,0.42,83.29,XYZ
2022-08-04 16:00:00-04:00,0.16,0.18,12.25,XYZ
2022-05-05 16:00:00-04:00,0.2,0.18,-10.62,XYZ
2022-02-24 16:00:00-05:00,0.23,0.27,16.23,XYZ
2021-11-04 21:00:00-04:00,0.38,0.37,-3.04,XYZ
2021-08-02 06:00:00-04:00,0.31,0.66,113.04,XYZ
2021-05-06 16:00:00-04:00,0.16,0.41,149.85,XYZ
2021-02-23 16:00:00-05:00,0.24,0.32,33.27,XYZ
2020-11-05 16:00:00-05:00,0.16,0.34,112.74,XYZ
2020-08-05 06:00:00-04:00,-0.05,0.18,453.43,XYZ
2020-05-06 16:00:00-04:00,0.13,-0.02,-115.59,XYZ
2020-02-26 16:00:00-05:00,0.21,0.23,9.82,XYZ
2019-11-06 16:00:00-05:00,0.2,0.25,23.48,XYZ
2019-08-01 16:00:00-04:00,0.16,0.21,28.68,XYZ
2019-05-01 16:00:00-04:00,0.08,0.11,40.45,XYZ
2019-02-27 16:00:00-05:00,0.13,0.14,3.91,XYZ
2018-11-07 16:00:00-05:00,0.11,0.13,16.45,XYZ
2018-08-01 16:00:00-04:00,0.11,0.13,15.01,XYZ
2018-05-02 16:00:00-04:00,0.05,0.06,11.94,XYZ
2018-02-27 16:00:00-05:00,0.07,0.08,18.05,XYZ
2017-11-08 16:00:00-05:00,0.05,0.07,29.46,XYZ
2017-08-02 16:00:00-04:00,0.05,0.07,39.19,XYZ
2017-05-03 12:00:00-04:00,0.02,0.05,130.95,XYZ
2017-02-22 16:00:00-05:00,-0.07,-0.04,38.72,XYZ
2016-11-01 16:00:00-04:00,-0.12,-0.09,22.25,XYZ
2016-08-03 16:00:00-04:00,-0.03,-0.08,-144.57,XYZ
2016-05-05 16:00:00-04:00,-0.08,-0.29,-250.33,XYZ
2016-03-10 16:00:00-05:00,-0.11,-0.21,-94.52,XYZ
2026-11-05 15:00:00-05:00,0.43,,,YELP
2026-08-06 16:00:00-04:00,0.36,0.57,56.7,YELP
2026-05-07 16:00:00-04:00,0.26,0.3,13.78,YELP
2026-02-12 16:00:00-05:00,0.9,0.89,-1.31,YELP
2025-11-06 16:00:00-05:00,0.92,0.96,4.11,YELP
2025-08-07 16:00:00-04:00,0.88,1.07,21.6,YELP
2025-05-08 16:00:00-04:00,0.78,0.81,3.11,YELP
2025-02-13 16:00:00-05:00,0.95,0.99,4.59,YELP
2024-11-07 16:00:00-05:00,0.9,1.02,13.63,YELP
2024-08-08 16:00:00-04:00,0.71,0.99,40.47,YELP
2024-05-08 20:00:00-04:00,0.49,0.66,34.86,YELP
2024-02-15 16:00:00-05:00,0.38,0.37,-2.42,YELP
2023-11-02 16:00:00-04:00,0.35,0.79,123.09,YELP
2023-08-03 16:00:00-04:00,0.15,0.21,38.91,YELP
2023-05-04 16:00:00-04:00,0.4,0.59,46.82,YELP
2023-02-09 16:00:00-05:00,0.29,0.28,-4.98,YELP
2022-11-03 16:00:00-04:00,0.58,0.51,-12.32,YELP
2022-08-04 16:00:00-04:00,0.46,0.36,-20.33,YELP
2022-05-05 16:00:00-04:00,-0.09,-0.01,89.38,YELP
2022-02-10 16:00:00-05:00,0.14,0.3,120.36,YELP
2021-11-04 16:00:00-04:00,0.48,0.62,30.09,YELP
2021-08-05 16:00:00-04:00,-0.09,0.05,152.64,YELP
2021-05-06 16:00:00-04:00,0.17,0.3,74.74,YELP
2021-02-09 16:00:00-05:00,0.32,0.69,112.82,YELP
2020-11-05 16:00:00-05:00,-0.36,-0.01,97.21,YELP
2020-08-06 16:00:00-04:00,-0.18,-0.01,94.91,YELP
2020-05-07 17:00:00-04:00,-0.12,-0.22,-90.03,YELP
2020-02-13 16:00:00-05:00,0.6,0.59,-2.1,YELP
2019-11-07 16:00:00-05:00,0.5,0.53,6.02,YELP
2019-08-08 16:00:00-04:00,0.12,0.16,32.18,YELP
2019-05-10 16:00:00-04:00,0.02,0.02,1.68,YELP
2019-02-13 16:00:00-05:00,0.11,0.37,246.15,YELP
2018-11-08 16:00:00-05:00,0.35,0.5,40.4,YELP
2018-08-08 16:00:00-04:00,0.27,0.44,59.38,YELP
2018-05-10 16:00:00-04:00,-0.05,-0.03,38.88,YELP
2018-02-07 16:00:00-05:00,0.27,0.19,-29.37,YELP
2017-11-01 16:00:00-04:00,0.22,0.29,34.22,YELP
2017-08-03 16:00:00-04:00,0.21,0.25,17.72,YELP
2017-05-09 16:00:00-04:00,0.16,0.19,18.2,YELP
2017-02-09 16:00:00-05:00,0.26,0.27,4.38,YELP
2016-11-02 07:00:00-04:00,-0.04,0.02,154.29,YELP
2016-08-09 16:00:00-04:00,0.15,0.16,8.13,YELP
2016-05-05 16:00:00-04:00,0.03,0.08,137.39,YELP
2016-02-08 13:00:00-05:00,0.12,0.11,-8.73,YELP
2015-10-28 16:00:00-04:00,0.07,0.03,-55.36,YELP
2015-07-28 16:00:00-04:00,0.16,0.12,-25.18,YELP
2015-04-29 16:00:00-04:00,0.16,0.1,-37.26,YELP
2015-02-05 16:00:00-05:00,0.22,0.24,5.97,YELP
2014-10-22 16:00:00-04:00,0.18,0.16,-13.21,YELP
2014-07-30 16:00:00-04:00,-0.03,0.04,220.12,YELP
2014-04-30 16:00:00-04:00,0.07,0.04,-44.7,YELP
2014-02-05 16:00:00-05:00,0.09,0.1,10.52,YELP
2013-10-29 16:00:00-04:00,0.07,0.07,3.43,YELP
2013-07-31 16:00:00-04:00,0.03,0.07,113.22,YELP
2013-05-01 16:00:00-04:00,-0.06,-0.08,-29.03,YELP
2013-02-06 16:00:00-05:00,-0.01,-0.01,-76.47,YELP
2012-11-01 16:00:00-04:00,,0.01,85.31,YELP
2012-08-01 16:00:00-04:00,-0.05,-0.03,40.41,YELP
2012-05-02 16:00:00-04:00,-0.13,-0.31,-138.74,YELP
2026-11-24 15:00:00-05:00,1.5,,,ZM
2026-08-25 16:00:00-04:00,1.48,1.55,5.03,ZM
2026-05-21 16:00:00-04:00,1.42,1.55,9.47,ZM
2026-02-25 16:00:00-05:00,1.49,1.44,-3.11,ZM
2025-11-24 16:00:00-05:00,1.44,1.52,5.76,ZM
2025-08-21 16:00:00-04:00,1.38,1.53,11.03,ZM
2025-05-21 16:00:00-04:00,1.31,1.43,9.54,ZM
2025-02-24 16:00:00-05:00,1.31,1.41,7.91,ZM
2024-11-25 16:00:00-05:00,1.31,1.38,5.51,ZM
2024-08-21 16:00:00-04:00,1.22,1.39,14.22,ZM
2024-05-20 16:00:00-04:00,1.19,1.35,13.5,ZM
2024-02-26 16:00:00-05:00,1.15,1.42,23.01,ZM
2023-11-20 16:00:00-05:00,1.08,1.29,19.5,ZM
2023-08-21 16:00:00-04:00,1.06,1.34,26.52,ZM
2023-05-22 16:00:00-04:00,0.99,1.16,16.68,ZM
2023-02-27 16:00:00-05:00,0.82,1.22,49.48,ZM
2022-11-21 16:00:00-05:00,0.84,1.07,27.21,ZM
2022-08-22 16:00:00-04:00,0.93,1.05,12.65,ZM
2022-05-23 16:00:00-04:00,0.87,1.03,17.93,ZM
2022-02-28 16:00:00-05:00,1.07,1.29,20.75,ZM
2021-11-22 16:00:00-05:00,1.09,1.11,1.4,ZM
2021-08-30 16:00:00-04:00,1.16,1.36,17.28,ZM
2021-06-01 16:00:00-04:00,0.98,1.32,34.56,ZM
2021-03-01 16:00:00-05:00,0.79,1.22,54.4,ZM
2020-11-30 16:00:00-05:00,0.76,0.99,30.19,ZM
2020-08-31 16:00:00-04:00,0.45,0.92,102.73,ZM
2020-06-02 16:00:00-04:00,0.1,0.2,102.96,ZM
2020-03-04 16:00:00-05:00,0.07,0.15,111.27,ZM
2019-12-05 16:00:00-05:00,0.03,0.09,189.3,ZM
2019-09-05 16:00:00-04:00,0.01,0.08,454.02,ZM
2019-06-06 16:00:00-04:00,0.01,0.03,390.2,ZM
