date,open,high,low,close,volume
2007-01-03,142.250000,142.860001,140.570007,141.369995,94807600
2007-01-04,141.229996,142.050003,140.610001,141.669998,69620600
2007-01-05,141.330002,141.399994,140.380005,140.539993,76645300
2007-01-08,140.820007,141.410004,140.250000,141.190002,71655000
2007-01-09,141.309998,141.600006,140.399994,141.070007,75680100
2007-01-10,140.580002,141.570007,140.300003,141.539993,72428000
2007-01-11,141.580002,142.619995,141.500000,142.160004,54476800
2007-01-12,142.149994,143.240005,142.110001,143.240005,55370600
2007-01-16,143.070007,143.440002,142.729996,142.960007,44871300
2007-01-17,142.850006,143.460007,142.729996,143.020004,50241400
2007-01-18,143.169998,143.259995,142.309998,142.539993,68177300
2007-01-19,142.539993,143.100006,142.460007,142.820007,56973000
2007-01-22,143.070007,143.100006,141.929993,142.380005,60253600
2007-01-23,142.259995,143.080002,142.059998,142.800003,54064400
2007-01-24,142.970001,143.979996,142.910004,143.949997,55834700
2007-01-25,143.860001,143.919998,142.009995,142.259995,73583800
2007-01-26,142.570007,142.649994,141.580002,142.130005,67255600
2007-01-29,142.190002,142.800003,141.740005,142.050003,66114600
2007-01-30,142.350006,142.860001,142.059998,142.789993,70407600
2007-01-31,142.630005,144.130005,142.399994,143.750000,91868600
2007-02-01,144.149994,144.660004,143.910004,144.610001,69312400
2007-02-02,144.729996,144.949997,144.380005,144.809998,49607000
2007-02-05,144.699997,144.940002,144.339996,144.850006,45705300
2007-02-06,144.970001,145.029999,144.330002,144.889999,57081300
2007-02-07,145.119995,145.360001,144.570007,145.210007,55669700
2007-02-08,144.779999,145.119995,144.270004,145.020004,70641000
2007-02-09,145.059998,145.330002,143.389999,143.940002,79084400
2007-02-12,143.940002,144.039993,143.190002,143.449997,65657000
2007-02-13,143.770004,144.899994,143.759995,144.660004,64081800
2007-02-14,144.800003,145.899994,144.779999,145.610001,66039400
2007-02-15,145.669998,145.949997,145.429993,145.800003,38715200
2007-02-16,145.440002,145.759995,145.229996,145.729996,39841800
2007-02-20,145.559998,146.199997,145.000000,146.039993,56911800
2007-02-21,145.610001,146.070007,145.350006,145.979996,63971600
2007-02-22,146.050003,146.419998,145.169998,145.869995,79067400
2007-02-23,145.740005,145.789993,145.029999,145.300003,71966200
2007-02-26,145.830002,145.949997,144.750000,145.169998,69192800
2007-02-27,143.880005,144.199997,139.000000,139.500000,274466500
2007-02-28,140.389999,141.979996,139.800003,140.929993,177536300
2007-03-01,139.339996,141.250000,138.050003,140.509995,212828600
2007-03-02,140.050003,140.660004,138.660004,138.669998,162574000
2007-03-05,137.929993,139.580002,137.330002,137.350006,143750400
2007-03-06,138.779999,140.119995,137.720001,139.699997,143333300
2007-03-07,139.589996,140.460007,139.399994,139.559998,115144900
2007-03-08,140.539993,141.160004,140.070007,140.740005,117891600
2007-03-09,141.309998,141.419998,140.080002,140.779999,107765100
2007-03-12,140.419998,141.339996,140.160004,140.990005,80366900
2007-03-13,140.179993,140.770004,138.039993,138.250000,190605200
2007-03-14,138.429993,139.360001,136.750000,139.279999,231853800
2007-03-15,138.970001,139.990005,138.800003,139.470001,132435900
2007-03-16,139.309998,139.630005,138.119995,138.529999,121531600
2007-03-19,139.259995,140.330002,139.149994,140.199997,96161200
2007-03-20,140.080002,141.050003,139.960007,140.970001,82147400
2007-03-21,141.100006,143.649994,140.820007,143.289993,152368700
2007-03-22,143.479996,143.679993,142.789993,143.179993,118942200
2007-03-23,143.279999,143.809998,143.149994,143.389999,74416800
2007-03-26,143.500000,143.649994,142.089996,143.199997,113787500
2007-03-27,143.119995,143.160004,142.389999,142.860001,99864600
2007-03-28,142.139999,142.470001,141.259995,141.820007,152907900
2007-03-29,142.539993,142.610001,141.190002,141.970001,139432700
2007-03-30,142.240005,142.839996,140.559998,142.000000,128194100
2007-04-02,142.160004,142.460007,141.479996,142.160004,79416400
2007-04-03,142.970001,143.979996,142.910004,143.690002,82417800
2007-04-04,143.690002,143.949997,143.160004,143.850006,63995200
2007-04-05,143.669998,144.440002,143.610001,144.240005,46822800
2007-04-09,144.649994,144.800003,144.149994,144.440002,50967400
2007-04-10,144.330002,144.850006,144.270004,144.610001,56620000
2007-04-11,144.820007,144.860001,143.539993,144.020004,106365700
2007-04-12,143.740005,144.919998,143.339996,144.660004,115534400
2007-04-13,144.899994,145.320007,144.360001,145.320007,84287000
2007-04-16,145.830002,146.860001,145.820007,146.699997,83064600
2007-04-17,146.970001,147.399994,146.649994,147.089996,108424100
2007-04-18,146.600006,147.699997,146.570007,147.270004,88345300
2007-04-19,146.550003,147.399994,146.360001,147.229996,102947700
2007-04-20,148.220001,148.619995,147.039993,148.619995,124114100
2007-04-23,148.369995,148.729996,147.970001,148.059998,77270800
2007-04-24,148.229996,148.399994,147.320007,148.119995,114471000
2007-04-25,148.729996,149.660004,148.020004,149.479996,108418800
2007-04-26,149.490005,149.800003,149.100006,149.649994,88741600
2007-04-27,149.089996,149.740005,148.839996,149.529999,108191100
2007-04-30,149.639999,149.740005,148.210007,148.289993,100874100
2007-05-01,148.419998,149.470001,147.669998,148.669998,134342700
2007-05-02,148.899994,149.949997,148.750000,149.539993,87129800
2007-05-03,149.970001,150.399994,149.729996,150.350006,86569700
2007-05-04,150.750000,151.119995,150.220001,150.919998,96409000
2007-05-07,150.880005,151.199997,150.809998,150.949997,63461400
2007-05-08,150.580002,150.919998,150.130005,150.750000,80584000
2007-05-09,150.639999,152.820007,150.369995,151.160004,102070100
2007-05-10,150.729996,151.020004,149.270004,149.580002,153617800
2007-05-11,149.750000,150.929993,149.720001,150.860001,113408900
2007-05-14,150.860001,151.300003,149.789993,150.529999,108027500
2007-05-15,150.699997,151.660004,150.190002,150.570007,180673300
2007-05-16,150.800003,151.630005,150.380005,151.600006,114166500
2007-05-17,151.380005,151.960007,151.110001,151.300003,101132800
2007-05-18,152.009995,152.619995,151.809998,152.619995,99182000
2007-05-21,152.580002,153.229996,152.500000,152.539993,174664600
2007-05-22,152.699997,153.160004,152.380005,152.419998,82148800
2007-05-23,152.949997,153.500000,152.360001,152.440002,133786600
2007-05-24,152.529999,153.210007,150.740005,151.059998,187593000
2007-05-25,151.500000,152.020004,151.179993,151.690002,83309200
2007-05-29,151.940002,152.500000,151.449997,152.240005,82020000
2007-05-30,151.460007,153.539993,151.339996,153.479996,129013600
2007-05-31,153.669998,153.889999,153.119995,153.320007,114866700
2007-06-01,153.880005,154.399994,153.509995,154.080002,107771700
2007-06-04,153.539993,154.389999,153.479996,154.100006,78008800
2007-06-05,153.740005,153.899994,152.860001,153.490005,126917900
2007-06-06,152.860001,152.949997,151.750000,151.839996,164096800
2007-06-07,151.559998,152.500000,149.059998,149.100006,232414600
2007-06-08,149.580002,151.190002,149.089996,151.039993,175886000
2007-06-11,150.929993,151.949997,150.699997,151.300003,102015600
2007-06-12,150.669998,151.539993,149.550003,149.649994,233898000
2007-06-13,150.500000,152.070007,149.720001,151.889999,193208200
2007-06-14,152.059998,153.119995,152.029999,152.860001,146396500
2007-06-15,153.139999,153.660004,152.929993,153.070007,154030800
2007-06-18,153.380005,153.389999,152.660004,152.889999,88537500
2007-06-19,152.550003,153.380005,152.360001,153.270004,110851700
2007-06-20,153.580002,153.580002,150.960007,151.139999,177119700
2007-06-21,151.080002,152.110001,150.250000,151.979996,205262000
2007-06-22,151.520004,151.770004,149.850006,150.550003,204964700
2007-06-25,150.240005,151.250000,149.020004,149.830002,232014400
2007-06-26,150.210007,150.460007,148.279999,148.289993,198445700
2007-06-27,148.130005,150.570007,148.059998,150.399994,213638000
2007-06-28,150.380005,151.410004,149.669998,150.380005,157705000
2007-06-29,150.899994,151.649994,149.149994,150.429993,199701800
2007-07-02,150.869995,151.919998,150.770004,151.789993,103357000
2007-07-03,152.179993,152.500000,151.990005,152.339996,54048400
2007-07-05,152.399994,152.559998,151.630005,152.179993,89279000
2007-07-06,152.380005,153.169998,151.929993,152.979996,81109000
2007-07-09,153.160004,153.360001,152.619995,153.100006,72348100
2007-07-10,152.289993,152.610001,150.770004,150.919998,180362600
2007-07-11,150.750000,152.050003,150.520004,151.990005,175607600
2007-07-12,152.369995,154.750000,152.339996,154.389999,133882500
2007-07-13,154.570007,155.460007,154.389999,154.850006,111794300
2007-07-16,154.990005,155.529999,154.580002,154.830002,98378700
2007-07-17,154.929993,155.479996,154.679993,154.750000,126201300
2007-07-18,154.229996,154.800003,153.300003,154.470001,237887400
2007-07-19,155.199997,155.529999,154.750000,155.070007,145212700
2007-07-20,154.889999,154.990005,152.830002,153.500000,245502500
2007-07-23,154.179993,154.720001,153.300003,153.970001,121183900
2007-07-24,153.119995,154.279999,150.759995,151.300003,256732400
2007-07-25,152.020004,152.389999,150.250000,151.610001,265214500
2007-07-26,150.190002,150.800003,146.389999,148.020004,467592500
2007-07-27,148.210007,148.869995,145.050003,145.110001,422987600
2007-07-30,145.929993,147.809998,145.289993,147.380005,283017500
2007-07-31,148.330002,149.460007,145.039993,145.720001,316976700
2007-08-01,145.179993,147.009995,143.949997,146.429993,467670000
2007-08-02,146.759995,147.759995,145.259995,147.600006,294758400
2007-08-03,147.279999,147.580002,143.199997,143.800003,359398200
2007-08-06,144.210007,146.830002,142.529999,146.210007,324980000
2007-08-07,145.940002,149.000000,145.229996,147.770004,232568700
2007-08-08,148.410004,150.589996,147.339996,149.830002,274930600
2007-08-09,147.429993,148.949997,145.289993,145.389999,357622100
2007-08-10,144.389999,146.500000,143.119995,144.710007,411018400
2007-08-13,146.500000,146.889999,145.020004,145.229996,181917200
2007-08-14,145.699997,146.059998,142.720001,143.009995,264134500
2007-08-15,142.720001,144.460007,140.619995,141.039993,323834000
2007-08-16,139.789993,142.940002,137.000000,142.100006,546743700
2007-08-17,145.500000,145.809998,141.389999,144.710007,388218100
2007-08-20,145.169998,145.470001,143.289993,144.639999,187320400
2007-08-21,144.600006,145.970001,144.139999,144.929993,157066400
2007-08-22,146.009995,146.800003,145.330002,146.649994,173156700
2007-08-23,147.339996,147.649994,145.610001,146.520004,203915300
2007-08-24,146.479996,148.330002,146.279999,148.330002,128901900
2007-08-27,147.850006,148.330002,146.729996,146.949997,113024300
2007-08-28,146.160004,146.250000,143.460007,143.720001,219790700
2007-08-29,144.369995,146.740005,143.960007,146.539993,207654200
2007-08-30,145.449997,147.190002,145.309998,146.149994,191817300
2007-08-31,147.649994,148.500000,146.830002,147.589996,185477500
2007-09-04,147.449997,149.979996,147.399994,149.080002,120062000
2007-09-05,148.199997,148.360001,147.000000,147.789993,166261800
2007-09-06,147.949997,148.610001,147.119995,148.130005,127878400
2007-09-07,146.479996,146.889999,145.259995,146.070007,235447600
2007-09-10,146.520004,146.720001,144.330002,145.789993,192305900
2007-09-11,146.240005,147.699997,146.130005,147.490005,162081900
2007-09-12,147.289993,148.440002,146.979996,147.869995,149554600
2007-09-13,148.550003,149.449997,148.199997,148.910004,154079000
2007-09-14,147.960007,149.089996,147.740005,148.899994,121911000
2007-09-17,148.309998,148.649994,147.630005,148.100006,109870800
2007-09-18,148.830002,152.500000,148.130005,152.460007,263759500
2007-09-19,153.410004,154.389999,152.710007,153.360001,193779900
2007-09-20,153.339996,153.429993,152.110001,152.279999,175186800
2007-09-21,152.710007,153.119995,151.740005,151.970001,141457500
2007-09-24,152.419998,152.820007,151.360001,151.690002,139450200
2007-09-25,150.809998,151.660004,150.470001,151.389999,142289900
2007-09-26,152.250000,152.770004,151.389999,152.190002,135547000
2007-09-27,152.910004,153.100006,152.190002,153.089996,102713300
2007-09-28,152.850006,153.190002,151.979996,152.580002,133372100
2007-10-01,152.600006,154.750000,152.500000,154.300003,148162300
2007-10-02,154.610001,154.649994,153.809998,154.089996,112978800
2007-10-03,153.809998,154.410004,153.009995,153.779999,119055900
2007-10-04,154.110001,154.259995,153.589996,154.020004,76864400
2007-10-05,155.029999,156.100006,154.630005,155.850006,134579700
2007-10-08,155.389999,155.490005,154.770004,155.020004,71280400
2007-10-09,155.600006,156.500000,155.029999,156.479996,94054300
2007-10-10,156.039993,156.440002,155.410004,156.220001,101711100
2007-10-11,156.929993,157.520004,154.539993,155.470001,233529100
2007-10-12,155.460007,156.350006,155.270004,156.330002,124546700
2007-10-15,156.270004,156.360001,153.940002,155.009995,161151900
2007-10-16,154.410004,154.520004,153.470001,153.779999,166525700
2007-10-17,154.979996,155.089996,152.470001,154.250000,216687300
2007-10-18,153.449997,154.190002,153.080002,153.690002,148367500
2007-10-19,153.089996,156.479996,149.660004,149.669998,297169900
2007-10-22,148.860001,150.759995,148.660004,150.539993,261989800
2007-10-23,151.460007,151.949997,150.250000,151.759995,180085100
2007-10-24,151.210007,151.740005,148.839996,151.479996,326694200
2007-10-25,151.649994,152.289993,149.880005,151.839996,237374500
2007-10-26,153.059998,153.619995,151.899994,153.619995,176484000
2007-10-29,153.929993,154.440002,153.550003,154.130005,106841000
2007-10-30,153.449997,153.750000,152.869995,153.059998,132981600
2007-10-31,153.979996,155.270004,152.839996,154.649994,220954400
2007-11-01,153.289993,153.410004,150.589996,151.029999,333040800
2007-11-02,151.529999,152.000000,149.210007,151.199997,331228200
2007-11-05,149.639999,151.160004,148.970001,150.050003,226841000
2007-11-06,150.860001,152.110001,149.899994,152.070007,177800500
2007-11-07,150.440002,151.130005,147.550003,147.910004,306639700
2007-11-08,147.990005,148.399994,145.070007,147.160004,374509900
2007-11-09,145.690002,147.539993,144.889999,145.139999,277745100
2007-11-12,145.210007,146.610001,143.699997,143.699997,243087800
2007-11-13,145.369995,148.309998,145.220001,148.080002,191117400
2007-11-14,149.220001,149.399994,146.779999,147.669998,230558800
2007-11-15,146.570007,147.490005,144.520004,145.539993,263111100
2007-11-16,146.309998,146.470001,144.570007,145.789993,308770600
2007-11-19,145.279999,145.360001,143.190002,143.759995,267746000
2007-11-20,144.020004,145.529999,142.110001,144.639999,414767500
2007-11-21,143.080002,143.910004,141.669998,141.679993,259012400
2007-11-23,143.070007,144.339996,142.699997,144.130005,77688400
2007-11-26,144.429993,144.880005,140.660004,140.949997,214232000
2007-11-27,141.740005,143.229996,140.949997,142.570007,293897900
2007-11-28,144.190002,147.470001,144.139999,147.130005,258596900
2007-11-29,146.619995,147.720001,146.100006,147.179993,199409900
2007-11-30,149.039993,149.869995,147.330002,148.660004,222908000
2007-12-03,148.190002,148.449997,147.289993,147.679993,146430400
2007-12-04,146.660004,147.539993,146.309998,146.360001,136533900
2007-12-05,147.929993,149.199997,147.830002,148.809998,171130000
2007-12-06,148.630005,151.210007,148.570007,150.940002,154457400
2007-12-07,151.419998,151.500000,150.550003,150.910004,148980100
2007-12-10,151.279999,152.250000,150.860001,152.080002,123914300
2007-12-11,152.139999,152.889999,147.830002,147.910004,250346400
2007-12-12,151.059998,151.770004,147.199997,149.369995,322435600
2007-12-13,148.320007,149.389999,147.300003,149.059998,237551300
2007-12-14,147.929993,149.100006,147.100006,147.169998,159152900
2007-12-17,146.610001,146.869995,144.860001,145.070007,177269400
2007-12-18,146.100006,146.479996,143.960007,145.880005,245569300
2007-12-19,145.940002,146.889999,144.940002,145.880005,198917200
2007-12-20,146.839996,146.860001,145.179993,146.800003,214813800
2007-12-21,147.369995,148.419998,147.089996,148.130005,146084400
2007-12-24,148.820007,149.479996,148.479996,149.229996,45601400
2007-12-26,148.649994,149.679993,148.500000,149.550003,67093100
2007-12-27,149.020004,149.029999,147.320007,147.669998,122981700
2007-12-28,148.539993,148.610001,146.899994,147.300003,116398100
2007-12-31,147.100006,147.610001,146.059998,146.210007,108126800
2008-01-02,146.529999,146.990005,143.880005,144.929993,204935600
2008-01-03,144.910004,145.490005,144.070007,144.860001,125133300
2008-01-04,143.339996,143.440002,140.910004,141.309998,232330900
2008-01-07,141.809998,142.229996,140.100006,141.190002,234991000
2008-01-08,142.080002,142.899994,138.440002,138.910004,326365700
2008-01-09,139.089996,140.789993,137.699997,140.369995,301824900
2008-01-10,139.679993,142.800003,139.369995,141.289993,335701200
2008-01-11,140.779999,141.899994,139.000000,140.149994,267076600
2008-01-14,141.160004,141.860001,140.399994,141.279999,170365500
2008-01-15,139.789993,141.490005,137.899994,138.169998,239940100
2008-01-16,137.360001,139.119995,136.279999,136.979996,378802600
2008-01-17,137.809998,137.880005,132.929993,133.429993,397892600
2008-01-18,134.740005,135.020004,131.100006,132.059998,348561500
2008-01-22,127.209999,132.429993,126.000000,130.720001,435923700
2008-01-23,127.089996,134.190002,126.839996,133.860001,511913000
2008-01-24,134.479996,135.460007,133.309998,134.990005,259949300
2008-01-25,136.509995,136.759995,132.600006,133.039993,269603900
2008-01-28,133.259995,135.520004,132.059998,135.240005,217934600
2008-01-29,136.100006,136.449997,134.880005,135.910004,168968300
2008-01-30,135.580002,138.539993,134.600006,134.910004,334939200
2008-01-31,133.399994,138.539993,133.199997,137.369995,343680800
2008-02-01,137.940002,139.610001,137.520004,139.580002,206843600
2008-02-04,139.210007,139.300003,137.639999,137.820007,124694300
2008-02-05,135.940002,136.250000,133.669998,134.130005,286882500
2008-02-06,134.580002,135.250000,132.410004,133.050003,250792900
2008-02-07,131.800003,134.789993,131.729996,133.929993,297368100
2008-02-08,133.089996,134.220001,132.100006,133.070007,221643500
2008-02-11,133.100006,134.229996,132.039993,133.750000,188576300
2008-02-12,134.910004,136.309998,133.979996,134.990005,256654400
2008-02-13,136.009995,137.059998,135.139999,136.369995,181967800
2008-02-14,136.949997,137.000000,134.789993,135.169998,215207200
2008-02-15,134.500000,135.220001,133.910004,135.139999,154110300
2008-02-19,136.720001,136.889999,134.610001,135.520004,145190000
2008-02-20,133.990005,136.550003,133.759995,135.919998,220085700
2008-02-21,136.660004,137.009995,134.070007,134.789993,201051200
2008-02-22,134.970001,135.850006,132.860001,135.619995,205491000
2008-02-25,135.539993,137.649994,134.779999,137.330002,190107000
2008-02-26,136.750000,138.949997,136.500000,138.360001,212420700
2008-02-27,137.559998,139.139999,137.410004,138.220001,168395800
2008-02-28,137.240005,137.960007,136.550003,136.869995,170831100
2008-02-29,135.600006,135.679993,132.779999,133.820007,252715200
2008-03-03,133.139999,133.809998,132.240005,133.500000,189483500
2008-03-04,132.229996,133.399994,130.990005,132.990005,282513100
2008-03-05,133.419998,134.770004,132.339996,133.830002,270681400
2008-03-06,132.979996,133.220001,130.550003,131.059998,247911700
2008-03-07,129.770004,131.740005,128.580002,129.710007,326434600
2008-03-10,129.839996,129.929993,127.589996,128.000000,235683600
2008-03-11,130.720001,132.720001,128.949997,132.600006,341440600
2008-03-12,132.740005,133.770004,131.160004,131.360001,229161100
2008-03-13,129.610001,132.639999,128.600006,131.649994,351504200
2008-03-14,132.770004,132.809998,127.779999,129.610001,484687800
2008-03-17,126.570000,129.259995,126.070000,128.300003,405311100
2008-03-18,130.619995,133.690002,129.979996,133.630005,334416600
2008-03-19,134.139999,134.649994,130.039993,130.320007,345971600
2008-03-20,130.050003,132.910004,129.259995,132.080002,245320700
2008-03-24,133.309998,135.809998,133.240005,134.720001,208977300
2008-03-25,134.860001,135.550003,133.770004,134.850006,192947200
2008-03-26,134.460007,135.089996,133.110001,133.199997,196934300
2008-03-27,134.199997,134.440002,132.360001,132.779999,225153200
2008-03-28,132.990005,133.360001,131.059998,131.509995,180896100
2008-03-31,131.289993,132.729996,131.089996,131.970001,166692100
2008-04-01,133.610001,136.839996,133.509995,136.610001,254547300
2008-04-02,137.050003,137.669998,135.979996,136.699997,210910800
2008-04-03,135.960007,137.440002,135.710007,137.039993,175884800
2008-04-04,137.119995,137.960007,136.119995,136.889999,204446800
2008-04-07,137.869995,138.570007,136.740005,136.960007,154245500
2008-04-08,136.190002,136.919998,135.949997,136.820007,148937300
2008-04-09,136.610001,136.800003,134.889999,135.830002,195610600
2008-04-10,135.419998,136.669998,134.899994,136.020004,192967800
2008-04-11,134.490005,135.119995,133.009995,133.380005,222973300
2008-04-14,133.190002,133.539993,132.550003,132.929993,160522000
2008-04-15,133.580002,133.690002,132.330002,133.240005,172389200
2008-04-16,134.539993,136.910004,134.520004,136.850006,189268900
2008-04-17,136.020004,137.250000,135.660004,137.050003,179665700
2008-04-18,138.940002,139.559998,138.259995,138.479996,218530600
2008-04-21,138.229996,138.979996,137.850006,138.550003,118587400
2008-04-22,138.190002,138.309998,136.899994,137.940002,162166000
2008-04-23,138.089996,138.779999,137.119995,137.720001,193309000
2008-04-24,138.080002,139.740005,137.039993,138.320007,229381300
2008-04-25,139.399994,139.889999,137.910004,139.600006,190788100
2008-04-28,139.880005,140.250000,139.380005,139.630005,105610200
2008-04-29,139.389999,139.729996,138.610001,139.080002,125514100
2008-04-30,139.289993,140.589996,138.259995,138.259995,208395900
2008-05-01,138.380005,141.119995,138.270004,141.119995,187279500
2008-05-02,142.339996,142.369995,140.559998,141.509995,181585500
2008-05-05,141.050003,141.610001,140.410004,140.830002,118504500
2008-05-06,140.020004,142.199997,139.690002,142.050003,179339800
2008-05-07,141.889999,142.039993,139.130005,139.520004,199267300
2008-05-08,139.740005,140.320007,138.979996,139.160004,178321200
2008-05-09,138.600006,139.389999,138.449997,138.899994,152588200
2008-05-12,139.250000,140.559998,138.729996,140.460007,147865900
2008-05-13,140.800003,140.889999,139.729996,140.479996,159132200
2008-05-14,141.070007,142.199997,140.460007,140.770004,181910800
2008-05-15,141.039993,142.630005,140.830002,142.529999,166927000
2008-05-16,142.860001,142.869995,141.610001,142.660004,204236800
2008-05-19,142.809998,144.300003,142.300003,143.050003,165664400
2008-05-20,142.270004,142.339996,141.000000,141.889999,178552100
2008-05-21,141.809998,142.119995,139.000000,139.490005,252724800
2008-05-22,139.429993,140.169998,139.000000,139.509995,170820400
2008-05-23,139.050003,139.660004,137.520004,137.639999,181376400
2008-05-27,137.800003,139.000000,137.529999,138.660004,168322900
2008-05-28,139.169998,140.000000,138.000000,139.300003,181288100
2008-05-29,139.130005,140.929993,139.080002,140.000000,173927200
2008-05-30,140.470001,140.740005,139.940002,140.350006,117362000
2008-06-02,139.830002,139.860001,138.000000,138.899994,181069900
2008-06-03,139.300003,139.619995,137.229996,138.089996,271965700
2008-06-04,137.699997,139.160004,137.460007,138.020004,246637700
2008-06-05,138.580002,140.889999,138.320007,140.779999,237867100
2008-06-06,139.550003,139.800003,136.220001,136.289993,384276300
2008-06-09,136.860001,137.500000,135.410004,136.619995,228263900
2008-06-10,135.669998,137.100006,135.350006,135.940002,260234900
2008-06-11,135.970001,136.259995,133.929993,133.940002,283890100
2008-06-12,134.600006,135.869995,133.520004,134.449997,252791800
2008-06-13,135.169998,136.520004,134.419998,136.149994,244726900
2008-06-16,135.550003,136.929993,135.460007,136.229996,185832500
2008-06-17,137.070007,137.119995,135.369995,135.570007,191707700
2008-06-18,134.690002,135.520004,133.710007,134.250000,265893000
2008-06-19,134.149994,135.240005,133.500000,134.419998,304204900
2008-06-20,132.839996,133.089996,131.220001,131.580002,289275700
2008-06-23,132.089996,132.229996,131.320007,131.449997,165096400
2008-06-24,131.050003,132.440002,130.190002,131.190002,267300600
2008-06-25,131.720001,133.399994,131.240005,131.809998,287853900
2008-06-26,130.570007,131.419998,128.080002,128.229996,297775000
2008-06-27,128.279999,128.860001,127.040001,127.529999,303423400
2008-06-30,127.889999,128.910004,127.300003,127.980003,258842600
2008-07-01,126.519997,128.470001,125.930000,128.380005,388622000
2008-07-02,128.789993,129.160004,125.949997,126.180000,288064600
2008-07-03,127.110001,127.110001,124.989998,126.309998,239352500
2008-07-07,126.790001,127.339996,123.919998,125.019997,372427300
2008-07-08,124.989998,127.389999,124.199997,127.239998,375973700
2008-07-09,127.500000,127.739998,124.389999,124.790001,336729400
2008-07-10,124.430000,125.790001,123.580002,125.300003,436475700
2008-07-11,123.970001,125.900002,122.489998,123.839996,481124600
2008-07-14,125.260002,125.500000,122.400002,122.720001,322720800
2008-07-15,121.800003,123.489998,120.019997,120.989998,502502500
2008-07-16,121.449997,124.570000,121.099998,123.959999,371642900
2008-07-17,125.139999,126.260002,124.089996,125.199997,375490600
2008-07-18,126.169998,126.419998,125.150002,125.980003,267030100
2008-07-21,126.510002,126.800003,125.190002,126.050003,222863000
2008-07-22,125.150002,127.800003,124.849998,127.480003,296904200
2008-07-23,127.889999,129.149994,127.550003,128.169998,311698400
2008-07-24,128.339996,128.410004,125.160004,125.510002,248634500
2008-07-25,125.889999,126.489998,125.169998,125.480003,219131000
2008-07-28,125.510002,126.059998,123.419998,123.639999,205201300
2008-07-29,123.980003,126.379997,123.639999,126.279999,261505600
2008-07-30,127.110001,128.600006,126.279999,128.529999,354710000
2008-07-31,127.400002,128.570007,126.629997,126.830002,277402100
2008-08-01,127.120003,127.279999,125.459999,126.160004,248690900
2008-08-04,126.040001,126.139999,124.760002,124.989998,188239600
2008-08-05,126.019997,128.559998,124.970001,128.360001,251577600
2008-08-06,128.020004,129.300003,127.480003,128.929993,209555400
2008-08-07,127.959999,128.440002,126.540001,127.010002,246312500
2008-08-08,126.580002,129.929993,126.379997,129.369995,260811700
2008-08-11,129.470001,131.509995,129.229996,130.710007,249425800
2008-08-12,130.279999,130.699997,128.729996,129.350006,213200800
2008-08-13,128.789993,129.649994,127.669998,128.570007,256393200
2008-08-14,127.839996,130.279999,127.750000,129.539993,239555300
2008-08-15,129.929993,130.500000,129.300003,130.169998,181000800
2008-08-18,130.429993,130.479996,127.660004,128.389999,172275100
2008-08-19,127.419998,127.690002,126.529999,126.989998,194673700
2008-08-20,127.389999,127.949997,126.339996,127.580002,225498200
2008-08-21,126.750000,128.440002,126.599998,127.800003,180609800
2008-08-22,128.669998,129.649994,127.800003,129.649994,167715300
2008-08-25,128.800003,129.649994,126.750000,127.019997,171936900
2008-08-26,127.019997,127.870003,126.580002,127.389999,159117200
2008-08-27,127.550003,128.830002,127.300003,128.630005,171032800
2008-08-28,129.279999,130.339996,129.110001,130.190002,167537100
2008-08-29,129.729996,130.139999,128.509995,128.789993,189195800
2008-09-02,130.029999,130.710007,127.519997,127.989998,252364900
2008-09-03,127.879997,128.500000,126.930000,127.879997,251947000
2008-09-04,126.970001,127.230003,123.959999,124.029999,340042500
2008-09-05,123.290001,124.949997,122.000000,124.419998,289503400
2008-09-08,128.039993,128.240005,124.419998,126.989998,364075300
2008-09-09,127.099998,127.360001,122.800003,123.220001,377326800
2008-09-10,123.889999,124.900002,122.550003,123.720001,298916600
2008-09-11,122.120003,125.739998,121.599998,125.510002,375369400
2008-09-12,124.290001,126.209999,123.830002,126.089996,297851200
2008-09-15,121.629997,125.650002,119.889999,120.089996,483607000
2008-09-16,117.199997,122.320000,117.000000,122.099998,581744300
2008-09-17,119.639999,121.849998,116.000000,116.610001,624095600
2008-09-18,118.050003,121.790001,113.800003,120.070000,776114700
2008-09-19,126.699997,128.000000,123.330002,124.120003,501087800
2008-09-22,124.449997,124.750000,120.360001,121.309998,249966500
2008-09-23,120.849998,122.019997,118.279999,118.550003,327470400
2008-09-24,119.349998,120.000000,117.790001,118.930000,311818400
2008-09-25,119.400002,121.910004,118.440002,120.790001,328253000
2008-09-26,118.830002,121.500000,118.510002,120.849998,285917400
2008-09-29,119.139999,119.339996,110.970001,111.379997,459562300
2008-09-30,113.510002,116.800003,110.529999,115.989998,328154400
2008-10-01,115.269997,116.690002,113.949997,116.059998,332783000
2008-10-02,114.949997,115.110001,111.059998,111.849998,365337800
2008-10-03,112.860001,115.449997,109.680000,110.339996,461798000
2008-10-06,107.150002,107.620003,100.639999,104.720001,610637500
2008-10-07,106.839996,107.330002,99.650002,100.029999,540012100
2008-10-08,97.519997,102.180000,96.809998,97.510002,725414800
2008-10-09,99.660004,100.620003,90.250000,90.699997,534485200
2008-10-10,86.760002,93.940002,83.580002,88.500000,871026300
2008-10-13,93.870003,101.349998,89.949997,101.349998,455584000
2008-10-14,104.699997,105.529999,97.110001,99.849998,546268300
2008-10-15,97.459999,97.800003,89.709999,90.019997,484627500
2008-10-16,91.290001,94.769997,86.540001,93.769997,708811200
2008-10-17,91.989998,98.589996,91.650002,93.209999,476649000
2008-10-20,95.349998,99.099998,94.089996,98.809998,321294200
2008-10-21,96.970001,98.639999,95.220001,95.860001,356502000
2008-10-22,93.199997,95.860001,87.529999,90.639999,516168000
2008-10-23,90.290001,92.449997,85.809998,91.690002,634666400
2008-10-24,84.059998,89.919998,84.000000,87.040001,545812600
2008-10-27,85.970001,89.510002,83.699997,83.949997,397288600
2008-10-28,87.339996,94.239998,84.529999,93.760002,639939500
2008-10-29,93.769997,97.169998,92.099998,93.080002,531270100
2008-10-30,95.779999,96.540001,92.900002,96.300003,414582100
2008-10-31,95.080002,98.570000,94.480003,96.830002,411394000
2008-11-03,96.779999,97.690002,95.949997,97.110001,205419400
2008-11-04,99.059998,100.860001,96.709999,100.410004,346793400
2008-11-05,99.199997,100.709999,95.000000,96.190002,387844100
2008-11-06,94.459999,95.440002,90.059998,90.860001,477721900
2008-11-07,91.650002,94.000000,90.500000,93.860001,380391000
2008-11-10,95.209999,95.529999,90.919998,92.629997,301773000
2008-11-11,90.760002,92.139999,88.650002,89.769997,418498200
2008-11-12,88.230003,88.949997,85.120003,85.820000,454330600
2008-11-13,86.129997,91.730003,82.089996,91.169998,753141900
2008-11-14,89.410004,92.059998,86.519997,86.620003,540352300
2008-11-17,86.379997,88.559998,85.160004,85.470001,415254900
2008-11-18,85.150002,87.220001,82.910004,87.080002,523811800
2008-11-19,85.910004,86.870003,80.919998,81.500000,558327600
2008-11-20,80.129997,82.510002,75.050003,75.449997,814180400
2008-11-21,77.459999,80.900002,74.339996,79.519997,718536500
2008-11-24,81.919998,86.989998,80.360001,85.029999,523305300
2008-11-25,87.300003,87.510002,83.820000,85.660004,454112400
2008-11-26,84.300003,89.190002,84.239998,88.970001,370134200
2008-11-28,88.629997,90.129997,88.480003,90.089996,118308100
2008-12-01,87.510002,87.550003,81.860001,82.110001,369927100
2008-12-02,83.470001,85.489998,82.040001,85.269997,469508400
2008-12-03,83.400002,87.830002,83.139999,87.320000,519863500
2008-12-04,86.059998,88.050003,83.739998,85.300003,444173800
2008-12-05,83.650002,88.419998,82.239998,87.930000,471905300
2008-12-08,90.339996,92.379997,88.080002,91.000000,412859300
2008-12-09,90.370003,92.129997,88.980003,89.500000,370790000
2008-12-10,90.320000,91.360001,89.000000,90.110001,396187400
2008-12-11,89.540001,91.000000,87.370003,87.940002,365061000
2008-12-12,85.550003,89.070000,85.199997,88.989998,415060400
2008-12-15,89.019997,89.150002,86.290001,87.750000,256694200
2008-12-16,91.879997,92.019997,88.180000,91.879997,377699500
2008-12-17,90.839996,92.430000,90.059998,90.989998,281819800
2008-12-18,91.400002,91.669998,88.209999,89.290001,374673300
2008-12-19,89.099998,90.620003,88.089996,88.190002,301451300
2008-12-22,88.580002,88.669998,85.489998,87.059998,243759500
2008-12-23,87.529999,87.930000,85.800003,86.160004,221625200
2008-12-24,86.449997,86.870003,86.000000,86.660004,62061600
2008-12-26,87.239998,87.300003,86.500000,87.160004,74767700
2008-12-29,87.239998,87.330002,85.599998,86.910004,127795900
2008-12-30,87.510002,89.050003,86.879997,88.970001,168256300
2008-12-31,89.080002,90.970001,88.870003,90.239998,193987200
2009-01-02,90.440002,93.440002,89.849998,92.959999,227566300
2009-01-05,92.629997,93.660004,91.889999,92.849998,240349700
2009-01-06,93.639999,94.449997,92.680000,93.470001,328260900
2009-01-07,92.000000,92.260002,90.199997,90.669998,280899200
2009-01-08,90.160004,91.089996,89.669998,91.040001,263834400
2009-01-09,91.160004,91.320000,85.360001,89.089996,330953600
2009-01-12,88.839996,88.910004,86.410004,86.949997,277858500
2009-01-13,86.730003,87.879997,86.199997,87.110001,356432300
2009-01-14,85.540001,85.750000,83.160004,84.370003,435491600
2009-01-15,84.120003,85.250000,81.720001,84.400002,532647300
2009-01-16,85.860001,85.989998,83.050003,85.059998,399237200
2009-01-20,84.230003,85.059998,80.050003,80.570000,419855200
2009-01-21,81.940002,84.239998,80.470001,84.050003,364360700
2009-01-22,82.419998,84.040001,81.169998,82.750000,427940300
2009-01-23,80.900002,83.989998,80.570000,83.110001,386800600
2009-01-26,83.589996,85.360001,82.809998,83.680000,317978800
2009-01-27,84.129997,85.150002,83.300003,84.529999,273789700
2009-01-28,86.400002,87.949997,86.070000,87.389999,330007000
2009-01-29,86.110001,87.489998,84.470001,84.550003,294392500
2009-01-30,84.980003,85.400002,82.209999,82.830002,383383600
2009-02-02,81.570000,83.180000,81.309998,82.580002,288233300
2009-02-03,83.099998,84.360001,82.220001,83.739998,278385800
2009-02-04,84.300003,85.370003,83.040001,83.330002,322989300
2009-02-05,82.699997,85.290001,77.730003,84.570000,417679400
2009-02-06,84.860001,87.339996,84.680000,86.980003,366101700
2009-02-09,86.959999,87.739998,86.320000,87.099998,240075200
2009-02-10,86.269997,87.029999,82.449997,83.110001,536212800
2009-02-11,83.449997,84.050003,82.400002,83.599998,324442500
2009-02-12,82.169998,83.820000,81.050003,83.660004,469302200
2009-02-13,83.550003,84.239998,82.739998,82.760002,293998400
2009-02-17,80.160004,82.959999,79.169998,79.220001,478910100
2009-02-18,79.790001,79.940002,78.279999,79.029999,362964800
2009-02-19,79.839996,80.150002,78.019997,78.180000,316867500
2009-02-20,76.730003,78.339996,75.769997,77.419998,477176600
2009-02-23,78.269997,78.269997,74.589996,74.650002,379641400
2009-02-24,75.290001,77.949997,74.699997,77.480003,426260900
2009-02-25,77.139999,78.419998,75.629997,76.870003,461985800
2009-02-26,77.820000,79.669998,75.529999,75.620003,363353900
2009-02-27,74.010002,75.690002,73.809998,73.930000,470510900
2009-03-02,72.519997,73.919998,70.370003,70.599998,426452600
2009-03-03,71.610001,71.699997,69.639999,70.070000,443761000
2009-03-04,71.230003,72.870003,70.070000,71.730003,462753100
2009-03-05,70.099998,71.730003,68.169998,68.800003,485549400
2009-03-06,69.400002,70.449997,67.099998,68.919998,490470000
2009-03-09,67.949997,70.000000,67.730003,68.110001,379905300
2009-03-10,69.510002,72.370003,69.370003,72.169998,406227900
2009-03-11,73.000000,73.750000,71.830002,72.639999,356648300
2009-03-12,72.620003,75.750000,71.970001,75.500000,409702700
2009-03-13,76.010002,76.980003,74.730003,76.089996,337474700
2009-03-16,76.959999,77.970001,75.809998,75.860001,360644900
2009-03-17,76.070000,78.360001,75.449997,78.180000,356814300
2009-03-18,77.809998,80.900002,77.070000,79.930000,473273200
2009-03-19,80.930000,81.000000,78.690002,78.940002,428520400
2009-03-20,78.760002,78.910004,76.529999,76.709999,371078200
2009-03-23,78.739998,82.290001,78.309998,82.220001,419933300
2009-03-24,81.239998,82.360001,80.510002,80.599998,330271000
2009-03-25,81.230003,82.699997,79.059998,81.449997,441775100
2009-03-26,82.250000,83.300003,81.320000,83.110001,422025200
2009-03-27,82.050003,82.529999,81.309998,81.610001,322332300
2009-03-30,79.800003,79.870003,77.959999,78.790001,324108500
2009-03-31,79.559998,81.080002,79.050003,79.519997,364238300
2009-04-01,78.529999,81.419998,78.330002,81.059998,377018300
2009-04-02,83.080002,84.610001,81.129997,83.430000,476230700
2009-04-03,83.489998,84.279999,82.669998,84.260002,284646300
2009-04-06,83.339996,84.279999,82.290001,83.599998,264866600
2009-04-07,82.250000,82.650002,81.510002,81.650002,258947800
2009-04-08,82.059998,82.940002,81.540001,82.529999,230402800
2009-04-09,84.669998,85.820000,84.330002,85.809998,269653500
2009-04-13,84.919998,86.540001,84.580002,85.830002,224847500
2009-04-14,85.029999,85.760002,84.080002,84.349998,276598800
2009-04-15,83.839996,85.419998,83.610001,85.250000,250726100
2009-04-16,85.930000,87.150002,84.769997,86.500000,335202900
2009-04-17,86.830002,87.650002,86.139999,87.080002,262649000
2009-04-20,85.540001,87.050003,83.339996,83.430000,293690100
2009-04-21,82.820000,85.129997,82.750000,85.059998,114090900
2009-04-22,84.290001,86.339996,84.070000,84.540001,340395200
2009-04-23,84.709999,85.419998,83.629997,85.370003,324903700
2009-04-24,86.029999,87.309998,85.690002,86.660004,287703000
2009-04-27,85.680000,87.010002,85.540001,85.839996,289581600
2009-04-28,84.970001,86.589996,84.760002,85.570000,247926300
2009-04-29,86.519997,88.360001,86.300003,87.389999,311505700
2009-04-30,88.550003,89.019997,86.919998,87.419998,301419800
2009-05-01,87.440002,88.209999,86.720001,87.889999,236110300
2009-05-04,88.550003,90.940002,88.379997,90.879997,287120000
2009-05-05,90.570000,90.930000,89.839996,90.570000,243036300
2009-05-06,91.680000,92.199997,90.610001,92.139999,291941000
2009-05-07,93.010002,93.150002,90.279999,90.860001,317728000
2009-05-08,92.029999,93.220001,91.440002,92.980003,299081700
2009-05-11,91.699997,92.110001,91.040001,91.239998,247923600
2009-05-12,91.629997,91.830002,89.849998,90.970001,282431300
2009-05-13,89.739998,90.010002,88.500000,88.680000,269619100
2009-05-14,88.720001,90.120003,88.500000,89.440002,260098700
2009-05-15,89.370003,90.000000,88.150002,88.709999,271502700
2009-05-18,89.550003,91.339996,88.570000,91.230003,241447400
2009-05-19,91.180000,91.970001,90.809998,91.120003,206102200
2009-05-20,91.949997,92.800003,90.410004,90.510002,285722200
2009-05-21,89.459999,89.800003,88.260002,89.209999,258988400
2009-05-22,89.459999,90.000000,88.680000,89.019997,166811900
2009-05-26,88.360001,91.559998,88.320000,91.300003,236318500
2009-05-27,91.440002,91.750000,89.529999,89.669998,246015800
2009-05-28,90.459999,91.339996,89.099998,90.919998,289095000
2009-05-29,91.419998,93.699997,90.680000,92.529999,258641500
2009-06-01,93.669998,95.169998,93.430000,94.769997,276246800
2009-06-02,94.400002,95.370003,94.230003,94.849998,230874500
2009-06-03,94.040001,94.129997,92.760002,93.650002,235310500
2009-06-04,94.000000,94.669998,93.300003,94.529999,210102300
2009-06-05,95.489998,95.669998,93.800003,94.550003,284257900
2009-06-08,93.839996,95.099998,93.040001,94.160004,238565100
2009-06-09,94.690002,95.139999,94.019997,94.639999,225125500
2009-06-10,95.480003,95.489998,93.190002,94.400002,296100400
2009-06-11,94.580002,96.110001,94.559998,94.820000,275414200
2009-06-12,94.400002,95.139999,94.000000,95.080002,184361800
2009-06-15,93.959999,94.019997,92.400002,92.900002,224190500
2009-06-16,93.230003,93.290001,91.580002,91.639999,227319000
2009-06-17,91.599998,92.330002,90.830002,91.550003,223445200
2009-06-18,91.690002,92.669998,91.250000,92.220001,211725100
2009-06-19,92.580002,92.699997,91.519997,92.040001,215655600
2009-06-22,91.139999,91.190002,89.250000,89.279999,251913600
2009-06-23,89.470001,89.879997,88.849998,89.349998,188309800
2009-06-24,90.160004,91.080002,89.599998,90.120003,211577700
2009-06-25,89.669998,92.169998,89.570000,92.080002,279411000
2009-06-26,91.769997,92.239998,91.269997,91.839996,167579000
2009-06-29,92.110001,92.820000,91.599998,92.699997,168481300
2009-06-30,92.720001,93.059998,91.269997,91.949997,228888200
2009-07-01,92.339996,93.230003,92.209999,92.330002,173041100
2009-07-02,91.129997,92.360001,89.760002,89.809998,212309900
2009-07-06,88.940002,89.930000,88.660004,89.800003,174499600
2009-07-07,89.709999,89.820000,88.000000,88.059998,197088900
2009-07-08,88.589996,88.800003,87.000000,88.000000,248050500
2009-07-09,88.610001,88.900002,87.910004,88.169998,163777600
2009-07-10,87.699997,88.489998,87.349998,87.959999,173520300
2009-07-13,88.309998,90.169998,87.589996,90.099998,217413500
2009-07-14,90.379997,90.690002,89.730003,90.610001,181487400
2009-07-15,91.809998,93.510002,90.680000,93.260002,220877900
2009-07-16,93.000000,94.510002,92.820000,93.110001,231174500
2009-07-17,94.059998,94.320000,93.540001,94.129997,138561700
2009-07-20,94.680000,95.290001,94.190002,95.129997,164179400
2009-07-21,95.870003,95.900002,94.419998,95.570000,217718300
2009-07-22,94.959999,96.129997,94.889999,95.550003,196068100
2009-07-23,95.610001,98.080002,95.529999,97.660004,258795500
2009-07-24,97.199997,98.139999,96.690002,98.059998,154003100
2009-07-27,97.879997,98.400002,97.339996,98.349998,159259400
2009-07-28,97.660004,98.370003,97.059998,97.889999,186685200
2009-07-29,97.440002,98.089996,96.980003,97.650002,194399300
2009-07-30,98.830002,99.830002,98.599998,98.669998,225575400
2009-07-31,98.650002,99.470001,98.379997,98.809998,207358000
2009-08-03,99.849998,100.529999,99.309998,100.440002,175776900
2009-08-04,99.989998,100.839996,99.779999,100.699997,176714600
2009-08-05,100.769997,100.860001,99.580002,100.410004,184726400
2009-08-06,100.870003,101.019997,99.419998,99.889999,193203800
2009-08-07,100.940002,102.029999,100.389999,101.199997,220640900
2009-08-10,100.739998,101.220001,100.269997,100.989998,130898700
2009-08-11,100.540001,100.610001,99.459999,99.730003,157301000
2009-08-12,99.559998,101.559998,99.510002,100.800003,219052400
2009-08-13,101.260002,101.610001,100.260002,101.570000,176449500
2009-08-14,101.519997,101.599998,99.699997,100.790001,199616100
2009-08-17,98.849998,98.949997,98.110001,98.309998,237667500
2009-08-18,98.529999,99.440002,98.349998,99.089996,173461500
2009-08-19,98.309998,100.300003,98.209999,99.959999,192812800
2009-08-20,100.089996,101.220001,99.870003,100.989998,174131300
2009-08-21,101.820000,103.129997,101.620003,102.970001,224605000
2009-08-24,103.389999,103.949997,102.589996,102.959999,191279000
2009-08-25,103.370003,104.260002,102.940002,103.160004,215310600
2009-08-26,102.839996,103.639999,102.489998,103.169998,194620700
2009-08-27,103.110001,103.720001,101.940002,103.400002,196230100
2009-08-28,104.230003,104.349998,102.669998,103.379997,147024400
2009-08-31,102.370003,102.580002,101.790001,102.459999,176051600
2009-09-01,101.949997,103.239998,99.989998,100.199997,321276800
2009-09-02,99.779999,100.440002,99.570000,99.820000,171805000
2009-09-03,100.400002,100.769997,99.589996,100.650002,143572300
2009-09-04,100.849998,102.089996,100.550003,102.059998,142687900
2009-09-08,103.000000,103.050003,102.389999,102.940002,132909100
2009-09-09,103.120003,104.080002,102.800003,103.730003,154612500
2009-09-10,103.800003,104.860001,103.220001,104.790001,162902400
2009-09-11,104.989998,105.300003,104.279999,104.769997,152360100
2009-09-14,103.879997,105.459999,103.150002,105.279999,149593800
2009-09-15,105.449997,106.110001,104.760002,105.720001,196795900
2009-09-16,106.099998,107.339996,105.730003,107.320000,206406300
2009-09-17,107.169998,108.059998,106.570000,107.160004,229170900
2009-09-18,107.150002,107.160004,106.360001,106.720001,153799100
2009-09-21,105.889999,107.000000,105.660004,106.449997,151892000
2009-09-22,107.080002,107.370003,106.599998,107.070000,143126700
2009-09-23,107.320000,108.029999,105.989998,106.180000,225947400
2009-09-24,106.410004,106.639999,104.550003,105.010002,228636800
2009-09-25,104.779999,105.360001,104.089996,104.449997,204059000
2009-09-28,104.849998,106.550003,104.830002,106.320000,118285800
2009-09-29,106.510002,107.019997,105.779999,106.000000,133733900
2009-09-30,106.360001,106.459999,104.620003,105.589996,254383000
2009-10-01,103.000000,105.730003,102.949997,102.970001,281840600
2009-10-02,102.019997,103.099998,101.989998,102.489998,224748800
2009-10-05,102.900002,104.320000,102.599998,104.019997,149875000
2009-10-06,104.769997,106.110001,104.709999,105.510002,202491100
2009-10-07,105.269997,105.910004,105.070000,105.800003,159200300
2009-10-08,106.550003,107.169998,105.849998,106.610001,183305800
2009-10-09,106.639999,107.260002,106.360001,107.260002,135008300
2009-10-12,107.760002,108.089996,107.279999,107.680000,118031000
2009-10-13,107.389999,107.709999,106.760002,107.459999,157692700
2009-10-14,108.720001,109.419998,107.419998,109.309998,191421600
2009-10-15,108.779999,109.709999,108.730003,109.709999,173873600
2009-10-16,108.800003,109.269997,108.230003,108.889999,192069400
2009-10-19,109.070000,110.129997,108.730003,109.790001,159530400
2009-10-20,109.949997,109.989998,108.680000,109.209999,180921100
2009-10-21,109.040001,110.309998,108.150002,108.230003,225379300
2009-10-22,108.190002,109.680000,107.500000,109.330002,238444000
2009-10-23,109.690002,109.760002,107.629997,108.080002,240033200
2009-10-26,108.199997,109.309998,106.610001,106.910004,242028200
2009-10-27,107.029999,107.389999,106.160004,106.419998,253266300
2009-10-28,106.150002,106.480003,104.349998,104.410004,248821400
2009-10-29,105.190002,106.860001,104.940002,106.650002,198110600
2009-10-30,106.300003,106.620003,103.440002,103.559998,325608100
2009-11-02,104.129997,105.410004,103.080002,104.320000,254222900
2009-11-03,103.739998,104.800003,103.540001,104.650002,228362600
2009-11-04,105.510002,106.330002,104.650002,104.919998,247996700
2009-11-05,105.660004,106.879997,105.440002,106.849998,180015300
2009-11-06,106.260002,107.400002,106.050003,107.129997,170954100
2009-11-09,107.949997,109.629997,107.870003,109.570000,159495700
2009-11-10,109.309998,109.930000,108.970001,109.589996,171899800
2009-11-11,110.309998,110.820000,109.620003,110.150002,169466200
2009-11-12,110.000000,110.570000,108.750000,109.029999,157144500
2009-11-13,109.309998,110.089996,108.750000,109.620003,150963000
2009-11-16,110.379997,111.690002,110.320000,111.209999,210922200
2009-11-17,110.919998,111.389999,110.500000,111.339996,147134100
2009-11-18,111.260002,111.430000,110.570000,111.269997,156486800
2009-11-19,110.510002,111.309998,109.129997,109.820000,208734600
2009-11-20,109.250000,109.760002,109.010002,109.430000,134196000
2009-11-23,110.720001,111.739998,110.599998,110.820000,148010200
2009-11-24,111.000000,111.199997,110.010002,110.989998,138420100
2009-11-25,111.169998,111.500000,110.820000,111.379997,109564800
2009-11-27,108.400002,110.320000,108.290001,109.570000,126001800
2009-11-30,109.480003,110.199997,108.120003,109.940002,160874800
2009-12-01,110.919998,111.660004,110.730003,111.300003,159613700
2009-12-02,111.279999,112.010002,110.919998,111.250000,132315100
2009-12-03,111.550003,112.180000,110.290001,110.379997,167324900
2009-12-04,111.839996,112.379997,110.040001,111.010002,274907800
2009-12-07,110.910004,111.529999,110.489998,110.839996,127973800
2009-12-08,110.040001,110.769997,109.269997,109.610001,169863700
2009-12-09,109.580002,110.180000,109.019997,110.019997,155063400
2009-12-10,110.699997,111.120003,110.449997,110.639999,138014600
2009-12-11,111.110001,111.360001,110.610001,111.110001,124854000
2009-12-14,111.870003,112.000000,111.129997,111.870003,107141500
2009-12-15,111.459999,111.919998,111.000000,111.349998,120408800
2009-12-16,111.800003,112.129997,111.269997,111.519997,155358200
2009-12-17,110.720001,110.930000,110.080002,110.180000,183390100
2009-12-18,110.199997,110.300003,109.279999,110.209999,174591200
2009-12-21,110.760002,111.699997,110.760002,111.330002,118039600
2009-12-22,111.570000,111.970001,111.430000,111.730003,91707500
2009-12-23,112.000000,112.110001,111.500000,111.949997,111783100
2009-12-24,112.190002,112.599998,112.000000,112.480003,39677500
2009-12-28,112.900002,112.989998,112.320000,112.720001,87508500
2009-12-29,113.010002,113.029999,112.550003,112.559998,80572500
2009-12-30,112.230003,112.650002,112.169998,112.519997,73138400
2009-12-31,112.769997,112.800003,111.389999,111.440002,90637900
2010-01-04,112.370003,113.389999,111.510002,113.330002,118944600
2010-01-05,113.260002,113.680000,112.849998,113.629997,111579900
2010-01-06,113.519997,113.989998,113.430000,113.709999,116074400
2010-01-07,113.500000,114.330002,113.180000,114.190002,131091100
2010-01-08,113.889999,114.620003,113.660004,114.570000,126402800
2010-01-11,115.080002,115.129997,114.239998,114.730003,106375700
2010-01-12,113.970001,114.209999,113.220001,113.660004,163333500
2010-01-13,113.949997,114.940002,113.370003,114.620003,161822000
2010-01-14,114.489998,115.139999,114.419998,114.930000,115718800
2010-01-15,114.730003,114.839996,113.199997,113.639999,212283100
2010-01-19,113.620003,115.129997,113.589996,115.059998,139172700
2010-01-20,114.279999,114.449997,112.980003,113.889999,216490200
2010-01-21,113.919998,114.269997,111.559998,111.699997,344859600
2010-01-22,111.199997,111.739998,109.089996,109.209999,345942400
2010-01-25,110.209999,110.410004,109.410004,109.769997,186937500
2010-01-26,109.339996,110.470001,109.040001,109.309998,211168800
2010-01-27,109.169998,110.080002,108.330002,109.830002,271863600
2010-01-28,110.190002,110.250000,107.910004,108.570000,316104000
2010-01-29,109.040001,109.800003,107.220001,107.389999,310677600
2010-02-01,108.150002,109.070000,107.500000,109.059998,187865000
2010-02-02,109.260002,110.589996,108.879997,110.379997,216327900
2010-02-03,109.879997,110.480003,109.510002,109.830002,172730700
2010-02-04,108.980003,109.029999,106.419998,106.440002,356715700
2010-02-05,106.559998,106.879997,104.580002,106.660004,493585800
2010-02-08,106.739998,107.330002,105.809998,105.889999,224166900
2010-02-09,107.129997,108.150002,106.269997,107.220001,337820500
2010-02-10,107.050003,107.599998,106.110001,107.010002,240511500
2010-02-11,106.870003,108.250000,106.250000,108.129997,223591600
2010-02-12,106.989998,108.099998,106.510002,108.040001,304622100
2010-02-16,108.860001,109.849998,107.820000,109.739998,159317500
2010-02-17,110.269997,110.410004,109.739998,110.260002,168845100
2010-02-18,110.080002,111.139999,110.040001,110.910004,193708600
2010-02-19,110.620003,111.570000,110.360001,111.139999,222684900
2010-02-22,111.550003,111.580002,110.830002,111.160004,132346900
2010-02-23,110.860001,111.199997,109.519997,109.809998,207497000
2010-02-24,110.139999,111.000000,109.860001,110.820000,176350700
2010-02-25,109.239998,110.750000,108.940002,110.669998,259634700
2010-02-26,110.769997,111.120003,110.110001,110.739998,173589300
2010-03-01,111.199997,112.000000,111.169998,111.889999,147709700
2010-03-02,112.370003,112.739998,112.000000,112.199997,160992400
2010-03-03,112.489998,112.970001,112.019997,112.300003,150785000
2010-03-04,112.449997,112.800003,112.029999,112.639999,135770400
2010-03-05,113.370003,114.339996,113.099998,114.250000,176118800
2010-03-08,114.260002,114.519997,114.070000,114.269997,114631200
2010-03-09,113.930000,114.989998,113.870003,114.459999,154556700
2010-03-10,114.510002,115.279999,114.410004,114.970001,186088800
2010-03-11,114.699997,115.480003,114.349998,115.449997,160791100
2010-03-12,115.949997,115.970001,115.139999,115.459999,162074800
2010-03-15,115.260002,115.570000,114.599998,115.489998,146816800
2010-03-16,115.809998,116.519997,115.489998,116.410004,168673000
2010-03-17,116.760002,117.480003,116.419998,117.099998,177468100
2010-03-18,117.110001,117.269997,116.570000,117.040001,196509100
2010-03-19,115.970001,117.290001,115.519997,115.970001,226641100
2010-03-22,115.309998,116.800003,115.239998,116.589996,184477800
2010-03-23,116.760002,117.510002,116.379997,117.410004,182941600
2010-03-24,116.970001,117.430000,115.580002,116.839996,196072600
2010-03-25,117.629997,118.169998,116.510002,116.650002,223396300
2010-03-26,116.870003,117.419998,116.120003,116.580002,205808500
2010-03-29,117.169998,117.529999,116.690002,117.320000,134513500
2010-03-30,117.459999,117.830002,116.910004,117.400002,145772500
2010-03-31,116.949997,117.519997,116.610001,117.000000,161078700
2010-04-01,117.800003,118.250000,117.099998,117.800003,161215200
2010-04-05,118.250000,118.839996,117.919998,118.760002,105847600
2010-04-06,118.419998,119.250000,118.290001,119.040001,110384200
2010-04-07,118.800003,119.360001,117.809998,118.360001,184576300
2010-04-08,117.949997,118.970001,117.599998,118.769997,158704000
2010-04-09,119.019997,119.599998,118.800003,119.550003,133006500
2010-04-12,119.699997,120.050003,119.559998,119.739998,110279000
2010-04-13,119.620003,120.040001,119.000000,119.830002,125043600
2010-04-14,120.269997,121.190002,120.080002,121.190002,161609000
2010-04-15,120.989998,121.570000,120.949997,121.290001,144615300
2010-04-16,120.860001,121.290001,118.750000,119.360001,366786700
2010-04-19,119.010002,119.930000,118.470001,119.809998,217947800
2010-04-20,120.559998,120.980003,119.870003,120.879997,157708000
2010-04-21,120.949997,121.230003,119.989998,120.660004,192910100
2010-04-22,119.809998,121.169998,119.120003,121.019997,115360300
2010-04-23,120.940002,121.860001,120.629997,121.809998,177335500
2010-04-26,121.849998,122.120003,121.230003,121.349998,143457300
2010-04-27,120.650002,121.339996,118.250000,118.480003,355853300
2010-04-28,119.050003,119.680000,118.269997,119.379997,300674100
2010-04-29,120.099998,121.110001,120.070000,120.860001,193775000
2010-04-30,120.879997,121.010002,118.779999,118.809998,270000900
2010-05-03,119.379997,120.680000,119.199997,120.349998,182747900
2010-05-04,119.010002,119.029999,116.919998,117.519997,360353400
2010-05-05,116.559998,117.800003,115.970001,116.820000,328973200
2010-05-06,116.260002,117.000000,105.000000,112.940002,647356600
2010-05-07,112.639999,113.769997,109.410004,111.260002,637558800
2010-05-10,115.809998,116.650002,114.910004,116.160004,396159600
2010-05-11,115.070000,117.360001,114.910004,115.830002,317849800
2010-05-12,116.290001,117.620003,116.089996,117.449997,235607100
2010-05-13,117.129997,117.680000,115.889999,115.989998,234452500
2010-05-14,115.120003,115.330002,112.870003,113.889999,345601400
2010-05-17,114.199997,114.519997,111.769997,113.949997,325739800
2010-05-18,114.879997,115.220001,112.029999,112.400002,360556800
2010-05-19,111.769997,112.769997,110.360001,111.760002,394742700
2010-05-20,109.379997,109.889999,107.470001,107.540001,530418300
2010-05-21,105.910004,109.379997,105.360001,109.110001,500909400
2010-05-24,108.519997,109.389999,107.610001,107.709999,269823000
2010-05-25,105.110001,107.870003,104.379997,107.820000,396505200
2010-05-26,108.480003,109.470001,106.849998,107.169998,349719300
2010-05-27,109.190002,110.800003,108.779999,110.760002,300870500
2010-05-28,110.639999,110.720001,108.849998,109.370003,297933500
2010-06-01,108.349998,109.949997,107.370003,107.529999,277909400
2010-06-02,108.080002,110.339996,107.510002,110.330002,240243700
2010-06-03,110.650002,111.059998,109.580002,110.709999,226618300
2010-06-04,108.610001,109.330002,106.459999,106.820000,398475600
2010-06-07,107.199997,107.610001,105.410004,105.489998,264609100
2010-06-08,105.570000,106.830002,104.650002,106.620003,357774300
2010-06-09,107.239998,108.279999,105.599998,106.050003,268023300
2010-06-10,107.860001,109.279999,106.040001,109.150002,317890600
2010-06-11,108.190002,109.750000,108.120003,109.680000,214128200
2010-06-14,110.519997,111.120003,109.400002,109.510002,207196100
2010-06-15,110.279999,112.099998,110.089996,112.000000,238268700
2010-06-16,111.419998,112.419998,111.199997,111.959999,216374000
2010-06-17,112.279999,112.330002,111.050003,112.139999,263185800
2010-06-18,111.830002,112.129997,111.370003,111.730003,174006600
2010-06-21,113.120003,113.199997,110.790001,111.410004,213140700
2010-06-22,111.410004,111.900002,109.410004,109.570000,239355400
2010-06-23,109.639999,110.029999,108.480003,109.230003,254639900
2010-06-24,108.690002,108.830002,107.139999,107.419998,268523600
2010-06-25,107.739998,108.419998,106.769997,107.870003,238726500
2010-06-28,108.029999,108.320000,107.139999,107.529999,169218600
2010-06-29,106.019997,107.510002,103.550003,104.209999,373649500
2010-06-30,103.919998,104.879997,102.879997,103.220001,284101700
2010-07-01,103.150002,103.489998,101.129997,102.760002,382924800
2010-07-02,103.110001,103.419998,101.620003,102.199997,233385200
2010-07-06,103.639999,104.370003,101.879997,102.870003,256935300
2010-07-07,103.129997,106.239998,103.019997,106.110001,253769400
2010-07-08,107.000000,107.279999,105.910004,107.160004,210842100
2010-07-09,107.129997,107.970001,106.930000,107.959999,144999900
2010-07-12,107.599998,108.239998,107.150002,108.029999,131283600
2010-07-13,109.150002,110.089996,108.930000,109.660004,213025900
2010-07-14,109.309998,110.080002,108.860001,109.650002,184426800
2010-07-15,109.610001,110.059998,108.169998,109.680000,232337900
2010-07-16,109.089996,109.209999,106.449997,106.660004,282693400
2010-07-19,107.050003,107.629997,106.220001,107.290001,186709000
2010-07-20,105.870003,108.559998,105.820000,108.480003,258162400
2010-07-21,109.040001,109.070000,106.629997,107.070000,264527000
2010-07-22,108.339996,109.940002,108.330002,109.459999,274781300
2010-07-23,109.239998,110.570000,108.930000,110.410004,222020800
2010-07-26,110.599998,111.669998,110.290001,111.559998,184445700
2010-07-27,112.169998,112.290001,111.110001,111.550003,204855600
2010-07-28,111.320000,111.660004,110.459999,110.830002,163056200
2010-07-29,111.519997,111.820000,109.410004,110.290001,220149100
2010-07-30,109.169998,110.860001,108.980003,110.269997,220070600
2010-08-02,111.989998,112.940002,111.540001,112.760002,188263200
2010-08-03,112.480003,112.769997,111.849998,112.220001,146657300
2010-08-04,112.529999,113.110001,112.160004,112.970001,158171700
2010-08-05,112.250000,112.910004,112.080002,112.849998,140473800
2010-08-06,111.739998,112.570000,110.919998,112.389999,239728300
2010-08-09,112.919998,113.180000,112.320000,112.989998,120800400
2010-08-10,112.029999,112.980003,111.370003,112.379997,242916300
2010-08-11,110.650002,110.690002,109.120003,109.300003,273406900
2010-08-12,107.650002,109.019997,107.599998,108.629997,239542600
2010-08-13,108.290001,108.959999,108.180000,108.309998,158698500
2010-08-16,107.570000,108.610001,107.180000,108.260002,147895300
2010-08-17,109.190002,110.389999,108.879997,109.589996,172270300
2010-08-18,109.540001,110.379997,108.910004,109.790001,182922100
2010-08-19,109.220001,109.489998,107.430000,107.879997,265847600
2010-08-20,107.559998,107.940002,106.750000,107.529999,209714200
2010-08-23,108.040001,108.570000,107.070000,107.120003,163490300
2010-08-24,105.949997,106.389999,104.970001,105.529999,280677800
2010-08-25,104.949997,106.339996,104.290001,105.940002,272234800
2010-08-26,106.440002,106.580002,104.879997,105.230003,224439500
2010-08-27,105.889999,106.970001,104.309998,106.860001,272649000
2010-08-30,106.580002,106.910004,105.300003,105.309998,167238600
2010-08-31,104.919998,105.980003,104.489998,105.309998,273933100
2010-09-01,106.730003,108.610001,106.660004,108.459999,256828100
2010-09-02,108.720001,109.489998,108.489998,109.470001,156112200
2010-09-03,110.540001,110.989998,109.949997,110.889999,212197300
2010-09-07,110.370003,110.510002,109.550003,109.639999,141973700
2010-09-08,109.860001,110.849998,109.809998,110.410004,149924400
2010-09-09,111.650002,111.680000,110.620003,110.919998,147017900
2010-09-10,111.120003,111.610001,110.870003,111.480003,127819000
2010-09-13,112.580002,112.949997,112.129997,112.720001,178503500
2010-09-14,112.500000,113.290001,112.080002,112.650002,209823600
2010-09-15,112.320000,113.209999,111.980003,113.080002,168608400
2010-09-16,112.730003,113.120003,112.349998,113.050003,199962900
2010-09-17,113.040001,113.150002,112.180000,112.489998,195836900
2010-09-20,112.879997,114.459999,112.519997,114.209999,214555200
2010-09-21,114.300003,114.839996,113.510002,113.980003,268389100
2010-09-22,113.800003,114.440002,113.099998,113.419998,191322400
2010-09-23,112.489998,113.669998,112.180000,112.500000,202354300
2010-09-24,113.750000,114.900002,113.650002,114.820000,209671800
2010-09-27,114.860001,114.989998,114.160004,114.269997,128761800
2010-09-28,114.419998,115.040001,113.180000,114.669998,209207500
2010-09-29,114.379997,114.910004,114.019997,114.470001,179665800
2010-09-30,115.050003,115.790001,113.589996,114.129997,287106700
2010-10-01,114.989998,115.120003,113.930000,114.610001,174638700
2010-10-04,114.370003,114.849998,113.180000,113.750000,166153200
2010-10-05,114.800003,116.320000,114.669998,116.040001,229634100
2010-10-06,116.019997,116.330002,115.559998,116.029999,148626600
2010-10-07,116.500000,116.529999,115.190002,115.889999,164860000
2010-10-08,116.050003,116.860001,115.610001,116.540001,177760100
2010-10-11,116.720001,116.970001,116.250000,116.650002,103098300
2010-10-12,116.269997,117.349998,115.650002,117.010002,182210000
2010-10-13,117.660004,118.550003,117.379997,117.919998,194347200
2010-10-14,117.809998,118.010002,116.720001,117.459999,217764300
2010-10-15,118.279999,118.349998,116.760002,117.699997,243705000
2010-10-18,117.739998,118.669998,117.309998,118.279999,141204800
2010-10-19,117.190002,117.849998,116.019997,116.730003,280604700
2010-10-20,116.940002,118.440002,116.870003,117.870003,200051800
2010-10-21,118.400002,119.089996,117.209999,118.129997,221585500
2010-10-22,118.309998,118.529999,118.000000,118.349998,108212400
2010-10-25,119.139999,119.760002,118.610001,118.699997,151145700
2010-10-26,118.099998,118.839996,117.870003,118.720001,158982900
2010-10-27,117.889999,118.510002,117.260002,118.379997,190024000
2010-10-28,119.059998,119.110001,117.830002,118.400002,168576000
2010-10-29,118.279999,118.720001,118.070000,118.489998,144305500
2010-11-01,119.070000,119.750000,117.849998,118.529999,174074800
2010-11-02,119.419998,119.750000,119.099998,119.470001,158345900
2010-11-03,119.680000,120.019997,118.449997,119.949997,226702800
2010-11-04,121.279999,122.320000,119.970001,122.260002,215039400
2010-11-05,122.339996,122.919998,122.180000,122.720001,180654100
2010-11-08,122.339996,122.690002,121.940002,122.489998,156107100
2010-11-09,122.820000,122.949997,121.120003,121.610001,186621600
2010-11-10,121.580002,122.160004,120.660004,122.099998,221387400
2010-11-11,121.050003,121.820000,120.680000,121.639999,158017600
2010-11-12,120.820000,121.349998,119.650002,120.199997,239068800
2010-11-15,120.580002,121.050003,119.980003,120.029999,163940800
2010-11-16,119.290001,119.489998,117.589996,118.160004,299566200
2010-11-17,118.209999,118.709999,117.860001,118.220001,172308900
2010-11-18,119.360001,120.389999,119.349998,119.959999,197723700
2010-11-19,119.900002,120.339996,119.250000,120.290001,156852900
2010-11-22,119.690002,120.239998,118.769997,120.190002,181361000
2010-11-23,118.769997,119.019997,117.989998,118.449997,222309000
2010-11-24,119.199997,120.230003,119.180000,120.199997,140046100
2010-11-26,119.160004,119.809998,118.800003,118.800003,76007800
2010-11-29,118.500000,119.480003,117.739998,119.160004,223642300
2010-11-30,117.980003,119.169998,117.809998,118.489998,233930700
2010-12-01,120.199997,121.239998,120.190002,121.010002,221037200
2010-12-02,121.199997,122.650002,121.129997,122.559998,191213600
2010-12-03,122.139999,123.029999,122.110001,122.889999,151288900
2010-12-06,122.629997,123.040001,122.500000,122.760002,103050500
2010-12-07,123.940002,124.010002,122.760002,122.830002,206581000
2010-12-08,122.980003,123.379997,122.410004,123.279999,138019200
2010-12-09,123.970001,124.019997,123.150002,123.760002,123705100
2010-12-10,124.139999,124.599998,123.730003,124.480003,117571700
2010-12-13,125.050003,125.199997,124.519997,124.559998,133812700
2010-12-14,124.750000,125.230003,124.290001,124.669998,147249600
2010-12-15,124.440002,124.930000,123.889999,124.099998,160823100
2010-12-16,124.180000,124.910004,123.750000,124.820000,185035200
2010-12-17,124.080002,124.459999,123.820000,124.300003,141075300
2010-12-20,124.639999,124.900002,123.980003,124.599998,119085500
2010-12-21,124.989998,125.470001,124.870003,125.389999,94965500
2010-12-22,125.480003,125.820000,125.410004,125.779999,78878100
2010-12-23,125.639999,125.779999,125.290001,125.599998,70053700
2010-12-27,125.129997,125.769997,125.040001,125.650002,58126000
2010-12-28,125.900002,125.949997,125.500000,125.830002,55309100
2010-12-29,125.980003,126.199997,125.900002,125.919998,58033100
2010-12-30,125.800003,126.129997,125.529999,125.720001,76616900
2010-12-31,125.529999,125.870003,125.330002,125.750000,91218900
2011-01-03,126.709999,127.599998,125.699997,127.050003,138725200
2011-01-04,127.330002,127.370003,126.190002,126.980003,137409700
2011-01-05,126.580002,127.720001,126.459999,127.639999,133975300
2011-01-06,127.690002,127.830002,127.010002,127.389999,122519000
2011-01-07,127.559998,127.769997,126.150002,127.139999,156034600
2011-01-10,126.580002,127.160004,126.199997,126.980003,122401700
2011-01-11,127.440002,127.739998,126.949997,127.430000,110287000
2011-01-12,128.210007,128.720001,127.459999,128.580002,107929200
2011-01-13,128.630005,128.690002,128.050003,128.369995,129048400
2011-01-14,128.190002,129.330002,128.100006,129.300003,117677900
2011-01-18,129.179993,129.639999,129.029999,129.520004,114401300
2011-01-19,129.410004,129.539993,127.910004,128.250000,151958400
2011-01-20,127.959999,128.399994,127.129997,128.080002,175745700
2011-01-21,128.880005,129.169998,128.229996,128.369995,151462900
2011-01-24,128.289993,129.250000,128.259995,129.100006,113715500
2011-01-25,128.759995,129.279999,128.110001,129.169998,167552200
2011-01-26,129.490005,130.050003,129.229996,129.669998,141281500
2011-01-27,129.699997,130.210007,129.470001,129.990005,123302700
2011-01-28,130.139999,130.350006,127.510002,127.720001,295637300
2011-01-31,128.070007,128.779999,127.750000,128.679993,149249200
2011-02-01,129.460007,130.970001,129.380005,130.740005,167194300
2011-02-02,130.399994,130.839996,130.330002,130.490005,118323600
2011-02-03,130.259995,130.979996,129.570007,130.779999,145886700
2011-02-04,130.830002,131.199997,130.229996,131.149994,134634800
2011-02-07,131.440002,132.399994,131.429993,131.970001,112439100
2011-02-08,132.089996,132.639999,131.729996,132.570007,99072800
2011-02-09,132.210007,132.630005,131.610001,132.270004,146436700
2011-02-10,131.600006,132.470001,131.300003,132.320007,162708500
2011-02-11,131.800003,133.279999,131.770004,133.110001,137710300
2011-02-14,133.029999,133.539993,132.880005,133.429993,101690700
2011-02-15,133.020004,133.220001,132.320007,133.009995,119575400
2011-02-16,133.460007,134.009995,133.190002,133.850006,130183500
2011-02-17,133.460007,134.429993,133.339996,134.250000,109810500
2011-02-18,134.369995,134.690002,134.059998,134.529999,130002400
2011-02-22,133.119995,134.559998,131.470001,131.830002,233116400
2011-02-23,131.750000,132.070007,130.210007,131.020004,227584000
2011-02-24,130.880005,131.440002,129.699997,130.929993,260431400
2011-02-25,131.479996,132.410004,131.399994,132.330002,141686900
2011-02-28,132.820007,133.320007,132.380005,133.149994,141585500
2011-03-01,133.570007,133.690002,130.889999,130.929993,258565500
2011-03-02,130.750000,131.820007,130.350006,131.210007,200277400
2011-03-03,132.399994,133.619995,132.389999,133.470001,176480100
2011-03-04,133.369995,133.630005,131.600006,132.470001,277202300
2011-03-07,132.860001,133.160004,130.740005,131.429993,216790400
2011-03-08,131.639999,133.000000,131.070007,132.580002,174615000
2011-03-09,132.320007,132.800003,131.600006,132.389999,153806000
2011-03-10,131.000000,131.179993,129.809998,129.940002,301291800
2011-03-11,129.520004,131.309998,129.490005,130.839996,225621800
2011-03-14,129.990005,130.479996,129.059998,130.050003,234974100
2011-03-15,126.589996,129.330002,126.500000,128.559998,359585400
2011-03-16,128.149994,128.570007,125.279999,126.180000,468670300
2011-03-17,128.000000,128.389999,127.099998,127.849998,254303700
2011-03-18,128.839996,128.880005,127.510002,127.760002,230435400
2011-03-21,129.350006,130.009995,129.199997,129.740005,153992600
2011-03-22,129.720001,129.889999,129.169998,129.289993,129538600
2011-03-23,128.929993,130.000000,128.320007,129.660004,148603100
2011-03-24,130.399994,131.089996,129.669998,130.899994,159129800
2011-03-25,131.240005,131.869995,130.889999,131.300003,155642800
2011-03-28,131.580002,131.919998,130.940002,130.979996,109762400
2011-03-29,130.869995,131.899994,130.440002,131.860001,129798800
2011-03-30,132.550003,133.160004,132.360001,132.770004,135835000
2011-03-31,132.600006,132.960007,132.449997,132.589996,132537100
2011-04-01,133.410004,133.770004,132.830002,133.149994,153850100
2011-04-04,133.429993,133.669998,132.880005,133.259995,100768900
2011-04-05,133.000000,133.830002,132.940002,133.240005,120791500
2011-04-06,133.880005,134.000000,133.119995,133.660004,120411600
2011-04-07,133.419998,133.979996,132.660004,133.320007,170731500
2011-04-08,133.910004,133.990005,132.309998,132.860001,147945400
2011-04-11,133.000000,133.449997,132.139999,132.460007,121385400
2011-04-12,131.720001,131.979996,130.990005,131.470001,161187400
2011-04-13,132.080002,132.179993,130.960007,131.460007,162059000
2011-04-14,130.699997,131.759995,130.270004,131.559998,161220400
2011-04-15,131.800003,132.369995,131.410004,132.039993,170006700
2011-04-18,130.589996,132.029999,129.509995,130.559998,210759300
2011-04-19,130.759995,131.350006,130.440002,131.309998,124258800
2011-04-20,132.880005,133.389999,132.789993,133.100006,156133800
2011-04-21,133.789993,133.839996,133.100006,133.779999,135935400
2011-04-25,133.679993,133.860001,133.199997,133.639999,65757100
2011-04-26,134.050003,135.059998,133.910004,134.789993,146600000
2011-04-27,135.050003,135.869995,134.500000,135.669998,143031000
2011-04-28,135.429993,136.289993,135.410004,136.110001,124791100
2011-04-29,136.160004,136.570007,135.979996,136.429993,115094100
2011-05-02,137.070007,137.179993,135.949997,136.220001,126278700
2011-05-03,135.960007,136.190002,135.039993,135.729996,138375000
2011-05-04,135.669998,135.729996,134.229996,134.830002,182678500
2011-05-05,134.080002,134.949997,133.020004,133.610001,226900000
2011-05-06,134.940002,135.630005,133.679993,134.199997,222787200
2011-05-09,134.190002,135.110001,133.979996,134.720001,114104500
2011-05-10,135.169998,136.110001,135.000000,135.869995,114806900
2011-05-11,135.669998,135.690002,133.820007,134.440002,193564200
2011-05-12,134.080002,135.360001,133.389999,135.080002,171550700
2011-05-13,135.149994,135.339996,133.559998,134.039993,157444900
2011-05-16,133.559998,134.610001,132.970001,133.190002,141675400
2011-05-17,132.690002,133.350006,132.119995,133.169998,192686200
2011-05-18,133.240005,134.500000,132.949997,134.360001,135217900
2011-05-19,134.800003,135.029999,133.940002,134.679993,119489500
2011-05-20,134.330002,134.679993,133.360001,133.610001,182594900
2011-05-23,131.979996,132.720001,131.589996,132.059998,168700000
2011-05-24,132.440002,132.729996,131.699997,131.949997,147199600
2011-05-25,131.419998,132.940002,131.380005,132.389999,151050100
2011-05-26,132.029999,133.240005,131.779999,133.000000,164850000
2011-05-27,133.369995,133.869995,132.960007,133.509995,120921900
2011-05-31,134.770004,134.919998,133.839996,134.899994,164731200
2011-06-01,134.509995,134.919998,131.759995,131.869995,233094300
2011-06-02,131.960007,132.240005,130.960007,131.729996,200466800
2011-06-03,130.149994,131.419998,130.080002,130.419998,234690200
2011-06-06,130.089996,130.360001,128.869995,129.039993,179951200
2011-06-07,129.699997,130.070007,128.850006,128.960007,161660500
2011-06-08,128.759995,129.190002,128.179993,128.419998,198696400
2011-06-09,128.770004,129.929993,128.460007,129.399994,160964400
2011-06-10,128.850006,128.929993,127.260002,127.599998,238629400
2011-06-13,127.889999,128.240005,127.050003,127.699997,207599800
2011-06-14,128.869995,129.770004,128.820007,129.320007,160570400
2011-06-15,128.240005,129.300003,126.680000,127.019997,300958000
2011-06-16,127.059998,127.970001,126.320000,127.300003,308032800
2011-06-17,127.930000,127.940002,126.620003,127.050003,233284900
2011-06-20,126.620003,127.970001,126.580002,127.699997,159479000
2011-06-21,128.360001,129.699997,127.750000,129.449997,193157300
2011-06-22,129.050003,129.809998,128.589996,128.669998,176703000
2011-06-23,127.160004,128.639999,126.190002,128.300003,334286500
2011-06-24,128.270004,128.369995,126.620003,126.809998,226129300
2011-06-27,126.889999,128.429993,126.639999,127.940002,168904700
2011-06-28,128.449997,129.630005,128.270004,129.610001,165556300
2011-06-29,130.199997,130.929993,129.630005,130.720001,244295500
2011-06-30,131.139999,132.179993,130.710007,131.970001,223322700
2011-07-01,132.089996,134.100006,131.779999,133.919998,202385700
2011-07-05,133.779999,134.080002,133.389999,133.809998,165936000
2011-07-06,133.490005,134.139999,133.110001,133.970001,143331600
2011-07-07,135.160004,135.699997,134.880005,135.360001,170464200
2011-07-08,133.830002,135.360001,133.389999,134.399994,194100500
2011-07-11,132.750000,133.179993,131.660004,131.970001,195918600
2011-07-12,131.690002,132.779999,131.360001,131.399994,214675700
2011-07-13,132.089996,133.220001,131.520004,131.839996,204062600
2011-07-14,132.169998,132.779999,130.679993,130.929993,226111800
2011-07-15,131.660004,131.869995,130.770004,131.690002,220012800
2011-07-18,131.080002,131.279999,129.630005,130.610001,196872100
2011-07-19,131.339996,132.889999,131.309998,132.729996,166554900
2011-07-20,133.070007,133.149994,132.419998,132.649994,137145400
2011-07-21,133.399994,134.820007,132.669998,134.490005,245246300
2011-07-22,134.520004,134.720001,133.759995,134.580002,126019400
2011-07-25,133.300003,134.490005,133.160004,133.830002,136653800
2011-07-26,133.740005,133.960007,133.029999,133.330002,131278200
2011-07-27,132.589996,132.630005,130.429993,130.600006,249020100
2011-07-28,130.600006,131.770004,130.009995,130.220001,207939900
2011-07-29,128.910004,130.550003,127.970001,129.330002,307038400
2011-08-01,130.839996,130.960007,127.529999,128.779999,325790900
2011-08-02,127.809998,128.500000,125.489998,125.489998,346653800
2011-08-03,125.660004,126.309998,123.529999,126.169998,370830800
2011-08-04,124.419998,124.620003,120.059998,120.260002,520721800
2011-08-05,121.760002,122.070000,116.860001,120.080002,655619200
2011-08-08,116.910004,120.120003,112.019997,112.260002,702263900
2011-08-09,114.070000,117.639999,110.269997,117.480003,717828700
2011-08-10,115.260002,116.279999,111.949997,112.290001,662607400
2011-08-11,113.260002,118.919998,112.320000,117.330002,487979700
2011-08-12,118.400002,119.209999,117.279999,118.120003,313731600
2011-08-15,119.190002,120.739998,119.000000,120.620003,258810600
2011-08-16,119.470001,120.690002,118.309998,119.589996,294095200
2011-08-17,120.250000,121.199997,118.720001,119.669998,238201100
2011-08-18,116.500000,119.709999,113.389999,114.510002,512956300
2011-08-19,112.959999,115.879997,112.500000,112.639999,428281300
2011-08-22,115.169998,115.230003,112.410004,112.730003,275090600
2011-08-23,113.150002,116.570000,112.580002,116.440002,331136600
2011-08-24,116.190002,118.239998,115.919998,118.080002,246869700
2011-08-25,118.730003,119.400002,115.870003,116.279999,312365400
2011-08-26,115.690002,118.510002,113.849998,117.970001,314495900
2011-08-29,119.559998,121.430000,118.059998,121.360001,190977200
2011-08-30,120.830002,122.430000,119.260002,121.680000,241315700
2011-08-31,122.459999,123.510002,121.300003,122.220001,301828400
2011-09-01,122.290001,123.400002,120.779999,120.940002,254585900
2011-09-02,118.419998,120.870003,117.430000,117.849998,255517200
2011-09-06,114.389999,117.160004,114.379997,116.989998,285130500
2011-09-07,118.760002,120.339996,118.360001,120.290001,209803200
2011-09-08,119.570000,120.940002,118.769997,119.040001,250568200
2011-09-09,117.680000,119.059998,115.279999,115.919998,380195100
2011-09-12,114.470001,116.760002,114.050003,116.669998,305793500
2011-09-13,117.050003,118.180000,116.220001,117.739998,272514700
2011-09-14,118.339996,120.800003,116.720001,119.370003,319389500
2011-09-15,120.650002,121.470001,119.400002,121.430000,326777200
2011-09-16,121.290001,121.970001,120.320000,121.519997,284528300
2011-09-19,119.529999,120.930000,118.720001,120.309998,241517000
2011-09-20,120.820000,121.989998,120.010002,120.169998,218932200
2011-09-21,120.230003,120.599998,116.440002,116.629997,316251300
2011-09-22,113.250000,114.209999,111.300003,112.860001,513911300
2011-09-23,112.110001,114.160004,112.019997,113.540001,307242500
2011-09-26,114.610001,116.400002,112.980003,116.239998,260673700
2011-09-27,118.529999,119.559998,116.839996,117.540001,311753900
2011-09-28,117.779999,118.489998,114.970001,115.139999,286696800
2011-09-29,117.050003,117.629997,113.930000,116.050003,298108900
2011-09-30,114.449997,115.449997,113.070000,113.150002,288392300
2011-10-03,112.489998,113.949997,109.809998,109.930000,365136800
2011-10-04,108.349998,112.580002,107.430000,112.339996,459177500
2011-10-05,112.620003,114.720001,111.580002,114.419998,284108000
2011-10-06,114.360001,116.660004,113.510002,116.489998,257800800
2011-10-07,117.169998,117.250000,115.059998,115.709999,312657900
2011-10-10,117.680000,119.629997,117.669998,119.580002,230666300
2011-10-11,118.870003,120.040001,118.750000,119.699997,209088000
2011-10-12,120.599998,122.139999,120.330002,120.750000,281544900
2011-10-13,120.040001,120.870003,119.120003,120.510002,212538800
2011-10-14,121.910004,122.599998,121.230003,122.570000,211397600
2011-10-17,121.989998,122.550003,119.930000,120.230003,202311600
2011-10-18,120.139999,123.500000,119.199997,122.580002,318857900
2011-10-19,122.379997,123.080002,120.709999,121.129997,226601300
2011-10-20,121.430000,122.099998,119.820000,121.660004,262075600
2011-10-21,123.089996,124.120003,122.720001,123.970001,278999400
2011-10-24,124.169998,125.800003,124.059998,125.489998,203215600
2011-10-25,124.889999,124.949997,122.779999,123.050003,268596800
2011-10-26,124.349998,124.769997,122.209999,124.300003,289053800
2011-10-27,127.629997,129.419998,126.610001,128.630005,393220200
2011-10-28,128.000000,128.850006,127.800003,128.600006,225906500
2011-10-31,127.160004,128.619995,125.320000,125.500000,228146700
2011-11-01,122.029999,123.510002,121.519997,122.000000,416565800
2011-11-02,123.830002,124.400002,122.790001,123.989998,244717600
2011-11-03,125.269997,126.500000,123.599998,126.250000,291174800
2011-11-04,125.230003,125.699997,124.010002,125.480003,249401600
2011-11-07,125.389999,126.389999,124.199997,126.260002,196617200
2011-11-08,126.919998,128.020004,125.709999,127.879997,224426300
2011-11-09,124.889999,125.800003,122.860001,123.160004,337982000
2011-11-10,124.790001,124.940002,123.019997,124.320000,231866500
2011-11-11,125.830002,126.989998,125.790001,126.660004,189924400
2011-11-14,126.190002,127.449997,124.919998,125.459999,159258300
2011-11-15,125.169998,126.750000,124.720001,126.080002,184709400
2011-11-16,124.809998,126.339996,123.900002,124.080002,235782500
2011-11-17,123.849998,124.160004,121.230003,122.110001,331219600
2011-11-18,122.500000,122.750000,121.470001,121.980003,215580400
2011-11-21,120.199997,120.349998,118.650002,119.660004,229611600
2011-11-22,119.400002,120.099998,118.519997,119.190002,216494900
2011-11-23,118.070000,119.190002,116.559998,116.559998,224329100
2011-11-25,116.379997,117.699997,116.199997,116.339996,99557000
2011-11-28,119.540001,120.180000,118.820000,119.709999,210686000
2011-11-29,120.050003,121.000000,119.610001,120.050003,199241500
2011-11-30,123.489998,125.220001,120.000000,124.989998,324439500
2011-12-01,124.849998,125.639999,124.430000,124.970001,176954800
2011-12-02,126.120003,126.500000,124.779999,124.860001,221109700
2011-12-05,126.839996,127.180000,125.440002,126.220001,225263900
2011-12-06,126.209999,127.110001,125.760002,126.260002,178842100
2011-12-07,125.839996,127.260002,124.970001,126.730003,237802500
2011-12-08,125.900002,126.180000,123.650002,123.949997,240862800
2011-12-09,124.510002,126.370003,124.400002,126.050003,209111400
2011-12-12,124.949997,124.970001,123.160004,124.209999,215826100
2011-12-13,124.860001,125.570000,122.449997,123.050003,245159800
2011-12-14,122.559998,123.029999,121.470001,121.739998,238618800
2011-12-15,123.029999,123.199997,121.989998,122.180000,199109200
2011-12-16,122.230003,122.949997,121.300003,121.589996,220481400
2011-12-19,122.059998,122.320000,120.029999,120.290001,183903000
2011-12-20,122.180000,124.139999,120.370003,123.930000,225418100
2011-12-21,123.930000,124.360001,122.750000,124.169998,194230900
2011-12-22,124.629997,125.400002,124.230003,125.269997,119465400
2011-12-23,125.669998,126.430000,125.410004,126.389999,92187200
2011-12-27,126.169998,126.820000,126.059998,126.489998,86075700
2011-12-28,126.510002,126.529999,124.730003,124.830002,119107100
2011-12-29,125.239998,126.250000,124.860001,126.120003,123507200
2011-12-30,126.019997,126.330002,125.500000,125.500000,95599000
2012-01-03,127.760002,128.380005,127.430000,127.500000,193697900
2012-01-04,127.199997,127.809998,126.709999,127.699997,127186500
2012-01-05,127.010002,128.229996,126.430000,128.039993,173895000
2012-01-06,128.199997,128.220001,127.290001,127.709999,148050000
2012-01-09,128.000000,128.179993,127.410004,128.020004,99530200
2012-01-10,129.389999,129.649994,128.949997,129.130005,115282000
2012-01-11,128.729996,129.369995,128.520004,129.199997,111540700
2012-01-12,129.570007,129.699997,128.539993,129.509995,118983700
2012-01-13,128.639999,129.050003,127.720001,128.839996,179836200
2012-01-17,130.080002,130.320007,128.899994,129.339996,132209200
2012-01-18,129.309998,130.839996,129.080002,130.770004,163395200
2012-01-19,131.220001,131.570007,130.800003,131.460007,126328900
2012-01-20,131.240005,131.949997,130.919998,131.949997,138230200
2012-01-23,131.509995,132.250000,130.979996,131.610001,129295800
2012-01-24,130.800003,131.500000,130.600006,131.460007,103083300
2012-01-25,131.259995,132.869995,130.750000,132.559998,198613200
2012-01-26,133.149994,133.399994,131.360001,131.880005,184880500
2012-01-27,131.240005,132.050003,131.149994,131.820007,135259100
2012-01-30,130.509995,131.440002,130.059998,131.369995,147311800
2012-01-31,132.020004,132.179993,130.679993,131.320007,157212000
2012-02-01,132.289993,133.139999,132.130005,132.470001,166234500
2012-02-02,132.729996,133.020004,132.210007,132.679993,113090400
2012-02-03,134.000000,134.619995,133.770004,134.539993,160598500
2012-02-06,133.979996,134.509995,133.830002,134.449997,107694500
2012-02-07,134.169998,135.020004,133.639999,134.789993,135528100
2012-02-08,134.860001,135.220001,134.309998,135.190002,139361400
2012-02-09,135.410004,135.589996,134.559998,135.360001,148602900
2012-02-10,134.160004,134.470001,133.839996,134.360001,167907500
2012-02-13,135.320007,135.520004,134.740005,135.360001,115841900
2012-02-14,135.000000,135.270004,134.250000,135.190002,165329500
2012-02-15,135.630005,135.830002,134.289993,134.559998,195195100
2012-02-16,134.570007,136.169998,134.330002,136.050003,186567800
2012-02-17,136.520004,136.630005,135.960007,136.410004,129869400
2012-02-21,136.729996,137.050003,136.050003,136.470001,134042300
2012-02-22,136.259995,136.550003,135.789993,136.029999,124455300
2012-02-23,135.960007,136.729996,135.500000,136.630005,137704300
2012-02-24,136.929993,137.199997,136.630005,136.929993,105539100
2012-02-27,136.020004,137.529999,135.800003,137.160004,145728900
2012-02-28,137.199997,137.720001,136.929993,137.559998,129355900
2012-02-29,137.759995,138.190002,136.539993,137.020004,185934700
2012-03-01,137.309998,137.990005,136.929993,137.729996,145023500
2012-03-02,137.639999,137.820007,137.000000,137.309998,120638300
2012-03-05,137.100006,137.199997,136.279999,136.750000,140765000
2012-03-06,135.350006,135.429993,134.360001,134.750000,202129900
2012-03-07,135.059998,135.910004,134.929993,135.690002,143692200
2012-03-08,136.520004,137.320007,136.240005,137.039993,116968900
2012-03-09,137.300003,137.929993,137.130005,137.570007,122836800
2012-03-12,137.550003,137.759995,137.089996,137.580002,104003500
2012-03-13,138.320007,140.130005,138.089996,140.059998,184090500
2012-03-14,140.100006,140.449997,139.479996,139.910004,145163600
2012-03-15,140.119995,140.779999,139.759995,140.720001,165118500
2012-03-16,140.360001,140.479996,140.000000,140.300003,152893500
2012-03-19,140.210007,141.279999,140.110001,140.850006,125291100
2012-03-20,140.050003,140.610001,139.639999,140.440002,121729700
2012-03-21,140.520004,140.649994,139.919998,140.210007,122388400
2012-03-22,139.179993,139.550003,138.740005,139.199997,135216700
2012-03-23,139.320007,139.809998,138.550003,139.649994,120521000
2012-03-26,140.649994,141.610001,140.600006,141.610001,120164000
2012-03-27,141.740005,141.830002,141.080002,141.169998,119868500
2012-03-28,141.100006,141.320007,139.639999,140.470001,148562100
2012-03-29,139.639999,140.490005,139.089996,140.229996,164963700
2012-03-30,140.919998,141.050003,140.050003,140.809998,135486800
2012-04-02,140.639999,142.210007,140.360001,141.839996,151741100
2012-04-03,141.639999,141.880005,140.429993,141.259995,155806700
2012-04-04,140.220001,140.339996,139.339996,139.860001,146896000
2012-04-05,139.380005,140.199997,139.259995,139.789993,137439400
2012-04-09,138.029999,139.839996,137.839996,138.220001,127555900
2012-04-10,137.949997,138.339996,135.759995,135.899994,235360300
2012-04-11,137.289993,137.539993,136.750000,137.000000,154133000
2012-04-12,137.130005,138.899994,137.029999,138.789993,154321500
2012-04-13,138.470001,138.820007,137.009995,137.139999,169246700
2012-04-16,137.839996,138.039993,136.580002,137.050003,147825300
2012-04-17,137.839996,139.360001,137.699997,139.080002,147877600
2012-04-18,138.460007,139.080002,138.380005,138.610001,123884200
2012-04-19,138.630005,139.149994,137.070007,137.720001,198666700
2012-04-20,138.330002,138.830002,137.869995,137.949997,143199600
2012-04-23,136.539993,136.910004,135.940002,136.789993,171844900
2012-04-24,136.910004,137.660004,136.800003,137.309998,137484200
2012-04-25,138.649994,139.250000,138.529999,139.190002,150252200
2012-04-26,138.889999,140.320007,138.809998,140.160004,136291600
2012-04-27,140.580002,140.789993,139.800003,140.389999,130725000
2012-04-30,140.110001,140.210007,139.490005,139.869995,115092200
2012-05-01,139.789993,141.660004,139.630005,140.740005,138832200
2012-05-02,139.919998,140.460007,139.460007,140.320007,121081000
2012-05-03,140.339996,140.449997,138.990005,139.250000,143759700
2012-05-04,138.520004,139.300003,136.919998,137.000000,193927300
2012-05-07,136.509995,137.559998,136.460007,137.100006,127765900
2012-05-08,136.279999,136.770004,134.919998,136.550003,213377700
2012-05-09,135.100006,136.610001,134.490005,135.740005,220752500
2012-05-10,136.679993,136.850006,135.710007,136.020004,150600000
2012-05-11,135.169998,136.869995,135.110001,135.610001,153032400
2012-05-14,134.309998,135.610001,133.910004,134.110001,163910000
2012-05-15,134.020004,134.809998,133.130005,133.339996,207629300
2012-05-16,133.940002,134.550003,132.800003,132.830002,207265500
2012-05-17,132.860001,133.020004,130.789993,130.860001,247992900
2012-05-18,131.369995,131.600006,129.550003,129.740005,319615900
2012-05-21,130.160004,132.020004,129.949997,131.970001,177861100
2012-05-22,132.309998,133.229996,131.339996,132.199997,197531200
2012-05-23,131.250000,132.460007,129.990005,132.270004,204958400
2012-05-24,132.630005,132.839996,131.419998,132.529999,167357600
2012-05-25,132.479996,132.850006,131.779999,132.100006,135465600
2012-05-29,133.160004,133.929993,131.169998,133.699997,152883500
2012-05-30,132.559998,133.690002,131.490005,131.759995,162370400
2012-05-31,131.710007,132.449997,130.339996,131.470001,196186000
2012-06-01,129.410004,131.500000,128.160004,128.160004,253240900
2012-06-04,128.389999,128.740005,127.139999,128.100006,202545800
2012-06-05,127.849998,129.259995,127.779999,129.070007,164149400
2012-06-06,129.970001,132.029999,129.929993,131.970001,184202800
2012-06-07,133.470001,133.529999,131.779999,132.050003,184772700
2012-06-08,131.710007,133.130005,131.289993,133.100006,143915400
2012-06-11,134.169998,134.250000,131.279999,131.410004,169756100
2012-06-12,131.789993,133.009995,131.160004,132.919998,181931800
2012-06-13,132.529999,133.360001,131.619995,132.070007,172223900
2012-06-14,132.339996,134.000000,131.979996,133.470001,230615500
2012-06-15,133.380005,134.259995,133.100006,134.139999,169444500
2012-06-18,133.580002,134.729996,133.279999,134.399994,131360900
2012-06-19,135.080002,136.250000,134.369995,135.699997,137382600
2012-06-20,135.710007,136.100006,134.270004,135.479996,206451800
2012-06-21,135.639999,135.779999,132.330002,132.440002,205272200
2012-06-22,133.130005,133.710007,132.619995,133.460007,130029200
2012-06-25,132.050003,132.100006,130.850006,131.320007,146375700
2012-06-26,131.699997,132.380005,130.929993,131.979996,141634000
2012-06-27,132.419998,133.429993,131.970001,133.169998,108088000
2012-06-28,132.289993,132.990005,131.279999,132.789993,169242100
2012-06-29,135.199997,136.270004,134.850006,136.100006,212250900
2012-07-02,136.479996,136.649994,135.520004,136.509995,129524500
2012-07-03,136.479996,137.509995,136.339996,137.410004,80450000
2012-07-05,136.899994,137.800003,136.289993,136.789993,126177500
2012-07-06,135.470001,135.770004,134.850006,135.490005,151192100
2012-07-09,135.380005,135.570007,134.699997,135.320007,103780500
2012-07-10,136.009995,136.229996,133.679993,134.139999,167884800
2012-07-11,134.210007,134.600006,133.380005,134.160004,141733400
2012-07-12,133.380005,134.229996,132.600006,133.509995,143583200
2012-07-13,133.860001,135.889999,133.839996,135.750000,129642600
2012-07-16,135.440002,135.830002,134.899994,135.429993,97525200
2012-07-17,135.970001,136.639999,134.550003,136.360001,138860300
2012-07-18,136.039993,137.639999,135.960007,137.369995,113349700
2012-07-19,137.649994,138.179993,137.210007,137.729996,129847300
2012-07-20,136.949997,137.160004,136.320007,136.470001,142904500
2012-07-23,134.470001,136.380005,133.839996,135.089996,145210900
2012-07-24,135.190002,135.250000,133.029999,133.929993,173301200
2012-07-25,134.210007,134.559998,133.250000,133.960007,129122300
2012-07-26,135.889999,136.460007,135.259995,136.169998,156526500
2012-07-27,136.889999,139.070007,136.139999,138.679993,236768900
2012-07-30,138.520004,139.339996,138.270004,138.679993,106782000
2012-07-31,138.490005,138.869995,137.710007,137.710007,120575900
2012-08-01,138.699997,138.729996,137.399994,137.589996,138293800
2012-08-02,136.550003,137.570007,135.580002,136.639999,199556600
2012-08-03,138.559998,139.639999,136.679993,139.350006,157825000
2012-08-06,139.720001,140.169998,139.559998,139.619995,86326200
2012-08-07,140.179993,140.919998,140.029999,140.320007,109545100
2012-08-08,139.850006,140.649994,139.809998,140.490005,89754700
2012-08-09,140.289993,140.889999,140.149994,140.610001,90291700
2012-08-10,140.039993,140.889999,139.809998,140.839996,99792700
2012-08-13,140.600006,140.839996,140.039993,140.770004,79426900
2012-08-14,141.289993,141.380005,140.369995,140.789993,102379400
2012-08-15,140.639999,141.190002,140.550003,140.949997,71085900
2012-08-16,141.149994,142.160004,140.800003,141.990005,112014200
2012-08-17,142.229996,142.300003,141.860001,142.179993,90813700
2012-08-20,141.979996,142.220001,141.589996,142.190002,78255700
2012-08-21,142.539993,143.089996,141.449997,141.759995,105581100
2012-08-22,141.399994,142.050003,141.070007,141.820007,133243500
2012-08-23,141.470001,141.479996,140.440002,140.660004,111466400
2012-08-24,140.309998,141.830002,140.220001,141.509995,99481200
2012-08-27,141.889999,142.080002,141.339996,141.539993,68785900
2012-08-28,141.179993,141.839996,140.970001,141.399994,75689600
2012-08-29,141.520004,141.889999,141.119995,141.509995,65421300
2012-08-30,140.899994,140.940002,140.190002,140.490005,96589900
2012-08-31,141.289993,141.820007,140.360001,141.160004,151970400
2012-09-04,141.039993,141.460007,140.130005,141.029999,120226200
2012-09-05,141.089996,141.470001,140.630005,140.910004,100660300
2012-09-06,141.759995,143.779999,141.750000,143.770004,158272500
2012-09-07,144.009995,144.389999,143.880005,144.330002,107272100
2012-09-10,144.190002,144.440002,143.460007,143.509995,86458500
2012-09-11,143.600006,144.369995,143.559998,143.910004,88760000
2012-09-12,144.389999,144.550003,143.899994,144.389999,87640900
2012-09-13,144.369995,147.039993,143.990005,146.589996,225470200
2012-09-14,146.880005,148.110001,146.759995,147.240005,169777000
2012-09-17,146.940002,147.190002,146.369995,146.740005,119427800
2012-09-18,146.490005,146.809998,146.250000,146.619995,98326600
2012-09-19,146.789993,147.169998,146.410004,146.699997,128318300
2012-09-20,146.029999,146.789993,145.630005,146.710007,154009800
2012-09-21,146.639999,146.669998,145.809998,145.869995,108737500
2012-09-24,145.149994,145.979996,145.039993,145.649994,95682000
2012-09-25,145.960007,146.240005,144.059998,144.100006,133165200
2012-09-26,144.070007,144.110001,142.949997,143.289993,146502200
2012-09-27,143.889999,144.970001,143.509995,144.639999,111830300
2012-09-28,144.089996,144.559998,143.460007,143.970001,150696100
2012-10-01,144.520004,145.690002,144.009995,144.350006,135911200
2012-10-02,144.919998,145.149994,143.830002,144.500000,113422200
2012-10-03,144.889999,145.429993,144.130005,145.089996,121283100
2012-10-04,145.639999,146.339996,145.440002,146.130005,124311600
2012-10-05,146.910004,147.160004,145.699997,146.139999,124842100
2012-10-08,145.600006,146.119995,145.309998,145.639999,78415400
2012-10-09,145.529999,145.649994,144.149994,144.199997,148872900
2012-10-10,144.179993,144.320007,143.089996,143.279999,124247500
2012-10-11,144.279999,144.490005,143.330002,143.360001,123601500
2012-10-12,143.460007,143.949997,142.580002,142.889999,124181900
2012-10-15,143.229996,144.229996,142.770004,144.080002,107689100
2012-10-16,144.759995,145.639999,144.660004,145.539993,108815500
2012-10-17,145.639999,146.320007,145.419998,146.199997,128834100
2012-10-18,145.820007,146.520004,145.330002,145.820007,148108500
2012-10-19,145.550003,145.559998,143.050003,143.389999,185645200
2012-10-22,143.149994,143.669998,142.279999,143.410004,125578600
2012-10-23,141.860001,142.059998,140.830002,141.419998,192056300
2012-10-24,141.929993,142.100006,140.800003,141.020004,120179400
2012-10-25,142.020004,142.279999,140.570007,141.429993,134457400
2012-10-26,141.300003,141.839996,140.389999,141.350006,146023500
2012-10-31,141.850006,142.029999,140.679993,141.350006,103438500
2012-11-01,141.649994,143.009995,141.520004,142.830002,100995600
2012-11-02,143.679993,143.720001,141.410004,141.559998,137702200
2012-11-05,141.350006,142.169998,140.929993,141.850006,98378500
2012-11-06,142.279999,143.520004,142.130005,142.960007,107068100
2012-11-07,141.660004,141.679993,139.059998,139.720001,264304500
2012-11-08,139.699997,140.410004,137.929993,138.039993,181517300
2012-11-09,137.619995,139.440002,137.550003,138.160004,201055300
2012-11-12,138.589996,138.809998,137.960007,138.270004,97677500
2012-11-13,137.539993,139.250000,137.360001,137.789993,123018300
2012-11-14,138.210007,138.429993,135.619995,135.929993,191505000
2012-11-15,135.979996,136.490005,135.179993,135.699997,178128400
2012-11-16,135.899994,136.639999,134.699997,136.369995,239483900
2012-11-19,137.899994,139.149994,136.410004,139.130005,151495800
2012-11-20,138.910004,139.419998,138.080002,139.190002,119807400
2012-11-21,139.309998,139.570007,139.029999,139.449997,81710800
2012-11-23,140.130005,141.399994,140.039993,141.350006,65409200
2012-11-26,140.649994,141.360001,140.190002,141.050003,100124400
2012-11-27,140.910004,141.389999,140.240005,140.330002,128646200
2012-11-28,139.759995,141.539993,139.000000,141.460007,177086500
2012-11-29,141.990005,142.509995,141.369995,142.119995,151085900
2012-11-30,142.139999,142.419998,141.660004,142.149994,136568300
2012-12-03,142.800003,142.919998,141.339996,141.449997,124656300
2012-12-04,141.440002,141.869995,140.869995,141.250000,127512200
2012-12-05,141.369995,142.160004,140.369995,141.500000,147300500
2012-12-06,141.369995,142.039993,141.160004,141.979996,103220600
2012-12-07,142.529999,142.690002,141.669998,142.410004,108726400
2012-12-10,142.210007,142.809998,142.149994,142.470001,98840700
2012-12-11,143.059998,144.110001,142.990005,143.440002,152570400
2012-12-12,144.000000,144.550003,143.309998,143.509995,145880100
2012-12-13,143.419998,143.830002,142.270004,142.630005,135715000
2012-12-14,142.320007,142.580002,141.880005,142.100006,137701700
2012-12-17,142.470001,143.850006,142.429993,143.770004,143238200
2012-12-18,144.000000,145.500000,143.789993,145.369995,177762800
2012-12-19,145.529999,145.580002,144.240005,144.289993,150895400
2012-12-20,144.380005,145.139999,143.979996,145.119995,168487000
2012-12-21,142.169998,144.089996,141.940002,142.789993,245883800
2012-12-24,142.479996,142.559998,142.190002,142.350006,53874600
2012-12-26,142.639999,142.710007,141.350006,141.750000,106947700
2012-12-27,141.789993,142.080002,139.919998,141.559998,167920600
2012-12-28,140.639999,141.419998,139.869995,140.029999,148806700
2012-12-31,139.660004,142.559998,139.539993,142.410004,243935200
2013-01-02,145.110001,146.149994,144.729996,146.059998,192059000
2013-01-03,145.990005,146.369995,145.339996,145.729996,144761800
2013-01-04,145.970001,146.610001,145.669998,146.369995,116817700
2013-01-07,145.850006,146.110001,145.429993,145.970001,110002500
2013-01-08,145.710007,145.910004,144.979996,145.550003,121265100
2013-01-09,145.869995,146.320007,145.639999,145.919998,90745600
2013-01-10,146.729996,147.089996,145.970001,147.080002,130735400
2013-01-11,147.039993,147.149994,146.610001,147.070007,113917300
2013-01-14,146.889999,147.070007,146.429993,146.970001,89567200
2013-01-15,146.289993,147.210007,146.199997,147.070007,93172600
2013-01-16,146.770004,147.279999,146.610001,147.050003,104849500
2013-01-17,147.699997,148.419998,147.149994,148.000000,133833500
2013-01-18,147.970001,148.490005,147.429993,148.330002,169906000
2013-01-22,148.330002,149.130005,147.979996,149.130005,111797300
2013-01-23,149.130005,149.500000,148.860001,149.369995,104596100
2013-01-24,149.149994,150.139999,149.009995,149.410004,146426400
2013-01-25,149.880005,150.250000,149.369995,150.250000,147211600
2013-01-28,150.289993,150.330002,149.509995,150.070007,113357700
2013-01-29,149.770004,150.850006,149.669998,150.660004,105694400
2013-01-30,150.639999,150.940002,149.929993,150.070007,137447700
2013-01-31,149.889999,150.380005,149.600006,149.699997,108975800
2013-02-01,150.649994,151.419998,150.389999,151.240005,131173000
2013-02-04,150.320007,151.270004,149.429993,149.539993,159073600
2013-02-05,150.350006,151.479996,150.289993,151.050003,113912400
2013-02-06,150.520004,151.259995,150.410004,151.160004,138762800
2013-02-07,151.210007,151.350006,149.860001,150.960007,162490000
2013-02-08,151.220001,151.889999,151.220001,151.800003,103133700
2013-02-11,151.740005,151.899994,151.389999,151.770004,73775000
2013-02-12,151.779999,152.300003,151.610001,152.020004,65392700
2013-02-13,152.330002,152.610001,151.720001,152.149994,82322600
2013-02-14,151.690002,152.470001,151.520004,152.289993,80834300
2013-02-15,152.429993,152.589996,151.550003,152.110001,215226500
2013-02-19,152.369995,153.279999,152.160004,153.250000,95105400
2013-02-20,153.139999,153.190002,151.259995,151.339996,160574800
2013-02-21,150.960007,151.419998,149.940002,150.419998,183257000
2013-02-22,151.149994,151.889999,150.490005,151.889999,106356600
2013-02-25,152.630005,152.860001,149.000000,149.000000,245824800
2013-02-26,149.720001,150.199997,148.729996,150.020004,186596200
2013-02-27,149.889999,152.330002,149.759995,151.910004,150781900
2013-02-28,151.899994,152.869995,151.410004,151.610001,126866000
2013-03-01,151.089996,152.339996,150.410004,152.110001,170634800
2013-03-04,151.759995,152.919998,151.520004,152.919998,99010200
2013-03-05,153.660004,154.699997,153.639999,154.289993,121431900
2013-03-06,154.839996,154.919998,154.160004,154.500000,94469900
2013-03-07,154.699997,154.979996,154.520004,154.779999,86101400
2013-03-08,155.460007,155.649994,154.660004,155.440002,123477800
2013-03-11,155.320007,156.039993,155.130005,156.029999,83746800
2013-03-12,155.919998,156.100006,155.210007,155.679993,105755800
2013-03-13,155.759995,156.119995,155.229996,155.899994,92550900
2013-03-14,156.309998,156.800003,155.910004,156.729996,126329900
2013-03-15,155.850006,156.039993,155.309998,155.830002,138601100
2013-03-18,154.339996,155.639999,154.199997,154.970001,126704300
2013-03-19,155.300003,155.509995,153.589996,154.610001,167567300
2013-03-20,155.520004,155.949997,155.259995,155.690002,113759300
2013-03-21,154.759995,155.639999,154.100006,154.360001,128605000
2013-03-22,154.850006,155.600006,154.729996,155.600006,111163600
2013-03-25,156.009995,156.270004,154.350006,154.949997,151322300
2013-03-26,155.589996,156.229996,155.419998,156.190002,86856600
2013-03-27,155.259995,156.240005,155.000000,156.190002,99950600
2013-03-28,156.089996,156.850006,155.750000,156.669998,102932800
2013-04-01,156.589996,156.910004,155.669998,156.050003,99194100
2013-04-02,156.610001,157.210007,156.369995,156.820007,101504300
2013-04-03,156.910004,157.029999,154.820007,155.229996,154167400
2013-04-04,155.429993,156.169998,155.089996,155.860001,131885000
2013-04-05,153.949997,155.350006,153.770004,155.160004,159666000
2013-04-08,155.270004,156.220001,154.750000,156.210007,86571200
2013-04-09,156.500000,157.320007,155.979996,156.750000,101922200
2013-04-10,157.169998,158.869995,157.130005,158.669998,135711100
2013-04-11,158.699997,159.710007,158.539993,159.190002,110142500
2013-04-12,158.679993,159.039993,157.919998,158.800003,116359900
2013-04-15,158.000000,158.130005,155.100006,155.119995,217259000
2013-04-16,156.289993,157.490005,155.910004,157.410004,147507800
2013-04-17,156.289993,156.320007,154.279999,155.110001,226834800
2013-04-18,155.369995,155.410004,153.550003,154.139999,167583200
2013-04-19,154.500000,155.550003,154.119995,155.479996,149687600
2013-04-22,155.779999,156.539993,154.750000,156.169998,106553500
2013-04-23,156.949997,157.929993,156.169998,157.779999,166141300
2013-04-24,157.830002,158.300003,157.539993,157.880005,96781200
2013-04-25,158.339996,159.270004,158.100006,158.520004,131060600
2013-04-26,158.330002,158.600006,157.729996,158.240005,95918800
2013-04-29,158.669998,159.649994,158.419998,159.300003,88572800
2013-04-30,159.270004,159.720001,158.610001,159.679993,116010700
2013-05-01,159.330002,159.410004,158.100006,158.279999,138874200
2013-05-02,158.679993,159.889999,158.529999,159.750000,96407600
2013-05-03,161.139999,161.880005,159.779999,161.369995,144202300
2013-05-06,161.490005,162.009995,161.419998,161.779999,66882100
2013-05-07,162.130005,162.649994,161.669998,162.600006,90359200
2013-05-08,162.419998,163.389999,162.330002,163.339996,97419200
2013-05-09,163.270004,163.699997,162.470001,162.880005,106738600
2013-05-10,162.990005,163.550003,162.509995,163.410004,103203000
2013-05-13,163.199997,163.809998,162.820007,163.539993,81843200
2013-05-14,163.669998,165.350006,163.669998,165.229996,119000900
2013-05-15,164.960007,166.449997,164.910004,166.119995,120718500
2013-05-16,165.779999,166.360001,165.089996,165.339996,109913600
2013-05-17,165.949997,167.039993,165.729996,166.940002,129801000
2013-05-20,166.779999,167.580002,166.610001,166.929993,85071200
2013-05-21,167.080002,167.800003,166.500000,167.169998,95804200
2013-05-22,167.339996,169.070007,165.169998,165.929993,244031800
2013-05-23,164.160004,165.910004,163.940002,165.449997,211064400
2013-05-24,164.470001,165.380005,163.979996,165.309998,151573900
2013-05-28,167.039993,167.779999,165.809998,166.300003,143679800
2013-05-29,165.419998,165.800003,164.339996,165.220001,160363400
2013-05-30,165.350006,166.589996,165.220001,165.830002,107793800
2013-05-31,165.369995,166.309998,163.130005,163.449997,176850100
2013-06-03,163.830002,164.460007,162.660004,164.350006,168390700
2013-06-04,164.440002,165.100006,162.729996,163.559998,157631500
2013-06-05,163.089996,163.419998,161.130005,161.270004,211737800
2013-06-06,161.199997,162.740005,160.250000,162.729996,200225500
2013-06-07,163.850006,164.949997,163.139999,164.800003,188337800
2013-06-10,165.309998,165.399994,164.369995,164.800003,105667100
2013-06-11,163.300003,164.539993,162.740005,163.100006,159505400
2013-06-12,164.220001,164.389999,161.600006,161.750000,177361500
2013-06-13,161.660004,164.500000,161.300003,164.210007,163587800
2013-06-14,164.029999,164.669998,162.910004,163.179993,141197500
2013-06-17,164.289993,165.220001,163.220001,164.440002,136295600
2013-06-18,164.529999,165.990005,164.520004,165.740005,114695600
2013-06-19,165.600006,165.889999,163.380005,163.449997,206149500
2013-06-20,161.860001,163.470001,158.979996,159.399994,321255900
2013-06-21,159.639999,159.759995,157.470001,159.070007,271956800
2013-06-24,157.410004,158.429993,155.729996,157.059998,222329000
2013-06-25,158.479996,160.100006,157.419998,158.570007,162262200
2013-06-26,159.869995,160.500000,159.250000,160.139999,134848000
2013-06-27,161.100006,161.820007,160.949997,161.080002,129483700
2013-06-28,160.630005,161.399994,159.860001,160.419998,160402900
2013-07-01,161.259995,162.479996,161.080002,161.360001,131954800
2013-07-02,161.119995,162.300003,160.500000,161.210007,154863700
2013-07-03,160.479996,161.770004,160.220001,161.279999,75216400
2013-07-05,162.470001,163.080002,161.300003,163.020004,122416900
2013-07-08,163.860001,164.389999,163.080002,163.949997,108092500
2013-07-09,164.979996,165.330002,164.270004,165.130005,119298000
2013-07-10,164.970001,165.750000,164.630005,165.190002,121410100
2013-07-11,167.110001,167.610001,165.179993,167.440002,135592200
2013-07-12,167.389999,167.929993,167.130005,167.509995,104212700
2013-07-15,167.970001,168.389999,167.679993,168.149994,69450600
2013-07-16,168.259995,168.360001,167.070007,167.520004,88702100
2013-07-17,168.160004,168.479996,167.729996,167.949997,92873900
2013-07-18,168.309998,169.270004,168.199997,168.869995,103620100
2013-07-19,168.520004,169.229996,168.309998,169.169998,103831700
2013-07-22,169.410004,169.740005,169.009995,169.500000,79428600
2013-07-23,169.800003,169.830002,169.050003,169.139999,80829700
2013-07-24,169.789993,169.860001,168.179993,168.520004,112914000
2013-07-25,168.220001,169.080002,167.940002,168.929993,111088600
2013-07-26,168.220001,169.160004,167.520004,169.110001,107814600
2013-07-29,168.679993,169.059998,168.110001,168.589996,79695000
2013-07-30,169.100006,169.279999,168.190002,168.589996,85209600
2013-07-31,168.940002,169.850006,168.490005,168.710007,142388700
2013-08-01,169.990005,170.809998,169.899994,170.660004,110438400
2013-08-02,170.279999,170.970001,170.050003,170.949997,91116700
2013-08-05,170.570007,170.960007,170.350006,170.699997,54072700
2013-08-06,170.369995,170.740005,169.350006,169.729996,87495000
2013-08-07,169.190002,169.429993,168.550003,169.179993,84854700
2013-08-08,169.979996,170.179993,168.929993,169.800003,102181300
2013-08-09,169.580002,170.100006,168.720001,169.309998,91757700
2013-08-12,168.460007,169.309998,168.380005,169.110001,68593300
2013-08-13,169.410004,169.899994,168.410004,169.610001,80806000
2013-08-14,169.529999,169.800003,168.699997,168.740005,79829200
2013-08-15,167.410004,167.429993,166.089996,166.380005,152931800
2013-08-16,166.059998,166.630005,165.500000,165.830002,130868200
2013-08-19,165.639999,166.210007,164.759995,164.770004,96437600
2013-08-20,165.039993,166.199997,164.860001,165.580002,89294400
2013-08-21,165.119995,166.029999,164.190002,164.559998,159530500
2013-08-22,164.899994,166.300003,164.889999,166.059998,101471400
2013-08-23,166.550003,166.830002,165.770004,166.619995,90888900
2013-08-26,166.789993,167.300003,165.889999,166.000000,89702100
2013-08-27,164.360001,166.000000,163.210007,163.330002,158619400
2013-08-28,163.259995,164.490005,163.050003,163.910004,108113000
2013-08-29,163.550003,165.039993,163.399994,164.169998,119200500
2013-08-30,164.509995,164.529999,163.169998,163.649994,134928900
2013-09-03,165.229996,165.580002,163.699997,164.389999,142375100
2013-09-04,164.429993,166.029999,164.130005,165.750000,97389400
2013-09-05,165.850006,166.399994,165.729996,165.960007,63090500
2013-09-06,166.509995,166.979996,164.479996,166.039993,159756500
2013-09-09,166.449997,167.729996,166.449997,167.630005,87559300
2013-09-10,168.639999,168.899994,168.259995,168.869995,105847200
2013-09-11,168.639999,169.399994,168.350006,169.399994,94545900
2013-09-12,169.339996,169.559998,168.720001,168.949997,83209000
2013-09-13,169.130005,169.460007,168.740005,169.330002,72727800
2013-09-16,171.160004,171.240005,170.039993,170.309998,106299200
2013-09-17,170.460007,171.110001,170.460007,171.070007,82523300
2013-09-18,171.009995,173.520004,170.580002,173.050003,203460600
2013-09-19,173.520004,173.600006,172.589996,172.759995,146616900
2013-09-20,172.330002,172.330002,170.580002,170.720001,132867100
2013-09-23,170.490005,170.649994,169.389999,169.929993,104616500
2013-09-24,169.899994,170.529999,169.210007,169.529999,106333100
2013-09-25,169.639999,169.979996,168.889999,169.039993,117306500
2013-09-26,169.320007,170.169998,169.050003,169.690002,77146900
2013-09-27,168.839996,169.139999,168.470001,168.910004,99141800
2013-09-30,167.479996,168.539993,167.149994,168.009995,143937000
2013-10-01,168.139999,169.500000,167.970001,169.339996,127160000
2013-10-02,168.350006,169.339996,167.830002,169.179993,113350000
2013-10-03,168.789993,168.940002,166.839996,167.619995,176698000
2013-10-04,167.750000,169.059998,167.529999,168.889999,96878000
2013-10-07,167.419998,168.449997,167.250000,167.429993,96295000
2013-10-08,167.399994,167.619995,165.360001,165.479996,178015000
2013-10-09,165.800003,166.199997,164.529999,165.600006,168973000
2013-10-10,167.289993,169.259995,167.229996,169.169998,195955000
2013-10-11,168.910004,170.320007,168.770004,170.259995,105040000
2013-10-14,169.210007,171.080002,169.080002,170.940002,112106000
2013-10-15,170.509995,171.149994,169.470001,169.699997,155485000
2013-10-16,170.720001,172.160004,170.639999,172.070007,161676000
2013-10-17,171.369995,173.320007,171.339996,173.220001,129389000
2013-10-18,173.860001,174.509995,173.509995,174.389999,138316000
2013-10-21,174.449997,174.750000,174.009995,174.399994,104104000
2013-10-22,174.910004,175.929993,174.429993,175.410004,126663000
2013-10-23,174.809998,174.889999,173.960007,174.570007,105484000
2013-10-24,174.919998,175.369995,174.509995,175.149994,70350000
2013-10-25,175.509995,176.000000,175.169998,175.949997,93625000
2013-10-28,175.889999,176.470001,175.699997,176.229996,84979000
2013-10-29,176.630005,177.240005,176.380005,177.169998,87401000
2013-10-30,177.380005,177.509995,175.660004,176.289993,140002000
2013-10-31,176.149994,176.889999,175.529999,175.789993,133795000
2013-11-01,176.020004,176.610001,175.220001,176.210007,142805000
2013-11-04,176.690002,176.899994,175.979996,176.830002,85677000
2013-11-05,176.139999,176.750000,175.570007,176.270004,85825000
2013-11-06,177.029999,177.500000,176.539993,177.169998,87348000
2013-11-07,177.500000,177.639999,174.759995,174.929993,157000000
2013-11-08,174.869995,177.309998,174.850006,177.289993,136713000
2013-11-11,177.119995,177.529999,176.910004,177.320007,62614000
2013-11-12,176.940002,177.360001,176.369995,176.960007,83990000
2013-11-13,176.089996,178.429993,176.089996,178.380005,103844000
2013-11-14,178.539993,179.419998,178.250000,179.270004,103435000
2013-11-15,179.559998,180.119995,179.330002,180.050003,102818000
2013-11-18,180.350006,180.500000,179.020004,179.419998,104796000
2013-11-19,179.330002,179.869995,178.720001,179.029999,93891000
2013-11-20,179.389999,179.929993,177.979996,178.470001,124909000
2013-11-21,178.970001,180.050003,178.860001,179.910004,92841000
2013-11-22,179.979996,180.830002,179.770004,180.809998,81296000
2013-11-25,181.130005,181.169998,180.369995,180.630005,79486000
2013-11-26,180.720001,181.220001,180.410004,180.679993,86994000
2013-11-27,180.869995,181.240005,180.649994,181.119995,58800000
2013-11-29,181.320007,181.750000,180.800003,181.000000,55870900
2013-12-02,181.089996,181.429993,180.250000,180.529999,99726000
2013-12-03,179.940002,180.389999,179.169998,179.750000,116563000
2013-12-04,179.100006,180.479996,178.350006,179.729996,123033000
2013-12-05,179.410004,179.740005,178.770004,178.940002,106934000
2013-12-06,180.669998,181.110001,180.149994,180.940002,127728000
2013-12-09,181.470001,181.669998,181.160004,181.399994,70124000
2013-12-10,180.979996,181.360001,180.639999,180.750000,80976000
2013-12-11,180.820007,180.850006,178.500000,178.720001,130591000
2013-12-12,178.639999,178.860001,177.759995,178.130005,115565000
2013-12-13,178.500000,178.660004,177.770004,178.110001,107808000
2013-12-16,178.949997,179.809998,178.899994,179.220001,96195000
2013-12-17,179.380005,179.410004,178.250000,178.649994,89886000
2013-12-18,178.919998,181.729996,177.320007,181.699997,234906000
2013-12-19,181.179993,181.699997,180.710007,181.490005,136531200
2013-12-20,180.690002,181.990005,180.570007,181.559998,197087000
2013-12-23,182.449997,182.639999,182.070007,182.529999,85598000
2013-12-24,182.539993,183.009995,182.529999,182.929993,45368800
2013-12-26,183.339996,183.960007,183.320007,183.860001,63365000
2013-12-27,184.100006,184.179993,183.660004,183.850006,61814000
2013-12-30,183.869995,184.020004,183.580002,183.820007,56857000
2013-12-31,184.070007,184.690002,183.929993,184.690002,86119900
2014-01-02,183.979996,184.070007,182.479996,182.919998,119636900
2014-01-03,183.229996,183.600006,182.630005,182.889999,81390600
2014-01-06,183.490005,183.559998,182.080002,182.360001,108028200
2014-01-07,183.089996,183.789993,182.949997,183.479996,86144200
2014-01-08,183.449997,183.830002,182.889999,183.520004,96582300
2014-01-09,184.110001,184.130005,182.800003,183.639999,90683400
2014-01-10,183.949997,184.220001,183.009995,184.139999,102026400
2014-01-13,183.669998,184.179993,181.339996,181.690002,149892000
2014-01-14,182.289993,183.770004,181.949997,183.669998,105016100
2014-01-15,184.100006,184.940002,183.710007,184.660004,98525800
2014-01-16,184.279999,184.660004,183.830002,184.419998,72290600
2014-01-17,184.100006,184.449997,183.320007,183.639999,107848700
2014-01-21,184.699997,184.770004,183.050003,184.179993,88621200
2014-01-22,184.490005,184.570007,183.910004,184.300003,61270900
2014-01-23,183.369995,183.399994,181.820007,182.789993,132496900
2014-01-24,181.600006,181.660004,178.830002,178.889999,208677100
2014-01-27,179.059998,179.520004,177.119995,178.009995,180843100
2014-01-28,178.139999,179.300003,178.119995,179.070007,110463200
2014-01-29,177.580002,178.550003,176.880005,177.350006,216597300
2014-01-30,178.830002,179.809998,178.259995,179.229996,118938100
2014-01-31,177.009995,179.289993,176.919998,178.179993,194677900
2014-02-03,177.970001,178.369995,173.830002,174.169998,254837100
2014-02-04,174.949997,175.839996,174.110001,175.389999,165012400
2014-02-05,174.779999,175.559998,173.710007,175.169998,164230500
2014-02-06,175.580002,177.479996,175.220001,177.479996,132877600
2014-02-07,178.309998,179.869995,177.729996,179.679993,170787200
2014-02-10,179.699997,180.070007,179.210007,180.009995,92218800
2014-02-11,180.160004,182.440002,180.039993,181.979996,117814100
2014-02-12,182.250000,182.830002,181.710007,182.070007,94717700
2014-02-13,180.839996,183.199997,180.830002,183.009995,100542200
2014-02-14,182.839996,184.360001,182.669998,184.020004,96498400
2014-02-18,184.179993,184.490005,183.649994,184.240005,80460900
2014-02-19,183.759995,184.949997,182.869995,183.020004,126524300
2014-02-20,183.270004,184.520004,182.600006,184.100006,104998100
2014-02-21,184.449997,184.889999,183.800003,183.889999,118116400
2014-02-24,184.279999,186.149994,184.199997,184.910004,114063900
2014-02-25,185.059998,185.589996,184.229996,184.839996,117085000
2014-02-26,185.110001,185.600006,184.330002,184.850006,98677200
2014-02-27,184.580002,185.869995,184.369995,185.820007,93880800
2014-02-28,185.789993,187.149994,185.050003,186.289993,150842000
2014-03-03,184.649994,185.449997,183.750000,184.979996,167748500
2014-03-04,186.789993,187.979996,186.750000,187.580002,167545900
2014-03-05,187.740005,188.070007,187.449997,187.750000,88376900
2014-03-06,188.210007,188.610001,187.779999,188.179993,82516500
2014-03-07,188.960007,188.960007,187.429993,188.259995,114513500
2014-03-10,187.970001,188.229996,187.080002,188.160004,74939200
2014-03-11,188.440002,188.710007,186.800003,187.229996,99009100
2014-03-12,186.320007,187.350006,185.899994,187.279999,104824400
2014-03-13,187.839996,187.990005,184.660004,185.179993,155014300
2014-03-14,184.850006,185.800003,184.440002,184.660004,153919600
2014-03-17,185.589996,186.770004,185.509995,186.330002,98359500
2014-03-18,186.710007,187.910004,186.509995,187.660004,101804600
2014-03-19,187.679993,187.940002,185.470001,186.660004,176267300
2014-03-20,186.250000,187.889999,185.919998,187.750000,117241000
2014-03-21,187.710007,189.020004,186.029999,186.199997,163128000
2014-03-24,186.839996,187.070007,184.619995,185.429993,121411000
2014-03-25,186.369995,186.940002,185.270004,186.309998,103852000
2014-03-26,187.039993,187.339996,184.919998,184.970001,119843000
2014-03-27,184.750000,185.339996,183.899994,184.580002,142383000
2014-03-28,185.110001,186.419998,185.000000,185.490005,101642000
2014-03-31,186.669998,187.300003,185.520004,187.009995,99745000
2014-04-01,187.619995,188.360001,187.000000,188.250000,89193000
2014-04-02,188.490005,189.130005,188.139999,188.880005,78774000
2014-04-03,189.169998,189.220001,188.050003,188.630005,77435000
2014-04-04,189.660004,189.699997,186.100006,186.399994,169381000
2014-04-07,185.949997,186.259995,183.960007,184.339996,140803000
2014-04-08,184.259995,185.399994,183.589996,185.100006,112660000
2014-04-09,185.600006,187.149994,185.059998,187.089996,100254000
2014-04-10,187.080002,187.169998,182.929993,183.160004,172959000
2014-04-11,182.139999,183.419998,181.309998,181.509995,167251000
2014-04-14,182.929993,183.369995,181.440002,182.940002,132382000
2014-04-15,183.320007,184.330002,181.509995,184.199997,157093000
2014-04-16,185.470001,186.139999,184.649994,186.130005,105197000
2014-04-17,185.880005,186.910004,185.559998,186.389999,105255000
2014-04-21,186.440002,187.100006,186.210007,187.039993,68329000
2014-04-22,187.229996,188.399994,187.130005,187.889999,85790000
2014-04-23,187.820007,187.919998,187.300003,187.449997,73869000
2014-04-24,188.369995,188.389999,186.929993,187.830002,88170000
2014-04-25,187.220001,187.330002,185.869995,186.289993,100380000
2014-04-28,187.050003,187.690002,184.960007,186.880005,135121000
2014-04-29,187.479996,188.039993,187.080002,187.750000,84098000
2014-04-30,187.440002,188.500000,187.179993,188.309998,101508000
2014-05-01,188.220001,188.839996,187.729996,188.330002,93019000
2014-05-02,188.309998,189.139999,187.779999,188.059998,98122000
2014-05-05,187.139999,188.550003,186.619995,188.419998,75883000
2014-05-06,188.000000,188.130005,186.740005,186.779999,85454000
2014-05-07,187.410004,187.970001,186.009995,187.880005,106500000
2014-05-08,187.710007,189.050003,187.080002,187.679993,93618000
2014-05-09,187.710007,188.039993,186.830002,187.960007,83679000
2014-05-12,188.800003,189.880005,188.000000,189.789993,86940000
2014-05-13,190.039993,190.419998,189.770004,189.960007,66454000
2014-05-14,189.789993,189.880005,188.789993,189.059998,72367000
2014-05-15,188.679993,188.720001,186.479996,187.399994,154956000
2014-05-16,187.509995,188.130005,186.720001,188.050003,97458000
2014-05-19,187.690002,188.889999,187.520004,188.740005,63839000
2014-05-20,188.649994,188.669998,187.070007,187.550003,111644000
2014-05-21,188.089996,189.220001,188.059998,189.130005,89093000
2014-05-22,189.179993,189.979996,188.860001,189.589996,61549000
2014-05-23,189.759995,190.479996,189.589996,190.350006,61092800
2014-05-27,191.059998,191.580002,190.949997,191.520004,72010000
2014-05-28,191.520004,191.820007,191.059998,191.380005,66723000
2014-05-29,191.820007,192.399994,191.330002,192.369995,64377000
2014-05-30,192.190002,192.800003,192.029999,192.679993,76316000
2014-06-02,192.949997,192.990005,191.970001,192.899994,64656000
2014-06-03,192.429993,192.899994,192.250000,192.800003,65047000
2014-06-04,192.470001,193.300003,192.270004,193.190002,55529000
2014-06-05,193.410004,194.649994,192.699997,194.449997,92103000
2014-06-06,194.869995,195.429993,194.779999,195.380005,78696000
2014-06-09,195.350006,196.050003,195.169998,195.580002,65119000
2014-06-10,195.339996,195.639999,194.919998,195.600006,57129000
2014-06-11,194.899994,195.119995,194.479996,194.919998,68772000
2014-06-12,194.690002,194.800003,193.110001,193.539993,106350000
2014-06-13,193.919998,194.320007,193.300003,194.130005,82017000
2014-06-16,193.889999,194.699997,193.660004,194.289993,87424000
2014-06-17,194.020004,194.970001,193.809998,194.830002,84834000
2014-06-18,194.830002,196.369995,194.399994,196.259995,105267000
2014-06-19,196.429993,196.600006,195.800003,196.479996,85929000
2014-06-20,196.029999,196.100006,195.699997,195.940002,100587000
2014-06-23,195.990005,196.050003,195.520004,195.880005,70611000
2014-06-24,195.529999,196.500000,194.479996,194.699997,96237000
2014-06-25,194.289993,195.779999,194.250000,195.580002,82782000
2014-06-26,195.610001,195.630005,194.130005,195.440002,84312000
2014-06-27,194.979996,195.880005,194.889999,195.820007,71445100
2014-06-30,195.699997,196.169998,195.529999,195.720001,70201200
2014-07-01,196.199997,197.630005,196.130005,197.029999,90470000
2014-07-02,197.050003,197.479996,196.960007,197.229996,52475000
2014-07-03,197.789993,198.289993,197.639999,198.199997,52938800
2014-07-07,197.820007,197.979996,197.220001,197.509995,61696000
2014-07-08,197.149994,197.220001,195.759995,196.240005,108143000
2014-07-09,196.729996,197.300003,196.309998,197.119995,72992000
2014-07-10,195.220001,196.860001,195.059998,196.339996,99040000
2014-07-11,196.220001,196.750000,195.779999,196.610001,64243000
2014-07-14,197.610001,197.860001,197.440002,197.600006,58658000
2014-07-15,197.720001,198.100006,196.360001,197.229996,111307000
2014-07-16,198.110001,198.259995,197.419998,197.960007,79986400
2014-07-17,197.350006,198.100006,195.429993,195.710007,145398000
2014-07-18,196.350006,197.910004,196.240005,197.710007,124330000
2014-07-21,197.089996,197.500000,196.429993,197.339996,67592000
2014-07-22,198.009995,198.559998,197.869995,198.199997,67678000
2014-07-23,198.500000,198.850006,198.100006,198.639999,65612000
2014-07-24,198.830002,199.059998,198.449997,198.649994,56888000
2014-07-25,198.089996,198.259995,197.330002,197.720001,76837000
2014-07-28,197.759995,198.089996,196.619995,197.800003,69259000
2014-07-29,198.169998,198.449997,196.919998,196.949997,80466000
2014-07-30,197.649994,197.910004,196.160004,196.979996,104222000
2014-07-31,195.610001,195.779999,192.970001,193.089996,183479000
2014-08-01,192.559998,193.759995,191.570007,192.500000,189261000
2014-08-04,192.869995,194.300003,192.050003,193.889999,91340000
2014-08-05,193.100006,193.600006,191.309998,192.009995,152690000
2014-08-06,191.110001,192.889999,191.080002,192.070007,94818000
2014-08-07,192.940002,193.130005,190.550003,191.029999,135733000
2014-08-08,191.460007,193.369995,190.949997,193.240005,117014000
2014-08-11,193.970001,194.660004,193.710007,193.800003,74544000
2014-08-12,193.610001,194.149994,192.940002,193.529999,73632000
2014-08-13,194.289993,195.059998,193.960007,194.839996,69047000
2014-08-14,195.160004,195.759995,194.979996,195.759995,57371000
2014-08-15,196.470001,196.649994,194.309998,195.720001,139951000
2014-08-18,196.800003,197.449997,196.690002,197.360001,75424000
2014-08-19,197.839996,198.539993,197.440002,198.389999,59135000
2014-08-20,198.119995,199.160004,198.080002,198.919998,72763000
2014-08-21,199.089996,199.759995,198.929993,199.500000,67791000
2014-08-22,199.339996,199.690002,198.740005,199.190002,76107000
2014-08-25,200.139999,200.589996,199.149994,200.199997,63855000
2014-08-26,200.330002,200.820007,200.279999,200.330002,47298000
2014-08-27,200.429993,200.570007,199.940002,200.250000,47874000
2014-08-28,199.589996,200.270004,199.389999,200.139999,58330000
2014-08-29,200.449997,200.729996,199.820007,200.710007,65907000
2014-09-02,200.970001,201.000000,199.860001,200.610001,72426000
2014-09-03,201.380005,201.410004,200.220001,200.500000,57462000
2014-09-04,200.839996,201.580002,199.660004,200.210007,85236000
2014-09-05,200.169998,201.190002,199.410004,201.110001,102177000
2014-09-08,200.919998,201.210007,200.000000,200.589996,64146000
2014-09-09,200.410004,200.550003,198.910004,199.320007,88591000
2014-09-10,199.429993,200.199997,198.770004,200.070007,67251000
2014-09-11,199.270004,200.330002,199.119995,200.300003,66774400
2014-09-12,200.100006,200.119995,198.559998,199.130005,117409300
2014-09-15,199.160004,199.320007,198.380005,198.979996,76401000
2014-09-16,198.610001,200.839996,198.500000,200.479996,116201000
2014-09-17,200.770004,201.679993,199.750000,200.750000,151266000
2014-09-18,201.360001,201.850006,201.100006,201.820007,94990000
2014-09-19,201.520004,201.899994,200.289993,200.699997,121649000
2014-09-22,200.350006,200.380005,198.729996,199.149994,125553000
2014-09-23,198.429993,199.259995,197.949997,198.009995,111393000
2014-09-24,198.039993,199.690002,197.520004,199.559998,107276000
2014-09-25,199.039993,199.050003,196.270004,196.339996,150300000
2014-09-26,196.699997,198.389999,196.419998,197.899994,103547000
2014-09-29,196.199997,197.889999,196.050003,197.539993,95112000
2014-09-30,197.690002,198.300003,196.610001,197.020004,131302000
2014-10-01,196.699997,196.770004,193.910004,194.350006,177798000
2014-10-02,194.179993,195.059998,192.350006,194.380005,157285000
2014-10-03,195.679993,196.940002,195.080002,196.520004,121569000
2014-10-06,197.339996,197.600006,195.580002,196.289993,104778000
2014-10-07,195.279999,195.720001,193.220001,193.259995,147913000
2014-10-08,193.369995,196.919998,192.360001,196.639999,186461000
2014-10-09,196.330002,196.600006,192.580002,192.740005,210705000
2014-10-10,192.690002,193.649994,190.490005,190.539993,221909000
2014-10-13,190.460007,191.149994,187.300003,187.410004,230939000
2014-10-14,188.419998,189.820007,187.039993,187.699997,215847000
2014-10-15,185.160004,187.690002,181.919998,186.429993,380715000
2014-10-16,183.059998,187.580002,182.889999,186.270004,270391000
2014-10-17,188.419998,189.750000,187.619995,188.470001,214625000
2014-10-20,188.130005,190.449997,188.070007,190.300003,130011000
2014-10-21,191.679993,194.199997,191.479996,194.070007,154949000
2014-10-22,194.410004,194.910004,192.610001,192.690002,151822000
2014-10-23,194.619995,196.199997,194.259995,194.929993,154944000
2014-10-24,195.250000,196.490005,194.490005,196.429993,117927000
2014-10-27,195.729996,196.449997,195.029999,196.160004,82954000
2014-10-28,196.820007,198.419998,196.729996,198.410004,106736000
2014-10-29,198.550003,199.119995,196.800003,198.110001,142557000
2014-10-30,197.580002,199.949997,197.399994,199.380005,113330000
2014-10-31,201.779999,201.820007,200.770004,201.660004,146903000
2014-11-03,201.919998,202.449997,201.309998,201.770004,93600000
2014-11-04,201.229996,201.600006,200.059998,201.070007,93343000
2014-11-05,202.539993,202.589996,201.449997,202.339996,91709000
2014-11-06,202.389999,203.259995,201.639999,203.149994,107089000
2014-11-07,203.169998,203.600006,202.610001,203.339996,89540000
2014-11-10,203.380005,204.039993,203.130005,203.979996,66319000
2014-11-11,204.059998,204.309998,203.649994,204.179993,54499400
2014-11-12,203.350006,204.240005,203.309998,203.960007,90120300
2014-11-13,204.160004,204.830002,203.210007,204.190002,85357900
2014-11-14,204.100006,204.490005,203.720001,204.240005,80417500
2014-11-17,203.850006,204.580002,203.649994,204.369995,80441000
2014-11-18,204.440002,205.919998,204.440002,205.550003,76068100
2014-11-19,205.309998,205.550003,204.300003,205.220001,82373000
2014-11-20,204.259995,205.710007,204.179993,205.580002,72840300
2014-11-21,207.639999,207.839996,205.979996,206.679993,142327300
2014-11-24,207.169998,207.389999,206.910004,207.259995,65880800
2014-11-25,207.539993,207.789993,206.800003,207.110001,79108300
2014-11-26,207.289993,207.759995,207.029999,207.639999,62167800
2014-11-28,207.490005,207.869995,206.910004,207.199997,57890100
2014-12-01,206.399994,206.539993,205.380005,205.759995,103968400
2014-12-02,205.809998,207.339996,205.779999,207.089996,74507200
2014-12-03,207.300003,208.149994,207.100006,207.889999,68952000
2014-12-04,207.539993,208.270004,206.699997,207.660004,91316600
2014-12-05,207.869995,208.470001,207.550003,208.000000,91025500
2014-12-08,207.520004,208.119995,205.929993,206.610001,108588200
2014-12-09,204.369995,206.600006,203.910004,206.470001,125180100
2014-12-10,205.910004,205.979996,202.929993,203.160004,159856400
2014-12-11,203.880005,206.190002,203.710007,204.190002,159012800
2014-12-12,202.639999,203.820007,200.850006,200.889999,202330200
2014-12-15,201.979996,202.529999,198.779999,199.509995,189965800
2014-12-16,198.580002,202.399994,197.860001,197.910004,259543800
2014-12-17,198.440002,202.339996,198.289993,201.789993,253910100
2014-12-18,204.740005,212.970001,203.919998,206.779999,257633900
2014-12-19,206.429993,207.330002,205.610001,206.520004,245084600
2014-12-22,206.750000,207.470001,206.460007,207.470001,148318900
2014-12-23,208.169998,208.229996,207.399994,207.750000,122167900
2014-12-24,208.020004,208.339996,207.720001,207.770004,42963400
2014-12-26,208.309998,208.850006,208.250000,208.440002,57326700
2014-12-29,208.220001,208.970001,208.139999,208.720001,79643900
2014-12-30,208.210007,208.369995,207.509995,207.600006,73540800
2014-12-31,207.990005,208.190002,205.389999,205.539993,130333800
2015-01-02,206.380005,206.880005,204.179993,205.429993,121465900
2015-01-05,204.169998,204.369995,201.350006,201.720001,169632600
2015-01-06,202.089996,202.720001,198.860001,199.820007,209151400
2015-01-07,201.419998,202.720001,200.880005,202.309998,125346700
2015-01-08,204.009995,206.160004,203.990005,205.899994,147217800
2015-01-09,206.399994,206.419998,203.509995,204.250000,158567300
2015-01-12,204.410004,204.600006,201.919998,202.649994,144396100
2015-01-13,204.119995,205.479996,200.509995,202.080002,214553300
2015-01-14,199.649994,201.100006,198.570007,200.860001,192991100
2015-01-15,201.630005,202.009995,198.880005,199.020004,176613900
2015-01-16,198.770004,201.820007,198.550003,201.630005,211879600
2015-01-20,202.399994,202.720001,200.169998,202.059998,130991100
2015-01-21,201.500000,203.660004,200.940002,203.080002,122942700
2015-01-22,203.990005,206.259995,202.330002,206.100006,174356000
2015-01-23,205.789993,206.100006,204.809998,204.970001,117516800
2015-01-26,204.710007,205.559998,203.850006,205.449997,92009700
2015-01-27,202.970001,204.119995,201.740005,202.740005,134044600
2015-01-28,204.169998,204.289993,199.910004,200.139999,168514300
2015-01-29,200.380005,202.300003,198.679993,201.990005,173585400
2015-01-30,200.570007,202.169998,199.130005,199.449997,197729700
2015-02-02,200.050003,202.029999,197.860001,201.919998,163107000
2015-02-03,203.000000,204.850006,202.550003,204.839996,124212900
2015-02-04,203.919998,205.380005,203.509995,204.059998,134306700
2015-02-05,204.860001,206.300003,204.770004,206.119995,97953200
2015-02-06,206.559998,207.240005,204.919998,205.550003,125672000
2015-02-09,204.770004,205.639999,204.139999,204.630005,87219000
2015-02-10,205.880005,207.119995,204.679993,206.809998,96164200
2015-02-11,206.610001,207.449997,205.830002,206.929993,91087800
2015-02-12,207.889999,208.990005,206.970001,208.919998,97545900
2015-02-13,209.070007,209.839996,208.759995,209.779999,93670400
2015-02-17,209.399994,210.320007,209.100006,210.110001,76968200
2015-02-18,209.660004,210.220001,209.339996,210.130005,80652900
2015-02-19,209.410004,210.419998,209.240005,209.979996,91462500
2015-02-20,209.479996,211.330002,208.729996,211.240005,140896400
2015-02-23,210.940002,211.210007,210.479996,211.210007,74411100
2015-02-24,211.119995,212.050003,210.759995,211.809998,72472300
2015-02-25,211.660004,212.240005,211.220001,211.630005,73061700
2015-02-26,211.520004,211.710007,210.649994,211.380005,72697900
2015-02-27,211.259995,211.580002,210.600006,210.660004,108076000
2015-03-02,210.779999,212.059998,210.720001,211.990005,87491400
2015-03-03,211.470001,212.050003,210.080002,211.119995,110325800
2015-03-04,210.399994,210.490005,209.059998,210.229996,114497200
2015-03-05,210.619995,210.800003,209.850006,210.460007,76873000
2015-03-06,209.419998,209.940002,207.100006,207.500000,188128000
2015-03-09,207.740005,208.789993,207.550003,208.360001,89818900
2015-03-10,206.710007,206.809998,204.929993,204.979996,157121300
2015-03-11,205.289993,205.500000,204.399994,204.500000,110145700
2015-03-12,205.259995,207.179993,205.199997,207.100006,93993500
2015-03-13,206.770004,207.929993,204.580002,205.830002,162410900
2015-03-16,206.710007,208.690002,205.860001,208.580002,136099200
2015-03-17,207.690002,208.419998,206.979996,207.960007,94510400
2015-03-18,207.389999,211.270004,206.619995,210.460007,228808500
2015-03-19,209.960007,210.470001,209.029999,209.500000,117917300
2015-03-20,209.710007,211.020004,209.490005,210.410004,177715100
2015-03-23,210.419998,211.110001,210.000000,210.000000,71784500
2015-03-24,209.850006,210.399994,208.740005,208.820007,77805300
2015-03-25,209.070007,209.350006,205.710007,205.759995,159521700
2015-03-26,204.960007,206.369995,204.119995,205.270004,153067200
2015-03-27,205.130005,205.949997,204.899994,205.740005,118939000
2015-03-30,206.979996,208.610001,206.960007,208.250000,96180400
2015-03-31,207.259995,208.100006,206.360001,206.429993,126768700
2015-04-01,206.389999,206.419998,204.509995,205.699997,137303600
2015-04-02,205.619995,206.979996,205.399994,206.440002,86900900
2015-04-06,205.369995,208.449997,205.210007,207.830002,114368200
2015-04-07,207.860001,208.759995,207.240005,207.279999,81236300
2015-04-08,207.550003,208.509995,207.080002,207.979996,89351900
2015-04-09,207.779999,209.179993,207.190002,208.899994,85548900
2015-04-10,209.199997,210.089996,208.960007,210.039993,72722900
2015-04-13,209.869995,210.630005,209.029999,209.089996,74436600
2015-04-14,208.850006,209.710007,208.100006,209.490005,75099900
2015-04-15,210.050003,211.039993,209.949997,210.429993,99529300
2015-04-16,210.029999,210.979996,209.789993,210.369995,68934900
2015-04-17,208.940002,209.229996,207.009995,207.949997,191113200
2015-04-20,209.059998,210.250000,208.960007,209.850006,92189500
2015-04-21,210.669998,210.860001,209.240005,209.600006,72559800
2015-04-22,210.009995,210.850006,208.899994,210.630005,78264600
2015-04-23,210.149994,211.940002,210.009995,211.160004,102585900
2015-04-24,211.660004,211.970001,211.110001,211.649994,61327400
2015-04-27,212.330002,212.479996,210.539993,210.770004,79358100
2015-04-28,210.740005,211.500000,209.330002,211.440002,86863500
2015-04-29,210.369995,211.289993,209.600006,210.570007,125684900
2015-04-30,209.880005,210.350006,207.619995,208.460007,161304900
2015-05-01,209.399994,210.770004,209.279999,210.720001,103399700
2015-05-04,211.229996,212.020004,211.100006,211.320007,70927200
2015-05-05,211.029999,211.460007,208.729996,208.899994,113326200
2015-05-06,209.559998,209.929993,206.759995,208.039993,135060200
2015-05-07,207.919998,209.380005,207.520004,208.869995,88244900
2015-05-08,210.880005,211.860001,210.779999,211.619995,155877300
2015-05-11,211.570007,211.889999,210.520004,210.610001,75708100
2015-05-12,209.610001,210.630005,208.619995,209.979996,119727600
2015-05-13,210.470001,211.220001,209.740005,210.020004,94667900
2015-05-14,211.240005,212.320007,210.910004,212.210007,95934000
2015-05-15,212.440002,212.610001,211.860001,212.440002,76510100
2015-05-18,212.240005,213.399994,212.160004,213.100006,74549700
2015-05-19,213.240005,213.570007,212.690002,213.029999,72114600
2015-05-20,213.149994,213.779999,212.500000,212.880005,76857500
2015-05-21,212.710007,213.750000,212.509995,213.500000,64764600
2015-05-22,213.039993,213.539993,212.910004,212.990005,57433500
2015-05-26,212.399994,212.910004,210.199997,210.699997,124308600
2015-05-27,211.250000,212.979996,210.759995,212.699997,93214000
2015-05-28,212.330002,212.589996,211.630005,212.460007,74974600
2015-05-29,212.380005,212.429993,210.820007,211.139999,124919600
2015-06-01,211.940002,212.339996,210.619995,211.570007,93338800
2015-06-02,211.020004,212.190002,210.270004,211.360001,91531000
2015-06-03,212.000000,212.669998,211.330002,211.919998,87820900
2015-06-04,211.070007,211.860001,209.750000,210.130005,151882800
2015-06-05,209.949997,210.580002,208.979996,209.770004,121704700
2015-06-08,209.639999,209.820007,208.389999,208.479996,89063300
2015-06-09,208.449997,209.100006,207.690002,208.449997,105034700
2015-06-10,209.369995,211.410004,209.300003,210.949997,134551300
2015-06-11,211.479996,212.089996,211.199997,211.630005,73876400
2015-06-12,210.639999,211.479996,209.679993,210.009995,135382400
2015-06-15,208.639999,209.449997,207.789993,209.110001,124384200
2015-06-16,208.929993,210.350006,208.720001,210.250000,85308200
2015-06-17,210.589996,211.320007,209.360001,210.589996,126708600
2015-06-18,211.309998,213.339996,210.630005,212.779999,165867900
2015-06-19,211.460007,211.550003,210.360001,210.809998,130478700
2015-06-22,211.910004,212.589996,211.639999,211.889999,70696000
2015-06-23,212.139999,212.440002,211.570007,212.039993,68476800
2015-06-24,211.720001,212.169998,210.470001,210.500000,92307300
2015-06-25,211.100006,211.250000,209.770004,209.860001,97107400
2015-06-26,210.289993,210.580002,209.160004,209.820007,104174800
2015-06-29,208.050003,209.830002,205.330002,205.419998,202621300
2015-06-30,207.259995,207.320007,205.279999,205.850006,182925100
2015-07-01,207.729996,208.029999,206.559998,207.500000,135979900
2015-07-02,208.070007,208.270004,206.809998,207.309998,104373700
2015-07-06,205.770004,207.649994,205.529999,206.720001,117975400
2015-07-07,206.960007,208.169998,204.110001,208.020004,173820200
2015-07-08,206.419998,206.759995,204.250000,204.529999,164020100
2015-07-09,207.039993,207.350006,204.770004,204.899994,144113100
2015-07-10,207.289993,207.979996,204.949997,207.479996,129456900
2015-07-13,208.990005,209.899994,208.940002,209.770004,106069400
2015-07-14,209.720001,211.050003,209.649994,210.679993,81709600
2015-07-15,210.729996,211.279999,210.039993,210.610001,97914100
2015-07-16,211.869995,212.300003,211.580002,212.300003,106683300
2015-07-17,212.289993,212.550003,211.800003,212.479996,89030000
2015-07-20,212.750000,213.179993,212.210007,212.589996,70446800
2015-07-21,212.429993,212.740005,211.389999,211.750000,77965000
2015-07-22,210.929993,211.770004,210.889999,211.369995,88667900
2015-07-23,211.529999,211.649994,209.750000,210.179993,90509100
2015-07-24,210.300003,210.369995,207.600006,208.000000,117755000
2015-07-27,206.940002,207.550003,206.259995,206.789993,132361100
2015-07-28,207.789993,209.500000,206.800003,209.330002,123544800
2015-07-29,209.479996,211.039993,209.309998,210.770004,105791300
2015-07-30,210.160004,211.020004,209.419998,210.820007,91304400
2015-07-31,211.419998,211.449997,210.160004,210.500000,103266900
2015-08-03,210.460007,210.529999,208.649994,209.789993,113965700
2015-08-04,209.699997,210.250000,208.800003,209.380005,81820800
2015-08-05,210.449997,211.309998,209.729996,210.070007,85786800
2015-08-06,210.289993,210.419998,207.649994,208.350006,116030800
2015-08-07,208.160004,208.339996,206.869995,207.949997,117858000
2015-08-10,209.279999,210.669998,209.279999,210.570007,80270700
2015-08-11,208.970001,209.470001,207.759995,208.669998,126081400
2015-08-12,207.110001,209.139999,205.360001,208.919998,172123700
2015-08-13,208.729996,209.550003,208.009995,208.660004,89383300
2015-08-14,208.429993,209.509995,208.259995,209.419998,72786500
2015-08-17,208.710007,210.589996,208.160004,210.589996,79072600
2015-08-18,210.259995,210.679993,209.699997,209.979996,71692700
2015-08-19,209.089996,210.009995,207.350006,208.320007,172946000
2015-08-20,206.509995,208.289993,203.899994,203.970001,194327900
2015-08-21,201.729996,203.940002,197.520004,197.830002,346588500
2015-08-24,187.490005,197.479996,182.399994,189.500000,507244300
2015-08-25,195.429993,195.449997,186.919998,187.270004,369833100
2015-08-26,192.080002,194.789993,188.369995,194.460007,339257000
2015-08-27,197.020004,199.419998,195.210007,199.270004,274143900
2015-08-28,198.500000,199.839996,197.919998,199.279999,160414400
2015-08-31,198.110001,199.130005,197.009995,197.669998,163298800
2015-09-01,193.119995,194.770004,190.729996,191.770004,256000400
2015-09-02,194.619995,195.460007,192.419998,195.410004,160269300
2015-09-03,196.259995,198.050003,194.960007,195.550003,152087800
2015-09-04,192.850006,193.860001,191.610001,192.589996,207081000
2015-09-08,195.940002,197.610001,195.169998,197.429993,116025700
2015-09-09,199.320007,199.470001,194.350006,194.789993,149347700
2015-09-10,194.559998,197.220001,194.250000,195.850006,158611100
2015-09-11,195.380005,196.820007,194.529999,196.740005,119691200
2015-09-14,196.949997,197.009995,195.429993,196.009995,79452000
2015-09-15,196.610001,198.990005,195.960007,198.460007,113806200
2015-09-16,198.820007,200.410004,198.410004,200.179993,99581600
2015-09-17,200.020004,202.889999,199.279999,199.729996,276046600
2015-09-18,195.710007,198.679993,194.960007,195.449997,223657500
2015-09-21,196.440002,197.679993,195.210007,196.460007,105726200
2015-09-22,193.880005,194.460007,192.559998,193.910004,153890900
2015-09-23,194.110001,194.669998,192.910004,193.600006,92790600
2015-09-24,192.149994,193.449997,190.559998,192.899994,159378800
2015-09-25,194.639999,195.000000,191.809998,192.850006,155054800
2015-09-28,191.779999,191.910004,187.639999,188.009995,178515900
2015-09-29,188.270004,189.740005,186.929993,188.119995,159045600
2015-09-30,190.369995,191.830002,189.440002,191.630005,163452000
2015-10-01,192.080002,192.490005,189.820007,192.130005,131079000
2015-10-02,189.770004,195.029999,189.119995,195.000000,211003300
2015-10-05,196.460007,198.740005,196.330002,198.470001,126320800
2015-10-06,198.309998,198.979996,197.000000,197.789993,110274500
2015-10-07,198.899994,199.830002,197.479996,199.410004,124307300
2015-10-08,198.949997,201.550003,198.589996,201.210007,153055200
2015-10-09,201.380005,201.899994,200.580002,201.330002,107069200
2015-10-12,201.419998,201.759995,200.910004,201.520004,56395600
2015-10-13,200.649994,202.160004,200.050003,200.250000,88038700
2015-10-14,200.179993,200.869995,198.940002,199.289993,99106200
2015-10-15,200.080002,202.360001,199.639999,202.350006,134142200
2015-10-16,202.830002,203.289993,201.919998,203.270004,114580100
2015-10-19,202.500000,203.369995,202.130005,203.369995,76523900
2015-10-20,202.850006,203.839996,202.550003,203.110001,78448500
2015-10-21,203.610001,203.789993,201.649994,201.850006,102038000
2015-10-22,202.979996,205.509995,201.850006,205.259995,174911700
2015-10-23,207.250000,207.949997,206.300003,207.509995,144442300
2015-10-26,207.300003,207.369995,206.559998,207.000000,69033000
2015-10-27,206.199997,207.000000,205.789993,206.600006,77905800
2015-10-28,207.000000,208.979996,206.210007,208.949997,135906700
2015-10-29,208.350006,209.270004,208.210007,208.830002,90525500
2015-10-30,209.059998,209.440002,207.740005,207.929993,131076900
2015-11-02,208.320007,210.619995,208.169998,210.389999,86270800
2015-11-03,209.970001,211.660004,209.699997,211.000000,95246100
2015-11-04,211.350006,211.500000,209.720001,210.360001,96224500
2015-11-05,210.429993,210.979996,209.089996,210.149994,78408700
2015-11-06,209.740005,210.320007,208.460007,210.039993,110471500
2015-11-09,209.309998,209.490005,206.949997,208.080002,131008700
2015-11-10,207.509995,208.600006,207.190002,208.559998,75874600
2015-11-11,208.880005,208.940002,207.660004,207.740005,67846000
2015-11-12,206.500000,207.059998,204.820007,204.839996,121315200
2015-11-13,204.350006,204.669998,202.440002,202.539993,153577100
2015-11-16,202.320007,205.690002,202.179993,205.619995,117645200
2015-11-17,205.990005,207.039993,204.880005,205.470001,121123700
2015-11-18,206.039993,208.899994,205.990005,208.729996,121342500
2015-11-19,208.589996,209.050003,208.199997,208.550003,88220500
2015-11-20,209.449997,210.119995,208.860001,209.309998,94011500
2015-11-23,209.380005,209.979996,208.520004,209.070007,64931200
2015-11-24,207.869995,209.830002,207.410004,209.350006,98874400
2015-11-25,209.500000,209.740005,209.009995,209.320007,51980100
2015-11-27,209.429993,209.800003,208.860001,209.559998,37317800
2015-11-30,209.750000,209.889999,208.559998,208.690002,112822700
2015-12-01,209.440002,210.820007,209.110001,210.679993,97858400
2015-12-02,210.619995,211.000000,208.229996,208.529999,108441300
2015-12-03,208.830002,209.149994,204.750000,205.610001,166224200
2015-12-04,205.610001,209.970001,205.610001,209.619995,192913900
2015-12-07,209.229996,209.729996,207.199997,208.350006,102027100
2015-12-08,206.490005,208.289993,205.779999,206.949997,103372400
2015-12-09,206.190002,208.679993,204.179993,205.339996,162401500
2015-12-10,205.419998,207.429993,205.139999,205.869995,116128900
2015-12-11,203.350006,204.139999,201.509995,201.880005,211173300
2015-12-14,202.070007,203.050003,199.949997,202.899994,182385200
2015-12-15,204.699997,206.110001,202.869995,205.029999,154069600
2015-12-16,206.369995,208.389999,204.800003,208.029999,197017000
2015-12-17,208.399994,208.479996,204.839996,204.860001,173092500
2015-12-18,202.770004,202.929993,199.830002,200.020004,251393500
2015-12-21,201.410004,201.880005,200.089996,201.669998,99094300
2015-12-22,202.720001,203.850006,201.550003,203.500000,111026200
2015-12-23,204.690002,206.070007,204.580002,206.020004,110987200
2015-12-24,205.720001,206.330002,205.419998,205.679993,48539600
2015-12-28,204.860001,205.259995,203.940002,205.210007,65899900
2015-12-29,206.509995,207.789993,206.470001,207.399994,92640700
2015-12-30,207.110001,207.210007,205.759995,205.929993,63317700
2015-12-31,205.130005,205.889999,203.869995,203.869995,114877900
2016-01-04,200.490005,201.029999,198.589996,201.020004,222353500
2016-01-05,201.399994,201.899994,200.050003,201.360001,110845800
2016-01-06,198.339996,200.059998,197.600006,198.820007,152112600
2016-01-07,195.330002,197.440002,193.589996,194.050003,213436100
2016-01-08,195.190002,195.850006,191.580002,191.919998,209817200
2016-01-11,193.009995,193.410004,189.820007,192.110001,187941300
2016-01-12,193.820007,194.550003,191.139999,193.660004,172330500
2016-01-13,194.449997,194.860001,188.380005,188.830002,221168900
2016-01-14,189.550003,193.259995,187.660004,191.929993,240795600
2016-01-15,186.770004,188.759995,185.520004,187.809998,324846400
2016-01-19,189.960007,190.110001,186.199997,188.059998,195244400
2016-01-20,185.029999,187.500000,181.020004,185.649994,286547800
2016-01-21,186.210007,188.869995,184.639999,186.690002,195772900
2016-01-22,189.779999,190.759995,188.880005,190.520004,168319600
2016-01-25,189.919998,190.149994,187.410004,187.639999,130371700
2016-01-26,188.419998,190.529999,188.020004,190.199997,141036800
2016-01-27,189.580002,191.559998,187.059998,188.130005,185681700
2016-01-28,189.960007,190.199997,187.160004,189.110001,143798800
2016-01-29,190.020004,193.880005,189.880005,193.720001,210529300
2016-02-01,192.529999,194.580002,191.839996,193.649994,136061600
2016-02-02,191.960007,191.970001,189.539993,190.160004,182564900
2016-02-03,191.410004,191.779999,187.100006,191.300003,205054900
2016-02-04,190.710007,192.750000,189.960007,191.600006,139531800
2016-02-05,190.990005,191.669998,187.199997,187.949997,180788300
2016-02-08,185.770004,186.119995,182.800003,185.419998,191526700
2016-02-09,183.360001,186.940002,183.199997,185.429993,184513100
2016-02-10,186.410004,188.339996,185.119995,185.270004,148214100
2016-02-11,182.339996,184.100006,181.089996,182.860001,219058900
2016-02-12,184.960007,186.649994,183.960007,186.630005,127632400
2016-02-16,188.770004,189.809998,187.630005,189.779999,120250700
2016-02-17,191.160004,193.320007,191.009995,192.880005,136009500
2016-02-18,193.199997,193.270004,191.720001,192.089996,102343000
2016-02-19,191.169998,192.179993,190.449997,192.000000,114793000
2016-02-22,193.869995,194.949997,193.789993,194.779999,103640300
2016-02-23,194.000000,194.320007,192.179993,192.320007,111455300
2016-02-24,190.630005,193.529999,189.320007,193.199997,150812200
2016-02-25,193.729996,195.550003,192.830002,195.539993,110728300
2016-02-26,196.570007,196.679993,194.899994,195.089996,129833700
2016-02-29,195.110001,196.229996,193.330002,193.559998,125918100
2016-03-01,195.009995,198.210007,194.449997,198.110001,141799700
2016-03-02,197.740005,199.059998,197.250000,199.000000,102415000
2016-03-03,198.789993,199.800003,198.110001,199.779999,95172200
2016-03-04,200.009995,201.350006,199.029999,200.429993,129293600
2016-03-07,199.339996,201.070007,199.250000,200.589996,100219000
2016-03-08,199.320007,199.919998,198.210007,198.399994,123974900
2016-03-09,199.360001,199.789993,198.429993,199.380005,94801200
2016-03-10,199.960007,201.070007,197.380005,199.539993,156838700
2016-03-11,201.259995,202.809998,199.520004,202.759995,137964500
2016-03-14,202.160004,203.039993,201.770004,202.500000,73612000
2016-03-15,201.360001,202.529999,201.050003,202.169998,93169100
2016-03-16,201.600006,203.820007,201.550003,203.339996,129303200
2016-03-17,203.240005,205.229996,202.770004,204.630005,134278500
2016-03-18,204.169998,204.779999,203.800003,204.380005,138372400
2016-03-21,204.070007,204.940002,203.800003,204.669998,72926700
2016-03-22,203.759995,205.229996,203.570007,204.559998,97471900
2016-03-23,204.110001,204.330002,203.009995,203.210007,81052500
2016-03-24,202.000000,203.160004,201.740005,203.119995,84360900
2016-03-28,203.610001,203.860001,202.710007,203.240005,62408200
2016-03-29,202.759995,205.250000,202.399994,205.119995,92922900
2016-03-30,206.300003,206.869995,205.589996,206.020004,86365300
2016-03-31,205.910004,206.410004,205.330002,205.520004,94584100
2016-04-01,204.350006,207.139999,203.979996,206.919998,114423500
2016-04-04,206.830002,207.070007,205.889999,206.250000,63497000
2016-04-05,204.669998,206.259995,203.889999,204.190002,99662200
2016-04-06,204.190002,206.490005,203.979996,206.419998,91839800
2016-04-07,205.139999,205.559998,203.089996,203.949997,113859000
2016-04-08,205.339996,205.850006,203.869995,204.500000,95040600
2016-04-11,205.250000,206.070007,203.910004,204.020004,83757500
2016-04-12,204.220001,206.250000,203.699997,205.919998,115350600
2016-04-13,207.000000,208.100006,206.839996,208.000000,96336400
2016-04-14,208.070007,208.600006,207.600006,208.009995,65212900
2016-04-15,208.009995,208.169998,207.399994,207.779999,75761600
2016-04-18,207.779999,209.279999,207.000000,209.240005,82531000
2016-04-19,209.740005,210.199997,208.940002,209.899994,88316100
2016-04-20,209.949997,210.919998,209.389999,210.100006,81100300
2016-04-21,210.119995,210.250000,208.649994,208.970001,85695000
2016-04-22,208.550003,209.289993,207.910004,208.970001,99251700
2016-04-25,208.259995,208.660004,207.539993,208.610001,66166500
2016-04-26,209.039993,209.520004,208.360001,208.919998,75864200
2016-04-27,208.470001,209.809998,208.050003,209.350006,77329400
2016-04-28,208.460007,209.759995,206.960007,207.449997,97216200
2016-04-29,206.720001,207.130005,205.029999,206.330002,142424100
2016-05-02,206.919998,208.179993,206.410004,207.970001,62188000
2016-05-03,206.520004,206.800003,205.279999,206.160004,106422100
2016-05-04,204.990005,205.850006,204.419998,205.009995,92243800
2016-05-05,205.559998,205.979996,204.470001,204.970001,67619200
2016-05-06,204.059998,205.770004,203.880005,205.720001,89315000
2016-05-09,205.570007,206.399994,205.360001,205.889999,74374900
2016-05-10,206.720001,208.470001,206.639999,208.449997,77472200
2016-05-11,207.910004,208.539993,206.500000,206.500000,81727000
2016-05-12,207.289993,207.490005,205.369995,206.559998,89586300
2016-05-13,206.210007,206.860001,204.380005,204.759995,96474600
2016-05-16,204.960007,207.339996,204.889999,206.779999,77486800
2016-05-17,206.460007,206.800003,204.229996,204.850006,114924900
2016-05-18,204.440002,206.300003,203.630005,204.910004,120062100
2016-05-19,204.059998,204.539993,202.779999,204.199997,115430500
2016-05-20,204.919998,206.100006,204.860001,205.490005,104990400
2016-05-23,205.509995,205.839996,204.990005,205.210007,58682600
2016-05-24,206.169998,208.240005,206.139999,207.869995,93537800
2016-05-25,208.669998,209.770004,207.869995,209.279999,76621400
2016-05-26,209.440002,209.710007,208.970001,209.339996,55280700
2016-05-27,209.529999,210.250000,209.470001,210.240005,64211200
2016-05-31,210.559998,210.690002,209.179993,209.839996,109879400
2016-06-01,209.119995,210.479996,208.889999,210.270004,69936200
2016-06-02,209.800003,210.929993,209.240005,210.910004,63044700
2016-06-03,210.250000,210.690002,208.860001,210.279999,101757100
2016-06-06,210.699997,211.770004,210.509995,211.350006,64887000
2016-06-07,211.529999,212.339996,211.500000,211.679993,60974800
2016-06-08,211.839996,212.520004,211.690002,212.369995,66170900
2016-06-09,211.509995,212.220001,211.190002,212.080002,73786900
2016-06-10,210.460007,210.860001,209.429993,210.070007,113829200
2016-06-13,209.360001,210.369995,208.350006,208.449997,117751200
2016-06-14,208.000000,208.740005,206.919998,208.039993,125059300
2016-06-15,208.039993,209.360001,207.529999,207.750000,109124500
2016-06-16,207.750000,208.570007,205.589996,208.369995,149533100
2016-06-17,207.169998,207.199997,205.750000,206.520004,117055700
2016-06-20,208.820007,209.610001,207.750000,207.850006,82789600
2016-06-21,208.300003,208.919998,207.779999,208.440002,72461700
2016-06-22,208.649994,209.500000,207.929993,208.100006,95560500
2016-06-23,209.809998,210.869995,209.270004,210.809998,102731400
2016-06-24,203.630005,210.850006,202.720001,203.240005,333444400
2016-06-27,201.589996,201.600006,198.649994,199.600006,230775800
2016-06-28,201.479996,203.229996,201.119995,203.199997,159382400
2016-06-29,204.839996,206.929993,204.720001,206.660004,137328600
2016-06-30,207.210007,209.539993,206.559998,209.479996,165021900
2016-07-01,209.479996,210.490005,209.289993,209.919998,106055300
2016-07-05,208.949997,209.080002,207.710007,208.410004,109803700
2016-07-06,207.830002,209.800003,207.059998,209.660004,96021500
2016-07-07,209.869995,210.649994,208.630005,209.529999,85593800
2016-07-08,211.050003,212.940002,210.779999,212.649994,133971000
2016-07-11,213.190002,214.070007,212.949997,213.399994,73633900
2016-07-12,214.529999,215.300003,213.429993,214.949997,101275600
2016-07-13,215.440002,215.449997,214.350006,214.919998,87324100
2016-07-14,216.399994,216.669998,215.660004,216.119995,91230900
2016-07-15,216.779999,217.009995,215.309998,215.830002,107155400
2016-07-18,215.970001,216.600006,215.669998,216.410004,58725900
2016-07-19,215.919998,216.229996,215.630005,216.190002,54345700
2016-07-20,216.190002,217.369995,216.190002,217.089996,58159500
2016-07-21,216.960007,217.220001,215.750000,216.270004,67777300
2016-07-22,216.410004,217.300003,216.100006,217.240005,62787500
2016-07-25,217.000000,217.059998,215.970001,216.649994,55873100
2016-07-26,216.529999,217.169998,215.759995,216.750000,70080500
2016-07-27,217.190002,217.270004,215.619995,216.520004,84083900
2016-07-28,216.289993,217.110001,215.750000,216.770004,65035700
2016-07-29,216.460007,217.539993,216.130005,217.119995,79519400
2016-08-01,217.190002,217.649994,216.410004,216.940002,73311400
2016-08-02,216.649994,216.830002,214.570007,215.550003,92295500
2016-08-03,215.479996,216.250000,215.130005,216.179993,53993600
2016-08-04,216.309998,216.779999,214.250000,216.410004,46585500
2016-08-05,216.410004,218.229996,216.410004,218.179993,71892200
2016-08-08,218.399994,218.520004,217.740005,218.050003,39906500
2016-08-09,218.130005,218.759995,217.800003,218.179993,51251700
2016-08-10,218.309998,218.399994,217.229996,217.639999,57941100
2016-08-11,218.259995,218.940002,217.949997,218.649994,72504300
2016-08-12,218.289993,218.710007,217.990005,218.460007,61313500
2016-08-15,218.889999,219.500000,218.880005,219.089996,49813500
2016-08-16,218.600006,218.679993,217.960007,217.960007,53213600
2016-08-17,218.000000,218.529999,217.020004,218.369995,75134300
2016-08-18,218.339996,218.899994,218.210007,218.860001,52989300
2016-08-19,218.309998,218.750000,217.740005,218.539993,75443000
2016-08-22,218.259995,218.800003,217.830002,218.529999,61368800
2016-08-23,219.250000,219.600006,218.899994,218.970001,53399200
2016-08-24,218.800003,218.910004,217.360001,217.850006,71728900
2016-08-25,217.399994,218.190002,217.220001,217.699997,69224800
2016-08-26,217.919998,219.119995,216.250000,217.289993,122506300
2016-08-29,217.440002,218.669998,217.399994,218.360001,70502200
2016-08-30,218.259995,218.589996,217.350006,218.000000,58114500
2016-08-31,217.610001,217.750000,216.470001,217.380005,85269500
2016-09-01,217.369995,217.729996,216.029999,217.389999,97844200
2016-09-02,218.389999,218.869995,217.699997,218.369995,79293900
2016-09-06,218.699997,219.119995,217.860001,219.029999,56702100
2016-09-07,218.839996,219.220001,218.300003,219.009995,76554900
2016-09-08,218.619995,218.940002,218.149994,218.509995,74102900
2016-09-09,216.970001,217.029999,213.250000,213.279999,221589100
2016-09-12,212.389999,216.809998,212.309998,216.339996,168110900
2016-09-13,214.839996,215.149994,212.500000,213.229996,182828800
2016-09-14,213.289993,214.699997,212.500000,213.149994,134185500
2016-09-15,212.960007,215.729996,212.750000,215.279999,134427900
2016-09-16,213.479996,213.690002,212.570007,213.369995,155236400
2016-09-19,214.130005,214.880005,213.029999,213.410004,80250500
2016-09-20,214.410004,214.589996,213.380005,213.419998,69665300
2016-09-21,214.240005,216.029999,213.440002,215.820007,110284400
2016-09-22,217.000000,217.529999,216.710007,217.179993,76678700
2016-09-23,216.720001,216.880005,215.880005,215.990005,73630900
2016-09-26,215.020004,215.229996,214.009995,214.240005,89827300
2016-09-27,214.050003,215.679993,213.619995,215.570007,78494800
2016-09-28,215.830002,216.820007,214.710007,216.639999,87411000
2016-09-29,216.399994,216.869995,214.039993,214.679993,128070600
2016-09-30,215.649994,217.119995,215.360001,216.300003,117202900
2016-10-03,215.820007,216.039993,215.039993,215.779999,83512100
2016-10-04,215.910004,216.169998,213.990005,214.679993,119948100
2016-10-05,215.410004,216.130005,215.330002,215.630005,72816000
2016-10-06,215.369995,216.039993,214.740005,215.779999,62927400
2016-10-07,216.100006,216.300003,214.190002,215.039993,89788300
2016-10-10,216.160004,216.699997,215.990005,216.160004,51855000
2016-10-11,215.660004,215.740005,212.580002,213.429993,130367400
2016-10-12,213.589996,214.320007,213.009995,213.710007,73866100
2016-10-13,212.160004,213.589996,211.210007,213.009995,101357000
2016-10-14,214.149994,214.690002,213.029999,213.119995,93346200
2016-10-17,213.089996,213.389999,212.169998,212.380005,58275700
2016-10-18,214.240005,214.309998,213.270004,213.710007,76869700
2016-10-19,214.020004,214.639999,213.600006,214.279999,66519200
2016-10-20,213.869995,214.529999,213.110001,213.880005,73639800
2016-10-21,213.880005,214.080002,212.759995,213.979996,89089100
2016-10-24,215.000000,215.320007,214.479996,214.889999,60146600
2016-10-25,214.679993,214.979996,213.979996,214.169998,66542300
2016-10-26,213.210007,214.419998,212.929993,213.740005,75705500
2016-10-27,214.580002,214.619995,213.080002,213.169998,77220200
2016-10-28,213.139999,213.929993,211.710007,212.539993,140623200
2016-10-31,212.929993,213.190002,212.360001,212.550003,61272500
2016-11-01,212.929993,212.990005,209.600006,211.009995,122781800
2016-11-02,210.649994,211.100006,209.229996,209.740005,103330800
2016-11-03,209.990005,210.240005,208.460007,208.779999,88939300
2016-11-04,208.910004,209.889999,208.380005,208.550003,109122100
2016-11-07,208.550003,213.190002,208.550003,213.149994,109794900
2016-11-08,212.690002,214.770004,212.380005,214.110001,106772100
2016-11-09,212.369995,217.100006,212.339996,216.380005,258429000
2016-11-10,217.300003,218.309998,215.220001,216.919998,172113300
2016-11-11,216.080002,216.699997,215.320007,216.419998,100552700
2016-11-14,217.029999,217.270004,215.720001,216.589996,94580000
2016-11-15,217.039993,218.279999,216.800003,218.279999,91652600
2016-11-16,217.559998,218.139999,217.419998,217.869995,65617700
2016-11-17,218.050003,219.059998,217.919998,218.990005,69797200
2016-11-18,219.070007,219.270004,218.289993,218.500000,86265800
2016-11-21,219.169998,220.179993,219.000000,220.149994,72402600
2016-11-22,220.509995,220.789993,219.729996,220.580002,67429000
2016-11-23,219.979996,220.759995,219.750000,220.699997,56620200
2016-11-25,221.100006,221.559998,221.009995,221.520004,37872300
2016-11-28,221.160004,221.479996,220.360001,220.479996,76572500
2016-11-29,220.520004,221.440002,220.169998,220.910004,69886700
2016-11-30,221.630005,221.820007,220.309998,220.380005,113291800
2016-12-01,220.729996,220.729996,219.149994,219.570007,79040500
2016-12-02,219.669998,220.250000,219.259995,219.679993,74840300
2016-12-05,220.649994,221.399994,220.419998,221.000000,67837800
2016-12-06,221.220001,221.740005,220.660004,221.699997,59877400
2016-12-07,221.520004,224.669998,221.380005,224.600006,110738100
2016-12-08,224.570007,225.699997,224.259995,225.149994,99714400
2016-12-09,225.410004,226.529999,225.369995,226.509995,88005800
2016-12-12,226.399994,226.960007,225.759995,226.250000,102016100
2016-12-13,227.020004,228.339996,227.000000,227.759995,110477500
2016-12-14,227.410004,228.229996,225.369995,225.880005,142501800
2016-12-15,226.160004,227.809998,225.889999,226.809998,124972600
2016-12-16,226.009995,226.080002,224.669998,225.039993,156420200
2016-12-19,225.250000,226.020004,225.080002,225.529999,90341100
2016-12-20,226.149994,226.570007,225.880005,226.399994,89838800
2016-12-21,226.250000,226.449997,225.770004,225.770004,67909000
2016-12-22,225.600006,225.740005,224.919998,225.380005,56219100
2016-12-23,225.429993,225.720001,225.210007,225.710007,36697800
2016-12-27,226.020004,226.729996,226.000000,226.270004,42672500
2016-12-28,226.570007,226.589996,224.270004,224.399994,64095000
2016-12-29,224.479996,224.889999,223.839996,224.350006,48696100
2016-12-30,224.729996,224.830002,222.729996,223.529999,108998300
2017-01-03,225.039993,225.830002,223.880005,225.240005,91366500
2017-01-04,225.619995,226.750000,225.610001,226.580002,78744400
2017-01-05,226.270004,226.580002,225.479996,226.399994,78379000
2017-01-06,226.529999,227.750000,225.899994,227.210007,71559900
2017-01-09,226.910004,227.070007,226.419998,226.460007,46939700
2017-01-10,226.479996,227.449997,226.009995,226.460007,63771900
2017-01-11,226.360001,227.100006,225.589996,227.100006,74650000
2017-01-12,226.500000,226.750000,224.960007,226.529999,72113200
2017-01-13,226.729996,227.399994,226.690002,227.050003,62717900
2017-01-17,226.309998,226.779999,225.800003,226.250000,61240800
2017-01-18,226.539993,226.800003,225.899994,226.750000,54793300
2017-01-19,226.839996,227.000000,225.410004,225.910004,66608800
2017-01-20,226.699997,227.309998,225.970001,226.740005,129168600
2017-01-23,226.740005,226.809998,225.270004,226.149994,75061600
2017-01-24,226.399994,228.080002,226.270004,227.600006,95555300
2017-01-25,228.699997,229.570007,228.509995,229.570007,84437700
2017-01-26,229.399994,229.710007,229.009995,229.330002,59970700
2017-01-27,229.419998,229.589996,228.759995,228.970001,59711100
2017-01-30,228.169998,228.199997,226.410004,227.550003,79737300
2017-01-31,226.979996,227.600006,226.320007,227.529999,75880800
2017-02-01,227.529999,228.589996,226.940002,227.619995,79117700
2017-02-02,227.619995,228.100006,226.820007,227.770004,69657600
2017-02-03,228.820007,229.550003,228.460007,229.339996,80563200
2017-02-06,228.869995,229.330002,228.539993,228.929993,57790100
2017-02-07,229.380005,229.660004,228.720001,228.940002,57931200
2017-02-08,228.940002,229.389999,228.309998,229.240005,51566200
2017-02-09,229.240005,230.949997,229.240005,230.600006,65955200
2017-02-10,231.000000,231.770004,230.619995,231.509995,66015900
2017-02-13,232.080002,233.070007,232.050003,232.770004,55182100
2017-02-14,232.559998,233.710007,232.160004,233.699997,71109000
2017-02-15,233.449997,235.139999,233.389999,234.919998,86785800
2017-02-16,234.949997,235.160004,233.850006,234.720001,84722400
2017-02-17,233.949997,235.089996,233.929993,235.089996,77204100
2017-02-21,235.520004,236.690002,235.509995,236.490005,88946100
2017-02-22,236.020004,236.539993,235.830002,236.279999,62115200
2017-02-23,236.880005,236.899994,235.559998,236.440002,74615900
2017-02-24,235.460007,236.789993,235.410004,236.740005,82381600
2017-02-27,236.639999,237.309998,236.350006,237.110001,56515400
2017-02-28,236.669998,236.949997,236.020004,236.470001,96961900
2017-03-01,238.389999,240.320007,238.369995,239.779999,149158200
2017-03-02,239.559998,239.570007,238.210007,238.270004,70246000
2017-03-03,238.169998,238.610001,237.729996,238.419998,81974300
2017-03-06,237.500000,238.119995,237.009995,237.710007,55391500
2017-03-07,237.360001,237.770004,236.759995,237.000000,65103700
2017-03-08,237.339996,237.639999,236.399994,236.559998,78168800
2017-03-09,236.699997,237.240005,235.740005,236.860001,90683900
2017-03-10,237.970001,238.020004,236.589996,237.690002,81991700
2017-03-13,237.619995,237.860001,237.240005,237.809998,57256800
2017-03-14,237.179993,237.240005,236.190002,236.899994,59880800
2017-03-15,237.559998,239.440002,237.289993,238.949997,96081800
2017-03-16,239.110001,239.199997,238.100006,238.479996,78344000
2017-03-17,237.750000,237.970001,237.029999,237.029999,89002100
2017-03-20,237.029999,237.360001,236.320007,236.770004,52537000
2017-03-21,237.470001,237.610001,233.580002,233.729996,131809300
2017-03-22,233.770004,234.610001,233.050003,234.279999,97569200
2017-03-23,234.279999,235.339996,233.600006,234.029999,100410300
2017-03-24,234.380005,235.039993,232.960007,233.860001,112504900
2017-03-27,231.929993,233.919998,231.610001,233.619995,87454500
2017-03-28,233.270004,235.809998,233.139999,235.320007,93483900
2017-03-29,234.990005,235.809998,234.729996,235.539993,61950400
2017-03-30,235.470001,236.520004,235.270004,236.289993,56737900
2017-03-31,235.899994,236.509995,235.679993,235.740005,73733100
2017-04-03,235.800003,236.029999,233.910004,235.330002,85546500
2017-04-04,235.000000,235.580002,234.559998,235.479996,56466200
2017-04-05,236.259995,237.389999,234.539993,234.779999,108800600
2017-04-06,234.940002,236.039993,234.429993,235.440002,69135800
2017-04-07,235.149994,236.000000,234.639999,235.199997,74412300
2017-04-10,235.360001,236.259995,234.729996,235.339996,67615300
2017-04-11,234.899994,235.179993,233.339996,235.059998,88045300
2017-04-12,234.740005,234.960007,233.770004,234.029999,81864400
2017-04-13,233.639999,234.490005,232.509995,232.509995,92880400
2017-04-17,233.110001,234.570007,232.880005,234.570007,68405400
2017-04-18,233.720001,234.490005,233.080002,233.869995,83225800
2017-04-19,234.520004,234.949997,233.179993,233.440002,68699900
2017-04-20,234.149994,235.850006,233.779999,235.339996,92572200
2017-04-21,235.250000,235.309998,234.130005,234.589996,110389800
2017-04-24,237.179993,237.410004,234.559998,237.169998,119209900
2017-04-25,237.910004,238.949997,237.809998,238.550003,76698300
2017-04-26,238.509995,239.529999,238.350006,238.399994,84702500
2017-04-27,238.770004,238.949997,237.979996,238.600006,57410300
2017-04-28,238.899994,238.929993,237.929993,238.080002,63532800
2017-05-01,238.679993,239.169998,238.199997,238.679993,66882500
2017-05-02,238.839996,238.979996,238.300003,238.770004,57375700
2017-05-03,238.770004,238.880005,237.699997,238.479996,73137700
2017-05-04,238.830002,238.919998,237.779999,238.759995,61462700
2017-05-05,239.190002,239.720001,238.679993,239.699997,62001300
2017-05-08,239.750000,239.919998,239.169998,239.660004,48385700
2017-05-09,239.960007,240.190002,239.039993,239.440002,51363200
2017-05-10,239.389999,239.869995,239.149994,239.869995,54293800
2017-05-11,239.350006,239.570007,238.130005,239.380005,62358300
2017-05-12,239.089996,239.429993,238.669998,238.979996,53912700
2017-05-15,239.470001,240.440002,239.449997,240.300003,61918900
2017-05-16,240.639999,240.669998,239.630005,240.080002,51241800
2017-05-17,240.080002,240.080002,235.750000,235.820007,172174100
2017-05-18,235.729996,237.750000,235.429993,236.770004,107047700
2017-05-19,237.330002,239.080002,237.270004,238.309998,115011400
2017-05-22,238.899994,239.710007,238.820007,239.520004,61010600
2017-05-23,239.949997,240.240005,239.509995,240.050003,48341700
2017-05-24,240.320007,240.729996,239.929993,240.610001,46927700
2017-05-25,241.199997,242.080002,240.960007,241.759995,64071700
2017-05-26,241.539993,241.899994,241.449997,241.710007,46629900
2017-05-30,241.339996,241.789993,241.160004,241.500000,35201900
2017-05-31,241.839996,241.880005,240.639999,241.440002,91796000
2017-06-01,241.970001,243.380005,241.639999,243.360001,68962000
2017-06-02,243.419998,244.350006,243.080002,244.169998,88666100
2017-06-05,243.970001,244.300003,243.759995,243.990005,44698800
2017-06-06,243.339996,243.979996,243.119995,243.210007,50375400
2017-06-07,243.600006,243.919998,242.830002,243.660004,54144300
2017-06-08,243.770004,244.330002,243.169998,243.779999,65950700
2017-06-09,244.089996,245.009995,241.949997,243.410004,132256400
2017-06-12,243.130005,243.419998,242.380005,243.360001,86108100
2017-06-13,243.979996,244.610001,243.580002,244.550003,60067000
2017-06-14,244.860001,244.869995,243.289993,244.240005,78602300
2017-06-15,242.679993,243.910004,242.360001,243.770004,66464900
2017-06-16,242.770004,242.830002,241.630005,242.639999,84553100
2017-06-19,243.589996,244.729996,243.479996,244.660004,65123800
2017-06-20,244.250000,244.259995,242.990005,243.009995,56906400
2017-06-21,243.460007,243.589996,242.410004,242.949997,55977600
2017-06-22,242.960007,243.529999,242.639999,242.839996,44148100
2017-06-23,242.910004,243.509995,242.470001,243.130005,66986800
2017-06-26,243.899994,244.380005,243.050003,243.289993,56700500
2017-06-27,243.039993,243.380005,241.309998,241.330002,82247700
2017-06-28,242.500000,243.720001,242.229996,243.490005,70042600
2017-06-29,243.660004,243.720001,239.960007,241.350006,106949700
2017-06-30,242.279999,242.710007,241.580002,241.800003,86820700
2017-07-03,242.880005,243.380005,242.210007,242.210007,39153800
2017-07-05,242.630005,243.009995,241.699997,242.770004,54427600
2017-07-06,241.889999,242.029999,240.339996,240.550003,65400800
2017-07-07,241.210007,242.279999,240.559998,242.110001,57972300
2017-07-10,242.110001,242.800003,241.759995,242.369995,36663300
2017-07-11,242.369995,242.550003,240.850006,242.190002,50354600
2017-07-12,243.300003,244.199997,243.300003,244.009995,59610400
2017-07-13,244.020004,244.550003,243.759995,244.419998,39471600
2017-07-14,244.419998,245.970001,244.309998,245.559998,60262700
2017-07-17,245.470001,245.910004,245.330002,245.529999,33531900
2017-07-18,245.059998,245.720001,244.669998,245.660004,42742500
2017-07-19,246.020004,247.000000,246.009995,246.990005,51034300
2017-07-20,247.279999,247.419998,246.470001,247.100006,47135200
2017-07-21,246.440002,246.910004,246.179993,246.880005,82340800
2017-07-24,246.789993,246.979996,246.279999,246.820007,46622300
2017-07-25,247.679993,247.800003,247.160004,247.419998,54915600
2017-07-26,247.750000,247.789993,247.130005,247.429993,47575400
2017-07-27,247.960007,248.000000,245.679993,247.199997,70766600
2017-07-28,246.649994,247.059998,246.130005,246.910004,50088400
2017-07-31,247.369995,247.479996,246.529999,246.770004,65838700
2017-08-01,247.460007,247.500000,246.720001,247.320007,55050400
2017-08-02,247.470001,247.600006,246.369995,247.440002,47211200
2017-08-03,247.309998,247.339996,246.639999,246.960007,40856000
2017-08-04,247.520004,247.789993,246.970001,247.410004,60191800
2017-08-07,247.490005,247.869995,247.369995,247.869995,31995000
2017-08-08,247.509995,248.910004,246.830002,247.259995,61719400
2017-08-09,246.470001,247.309998,246.059998,247.250000,62632600
2017-08-10,246.289993,246.440002,243.699997,243.759995,120479500
2017-08-11,244.020004,244.800003,243.750000,244.119995,74869900
2017-08-14,245.589996,246.789993,245.550003,246.539993,73291900
2017-08-15,246.979996,247.000000,246.160004,246.509995,55242700
2017-08-16,247.110001,247.570007,246.449997,246.940002,56715500
2017-08-17,246.240005,246.600006,243.089996,243.089996,128490400
2017-08-18,242.899994,244.190002,242.199997,242.710007,136748000
2017-08-21,242.639999,243.199997,241.830002,242.899994,65469700
2017-08-22,243.570007,245.619995,243.550003,245.440002,63140100
2017-08-23,244.330002,245.050003,244.160004,244.559998,50203800
2017-08-24,245.000000,245.179993,243.750000,243.990005,50741700
2017-08-25,244.899994,245.610001,244.389999,244.559998,64445900
2017-08-28,245.169998,245.199997,244.089996,244.570007,40565600
2017-08-29,243.059998,245.149994,242.929993,244.850006,51135700
2017-08-30,244.830002,246.320007,244.619995,246.009995,62030800
2017-08-31,246.720001,247.770004,246.050003,247.490005,103803900
2017-09-01,247.919998,248.330002,247.669998,247.839996,62007000
2017-09-05,247.259995,247.520004,244.949997,246.059998,91398800
2017-09-06,246.839996,247.279999,246.229996,246.899994,57916900
2017-09-07,247.250000,247.270004,246.399994,246.869995,58034700
2017-09-08,246.539993,247.110001,246.300003,246.580002,63832800
2017-09-11,248.039993,249.300003,248.020004,249.210007,71364800
2017-09-12,249.630005,250.089996,249.419998,250.050003,56896000
2017-09-13,249.720001,250.210007,249.589996,250.169998,59228000
2017-09-14,249.800003,250.320007,249.600006,250.089996,95446300
2017-09-15,248.690002,249.289993,248.570007,249.190002,95432400
2017-09-18,249.610001,250.119995,249.279999,249.720001,46235200
2017-09-19,250.000000,250.070007,249.600006,249.970001,47108100
2017-09-20,250.070007,250.190002,248.919998,250.059998,59574100
2017-09-21,249.880005,249.979996,249.190002,249.389999,48211400
2017-09-22,249.050003,249.630005,249.020004,249.440002,51214000
2017-09-25,249.149994,249.550003,248.080002,248.929993,57064400
2017-09-26,249.419998,249.699997,248.809998,249.080002,54082000
2017-09-27,249.880005,250.490005,248.869995,250.050003,81001400
2017-09-28,249.729996,250.440002,249.630005,250.350006,44778800
2017-09-29,250.339996,251.320007,250.130005,251.229996,85578000
2017-10-02,251.490005,252.320007,251.289993,252.320007,59023000
2017-10-03,252.320007,252.889999,252.229996,252.860001,66810200
2017-10-04,252.690002,253.440002,252.559998,253.160004,55953600
2017-10-05,253.539993,254.679993,253.199997,254.660004,63522800
2017-10-06,254.149994,254.699997,253.850006,254.369995,80646000
2017-10-09,254.630005,254.699997,253.649994,253.949997,35803100
2017-10-10,254.600006,255.050003,253.979996,254.619995,43057400
2017-10-11,254.509995,255.020004,254.320007,255.020004,47674300
2017-10-12,254.660004,255.059998,254.369995,254.639999,47065100
2017-10-13,255.139999,255.270004,254.639999,254.949997,54800400
2017-10-16,255.210007,255.509995,254.820007,255.289993,38221700
2017-10-17,255.229996,255.520004,254.979996,255.470001,31561000
2017-10-18,255.899994,255.949997,255.500000,255.720001,40888300
2017-10-19,254.830002,255.830002,254.350006,255.789993,61903800
2017-10-20,256.700012,257.140015,255.770004,257.109985,89176400
2017-10-23,257.480011,257.510010,256.019989,256.109985,63915300
2017-10-24,256.600006,256.829987,256.149994,256.559998,66935900
2017-10-25,256.179993,256.309998,254.000000,255.289993,103715300
2017-10-26,255.990005,256.299988,255.479996,255.619995,69798000
2017-10-27,256.470001,257.890015,255.630005,257.709991,85562500
2017-10-30,256.470001,257.600006,256.410004,256.750000,54285700
2017-10-31,257.179993,257.440002,256.809998,257.149994,60304800
2017-11-01,258.040009,258.429993,257.070007,257.489990,54202700
2017-11-02,257.410004,257.750000,256.190002,257.589996,56449500
2017-11-03,257.769989,258.500000,257.299988,258.450012,59589700
2017-11-06,258.299988,259.000000,258.220001,258.850006,49652600
2017-11-07,258.970001,259.350006,258.089996,258.670013,57502200
2017-11-08,258.470001,259.220001,258.149994,259.109985,50469600
2017-11-09,257.730011,258.390015,256.359985,258.170013,95085500
2017-11-10,257.730011,258.290009,257.369995,258.089996,59984700
2017-11-13,257.309998,258.589996,257.269989,258.329987,50228600
2017-11-14,257.410004,257.850006,256.519989,257.730011,61315200
2017-11-15,256.619995,257.220001,255.630005,256.440002,80811500
2017-11-16,257.519989,259.040009,257.470001,258.619995,67777000
2017-11-17,258.220001,258.589996,257.769989,257.859985,75756800
2017-11-20,258.140015,258.519989,257.859985,258.299988,48075500
2017-11-21,259.179993,260.200012,258.260010,259.989990,69176800
2017-11-22,260.000000,260.149994,259.570007,259.760010,45033400
2017-11-24,260.320007,260.480011,260.160004,260.359985,27856500
2017-11-27,260.410004,260.750000,260.000000,260.230011,52274900
2017-11-28,260.760010,262.899994,260.649994,262.869995,98971700
2017-11-29,263.019989,263.630005,262.200012,262.709991,77512100
2017-11-30,263.760010,266.049988,263.670013,265.010010,127894400
2017-12-01,264.760010,265.309998,260.760010,264.459991,164390900
2017-12-04,266.309998,266.799988,264.079987,264.140015,94040600
2017-12-05,263.190002,265.149994,263.040009,263.190002,77994500
2017-12-06,263.299988,263.730011,262.709991,263.239990,75898600
2017-12-07,264.070007,264.429993,262.940002,264.070007,77218600
2017-12-08,265.160004,265.519989,264.029999,265.510010,76563900
2017-12-11,266.309998,266.380005,265.480011,266.309998,83077500
2017-12-12,267.209991,267.320007,266.350006,266.779999,85195800
2017-12-13,267.059998,267.559998,266.649994,266.750000,102905400
2017-12-14,267.089996,267.220001,265.600006,265.660004,100666700
2017-12-15,265.450012,267.040009,265.390015,266.510010,144610300
2017-12-18,268.100006,268.600006,267.980011,268.200012,83653600
2017-12-19,268.480011,268.529999,267.089996,267.170013,82382900
2017-12-20,268.269989,268.329987,266.690002,267.029999,76751500
2017-12-21,267.739990,268.390015,267.299988,267.579987,67032300
2017-12-22,267.600006,267.640015,266.899994,267.510010,78720900
2017-12-26,267.049988,267.440002,266.890015,267.190002,45244400
2017-12-27,267.380005,267.730011,267.010010,267.320007,57751000
2017-12-28,267.890015,267.920013,267.450012,267.869995,45116100
2017-12-29,268.529999,268.549988,266.640015,266.859985,96007400
2018-01-02,267.839996,268.809998,267.399994,268.769989,86655700
2018-01-03,268.959991,270.640015,268.959991,270.470001,90070400
2018-01-04,271.200012,272.160004,270.540009,271.609985,80636400
2018-01-05,272.510010,273.559998,271.950012,273.420013,83524000
2018-01-08,273.309998,274.100006,272.980011,273.920013,57319200
2018-01-09,274.399994,275.250000,274.079987,274.540009,57254000
2018-01-10,273.679993,274.420013,272.920013,274.119995,69574300
2018-01-11,274.750000,276.119995,274.559998,276.119995,62361500
2018-01-12,276.420013,278.109985,276.079987,277.920013,90816100
2018-01-16,279.350006,280.089996,276.179993,276.970001,106555100
2018-01-17,278.029999,280.049988,276.970001,279.609985,113258800
2018-01-18,279.480011,279.959991,278.579987,279.140015,100728000
2018-01-19,279.799988,280.410004,279.140015,280.410004,140920100
2018-01-22,280.170013,282.690002,280.109985,282.690002,91322400
2018-01-23,282.739990,283.619995,282.369995,283.290009,97084700
2018-01-24,284.019989,284.700012,281.839996,283.179993,134816100
2018-01-25,284.160004,284.269989,282.399994,283.299988,84587300
2018-01-26,284.250000,286.630005,283.959991,286.579987,107743100
2018-01-29,285.929993,286.429993,284.500000,284.679993,90118300
2018-01-30,282.600006,284.739990,281.220001,281.760010,131796400
2018-01-31,282.730011,283.299988,280.679993,281.899994,108364800
2018-02-01,281.070007,283.059998,280.679993,281.579987,90102500
2018-02-02,280.079987,280.230011,275.410004,275.450012,173174800
2018-02-05,273.450012,275.850006,263.309998,263.929993,294681800
2018-02-06,259.940002,269.700012,258.700012,269.130005,355026800
2018-02-07,268.500000,272.359985,267.579987,267.670013,167376100
2018-02-08,268.010010,268.170013,257.589996,257.630005,246449500
2018-02-09,260.799988,263.609985,252.919998,261.500000,283565300
2018-02-12,263.829987,267.010010,261.660004,265.339996,143736000
2018-02-13,263.970001,266.619995,263.309998,266.000000,81223600
2018-02-14,264.309998,270.000000,264.299988,269.589996,120735700
2018-02-15,271.570007,273.040009,268.769989,273.029999,111200300
2018-02-16,272.320007,275.320007,272.269989,273.109985,160420100
2018-02-20,272.029999,273.670013,270.500000,271.399994,86369700
2018-02-21,271.899994,274.720001,269.940002,270.049988,98883700
2018-02-22,271.100006,273.049988,269.640015,270.399994,110511300
2018-02-23,271.790009,274.709991,271.250000,274.709991,92766400
2018-02-26,275.929993,278.010010,275.260010,277.899994,86491400
2018-02-27,278.109985,278.920013,274.359985,274.429993,99099200
2018-02-28,275.679993,276.190002,271.290009,271.649994,121907800
2018-03-01,271.410004,273.170013,266.000000,267.700012,176855100
2018-03-02,265.799988,269.720001,264.820007,269.079987,139083200
2018-03-05,267.730011,272.890015,267.609985,272.190002,97307400
2018-03-06,273.299988,273.390015,271.179993,272.880005,79213200
2018-03-07,270.420013,273.179993,270.200012,272.779999,87063500
2018-03-08,273.549988,274.239990,272.420013,274.100006,66901200
2018-03-09,275.700012,278.869995,275.339996,278.869995,113625300
2018-03-12,279.200012,279.910004,278.079987,278.519989,71924800
2018-03-13,279.839996,280.410004,276.029999,276.720001,91968900
2018-03-14,277.809998,278.019989,274.670013,275.299988,105895100
2018-03-15,275.880005,276.609985,274.429993,275.000000,83433000
2018-03-16,274.500000,275.390015,274.140015,274.200012,100343700
2018-03-19,273.350006,274.399994,268.619995,270.489990,109208400
2018-03-20,270.940002,271.670013,270.179993,270.950012,59757300
2018-03-21,270.899994,273.269989,270.190002,270.429993,78709600
2018-03-22,267.910004,268.869995,263.359985,263.670013,148785900
2018-03-23,264.170013,264.540009,257.829987,258.049988,183534800
2018-03-26,262.130005,265.429993,259.410004,265.109985,141956100
2018-03-27,266.170013,266.769989,258.839996,260.600006,129941400
2018-03-28,260.750000,262.640015,258.579987,259.829987,146452300
2018-03-29,261.119995,265.260010,259.839996,263.149994,111601600
2018-04-02,262.549988,263.130005,254.669998,257.470001,186286300
2018-04-03,258.869995,261.309998,256.839996,260.769989,119956900
2018-04-04,256.750000,264.359985,256.600006,263.559998,123715300
2018-04-05,265.549988,266.640015,264.320007,265.640015,82652600
2018-04-06,263.420013,265.109985,258.000000,259.720001,179521200
2018-04-09,261.369995,264.839996,259.940002,261.000000,105442900
2018-04-10,264.269989,266.040009,262.980011,265.149994,103529000
2018-04-11,263.470001,265.640015,263.390015,263.760010,91140200
2018-04-12,265.260010,267.000000,265.059998,265.929993,68890500
2018-04-13,267.410004,267.540009,264.010010,265.149994,85079200
2018-04-16,267.000000,268.200012,266.070007,267.329987,63405300
2018-04-17,269.329987,270.869995,268.750000,270.190002,64682000
2018-04-18,270.690002,271.299988,269.869995,270.390015,57303900
2018-04-19,269.649994,269.880005,267.720001,268.890015,77655900
2018-04-20,268.809998,269.059998,265.609985,266.609985,99953100
2018-04-23,267.260010,267.890015,265.350006,266.570007,65558000
2018-04-24,267.730011,267.980011,261.279999,262.980011,112885500
2018-04-25,262.910004,264.130005,260.850006,263.630005,103840900
2018-04-26,264.790009,267.250000,264.290009,266.309998,67731900
2018-04-27,267.000000,267.339996,265.500000,266.559998,57053600
2018-04-30,267.260010,267.890015,264.429993,264.510010,82182300
2018-05-01,263.869995,265.100006,262.109985,264.980011,74203400
2018-05-02,264.760010,265.679993,262.760010,263.200012,86368900
2018-05-03,262.260010,263.359985,259.049988,262.619995,136311500
2018-05-04,261.519989,266.790009,261.149994,266.019989,91222100
2018-05-07,266.890015,268.019989,266.109985,266.920013,55304900
2018-05-08,266.500000,267.329987,265.149994,266.920013,67499200
2018-05-09,267.679993,269.869995,267.089996,269.500000,59666100
2018-05-10,270.339996,272.390015,270.220001,272.019989,72063900
2018-05-11,272.160004,273.149994,271.579987,272.850006,59871500
2018-05-14,273.339996,274.079987,272.359985,272.980011,54790600
2018-05-15,271.589996,271.609985,270.029999,271.100006,87036100
2018-05-16,271.140015,272.760010,271.109985,272.239990,53942600
2018-05-17,271.940002,273.230011,271.130005,272.010010,56536400
2018-05-18,271.619995,272.029999,270.929993,271.329987,64368000
2018-05-21,273.010010,273.980011,272.570007,273.369995,58025900
2018-05-22,273.959991,274.250000,272.239990,272.609985,52966400
2018-05-23,271.170013,273.390015,270.989990,273.359985,64694200
2018-05-24,272.910004,273.220001,270.779999,272.799988,76043800
2018-05-25,272.149994,272.859985,271.579987,272.149994,56374800
2018-05-29,270.309998,271.170013,267.760010,269.019989,115908600
2018-05-30,270.500000,273.109985,270.420013,272.609985,69678400
2018-05-31,272.149994,272.489990,270.260010,270.940002,93519900
2018-06-01,272.410004,273.940002,272.329987,273.600006,71258400
2018-06-04,274.529999,275.190002,274.260010,274.899994,45385200
2018-06-05,275.049988,275.529999,274.179993,275.100006,51135000
2018-06-06,275.790009,277.519989,275.089996,277.399994,62732200
2018-06-07,277.950012,278.279999,276.339996,277.369995,72969400
2018-06-08,276.850006,278.250000,276.660004,278.190002,72139700
2018-06-11,278.440002,279.369995,278.309998,278.559998,58892500
2018-06-12,279.029999,279.329987,278.190002,278.920013,72329000
2018-06-13,279.190002,279.480011,277.799988,278.029999,79070600
2018-06-14,279.010010,279.329987,278.059998,278.730011,77097600
2018-06-15,276.600006,277.510010,275.350006,277.130005,120041600
2018-06-18,275.489990,276.700012,274.950012,276.559998,52917600
2018-06-19,274.000000,275.750000,273.529999,275.500000,97531500
2018-06-20,276.269989,276.720001,275.589996,275.970001,53785500
2018-06-21,275.959991,275.980011,273.679993,274.239990,71061400
2018-06-22,275.660004,275.790009,274.489990,274.739990,54898500
2018-06-25,273.440002,273.619995,269.100006,271.000000,137854200
2018-06-26,271.640015,272.559998,270.790009,271.600006,68547400
2018-06-27,272.260010,273.869995,269.179993,269.350006,105110700
2018-06-28,269.290009,271.750000,268.489990,270.890015,76650500
2018-06-29,272.119995,273.660004,271.149994,271.279999,97592500
2018-07-02,269.510010,272.040009,269.239990,271.859985,63554800
2018-07-03,272.869995,272.980011,270.420013,270.899994,42187100
2018-07-05,272.170013,273.179993,270.959991,273.109985,56925900
2018-07-06,273.140015,275.839996,272.709991,275.420013,66493700
2018-07-09,276.549988,277.959991,276.500000,277.899994,50550400
2018-07-10,278.410004,279.010010,278.079987,278.899994,51966800
2018-07-11,277.149994,278.040009,276.519989,276.859985,77054700
2018-07-12,278.279999,279.429993,277.600006,279.369995,60124700
2018-07-13,279.170013,279.929993,278.660004,279.589996,48216000
2018-07-16,279.640015,279.799988,278.839996,279.339996,48201000
2018-07-17,278.470001,280.910004,278.410004,280.470001,52315500
2018-07-18,280.559998,281.179993,280.059998,281.059998,44593500
2018-07-19,280.309998,280.739990,279.459991,280.000000,61412100
2018-07-20,279.769989,280.480011,279.500000,279.679993,82337700
2018-07-23,279.450012,280.429993,279.059998,280.200012,47047600
2018-07-24,281.790009,282.559998,280.630005,281.609985,68026900
2018-07-25,281.329987,284.369995,281.279999,284.010010,78882900
2018-07-26,283.200012,284.109985,283.089996,283.339996,57919500
2018-07-27,283.709991,283.820007,280.380005,281.420013,76768700
2018-07-30,281.510010,281.690002,279.359985,279.950012,63742500
2018-07-31,280.809998,282.019989,280.380005,281.329987,68570500
2018-08-01,281.559998,282.130005,280.130005,280.859985,53853300
2018-08-02,279.390015,282.579987,279.160004,282.390015,63426400
2018-08-03,282.529999,283.660004,282.329987,283.600006,53935400
2018-08-06,283.640015,284.989990,283.200012,284.640015,39400900
2018-08-07,285.390015,286.010010,285.239990,285.579987,43196600
2018-08-08,285.390015,285.910004,284.940002,285.459991,42114600
2018-08-09,285.529999,285.970001,284.920013,285.070007,35717000
2018-08-10,283.450012,284.059998,282.359985,283.160004,77076000
2018-08-13,283.470001,284.160004,281.769989,282.100006,65732900
2018-08-14,282.920013,284.170013,282.480011,283.899994,43842000
2018-08-15,282.380005,282.540009,280.160004,281.779999,102925400
2018-08-16,283.399994,285.040009,283.359985,284.059998,69967900
2018-08-17,283.829987,285.559998,283.369995,285.059998,65618500
2018-08-20,285.570007,285.970001,285.059998,285.670013,39807500
2018-08-21,286.250000,287.309998,285.709991,286.339996,67272000
2018-08-22,285.880005,286.760010,285.579987,286.170013,44993300
2018-08-23,285.970001,286.940002,285.429993,285.790009,49204900
2018-08-24,286.440002,287.670013,286.380005,287.510010,57487400
2018-08-27,288.859985,289.899994,288.679993,289.779999,57072400
2018-08-28,290.299988,290.420013,289.399994,289.920013,46943500
2018-08-29,290.160004,291.739990,289.890015,291.480011,61485500
2018-08-30,290.940002,291.359985,289.630005,290.299988,61229500
2018-08-31,289.839996,290.809998,289.290009,290.309998,66140800
2018-09-04,289.839996,290.209991,288.679993,289.809998,57594400
2018-09-05,289.410004,289.640015,287.890015,289.029999,72452400
2018-09-06,289.149994,289.489990,287.000000,288.160004,65909900
2018-09-07,286.980011,288.700012,286.709991,287.600006,73524800
2018-09-10,288.739990,289.040009,287.880005,288.100006,50210900
2018-09-11,287.369995,289.549988,286.980011,289.049988,50530500
2018-09-12,289.059998,289.799988,288.230011,289.119995,59810800
2018-09-13,290.320007,291.040009,290.000000,290.829987,51034200
2018-09-14,291.059998,291.269989,290.000000,290.880005,55079900
2018-09-17,290.820007,290.859985,289.029999,289.339996,68244000
2018-09-18,289.579987,291.579987,289.549988,290.910004,61930400
2018-09-19,290.970001,291.690002,290.829987,291.220001,49080600
2018-09-20,292.640015,293.940002,291.239990,293.579987,100360600
2018-09-21,293.089996,293.220001,291.809998,291.989990,105479700
2018-09-24,291.339996,291.500000,290.369995,291.019989,53409600
2018-09-25,291.529999,291.649994,290.480011,290.750000,44370000
2018-09-26,290.910004,292.239990,289.410004,289.880005,79739700
2018-09-27,290.410004,291.910004,290.100006,290.690002,59249500
2018-09-28,289.989990,291.279999,289.950012,290.720001,70091400
2018-10-01,292.109985,292.929993,290.980011,291.730011,62078900
2018-10-02,291.559998,292.359985,291.140015,291.559998,47258200
2018-10-03,292.739990,293.209991,291.320007,291.720001,64694600
2018-10-04,291.179993,291.239990,287.660004,289.440002,111545900
2018-10-05,289.690002,290.269989,286.220001,287.820007,105951700
2018-10-08,287.049988,288.220001,285.500000,287.820007,87742200
2018-10-09,287.390015,288.859985,286.769989,287.399994,74339000
2018-10-10,286.829987,286.910004,277.880005,278.299988,214731000
2018-10-11,277.079987,278.899994,270.359985,272.170013,274840500
2018-10-12,276.769989,277.089996,272.369995,275.950012,183186500
2018-10-15,275.549988,277.040009,274.299988,274.399994,102263700
2018-10-16,276.600006,280.820007,276.070007,280.399994,118255800
2018-10-17,280.440002,281.149994,277.559998,280.450012,110626000
2018-10-18,279.399994,280.070007,274.970001,276.399994,134557500
2018-10-19,277.130005,279.299988,275.470001,276.250000,139901600
2018-10-22,277.000000,277.359985,274.410004,275.010010,82415800
2018-10-23,270.950012,274.869995,268.609985,273.609985,146352700
2018-10-24,273.329987,273.760010,264.700012,265.320007,177806700
2018-10-25,267.380005,271.809998,266.230011,270.079987,138061500
2018-10-26,265.920013,271.000000,262.290009,265.329987,201574600
2018-10-29,268.799988,270.250000,259.850006,263.859985,160749100
2018-10-30,263.670013,268.119995,263.119995,267.769989,157116000
2018-10-31,270.649994,273.230011,270.119995,270.630005,128296300
2018-11-01,271.600006,273.730011,270.380005,273.510010,99495000
2018-11-02,274.750000,275.230011,269.589996,271.890015,122634100
2018-11-05,272.440002,274.010010,271.350006,273.390015,65622500
2018-11-06,273.320007,275.299988,273.250000,275.119995,60085900
2018-11-07,277.559998,281.100006,277.079987,281.010010,102752100
2018-11-08,280.109985,281.220001,279.220001,280.500000,65584900
2018-11-09,279.029999,279.239990,276.179993,277.760010,98812600
2018-11-12,277.190002,277.459991,271.989990,272.570007,99673600
2018-11-13,273.089996,275.329987,271.250000,272.059998,98176600
2018-11-14,274.160004,274.609985,268.450012,270.200012,125335900
2018-11-15,268.779999,273.540009,267.010010,273.019989,135101400
2018-11-16,271.790009,274.750000,271.209991,273.730011,126668000
2018-11-19,273.049988,273.380005,268.070007,269.100006,103061700
2018-11-20,265.359985,267.000000,263.149994,264.119995,136021300
2018-11-21,265.859985,267.149994,265.010010,265.019989,75563700
2018-11-23,263.179993,264.820007,263.070007,263.250000,42807900
2018-11-26,265.779999,267.750000,265.339996,267.500000,79981400
2018-11-27,266.339996,268.399994,265.660004,268.399994,75502400
2018-11-28,269.600006,274.579987,268.329987,274.579987,127629600
2018-11-29,273.709991,275.549988,272.429993,273.980011,82346400
2018-11-30,273.809998,276.279999,273.450012,275.649994,98204200
2018-12-03,280.279999,280.399994,277.510010,279.299988,103176300
2018-12-04,278.369995,278.850006,269.899994,270.250000,177986000
2018-12-06,265.920013,269.970001,262.440002,269.839996,204185400
2018-12-07,269.459991,271.220001,262.630005,263.570007,161018900
2018-12-10,263.369995,265.160004,258.619995,264.070007,151445900
2018-12-11,267.660004,267.869995,262.480011,264.130005,121504400
2018-12-12,267.470001,269.000000,265.369995,265.459991,97976700
2018-12-13,266.519989,267.489990,264.119995,265.369995,96662700
2018-12-14,262.959991,264.029999,259.850006,260.470001,116961100
2018-12-17,259.399994,260.649994,253.529999,255.360001,165492300
2018-12-18,257.200012,257.950012,253.279999,255.080002,134515100
2018-12-19,255.169998,259.399994,249.350006,251.259995,214992800
2018-12-20,249.860001,251.619995,244.649994,247.169998,252053400
2018-12-21,246.740005,249.710007,239.979996,240.699997,255345600
2018-12-24,239.039993,240.839996,234.270004,234.339996,147311600
2018-12-26,235.970001,246.179993,233.759995,246.179993,218485400
2018-12-27,242.570007,248.289993,238.960007,248.070007,186267300
2018-12-28,249.580002,251.399994,246.449997,247.750000,153100200
2018-12-31,249.559998,250.190002,247.470001,249.919998,144299400
2019-01-02,245.979996,251.210007,245.949997,250.179993,126925200
2019-01-03,248.229996,248.570007,243.669998,244.210007,144140700
2019-01-04,247.589996,253.110001,247.169998,252.389999,142628800
2019-01-07,252.690002,255.949997,251.690002,254.380005,103139100
2019-01-08,256.820007,257.309998,254.000000,256.769989,102512600
2019-01-09,257.559998,258.910004,256.190002,257.970001,95006600
2019-01-10,256.260010,259.160004,255.500000,258.880005,96823900
2019-01-11,257.679993,259.010010,257.029999,258.980011,73858100
2019-01-14,256.859985,258.299988,256.410004,257.399994,70908200
2019-01-15,257.820007,260.700012,257.809998,260.350006,85208300
2019-01-16,260.829987,261.970001,260.600006,260.980011,77636700
2019-01-17,260.010010,263.920013,259.959991,262.959991,96118400
2019-01-18,264.980011,266.980011,263.000000,266.459991,127900300
2019-01-22,264.820007,265.059998,261.059998,262.859985,115531200
2019-01-23,264.010010,264.790009,260.660004,263.410004,86030300
2019-01-24,263.209991,264.200012,262.079987,263.549988,59204100
2019-01-25,265.609985,266.700012,263.660004,265.779999,96883400
2019-01-28,263.390015,263.829987,261.790009,263.760010,85613700
2019-01-29,263.920013,264.549988,262.480011,263.410004,66136300
2019-01-30,265.100006,268.519989,264.250000,267.579987,92473700
2019-01-31,267.510010,270.470001,267.269989,269.929993,104012100
2019-02-01,270.149994,271.200012,269.179993,270.059998,85782500
2019-02-04,270.109985,272.029999,269.359985,271.959991,60744800
2019-02-05,272.440002,273.440002,271.880005,273.100006,79552800
2019-02-06,272.790009,273.339996,271.920013,272.739990,58347800
2019-02-07,270.940002,271.549988,268.290009,270.140015,95482000
2019-02-08,268.750000,270.579987,267.829987,270.470001,75788900
2019-02-11,271.200012,271.489990,270.029999,270.619995,68021400
2019-02-12,272.420013,274.519989,272.339996,274.100006,72270200
2019-02-13,275.029999,275.929993,274.559998,274.989990,65277200
2019-02-14,273.779999,275.640015,272.869995,274.380005,83234400
2019-02-15,276.359985,277.410004,276.130005,277.369995,97088700
2019-02-19,276.480011,278.579987,276.470001,277.850006,59120800
2019-02-20,277.809998,278.920013,277.250000,278.410004,76610800
2019-02-21,277.700012,278.100006,276.350006,277.420013,64214700
2019-02-22,278.109985,279.359985,277.399994,279.140015,78114600
2019-02-25,280.730011,281.309998,279.429993,279.519989,69030700
2019-02-26,279.130005,280.299988,278.899994,279.320007,56844100
2019-02-27,278.519989,279.589996,277.480011,279.200012,56921600
2019-02-28,278.959991,279.450012,278.320007,278.679993,69268300
2019-03-01,280.440002,280.880005,278.820007,280.420013,78880500
2019-03-04,281.600006,281.869995,276.839996,279.399994,106494600
2019-03-05,279.540009,279.760010,278.410004,279.019989,59114600
2019-03-06,279.149994,279.160004,276.970001,277.329987,75039800
2019-03-07,276.829987,276.989990,274.070007,275.010010,94885100
2019-03-08,272.940002,274.649994,272.420013,274.459991,85795800
2019-03-11,275.260010,278.619995,275.230011,278.440002,65098900
2019-03-12,279.059998,280.070007,278.850006,279.489990,79667500
2019-03-13,280.480011,282.380005,280.299988,281.339996,80639200
2019-03-14,281.369995,281.839996,280.670013,281.160004,67518400
2019-03-15,280.540009,282.209991,280.329987,281.309998,81309000
2019-03-18,281.549988,282.660004,281.299988,282.329987,62199800
2019-03-19,283.510010,284.359985,281.410004,282.399994,90268100
2019-03-20,282.160004,283.500000,280.320007,281.549988,84609200
2019-03-21,280.640015,285.179993,280.589996,284.730011,79550400
2019-03-22,283.220001,283.799988,279.179993,279.250000,122659300
2019-03-25,278.869995,280.190002,277.640015,279.040009,85575200
2019-03-26,280.989990,282.179993,279.559998,281.119995,68125900
2019-03-27,281.109985,281.760010,277.929993,279.649994,72224700
2019-03-28,280.350006,281.209991,279.070007,280.709991,56238500
2019-03-29,282.390015,282.839996,281.140015,282.480011,82186800
2019-04-01,284.700012,286.160004,284.399994,285.829987,77617900
2019-04-02,286.040009,286.230011,285.089996,285.970001,40070400
2019-04-03,287.320007,287.760010,285.750000,286.420013,68243200
2019-04-04,286.779999,287.459991,286.010010,287.179993,48997500
2019-04-05,287.920013,288.630005,287.600006,288.570007,58621700
2019-04-08,288.100006,288.910004,287.369995,288.790009,53566300
2019-04-09,287.720001,288.079987,286.700012,287.309998,66142300
2019-04-10,287.769989,288.390015,287.309998,288.290009,52601500
2019-04-11,288.829987,288.839996,287.579987,288.209991,55093100
2019-04-12,290.000000,290.470001,288.260010,290.160004,69727800
2019-04-15,290.239990,290.350006,289.079987,289.970001,49596700
2019-04-16,290.950012,291.010010,289.500000,290.160004,52153200
2019-04-17,291.399994,291.429993,288.989990,289.450012,58268300
2019-04-18,290.100006,290.320007,288.660004,290.019989,68708500
2019-04-22,289.170013,290.440002,289.070007,290.269989,40160100
2019-04-23,290.679993,293.140015,290.420013,292.880005,52246600
2019-04-24,292.790009,293.160004,292.070007,292.230011,50392900
2019-04-25,292.119995,292.779999,290.730011,292.049988,57770900
2019-04-26,292.100006,293.489990,291.239990,293.410004,50916400
2019-04-29,293.510010,294.450012,293.410004,293.869995,57197700
2019-04-30,293.489990,294.339996,291.920013,294.019989,81111700
2019-05-01,294.720001,294.950012,291.799988,291.809998,71671900
2019-05-02,291.679993,292.700012,289.519989,291.179993,65030200
2019-05-03,292.820007,294.339996,291.299988,294.029999,56543700
2019-05-06,289.250000,293.309998,288.899994,292.820007,107198100
2019-05-07,290.149994,290.809998,285.809998,287.929993,144729900
2019-05-08,287.529999,289.429993,286.869995,287.529999,91568300
2019-05-09,285.230011,287.329987,283.299988,286.660004,103471100
2019-05-10,285.619995,288.940002,282.299988,288.100006,112429300
2019-05-13,282.420013,283.489990,279.929993,280.859985,127290500
2019-05-14,281.989990,285.100006,281.850006,283.399994,77003200
2019-05-15,281.589996,285.769989,281.359985,285.059998,73956400
2019-05-16,285.839996,289.209991,285.760010,287.700012,76749600
2019-05-17,285.140015,288.600006,285.119995,285.839996,100353000
2019-05-20,284.059998,285.959991,283.119995,283.950012,62877600
2019-05-21,285.829987,286.929993,285.549988,286.510010,46847100
2019-05-22,285.450012,286.690002,285.100006,285.630005,49482500
2019-05-23,283.160004,283.209991,280.570007,282.140015,98733800
2019-05-24,283.739990,284.200012,282.089996,282.779999,55268100
2019-05-28,283.089996,284.149994,280.130005,280.149994,70029400
2019-05-29,278.910004,279.359985,276.709991,278.269989,104972900
2019-05-30,279.109985,280.040009,277.809998,279.029999,62523800
2019-05-31,276.200012,277.119995,275.239990,275.269989,86862800
2019-06-03,275.309998,276.549988,273.089996,274.570007,96428000
2019-06-04,277.119995,280.679993,276.619995,280.529999,77231900
2019-06-05,282.329987,282.989990,280.320007,282.959991,71169700
2019-06-06,283.290009,285.549988,282.570007,284.799988,69430400
2019-06-07,285.929993,288.850006,285.739990,287.649994,74272200
2019-06-10,289.369995,290.820007,288.869995,288.970001,60799100
2019-06-11,290.989990,291.399994,288.179993,288.899994,58641300
2019-06-12,288.640015,289.260010,287.820007,288.390015,47096300
2019-06-13,289.399994,289.980011,288.619995,289.579987,48945200
2019-06-14,289.260010,289.929993,288.410004,289.260010,52324700
2019-06-17,289.519989,290.220001,289.179993,289.369995,39205700
2019-06-18,291.390015,293.570007,290.989990,292.399994,85434800
2019-06-19,292.549988,293.649994,291.470001,293.059998,78674400
2019-06-20,296.040009,296.309998,293.130005,295.859985,116570000
2019-06-21,294.130005,295.519989,293.760010,294.000000,83309500
2019-06-24,294.230011,294.579987,293.470001,293.640015,47582700
2019-06-25,293.700012,293.730011,290.640015,290.760010,82028700
2019-06-26,291.750000,292.309998,290.350006,290.470001,51584900
2019-06-27,291.309998,292.059998,290.890015,291.500000,40355200
2019-06-28,292.579987,293.549988,292.010010,293.000000,59350900
2019-07-01,296.679993,296.920013,294.329987,295.660004,78705600
2019-07-02,295.609985,296.489990,294.679993,296.429993,61504500
2019-07-03,297.179993,298.820007,297.019989,298.799988,40898900
2019-07-05,297.440002,298.640015,296.010010,298.459991,51677300
2019-07-08,297.010010,298.260010,296.220001,296.820007,45841800
2019-07-09,295.540009,297.519989,295.480011,297.190002,41101300
2019-07-10,298.369995,299.660004,297.779999,298.609985,58448500
2019-07-11,299.320007,299.579987,298.200012,299.309998,50826100
2019-07-12,299.850006,300.730011,299.510010,300.649994,40326000
2019-07-15,301.130005,301.130005,300.190002,300.750000,33900000
2019-07-16,300.649994,300.880005,299.440002,299.779999,36650100
2019-07-17,299.750000,299.929993,297.739990,297.739990,36036300
2019-07-18,297.190002,299.250000,296.700012,298.829987,51392600
2019-07-19,300.040009,300.070007,296.980011,297.170013,58678600
2019-07-22,297.609985,298.500000,297.040009,297.899994,43638100
2019-07-23,299.140015,300.029999,298.220001,300.029999,44564500
2019-07-24,299.190002,301.440002,299.089996,301.440002,47213200
2019-07-25,300.940002,301.000000,299.109985,300.000000,55394100
2019-07-26,300.760010,302.230011,300.619995,302.010010,45084100
2019-07-29,301.880005,302.010010,300.850006,301.459991,38126500
2019-07-30,299.910004,301.170013,299.489990,300.720001,45849000
2019-07-31,300.989990,301.200012,295.200012,297.429993,104245200
2019-08-01,297.600006,300.869995,293.959991,294.839996,142646600
2019-08-02,293.850006,294.119995,290.899994,292.619995,116749700
2019-08-05,288.089996,288.209991,281.720001,283.820007,178745400
2019-08-06,285.910004,288.040009,284.279999,287.799988,120711700
2019-08-07,284.399994,288.820007,282.040009,287.970001,140572300
2019-08-08,289.619995,293.619995,289.010010,293.619995,87713900
2019-08-09,292.579987,293.239990,289.649994,291.619995,93730000
2019-08-12,289.959991,291.609985,287.019989,288.070007,65527600
2019-08-13,287.739990,294.149994,287.359985,292.549988,94299800
2019-08-14,288.070007,288.739990,283.760010,283.899994,135622100
2019-08-15,284.880005,285.640015,282.390015,284.649994,99556600
2019-08-16,286.480011,289.329987,284.709991,288.850006,83018300
2019-08-19,292.190002,293.079987,291.440002,292.329987,53571800
2019-08-20,291.769989,292.359985,289.950012,290.089996,51596400
2019-08-21,292.480011,292.859985,291.720001,292.450012,49524700
2019-08-22,293.230011,293.929993,290.399994,292.359985,51666400
2019-08-23,290.920013,292.760010,283.470001,284.850006,149161500
2019-08-26,287.269989,288.000000,285.579987,288.000000,72423800
2019-08-27,289.540009,289.950012,286.029999,286.869995,66668900
2019-08-28,286.140015,289.070007,285.250000,288.890015,59696700
2019-08-29,291.720001,293.160004,290.609985,292.579987,57899400
2019-08-30,294.220001,294.239990,291.420013,292.450012,62901200
2019-09-03,290.570007,291.579987,289.269989,290.739990,69101400
2019-09-04,293.140015,294.059998,292.309998,294.040009,46887300
2019-09-05,296.790009,298.829987,294.000000,297.820007,83258100
2019-09-06,298.170013,298.760010,297.420013,298.049988,49584300
2019-09-09,299.140015,299.239990,297.160004,298.200012,51260300
2019-09-10,297.359985,298.200012,295.970001,298.130005,57947100
2019-09-11,298.470001,300.339996,297.750000,300.250000,68821100
2019-09-12,301.250000,302.459991,300.410004,301.290009,72908700
2019-09-13,301.779999,302.170013,300.679993,301.089996,62104800
2019-09-16,299.839996,301.140015,299.450012,300.160004,58191200
2019-09-17,299.940002,301.019989,299.750000,300.920013,41475500
2019-09-18,300.489990,301.220001,298.239990,301.100006,73375800
2019-09-19,301.529999,302.630005,300.709991,301.079987,76560500
2019-09-20,300.359985,300.670013,297.410004,298.279999,89565000
2019-09-23,297.549988,299.000000,297.269989,298.209991,43476800
2019-09-24,299.410004,299.839996,294.809998,295.869995,94869400
2019-09-25,295.959991,298.109985,294.329987,297.619995,71854000
2019-09-26,297.630005,297.859985,295.450012,297.000000,56179700
2019-09-27,297.829987,297.950012,293.690002,295.399994,84746600
2019-09-30,295.970001,297.549988,295.920013,296.769989,51662400
2019-10-01,297.739990,298.459991,293.000000,293.239990,88242400
2019-10-02,291.500000,291.510010,286.640015,288.059998,122539500
2019-10-03,287.809998,290.450012,284.820007,290.420013,85278800
2019-10-04,291.140015,294.630005,291.079987,294.350006,65091200
2019-10-07,293.470001,295.260010,292.769989,293.079987,59610500
2019-10-08,291.040009,291.850006,288.489990,288.529999,95708100
2019-10-09,290.750000,292.299988,290.059998,291.269989,62359400
2019-10-10,291.179993,294.209991,291.000000,293.239990,55296300
2019-10-11,296.269989,298.739990,296.140015,296.279999,98720400
2019-10-14,295.929993,296.670013,295.570007,295.950012,40394800
2019-10-15,297.100006,299.700012,296.970001,298.880005,46754500
2019-10-16,298.369995,299.160004,297.920013,298.399994,48928200
2019-10-17,299.679993,300.239990,298.519989,299.279999,45736600
2019-10-18,298.690002,299.399994,297.029999,297.970001,64304000
2019-10-21,299.420013,300.209991,298.940002,299.989990,39048600
2019-10-22,300.579987,300.899994,298.910004,299.010010,48594700
2019-10-23,298.730011,299.940002,298.500000,299.880005,34352200
2019-10-24,300.910004,301.070007,299.459991,300.369995,35453100
2019-10-25,299.739990,302.200012,299.679993,301.600006,45205400
2019-10-28,302.940002,303.850006,302.910004,303.299988,42147000
2019-10-29,303.000000,304.230011,302.859985,303.209991,44284900
2019-10-30,303.429993,304.549988,301.989990,304.140015,49643900
2019-10-31,304.130005,304.130005,301.730011,303.329987,69053800
2019-11-01,304.920013,306.190002,304.739990,306.140015,71141500
2019-11-04,307.850006,308.000000,306.959991,307.369995,60606900
2019-11-05,307.589996,307.920013,306.709991,307.029999,42933200
2019-11-06,307.029999,307.399994,306.059998,307.100006,46487100
2019-11-07,308.570007,309.649994,307.660004,308.179993,54272300
2019-11-08,307.799988,309.000000,307.029999,308.940002,49032100
2019-11-11,307.420013,308.540009,307.269989,308.350006,35797300
2019-11-12,308.750000,309.989990,308.149994,309.000000,46484600
2019-11-13,307.910004,309.540009,307.660004,309.100006,53917700
2019-11-14,308.790009,309.640015,308.089996,309.549988,51219900
2019-11-15,311.019989,311.839996,310.260010,311.790009,62023600
2019-11-18,311.529999,312.279999,311.029999,312.019989,49228000
2019-11-19,312.679993,312.690002,311.220001,311.929993,67804700
2019-11-20,311.279999,311.850006,309.059998,310.769989,79406200
2019-11-21,310.890015,311.010010,309.390015,310.269989,54664700
2019-11-22,311.089996,311.239990,309.850006,310.959991,44850200
2019-11-25,311.980011,313.369995,311.980011,313.369995,48647200
2019-11-26,313.410004,314.279999,313.059998,314.079987,37569000
2019-11-27,314.609985,315.480011,314.369995,315.480011,44444600
2019-11-29,314.859985,315.130005,314.059998,314.309998,36592700
2019-12-02,314.589996,314.660004,311.170013,311.640015,75767800
2019-12-03,308.649994,309.640015,307.130005,309.549988,73941700
2019-12-04,310.700012,312.119995,310.320007,311.459991,49080000
2019-12-05,312.230011,312.250000,310.579987,312.019989,40709000
2019-12-06,314.119995,315.309998,314.109985,314.869995,48927000
2019-12-09,314.440002,315.179993,313.799988,313.880005,34838500
2019-12-10,313.820007,314.549988,312.809998,313.529999,52649800
2019-12-11,314.029999,314.700012,313.440002,314.420013,53429100
2019-12-12,314.429993,317.989990,314.170013,317.130005,96389600
2019-12-13,316.869995,318.670013,316.019989,317.320007,81503900
2019-12-16,319.220001,320.149994,317.250000,319.500000,82749700
2019-12-17,319.920013,320.250000,319.480011,319.570007,61097700
2019-12-18,320.000000,320.250000,319.529999,319.589996,48133000
2019-12-19,319.799988,320.980011,319.519989,320.899994,85310500
2019-12-20,320.459991,321.970001,319.390015,320.730011,147142100
2019-12-23,321.589996,321.649994,321.059998,321.220001,52990000
2019-12-24,321.470001,321.519989,320.899994,321.230011,20270000
2019-12-26,321.649994,322.950012,321.640015,322.940002,30911200
2019-12-27,323.739990,323.799988,322.279999,322.859985,42528800
2019-12-30,322.950012,323.100006,320.549988,321.079987,49729100
2019-12-31,320.529999,322.130005,320.149994,321.859985,57077300
2020-01-02,323.540009,324.890015,322.529999,324.869995,59151200
2020-01-03,321.160004,323.640015,321.100006,322.410004,77709700
2020-01-06,320.489990,323.730011,320.359985,323.640015,55653900
2020-01-07,323.019989,323.540009,322.239990,322.730011,40496400
2020-01-08,322.940002,325.779999,322.670013,324.450012,68296000
2020-01-09,326.160004,326.730011,325.519989,326.649994,48473300
2020-01-10,327.290009,327.459991,325.200012,325.709991,53029300
2020-01-13,326.390015,327.959991,325.920013,327.950012,47086800
2020-01-14,327.470001,328.619995,326.839996,327.450012,62832800
2020-01-15,327.350006,329.019989,327.260010,328.190002,72056600
2020-01-16,329.700012,330.920013,329.450012,330.920013,54050300
2020-01-17,331.700012,332.179993,330.850006,331.950012,95846000
2020-01-21,330.899994,332.179993,330.820007,331.299988,77742400
2020-01-22,332.239990,332.950012,331.170013,331.339996,48914900
2020-01-23,330.630005,332.170013,329.410004,331.720001,51963000
2020-01-24,332.440002,332.529999,327.359985,328.769989,87578400
2020-01-27,323.029999,325.119995,322.660004,323.500000,84062500
2020-01-28,325.059998,327.850006,323.600006,326.890015,63834000
2020-01-29,328.380005,328.630005,326.399994,326.619995,53888900
2020-01-30,324.359985,327.910004,323.540009,327.679993,75491800
2020-01-31,327.000000,327.170013,320.730011,321.730011,113845600
2020-02-03,323.350006,326.160004,323.220001,324.119995,69083000
2020-02-04,328.070007,330.010010,327.720001,329.059998,62573200
2020-02-05,332.269989,333.089996,330.670013,332.859985,65951100
2020-02-06,333.910004,334.190002,332.799988,333.980011,50359700
2020-02-07,332.820007,333.989990,331.600006,332.200012,64139400
2020-02-10,331.230011,334.750000,331.190002,334.679993,42070000
2020-02-11,336.160004,337.019989,334.679993,335.260010,54864500
2020-02-12,336.829987,337.649994,336.429993,337.420013,43992700
2020-02-13,335.859985,338.119995,335.559998,337.059998,54501900
2020-02-14,337.510010,337.730011,336.200012,337.600006,64582200
2020-02-18,336.510010,337.670013,335.209991,336.730011,57226200
2020-02-19,337.790009,339.079987,337.480011,338.339996,48814700
2020-02-20,337.739990,338.640015,333.679993,336.950012,74163400
2020-02-21,335.470001,335.809998,332.579987,333.480011,113788200
2020-02-24,323.140015,333.559998,321.239990,322.420013,161088400
2020-02-25,323.940002,324.609985,311.690002,312.649994,218913200
2020-02-26,314.179993,318.109985,310.700012,311.500000,194773800
2020-02-27,305.459991,311.559998,297.510010,297.510010,284353500
2020-02-28,288.700012,297.890015,285.540009,296.260010,384975800
2020-03-02,298.209991,309.160004,294.459991,309.089996,238703600
2020-03-03,309.500000,313.839996,297.570007,300.239990,300139100
2020-03-04,306.119995,313.100006,303.329987,312.859985,176613400
2020-03-05,304.980011,308.470001,300.010010,302.459991,186366800
2020-03-06,293.149994,298.779999,290.230011,297.459991,228667200
2020-03-09,275.299988,284.190002,273.450012,274.230011,309417300
2020-03-10,284.640015,288.519989,273.500000,288.420013,276444100
2020-03-11,280.700012,281.940002,270.880005,274.359985,255316300
2020-03-12,256.000000,266.660004,247.679993,248.110001,392220700
2020-03-13,263.089996,271.480011,248.520004,269.320007,329566100
2020-03-16,241.179993,256.899994,237.360001,239.850006,297240000
2020-03-17,245.039993,256.170013,237.070007,252.800003,262070500
2020-03-18,236.250000,248.369995,228.020004,240.000000,327597100
2020-03-19,239.250000,247.380005,232.220001,240.509995,289322000
2020-03-20,242.529999,244.470001,228.500000,228.800003,347158800
2020-03-23,228.190002,229.679993,218.259995,222.949997,326025200
2020-03-24,234.419998,244.100006,233.800003,243.149994,235494500
2020-03-25,244.869995,256.350006,239.750000,246.789993,299430300
2020-03-26,249.520004,262.799988,249.050003,261.200012,257632800
2020-03-27,253.270004,260.809998,251.050003,253.419998,224341200
2020-03-30,255.699997,262.429993,253.529999,261.649994,171369500
2020-03-31,260.559998,263.329987,256.220001,257.750000,194881100
2020-04-01,247.979996,257.660004,243.899994,246.149994,189554600
2020-04-02,245.190002,252.679993,244.589996,251.830002,177660400
2020-04-03,250.759995,253.320007,245.220001,248.190002,135561200
2020-04-06,257.839996,267.000000,248.169998,264.859985,188061200
2020-04-07,274.209991,275.029999,264.890015,265.130005,201427200
2020-04-08,267.959991,276.000000,265.250000,274.029999,153774500
2020-04-09,277.579987,281.200012,275.470001,278.200012,189999200
2020-04-13,277.140015,277.510010,271.410004,275.660004,114839100
2020-04-14,280.980011,284.899994,275.510010,283.790009,134143400
2020-04-15,277.570007,283.940002,275.459991,277.760010,121775000
2020-04-16,279.149994,280.029999,275.760010,279.100006,131798300
2020-04-17,285.380005,287.299988,282.399994,286.640015,146684800
2020-04-20,282.609985,286.790009,281.350006,281.589996,100109300
2020-04-21,276.730011,278.040009,272.019989,273.040009,126385700
2020-04-22,278.350006,281.000000,276.910004,279.100006,92951600
2020-04-23,280.489990,283.940002,278.750000,279.079987,104709700
2020-04-24,280.730011,283.700012,278.500000,282.970001,85063200
2020-04-27,285.119995,288.269989,284.619995,287.049988,77896600
2020-04-28,291.019989,291.399994,285.399994,285.730011,105270000
2020-04-29,291.529999,294.880005,290.410004,293.209991,118745600
2020-04-30,291.709991,293.320007,288.589996,290.480011,122901700
2020-05-01,285.309998,290.660004,281.519989,282.790009,125180000
2020-05-04,280.739990,283.899994,279.130005,283.570007,80873200
2020-05-05,286.640015,289.250000,283.709991,286.190002,79569900
2020-05-06,288.040009,288.459991,283.779999,284.250000,73632600
2020-05-07,287.750000,289.779999,287.130005,287.679993,75250400
2020-05-08,291.089996,292.950012,289.859985,292.440002,76452400
2020-05-11,290.339996,294.000000,289.880005,292.500000,79514200
2020-05-12,293.790009,294.239990,286.519989,286.670013,95870800
2020-05-13,286.059998,287.190002,278.959991,281.600006,144721100
2020-05-14,278.950012,285.109985,272.989990,284.970001,121977900
2020-05-15,282.369995,286.329987,281.339996,286.279999,111146300
2020-05-18,293.049988,296.750000,292.700012,295.000000,119703800
2020-05-19,294.350006,296.209991,291.950012,291.970001,95189300
2020-05-20,295.820007,297.869995,295.570007,296.929993,85861700
2020-05-21,296.790009,297.670013,293.690002,294.880005,78293900
2020-05-22,294.570007,295.630005,293.220001,295.440002,63958200
2020-05-26,301.929993,302.190002,295.459991,299.079987,88951400
2020-05-27,302.119995,303.570007,296.869995,303.529999,104817400
2020-05-28,304.649994,306.839996,302.239990,302.970001,90405200
2020-05-29,302.459991,304.959991,299.470001,304.320007,119090800
2020-06-01,303.619995,306.209991,303.059998,305.549988,55758300
2020-06-02,306.549988,308.130005,305.100006,308.079987,74267200
2020-06-03,310.239990,313.220001,309.940002,312.179993,92567600
2020-06-04,311.109985,313.000000,309.079987,311.359985,75794400
2020-06-05,317.230011,321.269989,317.160004,319.339996,150524700
2020-06-08,320.220001,323.410004,319.630005,323.200012,73641200
2020-06-09,320.299988,323.279999,319.359985,320.790009,77479200
2020-06-10,321.420013,322.390015,318.220001,319.000000,95000800
2020-06-11,311.459991,312.149994,300.010010,300.609985,209243600
2020-06-12,308.239990,309.079987,298.600006,304.209991,194678900
2020-06-15,298.019989,308.279999,296.739990,307.049988,135782700
2020-06-16,315.480011,315.640015,307.670013,312.959991,137627500
2020-06-17,314.070007,314.390015,310.859985,311.660004,83398900
2020-06-18,310.010010,312.299988,309.510010,311.779999,80828700
2020-06-19,314.170013,314.380005,306.529999,308.640015,135549600
2020-06-22,307.989990,311.049988,306.750000,310.619995,74649400
2020-06-23,313.489990,314.500000,311.609985,312.049988,68471200
2020-06-24,309.839996,310.510010,302.100006,304.089996,132813500
2020-06-25,303.470001,307.640015,301.279999,307.350006,89468000
2020-06-26,306.160004,306.390015,299.420013,300.049988,127961000
2020-06-29,301.410004,304.609985,298.929993,304.459991,79773300
2020-06-30,303.989990,310.200012,303.820007,308.359985,113394800
2020-07-01,309.570007,311.890015,309.070007,310.519989,72396500
2020-07-02,314.239990,315.700012,311.510010,312.230011,69344200
2020-07-06,316.369995,317.679993,315.559998,317.049988,61713800
2020-07-07,315.380005,317.519989,313.369995,313.779999,82910000
2020-07-08,314.609985,316.299988,312.700012,316.179993,54638600
2020-07-09,316.839996,317.100006,310.679993,314.380005,83354200
2020-07-10,314.309998,317.880005,312.760010,317.589996,57550400
2020-07-13,320.130005,322.709991,314.130005,314.839996,102997500
2020-07-14,313.299988,319.760010,312.000000,318.920013,93657000
2020-07-15,322.410004,323.040009,319.269989,321.850006,87196500
2020-07-16,319.790009,321.279999,319.089996,320.790009,54622500
2020-07-17,321.880005,322.570007,319.739990,321.720001,62774900
2020-07-20,321.429993,325.130005,320.619995,324.320007,56308800
2020-07-21,326.450012,326.929993,323.940002,325.010010,57292200
2020-07-22,324.619995,327.200012,324.500000,326.859985,57792900
2020-07-23,326.470001,327.230011,321.480011,322.959991,75738000
2020-07-24,320.950012,321.989990,319.250000,320.880005,73766600
2020-07-27,321.630005,323.410004,320.769989,323.220001,48293000
2020-07-28,322.429993,323.640015,320.850006,321.170013,57495000
2020-07-29,322.119995,325.730011,322.079987,325.119995,48454200
2020-07-30,321.899994,324.410004,319.640015,323.959991,61861700
2020-07-31,325.899994,326.630005,321.329987,326.519989,84986800
2020-08-03,328.320007,329.619995,327.730011,328.790009,53077900
2020-08-04,327.859985,330.059998,327.859985,330.059998,41917900
2020-08-05,331.470001,332.390015,331.179993,332.109985,42697700
2020-08-06,331.480011,334.459991,331.130005,334.329987,43679400
2020-08-07,333.279999,334.880005,332.299988,334.570007,57308300
2020-08-10,335.059998,335.769989,332.959991,335.570007,44282100
2020-08-11,336.850006,337.540009,332.010010,332.799988,69601100
2020-08-12,335.440002,338.279999,335.410004,337.440002,53774400
2020-08-13,336.609985,338.250000,335.829987,336.829987,41816100
2020-08-14,336.410004,337.420013,335.619995,336.839996,47260400
2020-08-17,337.940002,338.339996,336.850006,337.910004,35481000
2020-08-18,338.339996,339.100006,336.609985,338.640015,38733900
2020-08-19,339.049988,339.609985,336.619995,337.230011,68054200
2020-08-20,335.359985,338.799988,335.220001,338.279999,42207800
2020-08-21,337.920013,339.720001,337.549988,339.480011,55106600
2020-08-24,342.119995,343.000000,339.450012,342.920013,48588700
2020-08-25,343.529999,344.209991,342.269989,344.119995,38463400
2020-08-26,344.760010,347.859985,344.170013,347.570007,50790200
2020-08-27,348.510010,349.899994,346.529999,348.329987,58034100
2020-08-28,349.440002,350.720001,348.149994,350.579987,48588900
2020-08-31,350.350006,351.299988,349.059998,349.309998,66099200
2020-09-01,350.209991,352.709991,349.239990,352.600006,54908700
2020-09-02,354.670013,358.750000,353.429993,357.700012,69540000
2020-09-03,355.869995,356.380005,342.589996,345.390015,148011100
2020-09-04,346.130005,347.829987,334.869995,342.570007,139156300
2020-09-08,336.709991,342.640015,332.880005,333.209991,114465300
2020-09-09,337.549988,342.459991,336.609985,339.790009,91462300
2020-09-10,341.820007,342.529999,332.850006,333.890015,90569500
2020-09-11,335.820007,336.970001,331.000000,334.059998,84680200
2020-09-14,337.489990,340.380005,334.220001,338.459991,65605700
2020-09-15,341.119995,342.019989,338.470001,340.170013,52920900
2020-09-16,341.510010,343.059998,338.519989,338.820007,82096000
2020-09-17,333.559998,337.700012,332.989990,335.839996,91523300
2020-09-18,335.369995,335.489990,327.970001,330.649994,105877900
2020-09-21,325.700012,327.130005,321.730011,326.970001,99450800
2020-09-22,328.570007,330.899994,325.859985,330.299988,63612100
2020-09-23,330.899994,331.200012,322.100006,322.640015,93112200
2020-09-24,321.220001,326.799988,319.799988,323.500000,76681300
2020-09-25,322.579987,329.579987,321.640015,328.730011,71069400
2020-09-28,333.220001,334.959991,332.149994,334.190002,64584600
2020-09-29,333.970001,334.769989,331.619995,332.369995,51304000
2020-09-30,333.089996,338.290009,332.880005,334.890015,104081100
2020-10-01,337.690002,338.739990,335.010010,337.040009,88698700
2020-10-02,331.700012,337.010010,331.190002,333.839996,89431100
2020-10-05,336.059998,339.959991,336.010010,339.760010,45713100
2020-10-06,339.910004,342.170013,334.380005,334.929993,90128900
2020-10-07,338.119995,341.630005,338.089996,340.760010,56999600
2020-10-08,342.850006,343.850006,341.859985,343.779999,45242500
2020-10-09,345.559998,347.350006,344.890015,346.850006,59528600
2020-10-12,349.589996,354.019989,349.059998,352.429993,80388500
2020-10-13,352.279999,352.470001,349.089996,350.130005,73255500
2020-10-14,350.750000,351.929993,347.140015,347.929993,57727900
2020-10-15,343.709991,348.019989,343.130005,347.500000,60357700
2020-10-16,348.959991,350.750000,347.100006,347.290009,89501900
2020-10-19,348.649994,349.329987,341.040009,342.010010,68425600
2020-10-20,343.459991,346.880005,342.640015,343.380005,60051900
2020-10-21,343.329987,345.670013,342.399994,342.730011,63575000
2020-10-22,342.959991,345.239990,340.649994,344.609985,55399300
2020-10-23,345.929993,345.989990,343.130005,345.779999,49143900
2020-10-26,342.130005,342.980011,335.619995,339.390015,91473000
2020-10-27,339.760010,340.119995,337.989990,338.220001,65994100
2020-10-28,332.100006,338.250000,326.130005,326.660004,127094300
2020-10-29,326.910004,333.399994,325.089996,329.980011,90597700
2020-10-30,328.279999,329.690002,322.600006,326.540009,120287300
2020-11-02,330.200012,332.359985,327.239990,330.200012,86068300
2020-11-03,333.690002,338.250000,330.290009,336.029999,93294200
2020-11-04,340.859985,347.940002,339.589996,343.540009,126959700
2020-11-05,349.239990,352.190002,348.859985,350.239990,82039700
2020-11-06,349.929993,351.510010,347.649994,350.160004,74973000
2020-11-09,363.970001,364.380005,354.059998,354.559998,172304200
2020-11-10,353.489990,355.179993,350.510010,354.040009,85552000
2020-11-11,356.399994,357.559998,355.059998,356.670013,58649000
2020-11-12,355.579987,356.720001,351.260010,353.209991,67546200
2020-11-13,355.269989,358.899994,354.709991,358.100006,62892200
2020-11-16,360.980011,362.779999,359.589996,362.570007,74541100
2020-11-17,359.970001,361.920013,358.339996,360.619995,66111000
2020-11-18,360.910004,361.500000,356.239990,356.279999,70591300
2020-11-19,355.600006,358.179993,354.149994,357.779999,59940900
2020-11-20,357.500000,357.720001,355.250000,355.329987,70417300
2020-11-23,357.279999,358.820007,354.869995,357.459991,63230600
2020-11-24,360.209991,363.809998,359.290009,363.220001,62415900
2020-11-25,363.130005,363.160004,361.480011,362.660004,45330900
2020-11-27,363.839996,364.179993,362.579987,363.670013,28514100
2020-11-30,362.829987,363.119995,359.170013,362.059998,83872700
2020-12-01,365.570007,367.679993,364.929993,366.019989,74231400
2020-12-02,364.820007,366.959991,364.200012,366.790009,45927000
2020-12-03,366.679993,368.190002,365.500000,366.690002,62882000
2020-12-04,367.320007,369.850006,367.220001,369.850006,50749900
2020-12-07,369.019989,369.619995,367.720001,369.089996,48944300
2020-12-08,367.720001,370.779999,367.670013,370.170013,42458900
2020-12-09,370.880005,371.049988,365.950012,366.850006,74098300
2020-12-10,365.369995,367.859985,364.429993,366.730011,57735400
2020-12-11,364.899994,366.739990,363.260010,366.299988,57698600
2020-12-14,368.640015,369.799988,364.470001,364.660004,69216200
2020-12-15,367.399994,369.589996,365.920013,369.589996,63865300
2020-12-16,369.820007,371.160004,368.869995,370.170013,58420500
2020-12-17,371.940002,372.459991,371.049988,372.239990,64119500
2020-12-18,370.970001,371.149994,367.019989,369.179993,136542300
2020-12-21,364.970001,378.459991,362.029999,367.859985,96386700
2020-12-22,368.209991,368.329987,366.029999,367.239990,47949000
2020-12-23,368.279999,369.619995,367.220001,367.570007,46201400
2020-12-24,368.079987,369.029999,367.450012,369.000000,26457900
2020-12-28,371.739990,372.589996,371.070007,372.170013,39000400
2020-12-29,373.809998,374.000000,370.829987,371.459991,53680500
2020-12-30,372.339996,373.100006,371.570007,371.989990,49455300
2020-12-31,371.779999,374.660004,371.230011,373.880005,78520700
2021-01-04,375.309998,375.450012,364.820007,368.790009,110210800
2021-01-05,368.100006,372.500000,368.049988,371.329987,66426200
2021-01-06,369.709991,376.980011,369.119995,373.549988,107997700
2021-01-07,376.100006,379.899994,375.910004,379.100006,68766800
2021-01-08,380.589996,381.489990,377.100006,381.260010,71677200
2021-01-11,377.850006,380.579987,377.720001,378.690002,51034700
2021-01-12,378.890015,379.859985,376.359985,378.769989,52547700
2021-01-13,378.690002,380.859985,377.850006,379.790009,45303600
2021-01-14,380.589996,381.130005,378.100006,378.459991,49989100
2021-01-15,376.720001,377.579987,373.700012,375.700012,107160000
2021-01-19,378.339996,379.230011,376.750000,378.649994,51233300
2021-01-20,381.109985,384.790009,380.690002,383.890015,61836100
2021-01-21,384.489990,384.950012,383.250000,384.239990,47840100
2021-01-22,382.250000,384.130005,381.839996,382.880005,52860500
2021-01-25,383.670013,384.769989,378.459991,384.390015,70402000
2021-01-26,385.410004,385.850006,383.540009,383.790009,42665300
2021-01-27,380.220001,380.320007,372.010010,374.410004,123351100
2021-01-28,376.359985,381.929993,375.890015,377.630005,94198100
2021-01-29,375.630005,376.670013,368.269989,370.070007,126765100
2021-02-01,373.720001,377.339996,370.380005,376.230011,75817600
2021-02-02,379.649994,383.220001,376.320007,381.549988,64450700
2021-02-03,382.440002,383.700012,380.480011,381.850006,52427100
2021-02-04,382.959991,386.239990,381.970001,386.190002,47142600
2021-02-05,388.200012,388.470001,386.140015,387.709991,48669800
2021-02-08,389.269989,390.559998,388.350006,390.510010,38365200
2021-02-09,389.609985,390.890015,389.170013,390.250000,35551100
2021-02-10,392.119995,392.279999,387.500000,390.079987,59154400
2021-02-11,391.239990,391.690002,388.100006,390.709991,42913300
2021-02-12,389.850006,392.899994,389.769989,392.640015,50593300
2021-02-16,393.959991,394.170013,391.529999,392.299988,50972400
2021-02-17,390.420013,392.660004,389.329987,392.390015,52290600
2021-02-18,389.589996,391.519989,387.739990,390.720001,59712800
2021-02-19,392.070007,392.380005,389.549988,390.029999,83241000
2021-02-22,387.059998,389.619995,386.739990,387.029999,67414200
2021-02-23,384.660004,388.950012,380.200012,387.500000,107284100
2021-02-24,386.329987,392.230011,385.269989,391.769989,72433900
2021-02-25,390.410004,391.880005,380.779999,382.329987,146670500
2021-02-26,384.350006,385.579987,378.230011,380.359985,152701600
2021-03-01,385.589996,390.920013,380.570007,389.579987,105348800
2021-03-02,389.820007,390.070007,386.000000,386.540009,79595300
2021-03-03,385.790009,386.829987,381.309998,381.420013,119940200
2021-03-04,381.220001,384.000000,371.880005,376.700012,183433000
2021-03-05,380.459991,384.760010,372.640015,383.630005,152039600
2021-03-08,384.660004,387.679993,381.420013,381.720001,123149200
2021-03-09,385.850006,389.910004,385.309998,387.170013,113633600
2021-03-10,389.690002,391.399994,388.170013,389.579987,109899400
2021-03-11,392.230011,395.649994,391.739990,393.529999,86245000
2021-03-12,392.070007,394.209991,391.200012,394.059998,64653600
2021-03-15,394.329987,396.690002,392.029999,396.410004,73427200
2021-03-16,397.070007,397.829987,395.079987,395.910004,73722500
2021-03-17,394.529999,398.119995,393.299988,397.260010,97959300
2021-03-18,394.480011,396.720001,390.750000,391.480011,115349100
2021-03-19,389.880005,391.570007,387.149994,389.480011,113624500
2021-03-22,390.029999,394.070007,389.970001,392.589996,73778600
2021-03-23,391.910004,393.459991,388.660004,389.500000,90686600
2021-03-24,391.000000,392.750000,387.470001,387.519989,97588600
2021-03-25,385.980011,390.549988,383.899994,389.700012,116128600
2021-03-26,390.929993,396.410004,390.290009,395.980011,114409100
2021-03-29,394.399994,396.750000,392.809998,395.779999,108107600
2021-03-30,394.420013,395.450012,393.019989,394.730011,76262200
2021-03-31,395.339996,398.000000,395.309998,396.329987,112734200
2021-04-01,398.399994,400.670013,398.179993,400.609985,99682900
2021-04-05,403.459991,406.940002,403.380005,406.359985,91684800
2021-04-06,405.760010,407.239990,405.399994,406.119995,62021000
2021-04-07,405.940002,406.959991,405.450012,406.589996,55836300
2021-04-08,407.929993,408.579987,406.929993,408.519989,57863100
2021-04-09,408.390015,411.670013,408.260010,411.489990,61104600
2021-04-12,410.850006,411.929993,410.200012,411.640015,56704900
2021-04-13,411.529999,413.529999,411.119995,412.859985,56551000
2021-04-14,412.829987,413.959991,410.869995,411.450012,61659900
2021-04-15,413.739990,416.160004,413.690002,415.869995,60229800
2021-04-16,417.250000,417.910004,415.730011,417.260010,82037300
2021-04-19,416.260010,416.739990,413.790009,415.209991,78498500
2021-04-20,413.910004,415.089996,410.589996,412.170013,81851800
2021-04-21,411.510010,416.290009,411.359985,416.070007,66793000
2021-04-22,415.890015,416.779999,411.130005,412.269989,97582800
2021-04-23,412.869995,418.250000,412.790009,416.739990,73209200
2021-04-26,417.440002,418.220001,416.809998,417.609985,52182400
2021-04-27,417.929993,418.140015,416.299988,417.519989,51303100
2021-04-28,417.809998,419.010010,416.899994,417.399994,51238900
2021-04-29,420.320007,420.720001,416.440002,420.059998,78544300
2021-04-30,417.630005,418.540009,416.339996,417.299988,85527000
2021-05-03,419.429993,419.839996,417.670013,418.200012,68128300
2021-05-04,416.070007,416.600006,411.670013,415.619995,101591200
2021-05-05,417.380005,417.630005,415.149994,415.750000,60162200
2021-05-06,415.829987,419.209991,413.679993,419.070007,74321400
2021-05-07,419.890015,422.820007,419.160004,422.119995,67733800
2021-05-10,422.500000,422.739990,417.809998,417.940002,81852400
2021-05-11,413.100006,415.269989,410.059998,414.209991,116888000
2021-05-12,411.230011,412.589996,404.000000,405.410004,134811000
2021-05-13,407.070007,412.350006,407.019989,410.279999,106394000
2021-05-14,413.209991,417.489990,413.179993,416.579987,82201600
2021-05-17,415.390015,416.390015,413.359985,415.519989,65129200
2021-05-18,415.799988,416.059998,411.769989,411.940002,59810200
2021-05-19,406.920013,411.049988,405.329987,410.859985,106467100
2021-05-20,411.799988,416.630005,411.670013,415.279999,78022200
2021-05-21,416.869995,418.200012,414.450012,414.940002,76578700
2021-05-24,417.339996,420.320007,417.079987,419.170013,51376700
2021-05-25,420.329987,420.709991,417.619995,418.239990,57451400
2021-05-26,418.869995,419.609985,417.760010,419.070007,43088600
2021-05-27,420.170013,420.720001,418.989990,419.290009,56707700
2021-05-28,420.970001,421.250000,419.790009,420.040009,58520200
2021-06-01,422.570007,422.720001,419.200012,419.670013,54216600
2021-06-02,420.369995,421.230011,419.290009,420.329987,49097100
2021-06-03,417.850006,419.989990,416.279999,418.769989,58138800
2021-06-04,420.750000,422.920013,418.839996,422.600006,55938800
2021-06-07,422.589996,422.779999,421.190002,422.190002,51555000
2021-06-08,423.109985,423.209991,420.320007,422.279999,47134300
2021-06-09,423.179993,423.260010,421.410004,421.649994,48436300
2021-06-10,422.959991,424.630005,421.549988,423.609985,51020100
2021-06-11,424.200012,424.429993,422.820007,424.309998,45570800
2021-06-14,424.429993,425.369995,423.100006,425.260010,42358500
2021-06-15,425.420013,425.459991,423.540009,424.480011,51508500
2021-06-16,424.630005,424.869995,419.920013,422.109985,80386100
2021-06-17,421.670013,423.019989,419.320007,421.970001,90949700
2021-06-18,417.089996,417.829987,414.700012,414.920013,118676300
2021-06-21,416.799988,421.059998,415.929993,420.859985,72822000
2021-06-22,420.850006,424.000000,420.079987,423.109985,57700300
2021-06-23,423.190002,424.049988,422.510010,422.600006,49445400
2021-06-24,424.890015,425.549988,424.619995,425.100006,45110300
2021-06-25,425.899994,427.089996,425.549988,426.609985,58129500
2021-06-28,427.170013,427.649994,425.890015,427.470001,53159600
2021-06-29,427.880005,428.559998,427.130005,427.700012,35970500
2021-06-30,427.209991,428.779999,427.179993,428.059998,64827900
2021-07-01,428.869995,430.600006,428.799988,430.429993,53441000
2021-07-02,431.670013,434.100006,430.519989,433.720001,57697700
2021-07-06,433.779999,434.010010,430.010010,432.929993,68710400
2021-07-07,433.660004,434.760010,431.510010,434.459991,63549500
2021-07-08,428.779999,431.730011,427.519989,430.920013,97595200
2021-07-09,432.529999,435.839996,430.709991,435.519989,76238600
2021-07-12,435.429993,437.350006,434.970001,437.079987,52889600
2021-07-13,436.239990,437.839996,435.309998,435.589996,52911300
2021-07-14,437.399994,437.920013,434.910004,436.239990,64130400
2021-07-15,434.809998,435.529999,432.720001,434.750000,55126400
2021-07-16,436.010010,436.059998,430.920013,431.339996,75874700
2021-07-19,426.190002,431.410004,421.970001,424.970001,147987000
2021-07-20,425.679993,432.420013,424.829987,431.059998,99608200
2021-07-21,432.339996,434.700012,431.010010,434.549988,64724400
2021-07-22,434.739990,435.720001,433.690002,435.459991,47878500
2021-07-23,437.519989,440.299988,436.790009,439.940002,63766600
2021-07-26,439.309998,441.029999,439.260010,441.019989,43719200
2021-07-27,439.910004,439.940002,435.989990,439.010010,67397100
2021-07-28,439.679993,440.299988,437.309998,438.829987,52472400
2021-07-29,439.820007,441.799988,439.809998,440.649994,47435300
2021-07-30,437.910004,440.059998,437.769989,438.510010,68951200
2021-08-02,440.339996,440.929993,437.209991,437.589996,58783300
2021-08-03,438.440002,441.279999,436.100006,441.149994,58053900
2021-08-04,439.779999,441.119995,438.730011,438.980011,46732200
2021-08-05,440.220001,441.850006,439.880005,441.760010,38969700
2021-08-06,442.100006,442.940002,441.799988,442.489990,46930000
2021-08-09,442.459991,442.799988,441.309998,442.130005,41222600
2021-08-10,442.609985,443.440002,441.880005,442.679993,43339300
2021-08-11,443.820007,443.880005,442.619995,443.779999,44034300
2021-08-12,443.619995,445.260010,442.660004,445.109985,38909400
2021-08-13,445.589996,445.940002,445.070007,445.920013,39470300
2021-08-16,444.529999,447.109985,442.869995,446.970001,73740000
2021-08-17,444.239990,444.959991,440.850006,444.040009,92673900
2021-08-18,442.959991,444.630005,438.920013,439.179993,89351900
2021-08-19,436.269989,441.140015,436.119995,439.859985,92812200
2021-08-20,440.230011,443.709991,439.709991,443.359985,72008700
2021-08-23,445.160004,448.230011,443.440002,447.260010,54973000
2021-08-24,447.970001,448.540009,447.420013,447.970001,38744700
2021-08-25,448.170013,449.459991,447.769989,448.910004,40529700
2021-08-26,448.609985,448.859985,446.160004,446.260010,57829600
2021-08-27,447.119995,450.649994,447.059998,450.250000,77235100
2021-08-30,450.970001,453.070007,450.709991,452.230011,48357400
2021-08-31,452.130005,452.489990,450.920013,451.559998,59300200
2021-09-01,452.559998,453.109985,451.549988,451.799988,48721400
2021-09-02,453.320007,454.049988,451.910004,453.190002,42501000
2021-09-03,451.980011,453.630005,451.549988,453.079987,47170500
2021-09-07,452.709991,452.809998,450.739990,451.459991,51671500
2021-09-08,450.890015,451.670013,448.859985,450.910004,56181900
2021-09-09,450.700012,452.570007,448.720001,448.980011,57970400
2021-09-10,451.040009,451.489990,445.309998,445.440002,89948200
2021-09-13,448.640015,448.920013,444.109985,446.579987,83738600
2021-09-14,448.119995,448.339996,443.220001,444.170013,78197100
2021-09-15,444.619995,448.410004,443.440002,447.880005,78792200
2021-09-16,447.320007,448.359985,444.019989,447.170013,77786700
2021-09-17,444.920013,445.369995,441.019989,441.399994,118425000
2021-09-20,434.880005,436.559998,428.859985,434.040009,166445500
2021-09-21,436.529999,437.910004,433.070007,433.630005,92526100
2021-09-22,436.049988,440.029999,433.750000,437.859985,102350100
2021-09-23,439.850006,444.890015,439.600006,443.179993,76396000
2021-09-24,441.440002,444.670013,441.209991,443.910004,62094800
2021-09-27,442.809998,444.049988,441.899994,442.640015,61371100
2021-09-28,439.690002,440.040009,432.940002,433.720001,130436300
2021-09-29,435.190002,437.040009,433.850006,434.450012,82329200
2021-09-30,436.019989,436.769989,428.779999,429.140015,140506000
2021-10-01,430.980011,436.029999,427.230011,434.239990,129240100
2021-10-04,433.000000,433.959991,426.359985,428.640015,128570000
2021-10-05,430.239990,435.489990,429.390015,433.100006,90682500
2021-10-06,429.269989,435.119995,427.540009,434.899994,113032200
2021-10-07,438.390015,441.679993,438.200012,438.660004,72437500
2021-10-08,439.480011,439.890015,437.190002,437.859985,74557400
2021-10-11,437.160004,440.260010,434.619995,434.690002,65233300
2021-10-12,435.670013,436.100006,432.779999,433.619995,71181200
2021-10-13,434.709991,436.049988,431.540009,435.179993,72974000
2021-10-14,439.079987,442.660004,438.579987,442.500000,70236800
2021-10-15,444.750000,446.260010,444.089996,445.869995,66260200
2021-10-18,443.970001,447.549988,443.269989,447.190002,62213200
2021-10-19,448.920013,450.709991,448.269989,450.640015,46996800
2021-10-20,451.130005,452.730011,451.010010,452.410004,49571600
2021-10-21,451.769989,453.829987,451.309998,453.589996,41305400
2021-10-22,453.130005,454.670013,451.049988,453.119995,58845100
2021-10-25,454.279999,455.899994,452.390015,455.549988,45214500
2021-10-26,457.200012,458.489990,455.559998,455.959991,56075100
2021-10-27,456.450012,457.160004,453.859985,453.940002,72438000
2021-10-28,455.459991,458.399994,455.450012,458.320007,51437900
2021-10-29,455.869995,459.559998,455.559998,459.250000,70162400
2021-11-01,460.299988,460.700012,458.200012,460.040009,48433600
2021-11-02,460.220001,462.230011,460.079987,461.899994,48908400
2021-11-03,461.299988,465.149994,460.829987,464.720001,52509800
2021-11-04,465.359985,467.000000,464.989990,466.910004,52847100
2021-11-05,469.279999,470.649994,466.920013,468.529999,66390600
2021-11-08,469.700012,470.230011,468.200012,468.929993,50405200
2021-11-09,469.320007,469.570007,465.880005,467.380005,51149100
2021-11-10,465.579987,467.380005,462.040009,463.619995,69429700
2021-11-11,465.209991,465.290009,463.750000,463.769989,34848500
2021-11-12,465.119995,467.859985,464.109985,467.269989,53466700
2021-11-15,468.640015,468.809998,466.230011,467.429993,46980500
2021-11-16,467.149994,470.489990,467.070007,469.279999,48857500
2021-11-17,469.000000,469.190002,467.480011,468.140015,47858300
2021-11-18,469.239990,470.010010,466.339996,469.730011,50625600
2021-11-19,469.609985,470.940002,468.500000,468.890015,57315600
2021-11-22,470.890015,473.540009,467.350006,467.570007,72762000
2021-11-23,467.220001,469.100006,464.450012,468.190002,73206500
2021-11-24,466.059998,469.570007,465.190002,469.440002,61858800
2021-11-26,462.339996,463.899994,457.769989,458.970001,112669600
2021-11-29,464.070007,466.559998,461.730011,464.600006,86268800
2021-11-30,462.000000,464.029999,455.299988,455.559998,148559600
2021-12-01,461.640015,464.670013,450.290009,450.500000,131939200
2021-12-02,450.730011,459.070007,450.309998,457.399994,127637800
2021-12-03,459.170013,460.299988,448.920013,453.420013,137331600
2021-12-06,456.130005,460.790009,453.559998,458.790009,98977500
2021-12-07,464.410004,468.880005,458.649994,468.279999,95484700
2021-12-08,468.700012,470.000000,466.829987,469.519989,72238800
2021-12-09,468.149994,469.630005,466.140015,466.350006,61272600
2021-12-10,469.230011,470.899994,466.510010,470.739990,77159800
2021-12-13,470.190002,470.559998,466.269989,466.570007,87724700
2021-12-14,463.089996,465.739990,460.250000,463.359985,97264100
2021-12-15,463.420013,470.859985,460.739990,470.600006,116899300
2021-12-16,472.570007,472.869995,464.799988,466.450012,116568600
2021-12-17,461.549988,464.739990,458.059998,459.869995,135511600
2021-12-20,454.480011,455.399994,451.140015,454.980011,107134800
2021-12-21,458.609985,463.209991,456.309998,463.059998,69806300
2021-12-22,462.790009,467.809998,462.579987,467.690002,58890200
2021-12-23,468.750000,472.190002,468.640015,470.600006,56439700
2021-12-27,472.059998,477.309998,472.010010,477.260010,56808600
2021-12-28,477.720001,478.809998,476.059998,476.869995,47274600
2021-12-29,476.980011,478.559998,475.920013,477.480011,54503000
2021-12-30,477.929993,479.000000,475.670013,476.160004,55329000
2021-12-31,475.640015,476.859985,474.670013,474.959991,65237400
2022-01-03,476.299988,477.850006,473.850006,477.709991,72668200
2022-01-04,479.220001,479.980011,475.579987,477.549988,71178700
2022-01-05,477.160004,477.980011,468.279999,468.380005,104538900
2022-01-06,467.890015,470.820007,465.429993,467.940002,86858900
2022-01-07,467.950012,469.200012,464.649994,466.089996,85111600
2022-01-10,462.700012,465.739990,456.600006,465.510010,119362000
2022-01-11,465.230011,469.850006,462.049988,469.750000,74303100
2022-01-12,471.589996,473.200012,468.940002,471.019989,67605400
2022-01-13,472.190002,472.880005,463.440002,464.529999,91173100
2022-01-14,461.190002,465.089996,459.899994,464.720001,95890900
2022-01-18,459.739990,459.959991,455.309998,456.489990,109709100
2022-01-19,458.130005,459.609985,451.459991,451.750000,109357600
2022-01-20,453.750000,458.739990,444.500000,446.750000,122379700
2022-01-21,445.559998,448.059998,437.950012,437.980011,202271200
2022-01-24,432.029999,440.380005,420.760010,439.839996,251783900
2022-01-25,433.059998,439.720001,427.149994,434.470001,167997300
2022-01-26,440.720001,444.040009,428.859985,433.380005,186391100
2022-01-27,438.260010,441.589996,429.450012,431.239990,149878300
2022-01-28,432.679993,442.000000,427.820007,441.950012,164457400
2022-01-31,441.239990,450.279999,439.809998,449.910004,152251400
2022-02-01,450.679993,453.630005,446.940002,452.950012,123155400
2022-02-02,455.500000,458.119995,453.049988,457.350006,117361000
2022-02-03,450.950012,452.970001,445.709991,446.600006,118024400
2022-02-04,446.350006,452.779999,443.829987,448.700012,118454400
2022-02-07,449.510010,450.989990,445.850006,447.260010,84472900
2022-02-08,446.730011,451.920013,445.220001,450.940002,81012000
2022-02-09,455.220001,457.880005,455.010010,457.540009,92589900
2022-02-10,451.339996,457.709991,447.200012,449.320007,140103700
2022-02-11,449.410004,451.609985,438.940002,440.459991,153214600
2022-02-14,439.920013,441.600006,435.339996,439.019989,123006300
2022-02-15,443.730011,446.279999,443.179993,446.100006,88482700
2022-02-16,443.929993,448.059998,441.940002,446.600006,84863600
2022-02-17,443.220001,446.570007,436.420013,437.059998,102259100
2022-02-18,437.329987,438.660004,431.820007,434.230011,132642900
2022-02-22,431.890015,435.500000,425.859985,429.570007,124391800
2022-02-23,432.660004,433.260010,421.350006,421.950012,132578000
2022-02-24,411.019989,428.760010,410.640015,428.299988,213942900
2022-02-25,429.609985,437.839996,427.859985,437.750000,121804500
2022-02-28,432.029999,438.200012,430.700012,436.630005,145615000
2022-03-01,435.040009,437.170013,427.109985,429.980011,137785900
2022-03-02,432.369995,439.720001,431.570007,437.890015,117726500
2022-03-03,440.470001,441.109985,433.799988,435.709991,105501700
2022-03-04,431.750000,433.369995,427.880005,432.170013,113978200
2022-03-07,431.549988,432.299988,419.359985,419.429993,137896600
2022-03-08,419.619995,427.209991,415.119995,416.250000,164772700
2022-03-09,425.140015,429.510010,422.820007,427.410004,116990800
2022-03-10,422.519989,426.429993,420.440002,425.480011,93972700
2022-03-11,428.119995,428.769989,419.529999,420.070007,95636300
2022-03-14,420.890015,424.549988,415.790009,417.000000,95729200
2022-03-15,419.769989,426.839996,418.420013,426.170013,106219100
2022-03-16,429.890015,435.679993,424.799988,435.619995,144954800
2022-03-17,433.589996,441.070007,433.190002,441.070007,102676900
2022-03-18,438.000000,444.859985,437.220001,444.519989,106345500
2022-03-21,444.339996,446.459991,440.679993,444.390015,88349800
2022-03-22,445.859985,450.579987,445.859985,449.589996,74650400
2022-03-23,446.910004,448.489990,443.709991,443.799988,79426100
2022-03-24,445.940002,450.500000,444.760010,450.489990,64736900
2022-03-25,451.160004,452.980011,448.429993,452.690002,77101300
2022-03-28,452.059998,455.910004,450.059998,455.910004,68529800
2022-03-29,460.019989,462.070007,457.179993,461.549988,86581500
2022-03-30,460.339996,461.200012,456.470001,458.700012,79666900
2022-03-31,457.890015,458.760010,451.160004,451.640015,121699900
2022-04-01,453.309998,453.459991,449.140015,452.920013,89048800
2022-04-04,453.130005,456.910004,452.260010,456.799988,59601000
2022-04-05,455.220001,457.829987,449.820007,451.029999,74214500
2022-04-06,446.890015,448.929993,443.470001,446.519989,106898000
2022-04-07,445.589996,450.690002,443.529999,448.769989,78097200
2022-04-08,447.970001,450.630005,445.940002,447.570007,79272700
2022-04-11,444.109985,445.000000,439.390015,439.920013,89770500
2022-04-12,443.079987,445.750000,436.649994,438.290009,84363600
2022-04-13,438.029999,444.109985,437.839996,443.309998,74070400
2022-04-14,443.549988,444.730011,437.679993,437.790009,97869500
2022-04-18,436.809998,439.750000,435.609985,437.970001,66002500
2022-04-19,437.859985,445.799988,437.679993,445.040009,77821000
2022-04-20,446.920013,447.570007,443.480011,444.709991,65224400
2022-04-21,448.540009,450.010010,437.100006,438.059998,85417300
2022-04-22,436.910004,438.079987,425.440002,426.040009,132471800
2022-04-25,423.670013,428.690002,418.839996,428.510010,119647700
2022-04-26,425.829987,426.040009,416.070007,416.100006,103996300
2022-04-27,417.239990,422.920013,415.010010,417.269989,122030000
2022-04-28,422.290009,429.640015,417.600006,427.809998,105449100
2022-04-29,423.589996,425.869995,411.209991,412.000000,145491100
2022-05-02,412.070007,415.920013,405.019989,414.480011,158312500
2022-05-03,415.010010,418.929993,413.359985,416.380005,100028200
2022-05-04,417.079987,429.660004,413.709991,429.059998,144247900
2022-05-05,424.549988,425.000000,409.440002,413.809998,172929100
2022-05-06,411.100006,414.799988,405.730011,411.339996,151770800
2022-05-09,405.100006,406.410004,396.500000,398.170013,155586100
2022-05-10,404.489990,406.079987,394.820007,399.089996,132497200
2022-05-11,398.070007,404.040009,391.959991,392.750000,142361000
2022-05-12,389.369995,395.799988,385.149994,392.339996,125090800
2022-05-13,396.709991,403.179993,395.609985,401.720001,104174400
2022-05-16,399.980011,403.970001,397.600006,400.089996,78622400
2022-05-17,406.529999,408.570007,402.579987,408.320007,83029700
2022-05-18,403.500000,403.799988,390.549988,391.859985,117674500
2022-05-19,388.619995,394.140015,387.109985,389.459991,98510700
2022-05-20,393.250000,397.029999,380.540009,389.630005,131432200
2022-05-23,392.829987,397.730011,390.380005,396.920013,76414900
2022-05-24,392.559998,395.149994,386.959991,393.890015,91448800
2022-05-25,392.309998,399.450012,391.890015,397.369995,91472900
2022-05-26,398.670013,407.040009,398.450012,405.309998,82168300
2022-05-27,407.910004,415.380005,407.700012,415.260010,84768700
2022-05-31,413.549988,416.459991,410.029999,412.929993,95937000
2022-06-01,415.170013,416.239990,406.929993,409.589996,86585800
2022-06-02,409.420013,417.440002,407.040009,417.390015,79609600
2022-06-03,412.399994,414.040009,409.510010,410.540009,71874300
2022-06-06,414.779999,416.609985,410.549988,411.790009,57508900
2022-06-07,408.100006,416.220001,407.609985,415.739990,59272400
2022-06-08,413.929993,415.820007,410.380005,411.220001,64350000
2022-06-09,409.339996,411.739990,401.440002,401.440002,86289800
2022-06-10,394.880005,395.779999,389.750000,389.799988,132893900
2022-06-13,379.850006,381.809998,373.299988,375.000000,170004900
2022-06-14,376.850006,377.940002,370.589996,373.869995,104011800
2022-06-15,377.359985,383.899994,372.119995,379.200012,125666800
2022-06-16,370.510010,370.940002,364.079987,366.649994,134473300
2022-06-17,365.510010,369.380005,362.170013,365.859985,111113900
2022-06-21,371.890015,376.529999,371.809998,375.070007,76811900
2022-06-22,370.619995,378.720001,370.179993,374.390015,90059400
2022-06-23,376.640015,378.829987,372.890015,378.059998,79292100
2022-06-24,381.399994,390.089996,381.369995,390.079987,98050300
2022-06-27,391.049988,391.359985,387.440002,388.589996,66009600
2022-06-28,390.230011,393.160004,380.529999,380.649994,86548900
2022-06-29,381.230011,382.269989,378.420013,380.339996,65676000
2022-06-30,376.239990,380.660004,372.559998,377.250000,112508300
2022-07-01,376.559998,381.700012,373.799988,381.239990,74839700
2022-07-05,375.880005,381.980011,372.899994,381.959991,81438000
2022-07-06,382.109985,385.869995,379.600006,383.250000,70426200
2022-07-07,385.119995,389.829987,383.269989,388.989990,64525900
2022-07-08,387.269989,390.640015,385.660004,388.670013,72397800
2022-07-11,385.850006,386.869995,383.500000,384.230011,58366900
2022-07-12,383.649994,386.160004,378.989990,380.829987,62219200
2022-07-13,375.100006,381.920013,374.660004,378.829987,84224600
2022-07-14,373.609985,379.049988,371.040009,377.910004,89704800
2022-07-15,382.549988,385.250000,380.540009,385.130005,79060400
2022-07-18,388.380005,389.089996,380.660004,381.950012,63203600
2022-07-19,386.079987,392.869995,385.390015,392.269989,78506000
2022-07-20,392.470001,396.260010,391.029999,394.769989,71843800
2022-07-21,394.160004,398.839996,391.630005,398.790009,64903900
2022-07-22,398.920013,400.179993,392.750000,395.089996,72197300
2022-07-25,395.750000,396.470001,393.209991,395.570007,53631500
2022-07-26,393.839996,394.059998,389.950012,390.890015,52946400
2022-07-27,394.359985,402.880005,394.049988,401.040009,82342100
2022-07-28,401.890015,406.799988,398.149994,406.070007,73966600
2022-07-29,407.579987,413.029999,406.769989,411.989990,87003700
2022-08-01,409.149994,413.410004,408.399994,410.769989,69997500
2022-08-02,409.119995,413.000000,406.820007,408.059998,63435400
2022-08-03,410.299988,415.679993,410.000000,414.450012,67820600
2022-08-04,414.369995,415.089996,412.440002,414.170013,45656600
2022-08-05,409.660004,414.149994,409.600006,413.470001,56814900
2022-08-08,415.250000,417.619995,411.829987,412.989990,53886100
2022-08-09,412.220001,412.750000,410.220001,411.350006,44931800
2022-08-10,418.779999,420.140015,416.720001,419.989990,68665700
2022-08-11,422.989990,424.950012,419.209991,419.989990,59489700
2022-08-12,422.029999,427.209991,421.029999,427.100006,61694500
2022-08-15,424.769989,429.410004,424.709991,428.859985,54048300
2022-08-16,427.730011,431.730011,426.880005,429.700012,59289000
2022-08-17,425.910004,429.500000,424.540009,426.649994,63563400
2022-08-18,426.859985,428.609985,425.500000,427.890015,49023200
2022-08-19,424.980011,425.260010,421.220001,422.140015,68016900
2022-08-22,417.049988,417.230011,412.399994,413.350006,77695600
2022-08-23,412.899994,415.420013,411.769989,412.350006,49105200
2022-08-24,412.109985,415.109985,411.390015,413.670013,49177800
2022-08-25,415.239990,419.559998,414.089996,419.510010,50942300
2022-08-26,419.390015,419.959991,405.250000,405.309998,103087000
2022-08-29,402.200012,405.839996,401.200012,402.630005,65370800
2022-08-30,403.850006,404.100006,396.000000,398.209991,85652400
2022-08-31,399.929993,401.239990,395.040009,395.179993,76029700
2022-09-01,392.890015,396.779999,390.040009,396.420013,78740100
2022-09-02,400.279999,401.559998,390.329987,392.239990,99632100
2022-09-06,393.130005,394.119995,388.420013,390.760010,76637400
2022-09-07,390.429993,398.589996,390.200012,397.779999,70964200
2022-09-08,395.390015,400.859985,394.119995,400.380005,80821700
2022-09-09,402.739990,407.510010,402.459991,406.600006,76706900
2022-09-12,408.779999,411.730011,408.459991,410.970001,69256300
2022-09-13,401.829987,403.100006,391.920013,393.100006,122947100
2022-09-14,394.470001,396.200012,391.119995,394.600006,85023700
2022-09-15,392.959991,395.959991,388.779999,390.119995,87633800
2022-09-16,384.140015,386.250000,382.109985,385.559998,103084800
2022-09-19,382.260010,388.549988,382.179993,388.549988,73278500
2022-09-20,385.059998,386.119995,381.200012,384.089996,77274900
2022-09-21,386.109985,389.309998,377.380005,377.390015,106746600
2022-09-22,376.579987,378.299988,373.440002,374.220001,89472600
2022-09-23,370.579987,370.619995,363.290009,367.950012,122346900
2022-09-26,366.410004,370.209991,363.029999,364.309998,92581200
2022-09-27,368.019989,370.399994,360.869995,363.380005,108294100
2022-09-28,364.380005,372.299988,362.600006,370.529999,110802200
2022-09-29,366.809998,367.109985,359.700012,362.790009,112952300
2022-09-30,361.799988,365.910004,357.040009,357.179993,153711200
2022-10-03,361.079987,368.549988,359.209991,366.609985,89756500
2022-10-04,372.399994,378.000000,366.570007,377.970001,103602800
2022-10-05,373.390015,379.459991,370.950012,377.089996,88065700
2022-10-06,375.619995,378.720001,372.679993,373.200012,82333500
2022-10-07,368.970001,373.290009,360.940002,362.790009,107789500
2022-10-10,363.959991,364.209991,357.670013,360.019989,76042800
2022-10-11,358.239990,363.029999,355.709991,357.739990,92482800
2022-10-12,358.170013,359.820007,356.299988,356.559998,76991800
2022-10-13,349.209991,367.510010,348.109985,365.970001,147254500
2022-10-14,368.549988,370.260010,356.959991,357.630005,123737000
2022-10-17,364.010010,367.980011,357.279999,366.820007,93168200
2022-10-18,375.130005,375.450012,367.519989,371.130005,97162900
2022-10-19,368.989990,371.850006,365.549988,368.500000,79746900
2022-10-20,368.029999,372.670013,364.609985,365.410004,88283100
2022-10-21,365.119995,374.799988,363.540009,374.290009,131038400
2022-10-24,375.890015,380.059998,373.109985,378.869995,85436900
2022-10-25,378.790009,385.250000,378.670013,384.920013,78846300
2022-10-26,381.619995,387.579987,381.350006,382.019989,104087300
2022-10-27,383.070007,385.000000,379.329987,379.980011,81971800
2022-10-28,379.869995,389.519989,379.679993,389.019989,100302000
2022-10-31,386.440002,388.399994,385.260010,386.209991,96631300
2022-11-01,390.140015,390.390015,383.290009,384.519989,85407600
2022-11-02,383.899994,388.630005,374.760010,374.869995,126990400
2022-11-03,371.470001,374.200012,368.790009,371.010010,87100100
2022-11-04,377.000000,378.869995,370.000000,376.350006,103505200
2022-11-07,377.709991,380.570007,375.529999,379.950012,68286900
2022-11-08,381.109985,385.119995,377.720001,382.000000,84641100
2022-11-09,379.929993,381.140015,373.609985,374.130005,78495500
2022-11-10,388.049988,395.040009,385.640015,394.690002,141455800
2022-11-11,395.589996,399.350006,393.609985,398.510010,93839900
2022-11-14,396.660004,400.179993,394.829987,395.119995,71903500
2022-11-15,401.149994,402.309998,394.489990,398.489990,93194500
2022-11-16,396.779999,397.779999,394.790009,395.450012,68508500
2022-11-17,390.459991,394.950012,390.140015,394.239990,74496300
2022-11-18,397.739990,397.809998,393.040009,396.029999,92922500
2022-11-21,394.640015,395.820007,392.660004,394.589996,51243200
2022-11-22,396.630005,400.070007,395.149994,399.899994,60429000
2022-11-23,399.549988,402.929993,399.309998,402.420013,68261600
2022-11-25,401.829987,402.910004,401.540009,402.329987,30545400
2022-11-28,399.089996,400.809998,395.109985,395.910004,67881600
2022-11-29,396.049988,397.299988,393.299988,395.230011,52310000
2022-11-30,395.489990,407.679993,393.480011,407.679993,144566700
2022-12-01,408.769989,410.000000,404.750000,407.380005,76398200
2022-12-02,402.250000,407.859985,402.140015,406.910004,85342700
2022-12-05,403.950012,404.929993,398.170013,399.589996,77289800
2022-12-06,399.420013,399.989990,391.640015,393.829987,77972200
2022-12-07,392.940002,395.640015,391.970001,393.160004,65927900
2022-12-08,395.140015,397.359985,393.269989,396.239990,60737900
2022-12-09,394.940002,397.619995,393.149994,393.279999,81447700
2022-12-12,394.109985,398.950012,393.410004,398.950012,75405800
2022-12-13,410.220001,410.489990,399.070007,401.970001,123782500
2022-12-14,401.609985,405.500000,396.309998,399.399994,108111300
2022-12-15,394.299988,395.250000,387.890015,389.630005,117705900
2022-12-16,385.179993,386.579987,381.040009,383.269989,119858000
2022-12-19,383.470001,383.820007,378.279999,380.019989,79878100
2022-12-20,379.230011,382.230011,377.850006,380.540009,74427200
2022-12-21,383.250000,387.410004,382.690002,386.230011,78167400
2022-12-22,383.049988,386.209991,374.769989,380.720001,100120900
2022-12-23,379.649994,383.059998,378.029999,382.910004,59857300
2022-12-27,382.790009,383.149994,379.649994,381.399994,51638200
2022-12-28,381.329987,383.390015,376.420013,376.660004,70911500
2022-12-29,379.630005,384.350006,379.079987,383.440002,66970900
2022-12-30,380.640015,382.579987,378.429993,382.429993,84022200
2023-01-03,384.369995,386.429993,377.829987,380.820007,74850700
2023-01-04,383.179993,385.880005,380.000000,383.760010,85934100
2023-01-05,381.720001,381.839996,378.760010,379.380005,76970500
2023-01-06,382.609985,389.250000,379.410004,388.079987,104189600
2023-01-09,390.369995,393.700012,387.670013,387.859985,73978100
2023-01-10,387.250000,390.649994,386.269989,390.579987,65358100
2023-01-11,392.230011,395.600006,391.380005,395.519989,68881100
2023-01-12,396.670013,398.489990,392.420013,396.959991,90157700
2023-01-13,393.619995,399.100006,393.339996,398.500000,63903900
2023-01-17,398.480011,400.230011,397.059998,397.769989,62677300
2023-01-18,399.010010,400.119995,391.279999,391.489990,99632300
2023-01-19,389.359985,391.079987,387.260010,388.640015,86958900
2023-01-20,390.100006,396.040009,388.380005,395.880005,91806400
2023-01-23,396.720001,402.649994,395.720001,400.630005,84178800
2023-01-24,398.880005,401.149994,397.640015,400.200012,59524900
2023-01-25,395.950012,400.700012,393.559998,400.350006,84800300
2023-01-26,403.130005,404.920013,400.029999,404.750000,72287400
2023-01-27,403.660004,408.160004,403.440002,405.679993,68346200
2023-01-30,402.799988,405.130005,400.279999,400.589996,74202000
2023-01-31,401.130005,406.529999,400.769989,406.480011,86811800
2023-02-01,405.209991,413.670013,402.350006,410.799988,101459200
2023-02-02,414.859985,418.309998,412.880005,416.779999,101654500
2023-02-03,411.589996,416.970001,411.089996,412.350006,94736800
2023-02-06,409.790009,411.290009,408.100006,409.829987,60295300
2023-02-07,408.869995,416.489990,407.570007,415.190002,90990700
2023-02-08,413.130005,414.529999,409.929993,410.649994,76227500
2023-02-09,414.410004,414.570007,405.809998,407.089996,78694900
2023-02-10,405.859985,408.440002,405.010010,408.040009,70769700
2023-02-13,408.720001,412.970001,408.239990,412.829987,64913500
2023-02-14,411.239990,415.049988,408.510010,412.640015,88389300
2023-02-15,410.350006,414.059998,409.470001,413.980011,61555700
2023-02-16,408.790009,412.910004,408.140015,408.279999,76431500
2023-02-17,406.059998,407.510010,404.049988,407.260010,89257800
2023-02-21,403.059998,404.160004,398.820007,399.089996,82655900
2023-02-22,399.519989,401.130005,397.019989,398.540009,83742300
2023-02-23,401.559998,402.200012,396.250000,400.660004,96242400
2023-02-24,395.420013,397.250000,393.640015,396.380005,108194400
2023-02-27,399.869995,401.290009,396.750000,397.730011,80444700
2023-02-28,397.230011,399.279999,396.149994,396.260010,96438600
2023-03-01,395.410004,396.690002,393.380005,394.739990,99706800
2023-03-02,392.679993,398.690002,392.329987,397.809998,85127800
2023-03-03,399.709991,404.450012,399.029999,404.190002,90120000
2023-03-06,405.049988,407.450012,404.010010,404.470001,72795900
2023-03-07,404.420013,404.670013,397.630005,398.269989,108310600
2023-03-08,398.390015,399.709991,396.589996,398.920013,74746600
2023-03-09,399.739990,401.480011,390.529999,391.559998,111945300
2023-03-10,390.989990,393.160004,384.320007,385.910004,189253000
2023-03-13,381.809998,390.390015,380.649994,385.359985,157790000
2023-03-14,390.500000,393.450012,387.049988,391.730011,149752400
2023-03-15,385.890015,389.489990,383.709991,389.279999,172996900
2023-03-16,386.820007,396.470001,386.290009,396.109985,143254200
2023-03-17,393.220001,394.399994,388.549988,389.989990,140553400
2023-03-20,390.799988,394.170013,390.070007,393.739990,93055800
2023-03-21,397.239990,399.410004,395.579987,398.910004,91524200
2023-03-22,398.730011,402.489990,392.070007,392.109985,111746600
2023-03-23,395.089996,399.290009,390.350006,393.170013,119351300
2023-03-24,391.839996,395.839996,389.399994,395.750000,107682400
2023-03-27,398.119995,398.920013,395.559998,396.489990,74010400
2023-03-28,395.769989,396.489990,393.690002,395.600006,62871700
2023-03-29,399.929993,401.600006,398.679993,401.350006,77497900
2023-03-30,404.089996,404.350006,401.760010,403.700012,69840000
2023-03-31,404.660004,409.700012,404.549988,409.390015,112062600
2023-04-03,408.850006,411.369995,408.440002,410.950012,67391100
2023-04-04,411.619995,411.920013,407.239990,408.670013,66601500
2023-04-05,407.910004,408.700012,405.880005,407.600006,65200200
2023-04-06,406.769989,409.480011,405.679993,409.190002,63743300
2023-04-10,406.609985,409.690002,405.970001,409.609985,63681000
2023-04-11,410.260010,411.179993,408.920013,409.720001,59297900
2023-04-12,411.869995,412.170013,407.440002,408.049988,86420400
2023-04-13,409.179993,413.839996,407.989990,413.470001,85814800
2023-04-14,412.809998,415.089996,410.059998,412.459991,78161500
2023-04-17,412.369995,413.959991,411.089996,413.940002,66436400
2023-04-18,415.579987,415.720001,412.779999,414.209991,63560000
2023-04-19,412.220001,415.079987,412.160004,414.140015,55227300
2023-04-20,411.209991,413.700012,410.269989,411.880005,75840400
2023-04-21,412.190002,412.679993,410.170013,412.200012,73457400
2023-04-24,411.989990,413.070007,410.600006,412.630005,64332100
2023-04-25,410.579987,411.160004,406.019989,406.079987,97766700
2023-04-26,406.720001,407.839996,403.779999,404.359985,80447000
2023-04-27,407.000000,412.690002,406.739990,412.410004,92968400
2023-04-28,411.489990,415.940002,411.429993,415.929993,89433100
2023-05-01,415.470001,417.619995,415.269989,415.510010,62122300
2023-05-02,414.769989,414.820007,407.820007,410.839996,103998500
2023-05-03,411.359985,413.869995,407.769989,408.019989,91531800
2023-05-04,406.929993,407.269989,403.739990,405.130005,94901900
2023-05-05,408.910004,413.720001,408.640015,412.630005,87891800
2023-05-08,412.970001,413.239990,411.279999,412.739990,50046800
2023-05-09,411.130005,412.089996,410.690002,410.929993,49220100
2023-05-10,413.880005,414.540009,408.869995,412.850006,96142900
2023-05-11,411.950012,412.429993,409.970001,412.130005,70157100
2023-05-12,413.420013,413.640015,409.070007,411.589996,70481500
2023-05-15,412.220001,413.429993,410.230011,413.010010,54289400
2023-05-16,411.859985,412.820007,410.239990,410.250000,57705500
2023-05-17,412.350006,415.859985,410.640015,415.230011,87287000
2023-05-18,414.899994,419.670013,414.670013,419.230011,97177200
2023-05-19,420.170013,420.720001,417.350006,418.619995,103793300
2023-05-22,418.640015,420.390015,417.350006,418.790009,60745400
2023-05-23,417.079987,418.720001,413.679993,414.089996,86383500
2023-05-24,412.420013,412.820007,409.880005,411.089996,89213700
2023-05-25,414.739990,416.160004,412.410004,414.649994,90961600
2023-05-26,415.329987,420.769989,415.250000,420.019989,93830000
2023-05-30,422.029999,422.579987,418.739990,420.179993,72216000
2023-05-31,418.279999,419.220001,416.220001,417.850006,110811800
2023-06-01,418.089996,422.920013,416.790009,421.820007,88865000
2023-06-02,424.500000,428.739990,423.950012,427.920013,91426200
2023-06-05,428.279999,429.619995,426.369995,427.100006,65460200
2023-06-06,426.670013,428.579987,425.989990,428.029999,64022200
2023-06-07,428.440002,429.619995,426.109985,426.549988,85373300
2023-06-08,426.619995,429.600006,425.820007,429.130005,61952800
2023-06-09,429.959991,431.989990,428.869995,429.899994,85742800
2023-06-12,430.920013,433.880005,430.170013,433.799988,76104300
2023-06-13,435.320007,437.329987,434.630005,436.660004,95899700
2023-06-14,437.010010,439.059998,433.589996,437.179993,100612100
2023-06-15,436.329987,443.899994,436.230011,442.600006,110303100
2023-06-16,443.019989,443.609985,438.970001,439.459991,114165800
2023-06-20,437.450012,438.369995,435.029999,437.179993,76160400
2023-06-21,436.160004,436.989990,434.329987,434.940002,76982300
2023-06-22,433.950012,436.619995,433.600006,436.510010,70637200
2023-06-23,432.929993,435.059998,432.470001,433.209991,92074500
2023-06-26,432.619995,434.609985,431.190002,431.440002,72823600
2023-06-27,432.350006,436.809998,431.880005,436.170013,72813700
2023-06-28,435.049988,437.440002,434.410004,436.390015,75636000
2023-06-29,435.959991,438.279999,435.540009,438.109985,67882300
2023-06-30,441.440002,444.299988,441.109985,443.279999,104964000
2023-07-03,442.920013,444.079987,442.630005,443.790009,32793400
2023-07-05,441.910004,443.890015,441.899994,443.130005,58418400
2023-07-06,439.420013,440.100006,437.059998,439.660004,80658300
2023-07-07,438.630005,442.640015,438.299988,438.549988,86134200
2023-07-10,438.179993,439.839996,437.589996,439.660004,62443500
2023-07-11,440.450012,442.970001,439.440002,442.459991,64463800
2023-07-12,446.390015,447.480011,444.910004,446.019989,91924500
2023-07-13,447.899994,450.380005,447.450012,449.559998,72425200
2023-07-14,450.480011,451.359985,448.489990,449.279999,69815800
2023-07-17,449.130005,451.929993,449.079987,450.839996,52680200
2023-07-18,450.500000,454.859985,450.049988,454.190002,80668200
2023-07-19,455.010010,456.429993,454.109985,455.200012,65891700
2023-07-20,454.170013,455.100006,451.440002,452.179993,70591600
2023-07-21,453.959991,454.170013,452.170013,452.179993,71275600
2023-07-24,453.369995,455.040009,452.299988,454.200012,54023400
2023-07-25,453.920013,456.739990,453.869995,455.440002,55191200
2023-07-26,454.470001,456.989990,453.380005,455.510010,71052900
2023-07-27,459.019989,459.440002,451.549988,452.489990,92194400
2023-07-28,455.880005,457.779999,452.489990,456.920013,80011800
2023-07-31,457.410004,458.160004,456.049988,457.790009,62040400
2023-08-01,456.269989,457.250000,455.489990,456.480011,55291500
2023-08-02,453.250000,453.519989,449.350006,450.130005,93933400
2023-08-03,448.040009,450.790009,447.369995,448.839996,64276100
2023-08-04,450.720001,452.899994,446.269989,446.809998,100128900
2023-08-07,448.709991,450.869995,447.989990,450.709991,58357500
2023-08-08,448.079987,450.700012,445.269989,448.750000,71361300
2023-08-09,449.029999,449.200012,444.959991,445.750000,78789600
2023-08-10,448.190002,451.700012,444.700012,445.910004,93005500
2023-08-11,443.970001,446.700012,443.350006,445.649994,68690900
2023-08-14,444.700012,448.109985,444.380005,448.109985,47867400
2023-08-15,446.269989,446.640015,442.299988,442.890015,75707500
2023-08-16,442.459991,444.179993,439.529999,439.640015,80107200
2023-08-17,441.160004,441.429993,435.750000,436.290009,95711300
2023-08-18,433.369995,437.570007,433.010010,436.500000,98852000
2023-08-21,437.549988,440.109985,435.320007,439.339996,68719000
2023-08-22,441.179993,441.179993,437.570007,438.149994,64994200
2023-08-23,439.250000,443.670013,439.100006,443.029999,68441000
2023-08-24,444.690002,445.220001,436.859985,436.890015,88517300
2023-08-25,438.679993,441.299988,435.000000,439.970001,102325100
2023-08-28,442.239990,443.399994,439.970001,442.760010,61595400
2023-08-29,442.649994,449.450012,442.459991,449.160004,83081900
2023-08-30,449.510010,451.670013,448.779999,451.010010,69053900
2023-08-31,451.649994,452.829987,450.160004,450.350006,66084600
2023-09-01,453.170013,453.670013,449.679993,451.190002,58944100
2023-09-05,450.730011,451.059998,449.170013,449.239990,55166200
2023-09-06,448.399994,448.510010,443.809998,446.220001,70758500
2023-09-07,443.109985,445.549988,442.750000,444.850006,70355400
2023-09-08,444.899994,447.109985,444.529999,445.519989,61659700
2023-09-11,448.239990,448.769989,446.470001,448.450012,60180100
2023-09-12,446.950012,448.529999,445.390015,445.989990,67565400
2023-09-13,446.220001,447.709991,445.079987,446.510010,60199300
2023-09-14,449.070007,451.079987,447.720001,450.359985,83430800
2023-09-15,447.140015,447.480011,442.920013,443.369995,111848900
2023-09-18,443.049988,444.970001,442.559998,443.630005,55752200
2023-09-19,442.679993,443.290009,439.940002,442.709991,66514600
2023-09-20,444.010010,444.440002,438.429993,438.640015,82562600
2023-09-21,435.700012,435.970001,431.230011,431.390015,104095800
2023-09-22,432.450012,434.100006,429.989990,430.420013,100829700
2023-09-25,429.170013,432.269989,428.720001,432.230011,70874500
2023-09-26,429.089996,429.820007,425.019989,425.880005,96168400
2023-09-27,427.089996,427.670013,422.290009,426.049988,104705800
2023-09-28,425.480011,430.250000,424.869995,428.519989,92258300
2023-09-29,431.670013,431.850006,425.910004,427.480011,115111300
2023-10-02,426.619995,428.600006,424.459991,427.309998,83798600
2023-10-03,425.059998,427.369995,420.179993,421.589996,103760600
2023-10-04,422.070007,425.429993,420.559998,424.660004,87453000
2023-10-05,424.359985,425.369995,421.170013,424.500000,70142700
2023-10-06,421.970001,431.130005,420.600006,429.540009,113273300
2023-10-09,427.579987,432.880005,427.010010,432.290009,80374400
2023-10-10,432.940002,437.220001,432.529999,434.540009,78607300
2023-10-11,435.640015,436.579987,433.179993,436.320007,62451700
2023-10-12,436.950012,437.339996,431.230011,433.660004,81154200
2023-10-13,435.209991,436.450012,429.880005,431.500000,95143100
2023-10-16,433.820007,437.140015,433.570007,436.040009,75433200
2023-10-17,432.809998,438.140015,432.450012,436.019989,75324700
2023-10-18,434.190002,435.179993,429.089996,430.209991,93559800
2023-10-19,430.950012,432.820007,425.730011,426.429993,121323000
2023-10-20,425.980011,426.540009,421.079987,421.190002,123919900
2023-10-23,419.609985,424.450012,417.799988,420.459991,92035100
2023-10-24,422.649994,424.820007,420.739990,423.630005,78564200
2023-10-25,421.890015,421.920013,417.019989,417.549988,94223200
2023-10-26,416.450012,417.329987,411.600006,412.549988,115156800
2023-10-27,414.190002,414.600006,409.209991,410.679993,107367700
2023-10-30,413.559998,416.679993,412.220001,415.589996,86562700
2023-10-31,416.179993,418.529999,414.209991,418.200012,79665200
2023-11-01,419.200012,423.500000,418.649994,422.660004,98068100
2023-11-02,426.579987,430.920013,426.559998,430.760010,94938900
2023-11-03,433.140015,436.290009,433.010010,434.690002,100167800
2023-11-06,435.470001,436.149994,433.679993,435.690002,67831700
2023-11-07,435.690002,437.589996,434.510010,436.929993,64256100
2023-11-08,437.549988,438.089996,434.869995,437.250000,61746000
2023-11-09,438.429993,438.470001,433.399994,433.839996,83174400
2023-11-10,435.980011,440.929993,433.829987,440.609985,89462200
2023-11-13,439.230011,441.329987,438.420013,440.190002,52236100
2023-11-14,446.320007,450.059998,446.089996,448.730011,97176900
2023-11-15,450.109985,451.380005,448.799988,449.679993,77327600
2023-11-16,449.220001,450.559998,448.119995,450.230011,66665800
2023-11-17,450.239990,451.420013,449.290009,450.790009,83133200
2023-11-20,450.529999,455.130005,450.519989,454.260010,69936200
2023-11-21,453.179993,454.130005,451.959991,453.269989,49244600
2023-11-22,454.980011,456.380005,453.890015,455.019989,59394900
2023-11-24,455.070007,455.500000,454.730011,455.299988,29737400
2023-11-27,454.649994,455.489990,454.079987,454.480011,50506000
2023-11-28,454.079987,456.269989,453.500000,454.929993,62115000
2023-11-29,457.149994,458.320007,454.200012,454.609985,63146000
2023-11-30,455.480011,456.760010,453.339996,456.399994,79752700
2023-12-01,455.769989,459.649994,455.160004,459.100006,89183400
2023-12-04,455.600006,459.119995,454.339996,456.690002,72430900
2023-12-05,455.260010,457.589996,454.869995,456.600006,69793500
2023-12-06,458.809998,458.839996,454.309998,454.760010,69124700
2023-12-07,456.910004,458.899994,456.290009,458.230011,66995400
2023-12-08,457.459991,460.750000,457.209991,460.200012,83194400
2023-12-11,459.690002,462.170013,459.470001,461.989990,65002200
2023-12-12,461.630005,464.200012,460.600006,464.100006,68327600
2023-12-13,464.489990,470.760010,464.119995,470.500000,93278000
2023-12-14,472.500000,473.730011,469.250000,472.010010,119026000
2023-12-15,469.489990,470.700012,467.429993,469.329987,141553700
2023-12-18,470.980011,472.980011,469.890015,471.970001,70375300
2023-12-19,472.529999,474.920013,472.450012,474.839996,55761800
2023-12-20,473.959991,475.899994,467.820007,468.260010,102921000
2023-12-21,471.329987,472.980011,468.839996,472.700012,86667500
2023-12-22,473.859985,475.380005,471.700012,473.649994,67160400
2023-12-26,474.070007,476.579987,473.989990,475.649994,55387000
2023-12-27,475.440002,476.660004,474.890015,476.510010,68000300
2023-12-28,476.880005,477.549988,476.260010,476.690002,77158100
2023-12-29,476.489990,477.029999,473.299988,475.309998,122283100
2024-01-02,472.160004,473.670013,470.489990,472.649994,123623700
2024-01-03,470.429993,471.190002,468.170013,468.790009,103585900
2024-01-04,468.299988,470.959991,467.049988,467.279999,84232200
2024-01-05,467.489990,470.440002,466.429993,467.920013,86118900
2024-01-08,468.429993,474.750000,468.299988,474.600006,74879100
2024-01-09,471.869995,474.929993,471.350006,473.880005,65931400
2024-01-10,474.160004,477.450012,473.869995,476.559998,67310600
2024-01-11,477.589996,478.119995,472.260010,476.350006,77940700
2024-01-12,477.839996,478.600006,475.230011,476.679993,58026400
2024-01-16,475.260010,476.609985,473.059998,474.929993,85014900
2024-01-17,471.820007,472.790009,469.869995,472.290009,68843900
2024-01-18,474.010010,477.059998,472.420013,476.489990,91856200
2024-01-19,477.649994,482.720001,476.540009,482.429993,110834500
2024-01-22,484.010010,485.220001,482.779999,483.450012,75844900
2024-01-23,484.010010,485.109985,482.890015,484.859985,49945300
2024-01-24,487.809998,488.769989,484.880005,485.390015,81765000
2024-01-25,487.579987,488.309998,485.390015,488.029999,72525000
2024-01-26,487.589996,489.119995,486.540009,487.410004,76641600
2024-01-29,487.730011,491.420013,487.170013,491.269989,61322800
2024-01-30,490.559998,491.619995,490.109985,490.890015,58618400
2024-01-31,488.619995,489.079987,482.859985,482.880005,126011100
2024-02-01,484.630005,489.230011,483.799988,489.200012,91891600
2024-02-02,489.649994,496.049988,489.299988,494.350006,99228200
2024-02-05,493.700012,494.380005,490.230011,492.549988,75757100
2024-02-06,493.519989,494.320007,492.049988,493.980011,55918600
2024-02-07,496.290009,498.529999,495.359985,498.100006,70556500
2024-02-08,498.100006,498.709991,497.260010,498.320007,52343600
2024-02-09,498.839996,501.649994,498.489990,501.200012,63979400
2024-02-12,501.170013,503.500000,500.239990,500.980011,56502300
2024-02-13,494.529999,497.089996,490.720001,494.079987,113099200
2024-02-14,496.790009,499.070007,494.399994,498.570007,68387800
2024-02-15,499.290009,502.200012,498.799988,502.010010,61683000
2024-02-16,501.700012,502.869995,498.750000,499.510010,75532900
2024-02-20,497.720001,498.410004,494.450012,496.760010,71736700
2024-02-21,495.420013,497.369995,493.559998,497.209991,59293400
2024-02-22,504.010010,508.489990,503.019989,507.500000,76402500
2024-02-23,509.269989,510.130005,507.100006,507.850006,61321800
2024-02-26,508.299988,508.750000,505.859985,505.989990,50386700
2024-02-27,506.700012,507.160004,504.750000,506.929993,48854500
2024-02-28,505.329987,506.859985,504.959991,506.260010,56506600
2024-02-29,508.070007,509.739990,505.350006,508.079987,83924800
2024-03-01,508.980011,513.289978,508.559998,512.849976,76844800
2024-03-04,512.030029,514.200012,512.000000,512.299988,49799300
2024-03-05,510.239990,510.700012,504.910004,507.179993,72855600
2024-03-06,510.549988,512.070007,508.420013,509.750000,68382400
2024-03-07,513.140015,515.890015,509.809998,514.809998,58652100
2024-03-08,515.460022,518.219971,511.130005,511.720001,86532500
2024-03-11,510.480011,511.880005,508.500000,511.279999,62557200
2024-03-12,513.450012,517.380005,510.859985,516.780029,73114400
2024-03-13,517.109985,517.289978,514.489990,515.969971,55104100
2024-03-14,516.969971,517.130005,511.820007,514.950012,110171800
2024-03-15,510.209991,511.700012,508.119995,509.829987,107646300
2024-03-18,514.000000,515.479980,512.440002,512.859985,88893300
2024-03-19,512.150024,516.000000,511.119995,515.710022,60755300
2024-03-20,515.770020,520.619995,515.080017,520.479980,69594600
2024-03-21,523.390015,524.109985,521.909973,522.200012,60256100
2024-03-22,522.109985,522.609985,520.969971,521.210022,79070800
2024-03-25,519.799988,520.950012,519.609985,519.770020,48512100
2024-03-26,521.229980,521.580017,518.400024,518.809998,65463700
2024-03-27,521.710022,523.210022,519.489990,523.169983,82999800
2024-03-28,523.210022,524.609985,522.780029,523.070007,96294900
2024-04-01,523.830017,524.380005,520.969971,522.159973,62477500
2024-04-02,518.239990,518.979980,516.479980,518.840027,74230300
2024-04-03,517.719971,520.950012,517.669983,519.409973,59155800
2024-04-04,523.520020,523.869995,512.760010,513.070007,96858100
2024-04-05,514.460022,520.440002,514.010010,518.429993,74546500
2024-04-08,519.150024,520.179993,517.890015,518.719971,48401800
2024-04-09,520.500000,520.750000,514.349976,519.320007,68049200
2024-04-10,513.479980,516.159973,512.090027,514.119995,82652800
2024-04-11,515.679993,519.479980,512.080017,518.000000,70099000
2024-04-12,514.369995,515.820007,509.079987,510.850006,92561100
2024-04-15,515.130005,515.299988,503.579987,504.450012,92101400
2024-04-16,504.940002,506.500000,502.209991,503.529999,73484000
2024-04-17,506.049988,506.220001,499.119995,500.549988,75910300
2024-04-18,501.980011,504.130005,498.559998,499.519989,74548100
2024-04-19,499.440002,500.459991,493.859985,495.160004,102212600
2024-04-22,497.829987,502.380005,495.429993,499.720001,67961000
2024-04-23,501.779999,506.089996,499.529999,505.649994,64633600
2024-04-24,506.559998,507.369995,503.130005,505.410004,55928100
2024-04-25,499.179993,504.269989,497.489990,503.489990,69122400
2024-04-26,506.350006,509.880005,505.700012,508.260010,64306100
2024-04-29,510.089996,510.750000,507.250000,510.059998,46415400
2024-04-30,508.559998,509.559998,501.980011,501.980011,77483600
2024-05-01,501.380005,508.190002,499.869995,500.350006,80242800
2024-05-02,504.149994,505.890015,499.549988,505.029999,62550200
2024-05-03,511.160004,512.549988,508.559998,511.290009,72756700
2024-05-06,513.750000,516.609985,513.299988,516.570007,47264700
2024-05-07,517.559998,518.570007,516.450012,517.140015,52561300
2024-05-08,515.260010,517.739990,515.140015,517.190002,42047200
2024-05-09,517.380005,520.210022,516.710022,520.169983,43643700
2024-05-10,521.809998,522.640015,519.590027,520.840027,52233200
2024-05-13,522.559998,522.669983,519.739990,520.909973,36716400
2024-05-14,521.109985,523.830017,520.559998,523.299988,57535900
2024-05-15,525.830017,530.080017,525.179993,529.780029,59504900
2024-05-16,529.880005,531.520020,528.539978,528.690002,50244800
2024-05-17,528.809998,529.520020,527.320007,529.450012,59187600
2024-05-20,529.570007,531.559998,529.169983,530.059998,37764200
2024-05-21,529.280029,531.520020,529.070007,531.359985,33437000
2024-05-22,530.650024,531.380005,527.599976,529.830017,48390000
2024-05-23,532.960022,533.070007,524.719971,525.960022,57211200
2024-05-24,527.849976,530.270020,526.880005,529.440002,41291100
2024-05-28,530.270020,530.510010,527.109985,529.809998,36269600
2024-05-29,525.679993,527.309998,525.369995,526.099976,45190300
2024-05-30,524.520020,525.200012,521.330017,522.609985,46377600
2024-05-31,523.590027,527.500000,518.359985,527.369995,90785800
2024-06-03,529.020020,529.309998,522.599976,527.799988,46835700
2024-06-04,526.460022,529.150024,524.960022,528.390015,34632700
2024-06-05,530.770020,534.690002,528.729980,534.669983,47610400
2024-06-06,534.979980,535.419983,532.679993,534.659973,30808500
2024-06-07,533.659973,536.890015,532.539978,534.010010,43224500
2024-06-10,533.179993,535.989990,532.570007,535.659973,35686100
2024-06-11,534.070007,537.010010,532.049988,536.950012,36383400
2024-06-12,541.630005,544.119995,540.299988,541.359985,63251300
2024-06-13,543.150024,543.330017,539.590027,542.450012,44760900
2024-06-14,540.880005,542.809998,539.849976,542.780029,40089900
2024-06-17,542.080017,548.530029,541.609985,547.099976,55839500
2024-06-18,547.159973,548.619995,546.729980,548.489990,41376400
2024-06-20,549.440002,550.119995,545.179993,547.000000,70328200
2024-06-21,544.400024,545.650024,543.020020,544.510010,64338600
2024-06-24,544.330017,546.950012,542.619995,542.739990,45528700
2024-06-25,543.989990,545.200012,542.440002,544.830017,37936200
2024-06-26,543.690002,546.239990,543.030029,545.510010,38550600
2024-06-27,545.369995,546.960022,544.609985,546.369995,35041500
2024-06-28,547.159973,550.280029,542.950012,544.219971,76144500
2024-07-01,545.630005,545.880005,542.520020,545.340027,40297800
2024-07-02,543.700012,549.010010,543.650024,549.010010,40434800
2024-07-03,548.690002,551.830017,548.650024,551.460022,32789900
2024-07-05,551.770020,555.049988,551.119995,554.640015,41488400
2024-07-08,555.440002,556.250000,554.190002,555.280029,36110500
2024-07-09,556.260010,557.179993,555.520020,555.820007,27289700
2024-07-10,557.070007,561.669983,556.770020,561.320007,38701200
2024-07-11,561.440002,562.330017,555.830017,556.479980,53054200
2024-07-12,557.630005,563.669983,557.150024,559.989990,53084400
2024-07-15,562.030029,564.840027,559.630005,561.530029,40584300
2024-07-16,562.869995,565.159973,562.099976,564.859985,36475300
2024-07-17,558.799988,560.510010,556.609985,556.940002,57119000
2024-07-18,558.510010,559.520020,550.429993,552.659973,56270400
2024-07-19,552.419983,554.080017,547.909973,548.989990,65509100
2024-07-22,553.000000,555.270020,551.020020,554.650024,43346700
2024-07-23,554.539978,556.739990,553.280029,553.780029,34439600
2024-07-24,548.859985,549.169983,540.289978,541.229980,74515300
2024-07-25,541.349976,547.460022,537.450012,538.409973,61158300
2024-07-26,542.280029,547.190002,541.489990,544.440002,53763800
2024-07-29,546.020020,547.049988,542.719971,544.760010,39515800
2024-07-30,546.260010,547.340027,538.520020,542.000000,46853600
2024-07-31,548.979980,553.500000,547.580017,550.809998,65663400
2024-08-01,552.570007,554.869995,539.429993,543.010010,76428700
2024-08-02,535.750000,536.989990,528.599976,532.900024,82789100
2024-08-05,511.640015,523.580017,510.269989,517.380005,146267400
2024-08-06,519.219971,529.750000,517.869995,522.150024,84826300
2024-08-07,528.469971,531.590027,518.049988,518.659973,70698300
2024-08-08,523.909973,531.289978,521.840027,530.650024,63276600
2024-08-09,529.809998,534.510010,528.559998,532.989990,45619600
2024-08-12,534.210022,535.729980,530.950012,533.270020,42542100
2024-08-13,536.530029,542.280029,536.280029,542.039978,52333100
2024-08-14,542.849976,544.960022,540.119995,543.750000,42446900
2024-08-15,549.500000,553.359985,548.880005,553.070007,60846800
2024-08-16,551.419983,555.020020,551.260010,554.309998,44430700
2024-08-19,554.729980,559.609985,553.859985,559.609985,39121800
2024-08-20,559.150024,560.840027,557.330017,558.700012,33732300
2024-08-21,559.770020,562.109985,554.729980,560.619995,41514600
2024-08-22,562.559998,563.179993,554.979980,556.219971,56121500
2024-08-23,559.530029,563.090027,557.289978,562.130005,50639400
2024-08-26,563.179993,563.909973,559.049988,560.789978,35788600
2024-08-27,559.489990,562.059998,558.320007,561.559998,32693900
2024-08-28,561.210022,561.650024,555.039978,558.299988,41066000
2024-08-29,560.309998,563.679993,557.179993,558.349976,38715200
2024-08-30,560.770020,564.200012,557.140015,563.679993,62700100
2024-09-03,560.469971,560.809998,549.510010,552.080017,60600100
2024-09-04,550.200012,554.429993,549.460022,550.950012,47224900
2024-09-05,550.890015,553.799988,547.099976,549.609985,44264300
2024-09-06,549.940002,551.599976,539.440002,540.359985,68493800
2024-09-09,544.650024,547.710022,542.679993,546.409973,40445800
2024-09-10,548.359985,549.150024,543.380005,548.789978,36394600
2024-09-11,548.700012,555.359985,539.960022,554.419983,75248600
2024-09-12,555.010010,559.400024,552.739990,559.090027,51819600
2024-09-13,559.710022,563.030029,559.450012,562.010010,39310500
2024-09-16,561.739990,563.109985,559.900024,562.840027,36656100
2024-09-17,565.099976,566.580017,560.789978,563.070007,49321000
2024-09-18,563.739990,568.690002,560.830017,561.400024,59044900
2024-09-19,571.010010,572.880005,568.080017,570.979980,75315500
2024-09-20,567.840027,569.309998,565.169983,568.250000,77503100
2024-09-23,569.340027,570.330017,568.099976,569.669983,44116900
2024-09-24,570.479980,571.359985,567.599976,571.299988,46805700
2024-09-25,571.140015,571.890015,568.909973,570.039978,38428600
2024-09-26,574.380005,574.710022,569.900024,572.299988,48336000
2024-09-27,573.390015,574.219971,570.419983,571.469971,42100900
2024-09-30,570.419983,574.380005,568.080017,573.760010,63557400
2024-10-01,573.400024,574.059998,566.000000,568.619995,72668800
2024-10-02,567.710022,569.900024,565.270020,568.859985,38097800
2024-10-03,567.359985,569.799988,565.489990,567.820007,40846500
2024-10-04,572.349976,573.359985,568.099976,572.979980,42939100
2024-10-07,571.299988,571.960022,566.630005,567.799988,49964700
2024-10-08,570.419983,573.780029,569.530029,573.169983,37398700
2024-10-09,573.159973,577.710022,572.549988,577.140015,37912200
2024-10-10,575.770020,577.580017,574.489990,576.130005,44138100
2024-10-11,576.049988,580.330017,575.909973,579.580017,42268000
2024-10-14,581.219971,585.270020,580.729980,584.320007,36217200
2024-10-15,584.590027,584.900024,578.539978,579.780029,54203600
2024-10-16,579.780029,582.830017,578.960022,582.299988,30725400
2024-10-17,585.909973,586.119995,582.159973,582.349976,34393700
2024-10-18,584.070007,585.390015,582.580017,584.590027,37416800
2024-10-21,583.849976,584.849976,580.599976,583.630005,36439000
2024-10-22,581.049988,584.500000,580.380005,583.320007,34183800
2024-10-23,581.260010,581.710022,574.419983,577.989990,49314600
2024-10-24,579.979980,580.059998,576.570007,579.239990,34979900
2024-10-25,581.510010,584.460022,578.080017,579.039978,47268200
2024-10-28,582.580017,582.710022,580.520020,580.830017,30174700
2024-10-29,579.849976,582.909973,578.429993,581.770020,42899700
2024-10-30,581.289978,583.320007,579.289978,580.010010,41435800
2024-10-31,575.559998,575.630005,568.440002,568.640015,60182500
2024-11-01,571.320007,575.549988,570.619995,571.039978,45667500
2024-11-04,571.179993,572.500000,567.890015,569.809998,38217000
2024-11-05,570.739990,576.739990,570.520020,576.700012,39478300
2024-11-06,589.200012,591.929993,585.390015,591.039978,68182000
2024-11-07,593.080017,596.650024,593.000000,595.609985,47233200
2024-11-08,596.169983,599.640015,596.169983,598.190002,46444900
2024-11-11,599.809998,600.169983,597.000000,598.760010,37586800
2024-11-12,598.679993,599.289978,594.369995,596.900024,43006100
2024-11-13,597.369995,599.229980,594.960022,597.190002,47388600
2024-11-14,597.320007,597.809998,592.650024,593.349976,38904100
2024-11-15,589.719971,590.200012,583.859985,585.750000,75988800
2024-11-18,586.219971,589.489990,585.340027,588.150024,37001700
2024-11-19,584.710022,591.039978,584.030029,590.299988,49412000
2024-11-20,590.380005,590.789978,584.630005,590.500000,50032600
2024-11-21,593.400024,595.119995,587.450012,593.669983,46750300
2024-11-22,593.659973,596.150024,593.150024,595.510010,38226400
2024-11-25,599.520020,600.859985,595.200012,597.530029,42441400
2024-11-26,598.799988,601.330017,598.070007,600.650024,45621300
2024-11-27,600.460022,600.849976,597.280029,598.830017,34000200
2024-11-29,599.659973,603.349976,599.380005,602.549988,30177400
2024-12-02,602.969971,604.320007,602.469971,603.630005,31746000
2024-12-03,603.390015,604.159973,602.340027,603.909973,26906600
2024-12-04,605.630005,607.909973,604.950012,607.659973,42787600
2024-12-05,607.659973,608.479980,606.299988,606.659973,28762200
2024-12-06,607.440002,609.070007,607.020020,607.809998,31241500
2024-12-09,607.690002,607.859985,604.080017,604.679993,34742700
2024-12-10,605.369995,605.799988,602.130005,602.799988,37234500
2024-12-11,605.780029,608.429993,605.500000,607.460022,28677700
2024-12-12,606.580017,607.159973,604.330017,604.330017,31543800
2024-12-13,606.400024,607.130005,602.809998,604.210022,35904700
2024-12-16,606.000000,607.780029,605.210022,606.789978,43695200
2024-12-17,604.190002,605.169983,602.890015,604.289978,55773500
2024-12-18,603.979980,606.409973,585.890015,586.280029,108248700
2024-12-19,591.359985,593.000000,585.849976,586.099976,85919500
2024-12-20,581.770020,595.750000,580.909973,591.150024,125716700
2024-12-23,590.890015,595.299988,587.659973,594.690002,57635800
2024-12-24,596.059998,601.340027,595.469971,601.299988,33160100
2024-12-26,599.500000,602.479980,598.080017,601.340027,41219100
2024-12-27,597.539978,597.780029,590.760010,595.010010,64969300
2024-12-30,587.890015,591.739990,584.409973,588.219971,56578800
2024-12-31,589.909973,590.640015,584.419983,586.080017,57052700
2025-01-02,589.390015,591.130005,580.500000,584.640015,50204000
2025-01-03,587.530029,592.599976,586.429993,591.950012,37888500
2025-01-06,596.270020,599.700012,593.599976,595.359985,47679400
2025-01-07,597.419983,597.750000,586.780029,588.630005,60393100
2025-01-08,588.700012,590.580017,585.200012,589.489990,47304700
2025-01-10,585.880005,585.950012,578.549988,580.489990,73105000
2025-01-13,575.770020,581.750000,575.349976,581.390015,47910100
2025-01-14,584.359985,585.000000,578.349976,582.190002,48420600
2025-01-15,590.330017,593.940002,589.200012,592.780029,56900200
2025-01-16,594.169983,594.349976,590.929993,591.640015,43319700
2025-01-17,596.960022,599.359985,595.609985,597.580017,58070600
2025-01-21,600.669983,603.059998,598.669983,603.049988,42532900
2025-01-22,605.919983,607.820007,605.359985,606.440002,48196000
2025-01-23,605.799988,609.750000,605.520020,609.750000,41152100
2025-01-24,609.809998,610.780029,606.799988,607.969971,34604700
2025-01-27,594.809998,599.690002,594.640015,599.369995,70361100
2025-01-28,600.619995,605.369995,597.250000,604.520020,44433300
2025-01-29,603.719971,604.130005,599.219971,601.809998,37177400
2025-01-30,603.960022,606.599976,600.719971,605.039978,39281300
2025-01-31,607.500000,609.960022,601.049988,601.820007,66566900
2025-02-03,592.669983,600.289978,590.489990,597.770020,65857200
2025-02-04,597.830017,602.299988,597.280029,601.780029,33457800
2025-02-05,600.640015,604.369995,598.580017,604.219971,30653100
2025-02-06,605.989990,606.450012,602.630005,606.320007,35771500
2025-02-07,606.890015,608.130005,600.049988,600.770020,50788500
2025-02-10,604.030029,605.500000,602.739990,604.849976,26048700
2025-02-11,602.549988,605.859985,602.429993,605.309998,30056700
2025-02-12,599.200012,604.549988,598.510010,603.359985,45076100
2025-02-13,604.479980,609.940002,603.200012,609.729980,40921300
2025-02-14,609.940002,610.989990,609.070007,609.700012,26910400
2025-02-18,610.880005,611.489990,608.380005,611.489990,26749000
2025-02-19,610.080017,613.229980,609.559998,612.929993,31011100
2025-02-20,611.539978,611.679993,607.020020,610.380005,36554000
2025-02-21,610.159973,610.299988,599.469971,599.940002,76519800
2025-02-24,602.020020,603.030029,596.489990,597.210022,50737200
2025-02-25,597.150024,597.890015,589.559998,594.239990,58266500
2025-02-26,595.929993,599.580017,591.859985,594.539978,43321600
2025-02-27,596.849976,598.020020,584.650024,585.049988,74196700
2025-02-28,585.559998,594.719971,582.440002,594.179993,88744100
2025-03-03,596.179993,597.340027,579.900024,583.770020,74249200
2025-03-04,579.710022,585.390015,572.250000,576.859985,109648200
2025-03-05,576.690002,584.880005,573.080017,583.059998,71230500
2025-03-06,575.479980,580.169983,570.119995,572.710022,80094900
2025-03-07,570.900024,577.390015,565.630005,575.919983,81158800
2025-03-10,567.590027,569.539978,555.590027,560.580017,99326600
2025-03-11,559.400024,564.020020,552.020020,555.919983,88102100
2025-03-12,562.169983,563.109985,553.690002,558.869995,69588200
2025-03-13,558.489990,559.109985,549.679993,551.419983,74079400
2025-03-14,556.109985,563.830017,551.489990,562.809998,62660300
2025-03-17,562.789978,569.710022,562.349976,567.150024,49008700
2025-03-18,564.799988,565.020020,559.059998,561.020020,66041400
2025-03-19,562.830017,570.950012,561.630005,567.130005,66556000
2025-03-20,563.330017,570.570007,562.599976,565.489990,62958200
2025-03-21,559.280029,564.890015,558.030029,563.979980,83763000
2025-03-24,570.799988,575.150024,570.200012,574.080017,58766800
2025-03-25,575.299988,576.409973,573.690002,575.460022,38355700
2025-03-26,575.190002,576.330017,567.190002,568.590027,51848300
2025-03-27,567.179993,570.900024,564.940002,567.080017,42164200
2025-03-28,565.530029,566.270020,555.070007,555.659973,71662700
2025-03-31,549.830017,560.710022,546.869995,559.390015,95328200
2025-04-01,557.450012,562.940002,553.679993,560.969971,54609600
2025-04-02,555.049988,567.419983,554.809998,564.520020,76014500
2025-04-03,545.109985,547.969971,536.700012,536.700012,125986000
2025-04-04,523.669983,525.869995,505.059998,505.279999,217965100
2025-04-07,489.190002,523.169983,481.799988,504.380005,256611400
2025-04-08,521.859985,524.979980,489.160004,496.480011,165816600
2025-04-09,493.440002,548.619995,493.049988,548.619995,241867300
2025-04-10,532.169983,533.500000,509.320007,524.580017,162331200
2025-04-11,523.010010,536.429993,520.070007,533.940002,97866300
2025-04-14,544.049988,544.280029,533.859985,539.119995,68034000
2025-04-15,539.669983,543.229980,536.809998,537.609985,56892900
2025-04-16,531.679993,537.890015,520.289978,525.659973,83484800
2025-04-17,527.640015,531.169983,523.909973,526.409973,79868100
2025-04-21,521.159973,521.700012,508.459991,513.880005,69368100
2025-04-22,520.140015,529.299988,519.190002,527.250000,75948100
2025-04-23,540.429993,545.429993,533.880005,535.419983,90590700
2025-04-24,536.719971,547.429993,535.450012,546.690002,64150400
2025-04-25,546.650024,551.049988,543.690002,550.640015,61119600
2025-04-28,551.390015,553.549988,545.020020,550.849976,47613800
2025-04-29,548.909973,555.450012,548.549988,554.320007,47775100
2025-04-30,547.570007,556.520020,541.520020,554.539978,93101500
2025-05-01,560.369995,564.070007,557.859985,558.469971,63186100
2025-05-02,564.729980,568.380005,562.380005,566.760010,60717300
2025-05-05,562.570007,566.650024,561.700012,563.510010,38659200
2025-05-06,557.929993,563.349976,556.960022,558.799988,48264700
2025-05-07,560.150024,563.820007,556.039978,561.150024,55588000
2025-05-08,565.239990,570.309998,561.700012,565.059998,65130800
2025-05-09,566.479980,567.500000,562.760010,564.340027,37603400
2025-05-12,581.469971,583.000000,577.039978,582.989990,78993600
2025-05-13,583.409973,589.080017,582.840027,586.840027,67947200
2025-05-14,587.809998,588.979980,585.539978,587.590027,66283500
2025-05-15,585.559998,590.969971,585.099976,590.460022,71268100
2025-05-16,591.250000,594.500000,589.280029,594.200012,76052100
2025-05-19,588.099976,595.539978,588.099976,594.849976,68168500
2025-05-20,593.090027,594.049988,589.599976,592.849976,60614500
2025-05-21,588.440002,592.580017,581.820007,582.859985,95197700
2025-05-22,582.659973,586.619995,581.409973,583.090027,70860400
2025-05-23,575.979980,581.809998,575.599976,579.109985,76029000
2025-05-27,586.070007,591.309998,578.429993,591.150024,72588500
2025-05-28,591.559998,592.770020,586.989990,587.729980,68445500
2025-05-29,593.059998,593.200012,586.070007,590.049988,69973300
2025-05-30,588.929993,591.130005,583.239990,589.390015,90601200
2025-06-02,587.760010,592.789978,585.059998,592.710022,61630500
2025-06-03,592.340027,597.080017,591.849976,596.090027,63606200
2025-06-04,596.960022,597.950012,595.489990,595.929993,57314200
2025-06-05,597.630005,599.000000,591.049988,593.049988,92278700
2025-06-06,598.659973,600.830017,596.859985,599.140015,66588700
2025-06-09,599.719971,601.250000,598.489990,599.679993,53016400
2025-06-10,600.219971,603.469971,599.090027,603.080017,66247000
2025-06-11,604.190002,605.059998,599.270020,601.359985,73658200
2025-06-12,600.010010,603.750000,599.520020,603.750000,64129000
2025-06-13,598.500000,601.849976,595.479980,597.000000,89506000
2025-06-16,600.400024,604.450012,600.219971,602.679993,79984100
2025-06-17,600.210022,601.750000,596.760010,597.530029,82209400
2025-06-18,598.440002,601.219971,596.469971,597.440002,76605000
2025-06-20,598.380005,599.460022,592.859985,594.280029,94051400
2025-06-23,595.039978,600.539978,591.890015,600.150024,87426000
2025-06-24,604.330017,607.849976,603.409973,606.780029,67735300
2025-06-25,607.909973,608.609985,605.539978,607.119995,62114800
2025-06-26,608.989990,612.309998,608.369995,611.869995,78548400
2025-06-27,612.880005,616.390015,610.830017,614.909973,86258400
2025-06-30,617.380005,619.219971,615.039978,617.849976,92502500
2025-07-01,616.359985,618.830017,615.520020,617.650024,70030100
2025-07-02,617.239990,620.489990,616.609985,620.450012,66510400
2025-07-03,622.450012,626.280029,622.429993,625.340027,51065800
2025-07-07,623.359985,624.030029,617.869995,620.679993,74814500
2025-07-08,621.349976,622.109985,619.520020,620.340027,59024600
2025-07-09,622.770020,624.719971,620.909973,624.059998,66113300
2025-07-10,624.200012,626.869995,623.010010,625.820007,57529000
2025-07-11,622.739990,624.859985,621.530029,623.619995,63670200
2025-07-14,623.159973,625.159973,621.799988,624.809998,51898500
2025-07-15,627.520020,627.859985,622.059998,622.140015,74317300
2025-07-16,623.739990,624.729980,618.049988,624.219971,88987500
2025-07-17,624.400024,628.400024,624.179993,628.039978,68885700
2025-07-18,629.299988,629.469971,626.460022,627.580017,65621600
2025-07-21,628.770020,631.539978,628.340027,628.770020,63375000
2025-07-22,629.099976,629.729980,626.190002,628.859985,60046300
2025-07-23,631.549988,634.210022,629.729980,634.210022,70511000
2025-07-24,634.599976,636.150024,633.989990,634.419983,71307100
2025-07-25,635.090027,637.580017,634.840027,637.099976,56865400
2025-07-28,637.479980,638.039978,635.539978,636.940002,54917100
2025-07-29,638.349976,638.669983,634.340027,635.260010,60556300
2025-07-30,635.919983,637.679993,631.539978,634.460022,80418900
2025-07-31,639.460022,639.849976,630.770020,632.080017,103385200
2025-08-01,626.299988,626.340027,619.289978,621.719971,140103600
2025-08-04,625.669983,631.219971,625.580017,631.169983,73218000
2025-08-05,631.789978,632.609985,627.039978,627.969971,68051400
2025-08-06,629.049988,633.440002,628.130005,632.780029,64357500
2025-08-07,636.239990,636.979980,629.109985,632.250000,74205800
2025-08-08,634.059998,637.650024,633.739990,637.179993,64051600
2025-08-11,637.460022,638.950012,634.659973,635.919983,58742300
2025-08-12,638.289978,642.849976,636.789978,642.690002,64730800
2025-08-13,644.909973,646.190002,642.679993,644.890015,60092800
2025-08-14,642.789978,645.619995,642.340027,644.950012,59327500
2025-08-15,645.989990,646.090027,642.520020,643.440002,68592500
2025-08-18,642.859985,644.000000,642.179993,643.299988,43804900
2025-08-19,643.119995,644.109985,638.479980,639.809998,69750700
2025-08-20,639.400024,639.659973,632.950012,638.109985,88890300
2025-08-21,636.280029,637.969971,633.809998,635.549988,54805800
2025-08-22,637.760010,646.500000,637.250000,645.309998,84083200
2025-08-25,644.039978,645.289978,642.349976,642.469971,51274300
2025-08-26,642.200012,645.510010,641.570007,645.159973,51581600
2025-08-27,644.570007,647.369995,644.419983,646.630005,48341100
2025-08-28,647.239990,649.479980,645.340027,648.919983,61519500
2025-08-29,647.469971,647.840027,643.140015,645.049988,74522200
2025-09-02,637.500000,640.489990,634.919983,640.270020,81983500
2025-09-03,642.669983,644.210022,640.460022,643.739990,70820900
2025-09-04,644.419983,649.150024,643.510010,649.119995,65219200
2025-09-05,651.479980,652.210022,643.330017,647.239990,85178900
2025-09-08,648.619995,649.840027,647.229980,648.830017,63133100
2025-09-09,648.969971,650.859985,647.219971,650.330017,66133900
2025-09-10,653.619995,654.549988,650.630005,652.210022,78034500
2025-09-11,654.179993,658.330017,653.590027,657.630005,69934400
2025-09-12,657.599976,659.109985,656.900024,657.409973,72780100
2025-09-15,659.640015,661.039978,659.340027,660.909973,63772400
2025-09-16,661.469971,661.780029,659.210022,660.000000,61169000
2025-09-17,660.010010,661.719971,654.299988,659.179993,101952200
2025-09-18,661.890015,664.890015,660.270020,662.260010,90459200
2025-09-19,662.330017,664.549988,660.369995,663.700012,97945600
2025-09-22,662.200012,667.289978,662.169983,666.840027,69452200
2025-09-23,666.719971,667.340027,661.979980,663.210022,81708900
2025-09-24,664.510010,664.609985,659.669983,661.099976,68082200
2025-09-25,657.940002,659.409973,654.409973,658.049988,89622100
2025-09-26,659.510010,662.369995,657.880005,661.820007,69179200
2025-09-29,664.359985,665.280029,661.859985,663.679993,73499000
2025-09-30,662.929993,666.650024,661.609985,666.179993,86288000
2025-10-01,663.169983,669.369995,663.059998,668.450012,72545400
2025-10-02,670.450012,670.570007,666.780029,669.219971,56896000
2025-10-03,669.989990,672.679993,668.159973,669.210022,70494400
2025-10-06,671.619995,672.510010,669.460022,671.609985,54623300
2025-10-07,672.539978,672.989990,667.669983,669.119995,72020100
2025-10-08,670.250000,673.210022,669.419983,673.109985,60702200
2025-10-09,673.530029,673.940002,669.210022,671.159973,66501900
2025-10-10,672.130005,673.950012,652.840027,653.020020,159422600
2025-10-13,660.650024,665.130005,659.770020,663.039978,79560500
2025-10-14,657.169983,665.830017,653.169983,662.229980,88779600
2025-10-15,666.820007,670.229980,658.929993,665.169983,81702600
2025-10-16,666.820007,668.710022,657.109985,660.640015,110563300
2025-10-17,659.500000,665.760010,658.140015,664.390015,96500900
2025-10-20,667.320007,672.210022,667.270020,671.299988,60493400
2025-10-21,671.440002,672.989990,669.979980,671.289978,56249000
2025-10-22,672.000000,672.000000,663.299988,667.799988,80564000
2025-10-23,668.119995,672.710022,667.799988,671.760010,65604500
2025-10-24,676.460022,678.469971,675.650024,677.250000,74356500
2025-10-27,682.729980,685.539978,682.119995,685.239990,63339800
2025-10-28,687.049988,688.909973,684.830017,687.059998,61738100
2025-10-29,688.719971,689.700012,682.869995,687.390015,85657100
2025-10-30,683.900024,685.940002,679.830017,679.830017,76335800
2025-10-31,685.039978,685.080017,679.239990,682.059998,87164100
2025-11-03,685.669983,685.799988,679.940002,683.340027,57315000
2025-11-04,676.109985,679.960022,674.580017,675.239990,78427000
2025-11-05,674.979980,680.859985,674.169983,677.580017,74402400
2025-11-06,676.469971,677.380005,668.719971,670.309998,85035300
2025-11-07,667.909973,671.080017,661.210022,670.969971,100592400
2025-11-10,677.239990,682.179993,675.030029,681.440002,75842900
2025-11-11,679.950012,683.570007,678.729980,683.000000,58953400
2025-11-12,684.789978,684.960022,680.950012,683.380005,62312500
2025-11-13,680.500000,680.859985,670.520020,672.039978,103457800
2025-11-14,665.380005,675.659973,663.270020,671.929993,96846700
2025-11-17,669.700012,673.710022,662.169983,665.669983,90456100
2025-11-18,662.099976,665.119995,655.859985,660.080017,114467500
2025-11-19,660.780029,667.340027,658.750000,662.630005,94703000
2025-11-20,672.909973,675.559998,651.890015,652.530029,165293500
2025-11-21,655.049988,664.549988,650.849976,659.030029,123956200
2025-11-24,662.690002,670.059998,661.590027,668.729980,80437900
2025-11-25,668.630005,676.210022,664.479980,675.020020,81077100
2025-11-26,677.630005,681.700012,676.719971,679.679993,71879600
2025-11-28,680.859985,683.669983,680.500000,683.390015,49212000
2025-12-01,678.809998,682.989990,678.739990,680.270020,61201200
2025-12-02,681.919983,683.820007,679.330017,681.530029,62953800
2025-12-03,680.570007,684.909973,679.690002,683.890015,57238500
2025-12-04,685.299988,685.369995,681.340027,684.390015,61970300
2025-12-05,685.469971,688.390015,684.580017,685.690002,79241000
2025-12-08,686.590027,686.640015,681.570007,683.630005,55231500
2025-12-09,683.150024,685.390015,682.590027,683.039978,58310100
2025-12-10,682.559998,688.969971,681.309998,687.570007,85671300
2025-12-11,685.140015,689.250000,682.169983,689.169983,86173700
2025-12-12,688.169983,688.880005,679.169983,681.760010,113160300
2025-12-15,685.739990,685.760010,679.250000,680.729980,90811000
2025-12-16,679.229980,681.080017,674.979980,678.869995,122030600
2025-12-17,679.890015,680.440002,671.200012,671.400024,110625200
2025-12-18,677.599976,680.739990,674.900024,676.469971,108650100
2025-12-19,676.590027,681.090027,676.469971,680.590027,103599500
2025-12-22,683.940002,685.359985,680.590027,684.830017,69556700
2025-12-23,683.919983,688.200012,683.869995,687.960022,64840000
2025-12-24,687.950012,690.830017,687.799988,690.380005,39445600
2025-12-26,690.640015,691.659973,689.270020,690.309998,41613300
2025-12-29,687.539978,689.200012,686.070007,687.849976,62559500
2025-12-30,687.450012,688.559998,686.580017,687.010010,47160700
2025-12-31,687.140015,687.359985,681.710022,681.919983,74144800
2026-01-02,685.710022,686.869995,679.820007,683.169983,89377200
2026-01-05,686.539978,689.429993,686.380005,687.719971,71927200
2026-01-06,687.929993,692.320007,687.780029,691.809998,69273800
2026-01-07,692.190002,693.960022,689.320007,689.580017,75588300
2026-01-08,688.820007,690.619995,687.489990,689.510010,64019200
2026-01-09,690.630005,695.309998,689.179993,694.070007,80125500
2026-01-12,690.679993,696.090027,690.630005,695.159973,63976000
2026-01-13,695.489990,696.090027,691.349976,693.770020,78309700
2026-01-14,691.000000,691.719971,686.039978,690.359985,94676700
2026-01-15,694.570007,695.450012,691.250000,692.239990,77862000
2026-01-16,693.659973,694.250000,690.099976,691.659973,79289200
2026-01-20,681.489990,684.770020,676.570007,677.580017,111623300
2026-01-21,679.650024,688.739990,678.130005,685.400024,127844500
2026-01-22,689.849976,691.130005,686.919983,688.979980,77112200
2026-01-23,688.150024,690.960022,687.159973,689.229980,63059600
2026-01-26,690.489990,694.130005,689.919983,692.729980,60473800
2026-01-27,694.179993,696.530029,693.570007,695.489990,55506100
2026-01-28,697.049988,697.840027,693.940002,695.419983,61172200
2026-01-29,696.390015,697.059998,684.830017,694.039978,97486200
2026-01-30,691.789978,694.210022,687.119995,691.969971,101835100
2026-02-02,689.580017,696.929993,689.419983,695.409973,79286500
2026-02-03,696.210022,696.960022,684.030029,689.530029,107904600
2026-02-04,690.349976,691.450012,681.760010,686.190002,105204600
2026-02-05,680.940002,683.690002,675.789978,677.619995,113610800
2026-02-06,681.460022,692.309998,680.849976,690.619995,89127600
2026-02-09,689.419983,695.869995,688.340027,693.950012,73885200
2026-02-10,694.950012,696.539978,691.659973,692.119995,65185700
2026-02-11,696.390015,697.140015,689.179993,691.960022,76353900
2026-02-12,694.239990,695.349976,680.369995,681.270020,118829000
2026-02-13,681.690002,686.280029,677.520020,681.750000,96267500
2026-02-17,680.140015,684.940002,675.780029,682.849976,81354700
2026-02-18,684.020020,689.150024,682.830017,686.289978,73570300
2026-02-19,683.840027,686.179993,681.549988,684.479980,58649400
2026-02-20,682.320007,690.059998,681.729980,689.429993,100034000
2026-02-23,687.830017,690.000000,680.369995,682.390015,90558100
2026-02-24,681.900024,688.349976,680.000000,687.349976,73798700
2026-02-25,690.179993,693.679993,690.099976,693.150024,56369500
2026-02-26,693.280029,693.299988,684.349976,689.299988,71671000
2026-02-27,683.090027,686.859985,681.640015,685.989990,83308900
2026-03-02,678.700012,688.619995,678.020020,686.380005,87477200
2026-03-03,675.059998,682.609985,669.659973,680.330017,105003100
2026-03-04,681.630005,687.090027,679.619995,685.130005,79182200
2026-03-05,682.080017,685.530029,675.609985,681.309998,106606500
2026-03-06,673.409973,676.109985,669.760010,672.380005,100687000
2026-03-09,666.390015,679.919983,662.390015,678.270020,102667700
2026-03-10,677.719971,683.359985,674.760010,677.179993,81505300
2026-03-11,677.580017,680.080017,673.340027,676.330017,68441700
2026-03-12,671.159973,671.650024,665.869995,666.059998,108882200
2026-03-13,669.270020,672.340027,661.359985,662.289978,97200200
2026-03-16,668.380005,672.070007,667.119995,669.030029,82023100
2026-03-17,672.390015,674.440002,669.700012,670.789978,87128000
2026-03-18,668.359985,669.719971,661.190002,661.429993,82062600
2026-03-19,656.969971,662.979980,655.169983,659.799988,111272500
2026-03-20,656.510010,656.690002,644.719971,648.570007,163617500
2026-03-23,658.070007,662.619995,653.940002,655.380005,134802700
2026-03-24,651.320007,657.030029,649.880005,653.179993,96457500
2026-03-25,658.669983,660.890015,654.239990,656.820007,90653800
2026-03-26,652.059998,654.849976,644.820007,645.090027,96494400
2026-03-27,642.500000,642.659973,633.109985,634.090027,103649400
2026-03-30,640.109985,640.369995,629.280029,631.969971,99275900
2026-03-31,638.940002,651.539978,637.979980,650.340027,152534100
2026-04-01,653.900024,658.520020,653.000000,655.239990,97841500
2026-04-02,646.419983,658.200012,645.109985,655.830017,68358700
2026-04-06,655.859985,659.719971,655.520020,658.929993,39105800
2026-04-07,656.650024,659.609985,651.059998,659.219971,69980400
2026-04-08,676.390015,677.080017,671.460022,676.010010,93606100
2026-04-09,674.840027,681.159973,673.770020,679.909973,57134400
2026-04-10,681.320007,682.030029,678.450012,679.460022,42253500
2026-04-13,677.409973,686.299988,676.580017,686.099976,54185800
2026-04-14,687.690002,694.580017,687.659973,694.460022,63480500
2026-04-15,695.260010,700.280029,694.200012,699.940002,58240400
2026-04-16,701.059998,702.780029,698.530029,701.659973,49972400
2026-04-17,706.140015,712.390015,705.760010,710.140015,70661900
2026-04-20,708.780029,709.909973,706.140015,708.719971,43546800
2026-04-21,710.280029,711.280029,702.640015,704.080017,58941400
2026-04-22,709.150024,711.450012,708.219971,711.210022,42518500
2026-04-23,709.500000,712.359985,702.280029,708.450012,56174000
2026-04-24,710.750000,714.469971,709.010010,713.940002,45182000
2026-04-27,713.169983,715.630005,712.299988,715.169983,33135900
2026-04-28,711.820007,712.880005,709.250000,711.690002,43117400
2026-04-29,711.000000,712.200012,708.369995,711.580017,41859200
2026-04-30,714.630005,719.789978,710.450012,718.659973,67240900
2026-05-01,721.250000,724.869995,720.469971,720.650024,43049800
2026-05-04,720.070007,722.119995,714.989990,718.010010,51950600
2026-05-05,721.770020,725.039978,721.489990,723.770020,36933200
2026-05-06,728.159973,734.590027,727.820007,733.830017,53288900
2026-05-07,735.049988,736.130005,729.750000,731.580017,51724600
2026-05-08,734.929993,738.080017,734.570007,737.619995,47227100
2026-05-11,736.450012,740.789978,736.450012,739.299988,44024000
2026-05-12,736.890015,738.840027,731.830017,738.179993,54185300
2026-05-13,738.469971,743.909973,735.469971,742.309998,44200200
2026-05-14,743.650024,749.530029,743.559998,748.169983,45307600
2026-05-15,741.789978,743.460022,737.960022,739.169983,60410800
2026-05-18,739.830017,741.419983,733.390015,738.650024,47843900
2026-05-19,734.780029,737.650024,731.530029,733.729980,54255900
2026-05-20,735.710022,741.869995,733.890015,741.250000,45768000
2026-05-21,738.640015,744.869995,737.030029,742.719971,43332200
2026-05-22,746.239990,748.940002,744.479980,745.640015,41762000
2026-05-26,750.010010,752.130005,748.369995,750.590027,41123600
2026-05-27,750.880005,751.380005,748.219971,750.460022,42106300
2026-05-28,750.250000,755.150024,749.229980,754.599976,41562600
2026-05-29,755.900024,758.080017,754.690002,756.479980,55075700
2026-06-01,755.359985,760.280029,754.690002,758.539978,43634900
2026-06-02,757.030029,760.400024,756.750000,759.570007,31581900
2026-06-03,758.150024,758.799988,753.570007,754.239990,51402500
2026-06-04,752.099976,758.309998,751.469971,757.090027,49923000
2026-06-05,752.309998,752.820007,735.530029,737.549988,93989400
2026-06-08,743.359985,745.340027,738.190002,739.219971,49319100
2026-06-09,743.630005,746.900024,722.590027,737.049988,87683500
2026-06-10,733.390015,738.380005,725.330017,725.429993,60341300
2026-06-11,728.760010,740.000000,724.409973,737.760010,86330500
2026-06-12,740.710022,744.440002,735.030029,741.750000,57079500
2026-06-15,751.849976,756.679993,751.760010,754.830017,60176400
2026-06-16,754.549988,755.440002,749.880005,750.330017,67093100
2026-06-17,751.289978,752.150024,739.219971,740.960022,85945200
2026-06-18,747.760010,748.229980,743.859985,746.739990,80875700
2026-06-22,747.700012,750.179993,743.130005,744.390015,46628100
2026-06-23,733.809998,739.630005,732.299988,733.580017,66846800
2026-06-24,735.169983,739.950012,730.840027,733.239990,57439500
2026-06-25,738.909973,739.369995,729.599976,734.299988,53934400
2026-06-26,728.950012,736.530029,716.580017,728.989990,71034000
2026-06-29,736.530029,741.559998,732.090027,741.000000,58035200
2026-06-30,741.289978,748.020020,740.890015,746.770020,55626000
2026-07-01,745.000000,749.440002,742.380005,745.760010,47100900
2026-07-02,747.400024,751.309998,740.030029,744.780029,57447800
2026-07-06,748.739990,752.409973,747.409973,751.280029,50673300
2026-07-07,750.219971,750.960022,745.210022,747.710022,43721500
2026-07-08,743.159973,746.150024,739.510010,745.400024,43767400
2026-07-09,747.349976,751.969971,745.590027,751.710022,41441700
2026-07-10,752.049988,755.419983,748.099976,754.950012,42191300
2026-07-13,752.469971,753.909973,748.000000,749.169983,44013600
2026-07-14,750.909973,753.340027,748.659973,751.830017,35143100
2026-07-15,754.239990,755.580017,750.200012,754.809998,43844800
2026-07-16,752.760010,754.570007,747.880005,750.719971,46409800
2026-07-17,742.080017,747.289978,740.799988,743.289978,62651000
2026-07-20,747.059998,748.729980,741.510010,742.090027,50422300
2026-07-21,746.289978,749.039978,744.179993,748.280029,34324300
2026-07-22,746.619995,750.020020,746.369995,747.409973,32836200
2026-07-23,739.369995,742.559998,735.210022,738.179993,55437300
2026-07-24,738.510010,743.719971,737.289978,738.929993,44782000
2026-07-27,744.909973,745.530029,735.869995,739.090027,41461200
2026-07-28,739.190002,742.789978,735.979980,740.859985,47322200
2026-07-29,739.969971,742.679993,729.099976,729.460022,70697200
2026-07-30,736.049988,742.450012,734.590027,741.690002,66811300
2026-07-31,744.679993,748.900024,737.679993,747.030029,62445900
2026-08-03,749.440002,758.580017,748.799988,757.669983,59927500
2026-08-04,760.630005,773.409973,760.520020,771.330017,69154800
2026-08-05,775.849976,776.849976,769.510010,769.789978,44689100
2026-08-06,770.210022,771.820007,767.460022,768.559998,38416900
2026-08-07,771.020020,773.919983,769.609985,773.260010,43586300
2026-08-10,772.599976,775.049988,771.619995,773.030029,39249500
2026-08-11,774.530029,774.609985,769.200012,770.559998,36740600
2026-08-12,774.710022,774.900024,771.280029,772.489990,33179100
2026-08-13,774.869995,779.369995,774.109985,777.880005,35634500
2026-08-14,778.539978,778.799988,775.429993,776.340027,31367900
2026-08-17,776.179993,776.780029,772.510010,772.669983,34356600
2026-08-18,768.700012,769.500000,766.919983,767.450012,43920900
2026-08-19,770.359985,772.469971,768.099976,769.059998,40306000
2026-08-20,765.960022,768.150024,762.039978,762.599976,45520300
2026-08-21,766.049988,767.849976,764.169983,765.719971,39188700
2026-08-24,764.780029,765.219971,762.080017,763.469971,32430900
2026-08-25,766.159973,766.780029,763.049988,765.909973,27422300
2026-08-26,764.729980,767.349976,763.929993,766.080017,28751600
2026-08-27,768.500000,772.359985,767.159973,771.099976,34557100
2026-08-28,771.760010,775.299988,768.309998,769.349976,36744300
2026-08-31,767.330017,768.000000,764.719971,767.049988,38810800
2026-09-01,762.010010,764.669983,759.479980,761.780029,41126300
2026-09-02,762.450012,766.429993,761.729980,765.159973,29566200
2026-09-03,767.900024,774.030029,767.450012,773.169983,43531600
2026-09-04,772.010010,772.869995,769.000000,770.190002,34054200
2026-09-08,769.070007,769.700012,765.140015,765.960022,44746100
2026-09-09,764.080017,764.469971,760.940002,762.400024,32812400
2026-09-10,758.030029,760.109985,756.640015,757.830017,42740400
2026-09-11,764.719971,766.380005,763.599976,764.289978,45512700
2026-09-14,759.000000,763.520020,757.929993,760.880005,43992400
2026-09-15,760.119995,760.349976,756.150024,757.390015,46195000
2026-09-16,759.500000,761.669983,749.599976,754.049988,59217700
2026-09-17,763.150024,763.570007,759.960022,762.599976,49652800
2026-09-18,761.309998,762.000000,757.969971,761.690002,65395100
2026-09-21,766.250000,774.890015,766.030029,773.500000,50484700
2026-09-22,774.030029,775.140015,772.570007,773.380005,34802300
2026-09-23,772.789978,773.049988,766.500000,767.809998,54931700
2026-09-24,764.070007,768.950012,763.250000,767.179993,43983700
2026-09-25,768.780029,772.280029,766.289978,771.349976,36666700
2026-09-28,768.349976,769.539978,763.719971,765.609985,42694500
2026-09-29,766.830017,766.979980,762.349976,764.200012,36910500
2026-09-30,766.450012,769.409973,762.179993,762.630005,62110000
2026-10-01,764.359985,765.330017,758.790100,764.530029,35585075
