date,open,high,low,close,volume
2026-07-09T13:30:00Z,747.349976,747.500000,745.679993,747.349976,2486544
2026-07-09T13:35:00Z,747.359985,748.357971,747.099976,748.119995,704785
2026-07-09T13:40:00Z,748.150024,748.510010,747.489990,748.400024,461671
2026-07-09T13:45:00Z,748.400024,748.760010,747.739990,748.109985,475555
2026-07-09T13:50:00Z,748.099976,749.109985,747.815002,748.950012,1449695
2026-07-09T13:55:00Z,748.979980,749.229980,748.559998,748.669983,457388
2026-07-09T14:00:00Z,748.690002,749.020020,748.500977,748.690002,329240
2026-07-09T14:05:00Z,748.669983,748.849976,747.969971,747.969971,423110
2026-07-09T14:10:00Z,747.960022,748.000000,747.270020,747.549988,471240
2026-07-09T14:15:00Z,747.559998,747.559998,745.929993,746.258606,1456170
2026-07-09T14:20:00Z,746.260010,746.989990,745.590027,746.950012,703987
2026-07-09T14:25:00Z,746.929993,748.190002,746.750000,747.879883,697765
2026-07-09T14:30:00Z,747.859985,748.065002,747.099976,747.650024,225965
2026-07-09T14:35:00Z,747.650024,748.479980,747.549988,748.400024,212739
2026-07-09T14:40:00Z,748.400024,748.479980,747.809998,747.880005,192076
2026-07-09T14:45:00Z,747.909973,748.380005,747.840027,748.049988,226563
2026-07-09T14:50:00Z,748.059998,748.059998,747.250000,747.969971,411178
2026-07-09T14:55:00Z,747.960022,748.919983,747.960022,748.729980,314693
2026-07-09T15:00:00Z,748.719971,748.940002,748.599976,748.860107,297352
2026-07-09T15:05:00Z,748.880005,749.559998,748.840027,749.489990,369154
2026-07-09T15:10:00Z,749.500000,749.580017,749.099976,749.200012,293939
2026-07-09T15:15:00Z,749.190002,749.590027,748.979980,749.219971,316150
2026-07-09T15:20:00Z,749.239990,749.960022,749.210022,749.900024,215873
2026-07-09T15:25:00Z,749.908020,749.979980,749.719971,749.799988,324864
2026-07-09T15:30:00Z,749.780029,749.799988,749.484985,749.580017,215318
2026-07-09T15:35:00Z,749.549988,749.880005,749.520020,749.869995,182820
2026-07-09T15:40:00Z,749.869995,750.250000,749.800781,750.109985,263604
2026-07-09T15:45:00Z,750.099976,750.250000,749.929993,750.159973,163099
2026-07-09T15:50:00Z,750.169983,750.200012,749.869995,749.919983,185723
2026-07-09T15:55:00Z,749.919983,750.085022,749.799988,749.869995,193083
2026-07-09T16:00:00Z,749.880005,750.440002,749.869995,750.330017,258866
2026-07-09T16:05:00Z,750.320007,750.570007,750.320007,750.440002,225574
2026-07-09T16:10:00Z,750.460022,750.549988,750.349976,750.525024,183901
2026-07-09T16:15:00Z,750.510010,750.669983,750.380005,750.559387,201571
2026-07-09T16:20:00Z,750.539978,750.820007,750.450012,750.799988,280654
2026-07-09T16:25:00Z,750.789978,750.809998,750.573975,750.640015,1491905
2026-07-09T16:30:00Z,750.640015,750.899902,750.479980,750.479980,266054
2026-07-09T16:35:00Z,750.474976,750.590027,750.330017,750.580017,279523
2026-07-09T16:40:00Z,750.590027,750.789978,750.590027,750.690002,183015
2026-07-09T16:45:00Z,750.690002,750.750000,750.369995,750.479980,181236
2026-07-09T16:50:00Z,750.479980,750.604980,750.359985,750.419983,200371
2026-07-09T16:55:00Z,750.410095,750.494995,750.239990,750.440002,663809
2026-07-09T17:00:00Z,750.450012,750.840027,750.400024,750.719971,174654
2026-07-09T17:05:00Z,750.700012,751.220093,750.640015,751.125000,304715
2026-07-09T17:10:00Z,751.119995,751.390015,751.080017,751.229980,246238
2026-07-09T17:15:00Z,751.229980,751.585022,751.219971,751.539978,168952
2026-07-09T17:20:00Z,751.549988,751.669983,751.380005,751.450012,250581
2026-07-09T17:25:00Z,751.455017,751.789978,751.450012,751.755005,244090
2026-07-09T17:30:00Z,751.760010,751.830017,751.450012,751.630005,300959
2026-07-09T17:35:00Z,751.610474,751.900024,751.590027,751.710022,211758
2026-07-09T17:40:00Z,751.719971,751.799988,751.510010,751.700012,182383
2026-07-09T17:45:00Z,751.710022,751.969971,751.690002,751.840027,272284
2026-07-09T17:50:00Z,751.849976,751.909973,751.679993,751.729980,235938
2026-07-09T17:55:00Z,751.719971,751.750000,751.179993,751.630005,322261
2026-07-09T18:00:00Z,751.625000,751.729980,751.440002,751.525024,292088
2026-07-09T18:05:00Z,751.525024,751.809998,751.510010,751.700012,288164
2026-07-09T18:10:00Z,751.700012,751.830017,751.630005,751.739990,243271
2026-07-09T18:15:00Z,751.739990,751.864990,751.549988,751.630005,219393
2026-07-09T18:20:00Z,751.645020,751.645020,751.340027,751.344971,317386
2026-07-09T18:25:00Z,751.349976,751.450500,751.239990,751.450500,309616
2026-07-09T18:30:00Z,751.450012,751.589478,751.229980,751.270020,282941
2026-07-09T18:35:00Z,751.260010,751.349976,751.102722,751.145020,293451
2026-07-09T18:40:00Z,751.145020,751.330017,751.039978,751.299988,488916
2026-07-09T18:45:00Z,751.289978,751.340027,751.109985,751.289978,354478
2026-07-09T18:50:00Z,751.289978,751.340027,751.109985,751.126587,515492
2026-07-09T18:55:00Z,751.109985,751.130005,750.859985,751.049927,382493
2026-07-09T19:00:00Z,751.049988,751.070007,750.729980,750.830017,407176
2026-07-09T19:05:00Z,750.820129,751.010010,750.660095,750.780029,307281
2026-07-09T19:10:00Z,750.770020,751.030029,750.669983,750.900024,296623
2026-07-09T19:15:00Z,750.900024,751.469971,750.840027,751.299988,386727
2026-07-09T19:20:00Z,751.299988,751.429993,751.140015,751.179993,370584
2026-07-09T19:25:00Z,751.190002,751.260010,751.049988,751.099976,305276
2026-07-09T19:30:00Z,751.090027,751.119995,750.929993,751.094971,435133
2026-07-09T19:35:00Z,751.099976,751.369995,751.090027,751.270020,338426
2026-07-09T19:40:00Z,751.280029,751.479980,751.140015,751.405029,423006
2026-07-09T19:45:00Z,751.400024,751.469971,751.250000,751.250000,666632
2026-07-09T19:50:00Z,751.250000,751.250000,750.830017,750.830017,1824225
2026-07-09T19:55:00Z,750.849976,751.669983,750.840027,751.650024,2520041
2026-07-10T13:30:00Z,752.049988,752.859985,752.010010,752.590027,1607405
2026-07-10T13:35:00Z,752.599976,753.219971,752.479980,752.609985,391046
2026-07-10T13:40:00Z,752.590027,752.640015,751.799988,752.219971,489799
2026-07-10T13:45:00Z,752.219971,753.159973,752.085022,753.030029,343826
2026-07-10T13:50:00Z,753.015015,753.190002,752.659973,752.885010,401390
2026-07-10T13:55:00Z,752.869995,753.234985,752.609985,752.914978,375957
2026-07-10T14:00:00Z,752.919983,753.349976,752.780029,753.119995,310003
2026-07-10T14:05:00Z,753.119995,753.250000,752.490906,753.070007,308962
2026-07-10T14:10:00Z,753.090027,753.140015,752.620117,752.684998,286316
2026-07-10T14:15:00Z,752.697021,752.969971,752.340027,752.679993,339067
2026-07-10T14:20:00Z,752.669983,752.830017,752.109985,752.539978,338961
2026-07-10T14:25:00Z,752.530029,753.135010,752.150024,752.586182,362496
2026-07-10T14:30:00Z,752.585876,753.250000,748.099976,750.900024,2744953
2026-07-10T14:35:00Z,750.979980,752.059998,750.429993,751.690002,744224
2026-07-10T14:40:00Z,751.700012,752.289978,751.309998,752.109985,463649
2026-07-10T14:45:00Z,752.099976,752.469971,751.614990,752.409973,210520
2026-07-10T14:50:00Z,752.409973,752.619995,751.919983,751.950012,342414
2026-07-10T14:55:00Z,751.929993,752.038574,751.080017,751.219910,342347
2026-07-10T15:00:00Z,751.179993,751.440002,750.890015,750.979980,290927
2026-07-10T15:05:00Z,751.000000,751.760010,750.651978,751.760010,223687
2026-07-10T15:10:00Z,751.750000,752.029724,751.619995,751.940002,156974
2026-07-10T15:15:00Z,751.929993,753.159973,751.929993,752.690002,338334
2026-07-10T15:20:00Z,752.700012,753.085022,752.419983,753.030029,208873
2026-07-10T15:25:00Z,753.049988,753.419983,753.030029,753.250000,311585
2026-07-10T15:30:00Z,753.250000,753.390015,752.880005,753.000000,313342
2026-07-10T15:35:00Z,753.049988,753.049988,752.330017,752.429993,244694
2026-07-10T15:40:00Z,752.439880,752.510010,751.380005,752.030029,330081
2026-07-10T15:45:00Z,752.039978,752.679993,751.593689,752.469971,518279
2026-07-10T15:50:00Z,752.450012,752.934998,752.364014,752.849976,152020
2026-07-10T15:55:00Z,752.849976,752.909973,752.510010,752.817505,159677
2026-07-10T16:00:00Z,752.809998,753.349976,752.809998,753.159973,253414
2026-07-10T16:05:00Z,753.179993,753.210022,752.849976,752.960022,205122
2026-07-10T16:10:00Z,752.969971,753.280029,752.840027,753.210022,184791
2026-07-10T16:15:00Z,753.239990,753.690002,753.229980,753.580017,367214
2026-07-10T16:20:00Z,753.580017,753.637512,753.159973,753.380005,240851
2026-07-10T16:25:00Z,753.390015,753.429993,753.169983,753.210022,209731
2026-07-10T16:30:00Z,753.210022,753.590088,753.210022,753.479980,313520
2026-07-10T16:35:00Z,753.489990,753.590027,753.030029,753.289978,245833
2026-07-10T16:40:00Z,753.289978,753.650024,753.250000,753.619995,180911
2026-07-10T16:45:00Z,753.609985,753.929993,753.590027,753.820007,342896
2026-07-10T16:50:00Z,753.815002,754.049988,753.780029,753.979980,448965
2026-07-10T16:55:00Z,753.970276,754.140015,753.849976,754.010010,211146
2026-07-10T17:00:00Z,754.010010,754.030029,753.609985,753.710022,181495
2026-07-10T17:05:00Z,753.719971,753.830017,753.630005,753.640015,134399
2026-07-10T17:10:00Z,753.645630,753.840027,753.479980,753.804016,139771
2026-07-10T17:15:00Z,753.780029,754.039978,753.760010,753.859985,2138956
2026-07-10T17:20:00Z,753.859985,754.000000,753.840027,753.969971,145929
2026-07-10T17:25:00Z,753.969971,754.059998,753.896606,754.010010,192008
2026-07-10T17:30:00Z,754.020020,754.164978,753.875000,754.019897,222825
2026-07-10T17:35:00Z,754.015015,754.409973,753.979980,754.245972,309887
2026-07-10T17:40:00Z,754.229980,754.320007,754.080017,754.114990,225041
2026-07-10T17:45:00Z,754.119995,754.330017,754.109985,754.289978,169081
2026-07-10T17:50:00Z,754.299988,754.380005,754.239990,754.270020,161166
2026-07-10T17:55:00Z,754.260010,754.299988,753.929993,753.989990,200422
2026-07-10T18:00:00Z,754.000000,754.179993,753.929993,754.059998,453796
2026-07-10T18:05:00Z,754.059998,754.320007,754.059998,754.239990,267686
2026-07-10T18:10:00Z,754.250000,754.599976,754.210022,754.289978,309509
2026-07-10T18:15:00Z,754.280029,754.340027,754.119995,754.219971,219111
2026-07-10T18:20:00Z,754.210022,754.390015,754.080017,754.315002,245144
2026-07-10T18:25:00Z,754.315002,754.719971,754.315002,754.429993,380133
2026-07-10T18:30:00Z,754.419983,754.580017,754.359985,754.510010,230429
2026-07-10T18:35:00Z,754.520020,754.530029,754.309998,754.409973,196853
2026-07-10T18:40:00Z,754.419983,754.619995,754.369995,754.507507,246786
2026-07-10T18:45:00Z,754.489990,754.599976,754.469971,754.510010,214333
2026-07-10T18:50:00Z,754.515808,754.619995,754.450012,754.570007,210078
2026-07-10T18:55:00Z,754.549988,754.659973,754.469971,754.494995,284786
2026-07-10T19:00:00Z,754.494995,755.049988,754.455017,754.969971,1099158
2026-07-10T19:05:00Z,754.979980,755.169983,754.859985,754.919983,412594
2026-07-10T19:10:00Z,754.919983,755.150024,754.909973,755.119995,459634
2026-07-10T19:15:00Z,755.119995,755.179993,754.921997,755.020020,461031
2026-07-10T19:20:00Z,755.020020,755.059998,754.880005,754.945007,378636
2026-07-10T19:25:00Z,754.929993,755.109985,754.929993,754.960022,529890
2026-07-10T19:30:00Z,754.960022,755.169983,754.786377,754.940002,1047153
2026-07-10T19:35:00Z,754.950012,755.140015,754.859985,755.030029,578388
2026-07-10T19:40:00Z,755.039978,755.219971,755.020020,755.030029,688105
2026-07-10T19:45:00Z,755.020020,755.169983,754.940002,755.099976,1494252
2026-07-10T19:50:00Z,755.109985,755.419983,755.020020,755.099976,1727368
2026-07-10T19:55:00Z,755.080017,755.190002,754.570007,754.900024,2320555
2026-07-13T13:30:00Z,752.469971,753.909973,752.400024,753.424988,1766189
2026-07-13T13:35:00Z,753.429993,753.780029,753.039978,753.219971,739583
2026-07-13T13:40:00Z,753.219971,753.219971,752.539978,752.989990,670022
2026-07-13T13:45:00Z,753.010010,753.130005,752.280029,752.869995,459487
2026-07-13T13:50:00Z,752.900024,752.960022,751.919983,752.609985,627458
2026-07-13T13:55:00Z,752.590027,753.739990,752.419983,753.619995,402162
2026-07-13T14:00:00Z,753.630005,753.910522,752.659973,752.789978,610120
2026-07-13T14:05:00Z,752.770020,752.969971,752.270020,752.820007,377173
2026-07-13T14:10:00Z,752.809998,753.330017,752.669983,753.270020,302173
2026-07-13T14:15:00Z,753.270020,753.369995,750.299988,751.929993,1718968
2026-07-13T14:20:00Z,751.919983,752.909973,751.460022,752.780029,513811
2026-07-13T14:25:00Z,752.744995,753.190002,752.530029,753.090027,418865
2026-07-13T14:30:00Z,753.090027,753.299988,752.570007,752.640015,371113
2026-07-13T14:35:00Z,752.650024,752.684998,751.969971,752.190002,298941
2026-07-13T14:40:00Z,752.200012,752.210022,751.250000,751.500000,300779
2026-07-13T14:45:00Z,751.510010,752.455017,751.000000,752.380005,470823
2026-07-13T14:50:00Z,752.380127,752.469971,751.530029,751.729980,560864
2026-07-13T14:55:00Z,751.729980,752.789978,751.562012,752.740112,254720
2026-07-13T15:00:00Z,752.739990,753.054993,752.307800,752.331970,288482
2026-07-13T15:05:00Z,752.340027,752.590027,752.159973,752.250000,140544
2026-07-13T15:10:00Z,752.255005,752.554993,751.919983,752.085022,210377
2026-07-13T15:15:00Z,752.080017,752.325012,751.881226,752.250000,129290
2026-07-13T15:20:00Z,752.250000,752.567993,752.109985,752.447510,152214
2026-07-13T15:25:00Z,752.440002,752.489990,751.965027,752.380005,185614
2026-07-13T15:30:00Z,752.390015,752.525024,752.000000,752.150024,183639
2026-07-13T15:35:00Z,752.159973,752.289978,751.849976,752.130005,194743
2026-07-13T15:40:00Z,752.109985,752.169983,751.690002,751.729980,183891
2026-07-13T15:45:00Z,751.719971,751.788025,751.489990,751.715027,332289
2026-07-13T15:50:00Z,751.715027,751.760010,751.155029,751.549988,311812
2026-07-13T15:55:00Z,751.559998,751.570007,751.094482,751.234985,198778
2026-07-13T16:00:00Z,751.229980,751.469971,750.950012,751.169922,218598
2026-07-13T16:05:00Z,751.130005,751.549988,751.059998,751.479980,217999
2026-07-13T16:10:00Z,751.479980,751.809998,751.253723,751.429993,241111
2026-07-13T16:15:00Z,751.419983,751.440002,750.669983,750.854980,406017
2026-07-13T16:20:00Z,750.859985,750.880005,750.590027,750.640015,358544
2026-07-13T16:25:00Z,750.630005,750.679993,749.929993,750.289978,419345
2026-07-13T16:30:00Z,750.270020,750.280029,749.590027,749.619995,468099
2026-07-13T16:35:00Z,749.630005,750.260010,748.929993,749.993408,728131
2026-07-13T16:40:00Z,749.969971,750.520020,749.575012,750.359985,357078
2026-07-13T16:45:00Z,750.390015,750.659973,749.960022,749.979980,393010
2026-07-13T16:50:00Z,749.960022,750.039978,749.179993,749.450012,379829
2026-07-13T16:55:00Z,749.440002,750.119995,749.283875,749.869995,318317
2026-07-13T17:00:00Z,749.900024,750.289978,749.750000,749.840027,236198
2026-07-13T17:05:00Z,749.840027,750.500000,749.784973,750.419983,186998
2026-07-13T17:10:00Z,750.419983,750.640015,749.930115,750.059998,379093
2026-07-13T17:15:00Z,750.049988,750.289978,749.640015,750.159973,245888
2026-07-13T17:20:00Z,750.140015,750.349976,749.700012,749.710022,297597
2026-07-13T17:25:00Z,749.719971,749.969971,749.530029,749.809998,305821
2026-07-13T17:30:00Z,749.809998,750.119995,749.659973,749.950012,211126
2026-07-13T17:35:00Z,749.919983,749.919983,749.460999,749.708374,184001
2026-07-13T17:40:00Z,749.700012,750.130005,749.489990,749.984985,268269
2026-07-13T17:45:00Z,750.000000,750.260010,749.599976,749.630005,223742
2026-07-13T17:50:00Z,749.640015,749.710022,749.219971,749.460022,287485
2026-07-13T17:55:00Z,749.465027,749.549988,749.210022,749.234985,229884
2026-07-13T18:00:00Z,749.260010,749.869995,749.190002,749.669983,296300
2026-07-13T18:05:00Z,749.659973,750.210022,749.591980,749.640015,317834
2026-07-13T18:10:00Z,749.650024,749.809998,749.130005,749.760010,318911
2026-07-13T18:15:00Z,749.750000,749.820007,749.039978,749.210022,523341
2026-07-13T18:20:00Z,749.219971,749.539978,749.049988,749.500000,299846
2026-07-13T18:25:00Z,749.500000,749.559998,749.159973,749.239990,441428
2026-07-13T18:30:00Z,749.239990,749.530029,748.970215,749.219971,427713
2026-07-13T18:35:00Z,749.219971,749.750000,749.190002,749.679993,433754
2026-07-13T18:40:00Z,749.669983,750.039978,749.559998,749.849976,1249524
2026-07-13T18:45:00Z,749.849976,749.919983,749.510010,749.760010,716289
2026-07-13T18:50:00Z,749.750000,750.070007,749.525024,749.789978,277476
2026-07-13T18:55:00Z,749.780029,749.909973,749.460022,749.559998,362792
2026-07-13T19:00:00Z,749.580017,749.900024,749.179993,749.849976,325046
2026-07-13T19:05:00Z,749.859985,749.969971,749.500000,749.510010,269781
2026-07-13T19:10:00Z,749.500000,749.530029,749.099976,749.289978,431612
2026-07-13T19:15:00Z,749.289978,749.440002,749.130005,749.255005,857684
2026-07-13T19:20:00Z,749.260010,749.299988,748.700012,748.914978,590732
2026-07-13T19:25:00Z,748.909973,748.960022,748.169983,748.380005,772061
2026-07-13T19:30:00Z,748.390015,748.900024,748.309998,748.655029,809967
2026-07-13T19:35:00Z,748.650024,748.650024,748.000000,748.260010,643633
2026-07-13T19:40:00Z,748.270020,749.000000,748.174988,748.940002,799858
2026-07-13T19:45:00Z,748.940002,749.049988,748.570007,748.880005,1496325
2026-07-13T19:50:00Z,748.890015,749.450012,748.869995,749.030029,2128159
2026-07-13T19:55:00Z,749.059998,749.609985,748.929993,749.099976,3520350
2026-07-14T13:30:00Z,750.909973,751.039978,749.544312,749.640015,3082389
2026-07-14T13:35:00Z,749.679993,751.359985,749.440002,751.169983,746974
2026-07-14T13:40:00Z,751.179993,751.520020,750.570007,751.309998,446418
2026-07-14T13:45:00Z,751.304993,751.789978,750.580017,750.989990,519379
2026-07-14T13:50:00Z,750.969971,751.599976,750.630005,751.090027,506535
2026-07-14T13:55:00Z,751.109985,751.570007,750.719971,751.309998,382569
2026-07-14T14:00:00Z,751.320007,751.479980,750.210022,750.440002,444625
2026-07-14T14:05:00Z,750.440002,750.690002,749.880005,750.239502,382671
2026-07-14T14:10:00Z,750.219971,750.489990,749.779907,750.429993,400013
2026-07-14T14:15:00Z,750.419983,750.419983,748.659973,749.854980,554982
2026-07-14T14:20:00Z,749.848328,750.880005,749.780029,750.130005,391420
2026-07-14T14:25:00Z,750.109985,751.299988,749.960022,750.710022,376221
2026-07-14T14:30:00Z,750.710022,753.309998,750.479980,752.020020,1053181
2026-07-14T14:35:00Z,752.039978,752.150024,751.539978,751.929993,503256
2026-07-14T14:40:00Z,751.909973,752.284973,750.960022,751.094971,301720
2026-07-14T14:45:00Z,751.109924,751.460022,750.770020,750.890015,285252
2026-07-14T14:50:00Z,750.859985,751.594971,750.469971,751.590027,231046
2026-07-14T14:55:00Z,751.609985,751.960022,751.510010,751.710022,272376
2026-07-14T15:00:00Z,751.710022,753.070007,751.280029,752.320007,656361
2026-07-14T15:05:00Z,752.330017,753.049988,752.140015,752.770020,573488
2026-07-14T15:10:00Z,752.799988,753.000000,752.359985,752.549988,263606
2026-07-14T15:15:00Z,752.590027,752.645020,751.729980,751.950012,289094
2026-07-14T15:20:00Z,751.940002,752.530029,751.650024,752.520020,206966
2026-07-14T15:25:00Z,752.520020,752.710022,752.299988,752.659973,219382
2026-07-14T15:30:00Z,752.640015,752.900024,751.849976,751.979980,427144
2026-07-14T15:35:00Z,751.969971,752.044983,751.530029,751.859985,213412
2026-07-14T15:40:00Z,751.849976,751.849976,750.760010,751.559998,839263
2026-07-14T15:45:00Z,751.559998,751.950012,751.530029,751.630005,195864
2026-07-14T15:50:00Z,751.590027,751.669983,750.909973,751.000000,227158
2026-07-14T15:55:00Z,751.010010,751.169983,750.619995,750.979980,201199
2026-07-14T16:00:00Z,750.989990,751.049988,750.000000,750.320007,324296
2026-07-14T16:05:00Z,750.340027,750.700012,750.020020,750.450012,271227
2026-07-14T16:10:00Z,750.460022,750.729980,750.020020,750.539978,363862
2026-07-14T16:15:00Z,750.530029,750.710022,750.020020,750.429993,187051
2026-07-14T16:20:00Z,750.429993,750.561218,750.000000,750.330017,248993
2026-07-14T16:25:00Z,750.349976,750.909973,750.239990,750.780029,327748
2026-07-14T16:30:00Z,750.780029,751.109985,750.619995,751.059998,215746
2026-07-14T16:35:00Z,751.049988,751.330017,750.950623,751.234985,246418
2026-07-14T16:40:00Z,751.213806,751.739990,751.070007,751.465027,273026
2026-07-14T16:45:00Z,751.460022,751.739990,750.960022,751.400024,192444
2026-07-14T16:50:00Z,751.390015,751.659973,751.280029,751.475891,123836
2026-07-14T16:55:00Z,751.479980,751.849976,751.440002,751.849976,136622
2026-07-14T17:00:00Z,751.869995,752.049988,751.650024,751.715027,241857
2026-07-14T17:05:00Z,751.719971,752.200012,751.559998,752.119873,141361
2026-07-14T17:10:00Z,752.099976,752.210022,751.809998,751.809998,260806
2026-07-14T17:15:00Z,751.809998,752.130005,751.500000,752.070007,223187
2026-07-14T17:20:00Z,752.085022,752.609985,752.085022,752.429993,205631
2026-07-14T17:25:00Z,752.440002,752.559998,752.239990,752.299988,143521
2026-07-14T17:30:00Z,752.320007,752.489990,752.000000,752.010010,137820
2026-07-14T17:35:00Z,752.005005,752.130005,751.799988,752.120117,164530
2026-07-14T17:40:00Z,752.135010,752.190002,751.900024,752.039978,137379
2026-07-14T17:45:00Z,752.059998,752.250000,751.760010,752.080017,138101
2026-07-14T17:50:00Z,752.080017,752.309998,752.070007,752.226013,123216
2026-07-14T17:55:00Z,752.219971,752.309998,752.130005,752.275024,143473
2026-07-14T18:00:00Z,752.280029,752.479980,751.929993,752.440002,229483
2026-07-14T18:05:00Z,752.450012,752.500000,752.260010,752.400024,143498
2026-07-14T18:10:00Z,752.400024,752.630005,752.340027,752.599976,149750
2026-07-14T18:15:00Z,752.599487,752.770020,752.450012,752.619995,197275
2026-07-14T18:20:00Z,752.604980,752.760010,752.409973,752.440002,174450
2026-07-14T18:25:00Z,752.459900,752.609985,752.299988,752.500000,261376
2026-07-14T18:30:00Z,752.484985,752.559509,752.330017,752.460022,196639
2026-07-14T18:35:00Z,752.469971,752.599976,752.000000,752.349976,311116
2026-07-14T18:40:00Z,752.340027,752.340027,751.659973,752.010010,409466
2026-07-14T18:45:00Z,752.010010,752.239990,751.900024,751.950012,236819
2026-07-14T18:50:00Z,751.969971,752.320007,751.859985,752.239990,1189488
2026-07-14T18:55:00Z,752.210022,752.270020,752.080017,752.170471,211229
2026-07-14T19:00:00Z,752.190002,752.270020,751.869995,751.969971,388032
2026-07-14T19:05:00Z,751.950012,752.109985,751.840027,751.902527,342304
2026-07-14T19:10:00Z,751.890015,752.140015,751.770020,752.059998,312246
2026-07-14T19:15:00Z,752.080017,752.250000,751.799988,752.090027,802910
2026-07-14T19:20:00Z,752.109985,752.440002,752.058899,752.414978,245238
2026-07-14T19:25:00Z,752.400024,752.450012,752.119995,752.150024,263064
2026-07-14T19:30:00Z,752.159973,752.169983,751.710022,752.020020,538087
2026-07-14T19:35:00Z,752.020020,752.320007,751.880005,751.960022,423156
2026-07-14T19:40:00Z,751.960022,752.400024,751.909973,752.289978,365949
2026-07-14T19:45:00Z,752.280029,752.520020,752.250000,752.474976,576226
2026-07-14T19:50:00Z,752.479980,752.520020,752.090027,752.094971,1178683
2026-07-14T19:55:00Z,752.099976,752.489990,751.789978,751.869995,2436651
2026-07-15T13:30:00Z,754.239990,755.260010,754.200012,755.190002,1860971
2026-07-15T13:35:00Z,755.200012,755.580017,754.510010,754.840027,635841
2026-07-15T13:40:00Z,754.859985,754.859985,754.280029,754.359985,488224
2026-07-15T13:45:00Z,754.359985,754.479980,753.349976,753.559998,605047
2026-07-15T13:50:00Z,753.580017,754.080017,753.179993,754.080017,833149
2026-07-15T13:55:00Z,754.059998,754.609985,753.919983,754.450012,462875
2026-07-15T14:00:00Z,754.520020,755.179993,754.500000,754.770020,660710
2026-07-15T14:05:00Z,754.809998,755.320007,754.640015,755.049988,516448
2026-07-15T14:10:00Z,755.059998,755.215027,754.640015,754.739990,345983
2026-07-15T14:15:00Z,754.760010,755.559998,754.710022,755.320007,351336
2026-07-15T14:20:00Z,755.330017,755.369995,753.349976,753.804993,925807
2026-07-15T14:25:00Z,753.799988,754.722595,753.380005,754.619995,714426
2026-07-15T14:30:00Z,754.640015,754.869995,753.950012,754.599976,490534
2026-07-15T14:35:00Z,754.630005,754.789978,753.515015,753.669922,420871
2026-07-15T14:40:00Z,753.669983,753.979980,752.820007,753.529907,471107
2026-07-15T14:45:00Z,753.505005,753.830017,752.909973,753.789978,461978
2026-07-15T14:50:00Z,753.799988,753.825012,752.741028,753.049988,412255
2026-07-15T14:55:00Z,753.080017,753.530029,752.840027,753.460693,287590
2026-07-15T15:00:00Z,753.479980,753.679993,753.059998,753.210022,246355
2026-07-15T15:05:00Z,753.210022,754.150024,752.989990,754.034973,272481
2026-07-15T15:10:00Z,754.030029,754.159973,753.080017,753.140015,346951
2026-07-15T15:15:00Z,753.135010,753.364990,752.200012,753.280029,491451
2026-07-15T15:20:00Z,753.270020,753.270020,752.469971,752.919983,289074
2026-07-15T15:25:00Z,752.919983,753.619995,752.780029,753.604980,389621
2026-07-15T15:30:00Z,753.599976,753.840027,753.150024,753.570007,333737
2026-07-15T15:35:00Z,753.530029,753.780029,753.030029,753.679993,268186
2026-07-15T15:40:00Z,753.690002,753.760010,753.039978,753.150024,192917
2026-07-15T15:45:00Z,753.150024,753.239990,752.780029,752.820007,296635
2026-07-15T15:50:00Z,752.809998,752.830017,752.330017,752.710022,352785
2026-07-15T15:55:00Z,752.690002,752.780029,752.280029,752.669495,188506
2026-07-15T16:00:00Z,752.640015,752.828003,751.760010,752.080017,442535
2026-07-15T16:05:00Z,752.090027,752.109985,751.390015,751.950012,418461
2026-07-15T16:10:00Z,751.950012,752.070007,751.140015,751.219971,302078
2026-07-15T16:15:00Z,751.200012,751.380005,750.909973,751.039978,408972
2026-07-15T16:20:00Z,751.030029,751.169983,750.440002,750.539978,474285
2026-07-15T16:25:00Z,750.530029,750.899719,750.440002,750.830017,351428
2026-07-15T16:30:00Z,750.809998,751.190002,750.450012,750.549988,330946
2026-07-15T16:35:00Z,750.570007,750.619995,750.219971,750.440002,312851
2026-07-15T16:40:00Z,750.440002,750.940002,750.200012,750.909973,329120
2026-07-15T16:45:00Z,750.919983,752.320007,750.729980,751.330017,769995
2026-07-15T16:50:00Z,751.330017,751.840027,751.289978,751.429993,325864
2026-07-15T16:55:00Z,751.419983,751.679993,750.960327,751.669983,310052
2026-07-15T17:00:00Z,751.679993,752.070007,751.580017,751.919983,331458
2026-07-15T17:05:00Z,751.924988,752.402527,751.840027,752.099976,671669
2026-07-15T17:10:00Z,752.104980,752.260010,751.780029,751.799988,281877
2026-07-15T17:15:00Z,751.809998,752.530029,751.760010,752.400024,301258
2026-07-15T17:20:00Z,752.405029,752.590027,752.229980,752.450012,137027
2026-07-15T17:25:00Z,752.450012,752.849976,752.349976,752.809998,291833
2026-07-15T17:30:00Z,752.809998,753.210022,752.809998,753.090027,412691
2026-07-15T17:35:00Z,753.109009,753.450012,753.010010,753.390015,300636
2026-07-15T17:40:00Z,753.400024,753.440002,753.200012,753.330017,222664
2026-07-15T17:45:00Z,753.330017,754.075012,753.250000,754.039978,310038
2026-07-15T17:50:00Z,754.034973,754.549988,753.849976,754.469971,386878
2026-07-15T17:55:00Z,754.460022,754.460022,754.010010,754.190125,458575
2026-07-15T18:00:00Z,754.200012,754.549988,754.140015,754.340027,285025
2026-07-15T18:05:00Z,754.340027,754.650024,754.280029,754.549988,288219
2026-07-15T18:10:00Z,754.565002,754.750000,754.534973,754.549988,391860
2026-07-15T18:15:00Z,754.554993,754.559998,754.219971,754.325012,528603
2026-07-15T18:20:00Z,754.325012,754.840027,754.315002,754.700012,315746
2026-07-15T18:25:00Z,754.700012,754.799988,754.580017,754.635010,460728
2026-07-15T18:30:00Z,754.635010,754.919983,754.530029,754.820007,462961
2026-07-15T18:35:00Z,754.809998,754.820007,754.440002,754.489990,264606
2026-07-15T18:40:00Z,754.489990,754.580017,754.000000,754.020020,284690
2026-07-15T18:45:00Z,754.030029,754.039978,753.380005,753.630005,461585
2026-07-15T18:50:00Z,753.650024,753.734985,753.159973,753.369995,495806
2026-07-15T18:55:00Z,753.340027,753.530029,753.099976,753.190002,281419
2026-07-15T19:00:00Z,753.190002,753.729980,753.049988,753.659973,352061
2026-07-15T19:05:00Z,753.669983,753.830017,753.489990,753.570007,329593
2026-07-15T19:10:00Z,753.539978,753.929993,753.469971,753.780029,371501
2026-07-15T19:15:00Z,753.780029,753.840027,753.520020,753.530029,250645
2026-07-15T19:20:00Z,753.530029,753.559998,753.169983,753.340027,395568
2026-07-15T19:25:00Z,753.330017,753.770020,753.169983,753.630005,383228
2026-07-15T19:30:00Z,753.630005,753.929993,753.090027,753.260010,924330
2026-07-15T19:35:00Z,753.280029,753.900024,753.130005,753.849976,598236
2026-07-15T19:40:00Z,753.840027,754.210022,753.770020,754.094971,642535
2026-07-15T19:45:00Z,754.080017,754.150024,753.500000,753.630005,779156
2026-07-15T19:50:00Z,753.630005,754.179993,753.630005,754.159973,1454644
2026-07-15T19:55:00Z,754.159973,754.799988,754.159973,754.729980,2213854
2026-07-16T13:30:00Z,752.760010,753.520020,752.090027,752.200012,2043117
2026-07-16T13:35:00Z,752.200012,752.520020,751.640015,751.710022,556064
2026-07-16T13:40:00Z,751.719971,752.289978,751.090027,751.260010,660254
2026-07-16T13:45:00Z,751.299988,751.700012,750.669983,751.049988,704345
2026-07-16T13:50:00Z,751.044983,752.260010,750.989990,751.479980,569436
2026-07-16T13:55:00Z,751.479980,752.119995,751.000000,751.905029,356333
2026-07-16T14:00:00Z,751.900024,752.820190,751.640015,752.719971,660715
2026-07-16T14:05:00Z,752.739990,753.549988,752.590027,753.390503,524923
2026-07-16T14:10:00Z,753.390015,753.609985,753.200012,753.359985,399437
2026-07-16T14:15:00Z,753.359985,753.929993,753.205017,753.859985,316165
2026-07-16T14:20:00Z,753.859985,753.929993,753.070007,753.669983,516302
2026-07-16T14:25:00Z,753.640015,754.388000,753.289978,754.349976,507544
2026-07-16T14:30:00Z,754.340027,754.440002,753.984985,754.189209,373892
2026-07-16T14:35:00Z,754.169983,754.520020,753.820007,753.940002,294450
2026-07-16T14:40:00Z,753.929993,754.429871,753.750000,754.369995,342619
2026-07-16T14:45:00Z,754.369995,754.570007,754.150024,754.190002,368465
2026-07-16T14:50:00Z,754.169983,754.260010,753.530029,753.679077,362500
2026-07-16T14:55:00Z,753.650024,754.200012,753.340027,754.169983,452264
2026-07-16T15:00:00Z,754.200012,754.380005,753.609985,753.659973,234055
2026-07-16T15:05:00Z,753.630005,753.799988,753.080017,753.530029,390780
2026-07-16T15:10:00Z,753.520020,753.780029,753.080017,753.325012,224791
2026-07-16T15:15:00Z,753.330017,753.639771,752.979980,753.630005,336034
2026-07-16T15:20:00Z,753.619995,753.650024,753.030029,753.619995,309732
2026-07-16T15:25:00Z,753.619995,754.440002,753.559998,753.800110,302836
2026-07-16T15:30:00Z,753.820007,754.229980,753.270020,754.200012,294692
2026-07-16T15:35:00Z,754.190002,754.400024,753.830017,754.320007,195474
2026-07-16T15:40:00Z,754.309875,754.405029,753.520020,753.659973,225776
2026-07-16T15:45:00Z,753.659973,753.659973,753.030029,753.539978,240122
2026-07-16T15:50:00Z,753.510010,754.099976,753.510010,753.789978,362195
2026-07-16T15:55:00Z,753.780029,753.789978,753.309998,753.570007,203375
2026-07-16T16:00:00Z,753.599976,753.599976,752.729980,752.750000,158344
2026-07-16T16:05:00Z,752.744995,753.049988,752.359985,752.890015,643228
2026-07-16T16:10:00Z,752.890015,752.900024,751.960022,752.039978,494795
2026-07-16T16:15:00Z,752.030029,752.544922,751.890015,752.219971,319281
2026-07-16T16:20:00Z,752.219971,752.219971,751.539978,751.659973,441782
2026-07-16T16:25:00Z,751.630005,752.119812,751.450012,751.929993,199395
2026-07-16T16:30:00Z,751.940002,752.539978,751.909973,752.190002,222424
2026-07-16T16:35:00Z,752.190002,752.359985,751.859985,751.900024,171786
2026-07-16T16:40:00Z,751.900024,752.219971,751.780029,751.969971,251292
2026-07-16T16:45:00Z,751.969971,752.206482,751.590027,752.010010,283777
2026-07-16T16:50:00Z,752.010010,752.669983,751.869995,752.609985,226146
2026-07-16T16:55:00Z,752.599976,752.969971,752.599976,752.859985,513213
2026-07-16T17:00:00Z,752.880005,752.909973,752.200012,752.599976,260222
2026-07-16T17:05:00Z,752.580017,752.820007,752.200012,752.700012,198029
2026-07-16T17:10:00Z,752.669983,752.780029,752.130005,752.190002,197377
2026-07-16T17:15:00Z,752.190002,752.530029,752.109985,752.419983,146370
2026-07-16T17:20:00Z,752.400024,752.520020,752.039978,752.039978,903887
2026-07-16T17:25:00Z,752.049988,752.849976,752.030029,752.705017,179454
2026-07-16T17:30:00Z,752.710022,752.809998,752.039917,752.109985,147944
2026-07-16T17:35:00Z,752.119995,752.200195,751.539978,751.650024,377853
2026-07-16T17:40:00Z,751.640015,751.640015,751.099976,751.419983,664324
2026-07-16T17:45:00Z,751.429993,751.890015,751.080017,751.679993,345693
2026-07-16T17:50:00Z,751.695007,751.890015,751.369995,751.580017,154170
2026-07-16T17:55:00Z,751.570007,751.580017,751.085022,751.309998,197753
2026-07-16T18:00:00Z,751.330017,751.479980,750.890015,750.890015,298249
2026-07-16T18:05:00Z,750.900024,750.945007,750.460022,750.739990,549605
2026-07-16T18:10:00Z,750.739990,751.450012,750.710022,750.729980,426432
2026-07-16T18:15:00Z,750.700012,751.340027,750.460022,751.200012,427658
2026-07-16T18:20:00Z,751.190002,751.710022,751.140015,751.340027,337512
2026-07-16T18:25:00Z,751.359985,751.500000,750.869995,750.909973,389898
2026-07-16T18:30:00Z,750.919983,750.929993,750.549988,750.719971,208525
2026-07-16T18:35:00Z,750.679993,750.679993,750.349976,750.359985,262718
2026-07-16T18:40:00Z,750.359985,750.700012,749.919983,750.520020,515040
2026-07-16T18:45:00Z,750.500000,750.900024,750.299988,750.770020,286190
2026-07-16T18:50:00Z,750.760010,750.929993,750.219971,750.219971,264072
2026-07-16T18:55:00Z,750.219971,750.479980,750.109985,750.229980,597119
2026-07-16T19:00:00Z,750.219971,750.700012,750.090027,750.530029,297832
2026-07-16T19:05:00Z,750.510010,750.679993,749.760010,749.770020,393706
2026-07-16T19:10:00Z,749.750000,749.849976,749.580017,749.760010,355767
2026-07-16T19:15:00Z,749.739990,749.880005,749.400085,749.760010,701998
2026-07-16T19:20:00Z,749.760010,750.010010,749.500000,749.510010,913161
2026-07-16T19:25:00Z,749.515015,749.630005,748.859985,749.099976,632627
2026-07-16T19:30:00Z,749.080017,749.159973,748.429993,748.690002,751215
2026-07-16T19:35:00Z,748.679993,749.150024,748.400024,749.030029,626528
2026-07-16T19:40:00Z,749.020020,749.159973,748.479980,748.520020,1807922
2026-07-16T19:45:00Z,748.510010,748.630005,747.880005,748.210022,1519249
2026-07-16T19:50:00Z,748.210022,750.049988,748.190002,749.979980,2764428
2026-07-16T19:55:00Z,749.989990,751.039978,749.989990,750.760010,3634040
2026-07-17T13:30:00Z,742.080017,742.619995,741.010010,741.032471,3646013
2026-07-17T13:35:00Z,741.039978,741.659973,740.799988,741.520020,2254283
2026-07-17T13:40:00Z,741.500000,742.669983,740.840088,741.034973,1285131
2026-07-17T13:45:00Z,741.049988,743.140015,740.950012,743.030029,1050322
2026-07-17T13:50:00Z,743.010010,744.200012,743.000000,743.886719,640475
2026-07-17T13:55:00Z,743.880005,744.830017,743.599976,744.810120,707927
2026-07-17T14:00:00Z,744.809998,745.772522,744.670105,745.340027,799754
2026-07-17T14:05:00Z,745.320007,746.460022,745.299988,746.320007,712291
2026-07-17T14:10:00Z,746.320007,746.799988,745.909973,746.280029,788566
2026-07-17T14:15:00Z,746.266174,747.289978,746.169983,746.570007,721960
2026-07-17T14:20:00Z,746.564209,747.059998,746.210022,746.869995,564846
2026-07-17T14:25:00Z,746.869995,747.210022,746.169983,746.335022,2399160
2026-07-17T14:30:00Z,746.340027,746.599976,745.599976,745.989990,576136
2026-07-17T14:35:00Z,745.994995,746.789978,745.733704,746.729980,478420
2026-07-17T14:40:00Z,746.719971,746.775024,745.750000,745.880005,510674
2026-07-17T14:45:00Z,745.859985,746.590027,745.260010,745.684998,744414
2026-07-17T14:50:00Z,745.690002,745.830017,745.200012,745.419983,314683
2026-07-17T14:55:00Z,745.390015,746.190002,744.849976,745.049988,416999
2026-07-17T15:00:00Z,745.049988,745.223511,744.140015,744.229980,832834
2026-07-17T15:05:00Z,744.229980,745.010010,744.148499,744.869995,393491
2026-07-17T15:10:00Z,744.880005,745.210022,744.109985,744.320007,394536
2026-07-17T15:15:00Z,744.359985,744.849976,743.979980,744.539978,447458
2026-07-17T15:20:00Z,744.549988,744.900024,743.960022,744.290894,496269
2026-07-17T15:25:00Z,744.309998,745.570007,744.280029,745.445007,332841
2026-07-17T15:30:00Z,745.440002,745.900024,744.859985,745.039978,811194
2026-07-17T15:35:00Z,745.010010,745.770020,744.440125,745.659973,345546
2026-07-17T15:40:00Z,745.640015,745.900024,744.979980,745.500000,314654
2026-07-17T15:45:00Z,745.489990,745.609985,744.809998,745.570984,505214
2026-07-17T15:50:00Z,745.580017,746.090881,745.169983,746.090881,245141
2026-07-17T15:55:00Z,746.090027,747.059998,746.001892,746.869995,436523
2026-07-17T16:00:00Z,746.880005,747.099976,745.179993,745.549988,845719
2026-07-17T16:05:00Z,745.549988,745.960022,744.830017,745.950012,2514622
2026-07-17T16:10:00Z,745.945007,746.369995,745.700012,746.270020,308586
2026-07-17T16:15:00Z,746.289978,746.570007,746.010010,746.364990,295906
2026-07-17T16:20:00Z,746.359985,746.520020,745.210022,745.239990,405591
2026-07-17T16:25:00Z,745.270020,746.500000,745.142029,745.940002,333302
2026-07-17T16:30:00Z,745.950012,746.176086,745.539978,745.559998,328325
2026-07-17T16:35:00Z,745.604980,746.049988,745.559998,745.909973,197300
2026-07-17T16:40:00Z,745.900024,746.450012,745.599976,746.409973,227125
2026-07-17T16:45:00Z,746.429993,747.010010,746.229980,746.868530,299535
2026-07-17T16:50:00Z,746.859985,747.270020,746.580017,746.851013,445804
2026-07-17T16:55:00Z,746.859985,746.950012,746.130005,746.320007,259543
2026-07-17T17:00:00Z,746.369995,747.169983,746.219971,746.690002,346995
2026-07-17T17:05:00Z,746.659973,747.000000,746.450012,746.960022,228704
2026-07-17T17:10:00Z,746.969971,747.119995,746.390015,746.419983,265228
2026-07-17T17:15:00Z,746.400024,746.979980,746.233826,746.280029,297175
2026-07-17T17:20:00Z,746.270020,746.440002,745.969971,746.289978,434477
2026-07-17T17:25:00Z,746.299988,747.020020,746.270020,746.869995,1326653
2026-07-17T17:30:00Z,746.880005,746.989990,746.539978,746.609985,259241
2026-07-17T17:35:00Z,746.619995,746.679993,745.909973,746.020020,578118
2026-07-17T17:40:00Z,746.010010,746.059998,745.510010,745.599976,307718
2026-07-17T17:45:00Z,745.599976,745.890930,745.400024,745.570007,285280
2026-07-17T17:50:00Z,745.570007,745.640015,744.760010,744.900024,294086
2026-07-17T17:55:00Z,744.890503,744.999573,744.380005,744.580017,353606
2026-07-17T18:00:00Z,744.580017,745.140015,744.380005,744.647522,516377
2026-07-17T18:05:00Z,744.640015,744.640015,744.159973,744.330017,416314
2026-07-17T18:10:00Z,744.309998,744.489990,744.090027,744.109985,301115
2026-07-17T18:15:00Z,744.119995,744.203003,743.585999,743.830017,355599
2026-07-17T18:20:00Z,743.849976,744.169983,743.549988,743.739990,954726
2026-07-17T18:25:00Z,743.729980,743.750000,743.239990,743.710022,469769
2026-07-17T18:30:00Z,743.690002,744.340027,743.419983,743.661194,395985
2026-07-17T18:35:00Z,743.669983,743.950012,743.510010,743.729980,199582
2026-07-17T18:40:00Z,743.750000,743.799988,743.099976,743.260010,316384
2026-07-17T18:45:00Z,743.239990,744.250000,743.094971,743.890503,795556
2026-07-17T18:50:00Z,743.899597,744.579895,743.679993,744.559998,397373
2026-07-17T18:55:00Z,744.565002,744.659973,744.159973,744.369995,336557
2026-07-17T19:00:00Z,744.390015,744.469971,743.739990,743.859985,408602
2026-07-17T19:05:00Z,743.869995,743.989990,743.380005,743.409973,238804
2026-07-17T19:10:00Z,743.409973,743.479980,742.719971,742.760010,768193
2026-07-17T19:15:00Z,742.739990,742.979980,742.570007,742.919983,477727
2026-07-17T19:20:00Z,742.900024,742.900024,742.340027,742.359985,447454
2026-07-17T19:25:00Z,742.330078,743.280029,742.130005,743.159973,746844
2026-07-17T19:30:00Z,743.169983,743.619995,742.770020,743.030029,1127405
2026-07-17T19:35:00Z,743.030029,743.530029,742.729980,742.830017,844183
2026-07-17T19:40:00Z,742.830017,743.619995,742.599976,743.479980,736663
2026-07-17T19:45:00Z,743.479980,744.039978,743.369995,744.039978,1120911
2026-07-17T19:50:00Z,744.030029,744.289978,743.479980,743.969971,1759257
2026-07-17T19:55:00Z,744.000000,744.400024,742.919983,743.155029,3182293
2026-07-20T13:30:00Z,747.059998,748.049988,746.799988,748.049988,1851776
2026-07-20T13:35:00Z,748.030029,748.710022,747.729980,748.169983,833394
2026-07-20T13:40:00Z,748.169983,748.590027,748.059998,748.559998,511709
2026-07-20T13:45:00Z,748.570007,748.729980,747.530029,747.580017,805592
2026-07-20T13:50:00Z,747.580017,747.840027,746.250000,746.455017,874876
2026-07-20T13:55:00Z,746.450012,746.489990,745.520020,745.690002,671795
2026-07-20T14:00:00Z,745.679993,746.359985,745.390015,745.885010,524174
2026-07-20T14:05:00Z,745.900024,746.119995,745.270020,745.400024,475704
2026-07-20T14:10:00Z,745.340027,745.380005,744.765015,744.989990,414066
2026-07-20T14:15:00Z,745.020020,745.479980,744.630005,744.900024,420432
2026-07-20T14:20:00Z,744.849976,745.210022,744.260010,744.969971,561519
2026-07-20T14:25:00Z,744.969971,745.739990,744.909973,745.679993,355120
2026-07-20T14:30:00Z,745.690002,745.960022,745.039978,745.260010,475390
2026-07-20T14:35:00Z,745.260010,745.530029,744.959900,745.330017,453223
2026-07-20T14:40:00Z,745.349976,745.789978,744.752014,744.890015,258874
2026-07-20T14:45:00Z,744.880005,745.739990,744.490112,744.640015,323848
2026-07-20T14:50:00Z,744.619995,744.940002,744.150024,744.325012,539597
2026-07-20T14:55:00Z,744.320007,744.489990,743.690002,744.109985,429824
2026-07-20T15:00:00Z,744.140015,744.880005,743.804993,744.580017,297794
2026-07-20T15:05:00Z,744.559998,745.484985,743.849976,745.409973,502571
2026-07-20T15:10:00Z,745.400024,745.460022,744.669983,744.799988,226403
2026-07-20T15:15:00Z,744.799988,745.530029,744.609985,745.270020,295430
2026-07-20T15:20:00Z,745.260010,745.969971,745.070007,745.750000,316075
2026-07-20T15:25:00Z,745.719971,745.969971,745.219971,745.869995,503848
2026-07-20T15:30:00Z,745.890015,746.020020,745.770020,745.880005,192342
2026-07-20T15:35:00Z,745.900024,745.929993,745.390015,745.460022,214063
2026-07-20T15:40:00Z,745.469971,745.969971,745.280029,745.969971,214146
2026-07-20T15:45:00Z,745.979980,745.989990,745.099976,745.299988,254897
2026-07-20T15:50:00Z,745.289978,746.359985,745.130005,746.219971,400298
2026-07-20T15:55:00Z,746.229980,746.440002,745.940002,745.989990,310885
2026-07-20T16:00:00Z,746.000000,746.250000,745.580017,746.159973,407969
2026-07-20T16:05:00Z,746.159973,746.835022,746.159973,746.799988,588741
2026-07-20T16:10:00Z,746.780029,747.005005,746.640015,746.789978,297597
2026-07-20T16:15:00Z,746.830017,746.844971,746.309998,746.679993,314922
2026-07-20T16:20:00Z,746.700012,746.880005,746.619995,746.780029,227319
2026-07-20T16:25:00Z,746.780029,746.830017,746.169983,746.500000,323898
2026-07-20T16:30:00Z,746.489990,746.780029,745.799988,745.830017,328389
2026-07-20T16:35:00Z,745.820007,746.369995,745.809998,746.349976,240742
2026-07-20T16:40:00Z,746.330017,746.520020,744.500000,745.429993,1044388
2026-07-20T16:45:00Z,745.409973,746.179993,745.210022,746.130005,420926
2026-07-20T16:50:00Z,746.119995,746.155029,744.909973,744.969971,316124
2026-07-20T16:55:00Z,744.969971,745.190002,744.729980,745.000000,481423
2026-07-20T17:00:00Z,745.010010,745.210022,744.549988,744.552490,307945
2026-07-20T17:05:00Z,744.539978,744.650024,744.130005,744.590027,288703
2026-07-20T17:10:00Z,744.590027,744.640015,743.840027,743.900024,294244
2026-07-20T17:15:00Z,743.890015,744.260010,743.559998,744.119995,383022
2026-07-20T17:20:00Z,744.114990,744.489990,743.969971,744.109985,228512
2026-07-20T17:25:00Z,744.099976,744.369995,743.890015,744.119995,258856
2026-07-20T17:30:00Z,744.130005,744.420105,743.950012,744.325012,243517
2026-07-20T17:35:00Z,744.299988,744.539978,743.989990,744.010010,267253
2026-07-20T17:40:00Z,744.030029,744.049988,743.590027,743.760010,344669
2026-07-20T17:45:00Z,743.770020,744.349976,743.630005,744.250000,281957
2026-07-20T17:50:00Z,744.219971,744.919983,744.210022,744.650024,290349
2026-07-20T17:55:00Z,744.650024,744.690002,744.210083,744.549988,261761
2026-07-20T18:00:00Z,744.549988,745.169983,744.549988,744.849976,363635
2026-07-20T18:05:00Z,744.840027,744.940002,744.530029,744.875000,239896
2026-07-20T18:10:00Z,744.900024,745.219971,744.710022,745.030029,219433
2026-07-20T18:15:00Z,745.020020,745.380005,744.880005,745.239990,387343
2026-07-20T18:20:00Z,745.219971,745.289978,744.250000,744.280029,618991
2026-07-20T18:25:00Z,744.289978,744.799988,744.130005,744.469971,343916
2026-07-20T18:30:00Z,744.469971,744.489990,743.479980,743.664978,473873
2026-07-20T18:35:00Z,743.659973,744.294983,743.440002,743.575012,340647
2026-07-20T18:40:00Z,743.575012,743.619995,742.530029,742.544983,546380
2026-07-20T18:45:00Z,742.549988,743.049988,742.429993,742.700012,685176
2026-07-20T18:50:00Z,742.710022,743.229980,742.559998,743.099976,302428
2026-07-20T18:55:00Z,743.094971,743.140015,742.479980,742.719971,308207
2026-07-20T19:00:00Z,742.760010,743.190002,742.419983,742.590027,616940
2026-07-20T19:05:00Z,742.590027,742.820984,742.250000,742.695007,525097
2026-07-20T19:10:00Z,742.699402,743.099976,741.700012,741.700012,591743
2026-07-20T19:15:00Z,741.710022,742.210022,741.510315,741.919983,970049
2026-07-20T19:20:00Z,741.929993,742.429993,741.789978,742.299988,614806
2026-07-20T19:25:00Z,742.320007,742.919983,741.859985,742.729980,683468
2026-07-20T19:30:00Z,742.739990,743.200012,742.340027,742.979980,709918
2026-07-20T19:35:00Z,742.960022,743.130005,742.510010,742.979980,647393
2026-07-20T19:40:00Z,742.969971,743.340027,742.799988,742.989990,568417
2026-07-20T19:45:00Z,743.000000,743.250000,742.700012,743.080017,993664
2026-07-20T19:50:00Z,743.070007,743.070007,741.760010,742.200012,1894670
2026-07-20T19:55:00Z,742.179993,742.239990,741.609985,742.140015,4361321
2026-07-21T13:30:00Z,746.289978,746.679993,745.119995,745.599976,1901011
2026-07-21T13:35:00Z,745.609985,746.231689,745.270020,745.280029,824912
2026-07-21T13:40:00Z,745.260010,745.309998,744.270874,744.510010,600352
2026-07-21T13:45:00Z,744.520020,745.000000,744.179993,744.950012,420126
2026-07-21T13:50:00Z,744.969971,745.349976,744.260010,745.070007,386215
2026-07-21T13:55:00Z,745.049988,745.364990,744.609985,745.359985,344126
2026-07-21T14:00:00Z,745.369995,745.869873,744.960022,745.419983,348723
2026-07-21T14:05:00Z,745.419983,745.770020,745.020020,745.195007,212358
2026-07-21T14:10:00Z,745.190002,745.859985,744.950012,745.744995,284660
2026-07-21T14:15:00Z,745.719971,746.169983,744.789978,746.020020,302137
2026-07-21T14:20:00Z,746.015015,746.190002,745.455017,745.979980,224452
2026-07-21T14:25:00Z,745.960022,746.989990,745.929993,746.869995,450689
2026-07-21T14:30:00Z,746.849976,747.250000,746.580017,746.799988,340012
2026-07-21T14:35:00Z,746.794983,747.020020,746.090027,746.299988,301549
2026-07-21T14:40:00Z,746.299988,746.635010,745.770020,746.599976,298164
2026-07-21T14:45:00Z,746.609985,747.260010,746.450012,746.909973,401228
2026-07-21T14:50:00Z,746.909973,746.960022,746.500000,746.690002,166050
2026-07-21T14:55:00Z,746.679993,746.789978,746.260010,746.739990,202701
2026-07-21T15:00:00Z,746.770020,746.890015,745.830017,746.000977,310493
2026-07-21T15:05:00Z,746.000000,747.070007,745.849976,746.979980,292853
2026-07-21T15:10:00Z,746.979980,747.520020,746.940002,747.209778,337144
2026-07-21T15:15:00Z,747.210022,747.549988,747.158813,747.409973,202955
2026-07-21T15:20:00Z,747.409973,747.979980,747.320007,747.656006,426494
2026-07-21T15:25:00Z,747.654419,748.010010,747.609985,748.000000,191435
2026-07-21T15:30:00Z,747.979980,748.000000,747.409973,747.775024,364371
2026-07-21T15:35:00Z,747.789978,747.929993,747.429993,747.580017,267226
2026-07-21T15:40:00Z,747.559998,747.858826,747.519897,747.594971,235112
2026-07-21T15:45:00Z,747.580322,747.919983,747.530029,747.811523,165894
2026-07-21T15:50:00Z,747.820007,747.979980,747.700012,747.719971,270841
2026-07-21T15:55:00Z,747.770020,747.900024,747.469971,747.520020,178981
2026-07-21T16:00:00Z,747.520020,748.229980,747.489990,748.219971,235413
2026-07-21T16:05:00Z,748.225525,748.309998,748.070007,748.150024,157808
2026-07-21T16:10:00Z,748.149780,748.270020,748.039978,748.229980,163585
2026-07-21T16:15:00Z,748.239990,748.530029,748.219971,748.469971,456214
2026-07-21T16:20:00Z,748.479980,748.750000,748.409973,748.580017,202970
2026-07-21T16:25:00Z,748.580017,748.700012,748.440002,748.659973,119457
2026-07-21T16:30:00Z,748.640015,748.780029,748.480103,748.684998,186951
2026-07-21T16:35:00Z,748.680908,748.719971,748.489990,748.669983,101468
2026-07-21T16:40:00Z,748.669983,748.739990,748.500000,748.609985,120496
2026-07-21T16:45:00Z,748.630005,748.650024,748.400024,748.489990,125200
2026-07-21T16:50:00Z,748.489990,748.994995,748.450012,748.959900,215362
2026-07-21T16:55:00Z,748.960022,749.039978,748.679993,748.690002,620830
2026-07-21T17:00:00Z,748.688416,748.830017,748.580505,748.619995,170343
2026-07-21T17:05:00Z,748.619995,748.854980,748.580017,748.710022,356355
2026-07-21T17:10:00Z,748.719971,748.739990,748.530029,748.599976,478893
2026-07-21T17:15:00Z,748.609985,748.659973,748.330017,748.354980,335585
2026-07-21T17:20:00Z,748.349976,748.479980,748.250000,748.400024,192939
2026-07-21T17:25:00Z,748.419983,748.479980,748.239990,748.359985,175614
2026-07-21T17:30:00Z,748.359985,748.570007,748.215027,748.359985,225080
2026-07-21T17:35:00Z,748.349976,748.799988,748.340027,748.700012,247679
2026-07-21T17:40:00Z,748.700012,748.729980,748.510010,748.669922,142384
2026-07-21T17:45:00Z,748.659973,748.859985,748.549988,748.820007,161776
2026-07-21T17:50:00Z,748.840027,748.929993,748.659973,748.679993,306097
2026-07-21T17:55:00Z,748.674988,748.719971,748.440002,748.590027,232952
2026-07-21T18:00:00Z,748.590027,748.770020,748.260010,748.320007,295577
2026-07-21T18:05:00Z,748.299988,748.549988,748.270020,748.455017,163057
2026-07-21T18:10:00Z,748.440002,748.549011,748.119995,748.159973,245581
2026-07-21T18:15:00Z,748.169983,748.270020,748.090027,748.210022,219304
2026-07-21T18:20:00Z,748.190002,748.400024,748.109985,748.299988,200541
2026-07-21T18:25:00Z,748.289978,748.299988,748.065002,748.210022,316580
2026-07-21T18:30:00Z,748.219971,748.260010,747.940002,747.969971,218286
2026-07-21T18:35:00Z,747.969971,748.270020,747.960022,748.150024,227217
2026-07-21T18:40:00Z,748.150024,748.609985,748.020020,748.539978,215354
2026-07-21T18:45:00Z,748.530029,748.640015,748.380005,748.450012,161869
2026-07-21T18:50:00Z,748.469971,748.510010,748.250000,748.259277,185937
2026-07-21T18:55:00Z,748.250000,748.570007,748.229980,748.369995,314496
2026-07-21T19:00:00Z,748.380005,748.469971,748.150024,748.270020,225750
2026-07-21T19:05:00Z,748.250000,748.419983,748.119995,748.135010,277072
2026-07-21T19:10:00Z,748.140015,748.429993,748.090027,748.239990,308319
2026-07-21T19:15:00Z,748.250000,748.460022,748.190002,748.309998,190314
2026-07-21T19:20:00Z,748.309998,748.390015,748.190002,748.309998,183500
2026-07-21T19:25:00Z,748.289978,748.460022,748.219971,748.260010,375104
2026-07-21T19:30:00Z,748.250000,748.390015,748.150024,748.179993,361485
2026-07-21T19:35:00Z,748.169983,748.570007,748.119995,748.409973,332389
2026-07-21T19:40:00Z,748.400513,748.588013,748.239990,748.530029,742764
2026-07-21T19:45:00Z,748.530029,748.640015,748.244995,748.604980,605051
2026-07-21T19:50:00Z,748.590027,748.700012,748.289978,748.380005,1277177
2026-07-21T19:55:00Z,748.380005,748.580017,748.090027,748.330017,1743645
2026-07-22T13:30:00Z,746.619995,747.570007,746.369995,747.315002,1723196
2026-07-22T13:35:00Z,747.309998,747.489990,747.020020,747.400024,398272
2026-07-22T13:40:00Z,747.409973,747.700012,747.090027,747.570007,386033
2026-07-22T13:45:00Z,747.599976,748.059998,747.570007,747.760010,387195
2026-07-22T13:50:00Z,747.739990,748.179993,747.395020,748.150024,499544
2026-07-22T13:55:00Z,748.130005,748.784973,748.020020,748.780029,496342
2026-07-22T14:00:00Z,748.770020,748.969971,748.520020,748.969971,393130
2026-07-22T14:05:00Z,748.969971,749.380005,748.510010,748.540100,386190
2026-07-22T14:10:00Z,748.539978,748.775024,748.110107,748.239990,289947
2026-07-22T14:15:00Z,748.260010,748.320007,747.770020,748.130005,251758
2026-07-22T14:20:00Z,748.140015,748.429993,747.380005,747.599976,390741
2026-07-22T14:25:00Z,747.630005,747.809998,747.090027,747.299988,311511
2026-07-22T14:30:00Z,747.289978,747.789978,747.169983,747.239990,405856
2026-07-22T14:35:00Z,747.260010,747.450012,747.050781,747.309998,396475
2026-07-22T14:40:00Z,747.299988,747.450012,746.760010,746.780029,250611
2026-07-22T14:45:00Z,746.789978,747.469971,746.679993,747.369995,297686
2026-07-22T14:50:00Z,747.380005,747.650024,747.090027,747.419983,348917
2026-07-22T14:55:00Z,747.390015,747.976990,747.150024,747.934998,280430
2026-07-22T15:00:00Z,747.929993,748.440002,747.890015,748.304993,277938
2026-07-22T15:05:00Z,748.299988,748.750000,748.200012,748.609985,333941
2026-07-22T15:10:00Z,748.609985,749.039307,748.590027,748.875000,275844
2026-07-22T15:15:00Z,748.880005,748.984985,748.520020,748.859985,382048
2026-07-22T15:20:00Z,748.869995,749.400024,748.830017,749.309998,177372
2026-07-22T15:25:00Z,749.320007,749.679993,749.260681,749.409973,274008
2026-07-22T15:30:00Z,749.419983,749.510010,748.919983,748.960022,258364
2026-07-22T15:35:00Z,748.984985,749.140015,748.750671,748.914978,184888
2026-07-22T15:40:00Z,748.914978,749.210022,748.849976,749.000000,123396
2026-07-22T15:45:00Z,749.020020,749.380005,749.020020,749.380005,251782
2026-07-22T15:50:00Z,749.380005,749.590027,749.229980,749.280029,154286
2026-07-22T15:55:00Z,749.260010,749.789978,749.179993,749.760010,157530
2026-07-22T16:00:00Z,749.760010,749.820007,749.489990,749.684998,191780
2026-07-22T16:05:00Z,749.690002,749.909973,749.539978,749.744995,230076
2026-07-22T16:10:00Z,749.739990,749.789978,749.599976,749.710022,200353
2026-07-22T16:15:00Z,749.710022,750.020020,749.679993,749.974976,195351
2026-07-22T16:20:00Z,749.969971,749.969971,749.780029,749.869995,234835
2026-07-22T16:25:00Z,749.869995,749.940002,749.679993,749.849976,242635
2026-07-22T16:30:00Z,749.859985,750.004822,749.750000,749.929993,178756
2026-07-22T16:35:00Z,749.919983,749.960022,749.789978,749.869995,313848
2026-07-22T16:40:00Z,749.890015,749.890015,749.640015,749.755005,179533
2026-07-22T16:45:00Z,749.760010,749.900024,749.520020,749.604980,179344
2026-07-22T16:50:00Z,749.609985,749.679993,749.479980,749.520020,132286
2026-07-22T16:55:00Z,749.510010,749.950012,749.500000,749.830017,146439
2026-07-22T17:00:00Z,749.835022,749.960022,749.369995,749.500000,233695
2026-07-22T17:05:00Z,749.500000,749.750000,749.479980,749.609985,580307
2026-07-22T17:10:00Z,749.599976,749.619995,749.250000,749.320007,361788
2026-07-22T17:15:00Z,749.309998,749.429993,749.190002,749.250000,502612
2026-07-22T17:20:00Z,749.239990,749.260010,748.950012,749.174988,195943
2026-07-22T17:25:00Z,749.169983,749.390015,749.000000,749.044495,196990
2026-07-22T17:30:00Z,749.049988,749.289978,748.859985,748.880005,244761
2026-07-22T17:35:00Z,748.880005,749.409973,748.849976,749.359985,210400
2026-07-22T17:40:00Z,749.359985,749.369995,749.049988,749.119995,175551
2026-07-22T17:45:00Z,749.130005,749.229980,749.015015,749.049988,126164
2026-07-22T17:50:00Z,749.039978,749.150024,748.692017,748.710022,166578
2026-07-22T17:55:00Z,748.700012,748.700012,748.390015,748.520020,645620
2026-07-22T18:00:00Z,748.515015,748.710022,748.200012,748.380005,297919
2026-07-22T18:05:00Z,748.380005,748.690002,748.270020,748.328979,295069
2026-07-22T18:10:00Z,748.299988,748.400024,748.010010,748.039978,232207
2026-07-22T18:15:00Z,748.030029,748.390015,748.025024,748.229980,203582
2026-07-22T18:20:00Z,748.250000,748.590027,748.159973,748.222595,238646
2026-07-22T18:25:00Z,748.229980,748.549988,748.210022,748.489990,188785
2026-07-22T18:30:00Z,748.489990,748.489990,748.049988,748.200012,276360
2026-07-22T18:35:00Z,748.190002,748.469971,748.159973,748.409973,188524
2026-07-22T18:40:00Z,748.429993,748.469971,748.229980,748.290100,288221
2026-07-22T18:45:00Z,748.289978,748.599976,748.204895,748.222473,216078
2026-07-22T18:50:00Z,748.219971,748.579895,748.109985,748.520020,245576
2026-07-22T18:55:00Z,748.500000,748.590027,748.378906,748.409973,183536
2026-07-22T19:00:00Z,748.440002,748.460022,748.150024,748.239990,208281
2026-07-22T19:05:00Z,748.244995,748.349976,748.150024,748.190002,162600
2026-07-22T19:10:00Z,748.200012,748.239990,747.830017,747.890015,248523
2026-07-22T19:15:00Z,747.900024,748.190002,747.830017,748.109985,189199
2026-07-22T19:20:00Z,748.109985,748.119995,747.799988,747.849976,205636
2026-07-22T19:25:00Z,747.849976,748.099976,747.650024,748.000000,415094
2026-07-22T19:30:00Z,748.000000,748.000000,747.669983,747.710022,616066
2026-07-22T19:35:00Z,747.710022,747.799988,747.359985,747.409973,522654
2026-07-22T19:40:00Z,747.421509,747.919983,747.419983,747.789978,556526
2026-07-22T19:45:00Z,747.794983,748.070007,747.755005,747.979980,742707
2026-07-22T19:50:00Z,747.989990,748.299988,747.690002,747.809998,870972
2026-07-22T19:55:00Z,747.820007,748.239990,747.294983,747.330017,3100017
2026-07-23T13:30:00Z,739.369995,741.369995,738.469971,741.320007,4201871
2026-07-23T13:35:00Z,741.299988,741.869995,740.849976,741.445007,793095
2026-07-23T13:40:00Z,741.419983,742.559998,741.419983,741.820007,612613
2026-07-23T13:45:00Z,741.849976,741.994995,740.169983,740.400024,807521
2026-07-23T13:50:00Z,740.369995,740.945007,739.719971,740.929993,1031948
2026-07-23T13:55:00Z,740.950012,741.280029,739.299988,739.575012,676870
2026-07-23T14:00:00Z,739.580017,740.630005,739.580017,740.344971,531714
2026-07-23T14:05:00Z,740.359985,740.929993,738.869995,739.359985,443580
2026-07-23T14:10:00Z,739.344971,740.539978,739.210022,739.690002,445606
2026-07-23T14:15:00Z,739.659973,740.359985,739.409973,739.510010,449562
2026-07-23T14:20:00Z,739.520020,740.434998,739.169983,739.440002,577693
2026-07-23T14:25:00Z,739.400024,739.909973,738.989990,739.799988,545442
2026-07-23T14:30:00Z,739.739990,740.039978,738.659973,738.969971,449770
2026-07-23T14:35:00Z,738.979980,740.510010,738.590027,740.380005,780782
2026-07-23T14:40:00Z,740.380005,740.640015,738.669983,738.869995,432500
2026-07-23T14:45:00Z,738.859985,739.469971,738.669983,738.830017,422993
2026-07-23T14:50:00Z,738.840027,739.070007,738.010010,738.140015,527804
2026-07-23T14:55:00Z,738.155029,738.580017,738.070007,738.309998,354913
2026-07-23T15:00:00Z,738.320007,738.479980,737.500000,737.659973,456987
2026-07-23T15:05:00Z,737.669983,737.700012,736.940002,737.155029,831070
2026-07-23T15:10:00Z,737.159973,737.409973,736.450012,736.650024,985434
2026-07-23T15:15:00Z,736.619995,737.275024,736.580017,737.179993,637201
2026-07-23T15:20:00Z,737.200012,737.690002,735.979980,736.669922,1020234
2026-07-23T15:25:00Z,736.669983,736.720398,735.809998,735.929871,857021
2026-07-23T15:30:00Z,735.909973,736.419983,735.210022,736.409973,810901
2026-07-23T15:35:00Z,736.409973,737.440002,736.380005,737.348022,696790
2026-07-23T15:40:00Z,737.340027,737.659973,736.640015,736.640015,544099
2026-07-23T15:45:00Z,736.640015,736.969971,736.359985,736.896179,352859
2026-07-23T15:50:00Z,736.890015,737.330017,736.590027,737.320007,320277
2026-07-23T15:55:00Z,737.330017,737.900024,737.119995,737.844971,333004
2026-07-23T16:00:00Z,737.844971,738.309998,737.530029,738.034973,421746
2026-07-23T16:05:00Z,738.039978,738.469971,737.549988,738.469971,343277
2026-07-23T16:10:00Z,738.469971,738.835022,738.419983,738.619995,409071
2026-07-23T16:15:00Z,738.619995,738.830017,738.219971,738.570007,1292232
2026-07-23T16:20:00Z,738.582825,739.659973,738.570007,739.460022,484093
2026-07-23T16:25:00Z,739.450012,739.619995,739.150024,739.450012,378385
2026-07-23T16:30:00Z,739.450012,739.489990,739.059998,739.119995,328174
2026-07-23T16:35:00Z,739.099976,739.719971,738.940002,739.699890,333622
2026-07-23T16:40:00Z,739.700012,739.710022,738.969971,738.969971,222903
2026-07-23T16:45:00Z,738.960022,738.960022,738.010010,738.025024,351531
2026-07-23T16:50:00Z,738.020020,738.340027,737.750000,737.979980,299219
2026-07-23T16:55:00Z,737.979980,738.710022,737.979980,738.659973,271435
2026-07-23T17:00:00Z,738.669983,738.940002,738.200012,738.210022,175458
2026-07-23T17:05:00Z,738.219971,738.489990,737.789978,738.489990,423821
2026-07-23T17:10:00Z,738.460022,738.840027,738.429993,738.609985,405299
2026-07-23T17:15:00Z,738.559998,738.900024,738.159973,738.525024,519411
2026-07-23T17:20:00Z,738.565002,739.030029,738.400024,738.989990,1506693
2026-07-23T17:25:00Z,738.979980,739.200012,738.739990,738.750000,374258
2026-07-23T17:30:00Z,738.739990,738.799988,738.049988,738.090027,647896
2026-07-23T17:35:00Z,738.054993,738.119995,737.465027,737.619995,154118
2026-07-23T17:40:00Z,737.619995,737.859985,737.270020,737.710022,189087
2026-07-23T17:45:00Z,737.700012,738.289978,737.500000,738.159973,179442
2026-07-23T17:50:00Z,738.169983,738.239929,737.700012,737.710022,140875
2026-07-23T17:55:00Z,737.650024,737.709900,737.130005,737.190002,149773
2026-07-23T18:00:00Z,737.159973,737.309998,736.900024,736.979980,212506
2026-07-23T18:05:00Z,736.969971,737.159973,736.800110,736.862000,209211
2026-07-23T18:10:00Z,736.890015,737.369995,736.869995,737.029785,593695
2026-07-23T18:15:00Z,736.971985,737.359985,736.820007,737.000000,281077
2026-07-23T18:20:00Z,737.020020,737.440002,736.940002,737.409973,183660
2026-07-23T18:25:00Z,737.419983,737.489990,737.034973,737.419983,218263
2026-07-23T18:30:00Z,737.414978,737.659973,737.320007,737.599976,279276
2026-07-23T18:35:00Z,737.580017,737.690002,736.830017,736.929993,327191
2026-07-23T18:40:00Z,736.929993,737.020020,736.609985,736.840027,415699
2026-07-23T18:45:00Z,736.830017,737.450012,736.830017,737.299988,583968
2026-07-23T18:50:00Z,737.299988,737.369995,736.686829,736.719971,295039
2026-07-23T18:55:00Z,736.710022,737.059998,736.630005,737.049988,491634
2026-07-23T19:00:00Z,737.080017,737.390015,736.780029,736.799988,340647
2026-07-23T19:05:00Z,736.799988,736.960022,736.700012,736.729980,257690
2026-07-23T19:10:00Z,736.719971,736.875000,736.469971,736.599976,201871
2026-07-23T19:15:00Z,736.599976,737.159973,736.590027,736.950012,339486
2026-07-23T19:20:00Z,736.969971,737.630005,736.950012,737.619995,451009
2026-07-23T19:25:00Z,737.619995,737.900024,737.320007,737.479980,493815
2026-07-23T19:30:00Z,737.489990,737.739990,736.679993,737.150024,580631
2026-07-23T19:35:00Z,737.145020,737.219971,736.830017,736.890015,702327
2026-07-23T19:40:00Z,736.869995,736.979980,736.250000,736.250000,1754270
2026-07-23T19:45:00Z,736.260010,736.400024,735.719971,735.924988,988958
2026-07-23T19:50:00Z,735.929993,736.979980,735.929993,736.710022,2437408
2026-07-23T19:55:00Z,736.729980,738.640015,736.729980,738.169983,5113800
2026-07-24T13:30:00Z,738.510010,739.500000,738.419983,739.277100,1467113
2026-07-24T13:35:00Z,739.289978,739.659973,738.880005,739.109985,415105
2026-07-24T13:40:00Z,739.099976,739.140076,738.659973,738.810120,406628
2026-07-24T13:45:00Z,738.809998,739.880005,738.570007,739.820007,482528
2026-07-24T13:50:00Z,739.809998,739.809998,737.690002,737.840027,758616
2026-07-24T13:55:00Z,737.830017,738.200012,737.429993,737.530029,480275
2026-07-24T14:00:00Z,738.109985,738.670105,737.679993,737.744019,777067
2026-07-24T14:05:00Z,737.789978,739.489990,737.570007,739.299988,489734
2026-07-24T14:10:00Z,739.265015,739.905029,738.825012,739.539490,932941
2026-07-24T14:15:00Z,739.539978,739.710022,738.000000,738.534973,993924
2026-07-24T14:20:00Z,738.530029,739.950012,738.159973,739.539978,401286
2026-07-24T14:25:00Z,739.559998,739.719971,738.969971,739.179993,390349
2026-07-24T14:30:00Z,739.190002,739.229980,738.330017,738.340027,412680
2026-07-24T14:35:00Z,738.335022,738.820007,737.909973,738.059998,331563
2026-07-24T14:40:00Z,738.030029,738.349976,737.840027,737.905029,667881
2026-07-24T14:45:00Z,737.890015,738.549988,737.429993,738.530029,341313
2026-07-24T14:50:00Z,738.534973,739.320007,738.530029,739.010010,368611
2026-07-24T14:55:00Z,739.010010,740.700012,739.010010,740.590027,457825
2026-07-24T15:00:00Z,740.590027,740.960022,740.210022,740.239990,1066983
2026-07-24T15:05:00Z,740.229980,740.640015,739.659973,739.699890,310429
2026-07-24T15:10:00Z,739.690002,742.169983,739.580017,741.880005,772738
2026-07-24T15:15:00Z,741.859985,743.000000,741.340027,741.477478,736171
2026-07-24T15:20:00Z,741.494995,742.650024,741.409973,742.369995,453802
2026-07-24T15:25:00Z,742.395020,743.130005,742.330017,742.609985,413289
2026-07-24T15:30:00Z,742.599976,742.900024,742.049988,742.080017,242596
2026-07-24T15:35:00Z,742.044983,743.158020,742.030029,743.070007,318123
2026-07-24T15:40:00Z,743.059998,743.250000,742.028992,742.289978,273038
2026-07-24T15:45:00Z,742.289978,742.650024,742.000000,742.130005,215877
2026-07-24T15:50:00Z,742.135010,742.789978,742.130005,742.559998,351940
2026-07-24T15:55:00Z,742.559998,743.109985,742.520020,743.015015,310650
2026-07-24T16:00:00Z,743.039978,743.239990,742.640015,743.210022,667546
2026-07-24T16:05:00Z,743.200012,743.549988,742.940002,743.280029,454257
2026-07-24T16:10:00Z,743.299988,743.719971,742.849976,742.969971,340403
2026-07-24T16:15:00Z,743.000000,743.320007,742.809998,743.134705,255553
2026-07-24T16:20:00Z,743.144897,743.500000,743.099976,743.359924,200917
2026-07-24T16:25:00Z,743.359985,743.570007,743.179993,743.190002,178237
2026-07-24T16:30:00Z,743.169983,743.190002,742.359985,742.500000,390307
2026-07-24T16:35:00Z,742.515015,742.739990,742.229980,742.270020,210497
2026-07-24T16:40:00Z,742.260010,742.260010,741.640015,741.650024,236074
2026-07-24T16:45:00Z,741.640015,741.809998,740.950012,741.189880,405413
2026-07-24T16:50:00Z,741.190002,741.270020,740.739990,741.070007,279526
2026-07-24T16:55:00Z,741.049011,741.760010,740.869995,741.450012,199361
2026-07-24T17:00:00Z,741.469971,741.599976,741.010010,741.174988,182715
2026-07-24T17:05:00Z,741.169983,741.330017,740.380005,740.418274,386540
2026-07-24T17:10:00Z,740.400024,741.059998,740.230103,740.929993,255564
2026-07-24T17:15:00Z,740.950012,741.469971,740.659973,741.409973,184125
2026-07-24T17:20:00Z,741.416504,741.489990,740.907227,741.299988,327532
2026-07-24T17:25:00Z,741.289978,741.840027,740.989990,741.710022,196903
2026-07-24T17:30:00Z,741.750000,742.169189,741.530029,742.111816,156146
2026-07-24T17:35:00Z,742.109985,742.119995,741.429993,741.510010,162452
2026-07-24T17:40:00Z,741.520020,741.539978,741.070007,741.080017,184684
2026-07-24T17:45:00Z,741.070007,741.390015,740.919983,741.309998,162181
2026-07-24T17:50:00Z,741.309998,741.534973,740.969971,741.270020,270661
2026-07-24T17:55:00Z,741.289978,741.390015,740.969971,740.979980,244499
2026-07-24T18:00:00Z,740.989990,741.289978,740.770020,740.890015,188906
2026-07-24T18:05:00Z,740.880005,741.270020,740.750000,740.969971,338674
2026-07-24T18:10:00Z,741.020020,741.075012,740.479980,740.590027,257613
2026-07-24T18:15:00Z,740.594971,740.650024,740.140015,740.229980,387838
2026-07-24T18:20:00Z,740.190002,740.200012,739.719971,739.809998,433579
2026-07-24T18:25:00Z,739.799988,739.880005,739.000000,739.034973,473174
2026-07-24T18:30:00Z,739.049988,739.159973,738.070007,738.173828,593684
2026-07-24T18:35:00Z,738.190002,738.630005,737.830017,738.270020,879485
2026-07-24T18:40:00Z,738.270020,738.270020,737.640015,737.849976,439073
2026-07-24T18:45:00Z,737.869995,738.700012,737.789978,738.309998,392359
2026-07-24T18:50:00Z,738.289978,738.500000,738.030029,738.205017,417134
2026-07-24T18:55:00Z,738.190002,738.710022,738.140015,738.380005,302475
2026-07-24T19:00:00Z,738.390015,738.895020,738.210022,738.280029,895698
2026-07-24T19:05:00Z,738.250000,738.650024,737.559998,737.604980,779209
2026-07-24T19:10:00Z,737.609985,738.229980,737.469971,737.599976,705769
2026-07-24T19:15:00Z,737.599976,737.830017,737.409973,737.799988,1036183
2026-07-24T19:20:00Z,737.820007,738.020020,737.289978,737.429993,521023
2026-07-24T19:25:00Z,737.440002,737.869995,737.299988,737.650024,459031
2026-07-24T19:30:00Z,737.719971,738.380005,737.659973,738.090027,822160
2026-07-24T19:35:00Z,738.080017,738.659973,737.989990,738.109985,1074359
2026-07-24T19:40:00Z,738.109985,738.340027,737.789978,738.280029,800742
2026-07-24T19:45:00Z,738.299988,738.440002,737.750000,738.339905,1069183
2026-07-24T19:50:00Z,738.340027,738.580017,737.640015,738.469971,1055109
2026-07-24T19:55:00Z,738.489990,739.099976,738.049988,738.859985,3826336
2026-07-27T13:30:00Z,744.909973,745.169983,743.942505,744.655029,1905497
2026-07-27T13:35:00Z,744.659973,745.530029,744.570007,744.969971,673895
2026-07-27T13:40:00Z,744.969971,745.065002,743.440002,743.450012,563061
2026-07-27T13:45:00Z,743.479980,744.150024,743.200012,743.799988,584594
2026-07-27T13:50:00Z,743.849976,744.169983,743.369995,743.450012,404221
2026-07-27T13:55:00Z,743.429993,743.460022,741.599976,741.599976,587019
2026-07-27T14:00:00Z,741.599976,742.130005,741.219971,741.659973,1099633
2026-07-27T14:05:00Z,741.650024,742.039978,741.229980,741.750000,612508
2026-07-27T14:10:00Z,741.750000,741.770020,740.460022,740.965027,653122
2026-07-27T14:15:00Z,740.969971,741.565002,740.520020,740.989990,610851
2026-07-27T14:20:00Z,740.945007,740.945007,739.630005,739.825012,539015
2026-07-27T14:25:00Z,739.825012,740.000000,738.200012,738.315002,1004967
2026-07-27T14:30:00Z,738.330017,738.554993,737.729980,737.969971,902868
2026-07-27T14:35:00Z,737.945007,738.299988,737.140015,738.080017,720749
2026-07-27T14:40:00Z,738.075012,738.270020,736.539978,736.789978,636446
2026-07-27T14:45:00Z,736.789978,738.159973,736.789978,738.000000,542379
2026-07-27T14:50:00Z,737.989990,738.825012,737.929993,738.590027,597315
2026-07-27T14:55:00Z,738.590027,739.880005,738.369995,739.690125,566206
2026-07-27T15:00:00Z,739.719971,739.969971,739.340027,739.760010,442765
2026-07-27T15:05:00Z,739.739990,740.309998,739.190125,739.219971,910063
2026-07-27T15:10:00Z,739.270020,739.934998,739.099976,739.390015,360377
2026-07-27T15:15:00Z,739.359985,739.520020,737.940002,738.804993,363940
2026-07-27T15:20:00Z,738.809998,739.299988,738.020020,738.179993,265057
2026-07-27T15:25:00Z,738.164978,738.539978,737.880005,738.289978,433314
2026-07-27T15:30:00Z,738.270020,738.270020,737.299988,737.409973,264012
2026-07-27T15:35:00Z,737.419983,737.500000,736.335022,736.940002,409638
2026-07-27T15:40:00Z,736.929993,737.469971,736.591187,737.440002,334033
2026-07-27T15:45:00Z,737.429993,737.549988,736.690002,736.890015,243039
2026-07-27T15:50:00Z,736.919983,737.359985,736.710022,737.059998,183387
2026-07-27T15:55:00Z,737.059998,737.650024,736.960022,737.484985,217265
2026-07-27T16:00:00Z,737.492493,738.159973,737.390015,738.150024,221283
2026-07-27T16:05:00Z,738.150024,738.369995,737.718018,738.299988,196164
2026-07-27T16:10:00Z,738.309998,738.690002,737.385681,737.450012,226422
2026-07-27T16:15:00Z,737.440002,737.479980,736.859985,737.299988,543560
2026-07-27T16:20:00Z,737.309998,737.830017,737.070007,737.770020,156681
2026-07-27T16:25:00Z,737.770020,739.679993,737.710022,738.719971,763317
2026-07-27T16:30:00Z,738.719971,739.309998,738.400024,738.909912,183224
2026-07-27T16:35:00Z,738.890015,739.349976,738.450012,738.969971,218445
2026-07-27T16:40:00Z,738.979980,739.102295,738.080017,738.340027,162992
2026-07-27T16:45:00Z,738.349976,738.799988,738.099976,738.099976,138429
2026-07-27T16:50:00Z,738.080017,738.080017,737.000000,737.150024,209793
2026-07-27T16:55:00Z,737.150024,737.159973,736.640015,737.057007,188221
2026-07-27T17:00:00Z,737.070007,737.099976,736.099976,736.181030,289830
2026-07-27T17:05:00Z,736.179993,736.580017,736.070007,736.380005,201760
2026-07-27T17:10:00Z,736.369995,736.770020,736.179993,736.650024,343362
2026-07-27T17:15:00Z,736.640015,736.760010,735.869995,736.215027,231599
2026-07-27T17:20:00Z,736.219971,736.760010,736.099976,736.385010,266710
2026-07-27T17:25:00Z,736.395020,736.650024,736.190002,736.200012,195724
2026-07-27T17:30:00Z,736.219971,737.200012,736.179993,737.159973,231267
2026-07-27T17:35:00Z,737.145020,737.280029,736.559998,736.710022,171705
2026-07-27T17:40:00Z,736.690002,736.909973,736.500000,736.799988,114163
2026-07-27T17:45:00Z,736.820007,737.135010,736.570007,736.760010,125647
2026-07-27T17:50:00Z,736.729980,737.549988,736.679993,737.498230,141067
2026-07-27T17:55:00Z,737.539978,737.849976,737.280029,737.799988,184185
2026-07-27T18:00:00Z,737.840027,737.960022,737.539978,737.609985,212283
2026-07-27T18:05:00Z,737.599976,737.969971,737.479980,737.679993,299969
2026-07-27T18:10:00Z,737.669983,737.929993,737.619995,737.750000,216631
2026-07-27T18:15:00Z,737.750000,737.830017,737.030029,737.250000,250125
2026-07-27T18:20:00Z,737.219971,737.690002,737.080017,737.550110,163252
2026-07-27T18:25:00Z,737.549988,737.799988,737.419983,737.619995,244690
2026-07-27T18:30:00Z,737.640015,737.650024,736.859985,736.905029,198582
2026-07-27T18:35:00Z,736.859985,737.080017,736.700012,736.789978,226540
2026-07-27T18:40:00Z,736.789978,737.590027,736.619995,737.469971,682693
2026-07-27T18:45:00Z,737.484985,737.750000,737.359985,737.369995,236413
2026-07-27T18:50:00Z,737.380005,738.650024,737.369995,738.549988,328213
2026-07-27T18:55:00Z,738.559998,739.250000,738.510010,739.059998,485661
2026-07-27T19:00:00Z,739.059998,739.169983,738.552002,738.575012,417093
2026-07-27T19:05:00Z,738.570007,739.400024,738.489990,739.320007,422423
2026-07-27T19:10:00Z,739.299988,739.580017,738.950012,739.090027,283609
2026-07-27T19:15:00Z,739.099976,739.500000,739.090027,739.494995,257850
2026-07-27T19:20:00Z,739.520020,739.770020,739.349976,739.614990,409953
2026-07-27T19:25:00Z,739.619995,739.719971,739.340027,739.650024,268266
2026-07-27T19:30:00Z,739.650024,739.849976,739.469971,739.570007,448729
2026-07-27T19:35:00Z,739.549988,739.690002,738.919983,738.989990,650122
2026-07-27T19:40:00Z,738.989990,739.219910,738.820007,738.969971,627623
2026-07-27T19:45:00Z,738.960022,739.070007,738.619995,739.039978,1084314
2026-07-27T19:50:00Z,739.049988,739.229980,738.582397,738.770020,1543745
2026-07-27T19:55:00Z,738.770020,739.109985,738.500000,739.020020,4015323
2026-07-28T13:30:00Z,739.190002,739.479980,738.030029,738.155029,2837977
2026-07-28T13:35:00Z,738.159973,739.065002,737.760010,737.789978,824055
2026-07-28T13:40:00Z,737.789978,738.340027,736.559998,737.049988,1041103
2026-07-28T13:45:00Z,737.049988,737.609985,735.979980,737.530029,893500
2026-07-28T13:50:00Z,737.530029,738.174988,736.729980,737.059875,748968
2026-07-28T13:55:00Z,737.039978,737.250000,736.159973,736.500000,520934
2026-07-28T14:00:00Z,736.489990,737.710022,736.450012,737.260010,402300
2026-07-28T14:05:00Z,737.239990,738.215027,736.880005,737.090027,500278
2026-07-28T14:10:00Z,737.039978,737.809998,736.270020,736.590027,454557
2026-07-28T14:15:00Z,736.609985,737.159973,736.440002,736.609985,789147
2026-07-28T14:20:00Z,736.630005,737.877991,736.369995,737.304993,483313
2026-07-28T14:25:00Z,737.309998,737.750000,737.150024,737.700012,463346
2026-07-28T14:30:00Z,737.719971,738.000000,737.210022,737.244995,548219
2026-07-28T14:35:00Z,737.239990,738.619995,737.150024,737.530029,535883
2026-07-28T14:40:00Z,737.539978,738.609985,737.400024,738.270020,676154
2026-07-28T14:45:00Z,738.250000,739.409973,737.859985,739.309998,660577
2026-07-28T14:50:00Z,739.299988,739.784973,739.150024,739.419983,626397
2026-07-28T14:55:00Z,739.429993,739.820007,738.580017,738.640015,364229
2026-07-28T15:00:00Z,738.700012,739.179993,738.140015,738.150024,677367
2026-07-28T15:05:00Z,738.159973,738.840027,738.010010,738.799988,254071
2026-07-28T15:10:00Z,738.770020,739.710022,738.460022,739.340027,420180
2026-07-28T15:15:00Z,739.380005,740.570007,739.190125,740.570007,658227
2026-07-28T15:20:00Z,740.570007,741.380005,740.544983,741.380005,702554
2026-07-28T15:25:00Z,741.359985,741.900024,741.039978,741.200012,664777
2026-07-28T15:30:00Z,741.169983,741.479980,740.991028,741.250000,233448
2026-07-28T15:35:00Z,741.309998,741.900024,741.239990,741.619995,249016
2026-07-28T15:40:00Z,741.599976,742.090027,741.419983,742.070007,288552
2026-07-28T15:45:00Z,742.070007,742.450012,741.960022,742.320007,347047
2026-07-28T15:50:00Z,742.320007,742.409973,741.789978,742.059998,326561
2026-07-28T15:55:00Z,742.070007,742.390015,741.799988,742.215027,198277
2026-07-28T16:00:00Z,742.205017,742.349976,741.940002,742.020020,433367
2026-07-28T16:05:00Z,742.020020,742.200012,741.559998,741.570007,298787
2026-07-28T16:10:00Z,741.570007,741.840027,741.479980,741.619995,270948
2026-07-28T16:15:00Z,741.609985,741.919983,741.320007,741.900024,244630
2026-07-28T16:20:00Z,741.908020,742.090027,741.309998,741.489990,209637
2026-07-28T16:25:00Z,741.479980,741.599976,741.210022,741.210022,176750
2026-07-28T16:30:00Z,741.229980,741.390015,740.919983,741.109985,180477
2026-07-28T16:35:00Z,741.119995,741.799988,741.080017,741.779907,173601
2026-07-28T16:40:00Z,741.780029,742.150024,741.710022,741.940002,353730
2026-07-28T16:45:00Z,741.940002,742.080017,741.390015,741.789978,309539
2026-07-28T16:50:00Z,741.789978,742.659973,741.760010,742.609985,383824
2026-07-28T16:55:00Z,742.619995,742.790100,742.479980,742.609985,167506
2026-07-28T17:00:00Z,742.609985,742.780029,742.085022,742.140015,297007
2026-07-28T17:05:00Z,742.150024,742.320007,741.450012,741.529907,228247
2026-07-28T17:10:00Z,741.500000,741.820007,741.179993,741.340027,343721
2026-07-28T17:15:00Z,741.335022,741.530029,741.080017,741.309998,175637
2026-07-28T17:20:00Z,741.320007,742.190002,741.210022,741.349976,357005
2026-07-28T17:25:00Z,741.335022,741.719971,741.130005,741.309998,124272
2026-07-28T17:30:00Z,741.299988,741.830017,741.109985,741.700012,189957
2026-07-28T17:35:00Z,741.719971,741.919983,741.340027,741.400024,125230
2026-07-28T17:40:00Z,741.380005,741.659973,740.650024,740.799988,323917
2026-07-28T17:45:00Z,740.794983,741.390015,740.640015,741.299988,273765
2026-07-28T17:50:00Z,741.284973,741.284973,740.679993,740.760925,136456
2026-07-28T17:55:00Z,740.739990,741.219971,740.510010,741.190002,222469
2026-07-28T18:00:00Z,741.200012,741.520020,741.010010,741.229980,273418
2026-07-28T18:05:00Z,741.200012,741.289978,740.739990,740.849976,233917
2026-07-28T18:10:00Z,740.849976,740.931824,740.419983,740.455017,380289
2026-07-28T18:15:00Z,740.460022,740.844971,740.429993,740.760010,292465
2026-07-28T18:20:00Z,740.750000,740.960022,740.510010,740.540100,165059
2026-07-28T18:25:00Z,740.549988,740.690002,740.429993,740.590027,250657
2026-07-28T18:30:00Z,740.590027,741.049988,740.500000,740.934998,265820
2026-07-28T18:35:00Z,740.904907,741.119995,740.739990,740.820007,170009
2026-07-28T18:40:00Z,740.840027,740.880005,740.549988,740.770020,255894
2026-07-28T18:45:00Z,740.789978,741.409973,740.690002,741.250000,338437
2026-07-28T18:50:00Z,741.250000,741.520020,741.150024,741.250000,229256
2026-07-28T18:55:00Z,741.250000,741.614990,741.070007,741.450012,237145
2026-07-28T19:00:00Z,741.450012,741.960022,741.429993,741.909973,375364
2026-07-28T19:05:00Z,741.880005,741.955017,741.390015,741.419983,1364659
2026-07-28T19:10:00Z,741.429993,741.650024,741.330017,741.469971,221720
2026-07-28T19:15:00Z,741.460022,741.719971,741.309998,741.649902,345562
2026-07-28T19:20:00Z,741.619995,741.840027,741.530029,741.809998,1094845
2026-07-28T19:25:00Z,741.820007,741.849976,741.349976,741.700012,398036
2026-07-28T19:30:00Z,741.710022,741.729980,741.460022,741.532471,690086
2026-07-28T19:35:00Z,741.530029,741.554993,740.929993,741.010010,391016
2026-07-28T19:40:00Z,741.010010,741.309998,740.989990,741.299988,476767
2026-07-28T19:45:00Z,741.299988,741.340027,740.890015,741.109985,919399
2026-07-28T19:50:00Z,741.099976,741.669983,740.849976,741.640015,1198938
2026-07-28T19:55:00Z,741.630005,741.630005,740.429993,740.760010,5045104
2026-07-29T13:30:00Z,739.969971,740.390015,738.719971,740.030029,2005035
2026-07-29T13:35:00Z,740.020020,740.239990,739.174988,739.900024,395710
2026-07-29T13:40:00Z,739.890015,740.039978,739.320007,739.679993,838844
2026-07-29T13:45:00Z,739.659973,740.219971,738.880005,739.155029,525174
2026-07-29T13:50:00Z,739.159973,739.210022,737.429993,737.809998,613806
2026-07-29T13:55:00Z,737.780029,737.780029,736.609985,737.359985,627156
2026-07-29T14:00:00Z,737.429993,738.090027,737.349976,737.799988,917628
2026-07-29T14:05:00Z,737.784973,738.330017,736.710022,736.809998,415704
2026-07-29T14:10:00Z,736.780029,737.039978,735.040100,735.409973,727128
2026-07-29T14:15:00Z,735.409973,736.270020,735.359985,735.890015,540169
2026-07-29T14:20:00Z,735.890015,736.469971,735.309998,735.489990,520529
2026-07-29T14:25:00Z,735.469971,735.520020,734.260010,734.919983,838779
2026-07-29T14:30:00Z,734.909973,735.840027,734.809998,735.320007,86016
2026-07-29T14:35:00Z,735.320007,735.460022,734.659973,734.809998,657612
2026-07-29T14:40:00Z,734.780029,734.799988,733.789978,734.219971,577499
2026-07-29T14:45:00Z,734.210022,734.789978,733.890015,734.429993,442505
2026-07-29T14:50:00Z,734.424988,735.340027,734.260010,735.030029,479301
2026-07-29T14:55:00Z,735.020020,735.090027,734.270020,734.820007,281205
2026-07-29T15:00:00Z,734.820007,735.549316,734.429993,735.320007,373832
2026-07-29T15:05:00Z,735.320007,735.619080,734.669983,735.590027,345938
2026-07-29T15:10:00Z,735.630005,735.659973,734.530029,734.640015,354996
2026-07-29T15:15:00Z,734.650024,735.489990,734.530029,734.559998,303515
2026-07-29T15:20:00Z,734.570007,735.049988,734.369995,735.020020,284631
2026-07-29T15:25:00Z,735.010010,735.215027,734.349976,734.440308,209233
2026-07-29T15:30:00Z,734.419983,734.989990,734.280029,734.570007,204830
2026-07-29T15:35:00Z,734.580017,734.969910,734.030029,734.030029,232836
2026-07-29T15:40:00Z,734.020020,734.419983,733.719971,733.989990,263869
2026-07-29T15:45:00Z,733.979980,734.469971,733.789978,734.440002,217372
2026-07-29T15:50:00Z,734.429993,734.539978,733.469971,733.479980,235884
2026-07-29T15:55:00Z,733.510010,733.880005,733.020020,733.729980,406160
2026-07-29T16:00:00Z,733.760010,734.030029,732.739990,732.809998,327099
2026-07-29T16:05:00Z,732.840027,732.840027,732.219971,732.710022,472886
2026-07-29T16:10:00Z,732.700012,732.760010,732.020020,732.020020,325022
2026-07-29T16:15:00Z,732.020020,732.359985,731.729980,732.229980,660736
2026-07-29T16:20:00Z,732.239990,733.599976,732.109985,733.349976,399286
2026-07-29T16:25:00Z,733.349976,733.919983,733.280029,733.849976,356148
2026-07-29T16:30:00Z,733.840027,734.320007,733.394775,733.394775,393943
2026-07-29T16:35:00Z,733.400024,733.679993,732.979980,733.570007,663020
2026-07-29T16:40:00Z,733.549988,733.710022,732.880005,733.229919,303600
2026-07-29T16:45:00Z,733.219971,733.960022,733.030029,733.929993,274572
2026-07-29T16:50:00Z,733.950012,734.500000,733.710022,734.289978,254201
2026-07-29T16:55:00Z,734.260010,734.869995,734.140076,734.869995,220409
2026-07-29T17:00:00Z,734.880005,735.989990,734.739990,735.859985,362702
2026-07-29T17:05:00Z,735.895020,735.929993,735.340027,735.395020,353415
2026-07-29T17:10:00Z,735.400024,736.619995,735.330017,736.599976,429716
2026-07-29T17:15:00Z,736.609985,736.864990,736.294983,736.729980,384861
2026-07-29T17:20:00Z,736.729980,737.239990,736.289978,736.340027,368551
2026-07-29T17:25:00Z,736.330017,736.460022,735.729980,735.739990,388325
2026-07-29T17:30:00Z,735.750000,736.349976,735.270020,735.840027,374541
2026-07-29T17:35:00Z,735.809998,735.969971,735.349976,735.640015,222045
2026-07-29T17:40:00Z,735.640015,735.919983,735.390015,735.750000,231375
2026-07-29T17:45:00Z,735.760010,736.030029,735.390015,735.978027,217402
2026-07-29T17:50:00Z,735.979980,736.400024,735.950012,736.190002,369375
2026-07-29T17:55:00Z,736.190002,736.419983,735.609985,736.407471,330588
2026-07-29T18:00:00Z,736.369995,739.549988,736.369995,738.140015,1893154
2026-07-29T18:05:00Z,738.109985,739.039978,737.679993,738.090027,665191
2026-07-29T18:10:00Z,738.059998,738.380005,736.960022,737.390015,613643
2026-07-29T18:15:00Z,737.419983,738.260010,736.820007,737.020020,481252
2026-07-29T18:20:00Z,737.010010,737.109985,736.318298,736.659973,396281
2026-07-29T18:25:00Z,736.690002,737.359985,736.460022,737.309998,490315
2026-07-29T18:30:00Z,737.359985,738.080017,735.950012,736.909973,834015
2026-07-29T18:35:00Z,736.929993,739.289978,736.340027,738.940002,532500
2026-07-29T18:40:00Z,738.934570,741.020020,738.849976,740.719971,906270
2026-07-29T18:45:00Z,740.719971,742.119995,740.469971,741.929993,1062438
2026-07-29T18:50:00Z,741.919983,742.645020,741.270020,742.590027,924783
2026-07-29T18:55:00Z,742.609985,742.679993,741.549988,741.950012,608207
2026-07-29T19:00:00Z,741.945007,742.590027,740.099976,740.539978,862845
2026-07-29T19:05:00Z,740.520020,740.559998,738.419983,738.429993,878279
2026-07-29T19:10:00Z,738.409973,739.250000,737.950012,738.912598,711858
2026-07-29T19:15:00Z,738.895020,739.770020,737.380005,737.589905,868891
2026-07-29T19:20:00Z,737.590027,737.669983,735.330017,735.369995,1214289
2026-07-29T19:25:00Z,735.369995,735.710022,734.280579,735.150024,1201050
2026-07-29T19:30:00Z,735.210022,735.739990,732.695007,733.589905,2836755
2026-07-29T19:35:00Z,733.580017,734.020020,731.520020,731.604980,1571024
2026-07-29T19:40:00Z,731.594971,732.270020,730.900024,731.299988,1726730
2026-07-29T19:45:00Z,731.299988,732.090027,730.409973,731.909912,2456951
2026-07-29T19:50:00Z,731.890015,731.890015,730.169983,730.830017,2247582
2026-07-29T19:55:00Z,730.820007,730.820007,729.099976,729.539978,8906932
2026-07-30T13:30:00Z,736.049988,736.270020,734.969971,735.445129,3476633
2026-07-30T13:35:00Z,735.440002,736.049988,734.979980,735.340027,1026329
2026-07-30T13:40:00Z,735.309998,736.789978,734.630005,736.395020,1100592
2026-07-30T13:45:00Z,736.390015,737.429993,736.349976,737.400024,1294931
2026-07-30T13:50:00Z,737.390015,738.364075,737.070007,737.869995,1047074
2026-07-30T13:55:00Z,737.864990,738.659973,737.590027,738.625000,963366
2026-07-30T14:00:00Z,738.625000,738.989990,738.080017,738.580017,1379841
2026-07-30T14:05:00Z,738.580017,738.905029,737.549988,737.767212,792218
2026-07-30T14:10:00Z,737.760010,738.155029,737.440002,737.979980,670183
2026-07-30T14:15:00Z,737.979980,738.479980,737.380005,737.789978,539046
2026-07-30T14:20:00Z,737.789978,738.570007,737.619995,737.969971,489609
2026-07-30T14:25:00Z,737.969971,739.299988,737.729980,738.579773,683208
2026-07-30T14:30:00Z,738.640015,738.880005,738.054993,738.359985,817739
2026-07-30T14:35:00Z,738.320984,738.939880,738.037170,738.684998,301325
2026-07-30T14:40:00Z,738.690002,739.109985,737.679993,737.840027,454847
2026-07-30T14:45:00Z,737.849915,738.150024,736.830017,737.219971,592163
2026-07-30T14:50:00Z,737.219971,737.354980,736.085022,736.210022,1178122
2026-07-30T14:55:00Z,736.200012,736.570007,735.609924,736.229980,956670
2026-07-30T15:00:00Z,736.229980,736.590027,735.260010,736.265015,712620
2026-07-30T15:05:00Z,736.219971,736.820007,735.390015,736.750000,702778
2026-07-30T15:10:00Z,736.740112,736.770020,734.830017,734.890015,633889
2026-07-30T15:15:00Z,734.869995,735.729980,734.590027,735.469971,615652
2026-07-30T15:20:00Z,735.479980,736.164978,735.210022,735.429993,514103
2026-07-30T15:25:00Z,735.424988,735.820007,734.630005,734.799988,560256
2026-07-30T15:30:00Z,734.840027,736.080017,734.679993,736.080017,392420
2026-07-30T15:35:00Z,736.090027,736.460022,735.450012,735.929993,333094
2026-07-30T15:40:00Z,735.919983,736.969971,735.780029,736.622986,399337
2026-07-30T15:45:00Z,736.650024,737.320007,736.650024,737.075012,815781
2026-07-30T15:50:00Z,737.080017,737.250000,736.380005,737.229980,524660
2026-07-30T15:55:00Z,737.229980,737.669983,737.060120,737.130005,590600
2026-07-30T16:00:00Z,737.150024,738.345703,736.869995,738.280029,768816
2026-07-30T16:05:00Z,738.270020,738.429993,737.880005,738.190002,385370
2026-07-30T16:10:00Z,738.179993,738.979980,738.130005,738.864990,745890
2026-07-30T16:15:00Z,738.869995,739.219971,738.820007,738.950012,285061
2026-07-30T16:20:00Z,738.950012,739.130005,738.580017,738.664978,409762
2026-07-30T16:25:00Z,738.650024,738.969971,738.540222,738.760010,208936
2026-07-30T16:30:00Z,738.770020,738.890015,738.359985,738.739990,308487
2026-07-30T16:35:00Z,738.765015,739.049988,738.480774,738.510010,232896
2026-07-30T16:40:00Z,738.510010,738.544983,737.755005,738.030029,409450
2026-07-30T16:45:00Z,738.039978,738.750000,738.000000,738.559998,291951
2026-07-30T16:50:00Z,738.590027,739.169983,738.270020,738.969971,254477
2026-07-30T16:55:00Z,738.969971,739.169983,738.780090,738.984985,203497
2026-07-30T17:00:00Z,738.979980,740.049988,738.979919,739.950012,534185
2026-07-30T17:05:00Z,739.960022,740.130005,739.619507,739.780029,327734
2026-07-30T17:10:00Z,739.789978,739.989990,739.530029,739.700012,579955
2026-07-30T17:15:00Z,739.700012,740.239990,739.640015,740.179993,240039
2026-07-30T17:20:00Z,740.169983,740.179993,739.761230,739.979980,232907
2026-07-30T17:25:00Z,739.960022,739.989990,739.650024,739.760010,463383
2026-07-30T17:30:00Z,739.765015,740.010010,739.380005,739.530029,320664
2026-07-30T17:35:00Z,739.539978,739.929993,739.190002,739.299988,482773
2026-07-30T17:40:00Z,739.349976,740.159973,739.349976,739.909973,439077
2026-07-30T17:45:00Z,739.909973,740.159973,739.859985,739.870300,460648
2026-07-30T17:50:00Z,739.869995,740.380005,739.820007,739.869995,264502
2026-07-30T17:55:00Z,739.859985,739.989990,739.651184,739.780029,174042
2026-07-30T18:00:00Z,739.784973,740.299988,739.719971,739.760010,587491
2026-07-30T18:05:00Z,739.739990,740.219971,739.705017,740.085022,350183
2026-07-30T18:10:00Z,740.119995,740.299988,739.979980,740.200012,379776
2026-07-30T18:15:00Z,740.219971,740.359985,740.059998,740.169983,258804
2026-07-30T18:20:00Z,740.150024,740.440002,740.059998,740.309998,271499
2026-07-30T18:25:00Z,740.299988,740.409973,740.119995,740.380005,220586
2026-07-30T18:30:00Z,740.400024,740.590027,740.200012,740.320007,461007
2026-07-30T18:35:00Z,740.309998,740.380005,740.030029,740.119995,362920
2026-07-30T18:40:00Z,740.109985,740.390015,740.072510,740.330017,447102
2026-07-30T18:45:00Z,740.340027,740.580017,740.309998,740.510010,286530
2026-07-30T18:50:00Z,740.500000,740.690002,740.390015,740.500000,396608
2026-07-30T18:55:00Z,740.489990,740.830017,740.390015,740.770020,300577
2026-07-30T19:00:00Z,740.750000,741.354980,740.739990,741.215027,486213
2026-07-30T19:05:00Z,741.229980,741.809998,741.140015,741.775024,587863
2026-07-30T19:10:00Z,741.780029,742.299988,741.760010,742.070007,562828
2026-07-30T19:15:00Z,742.059998,742.450012,741.809998,742.289978,459565
2026-07-30T19:20:00Z,742.309570,742.309998,741.960022,742.039978,853964
2026-07-30T19:25:00Z,742.030029,742.210022,741.739990,741.780029,539449
2026-07-30T19:30:00Z,741.770020,741.989990,741.650024,741.765015,573565
2026-07-30T19:35:00Z,741.770020,741.900024,741.429993,741.729980,1137061
2026-07-30T19:40:00Z,741.729980,741.909973,741.520020,741.789978,840977
2026-07-30T19:45:00Z,741.799988,741.880005,741.309998,741.609985,2424614
2026-07-30T19:50:00Z,741.590027,741.650024,741.140015,741.390015,2223414
2026-07-30T19:55:00Z,741.409973,742.099976,741.000000,741.729980,5384123
2026-07-31T13:30:00Z,744.679993,746.301025,744.580017,746.000000,2361327
2026-07-31T13:35:00Z,745.979980,746.260010,744.109985,744.122009,1141953
2026-07-31T13:40:00Z,744.130005,744.210022,742.840027,743.099976,1343432
2026-07-31T13:45:00Z,743.099976,743.599976,741.989990,742.275024,1072726
2026-07-31T13:50:00Z,742.284973,742.679993,741.549988,742.000000,928049
2026-07-31T13:55:00Z,742.010010,742.830017,741.690002,741.940002,719610
2026-07-31T14:00:00Z,741.940002,742.364990,740.289978,740.322510,846677
2026-07-31T14:05:00Z,740.294983,740.750000,738.429993,739.140015,1217952
2026-07-31T14:10:00Z,739.150024,739.390015,737.969971,738.478027,1280307
2026-07-31T14:15:00Z,738.469971,739.500000,737.679993,738.630005,1235745
2026-07-31T14:20:00Z,738.609985,740.119995,738.380005,739.510010,945580
2026-07-31T14:25:00Z,739.510010,740.570007,739.280029,740.489990,755236
2026-07-31T14:30:00Z,740.479980,741.179993,740.130005,740.489990,679280
2026-07-31T14:35:00Z,740.479980,741.409973,740.450012,741.224976,539441
2026-07-31T14:40:00Z,741.210022,741.659973,740.580017,741.625000,505040
2026-07-31T14:45:00Z,741.599976,742.497009,741.440002,742.422913,562833
2026-07-31T14:50:00Z,742.419983,742.950012,742.048889,742.190002,528639
2026-07-31T14:55:00Z,742.190002,742.690002,741.510010,742.500000,410682
2026-07-31T15:00:00Z,742.530029,742.705017,741.760010,742.505005,325179
2026-07-31T15:05:00Z,742.520081,742.820007,741.460022,741.830017,379746
2026-07-31T15:10:00Z,741.840027,742.489990,741.123718,742.150024,315476
2026-07-31T15:15:00Z,742.140015,743.099976,741.510010,741.950012,388881
2026-07-31T15:20:00Z,741.919983,742.169983,741.000000,741.080017,387515
2026-07-31T15:25:00Z,741.020020,741.211182,740.090027,740.299988,606756
2026-07-31T15:30:00Z,740.289978,741.000000,739.809998,740.739990,471108
2026-07-31T15:35:00Z,740.750000,742.335022,740.679993,742.065002,665735
2026-07-31T15:40:00Z,742.059998,742.340027,740.970093,741.820007,268217
2026-07-31T15:45:00Z,741.830017,741.979980,741.104980,741.429993,257942
2026-07-31T15:50:00Z,741.419983,742.940002,741.289978,742.804993,322510
2026-07-31T15:55:00Z,742.780029,743.330017,742.549988,743.090820,412576
2026-07-31T16:00:00Z,743.090027,743.559998,742.919983,743.250000,378058
2026-07-31T16:05:00Z,743.239990,743.390015,742.460022,743.039978,495945
2026-07-31T16:10:00Z,743.044983,743.659973,743.000000,743.549988,393988
2026-07-31T16:15:00Z,743.520020,743.599976,742.780029,743.304993,277585
2026-07-31T16:20:00Z,743.289978,744.429993,743.250000,744.285889,397448
2026-07-31T16:25:00Z,744.289978,744.419983,743.799988,744.419983,244371
2026-07-31T16:30:00Z,744.429993,744.829895,744.280029,744.780029,373165
2026-07-31T16:35:00Z,744.780029,745.030029,744.349976,744.549988,308507
2026-07-31T16:40:00Z,744.530029,744.770020,744.090027,744.169983,269195
2026-07-31T16:45:00Z,744.159973,744.599976,743.989990,744.530029,238591
2026-07-31T16:50:00Z,744.570007,745.020020,744.429993,744.592529,216358
2026-07-31T16:55:00Z,744.580017,744.859985,744.525024,744.619995,193880
2026-07-31T17:00:00Z,744.619995,745.306030,744.500000,745.059998,387170
2026-07-31T17:05:00Z,745.030029,745.260010,744.549988,744.809998,268677
2026-07-31T17:10:00Z,744.789978,745.289978,744.630005,745.224976,478960
2026-07-31T17:15:00Z,745.219971,745.510010,745.099976,745.450012,259359
2026-07-31T17:20:00Z,745.440002,746.099976,745.200012,746.039978,354634
2026-07-31T17:25:00Z,746.039978,746.400024,745.909973,746.289978,724209
2026-07-31T17:30:00Z,746.299988,746.440002,746.059998,746.364990,349311
2026-07-31T17:35:00Z,746.349976,746.500000,745.750000,745.789917,541313
2026-07-31T17:40:00Z,745.770020,746.030029,745.609985,745.842529,340151
2026-07-31T17:45:00Z,745.859985,746.109985,745.229980,745.289978,772408
2026-07-31T17:50:00Z,745.270020,745.859985,745.190002,745.590027,350266
2026-07-31T17:55:00Z,745.585022,745.770020,745.409973,745.440002,278582
2026-07-31T18:00:00Z,745.440002,746.019897,745.294983,745.640015,421654
2026-07-31T18:05:00Z,745.640015,746.039978,745.469971,745.890015,275172
2026-07-31T18:10:00Z,745.890015,746.030029,745.520020,745.719971,241354
2026-07-31T18:15:00Z,745.690002,746.260010,745.630005,746.085022,322018
2026-07-31T18:20:00Z,746.080017,746.429993,746.010010,746.330017,391030
2026-07-31T18:25:00Z,746.340027,746.359985,745.909973,746.010010,1032930
2026-07-31T18:30:00Z,746.039978,746.275024,746.030029,746.090027,295203
2026-07-31T18:35:00Z,746.070007,746.099976,745.750000,745.820007,588344
2026-07-31T18:40:00Z,745.809998,746.179993,745.669983,746.065002,397597
2026-07-31T18:45:00Z,746.080017,746.369995,745.919983,746.340027,442739
2026-07-31T18:50:00Z,746.330017,746.539978,746.190002,746.239990,498599
2026-07-31T18:55:00Z,746.239990,746.369995,745.900024,746.155029,435798
2026-07-31T19:00:00Z,746.140015,746.570007,745.880005,745.880005,384081
2026-07-31T19:05:00Z,745.919983,746.239990,745.789978,746.159973,540213
2026-07-31T19:10:00Z,746.159973,746.530029,746.119995,746.330017,628266
2026-07-31T19:15:00Z,746.325012,747.554993,746.260010,747.520020,1294128
2026-07-31T19:20:00Z,747.520020,747.919983,747.409973,747.494995,1001378
2026-07-31T19:25:00Z,747.489990,747.669983,747.330017,747.489990,1336398
2026-07-31T19:30:00Z,747.489990,747.510010,746.869995,747.169983,952697
2026-07-31T19:35:00Z,747.179993,747.645020,747.150024,747.559998,974739
2026-07-31T19:40:00Z,747.539978,748.109985,747.299988,748.094971,1014375
2026-07-31T19:45:00Z,748.099976,748.510010,748.070007,748.500000,1566180
2026-07-31T19:50:00Z,748.489990,748.895020,747.840027,748.594971,1539906
2026-07-31T19:55:00Z,748.580017,748.690002,746.340027,746.809998,4267686
2026-08-03T13:30:00Z,749.440002,751.320007,749.099976,750.780029,2814090
2026-08-03T13:35:00Z,750.760010,751.940002,750.739990,751.719971,1182383
2026-08-03T13:40:00Z,751.700012,751.830017,750.969971,751.580017,779930
2026-08-03T13:45:00Z,751.590027,752.330017,751.369995,751.909973,989041
2026-08-03T13:50:00Z,751.919983,752.950012,751.599976,752.760010,1051955
2026-08-03T13:55:00Z,752.765015,753.638672,752.650085,753.599976,865548
2026-08-03T14:00:00Z,753.619995,753.950012,753.000000,753.409973,687378
2026-08-03T14:05:00Z,753.409973,753.640015,753.169983,753.580017,569103
2026-08-03T14:10:00Z,753.570129,754.049988,753.549988,753.900024,756162
2026-08-03T14:15:00Z,753.890015,754.539978,753.830017,754.182678,705702
2026-08-03T14:20:00Z,754.190002,754.780029,754.159973,754.619873,855195
2026-08-03T14:25:00Z,754.619995,754.770020,754.362000,754.500000,917643
2026-08-03T14:30:00Z,754.500000,754.640015,754.309998,754.510010,856562
2026-08-03T14:35:00Z,754.520020,754.934998,754.430115,754.794983,622383
2026-08-03T14:40:00Z,754.789978,755.164978,754.750000,754.900024,728742
2026-08-03T14:45:00Z,754.909973,754.960022,754.705017,754.869995,546306
2026-08-03T14:50:00Z,754.869995,755.140015,754.815002,754.919983,714168
2026-08-03T14:55:00Z,754.914978,755.405518,754.914978,755.370117,552651
2026-08-03T15:00:00Z,755.380005,755.429993,755.094971,755.239990,761862
2026-08-03T15:05:00Z,755.239990,755.250000,754.789978,754.950012,416538
2026-08-03T15:10:00Z,754.940002,755.130005,754.799988,755.054993,536919
2026-08-03T15:15:00Z,755.054993,755.400024,755.049988,755.390015,574404
2026-08-03T15:20:00Z,755.400024,755.690002,755.380005,755.580017,525449
2026-08-03T15:25:00Z,755.575012,755.700012,755.020020,755.109985,700928
2026-08-03T15:30:00Z,755.119995,755.469971,755.075012,755.299988,546004
2026-08-03T15:35:00Z,755.289978,755.619995,755.200012,755.559998,1677014
2026-08-03T15:40:00Z,755.544983,755.830017,755.530029,755.640076,425499
2026-08-03T15:45:00Z,755.650024,756.070007,755.650024,756.020020,683205
2026-08-03T15:50:00Z,756.030029,756.210022,755.969971,756.179993,315176
2026-08-03T15:55:00Z,756.169983,756.190002,755.821411,755.955017,392424
2026-08-03T16:00:00Z,755.960022,756.169983,755.930115,756.000000,297262
2026-08-03T16:05:00Z,756.002502,756.090027,755.864990,756.029114,536475
2026-08-03T16:10:00Z,756.049927,756.049988,755.760010,755.989990,388291
2026-08-03T16:15:00Z,755.989990,756.270020,755.960022,756.234985,587120
2026-08-03T16:20:00Z,756.234985,756.289978,756.075012,756.260010,268717
2026-08-03T16:25:00Z,756.260010,756.599976,756.179993,756.570007,433356
2026-08-03T16:30:00Z,756.570007,756.619995,756.321716,756.434998,704767
2026-08-03T16:35:00Z,756.429993,756.429993,756.210022,756.289978,399778
2026-08-03T16:40:00Z,756.289978,756.505005,756.229980,756.469971,360899
2026-08-03T16:45:00Z,756.479980,756.500000,756.299988,756.309998,370115
2026-08-03T16:50:00Z,756.320007,756.380005,756.030029,756.049988,431609
2026-08-03T16:55:00Z,756.049988,756.349976,756.015015,756.219971,282492
2026-08-03T17:00:00Z,756.219971,756.299988,756.030029,756.210022,416913
2026-08-03T17:05:00Z,756.210022,756.299988,755.979980,756.215027,492900
2026-08-03T17:10:00Z,756.210022,756.609985,756.210022,756.510010,303766
2026-08-03T17:15:00Z,756.511719,756.789978,756.494995,756.770020,375228
2026-08-03T17:20:00Z,756.770020,757.015015,756.669983,756.965027,380249
2026-08-03T17:25:00Z,756.965027,757.155029,756.840027,757.085022,412070
2026-08-03T17:30:00Z,757.083984,757.359985,757.010010,757.354980,386141
2026-08-03T17:35:00Z,757.349976,757.469971,757.119995,757.210022,462426
2026-08-03T17:40:00Z,757.229980,757.340027,757.159973,757.330017,187564
2026-08-03T17:45:00Z,757.320007,757.520020,757.320007,757.440002,568490
2026-08-03T17:50:00Z,757.450012,757.619995,757.409973,757.599976,1919089
2026-08-03T17:55:00Z,757.599976,757.780029,757.559998,757.645081,506377
2026-08-03T18:00:00Z,757.645020,758.140015,757.640015,758.140015,585793
2026-08-03T18:05:00Z,758.135010,758.320007,758.080017,758.304993,589387
2026-08-03T18:10:00Z,758.309998,758.330017,757.863586,758.010010,498353
2026-08-03T18:15:00Z,758.015015,758.309998,757.900024,757.960022,469204
2026-08-03T18:20:00Z,757.969971,758.169983,757.799988,757.950012,331124
2026-08-03T18:25:00Z,757.940002,758.049988,757.479980,757.570007,399077
2026-08-03T18:30:00Z,757.580017,757.820007,757.340027,757.510010,611117
2026-08-03T18:35:00Z,757.520020,757.809998,757.479980,757.669983,565082
2026-08-03T18:40:00Z,757.679993,758.109985,757.580017,758.085022,395689
2026-08-03T18:45:00Z,758.090027,758.190002,757.760010,758.104980,559451
2026-08-03T18:50:00Z,758.104980,758.289978,757.919983,758.080017,385601
2026-08-03T18:55:00Z,758.080017,758.229980,757.919983,757.934998,344276
2026-08-03T19:00:00Z,757.940002,758.580017,757.940002,758.500000,433642
2026-08-03T19:05:00Z,758.500427,758.539978,758.070007,758.190002,388446
2026-08-03T19:10:00Z,758.195007,758.409973,758.085022,758.179993,373906
2026-08-03T19:15:00Z,758.181030,758.440002,758.179993,758.340027,451729
2026-08-03T19:20:00Z,758.349976,758.450012,758.219971,758.414978,419583
2026-08-03T19:25:00Z,758.414978,758.549988,758.260010,758.340027,495251
2026-08-03T19:30:00Z,758.349976,758.510010,758.200012,758.340698,719106
2026-08-03T19:35:00Z,758.359985,758.460022,757.960022,758.000000,821114
2026-08-03T19:40:00Z,758.010010,758.164978,757.859985,758.070007,1008223
2026-08-03T19:45:00Z,758.070007,758.250000,757.929993,758.140015,1089275
2026-08-03T19:50:00Z,758.150024,758.409973,757.640015,757.780029,1585858
2026-08-03T19:55:00Z,757.770020,757.984985,757.440002,757.669983,3196714
2026-08-04T13:30:00Z,760.630005,761.880005,760.520020,761.849976,2403799
2026-08-04T13:35:00Z,761.830017,762.190002,761.539978,761.950012,853271
2026-08-04T13:40:00Z,761.960022,762.210022,761.619995,761.852478,645544
2026-08-04T13:45:00Z,761.859985,762.534973,761.859985,762.530029,868173
2026-08-04T13:50:00Z,762.539978,763.479980,762.400024,763.419983,838596
2026-08-04T13:55:00Z,763.440002,763.440002,762.665100,763.390015,792816
2026-08-04T14:00:00Z,763.369995,764.130005,763.090027,763.869995,1027586
2026-08-04T14:05:00Z,763.880005,764.549988,763.799988,764.340027,757078
2026-08-04T14:10:00Z,764.340027,764.859985,764.309998,764.854980,522181
2026-08-04T14:15:00Z,764.849976,765.382812,764.770020,765.244995,671630
2026-08-04T14:20:00Z,765.250000,765.280029,764.169983,764.330017,916082
2026-08-04T14:25:00Z,764.330017,764.849976,764.319885,764.489990,596876
2026-08-04T14:30:00Z,764.489990,765.020020,764.099976,764.934998,643452
2026-08-04T14:35:00Z,764.929993,765.719971,764.760010,765.159973,734396
2026-08-04T14:40:00Z,765.167297,765.859985,765.094971,765.789978,737613
2026-08-04T14:45:00Z,765.780029,765.960022,765.590027,765.919983,632872
2026-08-04T14:50:00Z,765.919983,766.030029,765.640015,765.900024,491238
2026-08-04T14:55:00Z,765.900024,766.419983,765.809998,766.299988,905205
2026-08-04T15:00:00Z,766.330017,766.890015,766.169983,766.849976,540916
2026-08-04T15:05:00Z,766.859985,766.869995,766.390015,766.849976,698891
2026-08-04T15:10:00Z,766.854980,767.159973,766.719971,766.909973,418177
2026-08-04T15:15:00Z,766.919983,767.349976,766.890015,767.325012,639315
2026-08-04T15:20:00Z,767.330017,767.751404,767.205017,767.739990,576418
2026-08-04T15:25:00Z,767.750000,767.869995,767.280029,767.349976,734509
2026-08-04T15:30:00Z,767.340027,767.570007,767.159973,767.260010,459242
2026-08-04T15:35:00Z,767.270020,768.089905,767.224976,767.799988,620918
2026-08-04T15:40:00Z,767.780029,768.340027,767.734985,768.280029,1316760
2026-08-04T15:45:00Z,768.280029,768.700012,768.260010,768.649902,599127
2026-08-04T15:50:00Z,768.640015,768.900024,768.179993,768.270020,639140
2026-08-04T15:55:00Z,768.260010,768.640015,768.190002,768.440002,359098
2026-08-04T16:00:00Z,768.445007,768.859985,768.414978,768.724976,508135
2026-08-04T16:05:00Z,768.724976,768.940002,768.340027,768.380005,485229
2026-08-04T16:10:00Z,768.399597,768.520020,768.140015,768.255005,936859
2026-08-04T16:15:00Z,768.265015,768.789978,768.239990,768.750000,697184
2026-08-04T16:20:00Z,768.760010,769.280029,768.719971,769.219971,385414
2026-08-04T16:25:00Z,769.215027,769.340027,769.020020,769.239990,520302
2026-08-04T16:30:00Z,769.219971,769.599976,769.000000,769.474976,597144
2026-08-04T16:35:00Z,769.479980,769.679993,769.239990,769.484985,828303
2026-08-04T16:40:00Z,769.484985,770.010010,769.390015,769.979980,634595
2026-08-04T16:45:00Z,769.989990,770.224976,769.979980,770.195007,437651
2026-08-04T16:50:00Z,770.189880,770.320007,770.054993,770.190002,360572
2026-08-04T16:55:00Z,770.190002,770.270020,770.049988,770.265015,313627
2026-08-04T17:00:00Z,770.270020,771.030029,770.164978,771.008972,777474
2026-08-04T17:05:00Z,771.010010,771.284973,770.729980,771.049988,822525
2026-08-04T17:10:00Z,771.039978,771.229980,770.919983,771.219971,542050
2026-08-04T17:15:00Z,771.229980,771.604980,771.219971,771.369995,696042
2026-08-04T17:20:00Z,771.375000,771.409973,770.950012,771.205017,394203
2026-08-04T17:25:00Z,771.205017,771.479980,771.130005,771.280029,388198
2026-08-04T17:30:00Z,771.289978,771.400024,770.965027,771.380005,443758
2026-08-04T17:35:00Z,771.359985,771.905029,771.340027,771.859985,412817
2026-08-04T17:40:00Z,771.859985,772.344971,771.859985,772.330017,732752
2026-08-04T17:45:00Z,772.325012,773.085022,772.325012,772.729980,857661
2026-08-04T17:50:00Z,772.715027,772.715027,771.645020,771.869995,975625
2026-08-04T17:55:00Z,771.880005,772.150024,771.570007,771.570007,599267
2026-08-04T18:00:00Z,771.570007,771.989990,771.080017,771.330078,742742
2026-08-04T18:05:00Z,771.340027,771.989990,771.270020,771.849976,509851
2026-08-04T18:10:00Z,771.844971,772.239990,771.710022,772.179993,541494
2026-08-04T18:15:00Z,772.198120,772.369995,771.979980,772.109985,330958
2026-08-04T18:20:00Z,772.109985,772.450012,772.049988,772.130005,585209
2026-08-04T18:25:00Z,772.119995,772.380005,772.010010,772.369995,326080
2026-08-04T18:30:00Z,772.379883,772.479797,772.125000,772.169983,563294
2026-08-04T18:35:00Z,772.164978,772.320007,771.789978,771.890015,729539
2026-08-04T18:40:00Z,771.880005,771.900024,771.409973,771.719971,450817
2026-08-04T18:45:00Z,771.729980,772.280029,771.719971,772.070007,806972
2026-08-04T18:50:00Z,772.049988,772.289978,771.921021,771.989990,422817
2026-08-04T18:55:00Z,771.994995,772.130005,771.929993,772.070007,364367
2026-08-04T19:00:00Z,772.085022,772.960022,772.049988,772.780029,745681
2026-08-04T19:05:00Z,772.770020,773.020020,772.549988,773.019897,1289457
2026-08-04T19:10:00Z,773.000000,773.039124,772.719971,772.880005,513920
2026-08-04T19:15:00Z,772.880005,773.080017,772.752014,773.000000,552704
2026-08-04T19:20:00Z,773.000000,773.119995,772.700012,772.825012,540114
2026-08-04T19:25:00Z,772.830017,772.919983,772.119995,772.320007,625520
2026-08-04T19:30:00Z,772.309998,772.630005,772.119995,772.590027,853642
2026-08-04T19:35:00Z,772.590027,772.909973,772.320007,772.780029,704223
2026-08-04T19:40:00Z,772.780029,773.330017,772.760010,773.250000,703836
2026-08-04T19:45:00Z,773.255005,773.409973,772.739990,772.909973,1200912
2026-08-04T19:50:00Z,772.909973,773.030029,771.741821,771.741821,2794903
2026-08-04T19:55:00Z,771.750000,772.309998,770.960022,771.280029,4757221
2026-08-05T13:30:00Z,775.849976,776.789978,775.260010,776.199890,2356246
2026-08-05T13:35:00Z,776.190002,776.849976,775.304016,776.510010,2059541
2026-08-05T13:40:00Z,776.530029,776.809998,775.859985,776.479980,566173
2026-08-05T13:45:00Z,776.539978,776.659973,775.340027,775.390015,716822
2026-08-05T13:50:00Z,775.395020,775.889893,774.390015,775.889893,921681
2026-08-05T13:55:00Z,775.880005,776.703613,775.364990,776.703613,646807
2026-08-05T14:00:00Z,776.669983,776.700012,774.950012,775.789978,704641
2026-08-05T14:05:00Z,775.809998,776.549927,775.619995,776.059998,580664
2026-08-05T14:10:00Z,776.070007,776.510010,775.799988,776.159973,344032
2026-08-05T14:15:00Z,776.179993,776.460022,775.659973,775.669983,268012
2026-08-05T14:20:00Z,775.679993,775.820007,774.770020,775.755005,429630
2026-08-05T14:25:00Z,775.760010,776.179993,774.750000,774.780884,494368
2026-08-05T14:30:00Z,774.780029,775.020081,774.229980,774.599976,617880
2026-08-05T14:35:00Z,774.570007,774.830017,773.840027,773.919983,774546
2026-08-05T14:40:00Z,773.919983,774.429993,773.619995,774.034973,595251
2026-08-05T14:45:00Z,774.030029,774.719971,773.844971,774.575012,435589
2026-08-05T14:50:00Z,774.604675,774.840027,772.570007,773.130005,720034
2026-08-05T14:55:00Z,773.159973,773.759888,772.729980,773.469971,518821
2026-08-05T15:00:00Z,773.460022,773.950012,773.349976,773.630005,378838
2026-08-05T15:05:00Z,773.630005,773.864990,773.164978,773.630005,413264
2026-08-05T15:10:00Z,773.630005,773.914978,773.010010,773.059998,298736
2026-08-05T15:15:00Z,773.070007,773.159973,771.000000,772.419983,1022215
2026-08-05T15:20:00Z,772.409912,772.669983,772.080017,772.269104,339239
2026-08-05T15:25:00Z,772.150085,772.250000,771.520020,771.710022,530737
2026-08-05T15:30:00Z,771.700012,772.520020,771.679993,771.875000,300651
2026-08-05T15:35:00Z,771.880005,772.299988,771.809998,772.145020,317439
2026-08-05T15:40:00Z,772.150024,772.260010,771.674988,772.010010,279873
2026-08-05T15:45:00Z,772.020020,772.030029,771.250000,771.340576,299266
2026-08-05T15:50:00Z,771.337524,771.575012,771.130005,771.250000,350842
2026-08-05T15:55:00Z,771.250000,771.250000,770.330017,770.645020,644598
2026-08-05T16:00:00Z,770.630005,771.020020,770.080017,770.840027,677692
2026-08-05T16:05:00Z,770.840027,770.869995,769.909973,770.239990,536649
2026-08-05T16:10:00Z,770.239990,770.469971,769.929810,770.440002,392332
2026-08-05T16:15:00Z,770.450012,771.119995,770.229980,770.609985,499198
2026-08-05T16:20:00Z,770.614990,771.760010,770.559998,771.080017,564366
2026-08-05T16:25:00Z,771.075012,772.119995,771.059998,772.099976,567115
2026-08-05T16:30:00Z,772.090027,772.219971,771.200012,771.690002,427057
2026-08-05T16:35:00Z,771.690002,771.839478,771.340027,771.559998,247331
2026-08-05T16:40:00Z,771.549988,772.000000,771.377075,771.590027,324240
2026-08-05T16:45:00Z,771.580017,771.750000,771.289978,771.424988,195315
2026-08-05T16:50:00Z,771.400024,772.080017,771.385010,772.010010,449350
2026-08-05T16:55:00Z,772.010010,772.169983,771.705017,771.852478,304185
2026-08-05T17:00:00Z,771.890015,772.159973,771.299988,771.405029,237862
2026-08-05T17:05:00Z,771.405029,771.599976,771.070007,771.320007,245234
2026-08-05T17:10:00Z,771.330017,771.750000,771.039978,771.500000,687575
2026-08-05T17:15:00Z,771.480103,771.804993,771.229980,771.380005,245593
2026-08-05T17:20:00Z,771.409973,771.460022,771.010010,771.424988,175531
2026-08-05T17:25:00Z,771.429871,771.802490,771.260010,771.340027,154836
2026-08-05T17:30:00Z,771.330017,771.729675,771.070007,771.590027,171307
2026-08-05T17:35:00Z,771.590027,771.780029,771.460510,771.659973,182867
2026-08-05T17:40:00Z,771.659973,772.010010,771.659973,771.701782,187951
2026-08-05T17:45:00Z,771.700012,771.924988,771.330017,771.830017,134714
2026-08-05T17:50:00Z,771.830017,771.960022,771.590027,771.640015,269325
2026-08-05T17:55:00Z,771.630005,771.840027,771.460022,771.554993,170417
2026-08-05T18:00:00Z,771.559998,772.169983,771.539978,772.120117,511807
2026-08-05T18:05:00Z,772.119995,772.250000,771.679993,771.909973,319230
2026-08-05T18:10:00Z,771.960022,772.104980,771.760986,771.789978,441258
2026-08-05T18:15:00Z,771.799988,772.099976,771.669983,772.039978,235339
2026-08-05T18:20:00Z,772.039978,772.054993,771.740112,771.859985,229902
2026-08-05T18:25:00Z,771.849976,772.119995,771.809998,771.940002,341463
2026-08-05T18:30:00Z,771.929993,771.940002,771.200012,771.359985,400700
2026-08-05T18:35:00Z,771.359985,771.709900,771.340027,771.460022,359926
2026-08-05T18:40:00Z,771.469971,771.669983,771.397278,771.580017,293527
2026-08-05T18:45:00Z,771.570007,771.950012,771.515015,771.809998,280759
2026-08-05T18:50:00Z,771.809998,771.960022,771.630005,771.729980,254521
2026-08-05T18:55:00Z,771.729980,771.775024,771.340027,771.390991,433572
2026-08-05T19:00:00Z,771.400024,771.630005,771.239990,771.629883,346157
2026-08-05T19:05:00Z,771.609985,771.849976,771.520020,771.690491,269928
2026-08-05T19:10:00Z,771.700012,771.780029,771.539978,771.729980,350175
2026-08-05T19:15:00Z,771.739990,771.919006,771.659973,771.820007,304657
2026-08-05T19:20:00Z,771.830017,771.989014,771.650024,771.869873,532595
2026-08-05T19:25:00Z,771.859985,771.969971,771.760010,771.799927,495459
2026-08-05T19:30:00Z,771.780029,771.890015,771.364990,771.539978,453945
2026-08-05T19:35:00Z,771.539978,771.539978,771.253784,771.305115,584306
2026-08-05T19:40:00Z,771.299988,771.629883,771.270020,771.494995,482574
2026-08-05T19:45:00Z,771.479980,771.650024,771.200012,771.489990,719357
2026-08-05T19:50:00Z,771.489990,771.700012,771.359985,771.500000,711237
2026-08-05T19:55:00Z,771.510010,771.590027,769.510010,769.739990,3030101
2026-08-06T13:30:00Z,770.210022,770.789978,769.057617,769.919983,1913009
2026-08-06T13:35:00Z,769.900024,770.869995,769.599976,769.719971,578769
2026-08-06T13:40:00Z,769.705017,770.900024,769.505005,770.500000,314301
2026-08-06T13:45:00Z,770.479980,771.520020,770.479980,771.309998,344237
2026-08-06T13:50:00Z,771.309998,771.525024,770.780029,770.919983,360772
2026-08-06T13:55:00Z,770.924988,771.260010,770.539978,770.919983,312956
2026-08-06T14:00:00Z,770.950012,771.349976,770.614990,771.130005,270466
2026-08-06T14:05:00Z,771.150024,771.510010,770.890015,771.429993,250838
2026-08-06T14:10:00Z,771.434998,771.770020,771.380127,771.549988,399828
2026-08-06T14:15:00Z,771.530029,771.809998,771.119995,771.705017,230239
2026-08-06T14:20:00Z,771.723999,771.820007,771.169983,771.229980,279760
2026-08-06T14:25:00Z,771.229980,771.270020,770.070007,770.450012,384013
2026-08-06T14:30:00Z,770.450012,770.880005,770.164978,770.794983,476066
2026-08-06T14:35:00Z,770.794983,770.960022,769.760010,769.760010,485367
2026-08-06T14:40:00Z,769.750000,770.729980,769.640015,770.145020,283552
2026-08-06T14:45:00Z,770.135010,770.215027,769.650024,769.669983,351513
2026-08-06T14:50:00Z,769.659973,770.479980,769.530029,770.450012,387204
2026-08-06T14:55:00Z,770.479980,771.059998,770.289978,770.984985,256400
2026-08-06T15:00:00Z,771.000000,771.210022,770.109985,770.289978,908147
2026-08-06T15:05:00Z,770.280029,770.809998,770.270020,770.570007,225382
2026-08-06T15:10:00Z,770.570007,770.739990,769.909973,769.960022,210453
2026-08-06T15:15:00Z,769.960022,770.119995,768.960022,768.960022,612056
2026-08-06T15:20:00Z,768.974976,769.239990,768.619995,768.929993,381693
2026-08-06T15:25:00Z,768.929993,769.299988,768.650024,769.239990,289608
2026-08-06T15:30:00Z,769.239990,769.440002,768.530029,768.530029,287297
2026-08-06T15:35:00Z,768.530029,768.900024,768.330017,768.700012,364377
2026-08-06T15:40:00Z,768.690002,768.969971,768.330017,768.330017,458842
2026-08-06T15:45:00Z,768.330017,769.580017,768.320007,769.200073,363673
2026-08-06T15:50:00Z,769.210022,769.780029,768.080017,768.130005,517615
2026-08-06T15:55:00Z,768.125000,768.559998,767.950012,768.125000,457255
2026-08-06T16:00:00Z,768.159973,768.320007,767.750000,768.054993,433878
2026-08-06T16:05:00Z,768.048218,768.510010,767.909973,768.340027,317306
2026-08-06T16:10:00Z,768.320007,768.539978,767.820007,767.979980,269314
2026-08-06T16:15:00Z,767.979980,768.500000,767.460022,768.215027,447162
2026-08-06T16:20:00Z,768.219971,768.354980,767.880005,768.270020,1189073
2026-08-06T16:25:00Z,768.280029,768.489990,768.000000,768.260010,488835
2026-08-06T16:30:00Z,768.270020,768.820007,768.130005,768.309998,265709
2026-08-06T16:35:00Z,768.330017,768.869995,768.210022,768.869995,259145
2026-08-06T16:40:00Z,768.880005,768.900024,768.070007,768.080017,288107
2026-08-06T16:45:00Z,768.070007,768.416321,767.908081,768.414978,205713
2026-08-06T16:50:00Z,768.419983,768.659973,768.229980,768.349976,207398
2026-08-06T16:55:00Z,768.349976,769.039978,768.340027,768.960022,150600
2026-08-06T17:00:00Z,768.989990,769.179993,768.690002,768.770020,286134
2026-08-06T17:05:00Z,768.760010,769.140015,768.190002,768.340027,363159
2026-08-06T17:10:00Z,768.330017,768.580017,768.090027,768.169983,162088
2026-08-06T17:15:00Z,768.140015,768.460022,768.030029,768.340027,199311
2026-08-06T17:20:00Z,768.340027,768.409973,767.900513,767.969971,227981
2026-08-06T17:25:00Z,767.969971,768.270020,767.809998,767.830017,254712
2026-08-06T17:30:00Z,767.830017,768.210022,767.719971,768.099976,197360
2026-08-06T17:35:00Z,768.109985,768.280029,767.969971,768.020020,178647
2026-08-06T17:40:00Z,768.039978,768.140015,767.825012,768.140015,363757
2026-08-06T17:45:00Z,768.150024,768.375000,767.983582,767.983582,206530
2026-08-06T17:50:00Z,767.989990,768.510010,767.960022,768.432861,315523
2026-08-06T17:55:00Z,768.460022,768.640015,768.275085,768.630310,368849
2026-08-06T18:00:00Z,768.650024,768.900024,768.500000,768.894714,380717
2026-08-06T18:05:00Z,768.890015,768.979980,768.659973,768.859985,311812
2026-08-06T18:10:00Z,768.869995,769.239990,768.700012,769.179993,254657
2026-08-06T18:15:00Z,769.191406,769.729980,768.450012,769.330017,591778
2026-08-06T18:20:00Z,769.325012,769.619995,769.299988,769.559998,319553
2026-08-06T18:25:00Z,769.554993,769.614990,769.190002,769.429993,298281
2026-08-06T18:30:00Z,769.429993,769.469971,769.070007,769.114990,232178
2026-08-06T18:35:00Z,769.109985,769.289978,768.799988,768.830017,260758
2026-08-06T18:40:00Z,768.844971,768.934998,768.515015,768.780029,222400
2026-08-06T18:45:00Z,768.784973,769.169983,768.719971,768.880005,344433
2026-08-06T18:50:00Z,768.875000,769.010010,768.739990,768.885010,218040
2026-08-06T18:55:00Z,768.869995,769.080017,768.809998,768.960022,245763
2026-08-06T19:00:00Z,768.969971,769.578979,768.950012,769.578979,477380
2026-08-06T19:05:00Z,769.559998,769.710022,769.263611,769.700012,248781
2026-08-06T19:10:00Z,769.710022,769.789978,769.280090,769.330017,269217
2026-08-06T19:15:00Z,769.325012,769.349915,769.051025,769.159973,360889
2026-08-06T19:20:00Z,769.169983,769.489990,768.820007,768.820007,441472
2026-08-06T19:25:00Z,768.830017,768.989990,768.570007,768.659973,549048
2026-08-06T19:30:00Z,768.655029,769.000000,768.409973,768.960022,472779
2026-08-06T19:35:00Z,768.960022,768.989990,768.530029,768.530029,474387
2026-08-06T19:40:00Z,768.536926,768.609985,768.099976,768.309998,423734
2026-08-06T19:45:00Z,768.309998,768.520020,767.960022,768.440002,830017
2026-08-06T19:50:00Z,768.429993,768.773010,767.700012,768.640015,1720823
2026-08-06T19:55:00Z,768.619995,768.890015,768.130005,768.530029,2485588
2026-08-07T13:30:00Z,771.020020,771.619995,770.619995,771.479980,2853922
2026-08-07T13:35:00Z,771.500000,771.547485,770.679993,771.130371,529092
2026-08-07T13:40:00Z,771.125000,772.090027,770.880493,771.989990,498047
2026-08-07T13:45:00Z,771.989990,772.369995,771.134888,771.730103,485208
2026-08-07T13:50:00Z,771.729980,772.234985,771.599976,771.979980,367189
2026-08-07T13:55:00Z,771.979980,772.130005,770.460022,771.040283,524553
2026-08-07T14:00:00Z,771.070007,771.609985,770.400024,770.434998,375913
2026-08-07T14:05:00Z,770.400391,771.070007,770.369995,770.494995,335775
2026-08-07T14:10:00Z,770.479980,770.789978,769.619995,769.844971,650116
2026-08-07T14:15:00Z,769.869995,771.828918,769.679993,771.820007,675465
2026-08-07T14:20:00Z,771.830017,772.280029,771.530029,772.039978,446551
2026-08-07T14:25:00Z,772.044983,773.289978,772.044983,773.190002,430651
2026-08-07T14:30:00Z,773.159973,773.349976,772.393005,772.609985,473336
2026-08-07T14:35:00Z,772.609985,772.799988,771.719971,771.900024,360704
2026-08-07T14:40:00Z,771.890015,772.440002,771.710022,771.979980,373525
2026-08-07T14:45:00Z,771.950012,772.705017,771.950012,772.390015,314230
2026-08-07T14:50:00Z,772.390015,772.510010,771.869995,772.210022,237498
2026-08-07T14:55:00Z,772.210022,773.000000,772.159973,772.880005,285701
2026-08-07T15:00:00Z,772.880005,772.899902,772.369995,772.760010,255311
2026-08-07T15:05:00Z,772.780029,773.030029,772.710022,772.960022,985747
2026-08-07T15:10:00Z,772.966309,773.397522,772.650024,773.090027,440029
2026-08-07T15:15:00Z,773.090027,773.159973,772.784973,772.880005,252251
2026-08-07T15:20:00Z,772.869995,773.609985,772.840027,773.534973,330541
2026-08-07T15:25:00Z,773.530029,773.890015,773.479980,773.650024,428634
2026-08-07T15:30:00Z,773.659973,773.914978,773.400024,773.419983,703196
2026-08-07T15:35:00Z,773.455017,773.549988,773.210022,773.390015,320907
2026-08-07T15:40:00Z,773.400024,773.630005,772.892822,773.164978,252931
2026-08-07T15:45:00Z,773.179993,773.590027,773.039978,773.575012,208770
2026-08-07T15:50:00Z,773.549988,773.640015,773.049988,773.299988,236401
2026-08-07T15:55:00Z,773.309998,773.330017,772.830017,773.030029,251081
2026-08-07T16:00:00Z,773.039978,773.159973,772.744995,773.155029,401586
2026-08-07T16:05:00Z,773.159973,773.380005,773.030029,773.164978,208248
2026-08-07T16:10:00Z,773.169983,773.354980,772.994995,773.010010,271262
2026-08-07T16:15:00Z,772.989990,773.219971,772.869995,772.969971,301270
2026-08-07T16:20:00Z,772.979980,773.330017,772.239990,772.250000,304859
2026-08-07T16:25:00Z,772.260010,772.330017,771.333984,771.724976,436150
2026-08-07T16:30:00Z,771.734985,771.969971,771.061523,771.930115,1275956
2026-08-07T16:35:00Z,771.940002,772.330017,771.710022,772.294983,408761
2026-08-07T16:40:00Z,772.281494,772.630005,772.239990,772.590027,198371
2026-08-07T16:45:00Z,772.599976,772.750000,772.419983,772.640015,285979
2026-08-07T16:50:00Z,772.630005,772.859985,772.085022,772.195007,189549
2026-08-07T16:55:00Z,772.210022,772.390015,771.950012,771.965027,609854
2026-08-07T17:00:00Z,771.960083,772.299927,771.770020,772.039978,223605
2026-08-07T17:05:00Z,772.034973,772.299988,772.030029,772.260010,168889
2026-08-07T17:10:00Z,772.260010,772.369995,771.989990,772.054993,142993
2026-08-07T17:15:00Z,772.054993,772.380005,771.989990,772.304993,164223
2026-08-07T17:20:00Z,772.289978,772.409973,771.900024,771.900024,204177
2026-08-07T17:25:00Z,771.890015,772.229980,771.739990,772.090027,163027
2026-08-07T17:30:00Z,772.109985,772.229980,771.729980,771.929993,231652
2026-08-07T17:35:00Z,771.929993,772.390015,771.880005,772.369995,144880
2026-08-07T17:40:00Z,772.390015,772.419983,772.130005,772.169983,137361
2026-08-07T17:45:00Z,772.179993,772.440002,772.090027,772.289978,178812
2026-08-07T17:50:00Z,772.277527,772.460022,771.989990,772.299988,156607
2026-08-07T17:55:00Z,772.309998,772.400024,772.169983,772.169983,128891
2026-08-07T18:00:00Z,772.164978,772.284973,772.080017,772.140015,283862
2026-08-07T18:05:00Z,772.150024,772.179993,771.830017,772.039917,334083
2026-08-07T18:10:00Z,772.049988,772.119995,771.450012,771.575012,562177
2026-08-07T18:15:00Z,771.580505,771.809998,771.469971,771.729980,326722
2026-08-07T18:20:00Z,771.719971,771.799988,771.539978,771.659973,169024
2026-08-07T18:25:00Z,771.659973,771.760010,771.450012,771.479980,195297
2026-08-07T18:30:00Z,771.474976,771.640015,771.335022,771.390015,263426
2026-08-07T18:35:00Z,771.390015,771.510010,771.190002,771.299988,420610
2026-08-07T18:40:00Z,771.299988,771.380005,770.890015,770.960022,284861
2026-08-07T18:45:00Z,770.969971,771.280029,770.909973,771.250000,190814
2026-08-07T18:50:00Z,771.250000,771.489990,771.219971,771.320007,444613
2026-08-07T18:55:00Z,771.330017,771.809998,771.210022,771.710022,316460
2026-08-07T19:00:00Z,771.679993,772.469971,771.659973,772.049988,572579
2026-08-07T19:05:00Z,772.049988,772.679993,772.034973,772.650024,528850
2026-08-07T19:10:00Z,772.664978,773.059998,772.664978,772.900024,494134
2026-08-07T19:15:00Z,772.909973,773.450012,772.799988,772.840027,598593
2026-08-07T19:20:00Z,772.859985,773.219971,772.840027,772.900024,320971
2026-08-07T19:25:00Z,772.909973,773.119995,772.859985,773.075012,475399
2026-08-07T19:30:00Z,773.080017,773.090027,772.659973,772.719971,544858
2026-08-07T19:35:00Z,772.739990,773.099976,772.604980,772.909973,581500
2026-08-07T19:40:00Z,772.919983,772.959900,772.520020,772.570007,569447
2026-08-07T19:45:00Z,772.570007,772.979980,772.549988,772.869995,658932
2026-08-07T19:50:00Z,772.849976,773.054993,772.650024,772.849976,1143195
2026-08-07T19:55:00Z,772.859985,773.830017,772.820007,773.119995,2978910
2026-08-10T13:30:00Z,772.599976,773.630005,772.549988,772.640015,1394672
2026-08-10T13:35:00Z,772.630005,773.119995,772.500000,772.799988,580217
2026-08-10T13:40:00Z,772.789978,773.109985,772.520020,772.659973,512584
2026-08-10T13:45:00Z,772.650024,773.260010,772.619995,773.130005,570720
2026-08-10T13:50:00Z,773.130005,773.409973,772.500000,773.130005,604359
2026-08-10T13:55:00Z,773.125000,773.520020,773.010010,773.468994,365858
2026-08-10T14:00:00Z,773.419983,773.849976,773.390015,773.719971,1022823
2026-08-10T14:05:00Z,773.679993,774.030029,773.570007,774.025024,411551
2026-08-10T14:10:00Z,774.025024,774.260010,773.890015,774.215027,536935
2026-08-10T14:15:00Z,774.219971,774.349976,773.969971,774.289978,352830
2026-08-10T14:20:00Z,774.289978,774.375000,773.830017,773.969971,624972
2026-08-10T14:25:00Z,773.965027,774.460022,773.765015,774.354980,407563
2026-08-10T14:30:00Z,774.354980,774.690002,774.270020,774.359985,616342
2026-08-10T14:35:00Z,774.354980,774.619995,774.174683,774.340027,384364
2026-08-10T14:40:00Z,774.340027,774.640015,774.304993,774.599976,378768
2026-08-10T14:45:00Z,774.604980,775.049988,774.599976,774.919983,830372
2026-08-10T14:50:00Z,774.929993,774.950012,773.799988,773.880005,618461
2026-08-10T14:55:00Z,773.849976,774.109985,773.500000,773.515015,473579
2026-08-10T15:00:00Z,773.510010,773.950012,773.309998,773.710022,435586
2026-08-10T15:05:00Z,773.710022,774.030029,773.580017,773.580017,341452
2026-08-10T15:10:00Z,773.549988,773.919983,773.450012,773.820007,302087
2026-08-10T15:15:00Z,773.820007,774.190002,773.760010,773.919983,283525
2026-08-10T15:20:00Z,773.919983,774.099976,773.799988,773.919983,267595
2026-08-10T15:25:00Z,773.919983,773.989990,773.419983,773.739990,197255
2026-08-10T15:30:00Z,773.760010,773.869995,773.359985,773.390015,216002
2026-08-10T15:35:00Z,773.405029,773.599976,773.229980,773.280029,354915
2026-08-10T15:40:00Z,773.270020,773.804993,773.159973,773.789978,189257
2026-08-10T15:45:00Z,773.809998,773.880005,773.510071,773.549988,172417
2026-08-10T15:50:00Z,773.565002,774.340027,773.494995,774.210022,248757
2026-08-10T15:55:00Z,774.190002,774.409973,774.030029,774.309998,335269
2026-08-10T16:00:00Z,774.340027,774.434998,774.039978,774.164978,242067
2026-08-10T16:05:00Z,774.169983,774.200012,773.875000,773.989990,219466
2026-08-10T16:10:00Z,774.000000,774.140015,773.780029,773.780029,282665
2026-08-10T16:15:00Z,773.780029,773.789978,773.450012,773.690002,240699
2026-08-10T16:20:00Z,773.669983,773.859985,773.479980,773.765015,183608
2026-08-10T16:25:00Z,773.755005,773.919983,773.349976,773.369995,233503
2026-08-10T16:30:00Z,773.369995,773.487976,771.619995,772.679993,936642
2026-08-10T16:35:00Z,772.739990,773.070007,772.520020,772.570007,396668
2026-08-10T16:40:00Z,772.570007,772.640015,771.974976,772.159912,399488
2026-08-10T16:45:00Z,772.159973,772.630005,771.929993,772.609985,343625
2026-08-10T16:50:00Z,772.630005,772.640015,772.260010,772.530029,163277
2026-08-10T16:55:00Z,772.530029,772.960022,772.520020,772.950012,217374
2026-08-10T17:00:00Z,772.940002,773.049988,772.500000,772.679993,313484
2026-08-10T17:05:00Z,772.679993,773.090027,772.580017,773.090027,194299
2026-08-10T17:10:00Z,773.070007,773.250000,772.900024,773.109985,222041
2026-08-10T17:15:00Z,773.114990,773.280029,772.985229,773.140015,199345
2026-08-10T17:20:00Z,773.147705,773.210022,772.989990,773.150024,196008
2026-08-10T17:25:00Z,773.140015,773.179993,772.859985,773.109497,156557
2026-08-10T17:30:00Z,773.109985,773.260010,773.059998,773.130005,176726
2026-08-10T17:35:00Z,773.119995,773.159973,772.700012,772.844971,176600
2026-08-10T17:40:00Z,772.840027,772.969971,772.609985,772.650024,159893
2026-08-10T17:45:00Z,772.659973,772.760010,772.549988,772.679993,154297
2026-08-10T17:50:00Z,772.679993,772.750000,772.489990,772.619995,209840
2026-08-10T17:55:00Z,772.609985,772.820007,772.510010,772.739014,240959
2026-08-10T18:00:00Z,772.729980,772.880005,772.659973,772.739990,232718
2026-08-10T18:05:00Z,772.739990,773.020020,772.650024,772.940002,265829
2026-08-10T18:10:00Z,772.934998,773.059998,772.640015,772.679993,249045
2026-08-10T18:15:00Z,772.669983,772.750000,772.530029,772.559998,567494
2026-08-10T18:20:00Z,772.580017,772.750000,772.500000,772.549988,223977
2026-08-10T18:25:00Z,772.549988,772.710022,772.510010,772.530029,280755
2026-08-10T18:30:00Z,772.520020,772.669983,772.359985,772.544983,520433
2026-08-10T18:35:00Z,772.539978,772.710022,772.320007,772.559998,314908
2026-08-10T18:40:00Z,772.559998,772.929993,772.549988,772.885010,723242
2026-08-10T18:45:00Z,772.880005,772.929993,772.739990,772.849976,357552
2026-08-10T18:50:00Z,772.840027,773.150024,772.840027,773.109985,214897
2026-08-10T18:55:00Z,773.114990,773.330017,773.000000,773.190002,330679
2026-08-10T19:00:00Z,773.200012,773.320007,773.049988,773.190002,380984
2026-08-10T19:05:00Z,773.184998,773.400024,773.109985,773.390015,229464
2026-08-10T19:10:00Z,773.390015,773.390015,773.219971,773.299988,315994
2026-08-10T19:15:00Z,773.299988,773.440002,773.210022,773.299988,265632
2026-08-10T19:20:00Z,773.309998,773.400024,773.181702,773.370117,338157
2026-08-10T19:25:00Z,773.390015,773.390015,772.880005,772.929993,285647
2026-08-10T19:30:00Z,772.945007,773.000793,772.729980,772.890015,337947
2026-08-10T19:35:00Z,772.880005,773.289978,772.780029,773.170105,381510
2026-08-10T19:40:00Z,773.190002,773.200012,772.940002,773.085022,319656
2026-08-10T19:45:00Z,773.080017,773.219971,772.895020,773.169983,951188
2026-08-10T19:50:00Z,773.159973,773.159973,772.354980,772.380005,1210259
2026-08-10T19:55:00Z,772.400024,773.159973,772.315002,773.070007,2364437
2026-08-11T13:30:00Z,774.530029,774.539978,773.229980,773.469971,1428648
2026-08-11T13:35:00Z,773.460022,773.539978,772.864990,773.109985,424993
2026-08-11T13:40:00Z,773.119812,773.710022,773.099976,773.299988,324717
2026-08-11T13:45:00Z,773.299988,773.484985,772.580017,772.840027,532137
2026-08-11T13:50:00Z,772.835022,773.140015,772.590027,772.919983,298670
2026-08-11T13:55:00Z,772.880005,773.640015,772.799988,773.614990,380944
2026-08-11T14:00:00Z,773.614990,774.080017,773.489990,773.869995,453452
2026-08-11T14:05:00Z,773.854980,773.969971,773.549988,773.789978,329331
2026-08-11T14:10:00Z,773.801819,773.976196,773.590027,773.780029,251067
2026-08-11T14:15:00Z,773.799988,773.950012,773.380005,773.630005,160206
2026-08-11T14:20:00Z,773.640015,773.869995,773.380005,773.405029,291938
2026-08-11T14:25:00Z,773.390015,773.949890,773.330017,773.869995,406585
2026-08-11T14:30:00Z,773.880005,773.929993,773.460022,773.669983,243033
2026-08-11T14:35:00Z,773.669983,773.775024,773.210022,773.344971,383084
2026-08-11T14:40:00Z,773.369995,773.619995,773.280029,773.369873,201888
2026-08-11T14:45:00Z,773.359985,773.929993,773.349976,773.900024,542338
2026-08-11T14:50:00Z,773.880005,774.034973,773.460022,773.890015,260399
2026-08-11T14:55:00Z,773.890015,774.030029,773.544983,773.619995,271133
2026-08-11T15:00:00Z,773.630005,773.809998,773.375000,773.500000,207831
2026-08-11T15:05:00Z,773.505005,773.509888,772.719971,772.804993,460078
2026-08-11T15:10:00Z,772.789978,772.945007,772.549988,772.659973,361674
2026-08-11T15:15:00Z,772.659973,772.679993,772.200012,772.450012,401588
2026-08-11T15:20:00Z,772.450012,772.840027,772.400024,772.510010,296732
2026-08-11T15:25:00Z,772.520020,772.700012,772.400024,772.401001,200505
2026-08-11T15:30:00Z,772.409973,772.559998,771.804993,771.945007,336602
2026-08-11T15:35:00Z,771.950012,772.130005,771.750000,771.859985,395830
2026-08-11T15:40:00Z,771.854980,772.210022,771.780029,772.179993,295888
2026-08-11T15:45:00Z,772.169983,772.176392,771.890503,771.994995,214007
2026-08-11T15:50:00Z,772.000000,772.247986,771.770020,771.839905,246644
2026-08-11T15:55:00Z,771.840027,772.140015,771.789978,772.000000,315282
2026-08-11T16:00:00Z,772.030029,772.309998,772.010010,772.039978,212708
2026-08-11T16:05:00Z,772.030029,772.390015,771.969971,772.309998,592824
2026-08-11T16:10:00Z,772.318115,772.330017,771.929993,771.955017,306205
2026-08-11T16:15:00Z,771.969971,772.450012,771.966187,772.080017,986294
2026-08-11T16:20:00Z,772.080017,772.200012,771.630005,771.705017,296802
2026-08-11T16:25:00Z,771.700012,771.890015,771.380005,771.818970,681860
2026-08-11T16:30:00Z,771.817505,771.919983,771.460022,771.559998,295572
2026-08-11T16:35:00Z,771.554993,772.010010,771.520020,771.869995,216327
2026-08-11T16:40:00Z,771.859985,771.859985,771.549988,771.580017,290232
2026-08-11T16:45:00Z,771.580017,771.599976,771.280029,771.429993,599549
2026-08-11T16:50:00Z,771.440002,771.559998,771.300110,771.380005,178651
2026-08-11T16:55:00Z,771.380005,771.409973,771.039978,771.140015,464586
2026-08-11T17:00:00Z,771.150024,771.260010,770.780029,770.784973,268966
2026-08-11T17:05:00Z,770.780029,771.099976,770.760010,770.880005,198827
2026-08-11T17:10:00Z,770.880005,770.880005,770.299988,770.326599,245008
2026-08-11T17:15:00Z,770.309998,770.839905,770.260010,770.755005,285392
2026-08-11T17:20:00Z,770.760010,771.000000,770.599976,770.900024,191635
2026-08-11T17:25:00Z,770.890015,771.010010,770.659973,770.849976,158315
2026-08-11T17:30:00Z,770.849976,770.950012,770.729980,770.940002,156705
2026-08-11T17:35:00Z,770.945007,771.130005,770.770020,770.875000,235620
2026-08-11T17:40:00Z,770.890015,771.309998,770.789978,771.270020,230686
2026-08-11T17:45:00Z,771.260010,771.354980,771.119995,771.170288,140117
2026-08-11T17:50:00Z,771.195007,771.330017,771.150024,771.294983,150583
2026-08-11T17:55:00Z,771.309998,771.309998,771.109985,771.239929,168385
2026-08-11T18:00:00Z,771.219971,771.239502,770.900024,771.065002,288249
2026-08-11T18:05:00Z,771.070007,771.159973,770.669983,770.690002,192607
2026-08-11T18:10:00Z,770.700012,770.909973,770.650024,770.835022,284970
2026-08-11T18:15:00Z,770.840027,770.940002,770.640015,770.750000,189412
2026-08-11T18:20:00Z,770.739990,770.750000,770.280029,770.489990,275517
2026-08-11T18:25:00Z,770.500000,770.559998,769.200012,769.500000,469509
2026-08-11T18:30:00Z,769.520020,770.049988,769.515015,770.000000,831651
2026-08-11T18:35:00Z,770.005005,770.219971,769.929993,770.010010,308649
2026-08-11T18:40:00Z,770.000000,770.000000,769.659973,769.789978,386285
2026-08-11T18:45:00Z,769.780029,770.349976,769.780029,770.340027,239434
2026-08-11T18:50:00Z,770.325012,770.465027,770.140015,770.369995,287103
2026-08-11T18:55:00Z,770.354980,770.380005,770.059998,770.075012,163546
2026-08-11T19:00:00Z,770.090027,770.210022,769.890015,770.094971,208970
2026-08-11T19:05:00Z,770.094971,770.169983,769.849976,770.080017,301661
2026-08-11T19:10:00Z,770.090027,770.380005,770.020020,770.239990,215690
2026-08-11T19:15:00Z,770.270020,770.490112,770.169983,770.440002,319523
2026-08-11T19:20:00Z,770.440002,770.669983,770.369995,770.640015,276727
2026-08-11T19:25:00Z,770.638977,770.690002,770.450012,770.630005,434929
2026-08-11T19:30:00Z,770.630005,770.840027,770.549988,770.799988,500789
2026-08-11T19:35:00Z,770.789978,771.094971,770.700012,771.049988,320188
2026-08-11T19:40:00Z,771.070007,771.070007,770.679993,770.715027,377306
2026-08-11T19:45:00Z,770.719971,770.719971,770.289978,770.380005,798025
2026-08-11T19:50:00Z,770.390015,770.469971,769.789978,770.400024,610583
2026-08-11T19:55:00Z,770.409973,770.549988,769.840027,770.479980,2662022
2026-08-12T13:30:00Z,774.710022,774.900024,772.719971,773.065002,2473063
2026-08-12T13:35:00Z,773.049988,773.515015,772.804993,772.880005,545687
2026-08-12T13:40:00Z,772.890015,773.119995,772.455017,772.809509,541526
2026-08-12T13:45:00Z,772.820007,773.650024,772.362000,773.539978,681812
2026-08-12T13:50:00Z,773.539978,773.539978,772.565002,772.614990,475100
2026-08-12T13:55:00Z,772.614990,772.780029,772.090027,772.590027,420109
2026-08-12T14:00:00Z,772.594971,772.820007,771.929993,771.940002,502816
2026-08-12T14:05:00Z,771.940002,772.510010,771.880005,772.400024,468985
2026-08-12T14:10:00Z,772.419983,772.719971,772.159973,772.380005,329490
2026-08-12T14:15:00Z,772.359985,773.020020,772.229980,772.500000,397238
2026-08-12T14:20:00Z,772.500000,773.030029,772.179993,772.965027,308692
2026-08-12T14:25:00Z,772.940002,773.304993,772.590027,772.794983,350688
2026-08-12T14:30:00Z,772.789978,772.980774,771.289978,772.070007,941071
2026-08-12T14:35:00Z,772.059998,772.789978,771.919983,772.789978,327442
2026-08-12T14:40:00Z,772.779907,773.090027,772.679993,773.059998,357018
2026-08-12T14:45:00Z,773.059998,773.200012,772.419983,772.679993,247235
2026-08-12T14:50:00Z,772.679993,772.710022,771.989990,772.059998,270283
2026-08-12T14:55:00Z,772.039978,772.340027,771.820007,772.219971,311084
2026-08-12T15:00:00Z,772.220886,772.289978,771.760010,771.869995,217138
2026-08-12T15:05:00Z,771.864990,772.210022,771.710022,772.090027,281952
2026-08-12T15:10:00Z,772.119995,772.409973,771.770020,772.169983,234332
2026-08-12T15:15:00Z,772.130005,772.319885,771.940002,772.099976,143342
2026-08-12T15:20:00Z,772.122009,772.190002,771.719971,771.908997,539655
2026-08-12T15:25:00Z,771.890015,772.369995,771.844971,772.369995,116530
2026-08-12T15:30:00Z,772.400024,772.469971,771.664978,771.900024,235675
2026-08-12T15:35:00Z,771.890015,772.190002,771.664978,771.684998,186942
2026-08-12T15:40:00Z,771.669983,771.969971,771.559998,771.799988,555093
2026-08-12T15:45:00Z,771.799988,772.169983,771.769897,772.169983,131275
2026-08-12T15:50:00Z,772.190002,772.190002,771.840027,771.979980,155260
2026-08-12T15:55:00Z,771.940002,772.080017,771.869995,772.030029,160609
2026-08-12T16:00:00Z,772.015015,772.429993,771.969971,772.219971,187168
2026-08-12T16:05:00Z,772.219971,772.359985,771.979980,772.349976,174934
2026-08-12T16:10:00Z,772.369995,772.619995,772.200012,772.519897,407843
2026-08-12T16:15:00Z,772.530029,772.619995,772.359985,772.434326,245911
2026-08-12T16:20:00Z,772.435303,772.640015,772.320007,772.570007,209073
2026-08-12T16:25:00Z,772.580017,772.669983,772.409973,772.450012,181309
2026-08-12T16:30:00Z,772.450012,772.530029,772.179993,772.200012,269932
2026-08-12T16:35:00Z,772.200012,772.770020,772.179993,772.760010,190220
2026-08-12T16:40:00Z,772.760010,772.909973,772.659973,772.739990,204084
2026-08-12T16:45:00Z,772.760010,772.887024,772.559998,772.849976,185898
2026-08-12T16:50:00Z,772.849976,773.200012,772.840027,773.065002,264200
2026-08-12T16:55:00Z,773.059998,773.080017,772.809998,772.905029,222871
2026-08-12T17:00:00Z,772.909973,773.099976,772.840027,773.049988,206060
2026-08-12T17:05:00Z,773.054993,773.289978,773.000000,773.010010,223812
2026-08-12T17:10:00Z,773.019897,773.070007,772.770020,773.030029,166664
2026-08-12T17:15:00Z,773.030029,773.030029,772.609985,772.770020,300930
2026-08-12T17:20:00Z,772.770020,772.905029,772.659973,772.789978,153404
2026-08-12T17:25:00Z,772.780029,773.025024,772.729980,772.780029,175028
2026-08-12T17:30:00Z,772.830017,773.000000,772.700012,772.900024,307687
2026-08-12T17:35:00Z,772.900024,772.950012,772.760010,772.864990,161672
2026-08-12T17:40:00Z,772.859985,772.969971,772.719971,772.880005,175230
2026-08-12T17:45:00Z,772.859985,772.960022,772.760010,772.799988,145350
2026-08-12T17:50:00Z,772.789978,772.979980,772.729980,772.750000,203119
2026-08-12T17:55:00Z,772.750000,772.895020,772.641418,772.810120,134379
2026-08-12T18:00:00Z,772.809998,772.960022,772.780029,772.909973,195541
2026-08-12T18:05:00Z,772.890015,772.979980,772.809998,772.890015,154186
2026-08-12T18:10:00Z,772.888733,773.210022,772.888733,773.109985,219976
2026-08-12T18:15:00Z,773.109985,773.130005,772.979980,773.130005,323123
2026-08-12T18:20:00Z,773.119995,773.229980,772.960022,773.224976,208122
2026-08-12T18:25:00Z,773.229980,773.309998,773.070007,773.090027,189330
2026-08-12T18:30:00Z,773.090027,773.468994,773.090027,773.344971,198769
2026-08-12T18:35:00Z,773.330017,773.489990,773.330017,773.424988,213080
2026-08-12T18:40:00Z,773.419983,773.630005,773.419983,773.510010,222541
2026-08-12T18:45:00Z,773.515015,773.549988,773.380005,773.525024,248126
2026-08-12T18:50:00Z,773.530029,773.630005,773.440002,773.440002,198072
2026-08-12T18:55:00Z,773.450012,773.450012,773.039978,773.059998,299380
2026-08-12T19:00:00Z,773.034973,773.325012,773.020020,773.250305,222436
2026-08-12T19:05:00Z,773.255981,773.380005,773.210022,773.229980,490028
2026-08-12T19:10:00Z,773.229980,773.280029,773.000000,773.070007,204145
2026-08-12T19:15:00Z,773.070007,773.219971,773.054993,773.145020,400179
2026-08-12T19:20:00Z,773.140015,773.159973,772.799988,772.869995,256993
2026-08-12T19:25:00Z,772.869995,772.989990,772.809998,772.979980,338557
2026-08-12T19:30:00Z,772.979980,773.020020,772.799988,772.880005,322257
2026-08-12T19:35:00Z,772.869995,773.000000,772.840027,772.890015,369107
2026-08-12T19:40:00Z,772.880005,772.909973,772.559998,772.864990,301466
2026-08-12T19:45:00Z,772.859985,773.000000,772.700012,772.880005,452702
2026-08-12T19:50:00Z,772.880005,772.900024,772.169983,772.239990,838012
2026-08-12T19:55:00Z,772.260010,772.719971,772.000000,772.520020,1530781
2026-08-13T13:30:00Z,774.869995,775.489990,774.119995,775.380798,1376104
2026-08-13T13:35:00Z,775.390015,776.469971,775.359985,776.440002,709923
2026-08-13T13:40:00Z,776.440002,776.440002,775.549988,775.710022,478545
2026-08-13T13:45:00Z,775.719971,776.960327,775.619995,776.840027,560229
2026-08-13T13:50:00Z,776.840027,777.169983,776.669983,777.150024,516829
2026-08-13T13:55:00Z,777.135010,777.690002,776.929993,777.609985,518195
2026-08-13T14:00:00Z,777.599976,778.250000,777.520020,778.224976,529056
2026-08-13T14:05:00Z,778.224976,778.390015,777.929993,778.140015,448939
2026-08-13T14:10:00Z,778.150024,778.549988,778.130005,778.510010,353311
2026-08-13T14:15:00Z,778.525024,778.659973,778.023193,778.530029,348225
2026-08-13T14:20:00Z,778.539978,779.210022,778.390015,779.029480,453879
2026-08-13T14:25:00Z,779.030029,779.250000,778.909973,779.190002,271731
2026-08-13T14:30:00Z,779.190002,779.369995,778.979980,779.219971,464862
2026-08-13T14:35:00Z,779.219971,779.369995,778.750000,779.065002,416718
2026-08-13T14:40:00Z,779.065002,779.109985,778.569519,778.569519,391491
2026-08-13T14:45:00Z,778.539978,778.549988,777.530029,777.679993,489939
2026-08-13T14:50:00Z,777.690002,777.934998,777.570007,777.840027,628299
2026-08-13T14:55:00Z,777.840027,777.969971,777.380005,777.760010,299201
2026-08-13T15:00:00Z,777.770020,778.229980,777.320007,777.380005,292865
2026-08-13T15:05:00Z,777.369995,777.604980,776.965027,777.234985,364453
2026-08-13T15:10:00Z,777.239990,777.369995,777.020020,777.119995,379276
2026-08-13T15:15:00Z,777.125000,777.250000,776.721313,777.174988,269694
2026-08-13T15:20:00Z,777.150024,777.260010,776.825012,776.914978,311149
2026-08-13T15:25:00Z,776.919983,776.929993,775.919983,776.169983,783714
2026-08-13T15:30:00Z,776.179993,776.309998,775.710022,775.729980,364892
2026-08-13T15:35:00Z,775.739990,776.150024,775.580017,775.960022,843741
2026-08-13T15:40:00Z,775.950012,776.369995,775.700012,775.965027,345484
2026-08-13T15:45:00Z,775.960022,776.130005,775.700012,775.909912,237331
2026-08-13T15:50:00Z,775.895020,775.929993,775.520020,775.659973,194043
2026-08-13T15:55:00Z,775.659973,775.929993,775.380005,775.489990,263486
2026-08-13T16:00:00Z,775.479980,776.049988,775.460022,775.899902,207585
2026-08-13T16:05:00Z,775.909973,776.289978,775.890015,775.965027,204513
2026-08-13T16:10:00Z,775.965027,776.119995,775.674988,775.690002,154007
2026-08-13T16:15:00Z,775.692322,775.880005,775.599976,775.849976,198565
2026-08-13T16:20:00Z,775.849976,776.090027,775.760010,776.059998,207324
2026-08-13T16:25:00Z,776.065002,776.520020,776.044983,776.520020,543639
2026-08-13T16:30:00Z,776.525024,776.710022,776.405029,776.640015,278306
2026-08-13T16:35:00Z,776.640015,776.700012,776.219910,776.289978,258151
2026-08-13T16:40:00Z,776.285706,776.510010,776.205017,776.440002,159458
2026-08-13T16:45:00Z,776.414673,776.669983,776.414673,776.609985,180286
2026-08-13T16:50:00Z,776.609985,776.799988,776.594971,776.690002,160969
2026-08-13T16:55:00Z,776.679993,776.760010,776.585022,776.700012,126149
2026-08-13T17:00:00Z,776.710022,777.049988,776.710022,776.989990,156097
2026-08-13T17:05:00Z,777.000000,777.380005,776.929993,777.250000,168554
2026-08-13T17:10:00Z,777.250000,777.299988,777.090027,777.190002,121079
2026-08-13T17:15:00Z,777.169983,777.400024,777.169983,777.400024,139804
2026-08-13T17:20:00Z,777.405029,777.479980,777.169983,777.280029,122761
2026-08-13T17:25:00Z,777.289978,777.309998,777.090027,777.109985,134965
2026-08-13T17:30:00Z,777.099976,777.239990,776.830017,776.929993,139366
2026-08-13T17:35:00Z,776.929993,776.934998,776.664978,776.789978,170159
2026-08-13T17:40:00Z,776.786499,776.900024,776.619995,776.619995,115385
2026-08-13T17:45:00Z,776.619995,776.919983,776.619995,776.830017,109112
2026-08-13T17:50:00Z,776.840027,776.929993,776.739990,776.770020,86696
2026-08-13T17:55:00Z,776.780029,776.940002,776.669983,776.744995,148652
2026-08-13T18:00:00Z,776.750000,776.940002,776.739990,776.909973,137327
2026-08-13T18:05:00Z,776.929993,777.039978,776.799988,776.830017,335929
2026-08-13T18:10:00Z,776.820007,777.140015,776.659973,777.080017,201122
2026-08-13T18:15:00Z,777.075012,777.169983,776.890015,776.950012,468879
2026-08-13T18:20:00Z,776.929993,776.989990,776.679993,776.719971,225428
2026-08-13T18:25:00Z,776.729980,777.044983,776.710022,776.979980,253739
2026-08-13T18:30:00Z,776.989990,777.260010,776.989990,777.236877,236949
2026-08-13T18:35:00Z,777.250000,777.419983,777.200012,777.400024,252989
2026-08-13T18:40:00Z,777.409973,777.739990,777.359985,777.617493,251157
2026-08-13T18:45:00Z,777.614990,777.760010,777.605530,777.750000,166152
2026-08-13T18:50:00Z,777.750000,777.929993,777.630005,777.869995,244315
2026-08-13T18:55:00Z,777.869995,777.919983,777.669983,777.739990,176845
2026-08-13T19:00:00Z,777.750000,777.930115,777.719971,777.880005,292028
2026-08-13T19:05:00Z,777.880005,778.429993,777.799988,778.354980,309207
2026-08-13T19:10:00Z,778.359985,778.359985,777.840027,777.960022,399339
2026-08-13T19:15:00Z,777.950012,778.150024,777.789978,778.150024,470137
2026-08-13T19:20:00Z,778.145020,778.330017,778.130005,778.294983,318573
2026-08-13T19:25:00Z,778.289978,778.369995,777.979980,778.030090,312743
2026-08-13T19:30:00Z,778.030029,778.239990,777.950012,778.039978,648879
2026-08-13T19:35:00Z,778.039978,778.059998,777.729980,777.955017,1055543
2026-08-13T19:40:00Z,777.960022,778.030029,777.690002,777.719971,394536
2026-08-13T19:45:00Z,777.710022,777.820007,777.640015,777.770020,715586
2026-08-13T19:50:00Z,777.750000,777.750000,777.349976,777.515015,1408773
2026-08-13T19:55:00Z,777.530029,777.934998,777.364990,777.780029,2781625
2026-08-14T13:30:00Z,778.539978,778.580017,777.919983,778.190002,1160934
2026-08-14T13:35:00Z,778.164978,778.280029,777.659973,778.020020,478796
2026-08-14T13:40:00Z,778.039978,778.484985,777.820007,778.380005,509871
2026-08-14T13:45:00Z,778.390015,778.599976,777.880371,777.950012,335338
2026-08-14T13:50:00Z,777.960022,778.599976,777.809998,778.469971,384936
2026-08-14T13:55:00Z,778.469971,778.510010,778.099976,778.429993,228278
2026-08-14T14:00:00Z,778.419983,778.590027,778.159973,778.549988,232658
2026-08-14T14:05:00Z,778.549988,778.799988,778.469971,778.520020,274925
2026-08-14T14:10:00Z,778.530029,778.679993,778.280029,778.280029,205626
2026-08-14T14:15:00Z,778.275024,778.340027,777.765015,777.810120,353296
2026-08-14T14:20:00Z,777.809998,777.909973,777.380005,777.530029,414251
2026-08-14T14:25:00Z,777.527100,777.619873,777.130005,777.409973,381514
2026-08-14T14:30:00Z,777.400024,777.479980,776.820007,776.869995,435292
2026-08-14T14:35:00Z,776.859985,777.440002,776.840027,777.400024,277615
2026-08-14T14:40:00Z,777.375000,777.375000,777.010010,777.130005,225269
2026-08-14T14:45:00Z,777.119995,777.429993,777.030029,777.260010,298480
2026-08-14T14:50:00Z,777.244995,777.439270,776.988098,777.015015,253978
2026-08-14T14:55:00Z,777.020020,777.150024,776.739990,776.739990,199305
2026-08-14T15:00:00Z,776.744995,777.109985,776.710022,776.940002,186300
2026-08-14T15:05:00Z,776.929993,777.059998,776.570007,776.659973,223936
2026-08-14T15:10:00Z,776.669983,776.780029,776.419983,776.455017,238187
2026-08-14T15:15:00Z,776.450012,776.690002,776.429993,776.590027,265969
2026-08-14T15:20:00Z,776.590027,776.650024,775.989990,776.001770,463188
2026-08-14T15:25:00Z,776.000000,776.299988,775.859985,776.299988,485454
2026-08-14T15:30:00Z,776.289978,776.414978,776.010010,776.169983,430442
2026-08-14T15:35:00Z,776.179993,776.460022,776.059998,776.061829,381075
2026-08-14T15:40:00Z,776.090027,776.130005,775.849976,776.049988,349847
2026-08-14T15:45:00Z,776.054993,776.369995,775.859985,775.890015,346623
2026-08-14T15:50:00Z,775.880005,776.210022,775.809998,776.114990,358905
2026-08-14T15:55:00Z,776.119995,776.349976,776.020020,776.219971,218846
2026-08-14T16:00:00Z,776.229980,776.590027,776.229980,776.439880,283320
2026-08-14T16:05:00Z,776.409973,776.510010,776.099976,776.239990,189294
2026-08-14T16:10:00Z,776.236328,776.559998,776.169983,776.549988,359889
2026-08-14T16:15:00Z,776.549988,776.750000,776.530029,776.590027,463051
2026-08-14T16:20:00Z,776.590027,776.700012,776.440002,776.669983,208944
2026-08-14T16:25:00Z,776.674988,776.820007,776.619995,776.710022,206619
2026-08-14T16:30:00Z,776.700012,776.734985,776.299988,776.375000,266514
2026-08-14T16:35:00Z,776.380005,776.630005,776.340027,776.469971,202947
2026-08-14T16:40:00Z,776.489990,776.489990,776.135010,776.135010,183890
2026-08-14T16:45:00Z,776.130005,776.210022,775.980530,776.137512,180390
2026-08-14T16:50:00Z,776.119995,776.119995,775.825012,775.923706,180647
2026-08-14T16:55:00Z,775.929993,776.010010,775.659973,775.700012,233654
2026-08-14T17:00:00Z,775.700012,775.880005,775.630005,775.789978,183720
2026-08-14T17:05:00Z,775.789978,775.969971,775.780029,775.900024,169827
2026-08-14T17:10:00Z,775.909973,776.114990,775.830017,776.059998,224927
2026-08-14T17:15:00Z,776.049988,776.109985,775.789978,775.965027,138172
2026-08-14T17:20:00Z,775.960022,776.130005,775.780029,775.830017,206717
2026-08-14T17:25:00Z,775.820007,775.830017,775.653076,775.770020,134375
2026-08-14T17:30:00Z,775.780029,775.979980,775.739990,775.830017,172892
2026-08-14T17:35:00Z,775.820007,775.820007,775.430115,775.575012,148579
2026-08-14T17:40:00Z,775.549988,775.659973,775.469971,775.599976,238174
2026-08-14T17:45:00Z,775.599976,775.719971,775.539978,775.609985,188872
2026-08-14T17:50:00Z,775.599976,775.809998,775.465027,775.755005,154521
2026-08-14T17:55:00Z,775.755005,775.929993,775.640015,775.830017,124476
2026-08-14T18:00:00Z,775.835022,776.109985,775.729980,776.020020,490127
2026-08-14T18:05:00Z,776.020020,776.159973,775.950012,776.155029,195210
2026-08-14T18:10:00Z,776.150024,776.299988,776.070007,776.159973,236277
2026-08-14T18:15:00Z,776.150024,776.330017,776.119995,776.205017,504091
2026-08-14T18:20:00Z,776.210022,776.320007,776.080017,776.174988,200261
2026-08-14T18:25:00Z,776.179993,776.270020,775.890015,775.924988,131096
2026-08-14T18:30:00Z,775.929993,776.109985,775.820007,775.900024,182489
2026-08-14T18:35:00Z,775.900024,776.039978,775.820007,776.005005,311403
2026-08-14T18:40:00Z,776.005005,776.270020,775.950012,776.210022,220569
2026-08-14T18:45:00Z,776.210022,776.260010,776.039978,776.255005,165278
2026-08-14T18:50:00Z,776.260010,776.491882,776.260010,776.359985,279514
2026-08-14T18:55:00Z,776.359985,776.359985,776.150024,776.190002,123002
2026-08-14T19:00:00Z,776.190002,776.219971,775.890015,775.989990,212320
2026-08-14T19:05:00Z,775.984985,776.190002,775.950012,776.159973,109170
2026-08-14T19:10:00Z,776.169983,776.184998,776.039978,776.049988,406662
2026-08-14T19:15:00Z,776.049988,776.130005,775.830017,775.994995,478012
2026-08-14T19:20:00Z,775.994995,776.119995,775.869995,776.109985,375563
2026-08-14T19:25:00Z,776.109985,776.330017,776.109985,776.155029,218832
2026-08-14T19:30:00Z,776.155029,776.308899,776.099976,776.234985,314674
2026-08-14T19:35:00Z,776.239990,776.320007,776.030029,776.169983,643297
2026-08-14T19:40:00Z,776.169983,776.304993,776.114990,776.164978,290616
2026-08-14T19:45:00Z,776.159973,776.219971,775.969971,776.200012,398764
2026-08-14T19:50:00Z,776.190002,776.409973,776.099976,776.200012,620968
2026-08-14T19:55:00Z,776.210022,776.419983,775.919983,776.299988,1512056
2026-08-17T13:30:00Z,776.179993,776.775024,775.462097,775.510010,1534766
2026-08-17T13:35:00Z,775.509888,775.890015,775.320007,775.439880,495067
2026-08-17T13:40:00Z,775.450012,775.840027,775.320007,775.565002,234312
2026-08-17T13:45:00Z,775.559998,776.010071,775.190002,775.969971,491370
2026-08-17T13:50:00Z,775.974976,776.000000,775.559998,775.809998,256324
2026-08-17T13:55:00Z,775.830017,775.830017,775.179993,775.290527,272021
2026-08-17T14:00:00Z,775.265015,775.599976,775.020020,775.409973,352408
2026-08-17T14:05:00Z,775.409973,775.500000,775.090027,775.434998,324799
2026-08-17T14:10:00Z,775.440002,775.770020,775.359985,775.659973,267380
2026-08-17T14:15:00Z,775.659973,775.659973,775.234985,775.330017,250538
2026-08-17T14:20:00Z,775.349976,775.359985,775.020020,775.250000,208298
2026-08-17T14:25:00Z,775.260010,775.469971,775.000000,775.460022,303355
2026-08-17T14:30:00Z,775.450012,775.589905,775.340027,775.560120,262806
2026-08-17T14:35:00Z,775.570007,775.570007,774.929993,775.059998,247573
2026-08-17T14:40:00Z,775.070007,775.340027,775.030029,775.121216,249271
2026-08-17T14:45:00Z,775.140015,775.369995,775.130005,775.284973,254667
2026-08-17T14:50:00Z,775.289978,775.479980,774.900024,774.960022,461284
2026-08-17T14:55:00Z,774.960022,775.289978,774.890015,775.270020,327036
2026-08-17T15:00:00Z,775.270020,775.599976,775.150024,775.500000,260821
2026-08-17T15:05:00Z,775.500000,775.599976,775.299988,775.380005,202964
2026-08-17T15:10:00Z,775.369995,775.570007,775.320007,775.330017,171675
2026-08-17T15:15:00Z,775.330017,775.760010,775.299988,775.700012,200356
2026-08-17T15:20:00Z,775.700012,775.859985,775.619995,775.669983,233700
2026-08-17T15:25:00Z,775.700012,775.789978,775.530029,775.715027,171067
2026-08-17T15:30:00Z,775.715027,775.820007,775.219971,775.221008,208647
2026-08-17T15:35:00Z,775.239990,775.325012,774.969971,775.020020,265539
2026-08-17T15:40:00Z,775.010010,775.109985,774.710022,775.099976,412020
2026-08-17T15:45:00Z,775.099976,775.239990,775.015015,775.099976,210075
2026-08-17T15:50:00Z,775.070007,775.409973,775.020020,775.330017,250662
2026-08-17T15:55:00Z,775.330017,775.440002,775.280029,775.299988,161832
2026-08-17T16:00:00Z,775.294983,775.375000,775.135010,775.219971,152249
2026-08-17T16:05:00Z,775.219971,775.320007,775.059998,775.130005,200896
2026-08-17T16:10:00Z,775.150024,775.460022,775.130005,775.380005,218467
2026-08-17T16:15:00Z,775.380005,775.590027,775.359985,775.500000,142448
2026-08-17T16:20:00Z,775.510010,775.609985,775.369995,775.419983,138618
2026-08-17T16:25:00Z,775.400024,775.429993,775.205017,775.289978,119019
2026-08-17T16:30:00Z,775.299988,775.409973,775.090027,775.109985,153351
2026-08-17T16:35:00Z,775.109985,775.289978,775.090027,775.289978,129886
2026-08-17T16:40:00Z,775.289978,775.289978,774.929993,774.940002,162965
2026-08-17T16:45:00Z,774.945007,775.070007,774.849976,775.005005,213328
2026-08-17T16:50:00Z,775.010010,775.049988,774.650024,774.869995,180503
2026-08-17T16:55:00Z,774.869995,774.909973,774.609985,774.679993,205635
2026-08-17T17:00:00Z,774.669983,774.780029,774.559998,774.679993,203950
2026-08-17T17:05:00Z,774.679993,774.679993,774.489990,774.559998,242930
2026-08-17T17:10:00Z,774.559998,774.650024,774.299988,774.309998,294702
2026-08-17T17:15:00Z,774.289978,774.445007,774.070007,774.239990,349125
2026-08-17T17:20:00Z,774.239990,774.320007,773.659973,773.750000,438645
2026-08-17T17:25:00Z,773.750000,773.789978,773.469971,773.580017,357085
2026-08-17T17:30:00Z,773.570007,773.859985,773.419983,773.440002,401629
2026-08-17T17:35:00Z,773.429993,773.530029,773.145020,773.145020,274573
2026-08-17T17:40:00Z,773.130005,773.840027,773.099976,773.780029,426708
2026-08-17T17:45:00Z,773.760986,773.844971,773.474976,773.505005,209291
2026-08-17T17:50:00Z,773.510010,773.669983,773.400024,773.554993,243333
2026-08-17T17:55:00Z,773.559875,773.570007,773.320007,773.409973,179368
2026-08-17T18:00:00Z,773.419983,773.590027,773.280029,773.450012,416637
2026-08-17T18:05:00Z,773.450012,773.630005,773.299988,773.390015,309578
2026-08-17T18:10:00Z,773.359985,773.750000,773.330017,773.690002,260321
2026-08-17T18:15:00Z,773.695007,773.799988,773.510010,773.578979,237162
2026-08-17T18:20:00Z,773.559998,773.739990,773.390015,773.710022,297506
2026-08-17T18:25:00Z,773.700012,773.799988,773.419983,773.590027,230399
2026-08-17T18:30:00Z,773.580017,773.630005,773.229980,773.260010,387643
2026-08-17T18:35:00Z,773.260010,773.489990,773.260010,773.479919,193441
2026-08-17T18:40:00Z,773.450012,773.700012,773.400024,773.599976,239373
2026-08-17T18:45:00Z,773.604980,773.780029,773.554993,773.719971,286347
2026-08-17T18:50:00Z,773.715027,773.820007,773.544983,773.599976,222482
2026-08-17T18:55:00Z,773.594971,773.635010,773.500000,773.534973,170976
2026-08-17T19:00:00Z,773.534973,773.590027,773.299988,773.320007,298525
2026-08-17T19:05:00Z,773.330017,773.429993,773.260010,773.294983,303874
2026-08-17T19:10:00Z,773.294983,773.414978,773.155029,773.210022,579610
2026-08-17T19:15:00Z,773.210022,773.510010,773.159973,773.380005,285425
2026-08-17T19:20:00Z,773.390015,773.469971,773.250000,773.280029,258956
2026-08-17T19:25:00Z,773.270020,773.409973,773.119995,773.119995,295472
2026-08-17T19:30:00Z,773.130005,773.159973,772.729980,772.974976,624398
2026-08-17T19:35:00Z,772.979980,773.119995,772.862671,773.015015,604289
2026-08-17T19:40:00Z,773.010010,773.070007,772.809998,772.979980,583838
2026-08-17T19:45:00Z,772.979980,773.340027,772.969971,773.315002,842549
2026-08-17T19:50:00Z,773.315002,773.359985,772.619995,772.755005,1025199
2026-08-17T19:55:00Z,772.750000,772.950012,772.510010,772.679993,4905007
2026-08-18T13:30:00Z,768.700012,769.460022,767.909973,768.549988,2622640
2026-08-18T13:35:00Z,768.549988,769.199707,768.309998,769.130005,756092
2026-08-18T13:40:00Z,769.104980,769.500000,768.719971,768.750000,636495
2026-08-18T13:45:00Z,768.729980,769.080017,768.359985,768.450012,689642
2026-08-18T13:50:00Z,768.460022,768.809998,768.215027,768.559998,472300
2026-08-18T13:55:00Z,768.580017,768.849976,768.119995,768.469971,373690
2026-08-18T14:00:00Z,768.489990,769.270020,768.179993,768.969971,485647
2026-08-18T14:05:00Z,768.960022,769.210022,768.445007,768.539978,541217
2026-08-18T14:10:00Z,768.539978,768.570007,767.630005,768.090027,806006
2026-08-18T14:15:00Z,768.109985,768.820007,767.989990,768.549988,508100
2026-08-18T14:20:00Z,768.549988,768.979980,768.090027,768.809998,456557
2026-08-18T14:25:00Z,768.820007,769.080017,768.535828,768.659973,444417
2026-08-18T14:30:00Z,768.640015,769.250000,768.570007,768.770020,387090
2026-08-18T14:35:00Z,768.770020,769.169983,768.729980,769.090027,546474
2026-08-18T14:40:00Z,769.090027,769.210022,768.380005,768.400024,404735
2026-08-18T14:45:00Z,768.390015,768.585022,768.179993,768.469971,375061
2026-08-18T14:50:00Z,768.474976,768.804993,767.909973,767.940002,497885
2026-08-18T14:55:00Z,767.940002,768.130005,767.710022,767.919983,469333
2026-08-18T15:00:00Z,767.929993,768.294983,767.419983,768.219971,462120
2026-08-18T15:05:00Z,768.219971,768.380005,767.719971,767.770020,342508
2026-08-18T15:10:00Z,767.780029,767.924988,767.640015,767.719971,301549
2026-08-18T15:15:00Z,767.729980,767.890015,767.469971,767.479980,348711
2026-08-18T15:20:00Z,767.450012,767.718018,767.330017,767.549988,326194
2026-08-18T15:25:00Z,767.539978,768.031372,767.419983,767.840027,263936
2026-08-18T15:30:00Z,767.854980,768.190002,767.734985,767.890015,386741
2026-08-18T15:35:00Z,767.890015,767.900024,767.599976,767.825012,260768
2026-08-18T15:40:00Z,767.835022,768.265015,767.690002,768.059998,398746
2026-08-18T15:45:00Z,768.070007,768.570007,768.070007,768.395020,416330
2026-08-18T15:50:00Z,768.369995,768.630005,768.099976,768.489990,194237
2026-08-18T15:55:00Z,768.479980,768.500000,768.070007,768.349976,229765
2026-08-18T16:00:00Z,768.349976,768.650024,768.275024,768.570007,198610
2026-08-18T16:05:00Z,768.554993,768.710022,768.219971,768.369995,185821
2026-08-18T16:10:00Z,768.369995,768.729980,768.369995,768.549988,122339
2026-08-18T16:15:00Z,768.570007,768.640015,768.221008,768.309998,166128
2026-08-18T16:20:00Z,768.309998,768.869995,768.309998,768.679993,155592
2026-08-18T16:25:00Z,768.669983,768.729919,768.140015,768.210022,240325
2026-08-18T16:30:00Z,768.190002,768.429993,768.070007,768.309998,155634
2026-08-18T16:35:00Z,768.320007,768.580017,768.164978,768.455017,202447
2026-08-18T16:40:00Z,768.460022,768.599976,768.190002,768.369995,113118
2026-08-18T16:45:00Z,768.380005,768.840027,768.200012,768.770020,168244
2026-08-18T16:50:00Z,768.770020,768.869995,768.645020,768.829895,149309
2026-08-18T16:55:00Z,768.820007,768.830017,768.619995,768.630005,412159
2026-08-18T17:00:00Z,768.619995,768.690002,768.369995,768.549988,257158
2026-08-18T17:05:00Z,768.559998,768.760010,768.450012,768.760010,208302
2026-08-18T17:10:00Z,768.760010,768.820007,768.489990,768.619995,126300
2026-08-18T17:15:00Z,768.619995,768.640015,768.270020,768.299988,123137
2026-08-18T17:20:00Z,768.299988,768.544983,768.239990,768.260010,149089
2026-08-18T17:25:00Z,768.260010,768.330017,768.080017,768.299988,148242
2026-08-18T17:30:00Z,768.289978,768.390015,768.093872,768.190002,302759
2026-08-18T17:35:00Z,768.198975,768.392517,768.010010,768.219971,138634
2026-08-18T17:40:00Z,768.219971,768.289978,768.059998,768.090027,121558
2026-08-18T17:45:00Z,768.070007,768.210022,767.989990,768.010010,104516
2026-08-18T17:50:00Z,768.020020,768.179993,767.950012,768.070007,100285
2026-08-18T17:55:00Z,768.065002,768.070007,767.609985,767.619995,203563
2026-08-18T18:00:00Z,767.619995,767.729980,767.530029,767.635010,373405
2026-08-18T18:05:00Z,767.640015,767.760010,767.450012,767.489990,1146482
2026-08-18T18:10:00Z,767.500000,768.099976,767.460022,768.059998,332283
2026-08-18T18:15:00Z,768.070007,768.440002,768.039917,768.409973,402236
2026-08-18T18:20:00Z,768.405029,768.565002,768.210022,768.270020,250132
2026-08-18T18:25:00Z,768.265015,768.405029,768.104980,768.359985,230834
2026-08-18T18:30:00Z,768.354980,768.409973,768.140015,768.294983,225951
2026-08-18T18:35:00Z,768.320007,768.429993,768.289978,768.320007,177403
2026-08-18T18:40:00Z,768.320007,768.359985,768.080017,768.090027,221217
2026-08-18T18:45:00Z,768.099976,768.200012,768.020020,768.059998,281604
2026-08-18T18:50:00Z,768.049988,768.090027,767.799988,767.809998,291691
2026-08-18T18:55:00Z,767.799988,767.914978,767.679993,767.700012,264171
2026-08-18T19:00:00Z,767.690002,767.869995,767.619995,767.744995,384418
2026-08-18T19:05:00Z,767.750000,767.950012,767.650024,767.830017,218237
2026-08-18T19:10:00Z,767.830017,767.919983,767.559998,767.619995,262138
2026-08-18T19:15:00Z,767.619995,767.859985,767.609985,767.849976,227850
2026-08-18T19:20:00Z,767.854980,768.150024,767.760010,768.150024,373300
2026-08-18T19:25:00Z,768.130005,768.179993,768.005005,768.020020,269239
2026-08-18T19:30:00Z,768.015015,768.219971,767.849976,767.890015,418605
2026-08-18T19:35:00Z,767.895630,768.059998,767.849976,767.950012,351624
2026-08-18T19:40:00Z,767.950012,767.969971,767.719971,767.895020,562829
2026-08-18T19:45:00Z,767.890015,767.960022,767.650024,767.890015,986099
2026-08-18T19:50:00Z,767.890015,767.940002,767.270020,767.414978,1662877
2026-08-18T19:55:00Z,767.419983,767.669983,766.924988,767.390015,5893584
2026-08-19T13:30:00Z,770.359985,770.630005,769.859985,770.020996,2772579
2026-08-19T13:35:00Z,770.030029,770.229980,769.409973,769.510010,576086
2026-08-19T13:40:00Z,769.530029,770.299988,769.250122,770.099976,491390
2026-08-19T13:45:00Z,770.109985,770.599976,768.359985,768.543701,654143
2026-08-19T13:50:00Z,768.559875,769.729980,768.099976,769.674988,710671
2026-08-19T13:55:00Z,769.669983,770.375000,769.380005,769.989990,365577
2026-08-19T14:00:00Z,770.020020,770.260010,769.559998,769.645020,357200
2026-08-19T14:05:00Z,769.630005,770.020020,769.479980,769.786682,301719
2026-08-19T14:10:00Z,769.799988,769.969727,768.729980,768.739990,531369
2026-08-19T14:15:00Z,768.739990,770.130005,768.729980,769.765015,409215
2026-08-19T14:20:00Z,769.770020,770.169983,769.380005,769.580017,230384
2026-08-19T14:25:00Z,769.570007,770.065002,769.210022,770.030029,317779
2026-08-19T14:30:00Z,769.979980,770.458008,769.810181,770.189880,318762
2026-08-19T14:35:00Z,770.179993,771.299988,770.150024,771.140015,505359
2026-08-19T14:40:00Z,771.155029,771.330017,770.830017,771.059509,401978
2026-08-19T14:45:00Z,771.070007,771.289978,770.669983,770.760010,343048
2026-08-19T14:50:00Z,770.748718,771.609985,770.729980,771.349976,295702
2026-08-19T14:55:00Z,771.364990,772.239929,771.309998,772.200012,416878
2026-08-19T15:00:00Z,772.195007,772.469971,772.014709,772.174988,328587
2026-08-19T15:05:00Z,772.179993,772.260010,771.489990,771.520020,242869
2026-08-19T15:10:00Z,771.500000,771.950012,771.489990,771.820007,233858
2026-08-19T15:15:00Z,771.815002,771.849976,771.400024,771.505005,189957
2026-08-19T15:20:00Z,771.500000,771.594971,771.179993,771.182373,209185
2026-08-19T15:25:00Z,771.190002,771.250000,770.880005,771.108704,429972
2026-08-19T15:30:00Z,771.130005,771.179993,770.750000,770.789978,205650
2026-08-19T15:35:00Z,770.809998,770.919922,770.390015,770.534973,259272
2026-08-19T15:40:00Z,770.530090,770.530090,770.070007,770.499878,753451
2026-08-19T15:45:00Z,770.500000,770.880005,770.380005,770.387512,223318
2026-08-19T15:50:00Z,770.400024,770.539978,770.080017,770.140015,309116
2026-08-19T15:55:00Z,770.109985,770.640015,770.070007,770.620911,172805
2026-08-19T16:00:00Z,770.640015,771.320007,770.400024,771.299988,215066
2026-08-19T16:05:00Z,771.310120,771.604980,771.210022,771.520020,203134
2026-08-19T16:10:00Z,771.520020,771.659973,771.465027,771.549988,160110
2026-08-19T16:15:00Z,771.549988,771.989990,771.440002,771.830017,252767
2026-08-19T16:20:00Z,771.830017,771.849976,771.359985,771.419983,166996
2026-08-19T16:25:00Z,771.419983,771.429993,770.669983,770.669983,195941
2026-08-19T16:30:00Z,770.679993,770.755005,770.419983,770.739990,592691
2026-08-19T16:35:00Z,770.729980,770.734985,770.278198,770.520020,376918
2026-08-19T16:40:00Z,770.520020,770.539978,770.250000,770.395020,188831
2026-08-19T16:45:00Z,770.390015,770.450012,770.119995,770.179993,320128
2026-08-19T16:50:00Z,770.179993,770.179993,769.739990,769.885010,281749
2026-08-19T16:55:00Z,769.880005,769.880005,769.500000,769.679993,266580
2026-08-19T17:00:00Z,769.690002,770.109985,769.599976,769.909973,299283
2026-08-19T17:05:00Z,769.909973,770.229004,769.460022,769.489990,197155
2026-08-19T17:10:00Z,769.530029,770.070007,769.525085,769.825012,188068
2026-08-19T17:15:00Z,769.825012,769.969971,769.460022,769.460022,133715
2026-08-19T17:20:00Z,769.469971,769.530029,769.020020,769.289978,462496
2026-08-19T17:25:00Z,769.250000,769.669983,769.215027,769.570007,138959
2026-08-19T17:30:00Z,769.580017,769.659973,769.200012,769.205017,226553
2026-08-19T17:35:00Z,769.200012,769.469971,769.159973,769.244995,179273
2026-08-19T17:40:00Z,769.250000,769.759888,769.229980,769.588989,232366
2026-08-19T17:45:00Z,769.599976,769.799988,769.510010,769.530090,153701
2026-08-19T17:50:00Z,769.559998,769.890015,769.469971,769.609985,131694
2026-08-19T17:55:00Z,769.619995,769.630005,769.380005,769.507629,214806
2026-08-19T18:00:00Z,769.530029,770.549988,769.400024,770.130005,344237
2026-08-19T18:05:00Z,770.109985,770.250000,768.960022,769.000977,355048
2026-08-19T18:10:00Z,768.979980,769.710022,768.979980,769.429993,219193
2026-08-19T18:15:00Z,769.445007,769.489990,769.049988,769.309998,359299
2026-08-19T18:20:00Z,769.289978,769.479980,769.173706,769.309998,219192
2026-08-19T18:25:00Z,769.289978,769.609985,769.239990,769.580017,169152
2026-08-19T18:30:00Z,769.580017,770.020020,769.580017,769.919983,246735
2026-08-19T18:35:00Z,769.929871,769.940002,769.679993,769.789978,112470
2026-08-19T18:40:00Z,769.765015,770.090027,769.710022,769.809998,274173
2026-08-19T18:45:00Z,769.809998,769.840027,769.584900,769.825012,169729
2026-08-19T18:50:00Z,769.825012,769.869995,769.479980,769.650696,424967
2026-08-19T18:55:00Z,769.669983,769.739990,769.484985,769.515015,163110
2026-08-19T19:00:00Z,769.530029,769.799988,769.429993,769.609985,205676
2026-08-19T19:05:00Z,769.614990,769.989990,769.500000,769.900024,290410
2026-08-19T19:10:00Z,769.900024,769.950012,769.684998,769.710022,130313
2026-08-19T19:15:00Z,769.710022,770.019470,769.599976,770.010010,607852
2026-08-19T19:20:00Z,770.010010,770.020020,769.679993,769.940002,553735
2026-08-19T19:25:00Z,769.929993,770.020020,769.580017,769.630005,637699
2026-08-19T19:30:00Z,769.650024,770.380005,769.609985,770.179993,457266
2026-08-19T19:35:00Z,770.179993,770.190002,769.169983,769.174988,789867
2026-08-19T19:40:00Z,769.169983,769.389404,768.984985,769.000000,361742
2026-08-19T19:45:00Z,769.000000,769.119995,768.530029,768.760010,649946
2026-08-19T19:50:00Z,768.760010,768.859985,768.289978,768.719971,937871
2026-08-19T19:55:00Z,768.710022,769.099976,768.200012,769.090027,4596251
2026-08-20T13:30:00Z,765.960022,767.099976,765.859985,767.049988,1861245
2026-08-20T13:35:00Z,767.059998,767.719971,766.659973,767.299988,936615
2026-08-20T13:40:00Z,767.320007,767.750000,766.640015,767.364990,448531
2026-08-20T13:45:00Z,767.369995,767.500000,766.609985,767.150024,619548
2026-08-20T13:50:00Z,767.150024,767.260010,766.440002,766.960022,482422
2026-08-20T13:55:00Z,766.979980,767.320007,766.159973,766.549988,415264
2026-08-20T14:00:00Z,766.500000,766.919983,765.979980,765.980103,346518
2026-08-20T14:05:00Z,765.989990,766.659973,765.869995,766.645020,445379
2026-08-20T14:10:00Z,766.679993,766.760010,765.929993,765.995667,399204
2026-08-20T14:15:00Z,765.969971,766.135010,765.390015,765.440002,532728
2026-08-20T14:20:00Z,765.439880,766.950012,765.359985,766.750000,491794
2026-08-20T14:25:00Z,766.769104,766.830017,765.969971,766.219971,264369
2026-08-20T14:30:00Z,766.205017,766.820007,766.010010,766.104980,250402
2026-08-20T14:35:00Z,766.109985,767.164978,765.929993,766.969971,241881
2026-08-20T14:40:00Z,766.960022,767.260010,766.570007,767.169983,538852
2026-08-20T14:45:00Z,767.159973,767.479980,766.619995,766.729980,374604
2026-08-20T14:50:00Z,766.739990,767.250000,766.599976,766.700012,245764
2026-08-20T14:55:00Z,766.719971,767.234985,766.479980,767.150024,266129
2026-08-20T15:00:00Z,767.169983,768.150024,767.122070,767.919983,903821
2026-08-20T15:05:00Z,767.880005,767.900024,766.359985,766.559998,708991
2026-08-20T15:10:00Z,766.520020,767.000000,766.059998,766.789978,657901
2026-08-20T15:15:00Z,766.775024,767.080017,766.400024,766.770020,348262
2026-08-20T15:20:00Z,766.729980,766.780029,765.969971,766.289978,556408
2026-08-20T15:25:00Z,766.275024,766.799988,766.000000,766.750000,361681
2026-08-20T15:30:00Z,766.739990,766.869995,765.830017,765.979980,260742
2026-08-20T15:35:00Z,765.989990,766.130005,765.549988,765.554993,580915
2026-08-20T15:40:00Z,765.549988,765.849976,765.309998,765.359985,308538
2026-08-20T15:45:00Z,765.349976,765.719971,765.229980,765.530029,334990
2026-08-20T15:50:00Z,765.539978,766.030029,765.429993,765.849976,387050
2026-08-20T15:55:00Z,765.869995,766.005005,765.619995,765.840027,290791
2026-08-20T16:00:00Z,765.840027,766.090027,765.479980,765.589905,302130
2026-08-20T16:05:00Z,765.580017,766.020020,765.530029,766.020020,176474
2026-08-20T16:10:00Z,766.009888,766.080017,765.465027,765.515015,193733
2026-08-20T16:15:00Z,765.489990,765.665283,765.450012,765.609985,156878
2026-08-20T16:20:00Z,765.609985,766.080017,765.460022,765.929993,342804
2026-08-20T16:25:00Z,765.909973,766.034973,765.630005,765.744995,159033
2026-08-20T16:30:00Z,765.739990,766.119995,765.359985,766.080017,168451
2026-08-20T16:35:00Z,766.090027,766.380005,766.000000,766.299988,193454
2026-08-20T16:40:00Z,766.289978,766.640015,766.280029,766.640015,264812
2026-08-20T16:45:00Z,766.630005,766.630005,766.309998,766.369995,302471
2026-08-20T16:50:00Z,766.375000,766.619995,766.119995,766.179993,198469
2026-08-20T16:55:00Z,766.169983,766.500000,766.020020,766.419983,240863
2026-08-20T17:00:00Z,766.390015,766.429993,765.960022,766.070007,203595
2026-08-20T17:05:00Z,766.039978,766.049988,765.599976,765.679993,264638
2026-08-20T17:10:00Z,765.679993,765.830017,765.489990,765.520020,312538
2026-08-20T17:15:00Z,765.530029,765.539978,764.840027,764.859985,416957
2026-08-20T17:20:00Z,764.849976,765.260010,764.789978,765.020020,354371
2026-08-20T17:25:00Z,765.000000,765.090027,764.710022,764.780029,274481
2026-08-20T17:30:00Z,764.780029,764.890015,764.559998,764.606689,275149
2026-08-20T17:35:00Z,764.609985,764.780029,764.299988,764.474976,281544
2026-08-20T17:40:00Z,764.460022,764.520020,764.229980,764.450012,285937
2026-08-20T17:45:00Z,764.450012,764.840027,764.400024,764.719971,295092
2026-08-20T17:50:00Z,764.710083,765.010010,764.690002,764.768982,252014
2026-08-20T17:55:00Z,764.770020,764.840027,764.520020,764.539978,232520
2026-08-20T18:00:00Z,764.549988,764.549988,764.020020,764.099976,372938
2026-08-20T18:05:00Z,764.099976,764.150024,763.585022,763.724976,384327
2026-08-20T18:10:00Z,763.719971,763.775024,763.349976,763.580017,506521
2026-08-20T18:15:00Z,763.580017,763.710022,763.150024,763.679993,556079
2026-08-20T18:20:00Z,763.690002,763.945007,763.590088,763.619995,331078
2026-08-20T18:25:00Z,763.619995,763.719971,763.440002,763.559998,234431
2026-08-20T18:30:00Z,763.565002,763.630005,763.250000,763.320007,305119
2026-08-20T18:35:00Z,763.309998,763.619995,763.289978,763.419983,285566
2026-08-20T18:40:00Z,763.409973,763.619995,763.210022,763.552795,277240
2026-08-20T18:45:00Z,763.559998,763.849976,763.409973,763.710022,400838
2026-08-20T18:50:00Z,763.710022,763.775024,763.510010,763.606018,488047
2026-08-20T18:55:00Z,763.590027,763.760010,763.239990,763.239990,388955
2026-08-20T19:00:00Z,763.250000,763.460022,763.169983,763.419983,424049
2026-08-20T19:05:00Z,763.400024,763.715027,763.289978,763.619995,417845
2026-08-20T19:10:00Z,763.640015,763.669983,763.390015,763.539978,378938
2026-08-20T19:15:00Z,763.530029,763.799988,763.260010,763.340027,395078
2026-08-20T19:20:00Z,763.349976,763.760010,763.229980,763.650024,498238
2026-08-20T19:25:00Z,763.619995,763.729980,763.440002,763.489990,477204
2026-08-20T19:30:00Z,763.479980,763.510010,763.039978,763.190002,938372
2026-08-20T19:35:00Z,763.190002,763.650024,763.099976,763.500000,878204
2026-08-20T19:40:00Z,763.500000,763.569885,762.969971,763.099976,875171
2026-08-20T19:45:00Z,763.099976,763.400024,762.809998,763.369995,1420528
2026-08-20T19:50:00Z,763.369995,763.419983,762.760010,762.909973,1367383
2026-08-20T19:55:00Z,762.919983,763.000000,762.039978,762.640015,5284942
2026-08-21T13:30:00Z,766.049988,766.140015,764.830017,764.859924,2183133
2026-08-21T13:35:00Z,764.869995,765.190002,764.619995,765.090027,936515
2026-08-21T13:40:00Z,765.119995,765.270020,764.780029,765.159973,694462
2026-08-21T13:45:00Z,765.159973,765.419983,764.679993,764.960022,636844
2026-08-21T13:50:00Z,764.969971,765.244995,764.169983,764.419983,409975
2026-08-21T13:55:00Z,764.419983,764.830017,764.289978,764.512390,338253
2026-08-21T14:00:00Z,764.530029,764.960022,764.530029,764.929993,266966
2026-08-21T14:05:00Z,764.939880,765.530029,764.909973,765.239990,394655
2026-08-21T14:10:00Z,765.260010,765.455017,764.599976,764.710022,271319
2026-08-21T14:15:00Z,764.700012,765.059998,764.570007,764.630005,373509
2026-08-21T14:20:00Z,764.630005,765.205017,764.450012,764.750122,1395844
2026-08-21T14:25:00Z,764.755005,765.099976,764.599976,764.650024,295025
2026-08-21T14:30:00Z,764.650024,764.880005,764.479980,764.500000,202029
2026-08-21T14:35:00Z,764.489990,764.645020,764.219971,764.380005,307472
2026-08-21T14:40:00Z,764.364990,764.869995,764.215027,764.619995,256214
2026-08-21T14:45:00Z,764.590027,765.090027,764.530090,765.030029,258973
2026-08-21T14:50:00Z,765.039978,765.299988,764.869995,765.063782,204246
2026-08-21T14:55:00Z,765.049988,765.835022,764.950012,765.815125,314945
2026-08-21T15:00:00Z,765.809998,766.400024,765.739990,766.239990,828488
2026-08-21T15:05:00Z,766.250000,766.409973,765.799988,765.840027,426005
2026-08-21T15:10:00Z,765.854980,766.040100,765.679993,765.700012,184850
2026-08-21T15:15:00Z,765.705017,765.969971,765.539978,765.604980,311709
2026-08-21T15:20:00Z,765.599976,765.869995,765.455017,765.510010,271128
2026-08-21T15:25:00Z,765.510010,766.020020,765.455017,765.955017,366942
2026-08-21T15:30:00Z,765.960022,766.489990,765.820007,766.489990,3359717
2026-08-21T15:35:00Z,766.479980,767.058411,766.440002,767.058411,369121
2026-08-21T15:40:00Z,767.049988,767.440002,766.919983,767.299988,356768
2026-08-21T15:45:00Z,767.309998,767.450012,766.940002,767.010010,326336
2026-08-21T15:50:00Z,767.020630,767.849976,767.000488,767.673401,242298
2026-08-21T15:55:00Z,767.669983,767.690002,767.079895,767.200012,330383
2026-08-21T16:00:00Z,767.200012,767.329895,766.640015,766.739990,421378
2026-08-21T16:05:00Z,766.750000,766.750000,766.289978,766.349976,442629
2026-08-21T16:10:00Z,766.340027,766.590027,766.239990,766.239990,258800
2026-08-21T16:15:00Z,766.239990,766.659973,765.909973,766.020020,1156821
2026-08-21T16:20:00Z,766.010010,767.005005,765.869995,766.195007,510661
2026-08-21T16:25:00Z,766.200012,766.580017,766.130005,766.515015,149120
2026-08-21T16:30:00Z,766.510010,766.530029,766.030029,766.030029,181668
2026-08-21T16:35:00Z,766.030029,766.570007,766.025024,766.549988,289266
2026-08-21T16:40:00Z,766.549988,766.559998,766.284973,766.375000,160418
2026-08-21T16:45:00Z,766.369995,766.369995,766.099976,766.169983,171097
2026-08-21T16:50:00Z,766.159973,766.179993,765.809998,766.020020,497354
2026-08-21T16:55:00Z,766.010010,766.429993,765.955017,766.390015,222703
2026-08-21T17:00:00Z,766.390015,766.465027,766.229980,766.270020,166320
2026-08-21T17:05:00Z,766.280029,766.530029,766.159973,766.369995,192721
2026-08-21T17:10:00Z,766.369995,766.369995,766.099976,766.218872,140492
2026-08-21T17:15:00Z,766.219971,766.299988,766.090027,766.159973,251335
2026-08-21T17:20:00Z,766.150024,766.200012,765.729980,765.840027,457856
2026-08-21T17:25:00Z,765.843994,766.010010,765.705017,765.799988,211275
2026-08-21T17:30:00Z,765.820007,765.900024,765.539490,765.539490,193141
2026-08-21T17:35:00Z,765.520020,765.815002,765.500000,765.575012,133709
2026-08-21T17:40:00Z,765.575012,765.710022,765.469971,765.655029,134439
2026-08-21T17:45:00Z,765.700012,765.880005,765.585022,765.710022,144525
2026-08-21T17:50:00Z,765.697998,765.760010,765.510010,765.580017,137048
2026-08-21T17:55:00Z,765.580017,765.580017,765.429993,765.429993,173800
2026-08-21T18:00:00Z,765.440002,765.734985,765.349976,765.669983,289550
2026-08-21T18:05:00Z,765.669983,765.679993,765.299988,765.315002,153182
2026-08-21T18:10:00Z,765.309998,765.549988,765.284973,765.340027,175619
2026-08-21T18:15:00Z,765.349976,765.530029,765.309998,765.469971,179232
2026-08-21T18:20:00Z,765.460022,765.614990,765.409973,765.494995,121496
2026-08-21T18:25:00Z,765.500000,765.530029,765.260010,765.284973,125743
2026-08-21T18:30:00Z,765.270020,765.369995,765.059998,765.174988,241643
2026-08-21T18:35:00Z,765.179993,765.340027,765.179993,765.230103,146811
2026-08-21T18:40:00Z,765.234985,765.520020,765.210022,765.390015,208006
2026-08-21T18:45:00Z,765.395020,765.700012,765.315002,765.656128,271561
2026-08-21T18:50:00Z,765.659973,765.979980,765.659973,765.890015,409399
2026-08-21T18:55:00Z,765.890015,766.229980,765.789978,766.197510,365782
2026-08-21T19:00:00Z,766.200012,766.364990,766.010010,766.030273,587367
2026-08-21T19:05:00Z,766.034973,766.330017,766.000000,766.099976,297398
2026-08-21T19:10:00Z,766.090027,766.099976,765.869995,766.044983,237724
2026-08-21T19:15:00Z,766.044983,766.119995,765.849976,765.969971,518302
2026-08-21T19:20:00Z,765.965027,766.229980,765.869995,766.200073,250765
2026-08-21T19:25:00Z,766.205017,766.210022,765.950012,766.049988,225112
2026-08-21T19:30:00Z,766.049988,766.315002,766.020020,766.084595,324330
2026-08-21T19:35:00Z,766.090027,766.369995,765.974976,766.275024,403725
2026-08-21T19:40:00Z,766.270020,766.484985,766.090027,766.469971,725547
2026-08-21T19:45:00Z,766.460022,766.799988,766.380005,766.669983,969624
2026-08-21T19:50:00Z,766.650024,766.659973,765.849976,765.900024,898459
2026-08-21T19:55:00Z,765.890015,766.234985,765.340027,765.650024,2638693
2026-08-24T13:30:00Z,764.780029,764.809998,763.200012,763.450012,2161631
2026-08-24T13:35:00Z,763.510010,763.820007,762.969971,763.359985,468492
2026-08-24T13:40:00Z,763.369995,763.729980,762.190002,762.190002,577255
2026-08-24T13:45:00Z,762.190002,763.590027,762.080017,763.104980,842395
2026-08-24T13:50:00Z,763.109985,763.530029,762.739990,763.479980,409135
2026-08-24T13:55:00Z,763.469971,763.659973,763.239929,763.390015,395002
2026-08-24T14:00:00Z,763.409973,763.945007,762.799988,762.969971,555214
2026-08-24T14:05:00Z,762.979980,763.200012,762.619995,762.890015,226955
2026-08-24T14:10:00Z,762.909973,763.020020,762.500000,762.979980,243334
2026-08-24T14:15:00Z,762.979980,763.059998,762.650024,762.869995,211854
2026-08-24T14:20:00Z,762.859985,763.508972,762.799988,762.849976,578408
2026-08-24T14:25:00Z,762.869995,763.145020,762.669983,762.919983,1048163
2026-08-24T14:30:00Z,762.919983,763.750000,762.780029,763.619995,301253
2026-08-24T14:35:00Z,763.619995,763.885010,763.559998,763.700012,193939
2026-08-24T14:40:00Z,763.700012,764.109985,763.503418,763.700012,2476986
2026-08-24T14:45:00Z,763.684998,763.880005,763.469971,763.880005,378023
2026-08-24T14:50:00Z,763.869995,763.929993,763.424988,763.619995,211239
2026-08-24T14:55:00Z,763.625000,763.960022,763.520020,763.640015,310423
2026-08-24T15:00:00Z,763.640015,763.820007,763.020020,763.059998,232119
2026-08-24T15:05:00Z,763.059998,763.080017,762.780029,762.989990,230631
2026-08-24T15:10:00Z,762.979980,763.175110,762.700012,762.750000,218279
2026-08-24T15:15:00Z,762.739990,762.819885,762.630798,762.679993,138358
2026-08-24T15:20:00Z,762.674988,763.190002,762.369995,763.150024,408099
2026-08-24T15:25:00Z,763.150085,764.006226,763.070007,763.740112,480586
2026-08-24T15:30:00Z,763.739990,764.000000,763.400024,763.840027,356346
2026-08-24T15:35:00Z,763.854980,764.159973,763.700012,764.025024,264624
2026-08-24T15:40:00Z,764.030029,764.419983,764.020081,764.253174,274454
2026-08-24T15:45:00Z,764.270020,764.729980,764.265015,764.280029,303002
2026-08-24T15:50:00Z,764.289978,764.609985,764.284973,764.309998,157315
2026-08-24T15:55:00Z,764.299988,764.530029,764.179993,764.520081,272226
2026-08-24T16:00:00Z,764.520020,765.130005,764.429993,764.950012,428076
2026-08-24T16:05:00Z,764.950012,764.989990,764.460022,764.469971,163853
2026-08-24T16:10:00Z,764.484985,764.659973,764.429993,764.648804,108004
2026-08-24T16:15:00Z,764.640015,765.158813,764.609985,765.049988,245039
2026-08-24T16:20:00Z,765.049927,765.219971,764.799988,764.869995,245677
2026-08-24T16:25:00Z,764.869995,765.001892,764.799988,764.890015,174251
2026-08-24T16:30:00Z,764.909973,765.000000,764.500305,764.570129,274900
2026-08-24T16:35:00Z,764.580017,764.710022,764.335022,764.349976,143081
2026-08-24T16:40:00Z,764.349976,764.409973,764.190002,764.309998,287270
2026-08-24T16:45:00Z,764.330017,764.400024,764.140015,764.349976,143128
2026-08-24T16:50:00Z,764.359985,764.469482,764.130005,764.210022,129084
2026-08-24T16:55:00Z,764.229919,764.320007,764.119995,764.190002,131861
2026-08-24T17:00:00Z,764.200012,764.210022,763.869995,764.010010,135437
2026-08-24T17:05:00Z,763.989990,764.655029,763.950012,764.450012,194862
2026-08-24T17:10:00Z,764.450012,764.780029,764.309998,764.520020,314038
2026-08-24T17:15:00Z,764.500000,764.599976,764.049988,764.119995,164433
2026-08-24T17:20:00Z,764.130005,764.159973,763.500000,763.565002,337394
2026-08-24T17:25:00Z,763.570007,763.719971,763.335022,763.400024,193172
2026-08-24T17:30:00Z,763.380005,763.570007,763.270020,763.300110,192457
2026-08-24T17:35:00Z,763.299988,763.390015,763.140015,763.390015,161284
2026-08-24T17:40:00Z,763.400024,763.450012,763.104980,763.104980,221499
2026-08-24T17:45:00Z,763.109985,763.289978,763.049988,763.239990,173204
2026-08-24T17:50:00Z,763.239990,763.510010,763.130005,763.200012,168380
2026-08-24T17:55:00Z,763.205017,763.380005,763.120117,763.289978,226742
2026-08-24T18:00:00Z,763.309998,763.659973,763.280029,763.559998,190948
2026-08-24T18:05:00Z,763.530029,763.989990,763.489990,763.919983,203890
2026-08-24T18:10:00Z,763.900024,764.260010,763.820007,764.260010,213906
2026-08-24T18:15:00Z,764.255005,764.469971,764.130005,764.234985,213948
2026-08-24T18:20:00Z,764.229980,764.690002,764.200012,764.614990,345017
2026-08-24T18:25:00Z,764.614990,764.840027,764.559998,764.799988,324066
2026-08-24T18:30:00Z,764.799988,765.109985,764.659973,764.669983,261335
2026-08-24T18:35:00Z,764.684998,764.750000,764.119995,764.239502,229992
2026-08-24T18:40:00Z,764.229980,764.405029,764.150024,764.330017,233608
2026-08-24T18:45:00Z,764.333923,764.419983,764.109985,764.320007,196161
2026-08-24T18:50:00Z,764.320007,764.429993,764.070007,764.140015,150055
2026-08-24T18:55:00Z,764.140015,764.250000,763.969971,764.000000,197493
2026-08-24T19:00:00Z,763.969971,764.049988,763.809998,763.919983,204008
2026-08-24T19:05:00Z,763.919983,764.090027,763.849976,763.900024,172444
2026-08-24T19:10:00Z,763.900024,764.200012,763.859985,764.109985,148121
2026-08-24T19:15:00Z,764.109985,764.229980,763.919983,764.099976,189753
2026-08-24T19:20:00Z,764.070007,764.190002,763.960022,764.020020,192402
2026-08-24T19:25:00Z,764.015015,764.169983,763.919983,763.960022,200097
2026-08-24T19:30:00Z,763.960022,764.239990,763.739990,763.739990,255565
2026-08-24T19:35:00Z,763.739990,763.849976,763.640015,763.655029,276731
2026-08-24T19:40:00Z,763.650024,763.750000,763.539978,763.659973,344874
2026-08-24T19:45:00Z,763.659973,763.780029,763.479980,763.770020,608012
2026-08-24T19:50:00Z,763.780029,763.950012,763.349976,763.739990,685812
2026-08-24T19:55:00Z,763.760010,763.950012,763.380005,763.479980,2331037
2026-08-25T13:30:00Z,766.159973,766.780029,765.929993,766.729980,1531753
2026-08-25T13:35:00Z,766.690002,766.700012,766.130005,766.135010,346646
2026-08-25T13:40:00Z,766.150024,766.650024,765.869995,766.164978,311712
2026-08-25T13:45:00Z,766.150024,766.719971,766.119995,766.460022,323890
2026-08-25T13:50:00Z,766.460022,766.530029,766.000000,766.000000,484134
2026-08-25T13:55:00Z,766.030029,766.075195,765.500122,765.690002,375118
2026-08-25T14:00:00Z,765.690002,765.809998,765.229980,765.455017,385077
2026-08-25T14:05:00Z,765.460022,765.559998,765.119995,765.340027,371268
2026-08-25T14:10:00Z,765.340027,765.533691,765.099976,765.184998,311307
2026-08-25T14:15:00Z,765.169983,765.630005,765.049988,765.419983,372009
2026-08-25T14:20:00Z,765.440002,765.489990,764.840027,765.099976,341315
2026-08-25T14:25:00Z,765.109985,765.169983,764.679993,764.700012,359484
2026-08-25T14:30:00Z,764.700012,764.880005,763.050110,764.330017,1112263
2026-08-25T14:35:00Z,764.340027,765.059998,764.330017,765.020020,552248
2026-08-25T14:40:00Z,765.010376,765.030029,764.159973,764.349976,329732
2026-08-25T14:45:00Z,764.349976,764.489990,764.169983,764.224976,277883
2026-08-25T14:50:00Z,764.190002,764.809998,764.031006,764.659973,227423
2026-08-25T14:55:00Z,764.659973,764.849976,764.479980,764.719971,265460
2026-08-25T15:00:00Z,764.729980,764.770020,764.299988,764.450012,154049
2026-08-25T15:05:00Z,764.450012,764.780029,764.395020,764.604980,172782
2026-08-25T15:10:00Z,764.619995,764.799988,764.380005,764.589905,117091
2026-08-25T15:15:00Z,764.590027,764.934998,764.489990,764.900024,176392
2026-08-25T15:20:00Z,764.919983,765.159973,764.679993,764.770020,206458
2026-08-25T15:25:00Z,764.770020,765.390015,764.650024,765.309998,280575
2026-08-25T15:30:00Z,765.320007,765.789978,765.030029,765.085022,302084
2026-08-25T15:35:00Z,765.080017,765.849976,765.060486,765.099976,256493
2026-08-25T15:40:00Z,765.109985,765.229980,764.909973,765.169983,216396
2026-08-25T15:45:00Z,765.179993,765.179993,764.599976,764.710022,141450
2026-08-25T15:50:00Z,764.705017,765.310120,764.614990,765.225586,250704
2026-08-25T15:55:00Z,765.210022,765.599976,765.210022,765.440002,185520
2026-08-25T16:00:00Z,765.460022,765.849976,765.419983,765.559998,388840
2026-08-25T16:05:00Z,765.570007,765.650024,765.321289,765.349976,133742
2026-08-25T16:10:00Z,765.359985,765.580017,765.330017,765.520020,163347
2026-08-25T16:15:00Z,765.520020,765.599976,765.409973,765.500000,237051
2026-08-25T16:20:00Z,765.510010,765.650024,765.369995,765.619995,430987
2026-08-25T16:25:00Z,765.621704,765.799988,765.559998,765.760010,111754
2026-08-25T16:30:00Z,765.750000,765.859985,765.674316,765.729980,113569
2026-08-25T16:35:00Z,765.739990,765.950012,765.590027,765.900024,126282
2026-08-25T16:40:00Z,765.905029,765.909973,765.510010,765.580017,109315
2026-08-25T16:45:00Z,765.590027,765.794983,765.409973,765.625000,154720
2026-08-25T16:50:00Z,765.630005,765.640015,765.330017,765.429016,100659
2026-08-25T16:55:00Z,765.429993,765.899902,765.400024,765.760010,104137
2026-08-25T17:00:00Z,765.760010,765.840027,765.349976,765.359985,138537
2026-08-25T17:05:00Z,765.349976,765.400024,764.940002,765.109985,178066
2026-08-25T17:10:00Z,765.119995,765.330017,764.960022,765.270020,318957
2026-08-25T17:15:00Z,765.280029,765.419983,765.161377,765.400024,74882
2026-08-25T17:20:00Z,765.409973,765.409973,765.030029,765.030029,122697
2026-08-25T17:25:00Z,765.020020,765.020020,764.630005,764.820007,337552
2026-08-25T17:30:00Z,764.820007,764.950012,764.739990,764.830017,150576
2026-08-25T17:35:00Z,764.820007,765.005005,764.760010,764.919983,1130602
2026-08-25T17:40:00Z,764.919922,765.034973,764.840027,764.869995,82982
2026-08-25T17:45:00Z,764.869995,765.059998,764.840027,764.919983,142516
2026-08-25T17:50:00Z,764.919983,765.150024,764.840027,765.109985,174975
2026-08-25T17:55:00Z,765.107117,765.159973,764.919983,765.039978,111072
2026-08-25T18:00:00Z,765.030029,765.030029,764.809998,764.830017,200372
2026-08-25T18:05:00Z,764.799988,765.030029,764.799988,764.919983,132198
2026-08-25T18:10:00Z,764.909973,765.090027,764.786987,764.799988,170947
2026-08-25T18:15:00Z,764.789978,764.859985,764.719971,764.830017,163510
2026-08-25T18:20:00Z,764.835022,764.989990,764.820007,764.905029,190635
2026-08-25T18:25:00Z,764.900024,765.010010,764.799988,764.969971,164895
2026-08-25T18:30:00Z,764.969971,765.400024,764.969971,765.359985,204141
2026-08-25T18:35:00Z,765.349976,765.400024,765.234985,765.299988,224387
2026-08-25T18:40:00Z,765.309998,765.590027,765.289978,765.539978,142607
2026-08-25T18:45:00Z,765.549988,765.869995,765.544983,765.809998,347738
2026-08-25T18:50:00Z,765.820007,765.840027,765.630981,765.690002,336027
2026-08-25T18:55:00Z,765.690002,765.789978,765.539978,765.640015,326416
2026-08-25T19:00:00Z,765.650024,765.849976,765.450012,765.469971,256437
2026-08-25T19:05:00Z,765.475403,765.549988,765.289978,765.369995,282020
2026-08-25T19:10:00Z,765.380005,765.390015,765.090027,765.117493,545118
2026-08-25T19:15:00Z,765.119995,765.179993,764.940002,764.998108,365534
2026-08-25T19:20:00Z,765.000000,765.080017,764.869995,765.059998,278849
2026-08-25T19:25:00Z,765.070007,765.190002,765.010010,765.150024,192156
2026-08-25T19:30:00Z,765.169983,765.244995,765.010010,765.130005,250291
2026-08-25T19:35:00Z,765.099976,765.359985,765.090027,765.260010,578069
2026-08-25T19:40:00Z,765.250000,765.630005,765.239990,765.369995,358867
2026-08-25T19:45:00Z,765.390015,765.539978,765.263489,765.474976,566282
2026-08-25T19:50:00Z,765.474976,766.169983,765.239990,766.140015,750870
2026-08-25T19:55:00Z,766.140015,766.219971,765.690002,765.835022,1898464
2026-08-26T13:30:00Z,764.729980,765.799988,764.679993,765.674988,1144518
2026-08-26T13:35:00Z,765.674988,765.820007,764.809998,765.575012,429945
2026-08-26T13:40:00Z,765.530029,766.609985,765.429993,766.299988,420779
2026-08-26T13:45:00Z,766.320007,766.679993,765.919983,765.919983,373090
2026-08-26T13:50:00Z,765.924988,766.609985,765.640015,766.580017,297119
2026-08-26T13:55:00Z,766.619995,766.899902,766.455017,766.890015,293775
2026-08-26T14:00:00Z,766.880005,766.960022,766.614990,766.849976,204963
2026-08-26T14:05:00Z,766.880005,766.919983,766.469971,766.609985,240176
2026-08-26T14:10:00Z,766.609985,766.630005,766.070007,766.169983,264544
2026-08-26T14:15:00Z,766.169983,766.349976,765.929993,765.965027,221140
2026-08-26T14:20:00Z,765.958984,766.059998,765.380005,765.424988,193323
2026-08-26T14:25:00Z,765.409973,765.500000,764.830017,765.080017,397863
2026-08-26T14:30:00Z,765.070007,765.294983,764.919983,765.130005,253224
2026-08-26T14:35:00Z,765.130005,765.599976,765.000122,765.219971,210121
2026-08-26T14:40:00Z,765.239990,765.534973,765.174988,765.390015,181698
2026-08-26T14:45:00Z,765.400024,765.570007,765.099976,765.559998,201711
2026-08-26T14:50:00Z,765.565002,765.940002,765.530029,765.640015,227712
2026-08-26T14:55:00Z,765.640015,765.900024,765.539978,765.849976,174692
2026-08-26T15:00:00Z,765.869995,766.440002,765.840027,766.190002,205272
2026-08-26T15:05:00Z,766.210022,766.469971,766.169983,766.349976,178368
2026-08-26T15:10:00Z,766.349976,766.445007,766.109985,766.280029,415345
2026-08-26T15:15:00Z,766.270020,766.289978,765.559998,765.783386,259550
2026-08-26T15:20:00Z,765.770020,766.030029,765.719971,765.770020,169433
2026-08-26T15:25:00Z,765.760010,766.059998,765.700012,765.849976,142136
2026-08-26T15:30:00Z,765.840027,765.900024,765.140015,765.250000,193551
2026-08-26T15:35:00Z,765.259888,765.549988,765.259888,765.460022,181729
2026-08-26T15:40:00Z,765.469971,766.140015,765.400024,766.070007,165128
2026-08-26T15:45:00Z,766.065002,766.270020,765.960022,766.229980,165291
2026-08-26T15:50:00Z,766.250000,766.309998,765.309998,765.390015,394460
2026-08-26T15:55:00Z,765.390015,765.769897,765.309998,765.320007,225334
2026-08-26T16:00:00Z,765.330017,765.349976,764.880005,765.179993,327388
2026-08-26T16:05:00Z,765.159973,765.440002,765.030029,765.150024,187752
2026-08-26T16:10:00Z,765.159973,765.309998,764.969971,765.030029,143823
2026-08-26T16:15:00Z,765.039978,765.140015,764.830017,764.989990,276896
2026-08-26T16:20:00Z,764.989990,765.109985,764.869995,764.929993,178243
2026-08-26T16:25:00Z,764.949890,765.005005,764.729980,764.799988,171838
2026-08-26T16:30:00Z,764.794983,764.979980,764.760010,764.880005,170029
2026-08-26T16:35:00Z,764.840027,764.890015,764.159973,764.159973,383983
2026-08-26T16:40:00Z,764.150024,764.400024,763.929993,764.012024,296818
2026-08-26T16:45:00Z,764.010010,764.354980,763.950012,764.070007,253226
2026-08-26T16:50:00Z,764.080017,764.320007,764.049988,764.200012,173927
2026-08-26T16:55:00Z,764.179993,764.799988,764.179993,764.719971,324047
2026-08-26T17:00:00Z,764.700012,764.962402,764.570129,764.888977,152710
2026-08-26T17:05:00Z,764.869995,765.109985,764.710022,765.049988,155219
2026-08-26T17:10:00Z,765.049988,765.140015,764.989990,765.140015,177797
2026-08-26T17:15:00Z,765.149292,765.500000,765.149292,765.335022,199620
2026-08-26T17:20:00Z,765.335022,765.659973,765.330017,765.650024,214656
2026-08-26T17:25:00Z,765.650024,765.719971,765.429993,765.650024,277001
2026-08-26T17:30:00Z,765.650024,765.799988,765.530029,765.760010,212724
2026-08-26T17:35:00Z,765.770020,765.840027,765.599976,765.609985,162198
2026-08-26T17:40:00Z,765.604980,765.760010,765.469971,765.679993,212544
2026-08-26T17:45:00Z,765.690002,765.710022,765.440002,765.460022,231353
2026-08-26T17:50:00Z,765.469971,765.780029,765.440979,765.762024,121755
2026-08-26T17:55:00Z,765.765015,765.869995,765.640015,765.679993,109454
2026-08-26T18:00:00Z,765.669983,765.690002,765.469971,765.510010,251503
2026-08-26T18:05:00Z,765.520020,765.859985,765.510010,765.770020,189514
2026-08-26T18:10:00Z,765.780029,765.789978,765.380005,765.409973,190451
2026-08-26T18:15:00Z,765.409973,765.770020,765.349976,765.734985,177850
2026-08-26T18:20:00Z,765.739990,765.979980,765.565002,765.565002,215818
2026-08-26T18:25:00Z,765.570007,765.728027,765.479980,765.609985,191404
2026-08-26T18:30:00Z,765.609985,765.900024,765.520020,765.750000,243282
2026-08-26T18:35:00Z,765.755005,765.830017,765.609985,765.739990,230244
2026-08-26T18:40:00Z,765.725769,765.895020,765.669983,765.859985,421512
2026-08-26T18:45:00Z,765.869995,766.450012,765.849976,766.320007,336781
2026-08-26T18:50:00Z,766.309998,766.580017,766.219971,766.469971,402036
2026-08-26T18:55:00Z,766.479980,766.640015,766.330017,766.510010,263941
2026-08-26T19:00:00Z,766.530029,767.349976,766.469971,767.270020,465035
2026-08-26T19:05:00Z,767.260010,767.289429,766.880005,766.950012,150152
2026-08-26T19:10:00Z,766.955017,767.099976,766.869995,766.969971,305193
2026-08-26T19:15:00Z,766.960022,767.270020,766.940002,767.190002,287064
2026-08-26T19:20:00Z,767.190002,767.200012,766.820007,767.030029,275185
2026-08-26T19:25:00Z,767.020020,767.130005,766.830017,766.890015,293639
2026-08-26T19:30:00Z,766.900024,766.914978,766.750000,766.859985,373935
2026-08-26T19:35:00Z,766.859985,766.880005,766.590027,766.664978,418674
2026-08-26T19:40:00Z,766.664978,766.869995,766.599976,766.690002,684352
2026-08-26T19:45:00Z,766.700012,767.130005,766.630005,767.119995,755475
2026-08-26T19:50:00Z,767.119995,767.210022,766.010010,766.179993,1217561
2026-08-26T19:55:00Z,766.179993,766.440002,765.489990,766.010010,1630545
2026-08-27T13:30:00Z,768.500000,768.809998,767.159973,767.479980,2348700
2026-08-27T13:35:00Z,767.479980,768.270020,767.159973,768.219971,525672
2026-08-27T13:40:00Z,768.229980,769.200012,767.960022,769.190002,717668
2026-08-27T13:45:00Z,769.219971,769.690002,767.715027,768.059998,994450
2026-08-27T13:50:00Z,768.070007,769.369995,768.070007,769.184998,722341
2026-08-27T13:55:00Z,769.169983,769.248718,767.619995,768.405579,588090
2026-08-27T14:00:00Z,768.400024,769.010010,768.212097,768.789978,580218
2026-08-27T14:05:00Z,768.789978,769.090027,768.049988,768.429993,304076
2026-08-27T14:10:00Z,768.450317,768.989990,768.450012,768.655029,315771
2026-08-27T14:15:00Z,768.659973,769.340027,768.659973,769.159973,470757
2026-08-27T14:20:00Z,769.159973,769.590027,769.049988,769.460022,304222
2026-08-27T14:25:00Z,769.469971,769.880005,769.260010,769.674988,375978
2026-08-27T14:30:00Z,769.699890,769.739990,769.059998,769.369995,208017
2026-08-27T14:35:00Z,769.400024,770.039978,769.320007,769.340027,291257
2026-08-27T14:40:00Z,769.349976,769.669983,769.325012,769.619995,144726
2026-08-27T14:45:00Z,769.609985,770.289978,769.354980,770.239990,282886
2026-08-27T14:50:00Z,770.219971,770.440002,769.890015,770.130005,285754
2026-08-27T14:55:00Z,770.125000,770.400024,769.734985,770.395020,211617
2026-08-27T15:00:00Z,770.409973,770.659973,770.228088,770.630005,351905
2026-08-27T15:05:00Z,770.619995,770.710022,770.325012,770.540100,264591
2026-08-27T15:10:00Z,770.539978,770.840027,770.500000,770.820007,174918
2026-08-27T15:15:00Z,770.829895,771.099976,770.799988,770.960022,243951
2026-08-27T15:20:00Z,770.979980,771.080017,770.744995,770.780029,248394
2026-08-27T15:25:00Z,770.789978,770.799988,770.229980,770.315002,203770
2026-08-27T15:30:00Z,770.309998,770.619995,770.090027,770.215027,544965
2026-08-27T15:35:00Z,770.229980,770.330017,769.815002,769.909973,248213
2026-08-27T15:40:00Z,769.929993,770.359985,769.614990,769.650024,463270
2026-08-27T15:45:00Z,769.659973,769.729980,769.390015,769.679993,238609
2026-08-27T15:50:00Z,769.669983,770.880005,769.664978,770.859985,245185
2026-08-27T15:55:00Z,770.859985,770.859985,770.530029,770.640015,238924
2026-08-27T16:00:00Z,770.640015,770.969971,770.549988,770.840027,201115
2026-08-27T16:05:00Z,770.830017,770.849976,770.440002,770.539978,203359
2026-08-27T16:10:00Z,770.510010,770.755005,770.419983,770.629883,119828
2026-08-27T16:15:00Z,770.599976,770.810730,770.510010,770.609985,101617
2026-08-27T16:20:00Z,770.599976,770.630005,770.340027,770.537476,123570
2026-08-27T16:25:00Z,770.530029,770.909973,770.429993,770.909973,241088
2026-08-27T16:30:00Z,770.909973,771.169983,770.820007,771.159973,193918
2026-08-27T16:35:00Z,771.159973,771.525024,771.119995,771.510010,226517
2026-08-27T16:40:00Z,771.549988,771.789978,771.510010,771.690002,226714
2026-08-27T16:45:00Z,771.690002,771.940002,771.659973,771.705017,190693
2026-08-27T16:50:00Z,771.729980,772.010010,771.609985,771.929993,241641
2026-08-27T16:55:00Z,771.929993,772.030029,771.719971,771.989990,208420
2026-08-27T17:00:00Z,772.020020,772.150024,771.960022,772.030029,202343
2026-08-27T17:05:00Z,772.039978,772.250000,771.750000,772.219971,217071
2026-08-27T17:10:00Z,772.229980,772.354980,772.099976,772.190002,143701
2026-08-27T17:15:00Z,772.210022,772.280029,772.038025,772.130005,225144
2026-08-27T17:20:00Z,772.125000,772.270081,772.049988,772.179993,303960
2026-08-27T17:25:00Z,772.179993,772.179993,771.599976,771.750000,478660
2026-08-27T17:30:00Z,771.750000,772.059998,771.684998,771.770020,203362
2026-08-27T17:35:00Z,771.770020,771.880005,771.685120,771.729980,126804
2026-08-27T17:40:00Z,771.739990,771.959717,771.590027,771.640015,264748
2026-08-27T17:45:00Z,771.630005,771.669922,771.299988,771.390015,273019
2026-08-27T17:50:00Z,771.405029,771.450012,771.210022,771.349976,208262
2026-08-27T17:55:00Z,771.369995,771.450012,771.099976,771.224976,278355
2026-08-27T18:00:00Z,771.224976,771.390015,770.500000,770.525024,453717
2026-08-27T18:05:00Z,770.525024,771.000000,770.349976,770.489990,254651
2026-08-27T18:10:00Z,770.520020,770.549988,769.984985,770.260010,346669
2026-08-27T18:15:00Z,770.270020,770.519470,770.070007,770.275024,194327
2026-08-27T18:20:00Z,770.270020,770.450012,770.010010,770.090027,192404
2026-08-27T18:25:00Z,770.090027,770.109985,769.260010,769.460022,411160
2026-08-27T18:30:00Z,769.469971,769.934998,769.429993,769.539978,420777
2026-08-27T18:35:00Z,769.549988,770.059998,769.479980,770.049988,310402
2026-08-27T18:40:00Z,770.044983,770.119995,769.789978,769.880005,122501
2026-08-27T18:45:00Z,769.890015,770.080017,769.500000,769.504028,219319
2026-08-27T18:50:00Z,769.520020,769.619995,769.309998,769.330017,293598
2026-08-27T18:55:00Z,769.335022,769.770020,769.159973,769.650024,397264
2026-08-27T19:00:00Z,769.650024,770.039978,769.520020,769.940002,427887
2026-08-27T19:05:00Z,769.950012,770.200012,769.710022,770.140015,604997
2026-08-27T19:10:00Z,770.130005,770.229980,769.890015,769.890015,219694
2026-08-27T19:15:00Z,769.900024,770.229980,769.900024,770.190002,351737
2026-08-27T19:20:00Z,770.174988,770.280029,769.979980,770.015015,277348
2026-08-27T19:25:00Z,770.010071,770.080017,769.760010,769.940002,386174
2026-08-27T19:30:00Z,769.945007,770.479980,769.869995,770.440002,269612
2026-08-27T19:35:00Z,770.460022,770.609985,770.400024,770.549988,341980
2026-08-27T19:40:00Z,770.539978,770.679016,770.390015,770.650024,454321
2026-08-27T19:45:00Z,770.640015,770.880005,770.559998,770.789978,572686
2026-08-27T19:50:00Z,770.789978,771.330017,770.400024,771.215027,773924
2026-08-27T19:55:00Z,771.219971,771.359985,770.919983,771.039978,3081226
2026-08-28T13:30:00Z,771.760010,772.090027,771.469971,772.000000,1185700
2026-08-28T13:35:00Z,772.025024,772.440002,771.729980,772.239990,359329
2026-08-28T13:40:00Z,772.260010,772.840027,772.159973,772.580017,283565
2026-08-28T13:45:00Z,772.580017,772.869995,771.989990,772.140015,367203
2026-08-28T13:50:00Z,772.190002,772.190002,771.669983,771.719971,366210
2026-08-28T13:55:00Z,771.729980,772.369995,771.630005,771.780029,326392
2026-08-28T14:00:00Z,771.789978,773.130005,771.250000,771.748230,930125
2026-08-28T14:05:00Z,771.738098,771.794983,770.619995,771.000000,735377
2026-08-28T14:10:00Z,770.989990,771.099976,769.770020,770.280029,692198
2026-08-28T14:15:00Z,770.239990,771.739990,770.119995,771.429993,725171
2026-08-28T14:20:00Z,771.409973,772.229980,770.979980,771.580017,500677
2026-08-28T14:25:00Z,771.590027,771.690002,770.590027,771.299988,498738
2026-08-28T14:30:00Z,771.299988,772.159973,770.900024,772.140015,371897
2026-08-28T14:35:00Z,772.145020,772.719971,772.000000,772.330017,324347
2026-08-28T14:40:00Z,772.330017,773.559998,772.299988,773.390015,374829
2026-08-28T14:45:00Z,773.429993,773.859985,773.200012,773.854980,549211
2026-08-28T14:50:00Z,773.859985,774.700012,773.780029,774.539978,578937
2026-08-28T14:55:00Z,774.534973,775.039978,774.460022,774.960083,644611
2026-08-28T15:00:00Z,774.979980,775.299988,774.760010,774.909973,545947
2026-08-28T15:05:00Z,774.900024,775.039978,774.102478,774.239990,505790
2026-08-28T15:10:00Z,774.239990,774.440002,773.820007,774.195007,364453
2026-08-28T15:15:00Z,774.190002,774.669983,774.190002,774.299988,221236
2026-08-28T15:20:00Z,774.309998,774.900024,774.304993,774.825012,217533
2026-08-28T15:25:00Z,774.820007,775.219971,774.731873,774.950012,388341
2026-08-28T15:30:00Z,774.969971,775.000000,774.450012,774.460022,236755
2026-08-28T15:35:00Z,774.460022,774.609985,773.570007,773.650024,286963
2026-08-28T15:40:00Z,773.659973,773.659973,772.669983,772.820007,665456
2026-08-28T15:45:00Z,772.820007,773.030029,772.169983,772.289978,461804
2026-08-28T15:50:00Z,772.289978,772.489990,771.469971,772.099915,476354
2026-08-28T15:55:00Z,772.099976,772.130005,770.830017,771.070007,436442
2026-08-28T16:00:00Z,771.085022,771.229980,770.460022,770.809998,581209
2026-08-28T16:05:00Z,770.804993,771.650024,770.750000,771.558777,456579
2026-08-28T16:10:00Z,771.541382,771.590027,770.950012,770.979980,335237
2026-08-28T16:15:00Z,770.989990,771.229980,769.755005,770.179993,369719
2026-08-28T16:20:00Z,770.179993,770.359985,769.140015,769.500000,456257
2026-08-28T16:25:00Z,769.469971,769.880005,769.310120,769.599976,261618
2026-08-28T16:30:00Z,769.599976,770.520020,769.575012,769.640015,324747
2026-08-28T16:35:00Z,769.645081,770.619995,769.640015,770.340027,252162
2026-08-28T16:40:00Z,770.330017,770.359985,769.539978,769.669983,201958
2026-08-28T16:45:00Z,769.679993,770.604980,769.650024,770.419983,735803
2026-08-28T16:50:00Z,770.409973,770.700012,769.830017,769.940002,237594
2026-08-28T16:55:00Z,769.929993,770.099976,769.679993,769.690002,296481
2026-08-28T17:00:00Z,769.679993,769.710022,768.659973,768.994995,381643
2026-08-28T17:05:00Z,769.000000,769.010010,768.469971,768.489990,302494
2026-08-28T17:10:00Z,768.479980,769.349976,768.307617,769.349976,304153
2026-08-28T17:15:00Z,769.349976,769.409973,768.940002,769.130005,272741
2026-08-28T17:20:00Z,769.130005,769.219971,768.580017,768.974976,247381
2026-08-28T17:25:00Z,768.979980,769.325012,768.770020,768.820007,176927
2026-08-28T17:30:00Z,768.840027,769.460022,768.719971,769.320007,165108
2026-08-28T17:35:00Z,769.340027,769.500000,768.599976,768.659973,234228
2026-08-28T17:40:00Z,768.658997,769.159973,768.640015,769.070007,187361
2026-08-28T17:45:00Z,769.049988,769.729980,768.890015,769.659973,164535
2026-08-28T17:50:00Z,769.659973,769.739990,769.424988,769.500000,146107
2026-08-28T17:55:00Z,769.500000,769.580017,769.080017,769.539917,140284
2026-08-28T18:00:00Z,769.559998,769.799988,769.340027,769.520020,192034
2026-08-28T18:05:00Z,769.500000,769.750000,769.340027,769.570007,153586
2026-08-28T18:10:00Z,769.580017,769.780029,769.200012,769.219971,198963
2026-08-28T18:15:00Z,769.229980,769.529907,769.140015,769.414978,146788
2026-08-28T18:20:00Z,769.409973,769.570007,768.929993,769.070007,191276
2026-08-28T18:25:00Z,769.059998,769.330017,768.890015,769.059998,157562
2026-08-28T18:30:00Z,769.049988,769.479980,769.000000,769.369995,178395
2026-08-28T18:35:00Z,769.380005,769.580017,769.059998,769.109985,293078
2026-08-28T18:40:00Z,769.109985,769.390015,769.030029,769.315002,217427
2026-08-28T18:45:00Z,769.270020,769.304993,768.719971,768.770020,138564
2026-08-28T18:50:00Z,768.760010,768.760010,768.309998,768.559998,307478
2026-08-28T18:55:00Z,768.520020,768.789978,768.369995,768.679993,207462
2026-08-28T19:00:00Z,768.679993,768.950012,768.469971,768.799988,177222
2026-08-28T19:05:00Z,768.789978,769.369995,768.710083,769.349976,364153
2026-08-28T19:10:00Z,769.340027,769.380005,768.989990,769.236328,373847
2026-08-28T19:15:00Z,769.219971,769.280029,768.996704,769.210022,298514
2026-08-28T19:20:00Z,769.219971,769.520020,769.150024,769.320007,495071
2026-08-28T19:25:00Z,769.309998,769.590027,769.289978,769.515015,260564
2026-08-28T19:30:00Z,769.510010,769.510071,769.179993,769.400024,395715
2026-08-28T19:35:00Z,769.400024,769.575012,769.130005,769.544983,389938
2026-08-28T19:40:00Z,769.549988,769.789978,769.530029,769.619995,701539
2026-08-28T19:45:00Z,769.599976,769.690002,769.020020,769.239990,802394
2026-08-28T19:50:00Z,769.250000,769.780029,769.109985,769.359985,1057313
2026-08-28T19:55:00Z,769.349976,769.880005,769.070007,769.380005,2670344
2026-08-31T13:30:00Z,767.330017,767.619995,766.304993,766.380005,2007748
2026-08-31T13:35:00Z,766.369995,766.520020,765.750000,766.275024,559315
2026-08-31T13:40:00Z,766.250000,766.640015,765.780029,765.804993,440840
2026-08-31T13:45:00Z,765.830017,766.630005,765.500000,766.114990,596028
2026-08-31T13:50:00Z,766.119995,766.530029,765.780029,766.520020,335539
2026-08-31T13:55:00Z,766.479980,766.710022,766.080017,766.179993,357326
2026-08-31T14:00:00Z,766.190002,766.299988,765.700012,765.799988,369270
2026-08-31T14:05:00Z,765.789978,766.080017,765.460022,765.500000,317612
2026-08-31T14:10:00Z,765.474976,765.864990,765.340027,765.810120,262560
2026-08-31T14:15:00Z,765.799988,766.039978,765.559998,765.950012,300984
2026-08-31T14:20:00Z,765.955017,765.974976,765.000000,765.009888,291138
2026-08-31T14:25:00Z,765.010010,765.090027,764.715027,764.929993,421453
2026-08-31T14:30:00Z,764.885010,765.150024,764.799988,764.900024,266103
2026-08-31T14:35:00Z,764.890015,765.789978,764.825012,765.640015,309293
2026-08-31T14:40:00Z,765.619995,766.070007,765.580017,765.820007,282020
2026-08-31T14:45:00Z,765.830017,765.830017,765.369995,765.419983,215483
2026-08-31T14:50:00Z,765.439514,765.859985,765.349976,765.840027,168835
2026-08-31T14:55:00Z,765.843384,766.398987,765.729980,765.950012,290970
2026-08-31T15:00:00Z,765.950012,766.460022,765.670471,765.760010,361583
2026-08-31T15:05:00Z,765.760010,766.200012,765.610474,765.679993,175330
2026-08-31T15:10:00Z,765.690002,765.969971,765.549988,765.739990,291550
2026-08-31T15:15:00Z,765.734985,765.919983,765.380005,765.770020,181202
2026-08-31T15:20:00Z,765.780029,766.065002,765.580017,766.034973,189790
2026-08-31T15:25:00Z,766.030029,766.179993,765.820007,765.940002,154133
2026-08-31T15:30:00Z,765.950012,766.000000,765.440002,765.759888,251352
2026-08-31T15:35:00Z,765.739990,765.844971,765.429993,765.590027,212571
2026-08-31T15:40:00Z,765.596375,765.869995,765.400024,765.835022,146851
2026-08-31T15:45:00Z,765.849976,766.010010,765.659973,765.851807,118165
2026-08-31T15:50:00Z,765.859985,766.340027,765.859985,766.080017,246037
2026-08-31T15:55:00Z,766.059998,766.119995,765.309998,765.419922,169298
2026-08-31T16:00:00Z,765.419983,765.419983,765.059998,765.159973,233605
2026-08-31T16:05:00Z,765.140015,765.210022,764.979980,765.135010,251338
2026-08-31T16:10:00Z,765.130005,765.770020,765.080017,765.710022,201127
2026-08-31T16:15:00Z,765.715027,765.760010,765.270020,765.580078,205946
2026-08-31T16:20:00Z,765.609985,765.690002,765.270020,765.469971,184921
2026-08-31T16:25:00Z,765.489990,765.950012,765.469971,765.900024,185065
2026-08-31T16:30:00Z,765.894897,765.950012,765.630005,765.804993,272440
2026-08-31T16:35:00Z,765.820007,765.929993,765.215027,765.219971,160154
2026-08-31T16:40:00Z,765.229980,765.750000,765.190002,765.414978,283496
2026-08-31T16:45:00Z,765.419983,765.859985,765.419983,765.750000,177902
2026-08-31T16:50:00Z,765.739990,765.960022,765.679993,765.809998,162079
2026-08-31T16:55:00Z,765.799988,765.979980,765.760010,765.840027,133980
2026-08-31T17:00:00Z,765.849976,765.890015,765.570007,765.650024,154882
2026-08-31T17:05:00Z,765.690002,765.840027,765.539978,765.585022,119731
2026-08-31T17:10:00Z,765.580017,765.939880,765.570007,765.919983,103713
2026-08-31T17:15:00Z,765.909973,766.059998,765.700012,765.859985,142761
2026-08-31T17:20:00Z,765.849976,765.940002,765.710022,765.799988,112812
2026-08-31T17:25:00Z,765.789978,765.820007,765.390015,765.419983,149256
2026-08-31T17:30:00Z,765.424988,765.549988,765.169983,765.289978,227087
2026-08-31T17:35:00Z,765.320007,765.840027,765.304993,765.840027,96701
2026-08-31T17:40:00Z,765.840027,766.239990,765.780029,766.239990,153606
2026-08-31T17:45:00Z,766.260010,766.450012,766.140015,766.325012,158956
2026-08-31T17:50:00Z,766.320007,766.769897,766.315002,766.769897,210208
2026-08-31T17:55:00Z,766.750000,766.809998,766.380005,766.520020,254319
2026-08-31T18:00:00Z,766.500000,766.649902,766.179993,766.599976,262456
2026-08-31T18:05:00Z,766.590027,766.700012,766.469971,766.669983,111087
2026-08-31T18:10:00Z,766.669983,766.729980,766.450012,766.719971,150759
2026-08-31T18:15:00Z,766.700012,766.780029,766.549988,766.695007,255706
2026-08-31T18:20:00Z,766.695007,766.840027,766.500000,766.614990,201499
2026-08-31T18:25:00Z,766.619995,766.639893,766.280029,766.299988,178821
2026-08-31T18:30:00Z,766.299988,766.419983,766.000000,766.030029,648554
2026-08-31T18:35:00Z,766.010010,766.080017,765.270020,765.455017,443699
2026-08-31T18:40:00Z,765.455017,765.570007,765.049988,765.349915,375543
2026-08-31T18:45:00Z,765.349976,765.440002,765.190002,765.424622,168128
2026-08-31T18:50:00Z,765.429993,765.719971,765.229980,765.650024,303154
2026-08-31T18:55:00Z,765.640015,765.895020,765.549988,765.669983,243168
2026-08-31T19:00:00Z,765.669983,766.049988,765.669983,765.809998,287123
2026-08-31T19:05:00Z,765.789978,766.039978,765.679993,766.015015,444544
2026-08-31T19:10:00Z,766.030029,766.216492,765.940979,766.179993,214565
2026-08-31T19:15:00Z,766.179993,766.250000,765.979980,766.034973,170588
2026-08-31T19:20:00Z,766.030029,766.489990,765.989990,766.409973,227803
2026-08-31T19:25:00Z,766.419983,766.750000,766.270020,766.635010,292548
2026-08-31T19:30:00Z,766.619995,766.630005,766.179993,766.440002,272201
2026-08-31T19:35:00Z,766.460022,766.700012,766.390015,766.640015,399217
2026-08-31T19:40:00Z,766.630005,767.205017,766.599976,767.010010,555216
2026-08-31T19:45:00Z,767.000000,767.159973,766.599976,766.849976,1090556
2026-08-31T19:50:00Z,766.869995,767.650024,766.869995,767.382507,3108863
2026-08-31T19:55:00Z,767.359985,767.994995,766.580017,766.950012,5474019
2026-09-01T13:30:00Z,762.010010,762.139526,761.179993,761.929993,2402466
2026-09-01T13:35:00Z,761.940002,762.399902,761.609985,761.769897,586625
2026-09-01T13:40:00Z,761.760010,762.119995,761.429993,761.960022,476228
2026-09-01T13:45:00Z,761.960022,762.200012,761.679993,762.200012,484559
2026-09-01T13:50:00Z,762.179993,762.479980,761.594604,761.809998,398859
2026-09-01T13:55:00Z,761.820007,762.094971,761.474976,762.015015,410744
2026-09-01T14:00:00Z,762.020020,762.559998,761.739990,762.169983,426329
2026-09-01T14:05:00Z,762.169983,762.960022,762.169983,762.900024,353248
2026-09-01T14:10:00Z,762.920227,763.083984,762.493103,763.000000,341229
2026-09-01T14:15:00Z,762.989990,763.520020,762.900024,763.309998,402467
2026-09-01T14:20:00Z,763.320007,764.000000,763.320007,763.679993,360586
2026-09-01T14:25:00Z,763.690002,764.000000,763.619995,763.769470,336408
2026-09-01T14:30:00Z,763.760010,764.499878,763.750000,764.450012,512464
2026-09-01T14:35:00Z,764.450989,764.549988,764.070007,764.270020,401985
2026-09-01T14:40:00Z,764.270020,764.340027,763.896179,764.159973,308914
2026-09-01T14:45:00Z,764.159973,764.359985,763.919983,763.919983,352920
2026-09-01T14:50:00Z,763.929993,763.929993,763.500000,763.590027,262548
2026-09-01T14:55:00Z,763.590027,763.699890,763.350098,763.539978,348913
2026-09-01T15:00:00Z,763.559998,763.659973,763.010010,763.109985,259723
2026-09-01T15:05:00Z,763.070007,763.169983,762.669983,762.799988,412531
2026-09-01T15:10:00Z,762.782593,763.170105,762.710022,762.925598,285042
2026-09-01T15:15:00Z,762.940002,763.349976,762.849976,763.289978,215011
2026-09-01T15:20:00Z,763.289795,763.469971,763.070007,763.450012,222401
2026-09-01T15:25:00Z,763.429993,763.609985,763.210022,763.590027,235867
2026-09-01T15:30:00Z,763.590027,763.780029,763.440002,763.619995,238973
2026-09-01T15:35:00Z,763.619995,764.109497,763.479980,764.099976,237135
2026-09-01T15:40:00Z,764.090027,764.270020,763.989990,764.229980,260867
2026-09-01T15:45:00Z,764.219971,764.599976,764.130005,764.559998,335095
2026-09-01T15:50:00Z,764.559998,764.669983,764.280029,764.549988,283491
2026-09-01T15:55:00Z,764.544983,764.580017,764.119995,764.289978,307879
2026-09-01T16:00:00Z,764.289978,764.340027,764.059998,764.260010,315458
2026-09-01T16:05:00Z,764.229980,764.299988,763.809998,763.890015,222141
2026-09-01T16:10:00Z,763.909973,764.099976,763.510010,763.539978,242293
2026-09-01T16:15:00Z,763.534973,763.619995,762.960022,763.020020,310203
2026-09-01T16:20:00Z,763.005005,763.090027,762.400024,762.869995,568958
2026-09-01T16:25:00Z,762.849976,762.940002,762.289978,762.539917,495920
2026-09-01T16:30:00Z,762.539978,762.630005,761.580017,761.699219,594124
2026-09-01T16:35:00Z,761.710022,762.229980,761.690002,762.210022,303533
2026-09-01T16:40:00Z,762.229980,762.369995,761.659973,761.710022,299538
2026-09-01T16:45:00Z,761.700012,762.020020,761.640015,761.960022,188674
2026-09-01T16:50:00Z,761.950012,762.080017,761.739990,761.880005,170145
2026-09-01T16:55:00Z,761.900024,762.390015,761.900024,762.260010,215350
2026-09-01T17:00:00Z,762.260010,762.289978,761.690002,761.710022,205705
2026-09-01T17:05:00Z,761.710022,761.830017,761.500000,761.700012,273568
2026-09-01T17:10:00Z,761.700012,762.090027,761.619995,761.965027,275642
2026-09-01T17:15:00Z,761.960022,762.150024,761.500000,761.604980,291021
2026-09-01T17:20:00Z,761.619995,761.780029,761.489990,761.599976,183689
2026-09-01T17:25:00Z,761.619995,761.739990,760.729980,761.679993,532099
2026-09-01T17:30:00Z,761.679993,762.049988,761.619995,761.989990,278948
2026-09-01T17:35:00Z,761.994995,762.200012,761.780029,761.914978,489639
2026-09-01T17:40:00Z,761.919983,762.229980,761.859985,762.070007,175555
2026-09-01T17:45:00Z,762.049988,762.140015,761.559998,761.575012,218659
2026-09-01T17:50:00Z,761.575012,761.840027,761.479980,761.559998,256975
2026-09-01T17:55:00Z,761.565002,761.880005,761.460022,761.820007,203629
2026-09-01T18:00:00Z,761.809998,762.039978,761.556519,761.600098,313717
2026-09-01T18:05:00Z,761.599976,761.690002,761.421814,761.655029,291646
2026-09-01T18:10:00Z,761.645020,761.710022,761.303223,761.380005,193232
2026-09-01T18:15:00Z,761.369995,761.820007,761.280029,761.755005,421555
2026-09-01T18:20:00Z,761.760010,761.830017,761.500000,761.659973,201808
2026-09-01T18:25:00Z,761.640015,761.640015,761.070007,761.210022,293422
2026-09-01T18:30:00Z,761.219910,761.244995,760.669983,760.750000,340205
2026-09-01T18:35:00Z,760.750000,760.909973,760.500000,760.539978,998670
2026-09-01T18:40:00Z,760.539978,760.619995,759.710022,759.739990,524835
2026-09-01T18:45:00Z,759.724976,760.260010,759.479980,760.190002,554686
2026-09-01T18:50:00Z,760.200012,760.390015,760.030029,760.250000,302891
2026-09-01T18:55:00Z,760.219971,760.890015,760.169983,760.729492,355619
2026-09-01T19:00:00Z,760.719971,761.200012,760.619995,761.140015,430144
2026-09-01T19:05:00Z,761.159973,761.169983,760.840515,761.094971,305716
2026-09-01T19:10:00Z,761.080017,761.479980,761.049988,761.460022,373222
2026-09-01T19:15:00Z,761.460022,761.609985,761.109985,761.400024,392104
2026-09-01T19:20:00Z,761.380005,761.479980,761.070007,761.280029,402465
2026-09-01T19:25:00Z,761.289978,761.440002,761.179993,761.359985,393790
2026-09-01T19:30:00Z,761.399902,761.399902,760.760010,761.140076,661009
2026-09-01T19:35:00Z,761.140015,761.340027,760.830017,760.849976,428622
2026-09-01T19:40:00Z,760.869995,761.259888,760.739990,761.049988,869539
2026-09-01T19:45:00Z,761.059998,761.445007,760.969971,761.260010,898002
2026-09-01T19:50:00Z,761.250000,761.289978,760.580017,760.929993,1079394
2026-09-01T19:55:00Z,760.950012,761.750000,760.594971,761.700012,2640618
2026-09-02T13:30:00Z,762.450012,762.520020,761.739990,762.380005,1569469
2026-09-02T13:35:00Z,762.400024,762.479980,761.729980,762.469971,371901
2026-09-02T13:40:00Z,762.450012,762.830017,762.260010,762.799988,562336
2026-09-02T13:45:00Z,762.809998,762.900024,761.960999,762.090027,509124
2026-09-02T13:50:00Z,762.080017,762.611023,762.049988,762.460022,251949
2026-09-02T13:55:00Z,762.460022,763.065002,762.179993,763.065002,336212
2026-09-02T14:00:00Z,763.030029,763.739990,762.859985,763.739990,412591
2026-09-02T14:05:00Z,763.739990,764.140015,763.630005,763.729980,529703
2026-09-02T14:10:00Z,763.729980,764.289978,763.650024,764.250000,301881
2026-09-02T14:15:00Z,764.260010,764.989990,764.085022,764.859985,475220
2026-09-02T14:20:00Z,764.859985,765.335022,764.770020,765.209290,531779
2026-09-02T14:25:00Z,765.210022,765.585022,765.039978,765.270020,328278
2026-09-02T14:30:00Z,765.275024,765.590027,764.929993,765.580017,332397
2026-09-02T14:35:00Z,765.609985,765.880005,765.489990,765.880005,329724
2026-09-02T14:40:00Z,765.869995,766.340027,765.789978,766.299988,337667
2026-09-02T14:45:00Z,766.289978,766.309998,765.619995,765.820007,281696
2026-09-02T14:50:00Z,765.809998,765.815002,765.320007,765.429993,333784
2026-09-02T14:55:00Z,765.409973,765.630005,765.159973,765.309998,258783
2026-09-02T15:00:00Z,765.309998,765.669983,765.140015,765.429993,239119
2026-09-02T15:05:00Z,765.440002,765.630005,765.215027,765.440002,233056
2026-09-02T15:10:00Z,765.429993,765.779907,765.229980,765.528015,223916
2026-09-02T15:15:00Z,765.530029,766.020020,765.400024,765.974976,170105
2026-09-02T15:20:00Z,765.989990,766.039978,765.710022,765.880005,207631
2026-09-02T15:25:00Z,765.890015,766.400024,765.869995,766.294983,151733
2026-09-02T15:30:00Z,766.325012,766.429993,766.010010,766.020020,270772
2026-09-02T15:35:00Z,766.020020,766.140015,765.770020,765.854980,236576
2026-09-02T15:40:00Z,765.869995,765.979980,765.644287,765.650024,191837
2026-09-02T15:45:00Z,765.659973,765.659973,765.000000,765.039978,247425
2026-09-02T15:50:00Z,765.049988,765.579895,764.969971,765.255005,191562
2026-09-02T15:55:00Z,765.265015,765.960022,765.159973,765.924988,143575
2026-09-02T16:00:00Z,765.919983,765.919983,765.549988,765.799988,134800
2026-09-02T16:05:00Z,765.840027,765.890015,765.630005,765.739990,106702
2026-09-02T16:10:00Z,765.739990,765.849976,765.625000,765.690002,89799
2026-09-02T16:15:00Z,765.695007,765.695007,765.315002,765.449890,115240
2026-09-02T16:20:00Z,765.450012,765.559998,764.969971,764.984985,111155
2026-09-02T16:25:00Z,764.984985,765.145020,764.690002,764.849976,158043
2026-09-02T16:30:00Z,764.849976,765.320007,764.809998,765.099976,184910
2026-09-02T16:35:00Z,765.109985,765.270020,765.000000,765.087280,102128
2026-09-02T16:40:00Z,765.070007,765.099976,764.700012,764.700012,128712
2026-09-02T16:45:00Z,764.729980,764.979980,764.719971,764.849976,81412
2026-09-02T16:50:00Z,764.859985,765.200012,764.710022,765.140015,128133
2026-09-02T16:55:00Z,765.159973,765.250000,764.880005,764.919983,100758
2026-09-02T17:00:00Z,764.919983,765.479980,764.919983,765.468506,130166
2026-09-02T17:05:00Z,765.450012,765.478027,764.609985,764.679993,181148
2026-09-02T17:10:00Z,764.661499,765.059998,764.659973,764.900024,98043
2026-09-02T17:15:00Z,764.920288,764.950012,764.520020,764.599976,176779
2026-09-02T17:20:00Z,764.590027,764.780029,764.460022,764.619995,150357
2026-09-02T17:25:00Z,764.637573,764.864990,764.599976,764.710022,143218
2026-09-02T17:30:00Z,764.750000,764.789978,764.390015,764.390015,123498
2026-09-02T17:35:00Z,764.395020,764.580017,764.369995,764.460022,130768
2026-09-02T17:40:00Z,764.455017,764.940002,764.349976,764.900024,170531
2026-09-02T17:45:00Z,764.909973,765.270020,764.900024,764.989990,190390
2026-09-02T17:50:00Z,764.999878,765.080017,764.830017,764.989990,126805
2026-09-02T17:55:00Z,764.975891,765.289978,764.739990,765.179993,132615
2026-09-02T18:00:00Z,765.179993,765.330017,764.729980,765.289978,460628
2026-09-02T18:05:00Z,765.270020,765.409973,765.070007,765.080017,181129
2026-09-02T18:10:00Z,765.080017,765.289978,765.059998,765.179993,172143
2026-09-02T18:15:00Z,765.190002,766.089905,765.150024,765.599976,498093
2026-09-02T18:20:00Z,765.599976,765.719971,765.400024,765.489990,233237
2026-09-02T18:25:00Z,765.489990,765.539978,765.210022,765.320007,169936
2026-09-02T18:30:00Z,765.340027,765.525208,765.260010,765.289978,172653
2026-09-02T18:35:00Z,765.280029,765.369995,764.789978,764.809998,337466
2026-09-02T18:40:00Z,764.830017,764.888977,764.640015,764.719971,157215
2026-09-02T18:45:00Z,764.739990,764.979980,764.590027,764.869995,182633
2026-09-02T18:50:00Z,764.890015,764.989990,764.669983,764.809998,346314
2026-09-02T18:55:00Z,764.804993,765.000000,764.679993,764.809998,733951
2026-09-02T19:00:00Z,764.789978,764.979980,764.669983,764.885010,330667
2026-09-02T19:05:00Z,764.900024,765.229980,764.890015,765.210022,164375
2026-09-02T19:10:00Z,765.219971,765.479919,765.219971,765.390015,340201
2026-09-02T19:15:00Z,765.385010,765.419983,765.200012,765.409973,177394
2026-09-02T19:20:00Z,765.400024,765.409973,765.070007,765.239990,298344
2026-09-02T19:25:00Z,765.239990,765.520020,765.159973,765.479980,558394
2026-09-02T19:30:00Z,765.469971,765.479980,765.150024,765.304993,261957
2026-09-02T19:35:00Z,765.309998,765.359985,765.080017,765.080017,269145
2026-09-02T19:40:00Z,765.099976,765.390015,765.030029,765.364990,397059
2026-09-02T19:45:00Z,765.359985,765.484985,765.219971,765.375000,552016
2026-09-02T19:50:00Z,765.369995,765.450012,764.950012,765.219971,774152
2026-09-02T19:55:00Z,765.219971,765.260010,764.750000,765.150024,1604251
2026-09-03T13:30:00Z,768.429993,769.234985,768.150024,768.969971,2112896
2026-09-03T13:35:00Z,768.969971,769.799988,768.510010,769.729980,762218
2026-09-03T13:40:00Z,769.739990,769.890015,769.349976,769.789978,478156
2026-09-03T13:45:00Z,769.809998,769.960022,769.429993,769.640015,1706469
2026-09-03T13:50:00Z,769.640015,770.044983,769.309998,769.590027,717790
2026-09-03T13:55:00Z,769.580017,769.609985,769.109985,769.559998,337533
2026-09-03T14:00:00Z,769.530029,769.570007,768.109985,768.125000,704241
2026-09-03T14:05:00Z,768.119995,768.340027,767.609985,767.809998,1018043
2026-09-03T14:10:00Z,767.830017,768.380005,767.530029,768.359985,479518
2026-09-03T14:15:00Z,768.359985,768.880005,768.220215,768.849976,278402
2026-09-03T14:20:00Z,768.849976,769.070007,768.500000,768.859985,264295
2026-09-03T14:25:00Z,768.880005,768.959900,768.510010,768.669983,244802
2026-09-03T14:30:00Z,768.669983,768.969971,767.830017,767.900024,357312
2026-09-03T14:35:00Z,767.880005,768.520020,767.840027,768.150024,248848
2026-09-03T14:40:00Z,768.155029,768.659973,768.030029,768.200012,200507
2026-09-03T14:45:00Z,768.169983,768.775024,768.030029,768.719971,252163
2026-09-03T14:50:00Z,768.729980,768.830017,768.200012,768.609985,249777
2026-09-03T14:55:00Z,768.619995,769.330017,767.469971,769.280029,990788
2026-09-03T15:00:00Z,769.260010,770.489990,769.250000,770.445007,594653
2026-09-03T15:05:00Z,770.460022,770.890015,770.429993,770.729980,668816
2026-09-03T15:10:00Z,770.731506,771.520020,770.669983,771.520020,529425
2026-09-03T15:15:00Z,771.539978,772.039978,771.489990,772.010071,815434
2026-09-03T15:20:00Z,772.010010,772.224976,771.469971,772.059998,572291
2026-09-03T15:25:00Z,772.080017,772.950012,772.010010,772.940002,519605
2026-09-03T15:30:00Z,772.940002,773.210022,772.500000,772.855896,625247
2026-09-03T15:35:00Z,772.859985,772.979980,772.419983,772.465027,383967
2026-09-03T15:40:00Z,772.469971,772.840027,772.275024,772.580017,307075
2026-09-03T15:45:00Z,772.585022,773.000000,772.580017,772.934998,293714
2026-09-03T15:50:00Z,772.940002,773.260010,772.919983,773.145020,339859
2026-09-03T15:55:00Z,773.145020,773.320007,772.950012,773.320007,286583
2026-09-03T16:00:00Z,773.309998,773.309998,772.780029,772.799988,369949
2026-09-03T16:05:00Z,772.799927,772.869995,772.469971,772.530029,437318
2026-09-03T16:10:00Z,772.510010,772.710022,772.375000,772.679993,343372
2026-09-03T16:15:00Z,772.690002,772.869995,772.539978,772.729980,219124
2026-09-03T16:20:00Z,772.750000,772.809998,772.484985,772.510010,242002
2026-09-03T16:25:00Z,772.510010,772.510010,772.210022,772.434998,209582
2026-09-03T16:30:00Z,772.450012,772.609985,772.299988,772.460022,324485
2026-09-03T16:35:00Z,772.460022,773.059998,772.369995,772.960022,238637
2026-09-03T16:40:00Z,772.969971,773.200012,772.919983,773.140015,194848
2026-09-03T16:45:00Z,773.130005,773.229980,773.015015,773.090027,216038
2026-09-03T16:50:00Z,773.109985,773.130005,772.729980,772.840027,174753
2026-09-03T16:55:00Z,772.830017,773.010010,772.739990,772.880005,162155
2026-09-03T17:00:00Z,772.900024,773.000000,772.659973,772.789978,136158
2026-09-03T17:05:00Z,772.799988,772.890015,772.419983,772.429993,216400
2026-09-03T17:10:00Z,772.419983,772.510010,772.330017,772.434998,180852
2026-09-03T17:15:00Z,772.440002,772.570007,772.330017,772.335022,152291
2026-09-03T17:20:00Z,772.330017,772.330017,772.119995,772.275024,149498
2026-09-03T17:25:00Z,772.280029,772.679993,772.260010,772.668701,159902
2026-09-03T17:30:00Z,772.650024,772.940002,772.647522,772.859985,164085
2026-09-03T17:35:00Z,772.840027,773.140015,772.830017,773.010010,307313
2026-09-03T17:40:00Z,773.039978,773.190002,773.010010,773.059998,159017
2026-09-03T17:45:00Z,773.059998,773.190002,772.919983,772.979980,171149
2026-09-03T17:50:00Z,773.020020,773.455017,773.000000,773.440002,230685
2026-09-03T17:55:00Z,773.403076,773.479980,773.219971,773.275024,239274
2026-09-03T18:00:00Z,773.260010,773.940002,773.260010,773.770020,372756
2026-09-03T18:05:00Z,773.760010,773.909973,773.659973,773.794983,386301
2026-09-03T18:10:00Z,773.794983,773.919983,773.719971,773.815002,187218
2026-09-03T18:15:00Z,773.830017,774.030029,773.659485,773.719971,390712
2026-09-03T18:20:00Z,773.729980,773.820007,773.559998,773.750000,208865
2026-09-03T18:25:00Z,773.750000,773.859985,773.640015,773.729980,163178
2026-09-03T18:30:00Z,773.758972,773.880005,773.549988,773.859985,200435
2026-09-03T18:35:00Z,773.859924,773.900024,773.760010,773.820007,241823
2026-09-03T18:40:00Z,773.820007,773.820007,773.509705,773.599976,217196
2026-09-03T18:45:00Z,773.599915,773.799988,773.590027,773.755005,225737
2026-09-03T18:50:00Z,773.770020,773.849976,773.549988,773.619995,274984
2026-09-03T18:55:00Z,773.619995,773.669983,773.400024,773.669983,332034
2026-09-03T19:00:00Z,773.664978,773.705017,773.440002,773.559998,569241
2026-09-03T19:05:00Z,773.590027,773.690002,773.479004,773.559998,383697
2026-09-03T19:10:00Z,773.580017,773.630005,773.310425,773.380005,246635
2026-09-03T19:15:00Z,773.375000,773.599976,773.299988,773.599976,334128
2026-09-03T19:20:00Z,773.599976,773.599976,773.130005,773.179993,793525
2026-09-03T19:25:00Z,773.184998,773.419983,773.140015,773.409973,446759
2026-09-03T19:30:00Z,773.414978,773.534973,773.270020,773.309998,765286
2026-09-03T19:35:00Z,773.304993,773.549988,773.299988,773.439026,424468
2026-09-03T19:40:00Z,773.450012,773.530029,773.205017,773.229980,772818
2026-09-03T19:45:00Z,773.219971,773.419983,773.140015,773.239990,793691
2026-09-03T19:50:00Z,773.260010,773.369995,773.080017,773.229980,942875
2026-09-03T19:55:00Z,773.239990,773.250000,772.700012,773.109985,3714208
2026-09-04T13:30:00Z,772.010010,772.830017,771.880005,772.710022,2320462
2026-09-04T13:35:00Z,772.710022,772.869995,772.250488,772.465027,461007
2026-09-04T13:40:00Z,772.469971,772.489990,771.849976,772.169922,744330
2026-09-04T13:45:00Z,772.164978,772.619995,771.809998,772.515015,488907
2026-09-04T13:50:00Z,772.510010,772.510010,771.969971,772.385010,425739
2026-09-04T13:55:00Z,772.385010,772.578491,772.119995,772.309998,434785
2026-09-04T14:00:00Z,772.320007,772.359985,771.820007,771.989990,495033
2026-09-04T14:05:00Z,772.020020,772.150024,771.525024,771.525024,302228
2026-09-04T14:10:00Z,771.530029,771.659912,770.840027,771.630005,552988
2026-09-04T14:15:00Z,771.630005,771.689270,770.940002,770.965027,346972
2026-09-04T14:20:00Z,770.965027,771.239990,770.849976,771.080017,347613
2026-09-04T14:25:00Z,771.080017,771.260010,770.760010,771.210022,209779
2026-09-04T14:30:00Z,771.205017,771.289978,770.729980,770.799988,247223
2026-09-04T14:35:00Z,770.825012,771.161987,770.770020,771.130005,176748
2026-09-04T14:40:00Z,771.130005,771.130005,770.270020,770.299988,265491
2026-09-04T14:45:00Z,770.309998,770.489990,769.750000,769.780029,355108
2026-09-04T14:50:00Z,769.779907,770.159607,769.547607,769.590027,326746
2026-09-04T14:55:00Z,769.590027,769.765015,769.299988,769.450012,447607
2026-09-04T15:00:00Z,769.469971,769.630005,769.049988,769.489990,359925
2026-09-04T15:05:00Z,769.500000,769.760010,769.359985,769.699890,330518
2026-09-04T15:10:00Z,769.695007,769.940002,769.419983,769.940002,338139
2026-09-04T15:15:00Z,769.950012,769.989990,769.260010,769.359985,498148
2026-09-04T15:20:00Z,769.340027,769.450012,769.109985,769.299988,482387
2026-09-04T15:25:00Z,769.309998,769.499329,769.145020,769.429993,306137
2026-09-04T15:30:00Z,769.479980,769.489990,769.000000,769.239990,250511
2026-09-04T15:35:00Z,769.239990,769.549988,769.210022,769.539978,207379
2026-09-04T15:40:00Z,769.539978,770.049988,769.489990,769.997498,211426
2026-09-04T15:45:00Z,769.989990,770.059998,769.619995,769.809998,206011
2026-09-04T15:50:00Z,769.820007,769.979980,769.710022,769.909973,228700
2026-09-04T15:55:00Z,769.909973,770.039978,769.664978,769.957520,156009
2026-09-04T16:00:00Z,769.955017,770.130005,769.830017,770.090027,184128
2026-09-04T16:05:00Z,770.094971,770.429993,769.909973,770.354980,209465
2026-09-04T16:10:00Z,770.340027,770.739990,770.280029,770.729980,185912
2026-09-04T16:15:00Z,770.724976,770.880005,770.559998,770.849976,313217
2026-09-04T16:20:00Z,770.859985,771.150024,770.765015,770.890015,275973
2026-09-04T16:25:00Z,770.880005,770.880005,770.609985,770.659973,142972
2026-09-04T16:30:00Z,770.659973,770.924988,770.555115,770.924988,216009
2026-09-04T16:35:00Z,770.919983,770.919983,770.679993,770.789490,129825
2026-09-04T16:40:00Z,770.780029,770.979980,770.710022,770.940002,146231
2026-09-04T16:45:00Z,770.950012,771.239990,770.890015,771.219971,190173
2026-09-04T16:50:00Z,771.219971,771.320007,771.080017,771.099976,166851
2026-09-04T16:55:00Z,771.080017,771.160095,770.880005,770.890015,148980
2026-09-04T17:00:00Z,770.900024,770.969971,770.369995,770.460022,195504
2026-09-04T17:05:00Z,770.450012,770.669983,770.340027,770.349976,203464
2026-09-04T17:10:00Z,770.354980,770.500000,770.309998,770.349976,159752
2026-09-04T17:15:00Z,770.369873,770.479980,770.219971,770.280029,161796
2026-09-04T17:20:00Z,770.270020,770.369995,770.080017,770.080017,155159
2026-09-04T17:25:00Z,770.099976,770.219971,769.799988,769.851990,163518
2026-09-04T17:30:00Z,769.849976,769.869995,769.469971,769.650024,232672
2026-09-04T17:35:00Z,769.645020,769.755005,769.530029,769.690002,183720
2026-09-04T17:40:00Z,769.689880,769.700012,769.289978,769.320007,223426
2026-09-04T17:45:00Z,769.320007,769.520020,769.130005,769.385010,247062
2026-09-04T17:50:00Z,769.385010,769.520020,769.280029,769.390015,462630
2026-09-04T17:55:00Z,769.390015,769.539978,769.298035,769.458984,240046
2026-09-04T18:00:00Z,769.440002,769.609985,769.229980,769.320007,259734
2026-09-04T18:05:00Z,769.340027,769.599976,769.210083,769.580017,199670
2026-09-04T18:10:00Z,769.590027,769.739990,769.530029,769.659973,216126
2026-09-04T18:15:00Z,769.659973,769.830017,769.559998,769.789978,130021
2026-09-04T18:20:00Z,769.789978,769.989990,769.729980,769.909973,178324
2026-09-04T18:25:00Z,769.890015,769.974182,769.750488,769.880005,149608
2026-09-04T18:30:00Z,769.890015,770.030029,769.840027,770.000000,423547
2026-09-04T18:35:00Z,770.000000,770.020020,769.789978,769.890015,133087
2026-09-04T18:40:00Z,769.880005,770.190002,769.783081,770.150024,204947
2026-09-04T18:45:00Z,770.159973,770.239990,770.080017,770.224976,139905
2026-09-04T18:50:00Z,770.229980,770.299988,770.150024,770.219971,184309
2026-09-04T18:55:00Z,770.210022,770.369995,770.150024,770.250000,193194
2026-09-04T19:00:00Z,770.260010,770.380005,769.669983,769.715027,385979
2026-09-04T19:05:00Z,769.719971,769.815002,769.630005,769.684998,628252
2026-09-04T19:10:00Z,769.690002,769.830017,769.590027,769.619995,261089
2026-09-04T19:15:00Z,769.619995,769.760010,769.590027,769.650024,385942
2026-09-04T19:20:00Z,769.659973,769.840027,769.619995,769.760010,366945
2026-09-04T19:25:00Z,769.770020,770.070007,769.770020,770.010010,417107
2026-09-04T19:30:00Z,770.000000,770.070007,769.849976,769.984985,309117
2026-09-04T19:35:00Z,769.979980,770.000000,769.630005,769.729980,589058
2026-09-04T19:40:00Z,769.729980,769.950012,769.659973,769.900024,557561
2026-09-04T19:45:00Z,769.890015,770.200012,769.869995,770.109985,620026
2026-09-04T19:50:00Z,770.119995,770.419983,770.039978,770.395020,809057
2026-09-04T19:55:00Z,770.400024,770.479980,769.799988,770.239990,2998905
2026-09-08T13:30:00Z,769.070007,769.690002,768.669983,768.804993,2234251
2026-09-08T13:35:00Z,768.799988,768.820007,768.119995,768.140015,495132
2026-09-08T13:40:00Z,768.119995,768.130005,767.090027,767.289978,588050
2026-09-08T13:45:00Z,767.304993,767.809998,767.200012,767.719971,789904
2026-09-08T13:50:00Z,767.729980,767.750000,766.820007,767.369995,662823
2026-09-08T13:55:00Z,767.354980,768.080017,767.289978,767.460022,472362
2026-09-08T14:00:00Z,767.450012,767.630005,766.530029,766.950012,459341
2026-09-08T14:05:00Z,766.960022,767.070007,766.390015,766.419983,435467
2026-09-08T14:10:00Z,766.419983,766.770020,765.989990,766.460022,505895
2026-09-08T14:15:00Z,766.450012,766.729980,766.119995,766.559998,580319
2026-09-08T14:20:00Z,766.565002,767.129883,766.349976,767.099976,601233
2026-09-08T14:25:00Z,767.099915,767.149475,766.409973,766.700012,288926
2026-09-08T14:30:00Z,766.700012,767.039978,766.440002,767.005005,284680
2026-09-08T14:35:00Z,767.020020,767.080017,766.640015,766.890015,336865
2026-09-08T14:40:00Z,766.900024,767.229980,766.780029,767.119995,211263
2026-09-08T14:45:00Z,767.140015,767.299988,766.669983,767.260010,197440
2026-09-08T14:50:00Z,767.250000,767.719971,767.210022,767.619995,331391
2026-09-08T14:55:00Z,767.640015,767.948975,767.340027,767.650024,255375
2026-09-08T15:00:00Z,767.669983,767.869995,767.489990,767.695007,218496
2026-09-08T15:05:00Z,767.690002,767.830017,767.469971,767.679993,204706
2026-09-08T15:10:00Z,767.669983,768.309998,767.659973,768.039978,408665
2026-09-08T15:15:00Z,768.039978,768.340027,767.919983,768.080017,288265
2026-09-08T15:20:00Z,768.080017,768.080017,767.349976,768.000000,340333
2026-09-08T15:25:00Z,767.989990,768.369995,767.804993,767.804993,713177
2026-09-08T15:30:00Z,767.799988,768.080017,767.619995,767.789978,273459
2026-09-08T15:35:00Z,767.789978,767.809998,767.340027,767.510010,228802
2026-09-08T15:40:00Z,767.510010,768.020020,767.409973,767.979980,201733
2026-09-08T15:45:00Z,767.994995,768.039978,767.469971,767.539978,321756
2026-09-08T15:50:00Z,767.559998,767.784973,767.510010,767.570007,399772
2026-09-08T15:55:00Z,767.559998,767.710022,767.349976,767.390015,303327
2026-09-08T16:00:00Z,767.400024,767.659973,767.195007,767.659973,535808
2026-09-08T16:05:00Z,767.659973,767.789978,767.320007,767.330017,136517
2026-09-08T16:10:00Z,767.320007,767.340027,767.030029,767.219971,231640
2026-09-08T16:15:00Z,767.219971,767.229980,766.809998,766.914978,311809
2026-09-08T16:20:00Z,766.919983,767.419983,766.809998,767.390076,292911
2026-09-08T16:25:00Z,767.409973,767.650024,767.080017,767.099976,171878
2026-09-08T16:30:00Z,767.099976,767.320007,767.000000,767.200012,273954
2026-09-08T16:35:00Z,767.179993,767.241699,766.940002,766.989990,145241
2026-09-08T16:40:00Z,766.999878,767.140015,766.809998,767.010010,154919
2026-09-08T16:45:00Z,767.020020,767.320007,766.914978,767.244995,186806
2026-09-08T16:50:00Z,767.260010,767.609985,767.090027,767.234985,232878
2026-09-08T16:55:00Z,767.250000,767.299988,766.549988,766.940002,826900
2026-09-08T17:00:00Z,766.929199,767.900024,766.929199,767.900024,200642
2026-09-08T17:05:00Z,767.900024,768.119995,767.539978,767.539978,237571
2026-09-08T17:10:00Z,767.570007,767.729980,767.520020,767.635010,149182
2026-09-08T17:15:00Z,767.640015,767.719971,767.520020,767.604980,195500
2026-09-08T17:20:00Z,767.599976,767.708984,767.419983,767.590027,141823
2026-09-08T17:25:00Z,767.590027,767.609985,767.190002,767.474976,134179
2026-09-08T17:30:00Z,767.489990,767.820007,767.440002,767.679993,164330
2026-09-08T17:35:00Z,767.679993,767.880005,767.630005,767.679993,245812
2026-09-08T17:40:00Z,767.690002,767.690002,767.315002,767.344971,216439
2026-09-08T17:45:00Z,767.340027,767.619995,767.340027,767.580017,259716
2026-09-08T17:50:00Z,767.570007,767.849976,767.479980,767.799988,185590
2026-09-08T17:55:00Z,767.780029,767.780029,767.460022,767.460022,145649
2026-09-08T18:00:00Z,767.479980,767.650024,767.460022,767.619995,211316
2026-09-08T18:05:00Z,767.609985,767.830017,767.539978,767.770020,221605
2026-09-08T18:10:00Z,767.780029,767.880005,767.674988,767.770020,184101
2026-09-08T18:15:00Z,767.760010,767.880005,767.669983,767.804993,179786
2026-09-08T18:20:00Z,767.799988,767.890015,767.580017,767.599976,188283
2026-09-08T18:25:00Z,767.590027,767.799988,767.525024,767.765015,178343
2026-09-08T18:30:00Z,767.770020,767.789978,767.520020,767.530029,168947
2026-09-08T18:35:00Z,767.539978,767.549988,767.140015,767.200012,221348
2026-09-08T18:40:00Z,767.190002,767.539978,767.070007,767.520020,198628
2026-09-08T18:45:00Z,767.520020,767.619995,765.669983,766.260010,850175
2026-09-08T18:50:00Z,766.280029,767.038025,766.200012,766.969971,840808
2026-09-08T18:55:00Z,766.974976,767.080017,766.740479,766.770020,323560
2026-09-08T19:00:00Z,766.780029,766.940002,766.484985,766.617188,281507
2026-09-08T19:05:00Z,766.630005,766.979980,766.549988,766.840027,183294
2026-09-08T19:10:00Z,766.820129,767.099976,766.789978,766.900024,371685
2026-09-08T19:15:00Z,766.909973,767.030029,766.609985,766.700012,327761
2026-09-08T19:20:00Z,766.705017,766.869995,766.510010,766.570007,414412
2026-09-08T19:25:00Z,766.570007,767.039978,766.510010,766.979980,339686
2026-09-08T19:30:00Z,766.969971,767.150024,766.700012,767.090027,452310
2026-09-08T19:35:00Z,767.090027,767.119995,766.770020,766.960022,472835
2026-09-08T19:40:00Z,766.974976,767.080017,766.679993,766.809998,714200
2026-09-08T19:45:00Z,766.820007,766.880005,766.320007,766.539978,714029
2026-09-08T19:50:00Z,766.559998,766.630005,765.520020,765.684998,1757909
2026-09-08T19:55:00Z,765.729980,766.140015,765.140015,765.989990,3928473
2026-09-09T13:30:00Z,764.080017,764.380005,763.239990,764.119995,1528226
2026-09-09T13:35:00Z,764.119995,764.190002,763.609985,763.799988,510819
2026-09-09T13:40:00Z,763.830017,764.030029,763.419983,763.750000,261008
2026-09-09T13:45:00Z,763.700012,764.219971,763.429993,763.869995,466114
2026-09-09T13:50:00Z,763.880005,763.969971,763.460022,763.784973,314399
2026-09-09T13:55:00Z,763.775024,764.200012,763.659973,764.099976,247683
2026-09-09T14:00:00Z,764.090027,764.200012,763.400024,763.840027,322423
2026-09-09T14:05:00Z,763.849976,764.150024,763.770081,764.070007,286557
2026-09-09T14:10:00Z,764.060120,764.130005,763.609985,763.877502,287288
2026-09-09T14:15:00Z,763.880005,763.880005,762.799988,763.054993,479030
2026-09-09T14:20:00Z,763.040100,763.150024,762.489990,762.510010,523999
2026-09-09T14:25:00Z,762.510010,764.070007,762.500000,763.979980,493929
2026-09-09T14:30:00Z,763.969971,764.010010,763.419983,763.489990,254961
2026-09-09T14:35:00Z,763.489990,763.799988,763.250000,763.604980,282439
2026-09-09T14:40:00Z,763.590027,763.869995,763.460022,763.770020,157614
2026-09-09T14:45:00Z,763.753479,763.780029,763.409973,763.724976,112604
2026-09-09T14:50:00Z,763.729980,763.940002,763.530029,763.650024,150881
2026-09-09T14:55:00Z,763.664978,763.909973,763.460022,763.780029,150988
2026-09-09T15:00:00Z,763.789978,764.469971,762.700012,762.840027,564768
2026-09-09T15:05:00Z,762.880005,763.039978,762.159973,762.239990,466396
2026-09-09T15:10:00Z,762.250000,762.280029,761.395020,761.630005,618359
2026-09-09T15:15:00Z,761.640015,762.169922,761.500000,762.050110,434599
2026-09-09T15:20:00Z,762.030029,762.130005,761.000000,761.049988,406933
2026-09-09T15:25:00Z,761.049988,761.575012,760.940002,761.539978,420870
2026-09-09T15:30:00Z,761.540100,762.150024,761.479980,762.150024,695993
2026-09-09T15:35:00Z,762.150024,762.979492,761.760010,762.909973,310344
2026-09-09T15:40:00Z,762.919983,763.095703,761.989990,762.239990,415793
2026-09-09T15:45:00Z,762.260010,762.358582,762.020020,762.270020,133563
2026-09-09T15:50:00Z,762.289978,762.619995,762.289978,762.549988,159786
2026-09-09T15:55:00Z,762.520020,762.520020,761.840027,762.169983,226597
2026-09-09T16:00:00Z,762.169983,762.409973,762.049988,762.369995,185090
2026-09-09T16:05:00Z,762.359985,762.369995,761.515015,761.515015,296852
2026-09-09T16:10:00Z,761.520020,761.890015,761.429993,761.645020,204389
2026-09-09T16:15:00Z,761.645020,761.659973,761.359985,761.450012,146801
2026-09-09T16:20:00Z,761.445007,761.739990,761.320007,761.719971,205313
2026-09-09T16:25:00Z,761.729980,761.809998,761.429993,761.630005,157041
2026-09-09T16:30:00Z,761.614990,762.234985,761.580017,762.099976,420127
2026-09-09T16:35:00Z,762.090027,762.270020,761.920105,762.250000,197503
2026-09-09T16:40:00Z,762.239990,762.460022,762.109985,762.460022,146309
2026-09-09T16:45:00Z,762.460022,762.530029,762.190002,762.469971,139716
2026-09-09T16:50:00Z,762.479980,762.859985,762.469971,762.640015,238661
2026-09-09T16:55:00Z,762.630005,762.770020,762.510010,762.565979,93496
2026-09-09T17:00:00Z,762.575012,763.020020,762.372009,762.400024,276679
2026-09-09T17:05:00Z,762.399902,762.770020,762.390015,762.590027,245444
2026-09-09T17:10:00Z,762.580017,763.219971,762.549988,763.150024,203272
2026-09-09T17:15:00Z,763.150024,763.289978,762.859985,762.870117,222962
2026-09-09T17:20:00Z,762.869995,763.190002,762.780029,763.190002,132228
2026-09-09T17:25:00Z,763.190002,763.210022,762.859985,762.919983,148209
2026-09-09T17:30:00Z,762.929993,763.049988,762.700012,762.820007,154173
2026-09-09T17:35:00Z,762.789978,762.890015,762.380005,762.440002,110526
2026-09-09T17:40:00Z,762.450012,762.969971,762.440002,762.900024,106650
2026-09-09T17:45:00Z,762.909973,763.159973,762.880005,763.070007,160958
2026-09-09T17:50:00Z,763.070007,763.320007,762.929993,763.270020,144408
2026-09-09T17:55:00Z,763.260010,763.315002,763.020020,763.025024,111456
2026-09-09T18:00:00Z,763.020020,763.169983,762.979980,763.104980,172515
2026-09-09T18:05:00Z,763.094971,763.109985,762.719971,762.750000,221438
2026-09-09T18:10:00Z,762.760010,762.789978,762.400024,762.400024,417762
2026-09-09T18:15:00Z,762.390015,762.679993,762.280029,762.559998,449614
2026-09-09T18:20:00Z,762.570007,763.020020,762.570007,762.960022,123298
2026-09-09T18:25:00Z,762.950012,763.039978,762.729980,762.840027,222033
2026-09-09T18:30:00Z,762.844971,762.900024,762.590027,762.780029,165114
2026-09-09T18:35:00Z,762.770020,763.029602,762.719971,763.000000,109094
2026-09-09T18:40:00Z,763.015015,763.299988,763.000000,763.190002,161685
2026-09-09T18:45:00Z,763.179993,763.210022,762.960022,763.010010,172106
2026-09-09T18:50:00Z,763.020020,763.355225,763.010010,763.270020,180294
2026-09-09T18:55:00Z,763.260010,763.390015,762.880005,762.900024,174577
2026-09-09T19:00:00Z,762.919983,763.080017,762.640015,762.690002,286844
2026-09-09T19:05:00Z,762.690002,763.130005,762.651978,763.090027,354565
2026-09-09T19:10:00Z,763.080017,763.140015,762.960022,762.960022,600146
2026-09-09T19:15:00Z,762.967529,763.340027,762.960022,763.270020,272317
2026-09-09T19:20:00Z,763.279907,763.330017,763.099976,763.219971,374906
2026-09-09T19:25:00Z,763.219971,763.409729,763.090027,763.099976,244897
2026-09-09T19:30:00Z,763.099976,763.210022,762.909973,763.020020,323748
2026-09-09T19:35:00Z,763.020020,763.099976,762.770020,762.780029,367055
2026-09-09T19:40:00Z,762.770020,762.840027,762.604980,762.799988,497079
2026-09-09T19:45:00Z,762.809998,762.924988,762.630005,762.830017,620927
2026-09-09T19:50:00Z,762.840027,762.840027,762.200012,762.424988,1156206
2026-09-09T19:55:00Z,762.429993,762.510010,762.099976,762.390015,4415251
2026-09-10T13:30:00Z,758.030029,758.400024,757.609985,757.760010,3091654
2026-09-10T13:35:00Z,757.799988,758.554993,757.549988,758.429993,546462
2026-09-10T13:40:00Z,758.419983,758.739990,758.070007,758.140015,922645
2026-09-10T13:45:00Z,758.135010,758.979980,758.099976,758.645020,1958780
2026-09-10T13:50:00Z,758.640015,758.859985,757.260986,757.320007,822530
2026-09-10T13:55:00Z,757.349976,757.359985,756.702209,756.780029,813561
2026-09-10T14:00:00Z,756.752014,757.770020,756.739990,757.280029,765413
2026-09-10T14:05:00Z,757.289978,757.390015,756.640015,756.824707,814897
2026-09-10T14:10:00Z,756.835022,757.775024,756.750000,757.419983,598746
2026-09-10T14:15:00Z,757.395020,758.080017,757.150024,758.020020,393903
2026-09-10T14:20:00Z,758.020020,760.109985,757.950012,759.412415,1324122
2026-09-10T14:25:00Z,759.380005,759.875000,758.559998,758.710022,1036400
2026-09-10T14:30:00Z,758.715027,759.229980,758.645020,758.890015,444910
2026-09-10T14:35:00Z,758.875000,759.599976,758.875000,759.299988,398360
2026-09-10T14:40:00Z,759.299988,759.400024,758.669983,758.844971,451963
2026-09-10T14:45:00Z,758.830017,759.039978,758.430481,758.799988,463779
2026-09-10T14:50:00Z,758.789978,759.179993,758.500000,759.159973,329988
2026-09-10T14:55:00Z,759.179993,759.500000,758.880005,759.399475,841893
2026-09-10T15:00:00Z,759.400024,759.419983,758.549988,758.859985,507133
2026-09-10T15:05:00Z,758.849792,759.434998,758.849792,759.000000,423314
2026-09-10T15:10:00Z,758.989990,759.469971,758.929993,759.059998,254160
2026-09-10T15:15:00Z,759.049988,759.239990,758.870483,759.094971,321166
2026-09-10T15:20:00Z,759.090027,759.340027,758.630005,759.302490,940536
2026-09-10T15:25:00Z,759.309998,759.559998,759.140015,759.184998,204033
2026-09-10T15:30:00Z,759.190002,759.580017,759.020020,759.450012,238896
2026-09-10T15:35:00Z,759.457581,759.969971,759.059998,759.210022,434782
2026-09-10T15:40:00Z,759.239990,759.460022,759.080017,759.400024,170467
2026-09-10T15:45:00Z,759.429993,759.515015,758.760010,759.148987,311284
2026-09-10T15:50:00Z,759.109985,759.330017,758.609985,758.609985,311200
2026-09-10T15:55:00Z,758.599976,758.695007,758.219971,758.539978,314824
2026-09-10T16:00:00Z,758.549988,759.079102,758.450012,758.539978,459360
2026-09-10T16:05:00Z,758.549988,758.640015,758.070007,758.094971,199982
2026-09-10T16:10:00Z,758.080017,758.340027,757.830017,758.094971,351837
2026-09-10T16:15:00Z,758.099976,758.434998,757.900024,758.030029,200431
2026-09-10T16:20:00Z,758.049988,758.289978,758.010010,758.049988,155791
2026-09-10T16:25:00Z,758.030029,758.099976,757.789978,758.085022,189444
2026-09-10T16:30:00Z,758.080017,758.409973,757.520020,757.520020,560864
2026-09-10T16:35:00Z,757.530029,758.250000,757.260010,758.190125,233990
2026-09-10T16:40:00Z,758.190002,758.890015,758.119995,758.809998,174927
2026-09-10T16:45:00Z,758.830017,759.330017,758.799988,758.799988,338907
2026-09-10T16:50:00Z,758.840027,759.179993,758.700012,759.159973,255445
2026-09-10T16:55:00Z,759.155029,759.344971,759.049988,759.205017,344828
2026-09-10T17:00:00Z,759.200012,759.849976,758.789978,759.025024,461261
2026-09-10T17:05:00Z,759.040100,759.270020,758.849976,758.969971,164211
2026-09-10T17:10:00Z,758.950012,759.440002,758.945007,759.020020,241450
2026-09-10T17:15:00Z,759.010010,759.199890,758.859985,758.994995,93713
2026-09-10T17:20:00Z,758.989990,759.099976,758.609985,758.679993,143875
2026-09-10T17:25:00Z,758.659973,758.715027,758.510010,758.590027,287214
2026-09-10T17:30:00Z,758.580017,758.770020,758.349976,758.599976,171278
2026-09-10T17:35:00Z,758.559998,758.770020,758.039978,758.080017,175589
2026-09-10T17:40:00Z,758.054993,758.460022,758.030029,758.445007,254469
2026-09-10T17:45:00Z,758.450012,758.489990,758.190002,758.260010,87430
2026-09-10T17:50:00Z,758.239990,758.539978,758.179993,758.400024,142499
2026-09-10T17:55:00Z,758.380005,758.525024,758.210022,758.270020,220083
2026-09-10T18:00:00Z,758.270020,758.559998,757.830017,757.955017,297048
2026-09-10T18:05:00Z,757.940002,758.169983,757.660217,757.739990,243787
2026-09-10T18:10:00Z,757.719971,757.909912,757.479980,757.690002,278292
2026-09-10T18:15:00Z,757.679993,757.750000,757.469971,757.679993,214756
2026-09-10T18:20:00Z,757.690002,758.039978,757.690002,757.799988,355815
2026-09-10T18:25:00Z,757.809998,757.919983,757.590027,757.690002,226822
2026-09-10T18:30:00Z,757.669983,757.700012,757.259888,757.609985,246687
2026-09-10T18:35:00Z,757.619995,757.867981,757.479980,757.840027,157185
2026-09-10T18:40:00Z,757.849976,757.909973,757.684998,757.815002,165644
2026-09-10T18:45:00Z,757.799988,758.090027,757.409973,757.770020,237906
2026-09-10T18:50:00Z,757.750000,758.390015,757.549988,757.965027,574101
2026-09-10T18:55:00Z,757.965027,758.119873,757.669983,757.775024,207139
2026-09-10T19:00:00Z,757.775024,757.775024,757.309998,757.335022,341448
2026-09-10T19:05:00Z,757.330994,758.030029,757.309998,758.000000,394179
2026-09-10T19:10:00Z,757.960022,757.960022,757.530029,757.809998,404593
2026-09-10T19:15:00Z,757.809998,757.960022,757.369995,757.549988,419344
2026-09-10T19:20:00Z,757.520020,757.715027,757.359985,757.679993,454711
2026-09-10T19:25:00Z,757.679993,757.789978,757.510010,757.614990,567088
2026-09-10T19:30:00Z,757.609985,758.000000,757.440002,757.949890,461172
2026-09-10T19:35:00Z,757.929993,758.130005,757.650024,758.010010,314857
2026-09-10T19:40:00Z,757.989990,758.275024,757.979980,758.020020,819948
2026-09-10T19:45:00Z,758.030029,758.219971,757.770020,758.099976,832936
2026-09-10T19:50:00Z,758.080017,758.289978,757.609985,757.849976,1068297
2026-09-10T19:55:00Z,757.869995,758.030029,757.630005,757.880005,2980952
2026-09-11T13:30:00Z,764.719971,765.859985,764.224976,765.770020,4205683
2026-09-11T13:35:00Z,765.760010,765.989990,765.380005,765.559998,769423
2026-09-11T13:40:00Z,765.559998,765.809998,764.669983,765.460022,829435
2026-09-11T13:45:00Z,765.479980,765.929993,764.799988,764.969971,762224
2026-09-11T13:50:00Z,764.989990,765.289917,764.700012,765.130005,443437
2026-09-11T13:55:00Z,765.130005,766.380005,765.025024,766.309998,445940
2026-09-11T14:00:00Z,766.309998,766.330017,765.380005,765.450012,542787
2026-09-11T14:05:00Z,765.450012,765.599976,764.940002,765.409973,372761
2026-09-11T14:10:00Z,765.409973,765.690002,764.780029,764.900024,405671
2026-09-11T14:15:00Z,764.900024,765.750000,764.630005,765.719971,488857
2026-09-11T14:20:00Z,765.719971,766.025024,765.580017,765.760010,343584
2026-09-11T14:25:00Z,765.760010,766.099976,765.570007,765.729980,286702
2026-09-11T14:30:00Z,765.750000,765.780029,764.690002,764.729980,429465
2026-09-11T14:35:00Z,764.729980,764.729980,764.039978,764.299988,546936
2026-09-11T14:40:00Z,764.299988,764.739990,763.880005,764.049988,407838
2026-09-11T14:45:00Z,764.039978,764.799988,763.599976,764.690002,754627
2026-09-11T14:50:00Z,764.715027,764.849976,764.000000,764.070007,280128
2026-09-11T14:55:00Z,764.075012,764.210022,763.700012,763.969971,773529
2026-09-11T15:00:00Z,763.953796,764.668030,763.809998,764.668030,194568
2026-09-11T15:05:00Z,764.650024,765.250000,764.603394,764.900024,261249
2026-09-11T15:10:00Z,764.909973,764.960022,764.119995,764.609985,252479
2026-09-11T15:15:00Z,764.609985,765.549988,764.609985,765.400024,273070
2026-09-11T15:20:00Z,765.390015,765.890015,765.340027,765.835022,189265
2026-09-11T15:25:00Z,765.869995,766.239990,765.684998,766.000000,287743
2026-09-11T15:30:00Z,765.979980,766.190002,765.760010,765.900024,168884
2026-09-11T15:35:00Z,765.890015,766.049988,765.619995,765.950012,686844
2026-09-11T15:40:00Z,765.940125,766.270020,765.859985,766.119995,204618
2026-09-11T15:45:00Z,766.119995,766.140015,765.760010,765.880005,198972
2026-09-11T15:50:00Z,765.879883,765.960022,765.424988,765.520996,390945
2026-09-11T15:55:00Z,765.539978,765.804993,765.382019,765.710022,234935
2026-09-11T16:00:00Z,765.719971,766.200012,765.719971,766.140076,1518720
2026-09-11T16:05:00Z,766.140015,766.179993,765.739990,765.900024,308945
2026-09-11T16:10:00Z,765.909973,765.989990,765.530029,765.580017,142257
2026-09-11T16:15:00Z,765.585022,765.650024,765.400024,765.489990,160955
2026-09-11T16:20:00Z,765.520020,765.599976,765.260010,765.359985,210740
2026-09-11T16:25:00Z,765.359985,765.599976,764.869995,764.919983,329045
2026-09-11T16:30:00Z,764.940002,765.760010,764.809998,765.580078,300257
2026-09-11T16:35:00Z,765.580017,765.590027,764.909973,764.950012,358442
2026-09-11T16:40:00Z,764.940002,765.479980,764.849976,765.450012,230372
2026-09-11T16:45:00Z,765.440002,765.604980,765.299988,765.309998,157822
2026-09-11T16:50:00Z,765.325012,765.549988,765.270508,765.419983,501051
2026-09-11T16:55:00Z,765.409973,765.669983,765.380005,765.619995,500841
2026-09-11T17:00:00Z,765.640015,765.849976,765.549988,765.630005,1361794
2026-09-11T17:05:00Z,765.640015,766.080017,765.599976,765.739990,159685
2026-09-11T17:10:00Z,765.734985,765.869995,765.510010,765.558289,183128
2026-09-11T17:15:00Z,765.559998,765.920105,765.559998,765.919983,262400
2026-09-11T17:20:00Z,765.919983,766.250000,765.869995,766.239502,208368
2026-09-11T17:25:00Z,766.229980,766.330017,765.909973,765.994995,269591
2026-09-11T17:30:00Z,765.994995,766.260010,765.914978,765.979492,172407
2026-09-11T17:35:00Z,765.979980,766.049988,765.780029,765.809998,454293
2026-09-11T17:40:00Z,765.809998,766.000000,765.789978,765.859985,406972
2026-09-11T17:45:00Z,765.859985,765.940002,765.719971,765.905029,349285
2026-09-11T17:50:00Z,765.909973,765.979980,765.820007,765.849976,160600
2026-09-11T17:55:00Z,765.859985,765.880005,765.640015,765.739990,164816
2026-09-11T18:00:00Z,765.739990,765.969971,765.690002,765.859985,237769
2026-09-11T18:05:00Z,765.849976,765.849976,765.599487,765.700012,189779
2026-09-11T18:10:00Z,765.700012,765.729980,765.508484,765.570007,251917
2026-09-11T18:15:00Z,765.559998,765.724976,765.530029,765.580017,273300
2026-09-11T18:20:00Z,765.590027,765.604980,765.140015,765.340027,593144
2026-09-11T18:25:00Z,765.369995,765.539978,765.195007,765.409973,461589
2026-09-11T18:30:00Z,765.419983,765.580017,765.150024,765.445007,212652
2026-09-11T18:35:00Z,765.460022,765.559998,765.250000,765.299988,127680
2026-09-11T18:40:00Z,765.299988,765.409973,765.097473,765.150024,378014
2026-09-11T18:45:00Z,765.150024,765.320007,764.960022,765.039978,240617
2026-09-11T18:50:00Z,765.039978,765.169983,765.030029,765.059998,299921
2026-09-11T18:55:00Z,765.039978,765.260010,764.940002,765.025024,311427
2026-09-11T19:00:00Z,765.039978,765.190002,765.000000,765.140015,428806
2026-09-11T19:05:00Z,765.130005,765.140015,764.719971,764.760010,511995
2026-09-11T19:10:00Z,764.750000,764.919983,764.549988,764.900024,475037
2026-09-11T19:15:00Z,764.900024,765.099976,764.880005,764.989990,225774
2026-09-11T19:20:00Z,765.000000,765.219971,764.900024,765.200012,371497
2026-09-11T19:25:00Z,765.200012,765.299988,765.010010,765.020020,482925
2026-09-11T19:30:00Z,765.025024,765.130005,764.900024,764.979980,510203
2026-09-11T19:35:00Z,764.979980,765.030029,764.869995,764.934998,459681
2026-09-11T19:40:00Z,764.929993,765.049988,764.880005,765.010010,640436
2026-09-11T19:45:00Z,765.010010,765.039978,764.719971,764.750000,1015795
2026-09-11T19:50:00Z,764.739990,764.820007,764.419983,764.659973,1537156
2026-09-11T19:55:00Z,764.659973,764.700012,764.039978,764.179993,4353192
2026-09-14T13:30:00Z,759.000000,759.210022,758.580017,758.684998,2425368
2026-09-14T13:35:00Z,758.684998,758.899902,758.454224,758.570007,617747
2026-09-14T13:40:00Z,758.580017,759.520020,758.469971,759.409973,490763
2026-09-14T13:45:00Z,759.429993,760.559998,759.429993,760.289978,550712
2026-09-14T13:50:00Z,760.280029,760.590027,760.070007,760.169983,447456
2026-09-14T13:55:00Z,760.179993,760.239990,759.760010,759.994995,457216
2026-09-14T14:00:00Z,759.986389,760.590027,759.909973,760.460022,457179
2026-09-14T14:05:00Z,760.461304,761.114990,760.320007,760.869995,458914
2026-09-14T14:10:00Z,760.869995,761.010010,760.419983,760.440002,388199
2026-09-14T14:15:00Z,760.460022,760.650024,759.770020,759.840027,316861
2026-09-14T14:20:00Z,759.849976,759.849976,758.809998,758.820007,667645
2026-09-14T14:25:00Z,758.820007,758.869995,758.229980,758.840027,613192
2026-09-14T14:30:00Z,758.825012,759.135010,758.530029,759.099976,390303
2026-09-14T14:35:00Z,759.099976,759.099976,758.299988,758.500000,398387
2026-09-14T14:40:00Z,758.479980,758.679993,758.119995,758.679993,407536
2026-09-14T14:45:00Z,758.679993,759.030029,758.460022,758.619995,324806
2026-09-14T14:50:00Z,758.639893,758.655029,758.109985,758.219971,436256
2026-09-14T14:55:00Z,758.219971,758.590027,757.929993,758.570007,486267
2026-09-14T15:00:00Z,758.590027,758.604980,758.150024,758.179993,247181
2026-09-14T15:05:00Z,758.179993,759.880005,758.169983,759.109985,1247075
2026-09-14T15:10:00Z,759.130005,759.210022,758.630005,758.630127,241672
2026-09-14T15:15:00Z,758.619995,759.179993,758.520020,759.070129,255926
2026-09-14T15:20:00Z,759.090027,759.580017,758.989990,759.544983,241692
2026-09-14T15:25:00Z,759.539978,759.895203,759.320007,759.594971,258921
2026-09-14T15:30:00Z,759.549988,760.890015,759.450012,760.804993,962916
2026-09-14T15:35:00Z,760.807007,761.239990,760.450012,761.200012,628639
2026-09-14T15:40:00Z,761.219971,762.229980,760.969971,762.090027,632695
2026-09-14T15:45:00Z,762.099976,762.150024,761.469971,761.479980,404994
2026-09-14T15:50:00Z,761.469971,761.890015,761.289978,761.830017,346092
2026-09-14T15:55:00Z,761.830017,762.030029,761.679993,761.750000,235656
2026-09-14T16:00:00Z,761.770020,761.909973,761.330017,761.330017,209530
2026-09-14T16:05:00Z,761.320007,761.520020,761.210022,761.400024,187834
2026-09-14T16:10:00Z,761.400024,761.669983,761.359985,761.467407,162707
2026-09-14T16:15:00Z,761.469971,762.450012,761.469971,762.349976,319007
2026-09-14T16:20:00Z,762.349976,762.599976,762.020020,762.400024,254832
2026-09-14T16:25:00Z,762.409973,762.460022,761.880005,762.020020,273563
2026-09-14T16:30:00Z,762.010010,762.450012,761.950012,761.950012,280539
2026-09-14T16:35:00Z,761.969971,762.130005,761.830017,762.049988,157961
2026-09-14T16:40:00Z,762.049988,762.309998,761.919983,762.309998,143809
2026-09-14T16:45:00Z,762.320007,763.500000,762.049988,763.263916,605816
2026-09-14T16:50:00Z,763.280029,763.520020,763.020020,763.059998,254748
2026-09-14T16:55:00Z,763.059998,763.109985,762.570007,762.900024,291218
2026-09-14T17:00:00Z,762.900024,763.059998,762.530029,762.659973,200411
2026-09-14T17:05:00Z,762.669983,762.809998,762.340027,762.450012,185673
2026-09-14T17:10:00Z,762.455017,762.859985,762.179993,762.179993,349782
2026-09-14T17:15:00Z,762.180725,762.270020,761.903992,762.049988,175150
2026-09-14T17:20:00Z,762.070007,762.419983,762.039978,762.289978,131624
2026-09-14T17:25:00Z,762.320007,762.719971,762.190002,762.679993,143667
2026-09-14T17:30:00Z,762.715027,762.830017,762.489990,762.640015,176537
2026-09-14T17:35:00Z,762.650024,762.869995,762.510010,762.809998,216462
2026-09-14T17:40:00Z,762.830017,762.834595,762.539978,762.599976,281589
2026-09-14T17:45:00Z,762.650024,762.849976,762.549988,762.630005,182983
2026-09-14T17:50:00Z,762.640015,762.869873,762.575012,762.789978,175566
2026-09-14T17:55:00Z,762.780029,762.849976,762.340027,762.349976,184587
2026-09-14T18:00:00Z,762.354980,762.830017,762.210022,762.250000,1056284
2026-09-14T18:05:00Z,762.260010,762.588013,762.125000,762.429993,313661
2026-09-14T18:10:00Z,762.429993,762.450012,762.159973,762.340027,147010
2026-09-14T18:15:00Z,762.349976,762.479980,762.184998,762.280029,118110
2026-09-14T18:20:00Z,762.270020,762.330017,762.099976,762.117004,277152
2026-09-14T18:25:00Z,762.130005,762.190002,761.917480,762.010803,292809
2026-09-14T18:30:00Z,762.039978,762.349976,761.969971,762.219971,192009
2026-09-14T18:35:00Z,762.219971,762.469971,762.190002,762.349976,158181
2026-09-14T18:40:00Z,762.320007,762.520020,762.250000,762.349976,278640
2026-09-14T18:45:00Z,762.349976,762.700012,762.109985,762.500000,311517
2026-09-14T18:50:00Z,762.500000,762.539978,762.289978,762.320007,4909895
2026-09-14T18:55:00Z,762.309998,762.469971,762.090027,762.127991,302336
2026-09-14T19:00:00Z,762.140015,762.210022,761.840027,761.929993,365228
2026-09-14T19:05:00Z,761.940002,761.979980,761.609985,761.830017,269220
2026-09-14T19:10:00Z,761.849976,762.090027,761.820007,762.030029,325500
2026-09-14T19:15:00Z,762.025024,762.025024,761.770020,761.873779,280779
2026-09-14T19:20:00Z,761.859985,761.929993,761.648987,761.809998,1419679
2026-09-14T19:25:00Z,761.789978,761.859985,761.690002,761.724976,221021
2026-09-14T19:30:00Z,761.724976,761.929993,761.659973,761.690002,336536
2026-09-14T19:35:00Z,761.700012,761.739990,761.549988,761.599976,388332
2026-09-14T19:40:00Z,761.604980,761.719971,761.539978,761.599976,484226
2026-09-14T19:45:00Z,761.590210,761.830017,761.549988,761.710022,901672
2026-09-14T19:50:00Z,761.715027,761.820007,761.114990,761.250000,1059247
2026-09-14T19:55:00Z,761.250000,761.340027,760.659973,760.770020,3592827
2026-09-15T13:30:00Z,760.117004,760.340027,758.729980,758.919983,1766259
2026-09-15T13:35:00Z,758.919983,759.869995,758.919983,759.809998,445082
2026-09-15T13:40:00Z,759.799988,760.020020,759.400024,759.950012,323265
2026-09-15T13:45:00Z,759.950012,760.190002,759.219971,759.349976,399546
2026-09-15T13:50:00Z,759.349976,759.770020,759.179993,759.679993,344390
2026-09-15T13:55:00Z,759.659973,759.700012,759.364990,759.549988,225769
2026-09-15T14:00:00Z,759.540588,759.540588,758.830017,758.830017,369444
2026-09-15T14:05:00Z,758.810486,759.070007,758.483276,758.510010,1309203
2026-09-15T14:10:00Z,758.500000,758.517029,757.880005,757.969971,593055
2026-09-15T14:15:00Z,757.969971,758.429993,757.929993,758.210022,388983
2026-09-15T14:20:00Z,758.219971,758.340027,757.179993,757.659973,460516
2026-09-15T14:25:00Z,757.650024,757.739990,757.469971,757.479980,272287
2026-09-15T14:30:00Z,757.469971,757.650024,757.080017,757.349976,542394
2026-09-15T14:35:00Z,757.340027,757.609985,757.049988,757.140015,502250
2026-09-15T14:40:00Z,757.140015,757.239990,756.880005,757.200012,330206
2026-09-15T14:45:00Z,757.190002,757.380005,756.909973,756.909973,377182
2026-09-15T14:50:00Z,756.890015,757.020020,756.150024,756.559998,985094
2026-09-15T14:55:00Z,756.559998,756.859985,756.350281,756.440002,443115
2026-09-15T15:00:00Z,756.450012,757.190002,756.434998,757.190002,325099
2026-09-15T15:05:00Z,757.190002,757.270020,756.799988,756.869995,337258
2026-09-15T15:10:00Z,756.864990,757.049988,756.700012,756.979980,436788
2026-09-15T15:15:00Z,756.969971,757.359985,756.809998,757.250000,553762
2026-09-15T15:20:00Z,757.250000,757.500000,756.982788,757.448975,293243
2026-09-15T15:25:00Z,757.450012,757.489990,757.190002,757.479980,224242
2026-09-15T15:30:00Z,757.479980,757.554993,756.929993,757.309998,408689
2026-09-15T15:35:00Z,757.330017,757.510010,757.159973,757.289978,192302
2026-09-15T15:40:00Z,757.304993,757.750000,757.299988,757.520020,381439
2026-09-15T15:45:00Z,757.520020,757.570007,756.926025,757.000000,137069
2026-09-15T15:50:00Z,756.974976,757.590027,756.974976,757.109985,503794
2026-09-15T15:55:00Z,757.130005,757.700012,756.979980,757.114990,317750
2026-09-15T16:00:00Z,757.114990,757.354980,757.012329,757.330017,183657
2026-09-15T16:05:00Z,757.291016,757.309998,756.630005,756.739990,253588
2026-09-15T16:10:00Z,756.739990,756.849976,756.669983,756.780029,168102
2026-09-15T16:15:00Z,756.770020,757.090027,756.710022,757.080017,201479
2026-09-15T16:20:00Z,757.080017,757.690002,757.059998,757.655029,210041
2026-09-15T16:25:00Z,757.659973,757.869995,757.479980,757.575012,198188
2026-09-15T16:30:00Z,757.580017,757.820007,757.320007,757.669983,858791
2026-09-15T16:35:00Z,757.669983,757.729980,757.460022,757.549988,103668
2026-09-15T16:40:00Z,757.549988,757.679993,757.460022,757.609985,113361
2026-09-15T16:45:00Z,757.604980,757.729980,757.320007,757.460022,171720
2026-09-15T16:50:00Z,757.450012,758.010010,757.419983,757.974976,229184
2026-09-15T16:55:00Z,757.979980,758.059998,757.559998,757.739990,216808
2026-09-15T17:00:00Z,757.739990,757.849976,757.179993,757.179993,315434
2026-09-15T17:05:00Z,757.169983,757.450012,757.049988,757.229980,312112
2026-09-15T17:10:00Z,757.190002,757.530029,757.080017,757.085022,126249
2026-09-15T17:15:00Z,757.085022,757.119995,756.859985,757.000000,165845
2026-09-15T17:20:00Z,756.989990,757.059998,756.650024,756.650024,183140
2026-09-15T17:25:00Z,756.655029,756.919983,756.599976,756.880005,175692
2026-09-15T17:30:00Z,756.859985,757.190002,756.815002,757.000000,236720
2026-09-15T17:35:00Z,757.010010,757.169983,756.929993,757.099976,129339
2026-09-15T17:40:00Z,757.109985,757.250000,756.900024,757.130005,169440
2026-09-15T17:45:00Z,757.150024,757.270020,756.929993,756.969971,109375
2026-09-15T17:50:00Z,756.965027,757.270020,756.950012,757.270020,93265
2026-09-15T17:55:00Z,757.270020,757.400024,757.140015,757.270020,104746
2026-09-15T18:00:00Z,757.280029,757.519897,757.140015,757.474976,401207
2026-09-15T18:05:00Z,757.505005,757.690002,757.409973,757.669983,147877
2026-09-15T18:10:00Z,757.690002,757.934998,757.565002,757.765015,165759
2026-09-15T18:15:00Z,757.775024,757.830017,757.479980,757.556702,221510
2026-09-15T18:20:00Z,757.570007,757.651794,757.419983,757.479919,162811
2026-09-15T18:25:00Z,757.479980,757.690002,757.359985,757.669983,141779
2026-09-15T18:30:00Z,757.659973,757.659973,757.130005,757.219971,4683922
2026-09-15T18:35:00Z,757.205017,757.320007,757.159973,757.260010,642216
2026-09-15T18:40:00Z,757.260010,757.619995,757.130005,757.190002,1453348
2026-09-15T18:45:00Z,757.210022,757.215027,756.739990,756.844971,394530
2026-09-15T18:50:00Z,756.844971,757.150024,756.840027,757.090027,346662
2026-09-15T18:55:00Z,757.085022,757.489990,757.039978,757.489990,300970
2026-09-15T19:00:00Z,757.469971,757.619995,757.270020,757.339722,332120
2026-09-15T19:05:00Z,757.335022,757.400024,757.219971,757.330017,164949
2026-09-15T19:10:00Z,757.330017,757.369019,757.080017,757.169983,232514
2026-09-15T19:15:00Z,757.150024,757.289978,757.080017,757.210022,482212
2026-09-15T19:20:00Z,757.205078,757.229980,757.039978,757.099976,227695
2026-09-15T19:25:00Z,757.109985,757.140015,756.940002,756.984985,277041
2026-09-15T19:30:00Z,756.979980,757.070007,756.890015,756.919983,474490
2026-09-15T19:35:00Z,756.919983,756.924988,756.570007,756.659973,1018434
2026-09-15T19:40:00Z,756.659973,756.804993,756.510010,756.715027,570086
2026-09-15T19:45:00Z,756.710022,757.000000,756.619995,756.960083,1075372
2026-09-15T19:50:00Z,756.960022,757.039978,756.539978,756.984985,970967
2026-09-15T19:55:00Z,756.979980,757.460022,756.830017,757.419983,2522995
2026-09-16T13:30:00Z,759.539978,759.664978,759.140015,759.210022,1391527
2026-09-16T13:35:00Z,759.210022,759.489990,758.750000,758.809998,715762
2026-09-16T13:40:00Z,758.820007,759.139893,758.723022,758.799988,584456
2026-09-16T13:45:00Z,758.809998,759.929016,758.739990,759.890015,645084
2026-09-16T13:50:00Z,759.890015,760.429993,759.849976,760.237122,338155
2026-09-16T13:55:00Z,760.221008,760.400024,759.969971,760.200012,328381
2026-09-16T14:00:00Z,760.229980,760.419983,759.630005,759.679993,349657
2026-09-16T14:05:00Z,759.679993,759.840027,759.340271,759.700012,369867
2026-09-16T14:10:00Z,759.690002,759.780029,759.099976,759.549988,466763
2026-09-16T14:15:00Z,759.541016,759.721375,759.229980,759.280029,206768
2026-09-16T14:20:00Z,759.280029,759.349976,758.929993,758.960022,341334
2026-09-16T14:25:00Z,758.953308,759.020020,758.760010,758.960022,150442
2026-09-16T14:30:00Z,758.973816,759.219971,758.799988,759.150024,270587
2026-09-16T14:35:00Z,759.150024,759.495728,758.919983,759.369995,266470
2026-09-16T14:40:00Z,759.369995,759.859985,759.340027,759.840027,246421
2026-09-16T14:45:00Z,759.840027,759.950012,759.599976,759.619995,226024
2026-09-16T14:50:00Z,759.619995,759.880005,759.590027,759.679993,168133
2026-09-16T14:55:00Z,759.690002,760.250000,759.679993,760.210022,213192
2026-09-16T15:00:00Z,760.215027,760.609985,760.159973,760.530029,460498
2026-09-16T15:05:00Z,760.515015,761.030029,760.270020,760.909973,391450
2026-09-16T15:10:00Z,760.909973,761.000000,760.480530,760.740112,670681
2026-09-16T15:15:00Z,760.750000,760.789978,760.369995,760.604980,757493
2026-09-16T15:20:00Z,760.599976,760.630005,760.400024,760.539978,356425
2026-09-16T15:25:00Z,760.539978,760.830017,760.289978,760.340088,175817
2026-09-16T15:30:00Z,760.369995,760.469971,760.010010,760.130127,201215
2026-09-16T15:35:00Z,760.169983,760.560120,760.159973,760.390015,190363
2026-09-16T15:40:00Z,760.400024,760.599976,760.320007,760.565002,339309
2026-09-16T15:45:00Z,760.559998,761.669983,760.489990,761.049988,413337
2026-09-16T15:50:00Z,761.059998,761.099976,760.679993,760.789978,211304
2026-09-16T15:55:00Z,760.780029,760.859985,760.650024,760.690002,176949
2026-09-16T16:00:00Z,760.690002,760.739990,760.330017,760.330017,204554
2026-09-16T16:05:00Z,760.330017,760.510010,760.280090,760.479980,110231
2026-09-16T16:10:00Z,760.484009,760.520020,760.169983,760.369995,373636
2026-09-16T16:15:00Z,760.397278,760.474976,760.280029,760.330017,144332
2026-09-16T16:20:00Z,760.320007,760.320007,759.940002,759.979980,278696
2026-09-16T16:25:00Z,760.000000,760.179993,759.859985,760.140015,406955
2026-09-16T16:30:00Z,760.130005,760.219971,759.669983,759.690002,136479
2026-09-16T16:35:00Z,759.700012,759.940002,759.700012,759.890015,116571
2026-09-16T16:40:00Z,759.890015,760.030029,759.830017,759.903015,225911
2026-09-16T16:45:00Z,759.919983,760.190002,759.919983,760.099976,154026
2026-09-16T16:50:00Z,760.090027,760.150024,759.729980,759.890015,113003
2026-09-16T16:55:00Z,759.890503,760.010010,759.770020,759.770020,161252
2026-09-16T17:00:00Z,759.775024,759.789978,759.260010,759.409912,294844
2026-09-16T17:05:00Z,759.409973,759.590027,759.390991,759.570007,233028
2026-09-16T17:10:00Z,759.570007,759.809998,759.429993,759.734985,242043
2026-09-16T17:15:00Z,759.729980,759.840027,759.669983,759.760010,149008
2026-09-16T17:20:00Z,759.755005,759.919983,759.539978,759.635010,243854
2026-09-16T17:25:00Z,759.640015,759.940002,759.634583,759.929993,109475
2026-09-16T17:30:00Z,759.934998,760.059998,759.659973,759.789978,310508
2026-09-16T17:35:00Z,759.799988,759.890015,759.630005,759.630005,135403
2026-09-16T17:40:00Z,759.630005,759.640015,759.309998,759.340027,166861
2026-09-16T17:45:00Z,759.340027,759.760010,759.340027,759.570007,175309
2026-09-16T17:50:00Z,759.570007,759.859985,759.500000,759.789978,190243
2026-09-16T17:55:00Z,759.780029,760.280029,759.659973,760.280029,244780
2026-09-16T18:00:00Z,760.181580,760.978882,758.770020,760.210022,1803727
2026-09-16T18:05:00Z,760.219971,761.224976,760.130005,760.667725,787000
2026-09-16T18:10:00Z,760.659973,760.847900,759.809998,759.969971,517198
2026-09-16T18:15:00Z,759.950012,760.359985,759.659973,759.940002,283888
2026-09-16T18:20:00Z,759.940002,760.299988,759.609985,759.849976,239455
2026-09-16T18:25:00Z,759.844971,759.984985,758.784973,759.679993,443684
2026-09-16T18:30:00Z,759.640015,759.890015,757.539978,757.650024,915645
2026-09-16T18:35:00Z,757.640015,758.030029,756.049988,757.890076,1864326
2026-09-16T18:40:00Z,757.890015,760.210022,757.799988,759.000000,967779
2026-09-16T18:45:00Z,758.989990,759.549988,757.429993,757.559998,702872
2026-09-16T18:50:00Z,757.585022,757.830017,755.099976,755.140015,1091942
2026-09-16T18:55:00Z,755.159973,755.760010,753.750000,753.890015,1283563
2026-09-16T19:00:00Z,753.900024,755.359985,753.734985,754.755005,1599361
2026-09-16T19:05:00Z,754.745178,754.770020,752.979980,753.195007,1039449
2026-09-16T19:10:00Z,753.200012,753.340027,751.140015,751.309998,1679548
2026-09-16T19:15:00Z,751.320007,752.119995,750.489990,750.945007,1860934
2026-09-16T19:20:00Z,750.950012,751.340027,750.130005,750.679993,1758519
2026-09-16T19:25:00Z,750.690002,751.309998,749.599976,751.260010,1667443
2026-09-16T19:30:00Z,751.239990,752.619995,751.109985,752.565002,1606304
2026-09-16T19:35:00Z,752.559998,752.650024,751.469971,752.424988,1295713
2026-09-16T19:40:00Z,752.429993,752.820007,751.775024,752.090027,1597146
2026-09-16T19:45:00Z,752.090027,753.650024,752.039978,753.460022,2400160
2026-09-16T19:50:00Z,753.489990,754.229980,753.349976,754.085022,1896297
2026-09-16T19:55:00Z,754.059998,754.369995,753.750000,754.070007,4148308
2026-09-17T13:30:00Z,763.150024,763.409973,761.369995,761.369995,3515147
2026-09-17T13:35:00Z,761.369995,761.549988,761.010010,761.125000,968485
2026-09-17T13:40:00Z,761.125000,761.250000,760.400024,760.929993,614507
2026-09-17T13:45:00Z,760.940002,761.479980,760.729980,761.390015,1047493
2026-09-17T13:50:00Z,761.390015,761.900024,761.000000,761.039978,625996
2026-09-17T13:55:00Z,761.059998,761.269470,760.760010,761.250000,300488
2026-09-17T14:00:00Z,761.250000,761.250000,760.280029,760.609985,608076
2026-09-17T14:05:00Z,760.619995,760.649902,759.960022,760.250000,482159
2026-09-17T14:10:00Z,760.219971,761.190002,760.099976,761.140015,610023
2026-09-17T14:15:00Z,761.150024,761.479980,761.039978,761.479980,484662
2026-09-17T14:20:00Z,761.479980,762.039978,761.265015,761.907593,490892
2026-09-17T14:25:00Z,761.969971,762.270020,761.640015,761.674988,584871
2026-09-17T14:30:00Z,761.669983,762.039978,761.549988,762.000000,522720
2026-09-17T14:35:00Z,762.000000,762.059998,761.659973,761.669983,316537
2026-09-17T14:40:00Z,761.679993,762.219971,761.650024,761.889893,298049
2026-09-17T14:45:00Z,761.890015,761.929993,761.070007,761.260010,546005
2026-09-17T14:50:00Z,761.250000,761.280029,760.530029,760.609985,342764
2026-09-17T14:55:00Z,760.618286,761.109985,760.440002,760.784973,394055
2026-09-17T15:00:00Z,760.789978,761.000000,760.580017,760.619995,364979
2026-09-17T15:05:00Z,760.619995,760.869995,760.359985,760.760010,820112
2026-09-17T15:10:00Z,760.760010,761.239990,760.650024,761.140015,186568
2026-09-17T15:15:00Z,761.150024,761.500000,760.929993,761.440002,267834
2026-09-17T15:20:00Z,761.450012,761.460022,761.070007,761.289978,199427
2026-09-17T15:25:00Z,761.289978,761.729980,761.284973,761.570007,342459
2026-09-17T15:30:00Z,761.570007,761.789978,761.484985,761.719971,233126
2026-09-17T15:35:00Z,761.750000,762.039978,761.700012,762.019897,225972
2026-09-17T15:40:00Z,762.010010,762.520020,762.000000,762.260010,341874
2026-09-17T15:45:00Z,762.265015,762.419983,762.190002,762.330017,489394
2026-09-17T15:50:00Z,762.369995,762.456177,762.090027,762.380005,233750
2026-09-17T15:55:00Z,762.390015,762.559998,762.070007,762.539978,172695
2026-09-17T16:00:00Z,762.549988,762.619995,762.340027,762.341675,145194
2026-09-17T16:05:00Z,762.340027,762.530029,762.054993,762.479980,296146
2026-09-17T16:10:00Z,762.479980,762.510010,762.150024,762.299988,176613
2026-09-17T16:15:00Z,762.299988,762.409973,762.200012,762.309998,421441
2026-09-17T16:20:00Z,762.299988,762.580017,762.229980,762.489990,161779
2026-09-17T16:25:00Z,762.479980,762.630005,762.400024,762.530029,274693
2026-09-17T16:30:00Z,762.510010,762.652405,761.979980,762.090027,217095
2026-09-17T16:35:00Z,762.099976,762.299988,762.010010,762.200012,193095
2026-09-17T16:40:00Z,762.190002,762.619995,762.099976,762.614990,189242
2026-09-17T16:45:00Z,762.640015,762.659973,762.409973,762.440002,145688
2026-09-17T16:50:00Z,762.455017,762.549988,762.380005,762.409973,155674
2026-09-17T16:55:00Z,762.390015,762.460022,761.609985,762.455017,423421
2026-09-17T17:00:00Z,762.455017,762.739990,762.310120,762.640015,177102
2026-09-17T17:05:00Z,762.650024,762.799927,762.359985,762.390015,157988
2026-09-17T17:10:00Z,762.390015,762.429993,762.179993,762.229980,447016
2026-09-17T17:15:00Z,762.244995,762.340027,762.109985,762.179993,186563
2026-09-17T17:20:00Z,762.179993,762.239990,761.869995,761.919983,324080
2026-09-17T17:25:00Z,761.909973,762.099976,761.815002,762.034973,169003
2026-09-17T17:30:00Z,762.059998,762.315002,761.900024,762.315002,164450
2026-09-17T17:35:00Z,762.309998,762.380005,762.164978,762.219971,131286
2026-09-17T17:40:00Z,762.239990,762.469971,762.239990,762.429993,160296
2026-09-17T17:45:00Z,762.429993,762.640015,762.380005,762.460022,148154
2026-09-17T17:50:00Z,762.445007,762.450012,762.284973,762.375000,151263
2026-09-17T17:55:00Z,762.375000,762.638977,762.375000,762.630005,236278
2026-09-17T18:00:00Z,762.619995,762.809998,762.530029,762.760925,308984
2026-09-17T18:05:00Z,762.760010,762.849976,762.429993,762.520020,234513
2026-09-17T18:10:00Z,762.515015,762.799988,762.459900,762.719971,315555
2026-09-17T18:15:00Z,762.739990,762.950012,762.619995,762.869995,269415
2026-09-17T18:20:00Z,762.869995,762.919983,762.539978,762.590027,393178
2026-09-17T18:25:00Z,762.580017,762.809998,762.510010,762.729980,185662
2026-09-17T18:30:00Z,762.729980,762.849976,762.469971,762.479980,317795
2026-09-17T18:35:00Z,762.479980,762.510010,762.169983,762.210022,328013
2026-09-17T18:40:00Z,762.205017,762.390381,762.140015,762.349976,209596
2026-09-17T18:45:00Z,762.359985,762.650024,762.289978,762.465027,315476
2026-09-17T18:50:00Z,762.465027,762.520020,762.190002,762.320007,255499
2026-09-17T18:55:00Z,762.310486,762.479980,762.250000,762.440002,144948
2026-09-17T19:00:00Z,762.445007,762.869995,762.440002,762.869995,346814
2026-09-17T19:05:00Z,762.849976,763.059998,762.750000,762.784973,341777
2026-09-17T19:10:00Z,762.784973,762.900024,762.719971,762.770020,270490
2026-09-17T19:15:00Z,762.760010,762.940002,762.669983,762.900024,609528
2026-09-17T19:20:00Z,762.905029,762.909973,762.609985,762.619995,610505
2026-09-17T19:25:00Z,762.619995,762.780029,762.549988,762.609924,438644
2026-09-17T19:30:00Z,762.599976,762.940002,762.590027,762.830017,467682
2026-09-17T19:35:00Z,762.840027,763.080017,762.820007,762.989990,748224
2026-09-17T19:40:00Z,762.979980,763.169983,762.750000,763.119995,984860
2026-09-17T19:45:00Z,763.109985,763.130005,762.770020,762.809998,1598909
2026-09-17T19:50:00Z,762.820007,763.570007,762.774109,763.130005,1993886
2026-09-17T19:55:00Z,763.140015,763.270020,762.429993,762.679993,3030287
2026-09-18T13:30:00Z,761.309998,761.760010,760.950012,761.080017,2697828
2026-09-18T13:35:00Z,761.080017,761.179993,760.580017,760.910095,5240070
2026-09-18T13:40:00Z,760.900024,761.419983,760.750000,760.919983,657346
2026-09-18T13:45:00Z,760.919983,761.150024,760.460022,760.500000,560799
2026-09-18T13:50:00Z,760.479980,760.539978,759.900024,759.924988,549337
2026-09-18T13:55:00Z,759.924988,760.119995,759.559998,759.710022,747128
2026-09-18T14:00:00Z,759.710022,759.934998,758.960022,759.099976,732322
2026-09-18T14:05:00Z,759.080017,759.440002,758.849976,759.424622,638498
2026-09-18T14:10:00Z,759.429993,759.909973,759.179993,759.210022,562261
2026-09-18T14:15:00Z,759.219971,759.369995,758.750000,759.369324,492519
2026-09-18T14:20:00Z,759.349976,759.619995,759.109985,759.159973,403452
2026-09-18T14:25:00Z,759.169983,759.645020,759.080017,759.339905,327893
2026-09-18T14:30:00Z,759.320007,759.440002,759.070007,759.224976,249950
2026-09-18T14:35:00Z,759.250000,759.760010,758.979980,759.494995,313569
2026-09-18T14:40:00Z,759.489990,759.520020,758.849976,758.989990,414973
2026-09-18T14:45:00Z,759.000000,759.520020,758.869995,759.429993,383226
2026-09-18T14:50:00Z,759.460022,759.960022,759.320007,759.820007,371603
2026-09-18T14:55:00Z,759.840027,759.950012,759.619995,759.929993,354064
2026-09-18T15:00:00Z,759.950012,760.000000,759.419983,759.679993,256803
2026-09-18T15:05:00Z,759.679993,760.040894,759.630005,759.750000,173511
2026-09-18T15:10:00Z,759.760010,759.950012,759.500000,759.559998,248259
2026-09-18T15:15:00Z,759.580017,759.799988,759.450012,759.780029,9145723
2026-09-18T15:20:00Z,759.760010,759.875000,759.640015,759.809998,4128232
2026-09-18T15:25:00Z,759.799988,760.059875,759.770020,759.979980,193656
2026-09-18T15:30:00Z,759.969971,760.070007,759.500000,759.780029,303376
2026-09-18T15:35:00Z,759.780029,759.890015,759.229980,759.289978,271002
2026-09-18T15:40:00Z,759.270020,759.390015,759.104980,759.294983,217011
2026-09-18T15:45:00Z,759.299988,759.390015,759.090027,759.140015,370393
2026-09-18T15:50:00Z,759.140015,759.330017,758.900024,758.945007,180856
2026-09-18T15:55:00Z,758.960022,759.200012,758.849976,759.000000,332597
2026-09-18T16:00:00Z,758.989990,759.010010,758.679993,758.840027,181559
2026-09-18T16:05:00Z,758.840027,759.227600,758.789978,759.145020,451937
2026-09-18T16:10:00Z,759.150024,759.200012,758.950012,759.010010,300229
2026-09-18T16:15:00Z,759.030029,759.173889,758.880005,759.090027,139517
2026-09-18T16:20:00Z,759.090027,759.099976,758.210022,758.269897,216278
2026-09-18T16:25:00Z,758.250000,758.914978,757.971008,758.780029,894725
2026-09-18T16:30:00Z,758.760010,759.299988,758.570007,759.109985,241486
2026-09-18T16:35:00Z,759.150024,759.250000,758.820007,758.960022,238095
2026-09-18T16:40:00Z,758.969971,759.270020,758.840515,759.090027,127089
2026-09-18T16:45:00Z,759.090027,759.190002,758.780029,759.169983,160383
2026-09-18T16:50:00Z,759.159973,759.520020,759.150024,759.469971,245139
2026-09-18T16:55:00Z,759.460022,759.544983,759.320007,759.399475,175260
2026-09-18T17:00:00Z,759.395020,759.450012,759.179993,759.369995,85142
2026-09-18T17:05:00Z,759.359985,759.530029,759.260010,759.309998,129133
2026-09-18T17:10:00Z,759.320007,759.330078,759.025024,759.309998,217666
2026-09-18T17:15:00Z,759.309998,759.479980,759.260010,759.349976,105618
2026-09-18T17:20:00Z,759.369995,759.509521,759.270020,759.509521,4630286
2026-09-18T17:25:00Z,759.489990,759.579895,759.369995,759.400024,141977
2026-09-18T17:30:00Z,759.405029,759.460022,759.229980,759.429993,212141
2026-09-18T17:35:00Z,759.450012,759.750000,759.429993,759.710022,248226
2026-09-18T17:40:00Z,759.697998,759.780029,759.560120,759.760986,154541
2026-09-18T17:45:00Z,759.780029,759.799988,759.619995,759.650024,191503
2026-09-18T17:50:00Z,759.650024,759.859985,759.650024,759.794983,174154
2026-09-18T17:55:00Z,759.789978,759.900024,759.719971,759.830017,157249
2026-09-18T18:00:00Z,759.830017,759.965027,759.679993,759.890930,325662
2026-09-18T18:05:00Z,759.895020,759.960022,759.739990,759.780029,215823
2026-09-18T18:10:00Z,759.789978,759.890015,759.659973,759.813171,218121
2026-09-18T18:15:00Z,759.809998,760.099976,759.789978,760.099915,310401
2026-09-18T18:20:00Z,760.090515,760.609985,760.080017,760.325012,528638
2026-09-18T18:25:00Z,760.325012,760.469971,760.210571,760.469971,252883
2026-09-18T18:30:00Z,760.479980,760.510010,760.260010,760.510010,229953
2026-09-18T18:35:00Z,760.510986,760.530029,760.233826,760.359985,208369
2026-09-18T18:40:00Z,760.359985,760.544983,760.284973,760.536194,123356
2026-09-18T18:45:00Z,760.549988,761.479919,760.544983,761.270020,766680
2026-09-18T18:50:00Z,761.289978,761.830017,761.190002,761.484985,424757
2026-09-18T18:55:00Z,761.487488,761.500000,761.169983,761.260010,227218
2026-09-18T19:00:00Z,761.260010,761.440002,761.099976,761.330017,210075
2026-09-18T19:05:00Z,761.330017,761.469971,761.090027,761.215027,214077
2026-09-18T19:10:00Z,761.219971,761.390015,761.059998,761.184998,389513
2026-09-18T19:15:00Z,761.190002,761.234985,761.020081,761.169983,309361
2026-09-18T19:20:00Z,761.169983,761.270020,761.019714,761.080017,307581
2026-09-18T19:25:00Z,761.080017,761.130005,760.835022,760.859985,266464
2026-09-18T19:30:00Z,760.869995,760.919983,760.690002,760.700012,594231
2026-09-18T19:35:00Z,760.710022,761.219971,760.679993,761.169983,551694
2026-09-18T19:40:00Z,761.174988,761.440002,761.041016,761.429993,637100
2026-09-18T19:45:00Z,761.424988,761.659973,761.299988,761.650024,917750
2026-09-18T19:50:00Z,761.640015,761.789978,761.179993,761.409973,1686788
2026-09-18T19:55:00Z,761.409973,762.000000,761.390015,761.630005,4095457
2026-09-21T13:30:00Z,766.250977,766.650024,766.030029,766.434998,2562720
2026-09-21T13:35:00Z,766.429993,766.729980,766.359985,766.664978,757958
2026-09-21T13:40:00Z,766.659973,766.854980,766.479980,766.854980,401492
2026-09-21T13:45:00Z,766.859985,767.150024,766.820007,767.020020,546216
2026-09-21T13:50:00Z,767.000122,767.559998,766.969971,767.520020,540073
2026-09-21T13:55:00Z,767.530029,767.719971,767.270020,767.690002,483603
2026-09-21T14:00:00Z,767.684998,767.809998,767.440002,767.479980,358090
2026-09-21T14:05:00Z,767.489990,767.510010,767.044983,767.369995,351769
2026-09-21T14:10:00Z,767.385010,767.919983,767.380005,767.789978,395469
2026-09-21T14:15:00Z,767.789978,768.484985,767.789978,768.419983,910433
2026-09-21T14:20:00Z,768.429993,769.148315,768.270020,769.030029,633683
2026-09-21T14:25:00Z,769.030029,769.289978,768.940002,769.033325,1821319
2026-09-21T14:30:00Z,769.015015,769.359985,768.880005,769.169983,987673
2026-09-21T14:35:00Z,769.159973,769.549988,769.140015,769.270020,484629
2026-09-21T14:40:00Z,769.280029,769.520020,768.880005,768.989990,556513
2026-09-21T14:45:00Z,768.989990,769.309998,768.729980,768.994995,532921
2026-09-21T14:50:00Z,768.989990,769.219971,768.869995,769.169983,384601
2026-09-21T14:55:00Z,769.190002,769.440002,768.989990,769.219971,534444
2026-09-21T15:00:00Z,769.219971,769.539978,769.114990,769.530029,452959
2026-09-21T15:05:00Z,769.530029,769.630005,769.349976,769.549988,265080
2026-09-21T15:10:00Z,769.559998,769.820007,769.390015,769.799988,289428
2026-09-21T15:15:00Z,769.809998,770.179993,769.809998,770.150024,328241
2026-09-21T15:20:00Z,770.150024,770.169983,769.890015,769.934998,296187
2026-09-21T15:25:00Z,769.929993,770.080017,769.820007,769.859985,257932
2026-09-21T15:30:00Z,769.869995,770.030029,769.809998,769.863770,224701
2026-09-21T15:35:00Z,769.880005,770.559998,769.869995,770.489990,369980
2026-09-21T15:40:00Z,770.500000,770.719971,770.349976,770.710022,292330
2026-09-21T15:45:00Z,770.719971,771.190002,770.719971,770.965027,428659
2026-09-21T15:50:00Z,770.960022,771.359985,770.669983,770.690002,419265
2026-09-21T15:55:00Z,770.690002,770.789978,770.530029,770.739990,789261
2026-09-21T16:00:00Z,770.734985,771.099976,770.518982,771.044983,344820
2026-09-21T16:05:00Z,771.049988,771.710022,770.869873,771.650879,476992
2026-09-21T16:10:00Z,771.659973,771.849976,771.429993,771.549988,365772
2026-09-21T16:15:00Z,771.570007,771.799988,771.419983,771.599976,283935
2026-09-21T16:20:00Z,771.609924,771.719971,771.449890,771.655029,271569
2026-09-21T16:25:00Z,771.659973,772.039978,771.609985,771.820007,274803
2026-09-21T16:30:00Z,771.840027,772.650024,771.809998,772.409973,430219
2026-09-21T16:35:00Z,772.419983,772.539978,771.880127,771.890015,364010
2026-09-21T16:40:00Z,771.900024,772.159973,771.799988,772.000000,415638
2026-09-21T16:45:00Z,772.000000,772.330017,772.000000,772.229980,221095
2026-09-21T16:50:00Z,772.250000,772.340027,771.979980,772.155029,231562
2026-09-21T16:55:00Z,772.159973,772.340027,772.049988,772.320007,227082
2026-09-21T17:00:00Z,772.340027,772.500000,772.190002,772.265015,216620
2026-09-21T17:05:00Z,772.270020,772.520020,772.270020,772.380005,200932
2026-09-21T17:10:00Z,772.390015,772.900024,772.354980,772.820007,1232387
2026-09-21T17:15:00Z,772.809998,772.969971,772.619995,772.840027,311582
2026-09-21T17:20:00Z,772.854980,772.979980,772.520020,772.590027,306108
2026-09-21T17:25:00Z,772.599976,772.804993,772.419983,772.804993,402600
2026-09-21T17:30:00Z,772.820007,772.840027,772.320007,772.364990,297855
2026-09-21T17:35:00Z,772.369995,772.539978,772.250000,772.284973,273997
2026-09-21T17:40:00Z,772.289978,772.909973,772.239990,772.869995,790070
2026-09-21T17:45:00Z,772.880005,773.169983,772.719971,772.789978,454483
2026-09-21T17:50:00Z,772.789978,773.039978,772.750000,772.940002,179615
2026-09-21T17:55:00Z,772.940002,772.969971,772.734985,772.895020,337611
2026-09-21T18:00:00Z,772.900024,773.200012,772.900024,773.179993,283368
2026-09-21T18:05:00Z,773.200012,773.359985,773.131104,773.179993,281595
2026-09-21T18:10:00Z,773.179993,773.400024,773.090027,773.270020,340575
2026-09-21T18:15:00Z,773.280029,773.419983,773.159973,773.330017,298725
2026-09-21T18:20:00Z,773.330017,773.844971,773.289978,773.820007,327580
2026-09-21T18:25:00Z,773.824707,773.989990,773.719971,773.854980,396795
2026-09-21T18:30:00Z,773.859985,773.979980,773.585022,773.719971,416248
2026-09-21T18:35:00Z,773.729980,773.940002,773.599976,773.909973,301310
2026-09-21T18:40:00Z,773.909973,774.140015,773.859985,774.119995,553122
2026-09-21T18:45:00Z,774.130005,774.359985,774.065002,774.349976,579565
2026-09-21T18:50:00Z,774.344971,774.619995,774.309998,774.450012,399058
2026-09-21T18:55:00Z,774.460022,774.539978,774.169983,774.294983,465980
2026-09-21T19:00:00Z,774.299988,774.484985,774.159973,774.159973,914739
2026-09-21T19:05:00Z,774.169983,774.210022,773.979980,774.200012,409677
2026-09-21T19:10:00Z,774.200012,774.465027,773.960022,774.460022,697433
2026-09-21T19:15:00Z,774.450012,774.465027,774.250000,774.369995,515664
2026-09-21T19:20:00Z,774.359985,774.390015,774.080017,774.099976,454545
2026-09-21T19:25:00Z,774.104980,774.320007,774.020020,774.099976,709873
2026-09-21T19:30:00Z,774.099976,774.549988,774.059998,774.489990,911127
2026-09-21T19:35:00Z,774.489990,774.890015,774.419983,774.770020,977491
2026-09-21T19:40:00Z,774.770020,774.840027,774.289978,774.450012,884929
2026-09-21T19:45:00Z,774.450012,774.549988,774.099976,774.219971,1068631
2026-09-21T19:50:00Z,774.210022,774.210022,773.690002,773.700012,1507965
2026-09-21T19:55:00Z,773.700012,773.919983,773.409973,773.520020,3009832
2026-09-22T13:30:00Z,774.030029,775.020020,773.890015,774.799988,1537680
2026-09-22T13:35:00Z,774.809998,775.140015,774.590027,774.960022,594472
2026-09-22T13:40:00Z,774.960022,774.960022,774.400024,774.609985,435533
2026-09-22T13:45:00Z,774.599976,774.640015,773.880005,774.299988,498368
2026-09-22T13:50:00Z,774.289978,774.429993,773.989990,774.080017,311447
2026-09-22T13:55:00Z,774.070007,774.099976,773.650024,773.825012,389764
2026-09-22T14:00:00Z,773.825012,774.239990,773.770020,774.060120,315519
2026-09-22T14:05:00Z,774.080017,774.169983,773.765015,773.780029,226971
2026-09-22T14:10:00Z,773.789978,774.909973,773.789978,774.350403,435097
2026-09-22T14:15:00Z,774.340027,774.450012,773.549988,773.830017,423765
2026-09-22T14:20:00Z,773.820618,773.965027,773.599976,773.750000,324605
2026-09-22T14:25:00Z,773.729980,773.859985,773.500000,773.539917,780118
2026-09-22T14:30:00Z,773.530029,774.059998,773.494995,773.729980,244861
2026-09-22T14:35:00Z,773.729980,774.419983,773.270020,773.479980,474569
2026-09-22T14:40:00Z,773.500000,773.559998,773.005005,773.270020,508993
2026-09-22T14:45:00Z,773.270020,773.697998,772.969971,773.690002,384703
2026-09-22T14:50:00Z,773.678711,773.869995,773.299988,773.539978,175541
2026-09-22T14:55:00Z,773.549988,773.739990,773.260010,773.409973,136926
2026-09-22T15:00:00Z,773.380005,773.700012,773.320007,773.500000,177857
2026-09-22T15:05:00Z,773.510010,773.789978,773.336426,773.369995,2478764
2026-09-22T15:10:00Z,773.364990,773.599976,773.179993,773.559998,224377
2026-09-22T15:15:00Z,773.561523,773.710022,773.390015,773.534973,171833
2026-09-22T15:20:00Z,773.520020,773.650024,773.390015,773.479980,146210
2026-09-22T15:25:00Z,773.474976,773.710022,773.289978,773.349976,713166
2026-09-22T15:30:00Z,773.340027,773.340027,772.909973,772.979980,238240
2026-09-22T15:35:00Z,772.979980,773.010010,772.650024,772.759888,296825
2026-09-22T15:40:00Z,772.706116,772.909973,772.570007,772.830017,278113
2026-09-22T15:45:00Z,772.830017,773.109985,772.750000,772.940002,249288
2026-09-22T15:50:00Z,772.900024,772.987671,772.789978,772.820007,148513
2026-09-22T15:55:00Z,772.809998,773.049988,772.650024,773.034973,153375
2026-09-22T16:00:00Z,773.034973,773.234985,772.875000,773.030029,168187
2026-09-22T16:05:00Z,773.020020,773.400024,772.880981,773.270020,235289
2026-09-22T16:10:00Z,773.270020,773.380005,773.179993,773.359985,144002
2026-09-22T16:15:00Z,773.379028,773.379028,773.030029,773.070007,163681
2026-09-22T16:20:00Z,773.064575,773.210022,772.729980,772.760010,227071
2026-09-22T16:25:00Z,772.750000,772.940002,772.690002,772.919983,247919
2026-09-22T16:30:00Z,772.909973,773.250000,772.880005,773.219971,146149
2026-09-22T16:35:00Z,773.244995,773.244995,772.840027,773.030029,115565
2026-09-22T16:40:00Z,773.030029,773.059998,772.789978,773.049988,143652
2026-09-22T16:45:00Z,773.059998,773.710022,773.010010,773.650024,314222
2026-09-22T16:50:00Z,773.650024,773.719971,773.450012,773.520020,376157
2026-09-22T16:55:00Z,773.527527,773.630005,773.369995,773.580017,122634
2026-09-22T17:00:00Z,773.570007,773.640015,773.330017,773.330017,104811
2026-09-22T17:05:00Z,773.330017,773.659973,773.255005,773.369995,225329
2026-09-22T17:10:00Z,773.380005,773.450012,773.229980,773.289978,340012
2026-09-22T17:15:00Z,773.309998,773.340027,773.169983,773.270020,107677
2026-09-22T17:20:00Z,773.270020,773.270020,773.090027,773.190002,134562
2026-09-22T17:25:00Z,773.200012,773.585022,773.159973,773.580017,300905
2026-09-22T17:30:00Z,773.549988,773.580017,773.309998,773.364990,102228
2026-09-22T17:35:00Z,773.364990,773.400024,773.179993,773.210022,106299
2026-09-22T17:40:00Z,773.200012,773.500000,773.099976,773.494995,104654
2026-09-22T17:45:00Z,773.500000,773.590027,773.349976,773.469971,523143
2026-09-22T17:50:00Z,773.460022,774.309998,773.359985,774.090027,506702
2026-09-22T17:55:00Z,774.099976,774.239990,773.969971,774.109985,199744
2026-09-22T18:00:00Z,774.109985,774.190002,773.719971,773.900024,406545
2026-09-22T18:05:00Z,773.919983,774.130005,773.869995,774.119995,143118
2026-09-22T18:10:00Z,774.109985,774.159973,773.890015,773.950012,210260
2026-09-22T18:15:00Z,773.929993,774.109985,773.929993,774.070007,404332
2026-09-22T18:20:00Z,774.054993,774.409973,774.039978,774.289978,277095
2026-09-22T18:25:00Z,774.280029,774.340027,774.119995,774.135010,184030
2026-09-22T18:30:00Z,774.140015,774.250000,774.010010,774.039978,262070
2026-09-22T18:35:00Z,774.059998,774.080017,773.719971,773.900024,421223
2026-09-22T18:40:00Z,773.900024,774.200012,773.739990,774.119995,217643
2026-09-22T18:45:00Z,774.130005,774.210022,774.070007,774.159973,136519
2026-09-22T18:50:00Z,774.150024,774.179993,774.010010,774.070007,140288
2026-09-22T18:55:00Z,774.059998,774.070007,773.679993,773.760010,195150
2026-09-22T19:00:00Z,773.770020,773.940002,773.710022,773.900024,155421
2026-09-22T19:05:00Z,773.885010,774.020020,773.809998,773.900024,176324
2026-09-22T19:10:00Z,773.900024,774.109985,773.869995,774.034973,416981
2026-09-22T19:15:00Z,774.054993,774.280029,774.000000,774.280029,287726
2026-09-22T19:20:00Z,774.280029,774.349976,774.099976,774.219971,398078
2026-09-22T19:25:00Z,774.229980,774.489990,774.210022,774.390015,986006
2026-09-22T19:30:00Z,774.380005,774.880005,774.309998,774.859985,581466
2026-09-22T19:35:00Z,774.859985,774.940002,774.700012,774.820007,865274
2026-09-22T19:40:00Z,774.830017,774.849976,774.250000,774.450012,621379
2026-09-22T19:45:00Z,774.469971,774.750000,774.469971,774.729980,445184
2026-09-22T19:50:00Z,774.729980,774.900024,774.349976,774.359985,999641
2026-09-22T19:55:00Z,774.359985,774.359985,773.297974,773.440002,1885115
2026-09-23T13:30:00Z,772.789978,773.049988,772.440002,772.450012,1176853
2026-09-23T13:35:00Z,772.429993,772.440002,772.039978,772.159973,436338
2026-09-23T13:40:00Z,772.155029,772.250000,771.880005,771.914978,314900
2026-09-23T13:45:00Z,771.900024,771.969971,771.000000,771.119995,445588
2026-09-23T13:50:00Z,771.109985,771.299988,770.690002,770.739990,426039
2026-09-23T13:55:00Z,770.739990,770.909973,770.460022,770.679993,1247479
2026-09-23T14:00:00Z,770.679993,771.039978,770.359985,770.469971,417095
2026-09-23T14:05:00Z,770.489990,770.580017,769.919983,770.000000,482068
2026-09-23T14:10:00Z,770.010010,770.099976,769.279907,769.609985,851720
2026-09-23T14:15:00Z,769.599976,769.899170,769.080017,769.139893,569725
2026-09-23T14:20:00Z,769.109985,769.340027,768.500000,768.859985,587137
2026-09-23T14:25:00Z,768.859985,769.020020,768.369995,768.859985,711928
2026-09-23T14:30:00Z,768.849976,769.500000,768.825012,769.414978,678891
2026-09-23T14:35:00Z,769.403870,769.869995,768.859985,768.859985,646334
2026-09-23T14:40:00Z,768.864990,769.340027,768.679993,769.190002,526581
2026-09-23T14:45:00Z,769.169983,769.349976,769.039978,769.239990,351833
2026-09-23T14:50:00Z,769.229980,770.599976,768.857727,770.380005,905085
2026-09-23T14:55:00Z,770.369995,770.489990,769.849976,770.250000,440803
2026-09-23T15:00:00Z,770.239990,770.270020,769.570007,769.827576,344267
2026-09-23T15:05:00Z,769.830017,770.020020,769.580017,769.929993,186259
2026-09-23T15:10:00Z,769.960022,770.010010,769.590027,769.640015,265810
2026-09-23T15:15:00Z,769.640015,769.825012,769.320007,769.640015,159950
2026-09-23T15:20:00Z,769.603027,769.960022,769.469971,769.880005,156742
2026-09-23T15:25:00Z,769.875000,769.989990,768.945007,769.020020,251947
2026-09-23T15:30:00Z,769.020020,769.099976,768.830017,768.950012,231834
2026-09-23T15:35:00Z,768.919983,769.080017,768.770020,768.940002,297277
2026-09-23T15:40:00Z,768.940002,769.270020,768.650024,769.190002,395245
2026-09-23T15:45:00Z,769.190002,769.250000,768.450012,768.510071,269696
2026-09-23T15:50:00Z,768.510010,768.719971,768.229980,768.719971,420294
2026-09-23T15:55:00Z,768.720520,768.859985,768.534180,768.630005,198899
2026-09-23T16:00:00Z,768.630005,768.630005,768.250000,768.409973,194390
2026-09-23T16:05:00Z,768.409973,768.664978,768.280090,768.489990,245723
2026-09-23T16:10:00Z,768.489990,768.700012,768.409973,768.619995,165728
2026-09-23T16:15:00Z,768.580017,768.739990,768.159973,768.375000,291282
2026-09-23T16:20:00Z,768.369995,768.409912,768.140015,768.380005,188452
2026-09-23T16:25:00Z,768.380005,768.479980,768.231628,768.419983,270968
2026-09-23T16:30:00Z,768.409973,768.729980,768.380005,768.429993,291845
2026-09-23T16:35:00Z,768.419983,768.530029,768.190002,768.299988,192644
2026-09-23T16:40:00Z,768.299988,768.304016,767.799988,767.799988,254074
2026-09-23T16:45:00Z,767.809998,768.070007,767.525024,767.570007,283437
2026-09-23T16:50:00Z,767.580017,767.590027,767.020020,767.059998,320782
2026-09-23T16:55:00Z,767.030029,767.525024,767.020020,767.419983,383425
2026-09-23T17:00:00Z,767.409973,767.700012,766.500000,766.739990,446300
2026-09-23T17:05:00Z,766.739990,767.190002,766.590027,767.119019,371334
2026-09-23T17:10:00Z,767.119995,767.260010,766.820007,767.109985,248070
2026-09-23T17:15:00Z,767.099976,767.919983,766.940002,767.875000,208610
2026-09-23T17:20:00Z,767.890015,767.929993,767.179993,767.179993,1261733
2026-09-23T17:25:00Z,767.169983,767.399475,767.109985,767.270020,169229
2026-09-23T17:30:00Z,767.260010,767.580017,767.059998,767.544983,132205
2026-09-23T17:35:00Z,767.549988,767.609985,767.280029,767.357727,214566
2026-09-23T17:40:00Z,767.364197,768.594971,767.169983,768.489990,508010
2026-09-23T17:45:00Z,768.479980,768.840027,768.239990,768.409973,427510
2026-09-23T17:50:00Z,768.419983,768.590027,768.229980,768.450012,265515
2026-09-23T17:55:00Z,768.500000,769.044983,768.369995,769.000000,300013
2026-09-23T18:00:00Z,768.984985,769.008789,768.130005,768.179993,369241
2026-09-23T18:05:00Z,768.179993,768.479980,768.049988,768.390015,286518
2026-09-23T18:10:00Z,768.414978,768.539978,768.289978,768.469971,148822
2026-09-23T18:15:00Z,768.469910,768.744995,768.270020,768.530029,202298
2026-09-23T18:20:00Z,768.530029,768.580017,768.309998,768.515015,245740
2026-09-23T18:25:00Z,768.520020,768.599976,768.190002,768.270020,276754
2026-09-23T18:30:00Z,768.280029,768.349976,767.919983,768.099976,173631
2026-09-23T18:35:00Z,768.090027,768.169983,767.580017,767.679993,170322
2026-09-23T18:40:00Z,767.690002,768.039978,767.690002,767.832397,239529
2026-09-23T18:45:00Z,767.854980,768.104980,767.789978,768.099976,217686
2026-09-23T18:50:00Z,768.099976,768.169983,767.789978,767.929993,170809
2026-09-23T18:55:00Z,767.929993,768.309998,767.859985,768.179993,505482
2026-09-23T19:00:00Z,768.184998,768.320007,767.760010,767.789978,275204
2026-09-23T19:05:00Z,767.799988,768.320007,767.710022,768.125000,378281
2026-09-23T19:10:00Z,768.125000,768.206116,767.820007,767.934998,299086
2026-09-23T19:15:00Z,767.950012,768.000000,767.599976,767.820007,368420
2026-09-23T19:20:00Z,767.799988,767.799988,767.559998,767.674988,414286
2026-09-23T19:25:00Z,767.674988,767.815002,767.429993,767.640076,513863
2026-09-23T19:30:00Z,767.659973,768.020020,767.539978,767.989990,472581
2026-09-23T19:35:00Z,767.989990,768.020020,767.799988,768.005005,469197
2026-09-23T19:40:00Z,768.005005,768.150024,767.299988,767.570007,519268
2026-09-23T19:45:00Z,767.539978,768.010010,767.520020,767.979980,938820
2026-09-23T19:50:00Z,767.960022,767.989990,766.570007,766.840027,2305766
2026-09-23T19:55:00Z,766.840027,767.979980,766.820007,767.780029,5590838
2026-09-24T13:30:00Z,764.065002,764.849976,763.619995,764.700012,2594516
2026-09-24T13:35:00Z,764.703613,765.059998,764.479980,765.012024,464830
2026-09-24T13:40:00Z,765.015015,765.030029,764.359985,764.650024,523916
2026-09-24T13:45:00Z,764.659973,765.364990,764.489990,764.960022,386526
2026-09-24T13:50:00Z,764.984985,765.229980,764.750488,764.919983,211261
2026-09-24T13:55:00Z,764.900024,765.489990,764.750000,765.380005,280752
2026-09-24T14:00:00Z,765.369995,765.979980,765.250000,765.979980,374940
2026-09-24T14:05:00Z,765.969971,766.432495,765.942627,766.190002,439643
2026-09-24T14:10:00Z,766.200012,766.211426,765.799988,766.010010,445679
2026-09-24T14:15:00Z,766.015015,766.368713,765.619995,766.200012,240981
2026-09-24T14:20:00Z,766.210022,766.229980,765.799988,765.840027,311758
2026-09-24T14:25:00Z,765.840027,766.320007,765.659973,766.039978,326016
2026-09-24T14:30:00Z,766.085022,766.109985,765.520020,765.929993,200584
2026-09-24T14:35:00Z,765.929993,766.140015,765.700012,765.900024,231023
2026-09-24T14:40:00Z,765.909973,766.025024,765.179993,765.289978,260841
2026-09-24T14:45:00Z,765.260010,765.520020,764.969971,765.299988,302680
2026-09-24T14:50:00Z,765.289978,765.669983,764.804993,764.880005,359730
2026-09-24T14:55:00Z,764.880005,764.900024,764.179993,764.489990,878025
2026-09-24T15:00:00Z,764.500000,764.770020,764.315002,764.369995,338327
2026-09-24T15:05:00Z,764.369995,764.460022,764.020020,764.080017,353315
2026-09-24T15:10:00Z,764.099976,764.265015,763.244995,763.364990,384839
2026-09-24T15:15:00Z,763.364990,764.159973,763.260010,763.854980,518942
2026-09-24T15:20:00Z,763.854980,764.559998,763.669983,764.465027,315307
2026-09-24T15:25:00Z,764.469910,764.479980,763.530029,763.640015,300996
2026-09-24T15:30:00Z,763.599976,763.760010,763.390015,763.510010,252520
2026-09-24T15:35:00Z,763.510010,764.039978,763.510010,763.770020,260720
2026-09-24T15:40:00Z,763.740112,764.174988,763.565002,764.049988,183316
2026-09-24T15:45:00Z,764.065002,764.299988,763.429993,763.570007,199527
2026-09-24T15:50:00Z,763.570007,764.429993,763.505005,764.289978,196796
2026-09-24T15:55:00Z,764.299988,764.380005,763.960022,764.284973,112698
2026-09-24T16:00:00Z,764.270020,764.315002,763.700012,764.109985,172798
2026-09-24T16:05:00Z,764.099976,764.190002,763.750000,763.890015,205882
2026-09-24T16:10:00Z,763.880005,764.669983,763.650024,764.619995,114756
2026-09-24T16:15:00Z,764.619995,768.400024,764.549988,766.849976,1489962
2026-09-24T16:20:00Z,766.849976,767.330017,766.599976,766.979980,517251
2026-09-24T16:25:00Z,767.010010,767.357971,766.280029,767.150024,243185
2026-09-24T16:30:00Z,767.169983,767.255005,766.390015,766.859985,239653
2026-09-24T16:35:00Z,766.895020,767.789917,766.750000,767.769897,303053
2026-09-24T16:40:00Z,767.770020,768.880005,767.599976,767.630005,445125
2026-09-24T16:45:00Z,767.640015,768.645020,767.210022,768.549988,625109
2026-09-24T16:50:00Z,768.559998,768.750000,767.859985,768.080017,281284
2026-09-24T16:55:00Z,768.080017,768.950012,768.015015,768.260010,566593
2026-09-24T17:00:00Z,768.260010,768.659973,767.530029,768.250000,560839
2026-09-24T17:05:00Z,768.260010,768.659973,768.020020,768.239990,520966
2026-09-24T17:10:00Z,768.219971,768.530029,767.650024,768.390015,477652
2026-09-24T17:15:00Z,768.380005,768.419983,767.505005,767.510010,237858
2026-09-24T17:20:00Z,767.500000,767.859985,767.250000,767.362488,317229
2026-09-24T17:25:00Z,767.349976,767.380005,766.594971,767.224976,299741
2026-09-24T17:30:00Z,767.219971,767.659973,766.809998,766.849976,281180
2026-09-24T17:35:00Z,766.840027,767.020020,766.530029,766.859985,246159
2026-09-24T17:40:00Z,766.880005,767.070007,766.150024,766.219971,265554
2026-09-24T17:45:00Z,766.210022,766.830017,766.025024,766.659973,308816
2026-09-24T17:50:00Z,766.655029,766.809998,766.400024,766.539978,191234
2026-09-24T17:55:00Z,766.534973,767.080017,766.429993,766.929993,197262
2026-09-24T18:00:00Z,766.950012,767.010010,765.619995,765.690002,351497
2026-09-24T18:05:00Z,765.700012,766.969971,765.684998,766.765015,330074
2026-09-24T18:10:00Z,766.760010,767.109985,766.594971,767.015015,198382
2026-09-24T18:15:00Z,767.000000,767.530029,766.849976,767.260010,211032
2026-09-24T18:20:00Z,767.250000,767.309998,766.830017,767.190002,131595
2026-09-24T18:25:00Z,767.179993,768.030029,767.150024,767.609985,420904
2026-09-24T18:30:00Z,767.599976,767.690002,767.099976,767.112000,209811
2026-09-24T18:35:00Z,767.099976,768.380005,766.909973,767.820007,430822
2026-09-24T18:40:00Z,767.799988,767.799988,767.179993,767.489990,216532
2026-09-24T18:45:00Z,767.500000,767.690002,767.429993,767.520020,279866
2026-09-24T18:50:00Z,767.530029,768.059998,767.484985,767.739990,323897
2026-09-24T18:55:00Z,767.739990,768.284973,767.729980,767.940002,227518
2026-09-24T19:00:00Z,767.940002,768.039978,767.049988,767.210022,843855
2026-09-24T19:05:00Z,767.200012,767.590027,767.179993,767.440002,164844
2026-09-24T19:10:00Z,767.450012,767.570007,767.229980,767.309998,158440
2026-09-24T19:15:00Z,767.309998,767.739990,767.309998,767.679993,182889
2026-09-24T19:20:00Z,767.679993,767.869995,767.510010,767.800903,165945
2026-09-24T19:25:00Z,767.809998,767.890015,767.479980,767.575012,218369
2026-09-24T19:30:00Z,767.580017,767.750000,767.419983,767.750000,378589
2026-09-24T19:35:00Z,767.739990,767.770020,767.429993,767.765015,358254
2026-09-24T19:40:00Z,767.765015,767.889893,767.530029,767.590027,497190
2026-09-24T19:45:00Z,767.580017,767.710022,767.340027,767.354980,885791
2026-09-24T19:50:00Z,767.369995,768.150024,767.369995,767.979980,2096358
2026-09-24T19:55:00Z,767.969971,767.979980,767.239990,767.239990,2814902
2026-09-25T13:30:00Z,768.780029,769.520020,767.750000,769.440002,1793335
2026-09-25T13:35:00Z,769.440002,769.780029,769.250000,769.768005,497839
2026-09-25T13:40:00Z,769.729980,770.054993,769.330017,769.489990,346773
2026-09-25T13:45:00Z,769.500000,769.655029,769.000000,769.510010,585205
2026-09-25T13:50:00Z,769.500000,770.255005,769.375000,770.090027,451714
2026-09-25T13:55:00Z,770.094971,770.309998,769.532776,769.729980,584605
2026-09-25T14:00:00Z,769.724976,769.840027,767.530029,767.604980,667051
2026-09-25T14:05:00Z,767.590027,767.750000,766.541992,767.659973,706846
2026-09-25T14:10:00Z,767.679993,767.929993,766.809998,766.929993,468115
2026-09-25T14:15:00Z,766.923584,767.229980,766.289978,767.049988,591288
2026-09-25T14:20:00Z,767.021179,767.659973,766.919983,767.469971,288858
2026-09-25T14:25:00Z,767.515015,767.969971,767.200012,767.390015,786714
2026-09-25T14:30:00Z,767.400024,767.979980,767.219971,767.770020,223702
2026-09-25T14:35:00Z,767.770020,768.530029,767.659973,768.239990,312340
2026-09-25T14:40:00Z,768.239990,768.309998,767.474976,767.940002,316109
2026-09-25T14:45:00Z,767.919983,768.429993,767.599976,768.349976,306753
2026-09-25T14:50:00Z,768.299988,768.330017,767.525024,768.205017,257430
2026-09-25T14:55:00Z,768.169983,768.859985,768.159973,768.775391,276480
2026-09-25T15:00:00Z,768.770020,769.599976,768.650024,769.349976,462600
2026-09-25T15:05:00Z,769.369995,769.799988,769.070007,769.090027,275211
2026-09-25T15:10:00Z,769.090027,769.140015,768.335022,768.934998,267381
2026-09-25T15:15:00Z,768.950012,769.179871,768.429993,768.520020,159003
2026-09-25T15:20:00Z,768.530029,769.309509,768.409973,768.629028,252842
2026-09-25T15:25:00Z,768.609985,769.049988,768.530029,768.729980,174463
2026-09-25T15:30:00Z,768.750000,769.780029,768.729980,769.080017,541708
2026-09-25T15:35:00Z,769.080017,769.130005,768.130005,768.210022,230341
2026-09-25T15:40:00Z,768.210022,768.544983,767.684998,767.739990,258720
2026-09-25T15:45:00Z,767.762390,768.325012,767.445007,768.294983,267673
2026-09-25T15:50:00Z,768.294983,768.614990,767.500000,768.400024,338189
2026-09-25T15:55:00Z,768.390015,769.969971,768.390015,769.940002,390471
2026-09-25T16:00:00Z,769.950012,771.440002,769.789978,771.270630,839937
2026-09-25T16:05:00Z,771.280029,771.760010,771.119995,771.479980,634817
2026-09-25T16:10:00Z,771.500000,771.979980,771.250000,771.520020,472340
2026-09-25T16:15:00Z,771.530029,771.830017,770.726501,770.979980,398760
2026-09-25T16:20:00Z,771.000000,771.080017,769.989990,770.395020,393949
2026-09-25T16:25:00Z,770.440002,771.599976,770.330017,771.541016,324725
2026-09-25T16:30:00Z,771.554993,771.719971,770.359985,770.659973,768737
2026-09-25T16:35:00Z,770.664978,771.340027,770.640015,770.982178,309237
2026-09-25T16:40:00Z,770.974976,771.429993,770.669983,771.159973,220149
2026-09-25T16:45:00Z,771.130005,771.140015,770.280029,770.679993,194460
2026-09-25T16:50:00Z,770.679993,770.880005,770.536011,770.830017,281539
2026-09-25T16:55:00Z,770.840027,770.989990,770.140015,770.440002,248780
2026-09-25T17:00:00Z,770.440002,771.169495,770.330017,771.029907,242934
2026-09-25T17:05:00Z,771.033386,771.179993,770.534973,771.054993,121861
2026-09-25T17:10:00Z,771.039978,771.280029,770.679993,771.229980,222936
2026-09-25T17:15:00Z,771.270020,771.299988,770.809998,770.900024,197960
2026-09-25T17:20:00Z,770.900024,771.219971,770.809998,771.200012,98195
2026-09-25T17:25:00Z,771.210022,771.289978,771.109985,771.260010,92938
2026-09-25T17:30:00Z,771.270020,771.369995,770.580017,770.750000,157456
2026-09-25T17:35:00Z,770.780029,771.159973,770.505920,770.880127,142176
2026-09-25T17:40:00Z,770.919983,771.210022,770.869995,770.940002,136882
2026-09-25T17:45:00Z,770.940002,771.179993,770.809998,771.119995,95535
2026-09-25T17:50:00Z,771.130005,771.130005,770.599976,770.784973,136113
2026-09-25T17:55:00Z,770.784973,771.159973,770.721497,771.155029,85178
2026-09-25T18:00:00Z,771.150024,771.260010,771.030029,771.070007,148460
2026-09-25T18:05:00Z,771.070007,771.130005,770.830017,771.080017,309267
2026-09-25T18:10:00Z,771.080017,771.460022,770.945007,771.460022,125016
2026-09-25T18:15:00Z,771.460022,771.510010,771.229980,771.280029,449575
2026-09-25T18:20:00Z,771.309998,771.359985,771.099976,771.317627,121187
2026-09-25T18:25:00Z,771.309998,771.400024,770.419983,770.900024,444317
2026-09-25T18:30:00Z,770.909973,771.344971,770.890015,771.179993,303783
2026-09-25T18:35:00Z,771.179993,771.219971,770.500000,770.630005,314463
2026-09-25T18:40:00Z,770.659973,771.030029,770.491028,771.030029,202309
2026-09-25T18:45:00Z,771.025024,771.099976,770.690002,770.859985,231880
2026-09-25T18:50:00Z,770.849976,770.909973,770.619995,770.619995,246531
2026-09-25T18:55:00Z,770.630005,770.830017,770.599976,770.669983,237296
2026-09-25T19:00:00Z,770.700012,771.000000,770.429993,770.590027,305496
2026-09-25T19:05:00Z,770.599976,770.869995,770.539978,770.695007,127072
2026-09-25T19:10:00Z,770.695007,771.104980,770.630005,771.080017,175179
2026-09-25T19:15:00Z,771.090027,771.159973,770.780029,770.794983,334718
2026-09-25T19:20:00Z,770.799988,770.864990,770.480225,770.559998,251657
2026-09-25T19:25:00Z,770.549988,770.549988,770.179993,770.330017,253623
2026-09-25T19:30:00Z,770.330017,770.500000,770.219971,770.229980,253199
2026-09-25T19:35:00Z,770.250000,770.955017,770.210022,770.934998,372051
2026-09-25T19:40:00Z,770.940002,771.330017,770.750000,771.179993,611545
2026-09-25T19:45:00Z,771.190002,771.969971,771.190002,771.710022,1211042
2026-09-25T19:50:00Z,771.710022,772.280029,771.710022,771.799988,1143219
2026-09-25T19:55:00Z,771.820007,771.909973,771.150024,771.299988,2256417
2026-09-28T13:30:00Z,768.349976,768.609985,767.489990,767.770020,2512701
2026-09-28T13:35:00Z,767.729980,767.740479,766.969971,767.469971,648587
2026-09-28T13:40:00Z,767.460022,767.780029,767.030029,767.630005,416784
2026-09-28T13:45:00Z,767.599976,768.340027,767.359985,768.040710,550036
2026-09-28T13:50:00Z,768.039978,768.500000,767.570007,768.239990,375337
2026-09-28T13:55:00Z,768.210022,768.400024,767.630005,768.359985,432650
2026-09-28T14:00:00Z,768.340027,768.419373,767.679993,767.710022,262380
2026-09-28T14:05:00Z,767.719971,768.020020,767.450012,767.770020,265152
2026-09-28T14:10:00Z,767.750000,767.799988,766.979980,767.250000,335096
2026-09-28T14:15:00Z,767.250122,767.690002,767.030029,767.489990,560439
2026-09-28T14:20:00Z,767.479919,767.919983,767.190002,767.700012,303884
2026-09-28T14:25:00Z,767.700012,767.820007,767.335022,767.450012,399003
2026-09-28T14:30:00Z,767.440125,767.460022,767.070007,767.169983,306532
2026-09-28T14:35:00Z,767.150024,767.229980,766.349976,766.437683,533553
2026-09-28T14:40:00Z,766.440002,766.559998,765.219971,765.259521,642935
2026-09-28T14:45:00Z,765.265015,765.340027,763.789978,764.260010,900926
2026-09-28T14:50:00Z,764.239990,764.809998,763.934998,763.934998,489430
2026-09-28T14:55:00Z,763.929993,764.460022,763.715027,764.150024,573888
2026-09-28T15:00:00Z,764.155029,764.729980,764.119995,764.614990,437465
2026-09-28T15:05:00Z,764.609985,765.659973,764.359985,765.658630,600000
2026-09-28T15:10:00Z,765.659973,765.770020,765.039978,765.140015,599909
2026-09-28T15:15:00Z,765.150024,765.244995,764.752014,765.085022,385542
2026-09-28T15:20:00Z,765.080017,765.080017,764.621704,764.835022,278911
2026-09-28T15:25:00Z,764.830017,765.239990,764.619995,765.070007,419124
2026-09-28T15:30:00Z,765.090027,765.179993,764.719971,765.044983,227167
2026-09-28T15:35:00Z,765.059998,765.729980,764.929993,765.719971,408464
2026-09-28T15:40:00Z,765.719971,765.729980,764.659973,764.950012,240770
2026-09-28T15:45:00Z,764.950012,765.080017,764.739990,764.940002,165495
2026-09-28T15:50:00Z,764.914978,765.229980,764.820007,765.229980,132174
2026-09-28T15:55:00Z,765.229980,765.570007,765.190002,765.505005,197982
2026-09-28T16:00:00Z,765.489990,765.640015,765.150208,765.299988,152363
2026-09-28T16:05:00Z,765.289978,765.695007,765.140015,765.600525,108607
2026-09-28T16:10:00Z,765.593872,765.830017,765.320007,765.400024,170269
2026-09-28T16:15:00Z,765.390015,766.869995,765.333374,766.549988,498014
2026-09-28T16:20:00Z,766.539978,767.950012,766.400024,767.790100,619383
2026-09-28T16:25:00Z,767.809998,769.539978,767.760071,768.710022,1056807
2026-09-28T16:30:00Z,768.700012,768.770020,767.440002,767.830017,762445
2026-09-28T16:35:00Z,767.849976,768.190002,767.359985,767.479980,344544
2026-09-28T16:40:00Z,767.500000,767.664978,766.640015,766.989990,278921
2026-09-28T16:45:00Z,766.989990,767.450012,766.669983,766.880005,248704
2026-09-28T16:50:00Z,766.880005,767.299988,766.679993,767.219971,157895
2026-09-28T16:55:00Z,767.215027,767.309998,767.044983,767.196716,107870
2026-09-28T17:00:00Z,767.119995,767.150024,766.630005,766.859985,126607
2026-09-28T17:05:00Z,766.869995,766.919983,766.460022,766.619995,98820
2026-09-28T17:10:00Z,766.630005,769.280029,766.590027,768.890015,981105
2026-09-28T17:15:00Z,768.895020,768.895020,767.281006,767.284973,619690
2026-09-28T17:20:00Z,767.284973,767.474976,767.059998,767.314514,167954
2026-09-28T17:25:00Z,767.330017,767.489990,766.880005,767.059998,187779
2026-09-28T17:30:00Z,767.039978,767.520020,766.924988,767.169983,227583
2026-09-28T17:35:00Z,767.190002,767.450012,766.849976,767.190002,213060
2026-09-28T17:40:00Z,767.210022,767.349976,767.034973,767.169983,300975
2026-09-28T17:45:00Z,767.174988,767.440979,767.000000,767.380005,152606
2026-09-28T17:50:00Z,767.359985,767.479980,767.140015,767.440002,104188
2026-09-28T17:55:00Z,767.450012,767.489990,767.039978,767.289978,183405
2026-09-28T18:00:00Z,767.299988,767.460022,766.890015,767.409973,191341
2026-09-28T18:05:00Z,767.429993,767.460022,767.109985,767.289917,111798
2026-09-28T18:10:00Z,767.280029,767.530029,767.190002,767.440002,882935
2026-09-28T18:15:00Z,767.450012,767.559998,767.020020,767.020020,135183
2026-09-28T18:20:00Z,767.020020,767.250000,766.679993,766.840027,154874
2026-09-28T18:25:00Z,766.869995,767.049988,766.830017,766.900024,112664
2026-09-28T18:30:00Z,766.905029,767.070007,766.500000,766.789978,217024
2026-09-28T18:35:00Z,766.780029,766.919983,766.340027,766.400085,187480
2026-09-28T18:40:00Z,766.419983,767.155029,766.320007,767.109985,151148
2026-09-28T18:45:00Z,767.119995,767.256226,766.799988,767.150024,323193
2026-09-28T18:50:00Z,767.140015,767.304993,766.760010,767.049988,221899
2026-09-28T18:55:00Z,767.039978,767.179993,766.859985,766.979980,181422
2026-09-28T19:00:00Z,767.000000,767.030029,766.250000,766.559998,315884
2026-09-28T19:05:00Z,766.539978,766.659973,766.270020,766.280029,239162
2026-09-28T19:10:00Z,766.280029,766.289917,765.780029,765.869995,401904
2026-09-28T19:15:00Z,765.849976,766.090027,765.630005,765.909973,677424
2026-09-28T19:20:00Z,765.929871,766.109985,765.809998,766.049988,363985
2026-09-28T19:25:00Z,766.039978,766.239990,765.820007,765.989990,388197
2026-09-28T19:30:00Z,766.000000,766.054993,765.559998,765.869995,1330218
2026-09-28T19:35:00Z,765.859985,766.039978,765.125000,765.184998,1537558
2026-09-28T19:40:00Z,765.190002,765.580017,765.130005,765.450012,769060
2026-09-28T19:45:00Z,765.440002,765.690002,765.219971,765.289978,1055046
2026-09-28T19:50:00Z,765.280029,765.570007,764.859985,764.869995,1252123
2026-09-28T19:55:00Z,764.859985,765.679993,764.830017,765.500000,3020633
2026-09-29T13:30:00Z,766.830017,766.979980,765.119995,765.385010,2055907
2026-09-29T13:35:00Z,765.390015,765.830017,765.289978,765.809998,424266
2026-09-29T13:40:00Z,765.869995,765.929993,764.934998,765.114990,383717
2026-09-29T13:45:00Z,765.114990,765.500000,764.640015,764.990112,497162
2026-09-29T13:50:00Z,765.010010,765.530029,764.879883,765.255005,826694
2026-09-29T13:55:00Z,765.260010,765.658997,764.599976,764.719971,628715
2026-09-29T14:00:00Z,764.690002,765.630005,764.679993,764.905029,491039
2026-09-29T14:05:00Z,764.890015,765.119995,764.609985,765.030029,251436
2026-09-29T14:10:00Z,765.030029,765.460022,764.669983,765.164978,261390
2026-09-29T14:15:00Z,765.169983,765.539978,764.820007,765.380005,284846
2026-09-29T14:20:00Z,765.440002,765.544983,764.770020,765.030029,507378
2026-09-29T14:25:00Z,765.020020,765.750000,764.960022,765.309998,307611
2026-09-29T14:30:00Z,765.299988,765.630005,764.940002,765.330017,291289
2026-09-29T14:35:00Z,765.325012,765.450012,764.950012,765.359985,421756
2026-09-29T14:40:00Z,765.349976,765.750000,764.799988,765.080017,358606
2026-09-29T14:45:00Z,765.090027,765.270020,764.489990,764.520020,328909
2026-09-29T14:50:00Z,764.520020,765.549988,764.500000,765.549988,317367
2026-09-29T14:55:00Z,765.530029,765.575012,764.811707,764.859985,373871
2026-09-29T15:00:00Z,764.869995,764.950012,764.200195,764.239990,283517
2026-09-29T15:05:00Z,764.229980,764.419922,763.859985,764.049988,324962
2026-09-29T15:10:00Z,764.049988,764.269897,763.580017,764.159973,266347
2026-09-29T15:15:00Z,764.159973,764.330017,763.280029,763.284973,319758
2026-09-29T15:20:00Z,763.299927,763.390015,762.640015,762.900024,411050
2026-09-29T15:25:00Z,762.900024,763.119995,762.570007,762.939819,369870
2026-09-29T15:30:00Z,762.989990,763.859985,762.864990,763.789978,448010
2026-09-29T15:35:00Z,763.807495,764.119995,763.619995,763.840027,403478
2026-09-29T15:40:00Z,763.849976,763.900024,763.440002,763.734985,171698
2026-09-29T15:45:00Z,763.739990,764.289978,763.309998,763.900024,665829
2026-09-29T15:50:00Z,763.905029,764.099976,762.895020,763.105713,284097
2026-09-29T15:55:00Z,763.119995,763.320007,762.965027,763.299988,203145
2026-09-29T16:00:00Z,763.250000,763.280029,762.669983,762.789978,221935
2026-09-29T16:05:00Z,762.770020,763.349976,762.650024,763.273987,680437
2026-09-29T16:10:00Z,763.270020,763.460022,762.859985,762.979980,162882
2026-09-29T16:15:00Z,762.989990,763.190002,762.900024,763.140015,114149
2026-09-29T16:20:00Z,763.169983,763.429993,762.870605,763.140015,118682
2026-09-29T16:25:00Z,763.145020,763.559998,763.109985,763.395020,134145
2026-09-29T16:30:00Z,763.379517,763.400024,763.090027,763.229980,142002
2026-09-29T16:35:00Z,763.219971,763.479980,763.219971,763.409973,89986
2026-09-29T16:40:00Z,763.409973,763.414978,762.654785,762.669983,229273
2026-09-29T16:45:00Z,762.674988,763.130005,762.400024,763.020020,370123
2026-09-29T16:50:00Z,763.020020,763.330017,762.870117,763.051392,171478
2026-09-29T16:55:00Z,763.059998,763.059998,762.570007,762.994812,326998
2026-09-29T17:00:00Z,762.989990,762.989990,762.369995,762.700012,346650
2026-09-29T17:05:00Z,762.669983,762.809998,762.510010,762.520020,118832
2026-09-29T17:10:00Z,762.539978,762.885010,762.469971,762.760010,224346
2026-09-29T17:15:00Z,762.770020,762.840027,762.349976,762.570007,138964
2026-09-29T17:20:00Z,762.580017,763.030029,762.429993,763.022522,177325
2026-09-29T17:25:00Z,763.030029,763.159973,762.905029,763.080017,138167
2026-09-29T17:30:00Z,763.070007,763.250000,762.909973,763.200012,82477
2026-09-29T17:35:00Z,763.210022,763.299988,763.034973,763.179993,100507
2026-09-29T17:40:00Z,763.179993,763.325012,762.799988,763.270081,121103
2026-09-29T17:45:00Z,763.289978,763.469971,763.020020,763.049988,166181
2026-09-29T17:50:00Z,763.059998,763.140015,762.570007,762.744995,123780
2026-09-29T17:55:00Z,762.750000,762.750000,762.385010,762.619995,181542
2026-09-29T18:00:00Z,762.650024,763.880005,762.640015,763.714111,865269
2026-09-29T18:05:00Z,763.719971,764.019775,762.969971,763.030029,563919
2026-09-29T18:10:00Z,763.030029,763.829407,762.979980,763.739990,222649
2026-09-29T18:15:00Z,763.744995,763.960022,763.665100,763.900024,236657
2026-09-29T18:20:00Z,763.900024,764.390015,763.799988,763.909973,539413
2026-09-29T18:25:00Z,763.919983,764.210083,763.840027,763.969971,179644
2026-09-29T18:30:00Z,763.965027,764.400024,763.570007,763.880005,488045
2026-09-29T18:35:00Z,763.890015,764.960022,763.799988,764.880005,418492
2026-09-29T18:40:00Z,764.880005,765.299988,764.640015,764.844971,474622
2026-09-29T18:45:00Z,764.849976,764.979980,764.390015,764.679321,235176
2026-09-29T18:50:00Z,764.659973,764.830017,764.539978,764.630005,164953
2026-09-29T18:55:00Z,764.619995,764.919983,764.510010,764.869995,304823
2026-09-29T19:00:00Z,764.859985,765.049988,764.710022,765.010071,307660
2026-09-29T19:05:00Z,765.020020,765.059998,764.719971,764.729980,293691
2026-09-29T19:10:00Z,764.719971,764.820007,764.340027,764.369995,276449
2026-09-29T19:15:00Z,764.380005,764.580017,764.280029,764.530029,338415
2026-09-29T19:20:00Z,764.520020,764.830017,764.380005,764.559998,299226
2026-09-29T19:25:00Z,764.559998,764.674988,764.409973,764.570007,300103
2026-09-29T19:30:00Z,764.590027,764.830017,764.390015,764.544983,276467
2026-09-29T19:35:00Z,764.539978,764.679993,764.419983,764.510010,392223
2026-09-29T19:40:00Z,764.489990,764.539978,764.020020,764.109985,508661
2026-09-29T19:45:00Z,764.119995,764.359985,763.909973,764.219971,754359
2026-09-29T19:50:00Z,764.210022,764.799988,764.159973,764.570007,604238
2026-09-29T19:55:00Z,764.580017,764.590027,763.760010,764.289978,4255126
2026-09-30T13:30:00Z,766.450012,767.289978,766.000000,766.739990,2292350
2026-09-30T13:35:00Z,766.729980,766.940002,766.130005,766.849976,518514
2026-09-30T13:40:00Z,766.859985,767.070007,766.419983,766.659973,300858
2026-09-30T13:45:00Z,766.679993,767.169983,766.070007,767.119995,359516
2026-09-30T13:50:00Z,767.119995,767.390015,766.512024,767.315002,271763
2026-09-30T13:55:00Z,767.309998,767.979980,767.059998,767.969971,358637
2026-09-30T14:00:00Z,767.950012,768.669983,767.950012,768.590027,542010
2026-09-30T14:05:00Z,768.590027,769.150024,768.414978,768.559998,531860
2026-09-30T14:10:00Z,768.549988,768.575012,767.950012,768.150024,271967
2026-09-30T14:15:00Z,768.159973,768.799988,768.159973,768.749878,277492
2026-09-30T14:20:00Z,768.750122,769.099976,768.380005,768.440002,319809
2026-09-30T14:25:00Z,768.419983,768.450012,767.469971,767.869995,348925
2026-09-30T14:30:00Z,767.869995,768.260010,767.400024,767.539978,416338
2026-09-30T14:35:00Z,767.530029,768.005005,767.250000,767.719971,606723
2026-09-30T14:40:00Z,767.710022,768.409973,767.369995,767.650024,276735
2026-09-30T14:45:00Z,767.640015,768.669983,767.575378,768.650024,312023
2026-09-30T14:50:00Z,768.677979,769.409973,768.440125,769.239990,341694
2026-09-30T14:55:00Z,769.239990,769.349976,768.510986,768.528259,258070
2026-09-30T15:00:00Z,768.520020,768.580017,768.020020,768.539978,322639
2026-09-30T15:05:00Z,768.530029,768.599976,767.869995,768.520020,169491
2026-09-30T15:10:00Z,768.520020,768.679993,767.750000,768.210022,361303
2026-09-30T15:15:00Z,768.179993,768.940002,768.179993,768.469971,452984
2026-09-30T15:20:00Z,768.489990,768.510010,767.900024,768.119995,180212
2026-09-30T15:25:00Z,768.150024,768.755188,767.900085,768.755188,219234
2026-09-30T15:30:00Z,768.750122,769.020020,768.580017,768.630005,259170
2026-09-30T15:35:00Z,768.650024,768.830017,768.296021,768.659973,178562
2026-09-30T15:40:00Z,768.659973,768.849976,767.880005,767.989990,247795
2026-09-30T15:45:00Z,768.000000,769.219971,767.890015,769.179993,246726
2026-09-30T15:50:00Z,769.169983,769.244995,768.229980,768.229980,267443
2026-09-30T15:55:00Z,768.250000,768.729980,768.104980,768.710022,169023
2026-09-30T16:00:00Z,768.729980,769.020020,768.479980,768.890015,356015
2026-09-30T16:05:00Z,768.909973,769.080017,768.739990,768.799988,214462
2026-09-30T16:10:00Z,768.799988,769.099976,768.669983,769.000000,226377
2026-09-30T16:15:00Z,768.989990,769.039978,768.179993,768.459473,226532
2026-09-30T16:20:00Z,768.460022,768.530029,768.289978,768.299988,384731
2026-09-30T16:25:00Z,768.309998,768.380005,768.039978,768.070007,240910
2026-09-30T16:30:00Z,768.070007,768.099976,767.780029,768.000000,229980
2026-09-30T16:35:00Z,767.989990,768.080017,767.679993,767.909973,152820
2026-09-30T16:40:00Z,767.909973,768.500000,767.869995,768.349976,163165
2026-09-30T16:45:00Z,768.364990,768.364990,767.710022,767.840027,132113
2026-09-30T16:50:00Z,767.840027,768.119873,767.820007,767.989990,107934
2026-09-30T16:55:00Z,767.979980,768.299988,767.849976,768.270020,210577
2026-09-30T17:00:00Z,768.244995,768.460022,768.159973,768.270020,107520
2026-09-30T17:05:00Z,768.250000,768.469971,768.219971,768.255005,60513
2026-09-30T17:10:00Z,768.260010,768.309998,767.599976,767.699219,434123
2026-09-30T17:15:00Z,767.690002,767.690002,766.804993,766.820007,373157
2026-09-30T17:20:00Z,766.809998,767.179993,766.648987,767.010010,228686
2026-09-30T17:25:00Z,767.019897,767.039978,766.260010,767.000000,303926
2026-09-30T17:30:00Z,766.989990,767.369995,766.969971,767.195007,185627
2026-09-30T17:35:00Z,767.210022,767.510010,767.020020,767.469910,210821
2026-09-30T17:40:00Z,767.489990,767.719971,767.309998,767.484985,137870
2026-09-30T17:45:00Z,767.500000,767.859985,767.200012,767.854980,171638
2026-09-30T17:50:00Z,767.869995,767.969971,767.559998,767.729980,139028
2026-09-30T17:55:00Z,767.739990,767.750000,767.539978,767.700012,107530
2026-09-30T18:00:00Z,767.695007,767.700012,767.145020,767.299988,350173
2026-09-30T18:05:00Z,767.309998,767.379517,766.849976,767.190002,254695
2026-09-30T18:10:00Z,767.190002,767.539978,767.085022,767.335022,300523
2026-09-30T18:15:00Z,767.330017,767.380005,766.950012,766.989990,367804
2026-09-30T18:20:00Z,766.989990,767.059998,766.590027,766.590027,208069
2026-09-30T18:25:00Z,766.590027,766.820007,766.309998,766.760010,319927
2026-09-30T18:30:00Z,766.750000,766.840027,766.101196,766.239990,247376
2026-09-30T18:35:00Z,766.244995,766.869995,766.150024,766.789978,251002
2026-09-30T18:40:00Z,766.789978,766.969971,766.695007,766.846924,470671
2026-09-30T18:45:00Z,766.859985,766.890015,766.150024,766.270020,203663
2026-09-30T18:50:00Z,766.280029,766.419983,766.010010,766.209900,236644
2026-09-30T18:55:00Z,766.190002,766.630005,766.159973,766.460022,191749
2026-09-30T19:00:00Z,766.479980,766.830017,766.460022,766.760010,165689
2026-09-30T19:05:00Z,766.770020,766.849976,766.630005,766.799988,188345
2026-09-30T19:10:00Z,766.809998,766.880005,766.520020,766.830017,711272
2026-09-30T19:15:00Z,766.799988,766.830017,766.460022,766.669983,440161
2026-09-30T19:20:00Z,766.669983,766.679993,766.239990,766.320007,219268
2026-09-30T19:25:00Z,766.320007,766.500000,766.239990,766.340027,286705
2026-09-30T19:30:00Z,766.340027,766.434998,766.049988,766.159973,468938
2026-09-30T19:35:00Z,766.159973,766.440002,765.729980,765.979980,665269
2026-09-30T19:40:00Z,765.960022,766.080017,765.520020,765.750000,595412
2026-09-30T19:45:00Z,765.750000,765.849976,765.289978,765.320007,1157829
2026-09-30T19:50:00Z,765.309998,765.309998,763.780029,763.840027,5409520
2026-09-30T19:55:00Z,763.820007,764.059998,762.200012,762.440002,12730180
2026-10-01T13:30:00Z,764.359985,765.260010,763.390015,764.780029,2989474
2026-10-01T13:35:00Z,764.750000,765.340027,764.460022,764.630005,767527
2026-10-01T13:40:00Z,764.609985,764.619995,763.210022,763.419983,740618
2026-10-01T13:45:00Z,763.419983,763.929993,762.593201,762.619995,660361
2026-10-01T13:50:00Z,762.609985,763.989990,762.609985,763.760010,547881
2026-10-01T13:55:00Z,763.760010,764.039978,762.450012,762.580017,531188
2026-10-01T14:00:00Z,762.560120,762.729980,759.890015,760.090027,1071966
2026-10-01T14:05:00Z,760.080017,761.638489,759.710022,761.559998,1074116
2026-10-01T14:10:00Z,761.575012,761.585022,760.299988,760.895020,573766
2026-10-01T14:15:00Z,760.880005,761.280029,760.130005,760.580078,300479
2026-10-01T14:20:00Z,760.599976,760.859985,759.780029,760.390015,456059
2026-10-01T14:25:00Z,760.390015,761.039978,760.039978,760.500000,471338
2026-10-01T14:30:00Z,760.440002,761.534973,760.130005,761.530029,557880
2026-10-01T14:35:00Z,761.530029,762.109985,761.150024,762.030029,477546
2026-10-01T14:40:00Z,762.000000,762.179993,761.289978,761.419983,402925
2026-10-01T14:45:00Z,761.429993,762.109985,760.839905,761.239990,369614
2026-10-01T14:50:00Z,761.239990,761.450012,760.090027,760.469971,594356
2026-10-01T14:55:00Z,760.479980,761.320007,759.929993,760.409973,663767
2026-10-01T15:00:00Z,760.409973,760.549988,759.289978,759.530029,509180
2026-10-01T15:05:00Z,759.559998,759.869995,759.000000,759.309998,604113
2026-10-01T15:10:00Z,759.299988,760.349976,758.790100,760.260010,460552
2026-10-01T15:15:00Z,760.260010,761.169983,760.000000,760.729980,493814
2026-10-01T15:20:00Z,760.729980,761.140015,760.349976,760.679993,370024
2026-10-01T15:25:00Z,760.700012,761.330017,760.369995,760.400024,292724
2026-10-01T15:30:00Z,760.419983,760.510010,759.530029,759.549988,258185
2026-10-01T15:35:00Z,759.539978,760.869995,759.250000,760.510010,362912
2026-10-01T15:40:00Z,760.510010,760.860291,759.369995,759.674988,1405686
2026-10-01T15:45:00Z,759.690002,760.369995,759.520020,760.158997,456897
2026-10-01T15:50:00Z,760.140015,760.159973,759.270020,759.719971,356769
2026-10-01T15:55:00Z,759.705017,760.900024,759.684998,760.669983,343435
2026-10-01T16:00:00Z,760.659973,761.250000,760.250000,761.085022,826768
2026-10-01T16:05:00Z,761.054993,761.280029,760.590027,760.900024,230653
2026-10-01T16:10:00Z,760.919983,761.179993,760.429993,760.570007,533738
2026-10-01T16:15:00Z,760.570007,761.599976,760.440002,761.030029,253991
2026-10-01T16:20:00Z,761.039978,761.750000,760.809998,761.650024,224058
2026-10-01T16:25:00Z,761.640015,761.710022,761.265015,761.284973,219599
2026-10-01T16:30:00Z,761.289978,762.400024,761.169983,762.320129,375483
2026-10-01T16:35:00Z,762.320007,762.580017,761.000000,761.880005,516606
2026-10-01T16:40:00Z,761.890015,762.169983,761.469971,762.000000,474276
2026-10-01T16:45:00Z,762.020020,762.280029,761.801270,761.859985,211354
2026-10-01T16:50:00Z,761.830017,762.000000,760.809998,760.880005,254515
2026-10-01T16:55:00Z,760.890015,761.010010,760.289978,760.934998,387964
2026-10-01T17:00:00Z,760.909973,761.929993,760.739990,761.849976,347711
2026-10-01T17:05:00Z,761.859985,762.020020,761.570007,761.625000,319398
2026-10-01T17:10:00Z,761.650024,762.270020,761.559998,761.929993,280395
2026-10-01T17:15:00Z,761.929993,762.739990,761.789978,762.549988,362198
2026-10-01T17:20:00Z,762.559998,763.669983,762.548828,763.659973,515626
2026-10-01T17:25:00Z,763.669983,763.960022,763.479980,763.684998,667532
2026-10-01T17:30:00Z,763.690002,765.169983,763.659973,764.609985,911117
2026-10-01T17:35:00Z,764.619995,764.630005,764.059998,764.280029,377118
2026-10-01T17:40:00Z,764.280029,764.965027,764.103394,764.820007,379903
2026-10-01T17:45:00Z,764.815002,765.320007,764.489990,764.530029,581384
2026-10-01T17:50:00Z,764.505005,764.729980,763.780029,763.820007,757989
2026-10-01T17:55:00Z,763.789978,764.130005,763.260010,763.530518,676012
2026-10-01T18:00:00Z,763.559998,763.750000,762.880005,763.070007,568928
2026-10-01T18:05:00Z,763.080017,763.169983,762.200989,762.650024,414870
2026-10-01T18:10:00Z,762.669983,763.539978,762.479980,763.330017,357834
2026-10-01T18:15:00Z,763.340027,763.809998,763.270020,763.489990,291543
2026-10-01T18:20:00Z,763.489990,764.219971,763.010010,763.969971,476243
2026-10-01T18:25:00Z,763.960022,764.250000,763.729980,764.119995,186314
2026-10-01T18:30:00Z,764.130005,765.150024,763.729980,765.114990,626599
2026-10-01T18:35:00Z,765.099976,765.130005,764.289978,764.380005,302823
2026-10-01T18:40:00Z,764.380005,764.580017,764.109985,764.325012,186165
2026-10-01T18:45:00Z,764.330017,764.409973,764.059998,764.299988,246871
2026-10-01T18:50:00Z,764.299988,764.690002,764.158325,764.549988,205597
2026-10-01T18:55:00Z,764.559998,764.840027,764.409973,764.799988,433940
2026-10-01T19:00:00Z,764.806030,764.905029,764.210022,764.530029,205208
2026-10-01T19:05:00Z,764.530029,764.640015,764.210022,764.549988,200214
2026-10-01T19:10:00Z,764.550476,764.770020,764.419983,764.580017,126855
2026-10-01T19:15:00Z,764.570007,764.690002,764.320007,764.690002,284450
2026-10-01T19:20:00Z,764.679993,764.820007,764.340027,764.380005,414156
2026-10-01T19:25:00Z,764.380005,764.530029,764.260010,764.515076,241636
2026-10-01T19:30:00Z,764.500000,764.809998,764.479980,764.539978,153288
2026-10-01T19:34:33Z,764.539978,764.539978,764.539978,764.539978,0
