FilingType,Year,DocID,chars,text
A,2013,10008188,16102,"f
inancial  D iScloSure  r ePort Clerk of the House of Re
presentatives • Legislative Resource Center • 135 Cannon Building • Washington, DC 20515f
iler  i nformation name:
Hon. Nancy Pelosi Status:
Member State/District:
CA12 f
iling  i nformation filing type:
Amendment Report filing year:
2013 filing Date:
07/7/2015 S
cHeDule  a: a SSetS  anD  ""u nearneD "" i ncome asset
owner value of asset income type(s)
income
tx. > $1,000?
11 Zinfandel Lane - Home & Vineyard
JT $5,000,001 - $25,000,000
Grape Sales
$100,001 - $1,000,000
g
fedcL
OCATION : St. Helena/Napa, CA, US 1600 Atlas Peak Road - Real Estate Investment
JT $500,001 - $1,000,000
Rent
$15,001 - $50,000 g
fedcL
OCATION : Napa/Napa, CA, US 25 Point Lobos - Commerci
al PropertySP $5,000,001 - $25,000,000
Rent
$100,001 - $1,000,000
g
fedcL
OCATION : San Francisco/San Francisco, CA, US 45 Belden Place - Four Story Commerci
al BuildingSP $1,000,001 - $5,000,000
Rent
$100,001 - $1,000,000
g
fedcL
OCATION : San Francisco/San Francisco, CA, US 723 Mule Ears Court - Town
homeJT $1,000,001 - $5,000,000
Rent
$5,001 - $15,000 g
fedcL
OCATION : Sugar Bowl/Placer, CA, US Active Network, Inc.
 Common StockSP None Capital Gains $15,001 - $50,000 g
fedcbD
ESCRIPTION : Active Network Inc. Common Stock Filing ID #10008188

Alcatel-Lucent (ALU)
SP $1,001 - $15,000 Dividends $1 - $200 g
fedcAlcoa Inc. (AA)
SP $1,001 - $15,000 Dividends $1 - $200 g
fedcApple Inc. (AAPL)
SP $1,000,001 - $5,000,000
Dividends
$15,001 - $50,000 g
fedcAristotle LLC
SP $15,001 - $50,000 None g
fedcL
OCATION : San Francisco/San Francisco, CA, US D
ESCRIPTION : Ltd. Partnership Investment in Aristotle Publishing, Inc. Attensity Group Inc. Preferred Stock
SP $1,001 - $15,000 None g
fedcD
ESCRIPTION : Investment in Hosted Analytical Software Application - Palo Alto, CA Auberge du Soleil
SP $1,000,001 - $5,000,000
Partnership
income
$100,001 -
$1,000,000
g
fedcL
OCATION : Rutherford/Napa, CA, US D
ESCRIPTION : Ltd. Partnership Investment in Resort Hotel Bank of America - Checking Account
SP $1,001 - $15,000 None g
fedcD
ESCRIPTION : San Francisco, CA Bank of America - Checking Account
JT $1 - $1,000 None g
fedcD
ESCRIPTION : San Francisco, CA Bank of America - Checking Account
SP $1 - $1,000 None g
fedcD
ESCRIPTION : Washington, DC BF Enterprises Common Stock New (BFET)
SP $15,001 - $50,000 None g
fedcBidclerk Inc. Preferred Stock
SP $1,001 - $15,000 None g
fedcD
ESCRIPTION : Investment in Contracting Industry Online Services Company - So uth San Francisco, CABlucora, Inc. (BCOR)
SP $15,001 - $50,000 None g
fedcBorel Real Estate Company
SP $100,001 - $250,000
Rent
$15,001 - $50,000 g
fedcL
OCATION : San Mateo/San Mateo, CA, US D
ESCRIPTION : Ltd. Partnership Interest in Shopping Center asset
owner value of asset income type(s)
income
tx. > $1,000?

Broadcom Corporation - Class
 A (BRCM)SP $1,001 - $15,000 None g
fedcCity Car Services LLC
SP $500,001 - $1,000,000
Partnership
Income
$5,001 - $15,000
g
fedcL
OCATION : Hingham/Plymouth, MA, US D
ESCRIPTION : Ltd. Partnership Investment in Limousine Company City National Bank - Checking Account
SP $15,001 - $50,000 None g
fedcD
ESCRIPTION : San Francisco, CA City National Securities - Brokerage M
oney MarketAccount
SP
None None g
fedcC
OMMENTS : Decrease In Value During 2013 Clean Energy Fuels Corp. (C
LNE)SP $50,001 - $100,000
None
g
fedcCollab.net LLC
SP $1,001 - $15,000 None g
fedcL
OCATION : San Francisco/San Francisco, CA, US D
ESCRIPTION : Ltd. Partnership Investment in Collaborative Software Development Company Comcast Corporation - Cl
ass A (CMCSA)SP $500,001 - $1,000,000
Dividends
$5,001 - $15,000 g
fedcCongressional Credit Union - Checking Ac
count$15,001 - $50,000 None g
fedcD
ESCRIPTION : Washington, DC Dow Chemical Company (DOW)
SP $15,001 - $50,000 Dividends $201 - $1,000 g
fedcEDI Associates
SP $250,001 - $500,000
Partnership
Income
$50,001 -
$100,000
g
fedcL
OCATION : Sonoma/Sonoma, CA, US D
ESCRIPTION : Ltd. Partnership Investment in El Dorado Hotel Emulex Corporation (ELX)
SP $1,001 - $15,000 None g
fedcEntropic Communications,
 Inc. (ENTR)SP $15,001 - $50,000 None g
fedcFacebook, Inc. - Class 
A (FB)SP $250,001 - $500,000
None
g
fedcasset
owner value of asset income type(s)
income
tx. > $1,000?

Financial Leasing Services
SP $100,001 - $250,000
None
g
fedcL
OCATION : San Francisco/San Francisco, CA, US D
ESCRIPTION : Investment Consulting Company Forty-Five Belden Corporation
SP $1,000,001 - $5,000,000
Partnership Loss
$50,001 - $100,000
g
fedcL
OCATION : San Francisco/San Francisco, CA, US D
ESCRIPTION : Investment Management Company Global Ambassador Concierge L
LCSP $15,001 - $50,000 Partnership Loss $1 - $200 g
fedcL
OCATION : Washington, DC, US D
ESCRIPTION : Ltd. Partnership Interest in Concierge Services for Intern ational TravelersGolub Capital Partners
SP None Partnership Loss $1,001 - $2,500 g
fedcL
OCATION : New York/Manhattan, NY, US D
ESCRIPTION : Equity Investment Fund Granite Ventures LP
SP $250,001 - $500,000
Partnership Loss
$15,001 - $50,000 g
fedcL
OCATION : San Francisco/San Francisco, CA, US D
ESCRIPTION : Ltd. Partnership Interest in Venture Capital Company Investing in Communications & SoftwareIbiquity Digi
tal Corporation Preferred StockSP $1 - $1,000 None g
fedcD
ESCRIPTION : Investment in Digital Radio Systems Company - Columbia, MDInteractive Brokers Group, Inc. (
IBKR)SP $100,001 - $250,000
Dividends
$1,001 - $2,500 g
fedcInternet Cap Group Common Stock
SP $1 - $1,000 None g
fedcD
ESCRIPTION : Internet Cap Group Common Stock Marquetry Antiques
SP $50,001 - $100,000
None
g
fedcL
OCATION : San Francisco/San Francisco, CA, US D
ESCRIPTION : Ltd. Partnership Interest in Antiques Company Matthews International Mutual Fund
SP $50,001 - $100,000
Dividends
$201 - $1,000 g
fedcMcGrath RentCorp (MGRC)
SP $250,001 - $500,000
Dividends
$5,001 - $15,000 g
fedcModusLink Global Solutions, I
nc (MLNK)SP $1 - $1,000 None g
fedcasset
owner value of asset income type(s)
income
tx. > $1,000?

g
fedcMorningstar, Inc. (MORN)
SP $100,001 - $250,000
Dividends
$1,001 - $2,500 g
fedcMosher Partners LP
SP $100,001 - $250,000
Partnership
Income
$100,001 -
$1,000,000
g
fedcL
OCATION : Sacramento/Sacramento, CA, US D
ESCRIPTION : Undeveloped Residential Real Estate Inve stmentNautilus Leasing Services
SP $50,001 - $100,000
None
g
fedcL
OCATION : San Francisco/San Francisco, CA, US D
ESCRIPTION : Container Leasing Company Nine Forty Five Battery LLC
SP $5,000,001 - $25,000,000
Partnership Loss
$100,001 - $1,000,000
g
fedcL
OCATION : San Francisco/San Francisco, CA, US D
ESCRIPTION : General Partner in 945 Battery Street Office B uildingNine Hundred One Battery
SP None None g
fedcL
OCATION : San Francisco/San Francisco, CA, US D
ESCRIPTION : Ltd. Partnership Interest in 901 Battery Street Office B uildingOdyssey LLC
SP $15,001 - $50,000 None g
fedcL
OCATION : San Francisco/San Francisco, CA, US D
ESCRIPTION : Ltd. Partnership Interest in Venture Capital Investment Firm Piatti Restaurant Company
SP $1,000,001 - $5,000,000
Partnership
Income
$15,001 - $50,000
g
fedcL
OCATION : Tiburon/Marin, CA, US D
ESCRIPTION : Ltd. Partnership Investment in Restaurant Company QUALCOMM Incorporated (QCOM)
SP $15,001 - $50,000 Dividends $201 - $1,000 g
fedcRobert Half Internat
ional Inc. (RHI)SP $100,001 - $250,000
Dividends
$1,001 - $2,500 g
fedcRussell Ranch LLC
SP $5,000,001 - $25,000,000
Partnership
Income
$100,001 -
$1,000,000
g
fedcL
OCATION : Sacramento/Sacramento, CA, US D
ESCRIPTION : Ltd. Partner in Undeveloped Residential Real E state InvestmentSalesforce.com Inc (CRM)
SP $500,001 - $1,000,000
None
g
fedcasset
owner value of asset income type(s)
income
tx. > $1,000?

Shutterfly, Inc. (SFLY)
SP $15,001 - $50,000 None g
fedcSierra Vista Baseline Investors LP
SP $100,001 - $250,000
Partnership
Income
$201 - $1,000
g
fedcL
OCATION : Sacramento/Sacramento, CA, US D
ESCRIPTION : Ltd. Partnership in Undeveloped Real Estate Investment Speakeasy Investors LP
SP $1,001 - $15,000 None g
fedcL
OCATION : Seattle/King, WA, US D
ESCRIPTION : Ltd. Partnership Investment in DSL Broadband Service s ProviderStoneridge LLC
SP $15,001 - $50,000 Partnership Loss $1,001 - $2,500 g
fedcL
OCATION : Sacramento/Sacramento, CA, US D
ESCRIPTION : Ltd. Partner in Undeveloped Residential Real E state InvestmentThirteen Hundred One Sansome LLC
SP $1,000,001 - $5,000,000
Rent
$100,001 - $1,000,000
g
fedcL
OCATION : San Francisco/San Francisco, CA, US D
ESCRIPTION : General Partner in 1301 Sansome Street Office BuildingTripath Technology I
nc. Common StockSP $1 - $1,000 None g
fedcD
ESCRIPTION : Common Stock Not Actively Traded Trivium LLC
SP $15,001 - $50,000 None g
fedcL
OCATION : San Francisco/San Francisco, CA, US D
ESCRIPTION : Ltd. Partnership Investment in E-Business Software Solutions CompanyUnion Bank of California - Checking Account
SP $1 - $1,000 None g
fedcD
ESCRIPTION : San Francisco, CA Union Bank of California - Money Market Ac
countSP $1,001 - $15,000 Interest $1 - $200 g
fedcD
ESCRIPTION : San Francisco, CA Union Bank of California - Pelosi Trust Che
ckingAccount
SP
$1 - $1,000 None g
fedcD
ESCRIPTION : San Francisco, CA United Football League
SP $5,000,001 - $25,000,000
None
g
fedcL
OCATION : Jacksonville/Duval, FL, US D
ESCRIPTION : Ltd. Partnership Interest in Football League asset
owner value of asset income type(s)
income
tx. > $1,000?

United Football Lea
gue Sacramento MountainLions Team
SP
$5,000,001 - $25,000,000
Partnership Loss
$100,001 - $1,000,000
g
fedcbL
OCATION : Sacramento/Sacramento, CA, US D
ESCRIPTION : Ltd. Partnership Interest in Football Franchise Visa Inc. (V)
SP $1,000,001 - $5,000,000
Dividends
$15,001 - $50,000 g
fedcVizu Corporation Preferred Stock
SP None Capital Gains $2,501 - $5,000 g
fedcbD
ESCRIPTION : Investment in Digital Brand Advertising Management Company W.R. Hambrecht & Company Brok
erage MoneyMarket Account
SP
None None g
fedcD
ESCRIPTION : Berwyn, PA Wells Fargo Bank - 
Checking AccountJT $1,001 - $15,000 Interest $1 - $200 g
fedcD
ESCRIPTION : San Francisco, CA Yerac Associates
SP $250,001 - $500,000
Partnership Loss
$5,001 - $15,000 g
fedcL
OCATION : San Francisco/San Francisco, CA, US D
ESCRIPTION : Ltd. Partner in Investment Fund S
cHeDule  b: t ranSactionS asset
owner Date tx. type
amount
cap. gains >
$200?
The Active Network, Inc. (ACTV)
SP 11/26/2013 S $50,001 - $100,000
g
fedcbUnited Football League Sac
ramento Mountain Lions TeamSP 07/2/2013 P $15,001 - $50,000 L
OCATION : Sacramento/Sacramento, CA, US D
ESCRIPTION : Ltd. Partnership Interest in Football Franchise United Football League Sac
ramento Mountain Lions TeamSP 07/18/2013 P $100,001 - $250,000
L
OCATION : Sacramento/Sacramento, CA, US D
ESCRIPTION : Ltd. Partnership Interest in Football Franchise United Football League Sac
ramento Mountain Lions TeamSP 07/24/2013 P $50,001 - $100,000
asset
owner value of asset income type(s)
income
tx. > $1,000?

L
OCATION : Sacramento/Sacramento, CA, US D
ESCRIPTION : Ltd. Partnership Interest in Football Franchise United Football League Sac
ramento Mountain Lions TeamSP 08/2/2013 P $250,001 - $500,000
L
OCATION : Sacramento/Sacramento, CA, US D
ESCRIPTION : Ltd. Partnership Interest in Football Franchise United Football League Sac
ramento Mountain Lions TeamSP 09/30/2013 P $50,001 - $100,000
L
OCATION : Sacramento/Sacramento, CA, US D
ESCRIPTION : Ltd. Partnership Interest in Football Franchise United Football League Sac
ramento Mountain Lions TeamSP 10/21/2013 P $100,001 - $250,000
L
OCATION : Sacramento/Sacramento, CA, US D
ESCRIPTION : Ltd. Partnership Interest in Football Franchise United Football League Sac
ramento Mountain Lions TeamSP 12/20/2013 P $15,001 - $50,000 L
OCATION : Sacramento/Sacramento, CA, US D
ESCRIPTION : Ltd. Partnership Interest in Football Franchise United Football League Sac
ramento Mountain Lions TeamSP 12/24/2013 P $50,001 - $100,000
L
OCATION : Sacramento/Sacramento, CA, US D
ESCRIPTION : Ltd. Partnership Interest in Football Franchise United Football League Sac
ramento Mountain Lions TeamSP 12/30/2013 P $15,001 - $50,000 L
OCATION : Sacramento/Sacramento, CA, US D
ESCRIPTION : Ltd. Partnership Interest in Football Franchise United Football League Sac
ramento Mountain Lions TeamSP 12/30/2013 P $15,001 - $50,000 L
OCATION : Sacramento/Sacramento, CA, US D
ESCRIPTION : Ltd. Partnership Interest in Football Franchise Vizu Corporation Preferred Stock
SP 10/7/2013 S $1,001 - $15,000 g
fedcbD
ESCRIPTION : Investment in Digital Brand Advertising Management Company - S an Francisco, CAS
cHeDule  c: e arneD  i ncome Source
type amount Financial Leasing Services
Spouse Salary N/A asset
owner Date tx. type
amount
cap. gains >
$200?

Fairfield Associates
Spouse Management Fee N/A Forty-Five Belden Corporation
Spouse Management Fee N/A Isolep Enterprises
Spouse Management Fee N/A Yerac Associates
Spouse Management Fee N/A S
cHeDule  D: l iabilitieS owner
creditor Date incurred type amount of liability
JT
Union Bank of California February 2002 Mortgage on 11 Zinfandel Lane, St. Helena, CA
$1,000,001 -
$5,000,000
JT
Union Bank of California December 2001 Mortgage on 723 Mule  Ears Court,Norden, CA
$500,001 -
$1,000,000
SP
Union Bank of California December 2007 Mortgage on 45 Beld en Place, SanFrancisco, CA
$1,000,001 -
$5,000,000
SP
Berkadia Commerical Mortgage (Formerly Bank of America)
August 2007
Mortgage on 25 Poi nt Lobos Avenue, SanFrancisco, CA
$1,000,001 -
$5,000,000
JT
Union Bank of California April 2005 Mortgage on 1600 Atlas Peak Road, Napa, CA
$250,001 -
$500,000
SP
Union Bank of California July 2002 Equity Line of Credit on 11 Zinfandel Lane, St. Helena, CA
$1,000,001 -
$5,000,000
SP
City National Bank July 2011 Brokerage Collateral Loan $1,000,001 - $5,000,000
JT
Union Bank of California September 2007 Mortgage on 2640 Bro adway, SanFrancisco, CA
$5,000,001 -
$25,000,000
SP
Bank of America November 2006 Mortgage on 3030 K Street, Washington, DC
$1,000,001 -
$5,000,000
SP
Bank of America January 2003 Equity Line of Credit on 3030 K Street, Washington, DC
$100,001 -
$250,000
JT
Union Bank of California December 2012 Equity Line of Credit on 2640 Broadway, San Francisco, CA
$500,001 -
$1,000,000
SP
City National Securities Ongoing Brokerage Margin Account $1,000,001 - $5,000,000
S
cHeDule  e: P oSitionS Source
type amount 
Position
name of organization CFO & Secretary
The Paul & Nancy Pelosi Charitable F oundationHonorary Advisory Board
The Women & Politics Institute at American Unive rsityCongressional Advisory Board
International Women's Democracy Center Trustee
United States Botanic Garden Board of Trustees Member Ex Off
icioKennedy Center Honorary Board of Advisors
Lead America Honorary Board of Advisors
National Student Leadership Foundation Honorary Member
Wheelchair Foundation Honorary Board Member
National Women's History Museum Distinguished Board Member
National Organization of Italian American Women Board of Advisors
Close Up Foundation S
cHeDule  f: a greementS None disclosed.
S
cHeDule  g: g iftS None disclosed.
S
cHeDule  H: t ravel  P aymentS  anD  r eimburSementS None disclosed.
S
cHeDule  i: P aymentS  m aDe  to  c Harity  in  l ieu  of  H onoraria None disclosed.
e
xcluSionS  of  S PouSe , D ePenDent , or  t ruSt  i nformation iPo
: Did you purchase any share s that were allocated as a part of an Initial Public Offering?n
mlkj Yes n mlkji Notrusts
: Details regarding ""Qualified Blind Trusts"" a pproved by the Committee on Ethics and certain other ""excepted trusts"" need notbe disclosed. Have
 you excluded from this report details of such a trust benefiting you, your spouse, or dependent child?n
mlkj Yes n mlkji Noexemption
: Have you excluded from this report any other assets, ""unearned"" income, transactions, or liabilities of a spouse ordependent child because they meet all th
ree tests for exemption?n
mlkj Yes n mlkji No
c
ertification  anD  S ignature g
fedcb I CERTIFY that the statements I have made on the attached Financial Disclosure Report are true, complete, and correct to thebest of my knowledge a
nd belief.Digitally Signed: 
Hon. Nancy Pelosi , 07/7/2015 "
A,2013,9106227,0,
A,2014,10008154,16284,"f
inanciaL  D iScLoSure  r ePort Clerk of the House of Re
presentatives • Legislative Resource Center • 135 Cannon Building • Washington, DC 20515f
iLer  i nformation name:
Hon. Nancy Pelosi Status:
Member State/District:
CA12 f
iLing  i nformation filing type:
Amendment Report filing year:
2014 filing Date:
07/7/2015 S
cHeDuLe  a: a SSetS  anD  ""u nearneD "" i ncome asset
owner value of asset income type(s)
income
tx. > $1,000?
11 Zinfandel Lane - Home & Vineyard
JT $5,000,001 - $25,000,000
Grape Sales
$5,001 - $15,000 g
fedcL
OCATION : St. Helena/Napa, CA, US 1600 Atlas Peak Road - Real Estate Investment
JT $500,001 - $1,000,000
Rent
$15,001 - $50,000 g
fedcL
OCATION : Napa/Napa, CA, US 25 Point Lobos - Commerci
al PropertySP $5,000,001 - $25,000,000
Rent
$100,001 - $1,000,000
g
fedcL
OCATION : San Francisco/San Francisco, CA, US 45 Belden Place - Four Story Commerci
alBuilding
SP
$1,000,001 - $5,000,000
Rent
$100,001 - $1,000,000
g
fedcL
OCATION : San Francisco/San Francisco, CA, US 723 Mule Ears Court - Town
homeJT $1,000,001 - $5,000,000
Rent
$15,001 - $50,000 g
fedcL
OCATION : Sugar Bowl/Placer, CA, US Alcatel-Lucent (ALU)
SP None None g
fedcFiling ID #10008154

Alcoa Inc. (AA)
SP None Dividends $1 - $200 g
fedcbApple Inc. (AAPL)
SP $1,000,001 - $5,000,000
Dividends
$15,001 - $50,000 g
fedcAristotle LLC
SP $15,001 - $50,000 None g
fedcL
OCATION : San Francisco/San Francisco, CA, US D
ESCRIPTION : Ltd. Partnership Investment in Aristotle Publishing, Inc. Attensity Group Inc. Preferred Stock
SP $1,001 - $15,000 None g
fedcD
ESCRIPTION : Investment in Hosted Analytical Software Application - Palo Alto, CA Auberge du Soleil
SP $1,000,001 - $5,000,000
Partnership
income
$100,001 -
$1,000,000
g
fedcL
OCATION : Rutherford/Napa, CA, US D
ESCRIPTION : Ltd. Partnership Investment in Resort Hotel Bank of America - Checking Account
SP $1,001 - $15,000 None g
fedcD
ESCRIPTION : San Francisco, CA Bank of America - Checking Account
JT $1 - $1,000 None g
fedcD
ESCRIPTION : San Francisco, CA Bank of America - Checking Account
SP $1 - $1,000 None g
fedcD
ESCRIPTION : Washington, DC BF Enterprises Common Stock New (BFET)
SP $15,001 - $50,000 Dividends $1,001 - $2,500 g
fedcBidclerk Inc. Preferred Stock (Currently 
known asiSqFt)
SP
None None g
fedcD
ESCRIPTION : Investment in Contracting Industry Online Services Company - So uth San Francisco, CABlucora, Inc. (BCOR)
SP None Capital Gains $2,501 - $5,000 g
fedcbBorel Real Estate Company
SP $100,001 - $250,000
Rent
$15,001 - $50,000 g
fedcL
OCATION : San Mateo/San Mateo, CA, US D
ESCRIPTION : Ltd. Partnership Interest in Shopping Center Broadcom Corporation - Class
 A (BRCM)SP None None g
fedcbasset
owner value of asset income type(s)
income
tx. > $1,000?

City Car Services LLC
SP $500,001 - $1,000,000
Partnership
Income
$15,001 - $50,000
g
fedcL
OCATION : Hingham/Plymouth, MA, US D
ESCRIPTION : Ltd. Partnership Investment in Limousine Company City National Bank - Checking Account
SP $1,001 - $15,000 None g
fedcD
ESCRIPTION : San Francisco, CA City National Securities - Brokerage M
oneyMarket Account
SP
$1 - $1,000 Dividends $1 - $200 g
fedcClean Energy Fuels Corp. (C
LNE)SP $15,001 - $50,000 None g
fedcCollab.net LLC
SP $1 - $1,000 Partnership Loss $5,001 - $15,000 g
fedcL
OCATION : San Francisco/San Francisco, CA, US D
ESCRIPTION : Ltd. Partnership Investment in Collaborative Software Development Company Comcast Corporation - Cl
ass A (CMCSA)SP $500,001 - $1,000,000
Dividends
$5,001 - $15,000 g
fedcCongressional Credit Union - Checking Ac
count$1,001 - $15,000 None g
fedcD
ESCRIPTION : Washington, DC Dow Chemical Company (DOW)
SP None Capital Gains, Dividends
$2,501 - $5,000
g
fedcbEDI Associates
SP $250,001 - $500,000
Partnership
Income
$50,001 -
$100,000
g
fedcL
OCATION : Sonoma/Sonoma, CA, US D
ESCRIPTION : Ltd. Partnership Investment in El Dorado Hotel Emulex Corporation (ELX)
SP None None g
fedcbEntropic Communications,
 Inc. (ENTR)SP None None g
fedcbFacebook, Inc. - Class 
A (FB)SP $250,001 - $500,000
None
g
fedcFinancial Leasing Services
SP $100,001 - $250,000
None
g
fedcL
OCATION : San Francisco/San Francisco, CA, US D
ESCRIPTION : Investment Consulting Company asset
owner value of asset income type(s)
income
tx. > $1,000?

Forty-Five Belden Corporation
SP $1,000,001 - $5,000,000
Partnership
Income
$100,001 -
$1,000,000
g
fedcL
OCATION : San Francisco/San Francisco, CA, US D
ESCRIPTION : Investment Management Company Global Ambassador Concierge L
LCSP $15,001 - $50,000 Partnership Loss $1 - $200 g
fedcL
OCATION : Washington, DC, US D
ESCRIPTION : Ltd. Partnership Interest in Concierge Services for Intern ational TravelersGranite Ventures LP
SP $50,001 - $100,000
Partnership Loss
$1 - $200 g
fedcL
OCATION : San Francisco/San Francisco, CA, US D
ESCRIPTION : Ltd. Partnership Interest in Venture Capital Company Investing in Communications & SoftwareHertz Global Holdings, Inc.
 (HTZ)SP $250,001 - $500,000
None
g
fedcbD
ESCRIPTION : 500 call options with a strike price of $22 and an expiration date of 1/15/16 Ibiquity Digi
tal Corporation Preferred StockSP $1 - $1,000 None g
fedcD
ESCRIPTION : Investment in Digital Radio Systems Company - Columbia, MDInteractive Brokers Group, Inc. (
IBKR)SP $100,001 - $250,000
Dividends
$1,001 - $2,500 g
fedcInternet Cap Group Common Stock
SP None None g
fedcD
ESCRIPTION : Internet Cap Group Common Stock iSqFt (Formerly known as Bidclerk Inc.)
SP $1 - $1,000 Partnership Income
$2,501 - $5,000
g
fedcL
OCATION : South San Francisco, CA, US D
ESCRIPTION : Investment in Contracting Industry Online Services Company - So uth San Francisco, CAMarquetry Antiques
SP $100,001 - $250,000
Partnership Loss
$5,001 - $15,000 g
fedcL
OCATION : San Francisco/San Francisco, CA, US D
ESCRIPTION : Ltd. Partnership Interest in Antiques Company Matthews International Mutual Fund
SP $50,001 - $100,000
Dividends
$201 - $1,000 g
fedcMcGrath RentCorp (MGRC)
SP $250,001 - $500,000
Capital Gains,
Dividends
$50,001 -
$100,000
g
fedcbasset
owner value of asset income type(s)
income
tx. > $1,000?

ModusLink Global Solutions, I
nc (MLNK)SP None None g
fedcMorningstar, Inc. (MORN)
SP $100,001 - $250,000
Dividends
$1,001 - $2,500 g
fedcMosher Partners LP
SP $250,001 - $500,000
Partnership
Income
$50,001 -
$100,000
g
fedcL
OCATION : Sacramento/Sacramento, CA, US D
ESCRIPTION : Undeveloped Residential Real Estate Inve stmentNautilus Leasing Services
SP $50,001 - $100,000
None
g
fedcL
OCATION : San Francisco/San Francisco, CA, US D
ESCRIPTION : Container Leasing Company Nine Forty Five Battery LLC
SP $5,000,001 - $25,000,000
Partnership
Income
$100,001 -
$1,000,000
g
fedcL
OCATION : San Francisco/San Francisco, CA, US D
ESCRIPTION : General Partner in 945 Battery Street Office B uildingOdyssey LLC
SP $15,001 - $50,000 None g
fedcL
OCATION : San Francisco/San Francisco, CA, US D
ESCRIPTION : Ltd. Partnership Interest in Venture Capital Investment Firm Piatti Restaurant Company
SP $1,000,001 - $5,000,000
Partnership
Income
$15,001 - $50,000
g
fedcL
OCATION : Tiburon/Marin, CA, US D
ESCRIPTION : Ltd. Partnership Investment in Restaurant Company QUALCOMM Incorporated (QCOM)
SP $15,001 - $50,000 Dividends $201 - $1,000 g
fedcRobert Half Internat
ional Inc. (RHI)SP None Capital Gains, Dividends
$100,001 -
$1,000,000
g
fedcbRussell Ranch LLC
SP $5,000,001 - $25,000,000
Partnership
Income
$100,001 -
$1,000,000
g
fedcL
OCATION : Sacramento/Sacramento, CA, US D
ESCRIPTION : Ltd. Partner in Undeveloped Residential Real E state InvestmentSalesforce.com Inc (CRM)
SP $500,001 - $1,000,000
None
g
fedcShutterfly, Inc. (SFLY)
SP None Capital Gains $15,001 - $50,000 g
fedcbasset
owner value of asset income type(s)
income
tx. > $1,000?

Sierra Vista Baseline Investors LP
SP $250,001 - $500,000
Partnership Loss
$1,001 - $2,500 g
fedcL
OCATION : Sacramento/Sacramento, CA, US D
ESCRIPTION : Ltd. Partnership in Undeveloped Real Estate Investment Speakeasy Investors LP
SP $1,001 - $15,000 None g
fedcL
OCATION : Seattle/King, WA, US D
ESCRIPTION : Ltd. Partnership Investment in DSL Broadband Service s ProviderStoneridge LLC
SP $250,001 - $500,000
Partnership Loss
$1,001 - $2,500 g
fedcL
OCATION : Sacramento/Sacramento, CA, US D
ESCRIPTION : Ltd. Partner in Undeveloped Residential Real E state InvestmentSunEdison, Inc. (SUNE)
SP $100,001 - $250,000
None
g
fedcbThirteen Hundred One Sansome LLC
SP $1,000,001 - $5,000,000
Rent
$100,001 - $1,000,000
g
fedcL
OCATION : San Francisco/San Francisco, CA, US D
ESCRIPTION : General Partner in 1301 Sansome Street Office BuildingTripath Technology I
nc. Common StockSP $1 - $1,000 None g
fedcD
ESCRIPTION : Common Stock Not Actively Traded Trivium LLC
SP $15,001 - $50,000 None g
fedcL
OCATION : San Francisco/San Francisco, CA, US D
ESCRIPTION : Ltd. Partnership Investment in E-Business Software Solutions CompanyUnion Bank of California - Checking Account
SP $1 - $1,000 None g
fedcD
ESCRIPTION : San Francisco, CA Union Bank of California - Money Market
Account
SP
$1 - $1,000 None g
fedcD
ESCRIPTION : San Francisco, CA Union Bank of California - Pelosi Trust Che
ckingAccount
SP
$1 - $1,000 None g
fedcD
ESCRIPTION : San Francisco, CA United Football League
SP $5,000,001 - $25,000,000
None
g
fedcL
OCATION : Jacksonville/Duval, FL, US asset
owner value of asset income type(s)
income
tx. > $1,000?

D
ESCRIPTION : Ltd. Partnership Interest in Football League United Football Lea
gue Sacramento MountainLions Team
SP
$5,000,001 - $25,000,000
Partnership Loss
$100,001 - $1,000,000
g
fedcL
OCATION : Sacramento/Sacramento, CA, US D
ESCRIPTION : Ltd. Partnership Interest in Football Franchise Visa Inc. (V)
SP $1,000,001 - $5,000,000
Capital Gains,
Dividends
$100,001 -
$1,000,000
g
fedcbWalt Disney Company
SP $100,001 - $250,000
None
g
fedcbD
ESCRIPTION : 100 call options with a strike price of $90 and an expiration date of 1/15/ 16Wells Fargo Bank - 
Checking AccountJT $1,001 - $15,000 Interest $1 - $200 g
fedcD
ESCRIPTION : San Francisco, CA Yerac Associates
SP $100,001 - $250,000
Partnership
Income
$2,501 - $5,000
g
fedcL
OCATION : San Francisco/San Francisco, CA, US D
ESCRIPTION : Ltd. Partner in Investment Fund S
cHeDuLe  b: t ranSactionS asset
owner Date tx. type
amount
cap. gains >
$200?
Alcoa Inc. (AA)
SP 10/23/2014 S $15,001 - $50,000 g
fedcBlucora, Inc. (BCOR)
SP 10/23/2014 S $1,001 - $15,000 g
fedcbBroadcom Corporation - Class
 A (BRCM)SP 10/23/2014 S $1,001 - $15,000 g
fedcDow Chemical Company (DOW)
SP 10/23/2014 S $15,001 - $50,000 g
fedcbEmulex Corporation (ELX)
SP 10/23/2014 S $1,001 - $15,000 g
fedcEntropic Communications,
 Inc. (ENTR)SP 10/23/2014 S $1,001 - $15,000 g
fedcHertz Global Holdings, Inc (
HTZ)11/5/2014 P $15,001 - $50,000 asset
owner value of asset income type(s)
income
tx. > $1,000?

D
ESCRIPTION : Purchase of 50 call options with a strike price of $22 and an expiration date o f 1/15/16Hertz Global Holdings, Inc (
HTZ)11/6/2014 P $50,001 - $100,000
D
ESCRIPTION : Purchase of 150 call options with a strike price of $22 and an expiration date o f 1/15/16Hertz Global Holdings, Inc (
HTZ)11/25/2014 P $100,001 - $250,000
D
ESCRIPTION : Purchase of 200 call options with a strike price of $22 and an expiration date of 1/15/16Hertz Global Holdings, Inc (
HTZ)11/28/2014 P $50,001 - $100,000
D
ESCRIPTION : Purchase of 100 call options with a strike price of $22 and an expiration date o f 1/15/16McGrath RentCorp (MGRC)
SP 09/22/2014 S (partial)
$50,001 -
$100,000
g
fedcbD
ESCRIPTION : Contribution of shares held personall y to The Paul & Nancy Pelosi Charitable Foundation via transfer between brokerage accounts.Robert Half Internat
ional Inc. (RHI)SP 09/22/2014 S $100,001 - $250,000
g
fedcbD
ESCRIPTION : Contribution of shares held personall y to The Paul & Nancy Pelosi Charitable Foundation via transfer between brokerage accounts.Shutterfly, Inc. (SFLY)
SP 10/23/2014 S $15,001 - $50,000 g
fedcbSunEdison, Inc. (SUNE)
SP 10/24/2014 P $100,001 - $250,000
Visa Inc. (V)
12/29/2014 S (partial)
$250,001 -
$500,000
g
fedcbD
ESCRIPTION : Sale of 1000 Shares Visa Inc. (V)
12/30/2014 S (partial)
$100,001 -
$250,000
g
fedcbD
ESCRIPTION : Sale of 500 Shares Walt Disney Company (DIS)
11/28/2014 P $1,001 - $15,000 D
ESCRIPTION : Purchase of 8 call options with a strike price of $90 and an expiration d ate of 1/15/16Walt Disney Company (DIS)
12/10/2014 P $50,001 - $100,000
D
ESCRIPTION : Purchase of 92 call options with a strike price of $90 and an expiration date o f 1/15/16S
cHeDuLe  c: e arneD  i ncome asset
owner Date tx. type
amount
cap. gains >
$200?

Source
type amount Financial Leasing Services
Spouse Salary N/A Fairfield Associates
Spouse Management Fee N/A Forty-Five Belden Corporation
Spouse Management Fee N/A Isolep Enterprises
Spouse Management Fee N/A Yerac Associates
Spouse Management Fee N/A S
cHeDuLe  D: L iabiLitieS owner
creditor Date incurred type amount of Liability
JT
Union Bank of California February 2002 Mortgage on 11 Zinfandel Lane, St. Helena, CA
$1,000,001 -
$5,000,000
JT
Union Bank of California December 2001 Mortgage on 723 Mule  Ears Court,Norden, CA
$500,001 -
$1,000,000
SP
Union Bank of California December 2007 Mortgage on 45 Beld en Place, SanFrancisco, CA
$1,000,001 -
$5,000,000
SP
Berkadia Commerical Mortgage August 2007 Mortgage on 25 Poi nt Lobos Avenue, SanFrancisco, CA
$1,000,001 -
$5,000,000
JT
Union Bank of California April 2005 Mortgage on 1600 Atlas Peak Road, Napa, CA
$250,001 -
$500,000
SP
Union Bank of California July 2002 Equity Line of Credit on 11 Zinfandel Lane, St. Helena, CA
$1,000,001 -
$5,000,000
SP
City National Bank July 2011 Brokerage Collateral Loan $1,000,001 - $5,000,000
JT
Union Bank of California September 2007 Mortgage on 2640 Bro adway, SanFrancisco, CA
$5,000,001 -
$25,000,000
SP
Bank of America November 2006 Mortgage on 3030 K Street, Washington, DC
$1,000,001 -
$5,000,000
SP
Bank of America January 2003 Equity Line of Credit on 3030 K Street, Washington, DC
$100,001 -
$250,000
JT
Union Bank of California December 2012 Equity Line of Credit on 2640 Broadway, San Francisco, CA
$500,001 -
$1,000,000
SP
City National Securities Ongoing Brokerage Margin Account $1,000,001 - $5,000,000
JT
City National Bank April 2014 Equity Line of Credit on 723 Mule Ears Court, Norden, CA
$100,001 -
$250,000

SP
Barclays Bank October 2014 US Airways MasterCard Revolv ing Line$15,001 - $50,000 S
cHeDuLe  e: P oSitionS Position
name of organization CFO & Secretary
The Paul & Nancy Pelosi Charitable F oundationHonorary Advisory Board
The Women & Politics Institute at American Unive rsityCongressional Advisory Board
International Women's Democracy Center Trustee
United States Botanic Garden Board of Trustees Member Ex Off
icioKennedy Center Honorary Board of Advisors
Lead America Honorary Board of Advisors
National Student Leadership Foundation Honorary Member
Wheelchair Foundation Honorary Board Member
National Women's History Museum Distinguished Board Member
National Organization of Italian American Women Board of Advisors
Close Up Foundation Member of Board of Directors
National First Ladies' Library S
cHeDuLe  f: a greementS None disclosed.
S
cHeDuLe  g: g iftS None disclosed.
S
cHeDuLe  H: t raveL  P aymentS  anD  r eimburSementS None disclosed.
S
cHeDuLe  i: P aymentS  m aDe  to  c Harity  in  L ieu  of  H onoraria None disclosed.
e
xcLuSionS  of  S PouSe , D ePenDent , or  t ruSt  i nformation iPo
: Did you purchase any share s that were allocated as a part of an Initial Public Offering?n
mlkj Yes n mlkji Noowner
creditor Date incurred type amount of Liability

trusts
: Details regarding ""Qualified Blind Trusts"" a pproved by the Committee on Ethics and certain other ""excepted trusts"" need notbe disclosed. Have
 you excluded from this report details of such a trust benefiting you, your spouse, or dependent child?n
mlkj Yes n mlkji Noexemption
: Have you excluded from this report any other assets, ""unearned"" income, transactions, or liabilities of a spouse ordependent child because they meet all th
ree tests for exemption?n
mlkj Yes n mlkji Noc
ertification  anD  S ignature g
fedcb I CERTIFY that the statements I have made on the attached Financial Disclosure Report are true, complete, and correct to thebest of my knowledge a
nd belief.Digitally Signed: 
Hon. Nancy Pelosi , 07/7/2015 "
A,2014,10008189,16284,"f
inanciaL  D iScLoSure  r ePort Clerk of the House of Re
presentatives • Legislative Resource Center • 135 Cannon Building • Washington, DC 20515f
iLer  i nformation name:
Hon. Nancy Pelosi Status:
Member State/District:
CA12 f
iLing  i nformation filing type:
Amendment Report filing year:
2014 filing Date:
07/7/2015 S
cHeDuLe  a: a SSetS  anD  ""u nearneD "" i ncome asset
owner value of asset income type(s)
income
tx. > $1,000?
11 Zinfandel Lane - Home & Vineyard
JT $5,000,001 - $25,000,000
Grape Sales
$5,001 - $15,000 g
fedcL
OCATION : St. Helena/Napa, CA, US 1600 Atlas Peak Road - Real Estate Investment
JT $500,001 - $1,000,000
Rent
$15,001 - $50,000 g
fedcL
OCATION : Napa/Napa, CA, US 25 Point Lobos - Commerci
al PropertySP $5,000,001 - $25,000,000
Rent
$100,001 - $1,000,000
g
fedcL
OCATION : San Francisco/San Francisco, CA, US 45 Belden Place - Four Story Commerci
alBuilding
SP
$1,000,001 - $5,000,000
Rent
$100,001 - $1,000,000
g
fedcL
OCATION : San Francisco/San Francisco, CA, US 723 Mule Ears Court - Town
homeJT $1,000,001 - $5,000,000
Rent
$15,001 - $50,000 g
fedcL
OCATION : Sugar Bowl/Placer, CA, US Alcatel-Lucent (ALU)
SP None None g
fedcFiling ID #10008189

Alcoa Inc. (AA)
SP None Dividends $1 - $200 g
fedcbApple Inc. (AAPL)
SP $1,000,001 - $5,000,000
Dividends
$15,001 - $50,000 g
fedcAristotle LLC
SP $15,001 - $50,000 None g
fedcL
OCATION : San Francisco/San Francisco, CA, US D
ESCRIPTION : Ltd. Partnership Investment in Aristotle Publishing, Inc. Attensity Group Inc. Preferred Stock
SP $1,001 - $15,000 None g
fedcD
ESCRIPTION : Investment in Hosted Analytical Software Application - Palo Alto, CA Auberge du Soleil
SP $1,000,001 - $5,000,000
Partnership
income
$100,001 -
$1,000,000
g
fedcL
OCATION : Rutherford/Napa, CA, US D
ESCRIPTION : Ltd. Partnership Investment in Resort Hotel Bank of America - Checking Account
SP $1,001 - $15,000 None g
fedcD
ESCRIPTION : San Francisco, CA Bank of America - Checking Account
JT $1 - $1,000 None g
fedcD
ESCRIPTION : San Francisco, CA Bank of America - Checking Account
SP $1 - $1,000 None g
fedcD
ESCRIPTION : Washington, DC BF Enterprises Common Stock New (BFET)
SP $15,001 - $50,000 Dividends $1,001 - $2,500 g
fedcBidclerk Inc. Preferred Stock (Currently 
known asiSqFt)
SP
None None g
fedcD
ESCRIPTION : Investment in Contracting Industry Online Services Company - So uth San Francisco, CABlucora, Inc. (BCOR)
SP None Capital Gains $2,501 - $5,000 g
fedcbBorel Real Estate Company
SP $100,001 - $250,000
Rent
$15,001 - $50,000 g
fedcL
OCATION : San Mateo/San Mateo, CA, US D
ESCRIPTION : Ltd. Partnership Interest in Shopping Center Broadcom Corporation - Class
 A (BRCM)SP None None g
fedcbasset
owner value of asset income type(s)
income
tx. > $1,000?

City Car Services LLC
SP $500,001 - $1,000,000
Partnership
Income
$15,001 - $50,000
g
fedcL
OCATION : Hingham/Plymouth, MA, US D
ESCRIPTION : Ltd. Partnership Investment in Limousine Company City National Bank - Checking Account
SP $1,001 - $15,000 None g
fedcD
ESCRIPTION : San Francisco, CA City National Securities - Brokerage M
oneyMarket Account
SP
$1 - $1,000 Dividends $1 - $200 g
fedcClean Energy Fuels Corp. (C
LNE)SP $15,001 - $50,000 None g
fedcCollab.net LLC
SP $1 - $1,000 Partnership Loss $5,001 - $15,000 g
fedcL
OCATION : San Francisco/San Francisco, CA, US D
ESCRIPTION : Ltd. Partnership Investment in Collaborative Software Development Company Comcast Corporation - Cl
ass A (CMCSA)SP $500,001 - $1,000,000
Dividends
$5,001 - $15,000 g
fedcCongressional Credit Union - Checking Ac
count$1,001 - $15,000 None g
fedcD
ESCRIPTION : Washington, DC Dow Chemical Company (DOW)
SP None Capital Gains, Dividends
$2,501 - $5,000
g
fedcbEDI Associates
SP $250,001 - $500,000
Partnership
Income
$50,001 -
$100,000
g
fedcL
OCATION : Sonoma/Sonoma, CA, US D
ESCRIPTION : Ltd. Partnership Investment in El Dorado Hotel Emulex Corporation (ELX)
SP None None g
fedcbEntropic Communications,
 Inc. (ENTR)SP None None g
fedcbFacebook, Inc. - Class 
A (FB)SP $250,001 - $500,000
None
g
fedcFinancial Leasing Services
SP $100,001 - $250,000
None
g
fedcL
OCATION : San Francisco/San Francisco, CA, US D
ESCRIPTION : Investment Consulting Company asset
owner value of asset income type(s)
income
tx. > $1,000?

Forty-Five Belden Corporation
SP $1,000,001 - $5,000,000
Partnership
Income
$100,001 -
$1,000,000
g
fedcL
OCATION : San Francisco/San Francisco, CA, US D
ESCRIPTION : Investment Management Company Global Ambassador Concierge L
LCSP $15,001 - $50,000 Partnership Loss $1 - $200 g
fedcL
OCATION : Washington, DC, US D
ESCRIPTION : Ltd. Partnership Interest in Concierge Services for Intern ational TravelersGranite Ventures LP
SP $50,001 - $100,000
Partnership Loss
$1 - $200 g
fedcL
OCATION : San Francisco/San Francisco, CA, US D
ESCRIPTION : Ltd. Partnership Interest in Venture Capital Company Investing in Communications & SoftwareHertz Global Holdings, Inc.
 (HTZ)SP $250,001 - $500,000
None
g
fedcbD
ESCRIPTION : 500 call options with a strike price of $22 and an expiration date of 1/15/16 Ibiquity Digi
tal Corporation Preferred StockSP $1 - $1,000 None g
fedcD
ESCRIPTION : Investment in Digital Radio Systems Company - Columbia, MDInteractive Brokers Group, Inc. (
IBKR)SP $100,001 - $250,000
Dividends
$1,001 - $2,500 g
fedcInternet Cap Group Common Stock
SP None None g
fedcD
ESCRIPTION : Internet Cap Group Common Stock iSqFt (Formerly known as Bidclerk Inc.)
SP $1 - $1,000 Partnership Income
$2,501 - $5,000
g
fedcL
OCATION : South San Francisco, CA, US D
ESCRIPTION : Investment in Contracting Industry Online Services Company - So uth San Francisco, CAMarquetry Antiques
SP $100,001 - $250,000
Partnership Loss
$5,001 - $15,000 g
fedcL
OCATION : San Francisco/San Francisco, CA, US D
ESCRIPTION : Ltd. Partnership Interest in Antiques Company Matthews International Mutual Fund
SP $50,001 - $100,000
Dividends
$201 - $1,000 g
fedcMcGrath RentCorp (MGRC)
SP $250,001 - $500,000
Capital Gains,
Dividends
$50,001 -
$100,000
g
fedcbasset
owner value of asset income type(s)
income
tx. > $1,000?

ModusLink Global Solutions, I
nc (MLNK)SP None None g
fedcMorningstar, Inc. (MORN)
SP $100,001 - $250,000
Dividends
$1,001 - $2,500 g
fedcMosher Partners LP
SP $250,001 - $500,000
Partnership
Income
$50,001 -
$100,000
g
fedcL
OCATION : Sacramento/Sacramento, CA, US D
ESCRIPTION : Undeveloped Residential Real Estate Inve stmentNautilus Leasing Services
SP $50,001 - $100,000
None
g
fedcL
OCATION : San Francisco/San Francisco, CA, US D
ESCRIPTION : Container Leasing Company Nine Forty Five Battery LLC
SP $5,000,001 - $25,000,000
Partnership
Income
$100,001 -
$1,000,000
g
fedcL
OCATION : San Francisco/San Francisco, CA, US D
ESCRIPTION : General Partner in 945 Battery Street Office B uildingOdyssey LLC
SP $15,001 - $50,000 None g
fedcL
OCATION : San Francisco/San Francisco, CA, US D
ESCRIPTION : Ltd. Partnership Interest in Venture Capital Investment Firm Piatti Restaurant Company
SP $1,000,001 - $5,000,000
Partnership
Income
$15,001 - $50,000
g
fedcL
OCATION : Tiburon/Marin, CA, US D
ESCRIPTION : Ltd. Partnership Investment in Restaurant Company QUALCOMM Incorporated (QCOM)
SP $15,001 - $50,000 Dividends $201 - $1,000 g
fedcRobert Half Internat
ional Inc. (RHI)SP None Capital Gains, Dividends
$100,001 -
$1,000,000
g
fedcbRussell Ranch LLC
SP $5,000,001 - $25,000,000
Partnership
Income
$100,001 -
$1,000,000
g
fedcL
OCATION : Sacramento/Sacramento, CA, US D
ESCRIPTION : Ltd. Partner in Undeveloped Residential Real E state InvestmentSalesforce.com Inc (CRM)
SP $500,001 - $1,000,000
None
g
fedcShutterfly, Inc. (SFLY)
SP None Capital Gains $15,001 - $50,000 g
fedcbasset
owner value of asset income type(s)
income
tx. > $1,000?

Sierra Vista Baseline Investors LP
SP $250,001 - $500,000
Partnership Loss
$1,001 - $2,500 g
fedcL
OCATION : Sacramento/Sacramento, CA, US D
ESCRIPTION : Ltd. Partnership in Undeveloped Real Estate Investment Speakeasy Investors LP
SP $1,001 - $15,000 None g
fedcL
OCATION : Seattle/King, WA, US D
ESCRIPTION : Ltd. Partnership Investment in DSL Broadband Service s ProviderStoneridge LLC
SP $250,001 - $500,000
Partnership Loss
$1,001 - $2,500 g
fedcL
OCATION : Sacramento/Sacramento, CA, US D
ESCRIPTION : Ltd. Partner in Undeveloped Residential Real E state InvestmentSunEdison, Inc. (SUNE)
SP $100,001 - $250,000
None
g
fedcbThirteen Hundred One Sansome LLC
SP $1,000,001 - $5,000,000
Rent
$100,001 - $1,000,000
g
fedcL
OCATION : San Francisco/San Francisco, CA, US D
ESCRIPTION : General Partner in 1301 Sansome Street Office BuildingTripath Technology I
nc. Common StockSP $1 - $1,000 None g
fedcD
ESCRIPTION : Common Stock Not Actively Traded Trivium LLC
SP $15,001 - $50,000 None g
fedcL
OCATION : San Francisco/San Francisco, CA, US D
ESCRIPTION : Ltd. Partnership Investment in E-Business Software Solutions CompanyUnion Bank of California - Checking Account
SP $1 - $1,000 None g
fedcD
ESCRIPTION : San Francisco, CA Union Bank of California - Money Market
Account
SP
$1 - $1,000 None g
fedcD
ESCRIPTION : San Francisco, CA Union Bank of California - Pelosi Trust Che
ckingAccount
SP
$1 - $1,000 None g
fedcD
ESCRIPTION : San Francisco, CA United Football League
SP $5,000,001 - $25,000,000
None
g
fedcL
OCATION : Jacksonville/Duval, FL, US asset
owner value of asset income type(s)
income
tx. > $1,000?

D
ESCRIPTION : Ltd. Partnership Interest in Football League United Football Lea
gue Sacramento MountainLions Team
SP
$5,000,001 - $25,000,000
Partnership Loss
$100,001 - $1,000,000
g
fedcL
OCATION : Sacramento/Sacramento, CA, US D
ESCRIPTION : Ltd. Partnership Interest in Football Franchise Visa Inc. (V)
SP $1,000,001 - $5,000,000
Capital Gains,
Dividends
$100,001 -
$1,000,000
g
fedcbWalt Disney Company
SP $100,001 - $250,000
None
g
fedcbD
ESCRIPTION : 100 call options with a strike price of $90 and an expiration date of 1/15/ 16Wells Fargo Bank - 
Checking AccountJT $1,001 - $15,000 Interest $1 - $200 g
fedcD
ESCRIPTION : San Francisco, CA Yerac Associates
SP $100,001 - $250,000
Partnership
Income
$2,501 - $5,000
g
fedcL
OCATION : San Francisco/San Francisco, CA, US D
ESCRIPTION : Ltd. Partner in Investment Fund S
cHeDuLe  b: t ranSactionS asset
owner Date tx. type
amount
cap. gains >
$200?
Alcoa Inc. (AA)
SP 10/23/2014 S $15,001 - $50,000 g
fedcBlucora, Inc. (BCOR)
SP 10/23/2014 S $1,001 - $15,000 g
fedcbBroadcom Corporation - Class
 A (BRCM)SP 10/23/2014 S $1,001 - $15,000 g
fedcDow Chemical Company (DOW)
SP 10/23/2014 S $15,001 - $50,000 g
fedcbEmulex Corporation (ELX)
SP 10/23/2014 S $1,001 - $15,000 g
fedcEntropic Communications,
 Inc. (ENTR)SP 10/23/2014 S $1,001 - $15,000 g
fedcHertz Global Holdings, Inc (
HTZ)11/5/2014 P $15,001 - $50,000 asset
owner value of asset income type(s)
income
tx. > $1,000?

D
ESCRIPTION : Purchase of 50 call options with a strike price of $22 and an expiration date o f 1/15/16Hertz Global Holdings, Inc (
HTZ)11/6/2014 P $50,001 - $100,000
D
ESCRIPTION : Purchase of 150 call options with a strike price of $22 and an expiration date o f 1/15/16Hertz Global Holdings, Inc (
HTZ)11/25/2014 P $100,001 - $250,000
D
ESCRIPTION : Purchase of 200 call options with a strike price of $22 and an expiration date of 1/15/16Hertz Global Holdings, Inc (
HTZ)11/28/2014 P $50,001 - $100,000
D
ESCRIPTION : Purchase of 100 call options with a strike price of $22 and an expiration date o f 1/15/16McGrath RentCorp (MGRC)
SP 09/22/2014 S (partial)
$50,001 -
$100,000
g
fedcbD
ESCRIPTION : Contribution of shares held personall y to The Paul & Nancy Pelosi Charitable Foundation via transfer between brokerage accounts.Robert Half Internat
ional Inc. (RHI)SP 09/22/2014 S $100,001 - $250,000
g
fedcbD
ESCRIPTION : Contribution of shares held personall y to The Paul & Nancy Pelosi Charitable Foundation via transfer between brokerage accounts.Shutterfly, Inc. (SFLY)
SP 10/23/2014 S $15,001 - $50,000 g
fedcbSunEdison, Inc. (SUNE)
SP 10/24/2014 P $100,001 - $250,000
Visa Inc. (V)
12/29/2014 S (partial)
$250,001 -
$500,000
g
fedcbD
ESCRIPTION : Sale of 1000 Shares Visa Inc. (V)
12/30/2014 S (partial)
$100,001 -
$250,000
g
fedcbD
ESCRIPTION : Sale of 500 Shares Walt Disney Company (DIS)
11/28/2014 P $1,001 - $15,000 D
ESCRIPTION : Purchase of 8 call options with a strike price of $90 and an expiration d ate of 1/15/16Walt Disney Company (DIS)
12/10/2014 P $50,001 - $100,000
D
ESCRIPTION : Purchase of 92 call options with a strike price of $90 and an expiration date o f 1/15/16S
cHeDuLe  c: e arneD  i ncome asset
owner Date tx. type
amount
cap. gains >
$200?

Source
type amount Financial Leasing Services
Spouse Salary N/A Fairfield Associates
Spouse Management Fee N/A Forty-Five Belden Corporation
Spouse Management Fee N/A Isolep Enterprises
Spouse Management Fee N/A Yerac Associates
Spouse Management Fee N/A S
cHeDuLe  D: L iabiLitieS owner
creditor Date incurred type amount of Liability
JT
Union Bank of California February 2002 Mortgage on 11 Zinfandel Lane, St. Helena, CA
$1,000,001 -
$5,000,000
JT
Union Bank of California December 2001 Mortgage on 723 Mule  Ears Court,Norden, CA
$500,001 -
$1,000,000
SP
Union Bank of California December 2007 Mortgage on 45 Beld en Place, SanFrancisco, CA
$1,000,001 -
$5,000,000
SP
Berkadia Commerical Mortgage August 2007 Mortgage on 25 Poi nt Lobos Avenue, SanFrancisco, CA
$1,000,001 -
$5,000,000
JT
Union Bank of California April 2005 Mortgage on 1600 Atlas Peak Road, Napa, CA
$250,001 -
$500,000
SP
Union Bank of California July 2002 Equity Line of Credit on 11 Zinfandel Lane, St. Helena, CA
$1,000,001 -
$5,000,000
SP
City National Bank July 2011 Brokerage Collateral Loan $1,000,001 - $5,000,000
JT
Union Bank of California September 2007 Mortgage on 2640 Bro adway, SanFrancisco, CA
$5,000,001 -
$25,000,000
SP
Bank of America November 2006 Mortgage on 3030 K Street, Washington, DC
$1,000,001 -
$5,000,000
SP
Bank of America January 2003 Equity Line of Credit on 3030 K Street, Washington, DC
$100,001 -
$250,000
JT
Union Bank of California December 2012 Equity Line of Credit on 2640 Broadway, San Francisco, CA
$500,001 -
$1,000,000
SP
City National Securities Ongoing Brokerage Margin Account $1,000,001 - $5,000,000
JT
City National Bank April 2014 Equity Line of Credit on 723 Mule Ears Court, Norden, CA
$100,001 -
$250,000

SP
Barclays Bank October 2014 US Airways MasterCard Revolv ing Line$15,001 - $50,000 S
cHeDuLe  e: P oSitionS Position
name of organization CFO & Secretary
The Paul & Nancy Pelosi Charitable F oundationHonorary Advisory Board
The Women & Politics Institute at American Unive rsityCongressional Advisory Board
International Women's Democracy Center Trustee
United States Botanic Garden Board of Trustees Member Ex Off
icioKennedy Center Honorary Board of Advisors
Lead America Honorary Board of Advisors
National Student Leadership Foundation Honorary Member
Wheelchair Foundation Honorary Board Member
National Women's History Museum Distinguished Board Member
National Organization of Italian American Women Board of Advisors
Close Up Foundation Member of Board of Directors
National First Ladies' Library S
cHeDuLe  f: a greementS None disclosed.
S
cHeDuLe  g: g iftS None disclosed.
S
cHeDuLe  H: t raveL  P aymentS  anD  r eimburSementS None disclosed.
S
cHeDuLe  i: P aymentS  m aDe  to  c Harity  in  L ieu  of  H onoraria None disclosed.
e
xcLuSionS  of  S PouSe , D ePenDent , or  t ruSt  i nformation iPo
: Did you purchase any share s that were allocated as a part of an Initial Public Offering?n
mlkj Yes n mlkji Noowner
creditor Date incurred type amount of Liability

trusts
: Details regarding ""Qualified Blind Trusts"" a pproved by the Committee on Ethics and certain other ""excepted trusts"" need notbe disclosed. Have
 you excluded from this report details of such a trust benefiting you, your spouse, or dependent child?n
mlkj Yes n mlkji Noexemption
: Have you excluded from this report any other assets, ""unearned"" income, transactions, or liabilities of a spouse ordependent child because they meet all th
ree tests for exemption?n
mlkj Yes n mlkji Noc
ertification  anD  S ignature g
fedcb I CERTIFY that the statements I have made on the attached Financial Disclosure Report are true, complete, and correct to thebest of my knowledge a
nd belief.Digitally Signed: 
Hon. Nancy Pelosi , 07/7/2015 "
A,2015,10012829,14072,"f
inancial  D iScloSure  r ePort Clerk of the House of Re
presentatives • Legislative Resource Center • 135 Cannon Building • Washington, DC 20515f
iler  i nformation name:
Hon. Nancy Pelosi Status:
Member State/District:
CA12 f
iling  i nformation filing type:
Amendment Report filing year:
2015 filing Date:
06/3/2016 S
cHeDule  a: a SSetS  anD  ""u nearneD "" i ncome asset
owner value of asset income type(s)
income
tx. > $1,000?
11 Zinfandel Lane - Home & Vineyard
JT $5,000,001 - $25,000,000
None
g
fedcL
OCATION : St. Helena/Napa, CA, US 1600 Atlas Peak Road - Real Estate Investment
JT $500,001 - $1,000,000
Rent
$15,001 - $50,000 g
fedcL
OCATION : Napa/Napa, CA, US 25 Point Lobos - Commerci
al PropertySP $5,000,001 - $25,000,000
Rent
$100,001 - $1,000,000
g
fedcL
OCATION : San Francisco/San Francisco, CA, US 45 Belden Place - Four Story Commerci
alBuilding
SP
$1,000,001 - $5,000,000
Rent
$100,001 - $1,000,000
g
fedcL
OCATION : San Francisco/San Francisco, CA, US 723 Mule Ears Court - Town
homeJT $1,000,001 - $5,000,000
Rent
$50,001 - $100,000
g
fedcL
OCATION : Sugar Bowl/Placer, CA, US Apple Inc. (AAPL)
SP $1,000,001 - $5,000,000
Dividends
$15,001 - $50,000 g
fedcFiling ID #10012829

Aristotle LLC
SP $15,001 - $50,000 None g
fedcL
OCATION : San Francisco/San Francisco, CA, US D
ESCRIPTION : Ltd. Partnership Investment in Aristotle Publishing, Inc. Attensity Group Inc. Preferred Stock
SP $1,001 - $15,000 None g
fedcD
ESCRIPTION : Investment in Hosted Analytical Software Application - Palo Alto, CA Auberge du Soleil
SP $1,000,001 - $5,000,000
Partnership
income
$100,001 -
$1,000,000
g
fedcL
OCATION : Rutherford/Napa, CA, US D
ESCRIPTION : Ltd. Partnership Investment in Resort Hotel Bank of America - Checking Account
SP $1,001 - $15,000 None g
fedcD
ESCRIPTION : San Francisco, CA Bank of America - Checking Account
JT $1 - $1,000 None g
fedcD
ESCRIPTION : San Francisco, CA Bank of America - Checking Account
SP $1 - $1,000 None g
fedcD
ESCRIPTION : Washington, DC BF Enterprises Common Stock New (BFET)
SP $15,001 - $50,000 Dividends $1,001 - $2,500 g
fedcD
ESCRIPTION : Asset name change during 2015 to BFE Corporation Borel Real Estate Company
SP $100,001 - $250,000
Rent
$15,001 - $50,000 g
fedcL
OCATION : San Mateo/San Mateo, CA, US D
ESCRIPTION : Ltd. Partnership Interest in Shopping Center City Car Services LLC
SP $500,001 - $1,000,000
Partnership
Income
$15,001 - $50,000
g
fedcL
OCATION : Hingham/Plymouth, MA, US D
ESCRIPTION : Ltd. Partnership Investment in Limousine Company City National Bank - Checking Account
SP $50,001 - $100,000
None
g
fedcD
ESCRIPTION : San Francisco, CA City National Securities - Brokerage M
oneyMarket Account
SP
$1,001 - $15,000 Dividends $1 - $200 g
fedcClean Energy Fuels Corp. (C
LNE)SP $15,001 - $50,000 None g
fedcasset
owner value of asset income type(s)
income
tx. > $1,000?

Collab.net LLC
SP None Partnership Loss $1 - $200 g
fedcL
OCATION : San Francisco, CA, US D
ESCRIPTION : Ltd. Partnership Investment in Collaborative Software Development Company Comcast Corporation - Cl
ass A (CMCSA)SP $500,001 - $1,000,000
Dividends
$5,001 - $15,000 g
fedcCongressional Credit Union - Checking Ac
count$15,001 - $50,000 None g
fedcD
ESCRIPTION : Washington, DC EDI Associates
SP $250,001 - $500,000
Partnership
Income
$50,001 -
$100,000
g
fedcL
OCATION : Sonoma/Sonoma, CA, US D
ESCRIPTION : Ltd. Partnership Investment in El Dorado Hotel Facebook, Inc. - Class 
A (FB)SP $500,001 - $1,000,000
None
g
fedcFinancial Leasing Services
SP $100,001 - $250,000
None
g
fedcL
OCATION : San Francisco/San Francisco, CA, US D
ESCRIPTION : Investment Consulting Company Forty-Five Belden Corporation
SP $1,000,001 - $5,000,000
Partnership Loss
$100,001 - $1,000,000
g
fedcL
OCATION : San Francisco/San Francisco, CA, US D
ESCRIPTION : Investment Management Company Global Ambassador Concierge L
LCSP $15,001 - $50,000 None g
fedcL
OCATION : Washington, DC, US D
ESCRIPTION : Ltd. Partnership Interest in Concierge Services for Intern ational TravelersGranite Ventures LP
SP $15,001 - $50,000 Partnership Loss $5,001 - $15,000 g
fedcL
OCATION : San Francisco/San Francisco, CA, US D
ESCRIPTION : Ltd. Partnership Interest in Venture Capital Company Investing in Communications & SoftwareHertz Global Holdings, Inc.
 (HTZ)SP $15,001 - $50,000 None g
fedcbD
ESCRIPTION : 500 call options with a strike price of $22 with an expiration date of 1/15/16 and 300 call options with a strike price of $14 with an expiration date of 1/15/16
Ibiquity Digi
tal Corporation Preferred StockSP None None g
fedcD
ESCRIPTION : Investment in Digital Radio Systems Company - Columbia, MDasset
owner value of asset income type(s)
income
tx. > $1,000?

Interactive Brokers Group, Inc. (
IBKR)SP $100,001 - $250,000
Dividends
$1,001 - $2,500 g
fedciSqFt (Formerly known as Bidclerk Inc.)
SP None None g
fedcL
OCATION : South San Francisco, CA, US D
ESCRIPTION : Investment in Contracting Industry Online Services Company - So uth San Francisco, CAMarquetry Antiques
SP None Partnership Loss $50,001 - $100,000
g
fedcL
OCATION : San Francisco/San Francisco, CA, US D
ESCRIPTION : Ltd. Partnership Interest in Antiques Company Matthews International Mutual Fund
SP $50,001 - $100,000
Dividends
$201 - $1,000 g
fedcMcGrath RentCorp (MGRC)
SP $100,001 - $250,000
Dividends
$5,001 - $15,000 g
fedcMorningstar, Inc. (MORN)
SP $100,001 - $250,000
Dividends
$1,001 - $2,500 g
fedcMosher Partners LP
SP $250,001 - $500,000
Partnership Loss
$100,001 - $1,000,000
g
fedcL
OCATION : Sacramento/Sacramento, CA, US D
ESCRIPTION : Undeveloped Residential Real Estate Inve stmentNautilus Leasing Services
SP $50,001 - $100,000
None
g
fedcL
OCATION : San Francisco/San Francisco, CA, US D
ESCRIPTION : Container Leasing Company Nine Forty Five Battery LLC
SP $5,000,001 - $25,000,000
Partnership Loss
$100,001 - $1,000,000
g
fedcL
OCATION : San Francisco/San Francisco, CA, US D
ESCRIPTION : General Partner in 945 Battery Street Office B uildingOdyssey LLC
SP $15,001 - $50,000 None g
fedcL
OCATION : San Francisco/San Francisco, CA, US D
ESCRIPTION : Ltd. Partnership Interest in Venture Capital Investment Firm Piatti Restaurant Company
SP $1,000,001 - $5,000,000
Partnership Loss
$2,501 - $5,000 g
fedcL
OCATION : Tiburon/Marin, CA, US asset
owner value of asset income type(s)
income
tx. > $1,000?

D
ESCRIPTION : Ltd. Partnership Investment in Restaurant Company QUALCOMM Incorporated (QCOM)
SP $1,001 - $15,000 Dividends $201 - $1,000 g
fedcRussell Ranch LLC
SP $5,000,001 - $25,000,000
Partnership
Income
$100,001 -
$1,000,000
g
fedcL
OCATION : Sacramento/Sacramento, CA, US D
ESCRIPTION : Ltd. Partner in Undeveloped Residential Real E state InvestmentSalesforce.com Inc (CRM)
SP $500,001 - $1,000,000
Capital Gains
$50,001 - $100,000
g
fedcbSierra Vista Baseline Investors LP
SP $250,001 - $500,000
Partnership
Income
$5,001 - $15,000
g
fedcL
OCATION : Sacramento/Sacramento, CA, US D
ESCRIPTION : Ltd. Partnership in Undeveloped Real Estate Investment Speakeasy Investors LP
SP $1,001 - $15,000 Partnership Loss $1,001 - $2,500 g
fedcL
OCATION : Seattle/King, WA, US D
ESCRIPTION : Ltd. Partnership Investment in DSL Broadband Service s ProviderStoneridge LLC
SP $250,001 - $500,000
Partnership Loss
$201 - $1,000 g
fedcL
OCATION : Sacramento/Sacramento, CA, US D
ESCRIPTION : Ltd. Partner in Undeveloped Residential Real E state InvestmentSunEdison, Inc. (SUNE)
SP $15,001 - $50,000 None g
fedcThirteen Hundred One Sansome LLC
SP $1,000,001 - $5,000,000
Rent
$100,001 - $1,000,000
g
fedcL
OCATION : San Francisco/San Francisco, CA, US D
ESCRIPTION : General Partner in 1301 Sansome Street Office BuildingTripath Technology I
nc. Common StockSP $1 - $1,000 None g
fedcD
ESCRIPTION : Common Stock Not Actively Traded Trivium LLC
SP $15,001 - $50,000 None g
fedcL
OCATION : San Francisco/San Francisco, CA, US D
ESCRIPTION : Ltd. Partnership Investment in E-Business Software Solutions CompanyUnion Bank of California - Checking Account
SP $1 - $1,000 None g
fedcD
ESCRIPTION : San Francisco, CA asset
owner value of asset income type(s)
income
tx. > $1,000?

Union Bank of California - Money Market
Account
SP
$1 - $1,000 None g
fedcD
ESCRIPTION : San Francisco, CA Union Bank of California - Pelosi Trust Che
ckingAccount
SP
$1 - $1,000 None g
fedcD
ESCRIPTION : San Francisco, CA United Football League
SP $5,000,001 - $25,000,000
None
g
fedcL
OCATION : Jacksonville/Duval, FL, US D
ESCRIPTION : Ltd. Partnership Interest in Football League United Football Lea
gue Sacramento MountainLions Team
SP
$5,000,001 - $25,000,000
Partnership Loss
$50,001 - $100,000
g
fedcL
OCATION : Sacramento/Sacramento, CA, US D
ESCRIPTION : Ltd. Partnership Interest in Football Franchise Visa Inc. (V)
SP $1,000,001 - $5,000,000
Capital Gains,
Dividends
$100,001 -
$1,000,000
g
fedcbWalt Disney Company
SP $100,001 - $250,000
None
g
fedcD
ESCRIPTION : 100 call options with a strike price of $90 and an expiration date of 1/15/ 16Wells Fargo Bank - 
Checking AccountJT $1,001 - $15,000 Interest $1 - $200 g
fedcD
ESCRIPTION : San Francisco, CA Yerac Associates
SP None Partnership Loss $15,001 - $50,000 g
fedcL
OCATION : San Francisco/San Francisco, CA, US D
ESCRIPTION : Ltd. Partner in Investment Fund S
cHeDule  b: t ranSactionS asset
owner Date tx. type
amount
cap. gains >
$200?
Hertz Global Holdings, Inc (
HTZ)07/15/2015 P $15,001 - $50,000 D
ESCRIPTION : Purchase of 42 call options with a strike price of $14 and an expiration date o f 1/15/16Hertz Global Holdings, Inc (
HTZ)07/16/2015 P $100,001 - $250,000
D
ESCRIPTION : Purchase of 258 call options with a strike price of $14 and an expiration date o f 1/15/16asset
owner value of asset income type(s)
income
tx. > $1,000?

Salesforce.com Inc (CRM)
12/30/2015 S (partial)
$50,001 -
$100,000
g
fedcbD
ESCRIPTION : Contribution of 1,084 shares held personall y to The Paul & Nancy Pelosi Charitable Foundation via transfer between brokerageaccounts.
Visa Inc. (V)
12/29/2015 S (partial)
$250,001 -
$500,000
g
fedcbD
ESCRIPTION : Sale of 5,000 Shares Visa Inc. (V)
12/30/2015 S (partial)
$100,001 -
$250,000
g
fedcbD
ESCRIPTION : Contribution of 2,000 shares held personally to The Pa ul & Nancy Pelosi Charitable Foundation via transfer between brokerageaccounts.
S
cHeDule  c: e arneD  i ncome Source
type amount Financial Leasing Services
Spouse Salary N/A Fairfield Associates
Spouse Management Fee N/A Forty-Five Belden Corporation
Spouse Management Fee N/A Isolep Enterprises
Spouse Management Fee N/A Yerac Associates
Spouse Management Fee N/A S
cHeDule  D: l iabilitieS owner
creditor Date incurred type amount of liability
JT
Union Bank of California February 2002 Mortgage on 11 Zinfandel Lane, St. Helena, CA
$1,000,001 -
$5,000,000
JT
Union Bank of California December 2001 Mortgage on 723 Mule  Ears Court,Norden, CA
$500,001 -
$1,000,000
SP
Union Bank of California December 2007 Mortgage on 45 Beld en Place, SanFrancisco, CA
$1,000,001 -
$5,000,000
SP
Berkadia Commerical Mortgage August 2007 Mortgage on 25 Poi nt Lobos Avenue, SanFrancisco, CA
$1,000,001 -
$5,000,000
JT
Union Bank of California April 2005 Mortgage on 1600 Atlas Peak Road, Napa, CA
$250,001 -
$500,000
asset
owner Date tx. type
amount
cap. gains >
$200?

SP
Union Bank of California July 2002 Equity Line of Credit on 11 Zinfandel Lane, St. Helena, CA
$1,000,001 -
$5,000,000
SP
City National Bank July 2011 Brokerage Collateral Loan $1,000,001 - $5,000,000
JT
Union Bank of California September 2007 Mortgage on 2640 Bro adway, SanFrancisco, CA
$5,000,001 -
$25,000,000
SP
Bank of America November 2006 Mortgage on 3030 K Street, Washington, DC
$1,000,001 -
$5,000,000
SP
Bank of America January 2003 Equity Line of Credit on 3030 K Street, Washington, DC
$100,001 -
$250,000
JT
Union Bank of California December 2012 Equity Line of Credit on 2640 Broadway, San Francisco, CA
$500,001 -
$1,000,000
SP
City National Securities Ongoing Brokerage Margin Account $1,000,001 - $5,000,000
JT
City National Bank April 2014 Equity Line of Credit on 723 Mule Ears Court, Norden, CA
$100,001 -
$250,000
SP
Barclays Bank October 2014 US Airways MasterCard Revolv ing Line$15,001 - $50,000 S
cHeDule  e: P oSitionS Position
name of organization CFO & Secretary
The Paul & Nancy Pelosi Charitable F oundationHonorary Advisory Board
The Women & Politics Institute at American Unive rsityCongressional Advisory Board
International Women's Democracy Center Trustee
United States Botanic Garden Board of Trustees Member Ex Off
icioKennedy Center Honorary Board of Advisors
Lead America Honorary Board of Advisors
National Student Leadership Foundation Honorary Member
Wheelchair Foundation Honorary Board Member
National Women's History Museum Distinguished Board Member
National Organization of Italian American Women Board of Advisors
Close Up Foundation Member of Board of Directors
National First Ladies' Library owner
creditor Date incurred type amount of liability

S
cHeDule  f: a greementS None disclosed.
S
cHeDule  g: g iftS None disclosed.
S
cHeDule  H: t ravel  P aymentS  anD  r eimburSementS None disclosed.
S
cHeDule  i: P aymentS  m aDe  to  c Harity  in  l ieu  of  H onoraria None disclosed.
e
xcluSionS  of  S PouSe , D ePenDent , or  t ruSt  i nformation iPo
: Did you purchase any share s that were allocated as a part of an Initial Public Offering?n
mlkj Yes n mlkji Notrusts
: Details regarding ""Qualified Blind Trusts"" a pproved by the Committee on Ethics and certain other ""excepted trusts"" need notbe disclosed. Have
 you excluded from this report details of such a trust benefiting you, your spouse, or dependent child?n
mlkj Yes n mlkji Noexemption
: Have you excluded from this report any other assets, ""unearned"" income, transactions, or liabilities of a spouse ordependent child because they meet all th
ree tests for exemption?n
mlkj Yes n mlkji Noc
ertification  anD  S ignature g
fedcb I CERTIFY that the statements I have made on the attached Financial Disclosure Report are true, complete, and correct to thebest of my knowledge a
nd belief.Digitally Signed: 
Hon. Nancy Pelosi , 06/3/2016 "
O,2012,8205631,21,"




















"
O,2013,10000512,16111,"f
inancial  D iScloSure  r ePort Clerk of the House of Re
presentatives • Legislative Resource Center • B-106 Cannon Building • Washington, DC 20515f
iler  i nformation name:
Ms. Nancy Pelosi Status:
Member State/District:
CA12 f
iling  i nformation filing type:
Annual Report filing year:
2013 filing Date:
05/15/2014 S
cHeDule  a: a SSetS  anD  ""u nearneD "" i ncome asset
owner value of asset income type(s)
income
tx. > $1,000?
11 Zinfandel Lane - Home & Vineyard
JT $5,000,001 - $25,000,000
Grape Sales
$100,001 - $1,000,000
g
fedcL
OCATION : St. Helena/Napa, CA, US 1600 Atlas Peak Road - Real Estate Investment
JT $500,001 - $1,000,000
Rent
$15,001 - $50,000 g
fedcL
OCATION : Napa/Napa, CA, US 25 Point Lobos - Commerci
al PropertySP $5,000,001 - $25,000,000
Rent
$100,001 - $1,000,000
g
fedcL
OCATION : San Francisco/San Francisco, CA, US 45 Belden Place - Four Story Commerci
al BuildingSP $1,000,001 - $5,000,000
Rent
$100,001 - $1,000,000
g
fedcL
OCATION : San Francisco/San Francisco, CA, US 723 Mule Ears Court - Town
homeJT $1,000,001 - $5,000,000
Rent
$5,001 - $15,000 g
fedcL
OCATION : Sugar Bowl/Placer, CA, US Active Network, Inc.
 Common StockSP None Capital Gains $15,001 - $50,000 g
fedcbD
ESCRIPTION : Active Network Inc. Common Stock Filing ID #10000512

Alcatel-Lucent (ALU)
SP $1,001 - $15,000 Dividends $1 - $200 g
fedcAlcoa Inc. (AA)
SP $1,001 - $15,000 Dividends $1 - $200 g
fedcApple Inc. (AAPL)
SP $1,000,001 - $5,000,000
Dividends
$15,001 - $50,000 g
fedcAristotle LLC
SP $15,001 - $50,000 None g
fedcL
OCATION : San Francisco/San Francisco, CA, US D
ESCRIPTION : Ltd. Partnership Investment in Aristotle Publishing, Inc. Attensity Group Inc. Preferred Stock
SP $1,001 - $15,000 None g
fedcD
ESCRIPTION : Investment in Hosted Analytical Software Application - Palo Alto, CA Auberge du Soleil
SP $1,000,001 - $5,000,000
Partnership
income
$100,001 -
$1,000,000
g
fedcL
OCATION : Rutherford/Napa, CA, US D
ESCRIPTION : Ltd. Partnership Investment in Resort Hotel Bank of America - Checking Account
SP $1,001 - $15,000 None g
fedcD
ESCRIPTION : San Francisco, CA Bank of America - Checking Account
JT $1 - $1,000 None g
fedcD
ESCRIPTION : San Francisco, CA Bank of America - Checking Account
SP $1 - $1,000 None g
fedcD
ESCRIPTION : Washington, DC BF Enterprises Common Stock New (BFET)
SP $15,001 - $50,000 None g
fedcBidclerk Inc. Preferred Stock
SP $1,001 - $15,000 None g
fedcD
ESCRIPTION : Investment in Contracting Industry Online Services Company - So uth San Francisco, CABlucora, Inc. (BCOR)
SP $15,001 - $50,000 None g
fedcBorel Real Estate Company
SP $100,001 - $250,000
Rent
$15,001 - $50,000 g
fedcL
OCATION : San Mateo/San Mateo, CA, US D
ESCRIPTION : Ltd. Partnership Interest in Shopping Center asset
owner value of asset income type(s)
income
tx. > $1,000?

Broadcom Corporation - Class
 A (BRCM)SP $1,001 - $15,000 None g
fedcCity Car Services LLC
SP $500,001 - $1,000,000
Partnership
Income
$5,001 - $15,000
g
fedcL
OCATION : Hingham/Plymouth, MA, US D
ESCRIPTION : Ltd. Partnership Investment in Limousine Company City National Bank - Checking Account
SP $15,001 - $50,000 None g
fedcD
ESCRIPTION : San Francisco, CA City National Securities - Brokerage M
oney MarketAccount
SP
None None g
fedcC
OMMENTS : Decrease In Value During 2013 Clean Energy Fuels Corp. (C
LNE)SP $50,001 - $100,000
None
g
fedcCollab.net LLC
SP $1,001 - $15,000 None g
fedcL
OCATION : San Francisco/San Francisco, CA, US D
ESCRIPTION : Ltd. Partnership Investment in Collaborative Software Development Company Comcast Corporation - Cl
ass A (CMCSA)SP $500,001 - $1,000,000
Dividends
$5,001 - $15,000 g
fedcCongressional Credit Union - Checking Ac
count$15,001 - $50,000 None g
fedcD
ESCRIPTION : Washington, DC Dow Chemical Company (DOW)
SP $15,001 - $50,000 Dividends $201 - $1,000 g
fedcEDI Associates
SP $250,001 - $500,000
Partnership
Income
$50,001 -
$100,000
g
fedcL
OCATION : Sonoma/Sonoma, CA, US D
ESCRIPTION : Ltd. Partnership Investment in El Dorado Hotel Emulex Corporation (ELX)
SP $1,001 - $15,000 None g
fedcEntropic Communications,
 Inc. (ENTR)SP $15,001 - $50,000 None g
fedcFacebook, Inc. - Class 
A (FB)SP $250,001 - $500,000
None
g
fedcasset
owner value of asset income type(s)
income
tx. > $1,000?

Financial Leasing Services
SP $100,001 - $250,000
None
g
fedcL
OCATION : San Francisco/San Francisco, CA, US D
ESCRIPTION : Investment Consulting Company Forty-Five Belden Corporation
SP $1,000,001 - $5,000,000
Partnership Loss
$50,001 - $100,000
g
fedcL
OCATION : San Francisco/San Francisco, CA, US D
ESCRIPTION : Investment Management Company Global Ambassador Concierge L
LCSP $15,001 - $50,000 Partnership Loss $1 - $200 g
fedcL
OCATION : Washington, DC, US D
ESCRIPTION : Ltd. Partnership Interest in Concierge Services for Intern ational TravelersGolub Capital Partners
SP None Partnership Loss $1,001 - $2,500 g
fedcL
OCATION : New York/Manhattan, NY, US D
ESCRIPTION : Equity Investment Fund Granite Ventures LP
SP $250,001 - $500,000
Partnership Loss
$15,001 - $50,000 g
fedcL
OCATION : San Francisco/San Francisco, CA, US D
ESCRIPTION : Ltd. Partnership Interest in Venture Capital Company Investing in Communications & SoftwareIbiquity Digi
tal Corporation Preferred StockSP $1 - $1,000 None g
fedcD
ESCRIPTION : Investment in Digital Radio Systems Company - Columbia, MDInteractive Brokers Group, Inc. (
IBKR)SP $100,001 - $250,000
Dividends
$1,001 - $2,500 g
fedcInternet Cap Group Common Stock
SP $1 - $1,000 None g
fedcD
ESCRIPTION : Internet Cap Group Common Stock Marquetry Antiques
SP $50,001 - $100,000
None
g
fedcL
OCATION : San Francisco/San Francisco, CA, US D
ESCRIPTION : Ltd. Partnership Interest in Antiques Company Matthews International Mutual Fund
SP $50,001 - $100,000
Dividends
$201 - $1,000 g
fedcMcGrath RentCorp (MGRC)
SP $250,001 - $500,000
Dividends
$5,001 - $15,000 g
fedcModusLink Global Solutions, I
nc (MLNK)SP $1 - $1,000 None g
fedcasset
owner value of asset income type(s)
income
tx. > $1,000?

g
fedcMorningstar, Inc. (MORN)
SP $100,001 - $250,000
Dividends
$1,001 - $2,500 g
fedcMosher Partners LP
SP $100,001 - $250,000
Partnership
Income
$100,001 -
$1,000,000
g
fedcL
OCATION : Sacramento/Sacramento, CA, US D
ESCRIPTION : Undeveloped Residential Real Estate Inve stmentNautilus Leasing Services
SP $50,001 - $100,000
None
g
fedcL
OCATION : San Francisco/San Francisco, CA, US D
ESCRIPTION : Container Leasing Company Nine Forty Five Battery LLC
SP $5,000,001 - $25,000,000
Partnership Loss
$100,001 - $1,000,000
g
fedcL
OCATION : San Francisco/San Francisco, CA, US D
ESCRIPTION : General Partner in 945 Battery Street Office B uildingNine Hundred One Battery
SP None None g
fedcL
OCATION : San Francisco/San Francisco, CA, US D
ESCRIPTION : Ltd. Partnership Interest in 901 Battery Street Office B uildingOdyssey LLC
SP $15,001 - $50,000 None g
fedcL
OCATION : San Francisco/San Francisco, CA, US D
ESCRIPTION : Ltd. Partnership Interest in Venture Capital Investment Firm Piatti Restaurant Company
SP $1,000,001 - $5,000,000
Partnership
Income
$15,001 - $50,000
g
fedcL
OCATION : Tiburon/Marin, CA, US D
ESCRIPTION : Ltd. Partnership Investment in Restaurant Company QUALCOMM Incorporated (QCOM)
SP $15,001 - $50,000 Dividends $201 - $1,000 g
fedcRobert Half Internat
ional Inc. (RHI)SP $100,001 - $250,000
Dividends
$1,001 - $2,500 g
fedcRussell Ranch LLC
SP $5,000,001 - $25,000,000
Partnership
Income
$100,001 -
$1,000,000
g
fedcL
OCATION : Sacramento/Sacramento, CA, US D
ESCRIPTION : Ltd. Partner in Undeveloped Residential Real E state InvestmentSalesforce.com Inc (CRM)
SP $500,001 - $1,000,000
None
g
fedcasset
owner value of asset income type(s)
income
tx. > $1,000?

Shutterfly, Inc. (SFLY)
SP $15,001 - $50,000 None g
fedcSierra Vista Baseline Investors LP
SP $100,001 - $250,000
Partnership
Income
$201 - $1,000
g
fedcL
OCATION : Sacramento/Sacramento, CA, US D
ESCRIPTION : Ltd. Partnership in Undeveloped Real Estate Investment Speakeasy Investors LP
SP $1,001 - $15,000 None g
fedcL
OCATION : Seattle/King, WA, US D
ESCRIPTION : Ltd. Partnership Investment in DSL Broadband Service s ProviderStoneridge LLC
SP $15,001 - $50,000 Partnership Loss $1,001 - $2,500 g
fedcL
OCATION : Sacramento/Sacramento, CA, US D
ESCRIPTION : Ltd. Partner in Undeveloped Residential Real E state InvestmentThirteen Hundred One Sansome LLC
SP $1,000,001 - $5,000,000
Rent
$100,001 - $1,000,000
g
fedcL
OCATION : San Francisco/San Francisco, CA, US D
ESCRIPTION : General Partner in 1301 Sansome Street Office BuildingTripath Technology I
nc. Common StockSP $1 - $1,000 None g
fedcD
ESCRIPTION : Common Stock Not Actively Traded Trivium LLC
SP $15,001 - $50,000 None g
fedcL
OCATION : San Francisco/San Francisco, CA, US D
ESCRIPTION : Ltd. Partnership Investment in E-Business Software Solutions CompanyUnion Bank of California - Checking Account
SP $1 - $1,000 None g
fedcD
ESCRIPTION : San Francisco, CA Union Bank of California - Money Market Ac
countSP $1,001 - $15,000 Interest $1 - $200 g
fedcD
ESCRIPTION : San Francisco, CA Union Bank of California - Pelosi Trust Che
ckingAccount
SP
$1 - $1,000 None g
fedcD
ESCRIPTION : San Francisco, CA United Football League
SP $5,000,001 - $25,000,000
None
g
fedcL
OCATION : Jacksonville/Duval, FL, US D
ESCRIPTION : Ltd. Partnership Interest in Football League asset
owner value of asset income type(s)
income
tx. > $1,000?

United Football Lea
gue Sacramento MountainLions Team
SP
$5,000,001 - $25,000,000
Partnership Loss
$100,001 - $1,000,000
g
fedcbL
OCATION : Sacramento/Sacramento, CA, US D
ESCRIPTION : Ltd. Partnership Interest in Football Franchise Visa Inc. (V)
SP $1,000,001 - $5,000,000
Dividends
$15,001 - $50,000 g
fedcVizu Corporation Preferred Stock
SP None Capital Gains $2,501 - $5,000 g
fedcbD
ESCRIPTION : Investment in Digital Brand Advertising Management Company W.R. Hambrecht & Company Brok
erage MoneyMarket Account
SP
None None g
fedcD
ESCRIPTION : Berwyn, PA Wells Fargo Bank - 
Checking AccountJT $1,001 - $15,000 Interest $1 - $200 g
fedcD
ESCRIPTION : San Francisco, CA Yerac Associates
SP $250,001 - $500,000
Partnership Loss
$5,001 - $15,000 g
fedcL
OCATION : San Francisco/San Francisco, CA, US D
ESCRIPTION : Ltd. Partner in Investment Fund S
cHeDule  b: t ranSactionS asset
owner Date tx. type
amount
cap. gains >
$200?
The Active Network, Inc. (ACTV)
SP 11/26/2013 S $50,001 - $100,000
g
fedcbUnited Football League Sac
ramento Mountain Lions TeamSP 07/2/2013 P $15,001 - $50,000 L
OCATION : Sacramento/Sacramento, CA, US D
ESCRIPTION : Ltd. Partnership Interest in Football Franchise United Football League Sac
ramento Mountain Lions TeamSP 07/18/2013 P $100,001 - $250,000
L
OCATION : Sacramento/Sacramento, CA, US D
ESCRIPTION : Ltd. Partnership Interest in Football Franchise United Football League Sac
ramento Mountain Lions TeamSP 07/24/2013 P $50,001 - $100,000
asset
owner value of asset income type(s)
income
tx. > $1,000?

L
OCATION : Sacramento/Sacramento, CA, US D
ESCRIPTION : Ltd. Partnership Interest in Football Franchise United Football League Sac
ramento Mountain Lions TeamSP 08/2/2013 P $250,001 - $500,000
L
OCATION : Sacramento/Sacramento, CA, US D
ESCRIPTION : Ltd. Partnership Interest in Football Franchise United Football League Sac
ramento Mountain Lions TeamSP 09/30/2013 P $50,001 - $100,000
L
OCATION : Sacramento/Sacramento, CA, US D
ESCRIPTION : Ltd. Partnership Interest in Football Franchise United Football League Sac
ramento Mountain Lions TeamSP 10/21/2013 P $100,001 - $250,000
L
OCATION : Sacramento/Sacramento, CA, US D
ESCRIPTION : Ltd. Partnership Interest in Football Franchise United Football League Sac
ramento Mountain Lions TeamSP 12/20/2013 P $15,001 - $50,000 L
OCATION : Sacramento/Sacramento, CA, US D
ESCRIPTION : Ltd. Partnership Interest in Football Franchise United Football League Sac
ramento Mountain Lions TeamSP 12/24/2013 P $50,001 - $100,000
L
OCATION : Sacramento/Sacramento, CA, US D
ESCRIPTION : Ltd. Partnership Interest in Football Franchise United Football League Sac
ramento Mountain Lions TeamSP 12/30/2013 P $15,001 - $50,000 L
OCATION : Sacramento/Sacramento, CA, US D
ESCRIPTION : Ltd. Partnership Interest in Football Franchise United Football League Sac
ramento Mountain Lions TeamSP 12/30/2013 P $15,001 - $50,000 L
OCATION : Sacramento/Sacramento, CA, US D
ESCRIPTION : Ltd. Partnership Interest in Football Franchise Vizu Corporation Preferred Stock
SP 10/7/2013 S $1,001 - $15,000 g
fedcbD
ESCRIPTION : Investment in Digital Brand Advertising Management Company - S an Francisco, CAS
cHeDule  c: e arneD  i ncome Source
type amount Financial Leasing Services
Spouse Salary N/A asset
owner Date tx. type
amount
cap. gains >
$200?

Fairfield Associates
Spouse Management Fee N/A Forty-Five Belden Corporation
Spouse Management Fee N/A Isolep Enterprises
Spouse Management Fee N/A Yerac Associates
Spouse Management Fee N/A S
cHeDule  D: l iabilitieS owner
creditor Date incurred type amount of liability
JT
Union Bank of California February 2002 Mortgage on 11 Zinfandel Lane, St. Helena, CA
$1,000,001 -
$5,000,000
JT
Union Bank of California December 2001 Mortgage on 723 Mule  Ears Court,Norden, CA
$500,001 -
$1,000,000
SP
Union Bank of California December 2007 Mortgage on 45 Beld en Place, SanFrancisco, CA
$1,000,001 -
$5,000,000
SP
Berkadia Commerical Mortgage (Formerly Bank of America)
August 2007
Mortgage on 25 Poi nt Lobos Avenue, SanFrancisco, CA
$1,000,001 -
$5,000,000
JT
Union Bank of California April 2005 Mortgage on 1600 Atlas Peak Road, Napa, CA
$250,001 -
$500,000
SP
Union Bank of California July 2002 Equity Line of Credit on 11 Zinfandel Lane, St. Helena, CA
$1,000,001 -
$5,000,000
SP
City National Bank July 2011 Brokerage Collateral Loan $1,000,001 - $5,000,000
JT
Union Bank of California September 2007 Mortgage on 2640 Bro adway, SanFrancisco, CA
$5,000,001 -
$25,000,000
SP
Bank of America November 2006 Mortgage on 3030 K Street, Washington, DC
$1,000,001 -
$5,000,000
SP
Bank of America January 2003 Equity Line of Credit on 3030 K Street, Washington, DC
$100,001 -
$250,000
JT
Union Bank of California December 2012 Equity Line of Credit on 2640 Broadway, San Francisco, CA
$500,001 -
$1,000,000
SP
City National Securities Ongoing Brokerage Margin Account $1,000,001 - $5,000,000
S
cHeDule  e: P oSitionS Source
type amount 
Position
name of organization CFO & Secretary
The Paul & Nancy Pelosi Charitable F oundationHonorary Advisory Board
The Women & Politics Institute at American Unive rsityCongressional Advisory Board
International Women's Democracy Center Trustee
United States Botanic Garden Board of Trustees Member Ex Off
icioKennedy Center Honorary Board of Advisors
Lead America Honorary Board of Advisors
National Student Leadership Foundation Honorary Member
Wheelchair Foundation Honorary Board Member
National Women's History Museum Distinguished Board Member
National Organization of Italian American Women Board of Advisors
Close Up Foundation S
cHeDule  f: a greementS None disclosed.
S
cHeDule  g: g iftS None disclosed.
S
cHeDule  H: t ravel  P aymentS  anD  r eimburSementS None disclosed.
S
cHeDule  i: P aymentS  m aDe  to  c Harity  in  l ieu  of  H onoraria None disclosed.
e
xcluSionS  of  S PouSe , D ePenDent , or  t ruSt  i nformation iPo
: Did you purchase any share s that were allocated as a part of an Initial Public Offering?n
mlkj Yes n mlkji Notrusts
: Details regarding ""Qualified Blind Trusts"" a pproved by the Committee on Ethics and certain other ""excepted trusts"" need notbe disclosed. Have
 you excluded from this report details of such a trust benefiting you, your spouse, or dependent child?n
mlkj Yes n mlkji Noexemption
: Have you excluded from this report any other assets, ""unearned"" income, transactions, or liabilities of a spouse ordependent child because they meet all th
ree tests for exemption?n
mlkj Yes n mlkji No
c
ommentS c
ertification  anD  S ignature g
fedcb I CERTIFY that the statements I have made on the attached Financial Disclosure Report are true, complete, and correct to thebest of my knowledge a
nd belief.Digitally Signed: 
Ms. Nancy Pelosi , 05/15/2014 "
O,2013,9102968,21,"




















"
O,2014,10005768,15836,"f
inanciaL  D iScLoSure  r ePort Clerk of the House of Re
presentatives • Legislative Resource Center • 135 Cannon Building • Washington, DC 20515f
iLer  i nformation name:
Hon. Nancy Pelosi Status:
Member State/District:
CA12 f
iLing  i nformation filing type:
Annual Report filing year:
2014 filing Date:
05/15/2015 S
cHeDuLe  a: a SSetS  anD  ""u nearneD "" i ncome asset
owner value of asset income type(s)
income
tx. > $1,000?
11 Zinfandel Lane - Home & Vineyard
JT $5,000,001 - $25,000,000
Grape Sales
$5,001 - $15,000 g
fedcL
OCATION : St. Helena/Napa, CA, US 1600 Atlas Peak Road - Real Estate Investment
JT $500,001 - $1,000,000
Rent
$15,001 - $50,000 g
fedcL
OCATION : Napa/Napa, CA, US 25 Point Lobos - Commerci
al PropertySP $5,000,001 - $25,000,000
Rent
$100,001 - $1,000,000
g
fedcL
OCATION : San Francisco/San Francisco, CA, US 45 Belden Place - Four Story Commerci
alBuilding
SP
$1,000,001 - $5,000,000
Rent
$100,001 - $1,000,000
g
fedcL
OCATION : San Francisco/San Francisco, CA, US 723 Mule Ears Court - Town
homeJT $1,000,001 - $5,000,000
Rent
$15,001 - $50,000 g
fedcL
OCATION : Sugar Bowl/Placer, CA, US Alcatel-Lucent (ALU)
SP None None g
fedcFiling ID #10005768

Alcoa Inc. (AA)
SP None Dividends $1 - $200 g
fedcbApple Inc. (AAPL)
SP $1,000,001 - $5,000,000
Dividends
$15,001 - $50,000 g
fedcAristotle LLC
SP $15,001 - $50,000 None g
fedcL
OCATION : San Francisco/San Francisco, CA, US D
ESCRIPTION : Ltd. Partnership Investment in Aristotle Publishing, Inc. Attensity Group Inc. Preferred Stock
SP $1,001 - $15,000 None g
fedcD
ESCRIPTION : Investment in Hosted Analytical Software Application - Palo Alto, CA Auberge du Soleil
SP $1,000,001 - $5,000,000
Partnership
income
$100,001 -
$1,000,000
g
fedcL
OCATION : Rutherford/Napa, CA, US D
ESCRIPTION : Ltd. Partnership Investment in Resort Hotel Bank of America - Checking Account
SP $1,001 - $15,000 None g
fedcD
ESCRIPTION : San Francisco, CA Bank of America - Checking Account
JT $1 - $1,000 None g
fedcD
ESCRIPTION : San Francisco, CA Bank of America - Checking Account
SP $1 - $1,000 None g
fedcD
ESCRIPTION : Washington, DC BF Enterprises Common Stock New (BFET)
SP $15,001 - $50,000 Dividends $1,001 - $2,500 g
fedcBidclerk Inc. Preferred Stock (Currently 
known asiSqFt)
SP
None None g
fedcD
ESCRIPTION : Investment in Contracting Industry Online Services Company - So uth San Francisco, CABlucora, Inc. (BCOR)
SP None Capital Gains $2,501 - $5,000 g
fedcbBorel Real Estate Company
SP $100,001 - $250,000
Rent
$15,001 - $50,000 g
fedcL
OCATION : San Mateo/San Mateo, CA, US D
ESCRIPTION : Ltd. Partnership Interest in Shopping Center Broadcom Corporation - Class
 A (BRCM)SP None None g
fedcbasset
owner value of asset income type(s)
income
tx. > $1,000?

City Car Services LLC
SP $500,001 - $1,000,000
Partnership
Income
$15,001 - $50,000
g
fedcL
OCATION : Hingham/Plymouth, MA, US D
ESCRIPTION : Ltd. Partnership Investment in Limousine Company City National Bank - Checking Account
SP $1,001 - $15,000 None g
fedcD
ESCRIPTION : San Francisco, CA City National Securities - Brokerage M
oneyMarket Account
SP
$1 - $1,000 Dividends $1 - $200 g
fedcClean Energy Fuels Corp. (C
LNE)SP $15,001 - $50,000 None g
fedcCollab.net LLC
SP $1 - $1,000 Partnership Loss $5,001 - $15,000 g
fedcL
OCATION : San Francisco/San Francisco, CA, US D
ESCRIPTION : Ltd. Partnership Investment in Collaborative Software Development Company Comcast Corporation - Cl
ass A (CMCSA)SP $500,001 - $1,000,000
Dividends
$5,001 - $15,000 g
fedcCongressional Credit Union - Checking Ac
count$1,001 - $15,000 None g
fedcD
ESCRIPTION : Washington, DC Dow Chemical Company (DOW)
SP None Capital Gains, Dividends
$2,501 - $5,000
g
fedcbEDI Associates
SP $250,001 - $500,000
Partnership
Income
$50,001 -
$100,000
g
fedcL
OCATION : Sonoma/Sonoma, CA, US D
ESCRIPTION : Ltd. Partnership Investment in El Dorado Hotel Emulex Corporation (ELX)
SP None None g
fedcbEntropic Communications,
 Inc. (ENTR)SP None None g
fedcbFacebook, Inc. - Class 
A (FB)SP $250,001 - $500,000
None
g
fedcFinancial Leasing Services
SP $100,001 - $250,000
None
g
fedcL
OCATION : San Francisco/San Francisco, CA, US D
ESCRIPTION : Investment Consulting Company asset
owner value of asset income type(s)
income
tx. > $1,000?

Forty-Five Belden Corporation
SP $1,000,001 - $5,000,000
Partnership
Income
$100,001 -
$1,000,000
g
fedcL
OCATION : San Francisco/San Francisco, CA, US D
ESCRIPTION : Investment Management Company Global Ambassador Concierge L
LCSP $15,001 - $50,000 Partnership Loss $1 - $200 g
fedcL
OCATION : Washington, DC, US D
ESCRIPTION : Ltd. Partnership Interest in Concierge Services for Intern ational TravelersGranite Ventures LP
SP $50,001 - $100,000
Partnership Loss
$1 - $200 g
fedcL
OCATION : San Francisco/San Francisco, CA, US D
ESCRIPTION : Ltd. Partnership Interest in Venture Capital Company Investing in Communications & SoftwareHertz Global Holdings, Inc.
 (HTZ)SP $250,001 - $500,000
None
g
fedcbD
ESCRIPTION : Options for shares of Hertz Global Holdings, Inc. (HTZ) Ibiquity Digi
tal Corporation Preferred StockSP $1 - $1,000 None g
fedcD
ESCRIPTION : Investment in Digital Radio Systems Company - Columbia, MDInteractive Brokers Group, Inc. (
IBKR)SP $100,001 - $250,000
Dividends
$1,001 - $2,500 g
fedcInternet Cap Group Common Stock
SP None None g
fedcD
ESCRIPTION : Internet Cap Group Common Stock iSqFt (Formerly known as Bidclerk Inc.)
SP $1 - $1,000 Partnership Income
$2,501 - $5,000
g
fedcL
OCATION : South San Francisco, CA, US D
ESCRIPTION : Investment in Contracting Industry Online Services Company - So uth San Francisco, CAMarquetry Antiques
SP $100,001 - $250,000
Partnership Loss
$5,001 - $15,000 g
fedcL
OCATION : San Francisco/San Francisco, CA, US D
ESCRIPTION : Ltd. Partnership Interest in Antiques Company Matthews International Mutual Fund
SP $50,001 - $100,000
Dividends
$201 - $1,000 g
fedcMcGrath RentCorp (MGRC)
SP $250,001 - $500,000
Capital Gains,
Dividends
$50,001 -
$100,000
g
fedcbasset
owner value of asset income type(s)
income
tx. > $1,000?

ModusLink Global Solutions, I
nc (MLNK)SP None None g
fedcMorningstar, Inc. (MORN)
SP $100,001 - $250,000
Dividends
$1,001 - $2,500 g
fedcMosher Partners LP
SP $250,001 - $500,000
Partnership
Income
$50,001 -
$100,000
g
fedcL
OCATION : Sacramento/Sacramento, CA, US D
ESCRIPTION : Undeveloped Residential Real Estate Inve stmentNautilus Leasing Services
SP $50,001 - $100,000
None
g
fedcL
OCATION : San Francisco/San Francisco, CA, US D
ESCRIPTION : Container Leasing Company Nine Forty Five Battery LLC
SP $5,000,001 - $25,000,000
Partnership
Income
$100,001 -
$1,000,000
g
fedcL
OCATION : San Francisco/San Francisco, CA, US D
ESCRIPTION : General Partner in 945 Battery Street Office B uildingOdyssey LLC
SP $15,001 - $50,000 None g
fedcL
OCATION : San Francisco/San Francisco, CA, US D
ESCRIPTION : Ltd. Partnership Interest in Venture Capital Investment Firm Piatti Restaurant Company
SP $1,000,001 - $5,000,000
Partnership
Income
$15,001 - $50,000
g
fedcL
OCATION : Tiburon/Marin, CA, US D
ESCRIPTION : Ltd. Partnership Investment in Restaurant Company QUALCOMM Incorporated (QCOM)
SP $15,001 - $50,000 Dividends $201 - $1,000 g
fedcRobert Half Internat
ional Inc. (RHI)SP None Capital Gains, Dividends
$100,001 -
$1,000,000
g
fedcbRussell Ranch LLC
SP $5,000,001 - $25,000,000
Partnership
Income
$100,001 -
$1,000,000
g
fedcL
OCATION : Sacramento/Sacramento, CA, US D
ESCRIPTION : Ltd. Partner in Undeveloped Residential Real E state InvestmentSalesforce.com Inc (CRM)
SP $500,001 - $1,000,000
None
g
fedcShutterfly, Inc. (SFLY)
SP None Capital Gains $15,001 - $50,000 g
fedcbasset
owner value of asset income type(s)
income
tx. > $1,000?

Sierra Vista Baseline Investors LP
SP $250,001 - $500,000
Partnership Loss
$1,001 - $2,500 g
fedcL
OCATION : Sacramento/Sacramento, CA, US D
ESCRIPTION : Ltd. Partnership in Undeveloped Real Estate Investment Speakeasy Investors LP
SP $1,001 - $15,000 None g
fedcL
OCATION : Seattle/King, WA, US D
ESCRIPTION : Ltd. Partnership Investment in DSL Broadband Service s ProviderStoneridge LLC
SP $250,001 - $500,000
Partnership Loss
$1,001 - $2,500 g
fedcL
OCATION : Sacramento/Sacramento, CA, US D
ESCRIPTION : Ltd. Partner in Undeveloped Residential Real E state InvestmentSunEdison, Inc. (SUNE)
SP $100,001 - $250,000
None
g
fedcbThirteen Hundred One Sansome LLC
SP $1,000,001 - $5,000,000
Rent
$100,001 - $1,000,000
g
fedcL
OCATION : San Francisco/San Francisco, CA, US D
ESCRIPTION : General Partner in 1301 Sansome Street Office BuildingTripath Technology I
nc. Common StockSP $1 - $1,000 None g
fedcD
ESCRIPTION : Common Stock Not Actively Traded Trivium LLC
SP $15,001 - $50,000 None g
fedcL
OCATION : San Francisco/San Francisco, CA, US D
ESCRIPTION : Ltd. Partnership Investment in E-Business Software Solutions CompanyUnion Bank of California - Checking Account
SP $1 - $1,000 None g
fedcD
ESCRIPTION : San Francisco, CA Union Bank of California - Money Market
Account
SP
$1 - $1,000 None g
fedcD
ESCRIPTION : San Francisco, CA Union Bank of California - Pelosi Trust Che
ckingAccount
SP
$1 - $1,000 None g
fedcD
ESCRIPTION : San Francisco, CA United Football League
SP $5,000,001 - $25,000,000
None
g
fedcL
OCATION : Jacksonville/Duval, FL, US asset
owner value of asset income type(s)
income
tx. > $1,000?

D
ESCRIPTION : Ltd. Partnership Interest in Football League United Football Lea
gue Sacramento MountainLions Team
SP
$5,000,001 - $25,000,000
Partnership Loss
$100,001 - $1,000,000
g
fedcL
OCATION : Sacramento/Sacramento, CA, US D
ESCRIPTION : Ltd. Partnership Interest in Football Franchise Visa Inc. (V)
SP $1,000,001 - $5,000,000
Capital Gains,
Dividends
$100,001 -
$1,000,000
g
fedcbWalt Disney Company
SP $100,001 - $250,000
None
g
fedcbD
ESCRIPTION : Options for shares of Walt Disney Compan y (DIS)Wells Fargo Bank - 
Checking AccountJT $1,001 - $15,000 Interest $1 - $200 g
fedcD
ESCRIPTION : San Francisco, CA Yerac Associates
SP $100,001 - $250,000
Partnership
Income
$2,501 - $5,000
g
fedcL
OCATION : San Francisco/San Francisco, CA, US D
ESCRIPTION : Ltd. Partner in Investment Fund S
cHeDuLe  b: t ranSactionS asset
owner Date tx. type
amount
cap. gains >
$200?
Alcoa Inc. (AA)
SP 10/23/2014 S $15,001 - $50,000 g
fedcBlucora, Inc. (BCOR)
SP 10/23/2014 S $1,001 - $15,000 g
fedcbBroadcom Corporation - Class
 A (BRCM)SP 10/23/2014 S $1,001 - $15,000 g
fedcDow Chemical Company (DOW)
SP 10/23/2014 S $15,001 - $50,000 g
fedcbEmulex Corporation (ELX)
SP 10/23/2014 S $1,001 - $15,000 g
fedcEntropic Communications,
 Inc. (ENTR)SP 10/23/2014 S $1,001 - $15,000 g
fedcHertz Global Holdings, Inc (
HTZ)11/5/2014 P $15,001 - $50,000 asset
owner value of asset income type(s)
income
tx. > $1,000?

D
ESCRIPTION : Purchase of 50 Options Hertz Global Holdings, Inc (
HTZ)11/6/2014 P $50,001 - $100,000
D
ESCRIPTION : Purchase of 150 Options Hertz Global Holdings, Inc (
HTZ)11/25/2014 P $100,001 - $250,000
D
ESCRIPTION : Purchase of 200 Options Hertz Global Holdings, Inc (
HTZ)11/28/2014 P $50,001 - $100,000
D
ESCRIPTION : Purchase of 100 Options McGrath RentCorp (MGRC)
SP 09/22/2014 S (partial)
$50,001 -
$100,000
g
fedcbD
ESCRIPTION : Contribution of shares held personall y to The Paul & Nancy Pelosi Charitable Foundation via transfer between brokerage accounts.Robert Half Internat
ional Inc. (RHI)SP 09/22/2014 S $100,001 - $250,000
g
fedcbD
ESCRIPTION : Contribution of shares held personall y to The Paul & Nancy Pelosi Charitable Foundation via transfer between brokerage accounts.Shutterfly, Inc. (SFLY)
SP 10/23/2014 S $15,001 - $50,000 g
fedcbSunEdison, Inc. (SUNE)
SP 10/24/2014 P $100,001 - $250,000
Visa Inc. (V)
12/29/2014 S (partial)
$250,001 -
$500,000
g
fedcbD
ESCRIPTION : Sale of 1000 Shares Visa Inc. (V)
12/30/2014 S (partial)
$100,001 -
$250,000
g
fedcbD
ESCRIPTION : Sale of 500 Shares Walt Disney Company (DIS)
11/28/2014 P $1,001 - $15,000 D
ESCRIPTION : Purchase of 8 Options Walt Disney Company (DIS)
12/10/2014 P $50,001 - $100,000
D
ESCRIPTION : Purchase of 92 Options S
cHeDuLe  c: e arneD  i ncome asset
owner Date tx. type
amount
cap. gains >
$200?

Source
type amount Financial Leasing Services
Spouse Salary N/A Fairfield Associates
Spouse Management Fee N/A Forty-Five Belden Corporation
Spouse Management Fee N/A Isolep Enterprises
Spouse Management Fee N/A Yerac Associates
Spouse Management Fee N/A S
cHeDuLe  D: L iabiLitieS owner
creditor Date incurred type amount of Liability
JT
Union Bank of California February 2002 Mortgage on 11 Zinfandel Lane, St. Helena, CA
$1,000,001 -
$5,000,000
JT
Union Bank of California December 2001 Mortgage on 723 Mule  Ears Court,Norden, CA
$500,001 -
$1,000,000
SP
Union Bank of California December 2007 Mortgage on 45 Beld en Place, SanFrancisco, CA
$1,000,001 -
$5,000,000
SP
Berkadia Commerical Mortgage August 2007 Mortgage on 25 Poi nt Lobos Avenue, SanFrancisco, CA
$1,000,001 -
$5,000,000
JT
Union Bank of California April 2005 Mortgage on 1600 Atlas Peak Road, Napa, CA
$250,001 -
$500,000
SP
Union Bank of California July 2002 Equity Line of Credit on 11 Zinfandel Lane, St. Helena, CA
$1,000,001 -
$5,000,000
SP
City National Bank July 2011 Brokerage Collateral Loan $1,000,001 - $5,000,000
JT
Union Bank of California September 2007 Mortgage on 2640 Bro adway, SanFrancisco, CA
$5,000,001 -
$25,000,000
SP
Bank of America November 2006 Mortgage on 3030 K Street, Washington, DC
$1,000,001 -
$5,000,000
SP
Bank of America January 2003 Equity Line of Credit on 3030 K Street, Washington, DC
$100,001 -
$250,000
JT
Union Bank of California December 2012 Equity Line of Credit on 2640 Broadway, San Francisco, CA
$500,001 -
$1,000,000
SP
City National Securities Ongoing Brokerage Margin Account $1,000,001 - $5,000,000
JT
City National Bank April 2014 Equity Line of Credit on 723 Mule Ears Court, Norden, CA
$100,001 -
$250,000

SP
Barclays Bank October 2014 US Airways MasterCard Revolv ing Line$15,001 - $50,000 S
cHeDuLe  e: P oSitionS Position
name of organization CFO & Secretary
The Paul & Nancy Pelosi Charitable F oundationHonorary Advisory Board
The Women & Politics Institute at American Unive rsityCongressional Advisory Board
International Women's Democracy Center Trustee
United States Botanic Garden Board of Trustees Member Ex Off
icioKennedy Center Honorary Board of Advisors
Lead America Honorary Board of Advisors
National Student Leadership Foundation Honorary Member
Wheelchair Foundation Honorary Board Member
National Women's History Museum Distinguished Board Member
National Organization of Italian American Women Board of Advisors
Close Up Foundation Member of Board of Directors
National First Ladies' Library S
cHeDuLe  f: a greementS None disclosed.
S
cHeDuLe  g: g iftS None disclosed.
S
cHeDuLe  H: t raveL  P aymentS  anD  r eimburSementS None disclosed.
S
cHeDuLe  i: P aymentS  m aDe  to  c Harity  in  L ieu  of  H onoraria None disclosed.
e
xcLuSionS  of  S PouSe , D ePenDent , or  t ruSt  i nformation iPo
: Did you purchase any share s that were allocated as a part of an Initial Public Offering?n
mlkj Yes n mlkji Noowner
creditor Date incurred type amount of Liability

trusts
: Details regarding ""Qualified Blind Trusts"" a pproved by the Committee on Ethics and certain other ""excepted trusts"" need notbe disclosed. Have
 you excluded from this report details of such a trust benefiting you, your spouse, or dependent child?n
mlkj Yes n mlkji Noexemption
: Have you excluded from this report any other assets, ""unearned"" income, transactions, or liabilities of a spouse ordependent child because they meet all th
ree tests for exemption?n
mlkj Yes n mlkji Noc
ertification  anD  S ignature g
fedcb I CERTIFY that the statements I have made on the attached Financial Disclosure Report are true, complete, and correct to thebest of my knowledge a
nd belief.Digitally Signed: 
Hon. Nancy Pelosi , 05/15/2015 "
O,2015,10010857,13993,"f
inancial  D iScloSure  r ePort Clerk of the House of Re
presentatives • Legislative Resource Center • 135 Cannon Building • Washington, DC 20515f
iler  i nformation name:
Hon. Nancy Pelosi Status:
Member State/District:
CA12 f
iling  i nformation filing type:
Annual Report filing year:
2015 filing Date:
05/16/2016 S
cHeDule  a: a SSetS  anD  ""u nearneD "" i ncome asset
owner value of asset income type(s)
income
tx. > $1,000?
11 Zinfandel Lane - Home & Vineyard
JT $5,000,001 - $25,000,000
None
g
fedcL
OCATION : St. Helena/Napa, CA, US 1600 Atlas Peak Road - Real Estate Investment
JT $500,001 - $1,000,000
Rent
$15,001 - $50,000 g
fedcL
OCATION : Napa/Napa, CA, US 25 Point Lobos - Commerci
al PropertySP $5,000,001 - $25,000,000
Rent
$100,001 - $1,000,000
g
fedcL
OCATION : San Francisco/San Francisco, CA, US 45 Belden Place - Four Story Commerci
alBuilding
SP
$1,000,001 - $5,000,000
Rent
$100,001 - $1,000,000
g
fedcL
OCATION : San Francisco/San Francisco, CA, US 723 Mule Ears Court - Town
homeJT $1,000,001 - $5,000,000
Rent
$50,001 - $100,000
g
fedcL
OCATION : Sugar Bowl/Placer, CA, US Apple Inc. (AAPL)
SP $1,000,001 - $5,000,000
Dividends
$15,001 - $50,000 g
fedcFiling ID #10010857

Aristotle LLC
SP $15,001 - $50,000 None g
fedcL
OCATION : San Francisco/San Francisco, CA, US D
ESCRIPTION : Ltd. Partnership Investment in Aristotle Publishing, Inc. Attensity Group Inc. Preferred Stock
SP $1,001 - $15,000 None g
fedcD
ESCRIPTION : Investment in Hosted Analytical Software Application - Palo Alto, CA Auberge du Soleil
SP $1,000,001 - $5,000,000
Partnership
income
$100,001 -
$1,000,000
g
fedcL
OCATION : Rutherford/Napa, CA, US D
ESCRIPTION : Ltd. Partnership Investment in Resort Hotel Bank of America - Checking Account
SP $1,001 - $15,000 None g
fedcD
ESCRIPTION : San Francisco, CA Bank of America - Checking Account
JT $1 - $1,000 None g
fedcD
ESCRIPTION : San Francisco, CA Bank of America - Checking Account
SP $1 - $1,000 None g
fedcD
ESCRIPTION : Washington, DC BF Enterprises Common Stock New (BFET)
SP $15,001 - $50,000 Dividends $1,001 - $2,500 g
fedcD
ESCRIPTION : Asset name change during 2015 to BFE Corporation Borel Real Estate Company
SP $100,001 - $250,000
Rent
$15,001 - $50,000 g
fedcL
OCATION : San Mateo/San Mateo, CA, US D
ESCRIPTION : Ltd. Partnership Interest in Shopping Center City Car Services LLC
SP $500,001 - $1,000,000
Partnership
Income
$15,001 - $50,000
g
fedcL
OCATION : Hingham/Plymouth, MA, US D
ESCRIPTION : Ltd. Partnership Investment in Limousine Company City National Bank - Checking Account
SP $50,001 - $100,000
None
g
fedcD
ESCRIPTION : San Francisco, CA City National Securities - Brokerage M
oneyMarket Account
SP
$1,001 - $15,000 Dividends $1 - $200 g
fedcClean Energy Fuels Corp. (C
LNE)SP $15,001 - $50,000 None g
fedcasset
owner value of asset income type(s)
income
tx. > $1,000?

Collab.net LLC
SP None Partnership Loss $1 - $200 g
fedcL
OCATION : San Francisco, CA, US D
ESCRIPTION : Ltd. Partnership Investment in Collaborative Software Development Company Comcast Corporation - Cl
ass A (CMCSA)SP $500,001 - $1,000,000
Dividends
$5,001 - $15,000 g
fedcCongressional Credit Union - Checking Ac
count$15,001 - $50,000 None g
fedcD
ESCRIPTION : Washington, DC EDI Associates
SP $250,001 - $500,000
Partnership
Income
$50,001 -
$100,000
g
fedcL
OCATION : Sonoma/Sonoma, CA, US D
ESCRIPTION : Ltd. Partnership Investment in El Dorado Hotel Facebook, Inc. - Class 
A (FB)SP $500,001 - $1,000,000
None
g
fedcFinancial Leasing Services
SP $100,001 - $250,000
None
g
fedcL
OCATION : San Francisco/San Francisco, CA, US D
ESCRIPTION : Investment Consulting Company Forty-Five Belden Corporation
SP $1,000,001 - $5,000,000
Partnership Loss
$100,001 - $1,000,000
g
fedcL
OCATION : San Francisco/San Francisco, CA, US D
ESCRIPTION : Investment Management Company Global Ambassador Concierge L
LCSP $15,001 - $50,000 None g
fedcL
OCATION : Washington, DC, US D
ESCRIPTION : Ltd. Partnership Interest in Concierge Services for Intern ational TravelersGranite Ventures LP
SP $15,001 - $50,000 Partnership Loss $5,001 - $15,000 g
fedcL
OCATION : San Francisco/San Francisco, CA, US D
ESCRIPTION : Ltd. Partnership Interest in Venture Capital Company Investing in Communications & SoftwareHertz Global Holdings, Inc.
 (HTZ)SP $15,001 - $50,000 None g
fedcbD
ESCRIPTION : 500 call options with a strike price of $22 and an expiration date of 1/15/16 Ibiquity Digi
tal Corporation Preferred StockSP None None g
fedcD
ESCRIPTION : Investment in Digital Radio Systems Company - Columbia, MDasset
owner value of asset income type(s)
income
tx. > $1,000?

Interactive Brokers Group, Inc. (
IBKR)SP $100,001 - $250,000
Dividends
$1,001 - $2,500 g
fedciSqFt (Formerly known as Bidclerk Inc.)
SP None None g
fedcL
OCATION : South San Francisco, CA, US D
ESCRIPTION : Investment in Contracting Industry Online Services Company - So uth San Francisco, CAMarquetry Antiques
SP None Partnership Loss $50,001 - $100,000
g
fedcL
OCATION : San Francisco/San Francisco, CA, US D
ESCRIPTION : Ltd. Partnership Interest in Antiques Company Matthews International Mutual Fund
SP $50,001 - $100,000
Dividends
$201 - $1,000 g
fedcMcGrath RentCorp (MGRC)
SP $100,001 - $250,000
Dividends
$5,001 - $15,000 g
fedcMorningstar, Inc. (MORN)
SP $100,001 - $250,000
Dividends
$1,001 - $2,500 g
fedcMosher Partners LP
SP $250,001 - $500,000
Partnership Loss
$100,001 - $1,000,000
g
fedcL
OCATION : Sacramento/Sacramento, CA, US D
ESCRIPTION : Undeveloped Residential Real Estate Inve stmentNautilus Leasing Services
SP $50,001 - $100,000
None
g
fedcL
OCATION : San Francisco/San Francisco, CA, US D
ESCRIPTION : Container Leasing Company Nine Forty Five Battery LLC
SP $5,000,001 - $25,000,000
Partnership Loss
$100,001 - $1,000,000
g
fedcL
OCATION : San Francisco/San Francisco, CA, US D
ESCRIPTION : General Partner in 945 Battery Street Office B uildingOdyssey LLC
SP $15,001 - $50,000 None g
fedcL
OCATION : San Francisco/San Francisco, CA, US D
ESCRIPTION : Ltd. Partnership Interest in Venture Capital Investment Firm Piatti Restaurant Company
SP $1,000,001 - $5,000,000
Partnership Loss
$2,501 - $5,000 g
fedcL
OCATION : Tiburon/Marin, CA, US D
ESCRIPTION : Ltd. Partnership Investment in Restaurant Company asset
owner value of asset income type(s)
income
tx. > $1,000?

QUALCOMM Incorporated (QCOM)
SP $1,001 - $15,000 Dividends $201 - $1,000 g
fedcRussell Ranch LLC
SP $5,000,001 - $25,000,000
Partnership
Income
$100,001 -
$1,000,000
g
fedcL
OCATION : Sacramento/Sacramento, CA, US D
ESCRIPTION : Ltd. Partner in Undeveloped Residential Real E state InvestmentSalesforce.com Inc (CRM)
SP $500,001 - $1,000,000
Capital Gains
$50,001 - $100,000
g
fedcbSierra Vista Baseline Investors LP
SP $250,001 - $500,000
Partnership
Income
$5,001 - $15,000
g
fedcL
OCATION : Sacramento/Sacramento, CA, US D
ESCRIPTION : Ltd. Partnership in Undeveloped Real Estate Investment Speakeasy Investors LP
SP $1,001 - $15,000 Partnership Loss $1,001 - $2,500 g
fedcL
OCATION : Seattle/King, WA, US D
ESCRIPTION : Ltd. Partnership Investment in DSL Broadband Service s ProviderStoneridge LLC
SP $250,001 - $500,000
Partnership Loss
$201 - $1,000 g
fedcL
OCATION : Sacramento/Sacramento, CA, US D
ESCRIPTION : Ltd. Partner in Undeveloped Residential Real E state InvestmentSunEdison, Inc. (SUNE)
SP $15,001 - $50,000 None g
fedcThirteen Hundred One Sansome LLC
SP $1,000,001 - $5,000,000
Rent
$100,001 - $1,000,000
g
fedcL
OCATION : San Francisco/San Francisco, CA, US D
ESCRIPTION : General Partner in 1301 Sansome Street Office BuildingTripath Technology I
nc. Common StockSP $1 - $1,000 None g
fedcD
ESCRIPTION : Common Stock Not Actively Traded Trivium LLC
SP $15,001 - $50,000 None g
fedcL
OCATION : San Francisco/San Francisco, CA, US D
ESCRIPTION : Ltd. Partnership Investment in E-Business Software Solutions CompanyUnion Bank of California - Checking Account
SP $1 - $1,000 None g
fedcD
ESCRIPTION : San Francisco, CA Union Bank of California - Money Market
SP $1 - $1,000 None g
fedcasset
owner value of asset income type(s)
income
tx. > $1,000?

Account
g
fedcD
ESCRIPTION : San Francisco, CA Union Bank of California - Pelosi Trust Che
ckingAccount
SP
$1 - $1,000 None g
fedcD
ESCRIPTION : San Francisco, CA United Football League
SP $5,000,001 - $25,000,000
None
g
fedcL
OCATION : Jacksonville/Duval, FL, US D
ESCRIPTION : Ltd. Partnership Interest in Football League United Football Lea
gue Sacramento MountainLions Team
SP
$5,000,001 - $25,000,000
Partnership Loss
$50,001 - $100,000
g
fedcL
OCATION : Sacramento/Sacramento, CA, US D
ESCRIPTION : Ltd. Partnership Interest in Football Franchise Visa Inc. (V)
SP $1,000,001 - $5,000,000
Capital Gains,
Dividends
$100,001 -
$1,000,000
g
fedcbWalt Disney Company
SP $100,001 - $250,000
None
g
fedcD
ESCRIPTION : 100 call options with a strike price of $90 and an expiration date of 1/15/ 16Wells Fargo Bank - 
Checking AccountJT $1,001 - $15,000 Interest $1 - $200 g
fedcD
ESCRIPTION : San Francisco, CA Yerac Associates
SP None Partnership Loss $15,001 - $50,000 g
fedcL
OCATION : San Francisco/San Francisco, CA, US D
ESCRIPTION : Ltd. Partner in Investment Fund S
cHeDule  b: t ranSactionS asset
owner Date tx. type
amount
cap. gains >
$200?
Hertz Global Holdings, Inc (
HTZ)07/15/2015 P $15,001 - $50,000 D
ESCRIPTION : Purchase of 42 call options with a strike price of $14 and an expiration date o f 1/15/16Hertz Global Holdings, Inc (
HTZ)07/16/2015 P $100,001 - $250,000
D
ESCRIPTION : Purchase of 258 call options with a strike price of $14 and an expiration date o f 1/15/16asset
owner value of asset income type(s)
income
tx. > $1,000?

Salesforce.com Inc (CRM)
12/30/2015 S (partial)
$50,001 -
$100,000
g
fedcbD
ESCRIPTION : Contribution of 1,084 shares held personall y to The Paul & Nancy Pelosi Charitable Foundation via transfer between brokerageaccounts.
Visa Inc. (V)
12/29/2015 S (partial)
$250,001 -
$500,000
g
fedcbD
ESCRIPTION : Sale of 5,000 Shares Visa Inc. (V)
12/30/2015 S (partial)
$100,001 -
$250,000
g
fedcbD
ESCRIPTION : Contribution of 2,000 shares held personally to The Pa ul & Nancy Pelosi Charitable Foundation via transfer between brokerageaccounts.
S
cHeDule  c: e arneD  i ncome Source
type amount Financial Leasing Services
Spouse Salary N/A Fairfield Associates
Spouse Management Fee N/A Forty-Five Belden Corporation
Spouse Management Fee N/A Isolep Enterprises
Spouse Management Fee N/A Yerac Associates
Spouse Management Fee N/A S
cHeDule  D: l iabilitieS owner
creditor Date incurred type amount of liability
JT
Union Bank of California February 2002 Mortgage on 11 Zinfandel Lane, St. Helena, CA
$1,000,001 -
$5,000,000
JT
Union Bank of California December 2001 Mortgage on 723 Mule  Ears Court,Norden, CA
$500,001 -
$1,000,000
SP
Union Bank of California December 2007 Mortgage on 45 Beld en Place, SanFrancisco, CA
$1,000,001 -
$5,000,000
SP
Berkadia Commerical Mortgage August 2007 Mortgage on 25 Poi nt Lobos Avenue, SanFrancisco, CA
$1,000,001 -
$5,000,000
JT
Union Bank of California April 2005 Mortgage on 1600 Atlas Peak Road, Napa, CA
$250,001 -
$500,000
asset
owner Date tx. type
amount
cap. gains >
$200?

SP
Union Bank of California July 2002 Equity Line of Credit on 11 Zinfandel Lane, St. Helena, CA
$1,000,001 -
$5,000,000
SP
City National Bank July 2011 Brokerage Collateral Loan $1,000,001 - $5,000,000
JT
Union Bank of California September 2007 Mortgage on 2640 Bro adway, SanFrancisco, CA
$5,000,001 -
$25,000,000
SP
Bank of America November 2006 Mortgage on 3030 K Street, Washington, DC
$1,000,001 -
$5,000,000
SP
Bank of America January 2003 Equity Line of Credit on 3030 K Street, Washington, DC
$100,001 -
$250,000
JT
Union Bank of California December 2012 Equity Line of Credit on 2640 Broadway, San Francisco, CA
$500,001 -
$1,000,000
SP
City National Securities Ongoing Brokerage Margin Account $1,000,001 - $5,000,000
JT
City National Bank April 2014 Equity Line of Credit on 723 Mule Ears Court, Norden, CA
$100,001 -
$250,000
SP
Barclays Bank October 2014 US Airways MasterCard Revolv ing Line$15,001 - $50,000 S
cHeDule  e: P oSitionS Position
name of organization CFO & Secretary
The Paul & Nancy Pelosi Charitable F oundationHonorary Advisory Board
The Women & Politics Institute at American Unive rsityCongressional Advisory Board
International Women's Democracy Center Trustee
United States Botanic Garden Board of Trustees Member Ex Off
icioKennedy Center Honorary Board of Advisors
Lead America Honorary Board of Advisors
National Student Leadership Foundation Honorary Member
Wheelchair Foundation Honorary Board Member
National Women's History Museum Distinguished Board Member
National Organization of Italian American Women Board of Advisors
Close Up Foundation Member of Board of Directors
National First Ladies' Library owner
creditor Date incurred type amount of liability

S
cHeDule  f: a greementS None disclosed.
S
cHeDule  g: g iftS None disclosed.
S
cHeDule  H: t ravel  P aymentS  anD  r eimburSementS None disclosed.
S
cHeDule  i: P aymentS  m aDe  to  c Harity  in  l ieu  of  H onoraria None disclosed.
e
xcluSionS  of  S PouSe , D ePenDent , or  t ruSt  i nformation iPo
: Did you purchase any share s that were allocated as a part of an Initial Public Offering?n
mlkj Yes n mlkji Notrusts
: Details regarding ""Qualified Blind Trusts"" a pproved by the Committee on Ethics and certain other ""excepted trusts"" need notbe disclosed. Have
 you excluded from this report details of such a trust benefiting you, your spouse, or dependent child?n
mlkj Yes n mlkji Noexemption
: Have you excluded from this report any other assets, ""unearned"" income, transactions, or liabilities of a spouse ordependent child because they meet all th
ree tests for exemption?n
mlkj Yes n mlkji Noc
ertification  anD  S ignature g
fedcb I CERTIFY that the statements I have made on the attached Financial Disclosure Report are true, complete, and correct to thebest of my knowledge a
nd belief.Digitally Signed: 
Hon. Nancy Pelosi , 05/16/2016 "
O,2016,10015814,13992,"f
iNaNcial  D iSclOSure  r ePOrt Clerk of the House of Re
presentatives • Legislative Resource Center • 135 Cannon Building • Washington, DC 20515f
iler  i NfOrmatiON Name:
Hon. Nancy Pelosi Status:
Member State/District:
CA12 f
iliNg  i NfOrmatiON filing type:
Annual Report filing year:
2016 filing Date:
05/15/2017 S
cHeDule  a: a SSetS  aND  ""u NearNeD "" i NcOme asset
Owner value of asset income type(s)
income
tx. > $1,000?
11 Zinfandel Lane - Home & Vineyard
JT $5,000,001 - $25,000,000
None
g
fedcL
OCATION : St. Helena/Napa, CA, US 1600 Atlas Peak Road - Real Estate Investment
JT None Capital Gains, Rent
$100,001 -
$1,000,000
g
fedcbL
OCATION : Napa/Napa, CA, US 25 Point Lobos - Commerci
al PropertySP $5,000,001 - $25,000,000
Rent
$100,001 - $1,000,000
g
fedcL
OCATION : San Francisco/San Francisco, CA, US 45 Belden Place - Four Story Commerci
alBuilding
SP
$1,000,001 - $5,000,000
Rent
$100,001 - $1,000,000
g
fedcL
OCATION : San Francisco/San Francisco, CA, US 723 Mule Ears Court - Town
homeJT None Capital Gains, Rent
$100,001 -
$1,000,000
g
fedcbL
OCATION : Sugar Bowl/Placer, CA, US Apple Inc. (AAPL)
SP $1,000,001 - $5,000,000
Dividends
$50,001 - $100,000
g
fedcFiling ID #10015814

Apple Inc.
SP $500,001 - $1,000,000
None
g
fedcbD
ESCRIPTION : 200 call options with a strike price of $90 with an expiration date of 1/20/17 and 100 call options with a strike price of $80 with an expiration date of 6/16/17.
Aristotle LLC
SP $15,001 - $50,000 None g
fedcL
OCATION : San Francisco/San Francisco, CA, US D
ESCRIPTION : Ltd. Partnership Investment in Aristotle Publishing, Inc. Attensity Group Inc. Preferred Stock
SP None None g
fedcD
ESCRIPTION : Investment in Hosted Analytical Software Application - Palo Alto, CA Auberge du Soleil
SP $1,000,001 - $5,000,000
Partnership loss
$50,001 - $100,000
g
fedcL
OCATION : Rutherford/Napa, CA, US D
ESCRIPTION : Ltd. Partnership Investment in Resort Hotel Bank of America - Checking Account
SP $1,001 - $15,000 None g
fedcD
ESCRIPTION : San Francisco, CA Bank of America - Checking Account
JT $1 - $1,000 None g
fedcD
ESCRIPTION : San Francisco, CA Bank of America - Checking Account
SP $1 - $1,000 None g
fedcD
ESCRIPTION : Washington, DC BF Enterprises Common Stock New (BFET)
SP $1,001 - $15,000 None g
fedcD
ESCRIPTION : Asset name change during 2015 to BFE Corporation Borel Real Estate Company
SP $500,001 - $1,000,000
Rent
$15,001 - $50,000 g
fedcL
OCATION : San Mateo/San Mateo, CA, US D
ESCRIPTION : Ltd. Partnership Interest in Shopping Center City Car Services LLC
SP $500,001 - $1,000,000
None
g
fedcL
OCATION : Hingham/Plymouth, MA, US D
ESCRIPTION : Ltd. Partnership Investment in Limousine Company City National Bank - Checking Account
SP $100,001 - $250,000
Interest
$1 - $200 g
fedcD
ESCRIPTION : San Francisco, CA asset
Owner value of asset income type(s)
income
tx. > $1,000?

City National Securities - Brokerage M
oneyMarket Account
SP
$50,001 - $100,000
Dividends
$1 - $200 g
fedcClean Energy Fuels Corp. (C
LNE)SP $1,001 - $15,000 None g
fedcComcast Corporation - Cl
ass A (CMCSA)SP $500,001 - $1,000,000
Dividends
$5,001 - $15,000 g
fedcCongressional Credit Union - Checking Ac
count$15,001 - $50,000 None g
fedcD
ESCRIPTION : Washington, DC EDI Associates
SP $250,001 - $500,000
Partnership
Income
$50,001 -
$100,000
g
fedcL
OCATION : Sonoma/Sonoma, CA, US D
ESCRIPTION : Ltd. Partnership Investment in El Dorado Hotel Facebook, Inc. - Class 
A (FB)SP $500,001 - $1,000,000
None
g
fedcFinancial Leasing Services
SP $100,001 - $250,000
None
g
fedcL
OCATION : San Francisco/San Francisco, CA, US D
ESCRIPTION : Investment Consulting Company Forty-Five Belden Corporation
SP $1,000,001 - $5,000,000
Partnership Loss
$100,001 - $1,000,000
g
fedcL
OCATION : San Francisco/San Francisco, CA, US D
ESCRIPTION : Investment Management Company Global Ambassador Concierge L
LCSP $15,001 - $50,000 None g
fedcL
OCATION : Washington, DC, US D
ESCRIPTION : Ltd. Partnership Interest in Concierge Services for Intern ational TravelersGranite Ventures LP
SP None Partnership Loss $5,001 - $15,000 g
fedcL
OCATION : San Francisco/San Francisco, CA, US D
ESCRIPTION : Ltd. Partnership Interest in Venture Capital Company Investing in Communications & SoftwareHertz Global Holdings, Inc.
 (HTZ)SP None Capital Loss $100,001 - $1,000,000
g
fedcD
ESCRIPTION : 500 call options with a strike price of $22 with an expiration date of 1/15/16 and 300 call options with a strike price of $14 with an expiration date of 1/15/16
Interactive Brokers Group, Inc. (
IBKR)SP $100,001 - Dividends $1,001 - $2,500 g
fedcasset
Owner value of asset income type(s)
income
tx. > $1,000?

$250,000
g
fedcMatthews International Mutual Fund
SP $15,001 - $50,000 Dividends $201 - $1,000 g
fedcMcGrath RentCorp (MGRC)
SP None Capital Gains, Dividends
$100,001 -
$1,000,000
g
fedcbMojo Networks, Inc.
SP $15,001 - $50,000 None g
fedcD
ESCRIPTION : Mojo Networks, Inc. develops and delivers cloud mana ged WiFi platform and WiFi access points for enterprises worldwide.Morningstar, Inc. (MORN)
SP $100,001 - $250,000
Dividends
$1,001 - $2,500 g
fedcMosher Partners LP
SP $250,001 - $500,000
Partnership
Income
$15,001 - $50,000
g
fedcL
OCATION : Sacramento/Sacramento, CA, US D
ESCRIPTION : Undeveloped Residential Real Estate Inve stmentNautilus Leasing Services
SP $50,001 - $100,000
None
g
fedcL
OCATION : San Francisco/San Francisco, CA, US D
ESCRIPTION : Container Leasing Company Nine Forty Five Battery LLC
SP $5,000,001 - $25,000,000
Partnership
Income
$100,001 -
$1,000,000
g
fedcL
OCATION : San Francisco/San Francisco, CA, US D
ESCRIPTION : General Partner in 945 Battery Street Office B uildingOdyssey LLC
SP $15,001 - $50,000 None g
fedcL
OCATION : San Francisco/San Francisco, CA, US D
ESCRIPTION : Ltd. Partnership Interest in Venture Capital Investment Firm Piatti Restaurant Company
SP $1,000,001 - $5,000,000
Partnership
Income
$15,001 - $50,000
g
fedcL
OCATION : Tiburon/Marin, CA, US D
ESCRIPTION : Ltd. Partnership Investment in Restaurant Company QUALCOMM Incorporated (QCOM)
SP $1,001 - $15,000 Dividends $201 - $1,000 g
fedcRussell Ranch LLC
SP $5,000,001 - $25,000,000
Partnership
Income
$100,001 -
$1,000,000
g
fedcL
OCATION : Sacramento/Sacramento, CA, US D
ESCRIPTION : Ltd. Partner in Undeveloped Residential Real E state Investmentasset
Owner value of asset income type(s)
income
tx. > $1,000?

Salesforce.com Inc (CRM)
SP $500,001 - $1,000,000
None
g
fedcSierra Vista Baseline Investors LP
SP $250,001 - $500,000
Partnership
Income
$1,001 - $2,500
g
fedcL
OCATION : Sacramento/Sacramento, CA, US D
ESCRIPTION : Ltd. Partnership in Undeveloped Real Estate Investment Speakeasy Investors LP
SP None None g
fedcL
OCATION : Seattle/King, WA, US D
ESCRIPTION : Ltd. Partnership Investment in DSL Broadband Service s ProviderSquare Inc.
SP $15,001 - $50,000 None g
fedcbD
ESCRIPTION : 50 call options with a strike price of $8 with an expiration date of 1/20/17. Stoneridge LLC
SP $250,001 - $500,000
Partnership Loss
$201 - $1,000 g
fedcL
OCATION : Sacramento/Sacramento, CA, US D
ESCRIPTION : Ltd. Partner in Undeveloped Residential Real E state InvestmentSunEdison, Inc. (SUNE)
SP $1 - $1,000 None g
fedcThirteen Hundred One Sansome LLC
SP $1,000,001 - $5,000,000
Rent
$100,001 - $1,000,000
g
fedcL
OCATION : San Francisco/San Francisco, CA, US D
ESCRIPTION : General Partner in 1301 Sansome Street Office BuildingTripath Technology I
nc. Common StockSP $1 - $1,000 None g
fedcD
ESCRIPTION : Common Stock Not Actively Traded Trivium LLC
SP $15,001 - $50,000 None g
fedcL
OCATION : San Francisco/San Francisco, CA, US D
ESCRIPTION : Ltd. Partnership Investment in E-Business Software Solutions CompanyUnion Bank of California - Checking Account
SP $1 - $1,000 None g
fedcD
ESCRIPTION : San Francisco, CA Union Bank of California - Money Market
Account
SP
$250,001 - $500,000
Interest
$1 - $200 g
fedcD
ESCRIPTION : San Francisco, CA Union Bank of California - Pelosi Trust Che
ckingSP $1 - $1,000 None g
fedcasset
Owner value of asset income type(s)
income
tx. > $1,000?

Account
g
fedcD
ESCRIPTION : San Francisco, CA United Football League
SP None Partnership Loss Over $5,000,000 g
fedcL
OCATION : Jacksonville/Duval, FL, US D
ESCRIPTION : Ltd. Partnership Interest in Football League United Football Lea
gue Sacramento MountainLions Team
SP
None Partnership Loss Over $5,000,000 g
fedcL
OCATION : Sacramento/Sacramento, CA, US D
ESCRIPTION : Ltd. Partnership Interest in Football Franchise Visa Inc. (V)
SP $1,000,001 - $5,000,000
Capital Gains,
Dividends
$100,001 -
$1,000,000
g
fedcbWalt Disney Company
SP None None g
fedcD
ESCRIPTION : 100 call options with a strike price of $90 and an expiration date of 1/15/ 16Walt Disney Company (DIS)
SP $1,000,001 - $5,000,000
Dividends
$5,001 - $15,000 g
fedcbWells Fargo Bank - 
Checking AccountJT $50,001 - $100,000
Interest
$1 - $200 g
fedcD
ESCRIPTION : San Francisco, CA S
cHeDule  b: t raNSactiONS asset
Owner Date tx. type
amount
cap. gains >
$200?
1600 Atlas Peak Road - Real Estate Investment
JT 12/30/2016 S $500,001 - $1,000,000
g
fedcbL
OCATION : Napa/Napa, CA, US D
ESCRIPTION : Sale of Investment Property 723 Mule Ears Court - Town
homeJT 12/27/2016 S $1,000,001 - $5,000,000
g
fedcbL
OCATION : Sugar Bowl/Placer, CA, US D
ESCRIPTION : Sale of Townhome Apple Inc. (AAPL)
01/13/2016 P $250,001 - $500,000
D
ESCRIPTION : Purchase of 200 call options with a strike price of $90 and an expiration date o f 1/20/17asset
Owner value of asset income type(s)
income
tx. > $1,000?

Apple Inc. (AAPL)
05/17/2016 P $100,001 - $250,000
D
ESCRIPTION : Purchase of 100 call options with a strike price of $80 and an expiration date of 6/16/17McGrath RentCorp (MGRC)
SP 07/21/2016 S $250,001 - $500,000
g
fedcbD
ESCRIPTION : Sale of 8,000 Shares Square, Inc. Class A (SQ)
05/17/2016 P $1,001 - $15,000 D
ESCRIPTION : Purchase of 50 call options with a strike price of $8 with an expiration date of 1/20/17 Visa Inc. (V)
SP 07/21/2016 S (partial)
$50,001 -
$100,000
g
fedcbD
ESCRIPTION : Sale of 1,250 Shares Walt Disney Company (DIS)
01/15/2016 P $500,001 - $1,000,000
D
ESCRIPTION : Exercised 100 call options expiring 1/15/16 at a strike price o f $90.S
cHeDule  c: e arNeD  i NcOme Source
type amount Financial Leasing Services
Spouse Salary N/A Fairfield Associates
Spouse Management Fee N/A Forty-Five Belden Corporation
Spouse Management Fee N/A Isolep Enterprises
Spouse Management Fee N/A S
cHeDule  D: l iabilitieS Owner
creditor Date incurred type amount of liability
JT
Union Bank of California September 2016 Mortgage on 11 Zinfandel Lane, St. Helena, CA
$5,000,001 -
$25,000,000
JT
Union Bank of California December 2001 Mortgage on 723 Mule  Ears Court,Norden, CA
$500,001 -
$1,000,000
SP
Union Bank of California December 2007 Mortgage on 45 Beld en Place, SanFrancisco, CA
$1,000,001 -
$5,000,000
SP
Berkadia Commerical Mortgage August 2007 Mortgage on 25 Poi nt Lobos Avenue, San$1,000,001 - asset
Owner Date tx. type
amount
cap. gains >
$200?

Francisco, CA
$5,000,000 JT
Union Bank of California April 2005 Mortgage on 1600 Atlas Peak Road, Napa, CA
$250,001 -
$500,000
SP
Union Bank of California July 2002 Equity Line of Credit on 11 Zinfandel Lane, St. Helena, CA
$500,001 -
$1,000,000
SP
City National Bank July 2011 Brokerage Collateral Loan $1,000,001 - $5,000,000
JT
Union Bank of California September 2007 Mortgage on 2640 Bro adway, SanFrancisco, CA
$5,000,001 -
$25,000,000
SP
Bank of America November 2006 Mortgage on 3030 K Street, Washington, DC
$1,000,001 -
$5,000,000
SP
Bank of America January 2003 Equity Line of Credit on 3030 K Street, Washington, DC
$100,001 -
$250,000
JT
Union Bank of California December 2012 Equity Line of Credit on 2640 Broadway, San Francisco, CA
$500,001 -
$1,000,000
SP
City National Securities Ongoing Brokerage Margin Account $1,000,001 - $5,000,000
JT
City National Bank April 2014 Equity Line of Credit on 723 Mule Ears Court, Norden, CA
$100,001 -
$250,000
SP
Barclays Bank October 2014 US Airways MasterCard Revolv ing Line$15,001 - $50,000 S
cHeDule  e: P OSitiONS Position
Name of Organization CFO & Secretary
The Paul & Nancy Pelosi Charitable F oundationHonorary Advisory Board
The Women & Politics Institute at American Unive rsityCongressional Advisory Board
International Women's Democracy Center Trustee
United States Botanic Garden Board of Trustees Member Ex Off
icioKennedy Center Honorary Board of Advisors
Lead America Honorary Board of Advisors
National Student Leadership Foundation Honorary Member
Wheelchair Foundation Honorary Board Member
National Women's History Museum Distinguished Board Member
National Organization of Italian American Women Owner
creditor Date incurred type amount of liability

Board of Advisors
Close Up Foundation Member of Board of Directors
National First Ladies' Library S
cHeDule  f: a greemeNtS None disclosed.
S
cHeDule  g: g iftS None disclosed.
S
cHeDule  H: t ravel  P aymeNtS  aND  r eimburSemeNtS None disclosed.
S
cHeDule  i: P aymeNtS  m aDe  tO  c Harity  iN  l ieu  Of  H ONOraria None disclosed.
e
xcluSiONS  Of  S POuSe , D ePeNDeNt , Or  t ruSt  i NfOrmatiON iPO
: Did you purchase any share s that were allocated as a part of an Initial Public Offering?n
mlkj Yes n mlkji Notrusts
: Details regarding ""Qualified Blind Trusts"" a pproved by the Committee on Ethics and certain other ""excepted trusts"" need notbe disclosed. Have
 you excluded from this report details of such a trust benefiting you, your spouse, or dependent child?n
mlkj Yes n mlkji Noexemption
: Have you excluded from this report any other assets, ""unearned"" income, transactions, or liabilities of a spouse ordependent child because they meet all th
ree tests for exemption?n
mlkj Yes n mlkji Noc
ertificatiON  aND  S igNature g
fedcb I CERTIFY that the statements I have made on the attached Financial Disclosure Report are true, complete, and correct to thebest of my knowledge a
nd belief.Digitally Signed: 
Hon. Nancy Pelosi , 05/15/2017 Position
Name of Organization "
O,2017,10020995,13131,"f
iNaNcial  D iSclOSure  r ePOrt Clerk of the House of Re
presentatives • Legislative Resource Center • 135 Cannon Building • Washington, DC 20515f
iler  i NfOrmatiON Name:
Hon. Nancy Pelosi Status:
Member State/District:
CA12 f
iliNg  i NfOrmatiON filing type:
Annual Report filing year:
2017 filing Date:
05/14/2018 S
cHeDule  a: a SSetS  aND  ""u NearNeD "" i NcOme asset
Owner value of asset income type(s)
income
tx. > $1,000?
11 Zinfandel Lane - Home & Vineyard
 [RP] JT $5,000,001 - $25,000,000
Grape Sales
$15,001 - $50,000 g
fedcL
OCATION : St. Helena/Napa, CA, US 25 Point Lobos - Commerci
al Property [RP] SP $5,000,001 - $25,000,000
Rent
$100,001 - $1,000,000
g
fedcL
OCATION : San Francisco/San Francisco, CA, US 45 Belden Place - Four Story Commerci
alBuilding
 [RP] SP
$5,000,001 - $25,000,000
Rent
$100,001 - $1,000,000
g
fedcL
OCATION : San Francisco/San Francisco, CA, US Apple Inc. (AAPL)
 [ST] SP $5,000,001 - $25,000,000
Capital Gains,
Dividends
$1,000,001 -
$5,000,000
g
fedcbApple Inc.
 [OP] SP None Capital Gains $100,001 - $1,000,000
g
fedcbD
ESCRIPTION : 200 call options with a strike price of $90 with an expiration date of 1/20/17 and 100 call options with a strike price of $80 with an expiration date of 6/16/17.
Aristotle LLC
 [OL] SP $15,001 - $50,000 None g
fedcL
OCATION : San Francisco/San Francisco, CA, US Filing ID #10020995

D
ESCRIPTION : Ltd. Partnership Investment in Aristotle Publishing, Inc. Auberge du Soleil
 [OL] SP $5,000,001 - $25,000,000
Partnership
Income
$15,001 - $50,000
g
fedcL
OCATION : Rutherford/Napa, CA, US D
ESCRIPTION : Ltd. Partnership Investment in Resort Hotel Bank of America - Checking Account
 [BA] SP $1,001 - $15,000 None g
fedcD
ESCRIPTION : San Francisco, CA Bank of America - Checking Account
 [BA] JT $1 - $1,000 None g
fedcD
ESCRIPTION : San Francisco, CA Bank of America - Checking Account
 [BA] SP $1 - $1,000 None g
fedcD
ESCRIPTION : Washington, DC BF Enterprises Common Stock New (BFET)
 [ST] SP $1,001 - $15,000 Capital Gains $2,501 - $5,000 g
fedcbD
ESCRIPTION : Asset name change during 2015 to BFE Corporation Borel Real Estate Company
 [OL] SP $500,001 - $1,000,000
Rent
$50,001 - $100,000
g
fedcL
OCATION : San Mateo/San Mateo, CA, US D
ESCRIPTION : Ltd. Partnership Interest in Shopping Center City Car Services LLC
 [OL] SP $500,001 - $1,000,000
None
g
fedcL
OCATION : Hingham/Plymouth, MA, US D
ESCRIPTION : Ltd. Partnership Investment in Limousine Company City National Bank - Checking Account
 [BA] SP $50,001 - $100,000
Interest
$1 - $200 g
fedcD
ESCRIPTION : San Francisco, CA City National Securities - Brokerage M
oneyMarket Account
 [BA] SP
$500,001 - $1,000,000
Interest
$1 - $200 g
fedcClean Energy Fuels Corp. (C
LNE) [ST] SP $1,001 - $15,000 None g
fedcComcast Corporation - Cl
ass A (CMCSA) [ST] SP $500,001 - $1,000,000
Dividends
$5,001 - $15,000 g
fedcCongressional Credit Union - Checking Ac
count[BA]
$15,001 - $50,000
None g
fedcasset
Owner value of asset income type(s)
income
tx. > $1,000?

D
ESCRIPTION : Washington, DC EDI Associates
 [OL] SP $250,001 - $500,000
Partnership
Income
$50,001 -
$100,000
g
fedcL
OCATION : Sonoma/Sonoma, CA, US D
ESCRIPTION : Ltd. Partnership Investment in El Dorado Hotel Facebook, Inc. - Class 
A (FB) [ST] SP $500,001 - $1,000,000
None
g
fedcFinancial Leasing Services
 [OL] SP $100,001 - $250,000
None
g
fedcL
OCATION : San Francisco/San Francisco, CA, US D
ESCRIPTION : Investment Consulting Company Forty-Five Belden Corporation
 [OL] SP $1,000,001 - $5,000,000
Partnership Loss
$100,001 - $1,000,000
g
fedcL
OCATION : San Francisco/San Francisco, CA, US D
ESCRIPTION : Investment Management Company Global Ambassador Concierge L
LC [OL] SP $15,001 - $50,000 None g
fedcL
OCATION : Washington, DC, US D
ESCRIPTION : Ltd. Partnership Interest in Concierge Services for Intern ational TravelersInteractive Brokers Group, Inc. (
IBKR) [ST] SP $250,001 - $500,000
Dividends
$1,001 - $2,500 g
fedcMatthews International Mutual Fund
 [MF] SP $50,001 - $100,000
Dividends
$201 - $1,000 g
fedcMojo Networks, Inc.
 [PS] SP $15,001 - $50,000 None g
fedcD
ESCRIPTION : Mojo Networks, Inc. develops and delivers cloud mana ged WiFi platform and WiFi access points for enterprises worldwide.Morningstar, Inc. (MORN)
 [ST] SP $250,001 - $500,000
Dividends
$1,001 - $2,500 g
fedcMosher Partners LP
 [OL] SP $250,001 - $500,000
Partnership
Income
$15,001 - $50,000
g
fedcL
OCATION : Sacramento/Sacramento, CA, US D
ESCRIPTION : Undeveloped Residential Real Estate Inve stmentNautilus Leasing Services
 [OL] SP $50,001 - $100,000
None
g
fedcL
OCATION : San Francisco/San Francisco, CA, US D
ESCRIPTION : Container Leasing Company asset
Owner value of asset income type(s)
income
tx. > $1,000?

Nine Forty Five Battery LLC
 [OL] SP $5,000,001 - $25,000,000
Partnership
Income
$100,001 -
$1,000,000
g
fedcL
OCATION : San Francisco/San Francisco, CA, US D
ESCRIPTION : General Partner in 945 Battery Street Office B uildingOdyssey LLC
 [OL] SP $15,001 - $50,000 None g
fedcL
OCATION : San Francisco/San Francisco, CA, US D
ESCRIPTION : Ltd. Partnership Interest in Venture Capital Investment Firm Piatti Restaurant Company
 [OL] SP $1,000,001 - $5,000,000
Partnership
Income
$15,001 - $50,000
g
fedcL
OCATION : Tiburon/Marin, CA, US D
ESCRIPTION : Ltd. Partnership Investment in Restaurant Company QUALCOMM Incorporated (QCOM)
 [ST] SP $1,001 - $15,000 Dividends $1 - $200 g
fedcRussell Ranch LLC
 [OL] SP $5,000,001 - $25,000,000
Partnership
Income
$2,501 - $5,000
g
fedcL
OCATION : Sacramento/Sacramento, CA, US D
ESCRIPTION : Ltd. Partner in Undeveloped Residential Real E state InvestmentSalesforce.com Inc (CRM)
 [ST] SP $1,000,001 - $5,000,000
None
g
fedcSierra Vista Baseline Investors LP
 [OL] SP $250,001 - $500,000
Partnership
Income
$15,001 - $50,000
g
fedcL
OCATION : Sacramento/Sacramento, CA, US D
ESCRIPTION : Ltd. Partnership in Undeveloped Real Estate Investment Square Inc.
 [OP] SP None None g
fedcD
ESCRIPTION : 50 call options with a strike price of $8 with an expiration date of 1/20/17. Square, Inc. Class A (SQ)
 [ST] SP $100,001 - $250,000
None
g
fedcbStoneridge LLC
 [OL] SP $250,001 - $500,000
Partnership Loss
$1,001 - $2,500 g
fedcL
OCATION : Sacramento/Sacramento, CA, US D
ESCRIPTION : Ltd. Partner in Undeveloped Residential Real E state InvestmentSunEdison, Inc. (SUNE)
 [ST] SP $1 - $1,000 None g
fedcasset
Owner value of asset income type(s)
income
tx. > $1,000?

Thirteen Hundred One Sansome LLC
 [OL] SP $1,000,001 - $5,000,000
Rent
$100,001 - $1,000,000
g
fedcL
OCATION : San Francisco/San Francisco, CA, US D
ESCRIPTION : General Partner in 1301 Sansome Street Office BuildingTripath Technology I
nc. Common Stock [PS] SP $1 - $1,000 None g
fedcD
ESCRIPTION : Common Stock Not Actively Traded Trivium LLC
 [OL] SP $15,001 - $50,000 None g
fedcL
OCATION : San Francisco/San Francisco, CA, US D
ESCRIPTION : Ltd. Partnership Investment in E-Business Software Solutions CompanyUnion Bank of California - Checking Account
[BA]
SP
$1 - $1,000 None g
fedcD
ESCRIPTION : San Francisco, CA Union Bank of California - Money Market
Account
 [BA] SP
$250,001 - $500,000
Interest
$201 - $1,000 g
fedcD
ESCRIPTION : San Francisco, CA Union Bank of California - Pelosi Trust Che
ckingAccount
 [BA] SP
$1 - $1,000 None g
fedcD
ESCRIPTION : San Francisco, CA Visa Inc. (V)
 [ST] SP $5,000,001 - $25,000,000
Capital Gains,
Dividends
$100,001 -
$1,000,000
g
fedcbWalt Disney Company (DIS)
 [ST] SP $1,000,001 - $5,000,000
Dividends
$15,001 - $50,000 g
fedcWells Fargo Bank - 
Checking Account [BA] JT $15,001 - $50,000 Interest $1 - $200 g
fedcD
ESCRIPTION : San Francisco, CA * 
For the complete list of asset type abbreviations, ple ase visit https://fd.house.gov/reference/ asset-type-codes.aspx. S
cHeDule  b: t raNSactiONS asset
Owner Date tx. type
amount
cap. gains >
$200?
Apple Inc. (AAPL)
 [ST] SP 01/19/2017 P $500,001 - $1,000,000
D
ESCRIPTION : Exercised 100 call options (10,000 shares) expiring 1/20/17 at a strike price of $90asset
Owner value of asset income type(s)
income
tx. > $1,000?

Apple Inc. (AAPL)
 [ST] SP 01/20/2017 S (partial)
$250,001 -
$500,000
g
fedcbD
ESCRIPTION : Sale of 100 call options with a strike price of $90 and an expiration date of 1/20/17Apple Inc. (AAPL)
 [ST] SP 06/15/2017 P $500,001 - $1,000,000
D
ESCRIPTION : Exercised 100 call options (10,000 shares) expiring 6/16/ 17 at a strike price of $80Apple Inc. (AAPL)
 [ST] SP 12/21/2017 S (partial)
$100,001 -
$250,000
g
fedcbD
ESCRIPTION : Contribution of 1,300 shares held person ally to Isolep Enterprises via transfer between brokerage accounts.Apple Inc. (AAPL)
 [ST] SP 12/28/2017 S (partial)
$1,000,001 -
$5,000,000
g
fedcbD
ESCRIPTION : Sale of 9,000 shares Apple Inc. (AAPL)
 [ST] SP 12/29/2017 S (partial)
$250,001 -
$500,000
g
fedcbD
ESCRIPTION : Contribution of 2,800 shares held personally to the Pa ul & Nancy Pelosi Charitable Foundation via transfer between brokerageaccounts.
BF Enterprises Common Stock New (BFET)
 [ST] SP 06/20/2017 S (partial)
$1,001 - $15,000
g
fedcbD
ESCRIPTION : Partial cash liquidation initiated by corporation. Square, Inc. Class A (SQ)
 [ST] SP 01/20/2017 P $15,001 - $50,000 D
ESCRIPTION : Exercised 50 call options (5,000 shares) expiring 1/20/17 at a strike price o f $8Visa Inc. (V)
 [ST] SP 12/21/2017 S (partial)
$100,001 -
$250,000
g
fedcbD
ESCRIPTION : Contribution of 1,750 shares held person ally to Isolep Enterprises via transfer between brokerage accounts.Visa Inc. (V)
 [ST] SP 12/28/2017 S (partial)
$500,001 -
$1,000,000
g
fedcbD
ESCRIPTION : Sale of 5,000 shares * 
For the complete list of asset type abbreviations, ple ase visit https://fd.house.gov/reference/ asset-type-codes.aspx. S
cHeDule  c: e arNeD  i NcOme Source
type amount Financial Leasing Services
Spouse Salary N/A Fairfield Associates
Spouse Management Fee N/A asset
Owner Date tx. type
amount
cap. gains >
$200?

45 Belden Corporation
Spouse Management Fee N/A Isolep Enterprises
Spouse Management Fee N/A S
cHeDule  D: l iabilitieS Owner
creditor Date incurred type amount of liability
JT
Union Bank of California September 2016 Mortgage on 11 Zinfandel Lane, St. Helena, CA
$5,000,001 -
$25,000,000
SP
Union Bank of California December 2017 Mortgage on 45 Beld en Place, SanFrancisco, CA
$1,000,001 -
$5,000,000
SP
Wells Fargo Bank June 2017 Mortgage on 25 Poi nt Lobos Avenue, SanFrancisco, CA
$1,000,001 -
$5,000,000
SP
Union Bank of California July 2002 Equity Line of Credit on 11 Zinfandel Lane, St. Helena, CA
$500,001 -
$1,000,000
SP
City National Bank July 2011 Brokerage Collateral Loan $1,000,001 - $5,000,000
JT
Union Bank of California September 2007 Mortgage on 2640 Bro adway, SanFrancisco, CA
$5,000,001 -
$25,000,000
SP
Bank of America November 2006 Mortgage on 3030 K Street, Washington, DC
$1,000,001 -
$5,000,000
SP
Bank of America January 2003 Equity Line of Credit on 3030 K Street, Washington, DC
$100,001 -
$250,000
JT
Union Bank of California December 2012 Equity Line of Credit on 2640 Broadway, San Francisco, CA
$500,001 -
$1,000,000
SP
City National Securities Ongoing Brokerage Margin Account $1,000,001 - $5,000,000
SP
Barclays Bank October 2014 US Airways MasterCard Revolv ing Line$15,001 - $50,000 S
cHeDule  e: P OSitiONS Position
Name of Organization CFO & Secretary
The Paul & Nancy Pelosi Charitable F oundationHonorary Advisory Board
The Women & Politics Institute at American Unive rsityCongressional Advisory Board
International Women's Democracy Center Trustee
United States Botanic Garden Source
type amount 
Board of Trustees Member Ex Off
icioKennedy Center Honorary Board of Advisors
Lead America Honorary Board of Advisors
National Student Leadership Foundation Honorary Member
Wheelchair Foundation Honorary Board Member
National Women's History Museum Distinguished Board Member
National Organization of Italian American Women Board of Advisors
Close Up Foundation Member of Board of Directors
National First Ladies' Library S
cHeDule  f: a greemeNtS None disclosed.
S
cHeDule  g: g iftS None disclosed.
S
cHeDule  H: t ravel  P aymeNtS  aND  r eimburSemeNtS None disclosed.
S
cHeDule  i: P aymeNtS  m aDe  tO  c Harity  iN  l ieu  Of  H ONOraria None disclosed.
e
xcluSiONS  Of  S POuSe , D ePeNDeNt , Or  t ruSt  i NfOrmatiON iPO
: Did you purchase any share s that were allocated as a part of an Initial Public Offering?n
mlkj Yes n mlkji Notrusts
: Details regarding ""Qualified Blind Trusts"" a pproved by the Committee on Ethics and certain other ""excepted trusts"" need notbe disclosed. Have
 you excluded from this report details of such a trust benefiting you, your spouse, or dependent child?n
mlkj Yes n mlkji Noexemption
: Have you excluded from this report any other assets, ""unearned"" income, transactions, or liabilities of a spouse ordependent child because they meet all th
ree tests for exemption?n
mlkj Yes n mlkji Noc
ertificatiON  aND  S igNature g
fedcb I CERTIFY that the statements I have made on the attached Financial Disclosure Report are true, complete, and correct to thebest of my knowledge a
nd belief.Digitally Signed: 
Hon. Nancy Pelosi , 05/14/2018 Position
Name of Organization "
O,2018,10026982,13752,"f
inanciaL  D iScLoSure  r ePort Clerk of the House of Re
presentatives • Legislative Resource Center • 135 Cannon Building • Washington, DC 20515f
iLer  i nformation name:
Hon. Nancy Pelosi Status:
Member State/District:
CA12 f
iLing  i nformation filing type:
Annual Report filing year:
2018 filing Date:
05/15/2019 S
cHeDuLe  a: a SSetS  anD  ""u nearneD "" i ncome asset
owner value of asset income type(s)
income
tx. > $1,000?
11 Zinfandel Lane - Home & Vineyard
 [RP] JT $5,000,001 - $25,000,000
Grape Sales
$100,001 - $1,000,000
g
fedcL
OCATION : St. Helena/Napa, CA, US 25 Point Lobos - Commerci
al Property [RP] SP $5,000,001 - $25,000,000
Rent
$100,001 - $1,000,000
g
fedcL
OCATION : San Francisco/San Francisco, CA, US 45 Belden Place - Four Story Commerci
al Building[RP]
SP
$5,000,001 - $25,000,000
Rent
$100,001 - $1,000,000
g
fedcL
OCATION : San Francisco/San Francisco, CA, US Amazon.com, Inc. (AMZN)
 [OP] SP $500,001 - $1,000,000
None
g
fedcbD
ESCRIPTION : 20 call options with a strike price of $1700 with an expiration date of 1/17/20 and 30 call options with a strike price of $1600 with an expiration date of 1/17/20.
Apple Inc.
 [OP] SP $250,001 - $500,000
None
g
fedcbD
ESCRIPTION : 100 call options with a strike price of $145 with an expiration date of 6/19/20. Apple Inc. (AAPL)
 [ST] SP $5,000,001 - $25,000,000
Dividends
$50,001 - $100,000
g
fedcFiling ID #10026982

Aristotle LLC
 [OL] SP $15,001 - $50,000 None g
fedcL
OCATION : San Francisco/San Francisco, CA, US D
ESCRIPTION : Ltd. Partnership Investment in Aristotle Publishing, Inc. AT&T Inc. (T)
 [ST] SP $250,001 - $500,000
None
g
fedcbAuberge du Soleil
 [OL] SP $5,000,001 - $25,000,000
Partnership
Income
$100,001 -
$1,000,000
g
fedcL
OCATION : Rutherford/Napa, CA, US D
ESCRIPTION : Ltd. Partnership Investment in Resort Hotel Bank of America - Checking Account
 [BA] SP $1,001 - $15,000 None g
fedcD
ESCRIPTION : San Francisco, CA Bank of America - Checking Account
 [BA] JT $1 - $1,000 None g
fedcD
ESCRIPTION : San Francisco, CA Bank of America - Checking Account
 [BA] SP $1 - $1,000 None g
fedcD
ESCRIPTION : Washington, DC BF Enterprises Common Stock New (BFET)
 [ST] SP $1,001 - $15,000 None g
fedcD
ESCRIPTION : Asset name change during 2015 to BFE Corporation Borel Real Estate Company
 [OL] SP $500,001 - $1,000,000
Partnership
Income, Rent
$100,001 -
$1,000,000
g
fedcL
OCATION : San Mateo/San Mateo, CA, US D
ESCRIPTION : Ltd. Partnership Interest in Shopping Center City Car Services LLC
 [OL] SP $500,001 - $1,000,000
None
g
fedcL
OCATION : Hingham/Plymouth, MA, US D
ESCRIPTION : Ltd. Partnership Investment in Limousine Company City National Bank - Checking Account
 [BA] SP $50,001 - $100,000
Interest
$1 - $200 g
fedcD
ESCRIPTION : San Francisco, CA City National Securities - Brokerage M
oney MarketAccount
 [BA] SP
$15,001 - $50,000 Interest $1 - $200 g
fedcClean Energy Fuels Corp. (C
LNE) [ST] SP $1,001 - $15,000 None g
fedcasset
owner value of asset income type(s)
income
tx. > $1,000?

Comcast Corporation - Cl
ass A (CMCSA) [ST] SP $500,001 - $1,000,000
Dividends
$5,001 - $15,000 g
fedcCongressional Credit Union - Checking Ac
count[BA]
$15,001 - $50,000
None g
fedcD
ESCRIPTION : Washington, DC Dropbox, Inc. - Class A (
DBX) [ST] SP $100,001 - $250,000
None
g
fedcbEDI Associates
 [OL] SP $250,001 - $500,000
Partnership
Income
$50,001 -
$100,000
g
fedcL
OCATION : Sonoma/Sonoma, CA, US D
ESCRIPTION : Ltd. Partnership Investment in El Dorado Hotel Facebook, Inc. - Class 
A (FB) [ST] SP $500,001 - $1,000,000
None
g
fedcFacebook, Inc. - Class 
A (FB) [OP] SP $50,001 - $100,000
None
g
fedcbD
ESCRIPTION : 20 call options with a strike price of $150 with an expiration date of 1/17/20 and 30 call options with a strike price of $140 with an expiration date of 1/17/20.
Financial Leasing Services
 [OL] SP $100,001 - $250,000
None
g
fedcL
OCATION : San Francisco/San Francisco, CA, US D
ESCRIPTION : Investment Consulting Company Forty-Five Belden Corporation
 [OL] SP $1,000,001 - $5,000,000
Partnership Loss
$50,001 - $100,000
g
fedcL
OCATION : San Francisco/San Francisco, CA, US D
ESCRIPTION : Investment Management Company Global Ambassador Concierge L
LC [OL] SP $15,001 - $50,000 None g
fedcL
OCATION : Washington, DC, US D
ESCRIPTION : Ltd. Partnership Interest in Concierge Services for Intern ational TravelersInteractive Brokers Group, Inc. (
IBKR) [ST] SP $250,001 - $500,000
Dividends
$1,001 - $2,500 g
fedcMatthews International Mutual Fund
 [MF] SP $15,001 - $50,000 Dividends $201 - $1,000 g
fedcMojo Networks, Inc.
 [PS] SP None Capital Loss $5,001 - $15,000 g
fedcbasset
owner value of asset income type(s)
income
tx. > $1,000?

D
ESCRIPTION : Mojo Networks, Inc. develops and delivers cloud mana ged WiFi platform and WiFi access points for enterprises worldwide.Morningstar, Inc. (MORN)
 [ST] SP $250,001 - $500,000
Dividends
$2,501 - $5,000 g
fedcMosher Partners LP
 [OL] SP $250,001 - $500,000
Partnership
Income
$5,001 - $15,000
g
fedcL
OCATION : Sacramento/Sacramento, CA, US D
ESCRIPTION : Undeveloped Residential Real Estate Inve stmentNautilus Leasing Services
 [OL] SP $50,001 - $100,000
None
g
fedcL
OCATION : San Francisco/San Francisco, CA, US D
ESCRIPTION : Container Leasing Company Nine Forty Five Battery LLC
 [OL] SP $5,000,001 - $25,000,000
Partnership
Income
$100,001 -
$1,000,000
g
fedcL
OCATION : San Francisco/San Francisco, CA, US D
ESCRIPTION : General Partner in 945 Battery Street Office B uildingOdyssey LLC
 [OL] SP $15,001 - $50,000 None g
fedcL
OCATION : San Francisco/San Francisco, CA, US D
ESCRIPTION : Ltd. Partnership Interest in Venture Capital Investment Firm Piatti Restaurant Company
 [OL] SP $1,000,001 - $5,000,000
Partnership
Income
$15,001 -
$50,000
g
fedcL
OCATION : Tiburon/Marin, CA, US D
ESCRIPTION : Ltd. Partnership Investment in Restaurant Company QUALCOMM Incorporated (QCOM)
 [ST] SP $1,001 - $15,000 Dividends $201 - $1,000 g
fedcRussell Ranch LLC
 [OL] SP $5,000,001 - $25,000,000
Partnership
Income
$50,001 -
$100,000
g
fedcL
OCATION : Sacramento/Sacramento, CA, US D
ESCRIPTION : Ltd. Partner in Undeveloped Residential Real E state InvestmentSalesforce.com Inc (CRM)
 [ST] SP $1,000,001 - $5,000,000
None
g
fedcSierra Vista Baseline Investors LP
 [OL] SP $250,001 - $500,000
Partnership
Income
$50,001 -
$100,000
g
fedcL
OCATION : Sacramento/Sacramento, CA, US D
ESCRIPTION : Ltd. Partnership in Undeveloped Real Estate Investment asset
owner value of asset income type(s)
income
tx. > $1,000?

Square, Inc. Class A (SQ)
 [ST] SP $250,001 - $500,000
None
g
fedcStoneridge LLC
 [OL] SP $250,001 - $500,000
Partnership Loss
$50,001 - $100,000
g
fedcL
OCATION : Sacramento/Sacramento, CA, US D
ESCRIPTION : Ltd. Partner in Undeveloped Residential Real E state InvestmentSunEdison, Inc. (SUNE)
 [ST] SP $1 - $1,000 None g
fedcThirteen Hundred One Sansome LLC
 [OL] SP $5,000,001 - $25,000,000
Partnership Loss,
Rent
$100,001 -
$1,000,000
g
fedcL
OCATION : San Francisco/San Francisco, CA, US D
ESCRIPTION : General Partner in 1301 Sansome Street Office BuildingTripath Technology I
nc. Common Stock [PS] SP $1 - $1,000 None g
fedcD
ESCRIPTION : Common Stock Not Actively Traded Trivium LLC
 [OL] SP $15,001 - $50,000 None g
fedcL
OCATION : San Francisco/San Francisco, CA, US D
ESCRIPTION : Ltd. Partnership Investment in E-Business Software Solutions CompanyUnion Bank of California - Checking Account
 [BA] SP $1 - $1,000 None g
fedcD
ESCRIPTION : San Francisco, CA Union Bank of California - Money Market Ac
count[BA]
SP
$250,001 - $500,000
Interest
$1 - $200 g
fedcD
ESCRIPTION : San Francisco, CA Union Bank of California - Pelosi Trust Che
ckingAccount
 [BA] SP
$1 - $1,000 None g
fedcD
ESCRIPTION : San Francisco, CA Visa Inc. (V)
 [ST] SP $5,000,001 - $25,000,000
Dividends
$15,001 - $50,000
g
fedcWalt Disney Company (DIS)
 [ST] SP $1,000,001 - $5,000,000
Dividends
$15,001 - $50,000
g
fedcWells Fargo Bank - 
Checking Account [BA] JT $15,001 - $50,000 Interest $1 - $200 g
fedcD
ESCRIPTION : San Francisco, CA * 
For the complete list of asset type abbreviations, ple ase visit https://fd.house.gov/reference/ asset-type-codes.aspx. asset
owner value of asset income type(s)
income
tx. > $1,000?

S
cHeDuLe  b: t ranSactionS asset
owner Date tx. type
amount
cap. gains >
$200?
Amazon.com, Inc. (AMZN)
 [ST] SP 07/27/2018 P $500,001 - $1,000,000
D
ESCRIPTION : Purchase of 20 call options with a strike price of $1700 and an expiration d ate of 1/17/20.Amazon.com, Inc. (AMZN)
 [ST] SP 10/12/2018 P $1,000,001 - $5,000,000
D
ESCRIPTION : Purchased 30 call options with a strike price of $1600 and an expiration d ate of 1/17/20.Apple Inc. (AAPL)
 [ST] SP 02/2/2018 P $100,001 - $250,000
D
ESCRIPTION : Purchase of 50 call options with a strike price of $140 and an expiration d ate of 9/21/18.Apple Inc. (AAPL)
 [ST] SP 02/2/2018 P $100,001 - $250,000
D
ESCRIPTION : Purchase of 50 call options with a strike price of $130 and an expiration date of 9/21/18.Apple Inc. (AAPL)
 [ST] SP 09/11/2018 P $500,001 - $1,000,000
D
ESCRIPTION : Purchased 100 call options with a strike price of $145 and an expiration d ate of 6/19/20.Apple Inc. (AAPL)
 [ST] SP 09/20/2018 P $500,001 - $1,000,000
D
ESCRIPTION : Exercised 50 call options (5,000 shares) expiring 9/21/18 at a strike price o f $130.Apple Inc. (AAPL)
 [ST] SP 09/20/2018 P $500,001 - $1,000,000
D
ESCRIPTION : Exercised 50 call options (5,000 shares) expiring 9/21/18 at a strike price o f $140.AT&T Inc. (T)
 [ST] SP 10/24/2018 P $250,001 - $500,000
D
ESCRIPTION : Purchased 10,000 shares. Dropbox, Inc. - Class A (
DBX) [ST] SP 03/27/2018 P $250,001 - $500,000
D
ESCRIPTION : Purchase of 10,000 Shares Facebook, Inc. - Class 
A (FB) [ST] SP 07/27/2018 P $50,001 - $100,000
D
ESCRIPTION : Purchase of 20 call options with a strike price of $150 and an expiration d ate of 1/17/20.Facebook, Inc. - Class 
A (FB) [ST] SP 10/9/2018 P $100,001 - $250,000

D
ESCRIPTION : Purchased 30 call options with a strike price of $140 and an expiration date o f 1/17/20.Mojo Networks, Inc.
 [PS] SP 08/23/2018 S $1,001 - $15,000 g
fedcL
OCATION : US D
ESCRIPTION : Final cash distribution for preferr ed shares held resulting from Arista Networks, Inc. acquisition of Mojo Networks, Inc.* 
For the complete list of asset type abbreviations, ple ase visit https://fd.house.gov/reference/ asset-type-codes.aspx. S
cHeDuLe  c: e arneD  i ncome Source
type amount Financial Leasing 
Services Spouse Salary N/A Fairfield Associates
Spouse Management Fee N/A 45 Belden Corporation
Spouse Management Fee N/A S
cHeDuLe  D: L iabiLitieS owner
creditor Date incurred type amount of Liability
JT
Union Bank of California September 2016 Mortgage on 11 Zinfandel Lane, St. Helena, CA
$5,000,001 -
$25,000,000
SP
Union Bank of California December 2017 Mortgage on 45 Beld en Place, SanFrancisco, CA
$1,000,001 -
$5,000,000
SP
Wells Fargo Bank June 2017 Mortgage on 25 Poi nt Lobos Avenue, SanFrancisco, CA
$1,000,001 -
$5,000,000
SP
Union Bank of California July 2002 Equity Line of Credit on 11 Zinfandel Lane, St. Helena, CA
$500,001 -
$1,000,000
SP
City National Bank July 2011 Brokerage Collateral Loan $1,000,001 - $5,000,000
JT
Union Bank of California September 2007 Mortgage on 2640 Bro adway, SanFrancisco, CA
$5,000,001 -
$25,000,000
SP
Bank of America November 2006 Mortgage on 3030 K Street, Washington, DC
$1,000,001 -
$5,000,000
SP
Bank of America January 2003 Equity Line of Credit on 3030 K Street, Washington, DC
$100,001 -
$250,000
JT
Union Bank of California December 2012 Equity Line of Credit on 2640 Broadway, San Francisco, CA
$500,001 -
$1,000,000
asset
owner Date tx. type
amount
cap. gains >
$200?

SP
City National Securities Ongoing Brokerage Margin Account $5,000,001 - $25,000,000
SP
Barclays Bank October 2014 US Airways MasterCard Revolv ing Line$15,001 - $50,000 S
cHeDuLe  e: P oSitionS Position
name of organization CFO & Secretary
The Paul & Nancy Pelosi Charitable F oundationHonorary Advisory Board
The Women & Politics Institute at American Unive rsityCongressional Advisory Board
International Women's Democracy Center Trustee
United States Botanic Garden Board of Trustees Member Ex Off
icioKennedy Center Honorary Board of Advisors
Lead America Honorary Board of Advisors
National Student Leadership Foundation Honorary Member
Wheelchair Foundation Honorary Board Member
National Women's History Museum Distinguished Board Member
National Organization of Italian American Women Board of Advisors
Close Up Foundation Member of Board of Directors
National First Ladies' Library S
cHeDuLe  f: a greementS None disclosed.
S
cHeDuLe  g: g iftS None disclosed.
S
cHeDuLe  H: t raveL  P aymentS  anD  r eimburSementS None disclosed.
S
cHeDuLe  i: P aymentS  m aDe  to  c Harity  in  L ieu  of  H onoraria None disclosed.
e
xcLuSionS  of  S PouSe , D ePenDent , or  t ruSt  i nformation owner
creditor Date incurred type amount of Liability

iPo
: Did you purchase any share s that were allocated as a part of an Initial Public Offering?n
mlkj Yes n mlkji Notrusts
: Details regarding ""Qualified Blind Trusts"" a pproved by the Committee on Ethics and certain other ""excepted trusts"" need notbe disclosed. Have
 you excluded from this report details of such a trust benefiting you, your spouse, or dependent child?n
mlkj Yes n mlkji Noexemption
: Have you excluded from this report any other assets, ""unearned"" income, transactions, or liabilities of a spouse ordependent child because they meet all th
ree tests for exemption?n
mlkj Yes n mlkji Noc
ertification  anD  S ignature g
fedcb I CERTIFY that the statements I have made on the attached Financial Disclosure Report are true, complete, and correct to thebest of my knowledge a
nd belief.Digitally Signed: 
Hon. Nancy Pelosi , 05/15/2019 "
O,2019,10035243,13900,"f
inancial  D iScloSure  r ePort Clerk of the House of Re
presentatives • Legislative Resource Center • 135 Cannon Building • Washington, DC 20515f
iler  i nformation name:
Hon. Nancy Pelosi Status:
Member State/District:
CA12 f
iling  i nformation filing type:
Annual Report filing year:
2019 filing Date:
08/13/2020 S
cHeDule  a: a SSetS  anD  ""u nearneD "" i ncome asset
owner value of asset income type(s)
income
tx. > $1,000?
11 Zinfandel Lane - Home & Vineyard
 [RP] JT $5,000,001 - $25,000,000
Grape Sales
$100,001 - $1,000,000
g
fedcL
OCATION : St. Helena/Napa, CA, US 25 Point Lobos - Commerci
al Property [RP] SP $5,000,001 - $25,000,000
Rent
$100,001 - $1,000,000
g
fedcL
OCATION : San Francisco/San Francisco, CA, US 45 Belden Place - Four Story Commerci
alBuilding
 [RP] SP
$5,000,001 - $25,000,000
Rent
$100,001 - $1,000,000
g
fedcL
OCATION : San Francisco/San Francisco, CA, US Amazon.com, Inc. (AMZN)
 [OP] SP $1,000,001 - $5,000,000
None
g
fedcbD
ESCRIPTION : 40 call options with a strike price of $1700 with an expiration date of 1/17/20 and 30 call options with a strike price of $1600 with an expiration date of 1/17/20.
Apple Inc.
 [OP] SP $1,000,001 - $5,000,000
None
g
fedcD
ESCRIPTION : 100 call options with a strike price of $145 with an expiration date of 6/19/20. Apple Inc. (AAPL)
 [ST] SP $5,000,001 - $25,000,000
Dividends
$100,001 - $1,000,000
g
fedcFiling ID #10035243

Aristotle LLC
 [OL] SP $15,001 - $50,000 None g
fedcL
OCATION : San Francisco/San Francisco, CA, US D
ESCRIPTION : Ltd. Partnership Investment in Aristotle Publishing, Inc. AT&T Inc. (T)
 [ST] SP $250,001 - $500,000
Dividends
$15,001 - $50,000 g
fedcAuberge du Soleil
 [OL] SP $5,000,001 - $25,000,000
Partnership Loss
$5,001 - $15,000 g
fedcL
OCATION : Rutherford/Napa, CA, US D
ESCRIPTION : Ltd. Partnership Investment in Resort Hotel Bank of America - Checking Account
 [BA] SP $1,001 - $15,000 None g
fedcD
ESCRIPTION : San Francisco, CA Bank of America - Checking Account
 [BA] JT $1 - $1,000 None g
fedcD
ESCRIPTION : San Francisco, CA Bank of America - Checking Account
 [BA] SP $1 - $1,000 None g
fedcD
ESCRIPTION : Washington, DC BF Enterprises Common Stock New (BFET)
 [ST] SP None None g
fedcbD
ESCRIPTION : Asset name change during 2015 to BFE Corporation Borel Real Estate Company
 [OL] SP $500,001 - $1,000,000
Partnership
Income, Rent
$100,001 -
$1,000,000
g
fedcL
OCATION : San Mateo/San Mateo, CA, US D
ESCRIPTION : Ltd. Partnership Interest in Shopping Center City Car Services LLC
 [OL] SP $500,001 - $1,000,000
Partnership
Income
$15,001 - $50,000
g
fedcL
OCATION : Hingham/Plymouth, MA, US D
ESCRIPTION : Ltd. Partnership Investment in Limousine Company City National Bank - Checking Account
 [BA] SP $100,001 - $250,000
Interest
$1 - $200 g
fedcD
ESCRIPTION : San Francisco, CA City National Securities - Brokerage M
oneyMarket Account
 [BA] SP
$1,001 - $15,000 Interest $201 - $1,000 g
fedcClean Energy Fuels Corp. (C
LNE) [ST] SP $1,001 - $15,000 None g
fedcasset
owner value of asset income type(s)
income
tx. > $1,000?

Comcast Corporation - Cl
ass A (CMCSA) [ST] SP $500,001 - $1,000,000
Dividends
$15,001 - $50,000 g
fedcCongressional Credit Union - Checking Ac
count[BA]
$15,001 - $50,000
None g
fedcD
ESCRIPTION : Washington, DC Dropbox, Inc. - Class A (
DBX) [ST] SP $100,001 - $250,000
None
g
fedcEDI Associates
 [OL] SP $250,001 - $500,000
Partnership
Income
$50,001 -
$100,000
g
fedcL
OCATION : Sonoma/Sonoma, CA, US D
ESCRIPTION : Ltd. Partnership Investment in El Dorado Hotel Facebook, Inc. - Class 
A (FB) [ST] SP $1,000,001 - $5,000,000
None
g
fedcFacebook, Inc. - Class 
A (FB) [OP] SP $250,001 - $500,000
None
g
fedcD
ESCRIPTION : 20 call options with a strike price of $150 with an expiration date of 1/17/20 and 30 call options with a strike price of $140 with an expiration date of 1/17/20.
Financial Leasing Services
 [OL] SP $100,001 - $250,000
None
g
fedcL
OCATION : San Francisco/San Francisco, CA, US D
ESCRIPTION : Investment Consulting Company Forty-Five Belden Corporation
 [OL] SP $1,000,001 - $5,000,000
Partnership
Income
$5,001 - $15,000
g
fedcL
OCATION : San Francisco/San Francisco, CA, US D
ESCRIPTION : Investment Management Company Global Ambassador Concierge L
LC [OL] SP $15,001 - $50,000 None g
fedcL
OCATION : Washington, DC, US D
ESCRIPTION : Ltd. Partnership Interest in Concierge Services for Intern ational TravelersInteractive Brokers Group, Inc. (
IBKR) [ST] SP $250,001 - $500,000
Dividends
$1,001 - $2,500 g
fedcMatthews International Mutual Fund
 [MF] SP $50,001 - $100,000
Dividends
$201 - $1,000 g
fedcasset
owner value of asset income type(s)
income
tx. > $1,000?

Morningstar, Inc. (MORN)
 [ST] SP $250,001 - $500,000
Dividends
$2,501 - $5,000 g
fedcMosher Partners LP
 [OL] SP $250,001 - $500,000
Partnership
Income
$50,001 -
$100,000
g
fedcL
OCATION : Sacramento/Sacramento, CA, US D
ESCRIPTION : Undeveloped Residential Real Estate Inve stmentNautilus Leasing Services
 [OL] SP $50,001 - $100,000
None
g
fedcL
OCATION : San Francisco/San Francisco, CA, US D
ESCRIPTION : Container Leasing Company Netflix, Inc. (NFLX)
 [OP] SP $250,001 - $500,000
None
g
fedcbD
ESCRIPTION : 50 call options with a strike price of $250 and an expiration date of 6/19/20. Nine Forty Five Battery LLC
 [OL] SP $5,000,001 - $25,000,000
Partnership
Income
$1,000,001 -
$5,000,000
g
fedcL
OCATION : San Francisco/San Francisco, CA, US D
ESCRIPTION : General Partner in 945 Battery Street Office B uildingOdyssey LLC
 [OL] SP $15,001 - $50,000 None g
fedcL
OCATION : San Francisco/San Francisco, CA, US D
ESCRIPTION : Ltd. Partnership Interest in Venture Capital Investment Firm Piatti Restaurant Company
 [OL] SP $1,000,001 - $5,000,000
Partnership Loss
$201 - $1,000 g
fedcL
OCATION : Tiburon/Marin, CA, US D
ESCRIPTION : Ltd. Partnership Investment in Restaurant Company QUALCOMM Incorporated (QCOM)
 [ST] SP $15,001 - $50,000 Dividends $201 - $1,000 g
fedcREOF XX, LLC
 [AB] SP $100,001 - $250,000
Partnership Loss
$50,001 - $100,000
g
fedcbD
ESCRIPTION : Investment in LLC which acquired five Courtyard Marriott hotels located in Fairfax, VA (one), suburban Baltimore, MD (two), andSan Antonio, TX (two).
REOF XXI, LLC
 [AB] SP $250,001 - $500,000
Partnership
Income
$5,001 - $15,000
g
fedcbD
ESCRIPTION : Investment in LLC which is acquiring three unique o ffice buildings with a common address of 222 Kearny Street in San Francisco,CA.
Russell Ranch LLC
 [OL] SP $5,000,001 - $25,000,000
Partnership Loss
$1,000,001 - $5,000,000
g
fedcasset
owner value of asset income type(s)
income
tx. > $1,000?

L
OCATION : Sacramento/Sacramento, CA, US D
ESCRIPTION : Ltd. Partner in Undeveloped Residential Real E state InvestmentSalesforce.com Inc (CRM)
 [ST] SP $1,000,001 - $5,000,000
None
g
fedcSalesforce.com Inc (CRM)
 [OP] SP $250,001 - $500,000
None
g
fedcbD
ESCRIPTION : 100 call options with a strike price of $140 and an expiration date of 6/19/20. Sierra Vista Baseline Investors LP
 [OL] SP $250,001 - $500,000
Partnership Loss
$1 - $200 g
fedcL
OCATION : Sacramento/Sacramento, CA, US D
ESCRIPTION : Ltd. Partnership in Undeveloped Real Estate Investment Square, Inc. Class A (SQ)
 [ST] SP $250,001 - $500,000
None
g
fedcStoneridge LLC
 [OL] SP $250,001 - $500,000
Partnership
Income
$2,501 - $5,000
g
fedcL
OCATION : Sacramento/Sacramento, CA, US D
ESCRIPTION : Ltd. Partner in Undeveloped Residential Real E state InvestmentSunEdison, Inc. (SUNE)
 [ST] SP None None g
fedcThirteen Hundred One Sansome LLC
 [OL] SP $5,000,001 - $25,000,000
Partnership Loss,
Rent
$100,001 -
$1,000,000
g
fedcL
OCATION : San Francisco/San Francisco, CA, US D
ESCRIPTION : General Partner in 1301 Sansome Street Office BuildingTripath Technology I
nc. Common Stock [PS] SP $1 - $1,000 None g
fedcD
ESCRIPTION : Common Stock Not Actively Traded Trivium LLC
 [OL] SP $15,001 - $50,000 None g
fedcL
OCATION : San Francisco/San Francisco, CA, US D
ESCRIPTION : Ltd. Partnership Investment in E-Business Software Solutions CompanyUnion Bank of California - Checking Account
[BA]
SP
$1 - $1,000 None g
fedcD
ESCRIPTION : San Francisco, CA Union Bank of California - Money Market
Account
 [BA] SP
$250,001 - $500,000
Interest
$1 - $200 g
fedcD
ESCRIPTION : San Francisco, CA asset
owner value of asset income type(s)
income
tx. > $1,000?

Union Bank of California - Pelosi Trust Che
ckingAccount
 [BA] SP
$1 - $1,000 None g
fedcD
ESCRIPTION : San Francisco, CA Visa Inc. (V)
 [ST] SP $5,000,001 - $25,000,000
Capital Gains,
Dividends
$100,001 -
$1,000,000
g
fedcbWalt Disney Company (DIS)
 [ST] SP $1,000,001 - $5,000,000
Dividends
$15,001 - $50,000 g
fedcWells Fargo Bank - 
Checking Account [BA] JT $15,001 - $50,000 Interest $1 - $200 g
fedcD
ESCRIPTION : San Francisco, CA * 
For the complete list of asset type abbreviations, ple ase visit https://fd.house.gov/reference/ asset-type-codes.aspx. S
cHeDule  b: t ranSactionS asset
owner Date tx. type
amount
cap. gains >
$200?
Amazon.com, Inc. (AMZN)
 [OP] SP 07/22/2019 P $500,001 - $1,000,000
D
ESCRIPTION : Purchased 20 call options with a strike price of $1700 and an expiration date o f 1/17/20.BF Enterprises Common Stock New (BFET)
 [ST] SP 02/7/2019 S $1,001 - $15,000 g
fedcD
ESCRIPTION : Final cash liquidation initiated by corporation. Netflix, Inc. (NFLX)
 [OP] SP 07/5/2019 P $250,001 - $500,000
D
ESCRIPTION : Purchased 20 call options with a strike price of $250 and an expiration date of 6/ 19/20.Netflix, Inc. (NFLX)
 [OP] SP 07/22/2019 P $100,001 - $250,000
D
ESCRIPTION : Purchased 30 call options with a strike price of $250 and an expiration date o f 6/19/20.REOF XX, LLC
 [AB] SP 07/22/2019 P $100,001 - $250,000
D
ESCRIPTION : Investment in LLC which acquired five Courtyard by Marriott hotels located in Fairfax, VA (one), suburban Baltimore, MD (two),and San Antonio, TX (two).
REOF XXI, LLC
 [AB] SP 08/13/2019 P $250,001 - $500,000
D
ESCRIPTION : Investment in LLC which is acquiring three unique o ffice buildings with a common address of 222 Kearny Street in San Francisco.asset
owner value of asset income type(s)
income
tx. > $1,000?

Salesforce.com Inc (CRM)
 [OP] SP 06/14/2019 P $50,001 - $100,000
D
ESCRIPTION : Purchased 20 call options with a strike price of $140 and an expiration date o f 6/19/20.Salesforce.com Inc (CRM)
 [OP] SP 06/18/2019 P $100,001 - $250,000
D
ESCRIPTION : Purchased 80 call options with a strike price of $140 and an expiration date o f 6/19/20.Visa Inc. (V)
 [ST] SP 08/7/2019 S (partial)
$100,001 -
$250,000
g
fedcbD
ESCRIPTION : Sale of 1,000 Shares Visa Inc. (V)
 [ST] SP 08/7/2019 S (partial)
$100,001 -
$250,000
g
fedcbD
ESCRIPTION : Sale of 1,000 Shares * 
For the complete list of asset type abbreviations, ple ase visit https://fd.house.gov/reference/ asset-type-codes.aspx. S
cHeDule  c: e arneD  i ncome Source
type amount Financial Leasing Services
Spouse Salary N/A 45 Belden Corporation
Spouse Management Fee N/A Fairfield Associates
Spouse Management Fee N/A S
cHeDule  D: l iabilitieS owner
creditor Date incurred type amount of liability
JT
Union Bank of California September 2016 Mortgage on 11 Zinfandel Lane, St. Helena, CA
$5,000,001 -
$25,000,000
SP
Union Bank of California December 2017 Mortgage on 45 Beld en Place, SanFrancisco, CA
$1,000,001 -
$5,000,000
SP
Wells Fargo Bank June 2017 Mortgage on 25 Poi nt Lobos Avenue, SanFrancisco, CA
$1,000,001 -
$5,000,000
SP
Union Bank of California July 2002 Equity Line of Credit on 11 Zinfandel Lane, St. Helena, CA
$500,001 -
$1,000,000
SP
City National Bank July 2011 Brokerage Collateral Loan $1,000,001 - $5,000,000
asset
owner Date tx. type
amount
cap. gains >
$200?

JT
Union Bank of California September 2007 Mortgage on 2640 Bro adway, SanFrancisco, CA
$5,000,001 -
$25,000,000
SP
Bank of America November 2006 Mortgage on 3030 K Street, Washington, DC
$1,000,001 -
$5,000,000
JT
Union Bank of California December 2012 Equity Line of Credit on 2640 Broadway, San Francisco, CA
$500,001 -
$1,000,000
SP
City National Securities Ongoing Brokerage Margin Account $5,000,001 - $25,000,000
SP
Barclays Bank October 2014 US Airways MasterCard Revolv ing Line$15,001 - $50,000 S
cHeDule  e: P oSitionS Position
name of organization CFO & Secretary
The Paul & Nancy Pelosi Charitable F oundationCongressional Advisory Board
International Women's Democracy Center Board of Trustees Member Ex Off
icioKennedy Center Honorary Member
Wheelchair Foundation Distinguished Board Member
National Organization of Italian American Women S
cHeDule  f: a greementS None disclosed.
S
cHeDule  g: g iftS Source
Description value John F. Kennedy 
Library Foundation(Boston, MA, US)
John F. Kennedy Library Pr
ofile in Courage Award$26,570.00 Robert F. Kennedy Human
 RightsOrganization (Washington, DC, US)
Robert F. Kennedy Ripple of Hope 
Award$500.00 S
cHeDule  H: t ravel  P aymentS  anD  r eimburSementS None disclosed.
S
cHeDule  i: P aymentS  m aDe  to  c Harity  in  l ieu  of  H onoraria None disclosed.
owner
creditor Date incurred type amount of liability

e
xcluSionS  of  S PouSe , D ePenDent , or  t ruSt  i nformation iPo
: Did you purchase any share s that were allocated as a part of an Initial Public Offering?n
mlkj Yes n mlkji Notrusts
: Details regarding ""Qualified Blind Trusts"" a pproved by the Committee on Ethics and certain other ""excepted trusts"" need notbe disclosed. Have
 you excluded from this report details of such a trust benefiting you, your spouse, or dependent child?n
mlkj Yes n mlkji Noexemption
: Have you excluded from this report any other assets, ""unearned"" income, transactions, or liabilities of a spouse ordependent child because they meet all th
ree tests for exemption?n
mlkj Yes n mlkji Noc
ertification  anD  S ignature g
fedcb I CERTIFY that the statements I have made on the attached Financial Disclosure Report are true, complete, and correct to thebest of my knowledge a
nd belief.Digitally Signed: 
Hon. Nancy Pelosi , 08/13/2020 "
O,2020,10039988,19706,"f
inancial  D iScloSure  r ePort Clerk of the House of Re
presentatives • Legislative Resource Center • 135 Cannon Building • Washington, DC 20515f
iler  i nformation name:
Hon. Nancy Pelosi Status:
Member State/District:
CA12 f
iling  i nformation filing type:
Annual Report filing year:
2020 filing Date:
08/13/2021 S
cHeDule  a: a SSetS  anD  ""u nearneD "" i ncome asset
owner value of asset income type(s)
income
tx. > $1,000?
11 Zinfandel Lane - Home & Vineyard
 [RP] JT $5,000,001 - $25,000,000
Grape Sales
$100,001 - $1,000,000
g
fedcL
OCATION : St. Helena/Napa, CA, US 25 Point Lobos - Commerci
al Property [RP] SP $5,000,001 - $25,000,000
Rent
$100,001 - $1,000,000
g
fedcL
OCATION : San Francisco/San Francisco, CA, US 45 Belden Place - Four Story Commerci
alBuilding
 [RP] SP
$5,000,001 - $25,000,000
Rent
$100,001 - $1,000,000
g
fedcL
OCATION : San Francisco/San Francisco, CA, US AllianceBernstein Holding L.P. 
Units (AB)  [OL] SP $500,001 - $1,000,000
None
g
fedcbL
OCATION : New York, NY, US D
ESCRIPTION : Limited partnership in a global asset man agement firm providing investment management and research services worldwide toinstitutional, high-net-worth and retail investors.
Alphabet Inc. - Cl
ass A (GOOGL) [OP] SP $1,000,001 - $5,000,000
None
g
fedcbD
ESCRIPTION : 40 call options with a strike price of $1,200 with an expiration date of 6/18/21. Amazon.com, Inc. (AMZN)
 [ST] SP $5,000,001 - None g
fedcbFiling ID #10039988

$25,000,000
g
fedcbAmazon.com, Inc. (AMZN)
 [OP] SP None Capital Loss $100,001 - $1,000,000
g
fedcbD
ESCRIPTION : 40 call options with a strike price of $1700 with an expiration date of 1/17/20 and 30 call options with a strike price of $1600 with an expiration date of 1/17/20.
American Express Company (AXP)
 [OP] SP $100,001 - $250,000
None
g
fedcbD
ESCRIPTION : 50 call options with a strike price of $80 with an expiration date of 1/21/22. Apple Inc. (AAPL)
 [ST] SP $5,000,001 - $25,000,000
Capital Gains,
Dividends
$1,000,001 -
$5,000,000
g
fedcbApple Inc. (AAPL)
 [OP] SP $250,001 - $500,000
None
g
fedcbD
ESCRIPTION : 100 call options with a strike price of $100 with an expiration date of 1/21/22. Apple Inc. (AAPL)
 [OP] SP None Capital Gains $1,000,001 - $5,000,000
g
fedcbD
ESCRIPTION : 100 call options with a strike price of $145 with an expiration date of 6/19/20. Aristotle LLC
 [OL] SP $15,001 - $50,000 None g
fedcL
OCATION : San Francisco/San Francisco, CA, US D
ESCRIPTION : Limited partnership investment in Aristotle Publishing, Inc. AT&T Inc. (T)
 [ST] SP $250,001 - $500,000
Dividends
$15,001 - $50,000 g
fedcAuberge du Soleil
 [OL] SP $5,000,001 - $25,000,000
Partnership Loss
$100,001 - $1,000,000
g
fedcL
OCATION : Rutherford/Napa, CA, US D
ESCRIPTION : Limited partnership investment in resort hotel. Bank of America - Checking Account
 [BA] SP $1 - $1,000 None g
fedcD
ESCRIPTION : Washington, DC Bank of America - Checking Account
 [BA] JT $1 - $1,000 None g
fedcD
ESCRIPTION : San Francisco, CA Bank of America - Checking Account
 [BA] SP $1,001 - $15,000 None g
fedcD
ESCRIPTION : San Francisco, CA asset
owner value of asset income type(s)
income
tx. > $1,000?

Borel Real Estate Company
 [OL] SP $15,001 - $50,000 Partnership Loss, Rent
$2,501 - $5,000
g
fedcL
OCATION : San Mateo/San Mateo, CA, US D
ESCRIPTION : Limited partnership interest in shopping center. City Car Services LLC
 [OL] SP $50,001 - $100,000
Partnership Loss
$5,001 - $15,000 g
fedcL
OCATION : Hingham/Plymouth, MA, US D
ESCRIPTION : Limited partnership investment in limousine company. City National Bank - Checking Account
 [BA] SP $100,001 - $250,000
Interest
$1 - $200 g
fedcD
ESCRIPTION : San Francisco, CA City National Securities - Brokerage M
oneyMarket Account
 [BA] SP
$1,001 - $15,000 Interest $1 - $200 g
fedcClean Energy Fuels Corp. (C
LNE) [ST] SP $15,001 - $50,000 None g
fedcComcast Corporation - Cl
ass A (CMCSA) [ST] SP $1,000,001 - $5,000,000
Dividends
$15,001 - $50,000 g
fedcCongressional Credit Union - Checking Ac
count[BA]
$15,001 - $50,000
None g
fedcD
ESCRIPTION : Washington, DC CrowdStrike Holdings, I
nc. - Class A (CRWD)[ST]
SP
$1,000,001 - $5,000,000
None
g
fedcbDropbox, Inc. - Class A (
DBX) [ST] SP $100,001 - $250,000
None
g
fedcEDI Associates
 [OL] SP $250,001 - $500,000
Partnership Loss
$2,501 - $5,000 g
fedcL
OCATION : Sonoma/Sonoma, CA, US D
ESCRIPTION : Limited partnership investment in El Dorado Hotel. Facebook, Inc. - Class 
A (FB) [ST] SP None Capital Gains $100,001 - $1,000,000
g
fedcbFacebook, Inc. - Class 
A (FB) [OP] SP None None g
fedcD
ESCRIPTION : 20 call options with a strike price of $150 with an expiration date of 1/17/20 and 30 call options with a strike price of $140 with an expiration date of 1/17/20.
asset
owner value of asset income type(s)
income
tx. > $1,000?

Financial Leasing Services
 [OL] SP $100,001 - $250,000
None
g
fedcL
OCATION : San Francisco/San Francisco, CA, US D
ESCRIPTION : Investment consulting company. Forty-Five Belden Corporation
 [OL] SP $1,000,001 - $5,000,000
Partnership Loss
$100,001 - $1,000,000
g
fedcL
OCATION : San Francisco/San Francisco, CA, US D
ESCRIPTION : Investment management company. Global Ambassador Concierge L
LC [OL] SP $15,001 - $50,000 None g
fedcL
OCATION : Washington, DC, US D
ESCRIPTION : Limited partnership interest in concierge services for international travelers.Interactive Brokers Group, Inc. (
IBKR) [ST] SP $100,001 - $250,000
Capital Gains,
Dividends
$15,001 - $50,000
g
fedcbMatthews International Mutual Fund
 [MF] SP $50,001 - $100,000
Dividends
$1 - $200 g
fedcMicrosoft Corporation (MSFT)
 [OP] SP $1,000,001 - $5,000,000
None
g
fedcbD
ESCRIPTION : 150 call options with a strike price of $130 with an expiration date of 3/19/21 and 100 call options with a strike price o f $140 withan expiration date of 3/19/21.
Morningstar, Inc. (MORN)
 [ST] SP $100,001 - $250,000
Capital Gains,
Dividends
$100,001 -
$1,000,000
g
fedcbMosher Partners LP
 [OL] SP $250,001 - $500,000
Partnership Loss
$201 - $1,000 g
fedcL
OCATION : Sacramento/Sacramento, CA, US D
ESCRIPTION : Undeveloped residential real e state investment.Nautilus Leasing Services
 [OL] SP $50,001 - $100,000
None
g
fedcL
OCATION : San Francisco/San Francisco, CA, US D
ESCRIPTION : Container leasing company. Netflix, Inc. (NFLX)
 [ST] SP $1,000,001 - $5,000,000
None
g
fedcbNetflix, Inc. (NFLX)
 [OP] SP None None g
fedcD
ESCRIPTION : 50 call options with a strike price of $250 and an expiration date of 6/19/20. asset
owner value of asset income type(s)
income
tx. > $1,000?

Nine Forty Five Battery LLC
 [OL] SP $5,000,001 - $25,000,000
Partnership Loss
$100,001 - $1,000,000
g
fedcL
OCATION : San Francisco/San Francisco, CA, US D
ESCRIPTION : General partner in 945 Battery Street office building.Odyssey LLC
 [OL] SP $15,001 - $50,000 None g
fedcL
OCATION : San Francisco/San Francisco, CA, US D
ESCRIPTION : Limited partnership interest in venture capital investment firm. PayPal Holdings, Inc. (PYPL)
 [ST] SP $1,000,001 - $5,000,000
None
g
fedcbPayPal Holdings, Inc. (PYPL)
 [OP] SP $500,001 - $1,000,000
None
g
fedcbD
ESCRIPTION : 50 call options with a strike price of $100 with an expiration date of 1/21/22. Piatti Restaurant Company
 [OL] SP $1,000,001 - $5,000,000
Partnership
Income
$15,001 - $50,000
g
fedcL
OCATION : Tiburon/Marin, CA, US D
ESCRIPTION : Limited partnership investment in restaurant company. QUALCOMM Incorporated (QCOM)
 [ST] SP $15,001 - $50,000 Dividends $201 - $1,000 g
fedcREOF XX, LLC
 [AB] SP $250,001 - $500,000
Partnership Loss
$50,001 - $100,000
g
fedcbD
ESCRIPTION : Investment in LLC which acquired five Courtyard Marriott hotels located in Fairfax, VA (one), suburban Baltimore, MD (two), andSan Antonio, TX (two).
REOF XXI, LLC
 [AB] SP $250,001 - $500,000
Partnership
Income
$5,001 - $15,000
g
fedcD
ESCRIPTION : Investment in LLC which is acquiring three unique o ffice buildings with a common address of 222 Kearny Street in San Francisco,CA.
Russell Ranch LLC
 [OL] SP $5,000,001 - $25,000,000
Partnership Loss
$5,001 - $15,000 g
fedcL
OCATION : Sacramento/Sacramento, CA, US D
ESCRIPTION : Limited partner in undeveloped resid ential real estate investment.Salesforce.com Inc (CRM)
 [ST] SP $1,000,001 - $5,000,000
None
g
fedcbSalesforce.com Inc (CRM)
 [OP] SP None None g
fedcD
ESCRIPTION : 100 call options with a strike price of $140 and an expiration date of 6/19/20. asset
owner value of asset income type(s)
income
tx. > $1,000?

Sierra Vista Baseline Investors LP
 [OL] SP $250,001 - $500,000
Partnership Loss
$1 - $200 g
fedcL
OCATION : Sacramento/Sacramento, CA, US D
ESCRIPTION : Limited partnership in undeveloped real estate investment.Slack Technologies, Inc.
 Class A (WORK) [ST] SP $250,001 - $500,000
None
g
fedcbSquare, Inc. Class A (SQ)
 [ST] SP $1,000,001 - $5,000,000
None
g
fedcStoneridge LLC
 [OL] SP $250,001 - $500,000
Partnership
Income
$2,501 - $5,000
g
fedcL
OCATION : Sacramento/Sacramento, CA, US D
ESCRIPTION : Limited partner in undeveloped resid ential real estate investment.Tesla, Inc. (TSLA)
 [OP] SP $500,001 - $1,000,000
None
g
fedcbD
ESCRIPTION : 25 call options with a strike price of $500 with an expiration date of 3/18/22. Thirteen Hundred One Sansome LLC
 [OL] SP $5,000,001 - $25,000,000
Partnership
Income, Rent
$100,001 -
$1,000,000
g
fedcL
OCATION : San Francisco/San Francisco, CA, US D
ESCRIPTION : General partner in 1301 Sansome Street office building.Tripath Technology I
nc. Common Stock [PS] SP $1 - $1,000 None g
fedcD
ESCRIPTION : Common stock not actively traded. Trivium LLC
 [OL] SP $15,001 - $50,000 None g
fedcL
OCATION : San Francisco/San Francisco, CA, US D
ESCRIPTION : Limited partnership investment in E-business so ftware solutions company.Union Bank of California - Checking Account
[BA]
SP
$1 - $1,000 None g
fedcD
ESCRIPTION : San Francisco, CA Union Bank of California - Money Market
Account
 [BA] SP
$1 - $1,000 Interest $1 - $200 g
fedcD
ESCRIPTION : San Francisco, CA Union Bank of California - Pelosi Trust Che
ckingAccount
 [BA] SP
$1 - $1,000 Interest $1 - $200 g
fedcD
ESCRIPTION : San Francisco, CA asset
owner value of asset income type(s)
income
tx. > $1,000?

Visa Inc. (V)
 [ST] SP $5,000,001 - $25,000,000
Capital Gains,
Dividends
$1,000,001 -
$5,000,000
g
fedcbWalt Disney Company (DIS)
 [ST] SP $1,000,001 - $5,000,000
Dividends
$5,001 - $15,000 g
fedcWalt Disney Company (The) (DIS)
 [OP] SP $500,001 - $1,000,000
None
g
fedcbD
ESCRIPTION : 100 call options with a strike price of $100 with an expiration date of 1/21/22. Wells Fargo Bank - 
Checking Account [BA] JT $1,001 - $15,000 Interest $1 - $200 g
fedcD
ESCRIPTION : San Francisco, CA * 
For the complete list of asset type abbreviations, ple ase visit https://fd.house.gov/reference/ asset-type-codes.aspx. S
cHeDule  b: t ranSactionS asset
owner Date tx. type
amount
cap. gains >
$200?
AllianceBernstein Holding L.P. 
Units (AB)  [OL] SP 12/22/2020 P $500,001 - $1,000,000
L
OCATION : New York, NY, US D
ESCRIPTION : Purchased 20,000 units in a global as set management firm providing investment management and research services worldwide toinstitutional, high-net-worth and retail investors.
Alphabet Inc. - Cl
ass A (GOOGL) [OP] SP 02/27/2020 P $500,001 - $1,000,000
D
ESCRIPTION : Purchased 40 call options with a strike price of $1200 and an expiration date o f 6/18/2021.Amazon.com, Inc. (AMZN)
 [ST] SP 01/16/2020 P $1,000,001 - $5,000,000
D
ESCRIPTION : Exercised 30 call options (3,000 shares) expiring 1/17/20 at a strike price o f $1600.Amazon.com, Inc. (AMZN)
 [OP] SP 01/16/2020 S $250,001 - $500,000
g
fedcD
ESCRIPTION : Sold 20 call options with a strike price of $1,700 and an expiration date of 1/17/20.Amazon.com, Inc. (AMZN)
 [OP] SP 01/16/2020 S $250,001 - $500,000
g
fedcD
ESCRIPTION : Sold 20 call options with a strike price of $1,600 and an expiration date of 1/17/20.American Express Company (AXP)
 [OP] SP 06/24/2020 P $100,001 - $250,000
D
ESCRIPTION : Purchased 50 call options with a strike price of $80 and an expiration date o f 1/21/2022.asset
owner value of asset income type(s)
income
tx. > $1,000?

Apple Inc. (AAPL)
 [ST] SP 05/8/2020 S (partial)
$500,001 -
$1,000,000
g
fedcbD
ESCRIPTION : Sold 1,700 shares. Apple Inc. (AAPL)
 [ST] SP 05/8/2020 S (partial)
$500,001 -
$1,000,000
g
fedcbD
ESCRIPTION : Sold 3,000 shares. Apple Inc. (AAPL)
 [ST] SP 05/8/2020 S (partial)
$1,000,001 -
$5,000,000
g
fedcbD
ESCRIPTION : Sold 3,300 shares. Apple Inc. (AAPL)
 [OP] SP 06/18/2020 S $1,000,001 - $5,000,000
g
fedcbD
ESCRIPTION : Sold 100 call options with a strike price of $145 and an expiration date o f 6/19/2020.Apple Inc. (AAPL)
 [ST] SP 11/6/2020 S (partial)
$500,001 -
$1,000,000
g
fedcD
ESCRIPTION : Contribution of 4,500 shares held personally to the Paul F. Pelosi Endowed Fund at Georgetown University. Apple Inc. (AAPL)
 [OP] SP 12/22/2020 P $250,001 - $500,000
D
ESCRIPTION : Purchased 100 call options with a strike price of $100 and an expiration date of 1/21/22.CrowdStrike Holdings, I
nc. - Class A (CRWD) [ST] SP 09/3/2020 P $500,001 - $1,000,000
D
ESCRIPTION : Purchased 5,000 shares. Facebook, Inc. - Class 
A (FB) [ST] SP 01/16/2020 P $250,001 - $500,000
D
ESCRIPTION : Exercised 30 call options (3,000 shares) expiring 1/17/20 at a strike price o f $140.Facebook, Inc. - Class 
A (FB) [ST] SP 01/16/2020 P $250,001 - $500,000
D
ESCRIPTION : Exercised 20 call options (2,000 shares) expiring 1/17/20 at a strike price of $150. Facebook, Inc. - Class 
A (FB) [ST] SP 05/8/2020 S (partial)
$1,000,001 -
$5,000,000
g
fedcbD
ESCRIPTION : Sold 5,000 shares. Facebook, Inc. - Class 
A (FB) [ST] SP 08/7/2020 S $1,000,001 - $5,000,000
g
fedcD
ESCRIPTION : Contribution of 5,000 shares held personall y to The Paul & Nancy Pelosi Charitable Foundation via transfer between brokerageaccounts.
asset
owner Date tx. type
amount
cap. gains >
$200?

Interactive Brokers Group, Inc. 
- Class A (IBKR) [ST] SP 05/8/2020 S (partial)
$100,001 -
$250,000
g
fedcbD
ESCRIPTION : Sold 3,000 shares. Microsoft Corporation (MSFT)
 [OP] SP 02/20/2020 P $250,001 - $500,000
D
ESCRIPTION : Purchased 100 call options with a strike price of $140 and an expiration d ate of 3/19/2021.Microsoft Corporation (MSFT)
 [OP] SP 02/21/2020 P $500,001 - $1,000,000
D
ESCRIPTION : Purchased 100 call options with a strike price of $130 and an expiration date of 3/19/2021.Microsoft Corporation (MSFT)
 [OP] SP 02/28/2020 P $100,001 - $250,000
D
ESCRIPTION : Purchased 50 call options with a strike price of $130 and an expiration d ate of 3/19/2021.Morningstar, Inc. (MORN)
 [ST] SP 05/8/2020 S (partial)
$100,001 -
$250,000
g
fedcbD
ESCRIPTION : Sold 1,700 shares. Netflix, Inc. (NFLX)
 [ST] SP 06/18/2020 P $1,000,001 - $5,000,000
D
ESCRIPTION : Exercised 50 call options (5,000 shares) expiring 6/19/2020 at a strike price of $250. PayPal Holdings, Inc. (PYPL)
 [ST] SP 06/12/2020 P $500,001 - $1,000,000
D
ESCRIPTION : Purchased 5,000 shares. PayPal Holdings, Inc. (PYPL)
 [ST] SP 06/12/2020 P $500,001 - $1,000,000
D
ESCRIPTION : Purchased 5,000 shares. PayPal Holdings, Inc. (PYPL)
 [OP] SP 06/24/2020 P $250,001 - $500,000
D
ESCRIPTION : Purchased 50 call options with a strike price of $100 and an expiration d ate of 1/21/2022.REOF XX, LLC
 [AB] SP 01/21/2020 P $50,001 - $100,000
D
ESCRIPTION : Additional investment in LLC which acquired five Courtyard by Marriott hotels located in Fair fax, VA (one), suburban Baltimore,MD (two) and San Antonio, TX (two).
REOF XX, LLC
 [AB] SP 04/28/2020 P $15,001 - $50,000 D
ESCRIPTION : Additional investment in LLC which acquired five Courty ard by Marriott hotels located in Fairfax, VA (one), suburban Baltimore,asset
owner Date tx. type
amount
cap. gains >
$200?

MD (two) and San Antonio, TX (two).
REOF XX, LLC
 [AB] SP 11/5/2020 P $15,001 - $50,000 D
ESCRIPTION : Additional investment in LLC which acquired five Courty ard by Marriott hotels located in Fairfax, VA (one), suburban Baltimore,MD (two) and San Antonio, TX (two).
Salesforce.com Inc (CRM)
 [ST] SP 06/18/2020 P $1,000,001 - $5,000,000
D
ESCRIPTION : Exercised 100 call options (10,000 shares) expiring 6/19/2020 at a strike price o f $140.Slack Technologies, Inc.
 Class A (WORK) [ST] SP 02/20/2020 P $250,001 - $500,000
D
ESCRIPTION : Purchased 10,000 shares. Tesla, Inc. (TSLA)
 [OP] SP 12/22/2020 P $500,001 - $1,000,000
D
ESCRIPTION : Purchased 25 call options with a strike price of $500 and an expiration date o f 3/18/22.Visa Inc. (V)
 [ST] SP 05/8/2020 S (partial)
$500,001 -
$1,000,000
g
fedcbD
ESCRIPTION : Sold 3,000 shares. Visa Inc. (V)
 [ST] SP 05/8/2020 S (partial)
$500,001 -
$1,000,000
g
fedcbD
ESCRIPTION : Sold 3,000 shares. Walt Disney Company (DIS)
 [OP] SP 12/22/2020 P $500,001 - $1,000,000
D
ESCRIPTION : Purchased 100 call options with a strike price of $100 and an expiration date of 1/21/22.* 
For the complete list of asset type abbreviations, ple ase visit https://fd.house.gov/reference/ asset-type-codes.aspx. S
cHeDule  c: e arneD  i ncome Source
type amount Financial Leasing Services
Spouse Salary N/A 45 Belden Corporation
Spouse Management Fee N/A Fairfield Associates
Spouse Management Fee N/A S
cHeDule  D: l iabilitieS asset
owner Date tx. type
amount
cap. gains >
$200?

owner
creditor Date incurred type amount of liability
JT
Union Bank of California September 2016 Mortgage on 11 Zinfandel Lane, St. Helena, CA
$5,000,001 -
$25,000,000
SP
Union Bank of California December 2017 Mortgage on 45 Beld en Place, SanFrancisco, CA
$1,000,001 -
$5,000,000
SP
Wells Fargo Bank June 2017 Mortgage on 25 Poi nt Lobos Avenue, SanFrancisco, CA
$1,000,001 -
$5,000,000
SP
Union Bank of California July 2002 Equity Line of Credit on 11 Zinfandel Lane, St. Helena, CA
$500,001 -
$1,000,000
SP
City National Bank July 2011 Brokerage Collateral Loan $1,000,001 - $5,000,000
JT
Union Bank of California September 2007 Mortgage on 2640 Bro adway, SanFrancisco, CA
$5,000,001 -
$25,000,000
SP
Bank of America November 2006 Mortgage on 3030 K Street, Washington, DC
$1,000,001 -
$5,000,000
JT
Union Bank of California December 2012 Equity Line of Credit on 2640 Broadway, San Francisco, CA
$500,001 -
$1,000,000
SP
City National Securities Ongoing Brokerage Margin Account $5,000,001 - $25,000,000
S
cHeDule  e: P oSitionS Position
name of organization CFO & Secretary
The Paul & Nancy Pelosi Charitable F oundationCongressional Advisory Board
International Women's Democracy Center Board of Trustees Member Ex Off
icioKennedy Center Honorary Member
Wheelchair Foundation Distinguished Board Member
National Organization of Italian American Women S
cHeDule  f: a greementS None disclosed.
S
cHeDule  g: g iftS None disclosed.
S
cHeDule  H: t ravel  P aymentS  anD  r eimburSementS 
None disclosed.
S
cHeDule  i: P aymentS  m aDe  to  c Harity  in  l ieu  of  H onoraria None disclosed.
e
xcluSionS  of  S PouSe , D ePenDent , or  t ruSt  i nformation iPo
: Did you purchase any share s that were allocated as a part of an Initial Public Offering?n
mlkj Yes n mlkji Notrusts
: Details regarding ""Qualified Blind Trusts"" a pproved by the Committee on Ethics and certain other ""excepted trusts"" need notbe disclosed. Have
 you excluded from this report details of such a trust benefiting you, your spouse, or dependent child?n
mlkj Yes n mlkji Noexemption
: Have you excluded from this report any other assets, ""unearned"" income, transactions, or liabilities of a spouse ordependent child because they meet all th
ree tests for exemption?n
mlkj Yes n mlkji Noc
ertification  anD  S ignature g
fedcb I CERTIFY that the statements I have made on the attached Financial Disclosure Report are true, complete, and correct to thebest of my knowledge a
nd belief.Digitally Signed: 
Hon. Nancy Pelosi , 08/13/2021 "
O,2021,10047356,18579,"F         D          R     
Clerk of the House of Representatives • Legislative Resource Center • 135 Cannon Building • Washington, DC 20515
F     I          
Name: Hon. Nancy Pelosi
Status: Member
State/District: CA12
F      I          
Filing Type: Annual Report
Filing Year: 2021
Filing Date: 05/16/2022
S        A: A          ""U       "" I     
Asset Owner Value of Asset Income Type(s) Income Tx. >
$1,000?
11 Zinfandel Lane - Home & Vineyard [RP] JT $5,000,001 -
$25,000,000
Grape Sales $100,001 -
$1,000,000
L       : St. Helena/Napa, CA, US
25 Point Lobos - Commercial Property [RP] SP $5,000,001 -
$25,000,000
Rent $100,001 -
$1,000,000
L       : San Francisco/San Francisco, CA, US
45 Belden Place - Four Story Commercial Building
[RP]
SP $5,000,001 -
$25,000,000
Rent $100,001 -
$1,000,000
L       : San Francisco/San Francisco, CA, US
AllianceBernstein Holding L.P. Units (AB) [OL] SP $1,000,001 -
$5,000,000
Partnership
Income
$50,001 - $100,000
L       : New York, NY, US
D          : Limited partnership in a global asset management firm providing investment management and research services worldwide to
institutional, high-net-worth and retail investors.
Alphabet Inc. - Class A (GOOGL) [ST] SP $5,000,001 -
$25,000,000
None
Alphabet Inc. - Class A (GOOGL) [OP] SP $500,001 -
$1,000,000
None
D          : 10 call options with a strike price of $2,000 and an expiration date of 9/16/22.
Filing ID #10047356
Asset Owner Value of Asset Income Type(s) Income Tx. >
$1,000?
Alphabet Inc. - Class A (GOOGL) [OP] SP None None
D          : 40 call options with a strike price of $1,200 with an expiration date of 6/18/21.
Amazon.com, Inc. (AMZN) [ST] SP $5,000,001 -
$25,000,000
None
Amazon.com, Inc. (AMZN) [OP] SP $500,001 -
$1,000,000
None
D          : 20 call options with a strike price of $3,000 and an expiration date of 6/17/22.
American Express Company (AXP) [OP] SP $250,001 -
$500,000
None
D          : 50 call options with a strike price of $80 with an expiration date of 1/21/22.
Apple Inc. (AAPL) [ST] SP $5,000,001 -
$25,000,000
Dividends $100,001 -
$1,000,000
Apple Inc. (AAPL) [OP] SP $1,000,001 -
$5,000,000
None
D          : 100 call options with a strike price of $100 with an expiration date of 1/21/22 and 50 call options with a strike price of $100 and an
expiration date of 6/17/22.
Aristotle LLC [OL] SP $15,001 - $50,000 None
L       : San Francisco/San Francisco, CA, US
D          : Limited partnership investment in Aristotle Publishing, Inc.
AT&T Inc. (T) [ST] SP $100,001 -
$250,000
Dividends $15,001 - $50,000
Auberge du Soleil [OL] SP $5,000,001 -
$25,000,000
Partnership
Income
$1,000,001 -
$5,000,000
L       : Rutherford/Napa, CA, US
D          : Limited partnership investment in resort hotel.
Bank of America - Checking Account [BA] SP $1,001 - $15,000 None
D          : San Francisco, CA
Bank of America - Checking Account [BA] JT $1 - $1,000 None
D          : San Francisco, CA
Bank of America - Checking Account [BA] SP $1 - $1,000 None
D          : Washington, DC
Asset Owner Value of Asset Income Type(s) Income Tx. >
$1,000?
Block, Inc. Class A Common Stock, (SQ) [ST] SP $500,001 -
$1,000,000
None
Borel Real Estate Company [OL] SP $1,001 - $15,000 Partnership
Income, Rent
$15,001 - $50,000
L       : San Mateo/San Mateo, CA, US
D          : Limited partnership interest in shopping center.
City Car Services LLC [OL] SP $50,001 -
$100,000
Partnership Loss $2,501 - $5,000
L       : Hingham/Plymouth, MA, US
D          : Limited partnership investment in limousine company.
City National Bank - Checking Account [BA] SP $100,001 -
$250,000
Interest $1 - $200
D          : San Francisco, CA
City National Securities - Brokerage Money Market
Account [BA]
SP $15,001 - $50,000 Interest $1 - $200
Clean Energy Fuels Corp. (CLNE) [ST] SP $15,001 - $50,000 None
Comcast Corporation - Class A (CMCSA) [ST] SP $500,001 -
$1,000,000
Dividends $15,001 - $50,000
Congressional Credit Union - Checking Account [BA] $15,001 - $50,000 None
D          : Washington, DC
CrowdStrike Holdings, Inc. - Class A (CRWD) [ST] SP $1,000,001 -
$5,000,000
None
Dropbox, Inc. - Class A (DBX) [ST] SP $100,001 -
$250,000
None
EDI Associates [OL] SP $250,001 -
$500,000
Partnership
Income
$100,001 -
$1,000,000
L       : Sonoma/Sonoma, CA, US
D          : Limited partnership investment in El Dorado Hotel.
Financial Leasing Services [OL] SP $100,001 -
$250,000
None
L       : San Francisco/San Francisco, CA, US
D          : Investment consulting company.
Asset Owner Value of Asset Income Type(s) Income Tx. >
$1,000?
Forty-Five Belden Corporation [OL] SP $1,000,001 -
$5,000,000
Partnership Loss $50,001 - $100,000
L       : San Francisco/San Francisco, CA, US
D          : Investment management company.
Global Ambassador Concierge LLC [OL] SP $15,001 - $50,000 None
L       : Washington, DC, US
D          : Limited partnership interest in concierge services for international travelers.
Interactive Brokers Group, Inc. (IBKR) [ST] SP $100,001 -
$250,000
Dividends $1,001 - $2,500
Matthews International Mutual Fund [MF] SP $50,001 -
$100,000
Dividends $201 - $1,000
Micron Technology, Inc. (MU) [OP] SP $250,001 -
$500,000
None
D          : 100 call options with a strike price of $50 and an expiration date of 9/16/22.
Microsoft Corporation (MSFT) [ST] SP $5,000,001 -
$25,000,000
Dividends $15,001 - $50,000
Microsoft Corporation (MSFT) [OP] SP None None
D          : 150 call options with a strike price of $130 with an expiration date of 3/19/21 and 100 call options with a strike price of $140 with
an expiration date of 3/19/21.
Morningstar, Inc. (MORN) [ST] SP $250,001 -
$500,000
Dividends $1,001 - $2,500
Mosher Partners LP [OL] SP None Partnership
Income
$1,000,001 -
$5,000,000
L       : Sacramento/Sacramento, CA, US
D          : Undeveloped residential real estate investment.
Nautilus Leasing Services [OL] SP $50,001 -
$100,000
None
L       : San Francisco/San Francisco, CA, US
D          : Container leasing company.
Netflix, Inc. (NFLX) [ST] SP $1,000,001 -
$5,000,000
None
Nine Forty Five Battery LLC [OL] SP $5,000,001 -
$25,000,000
Partnership
Income
$1,000,001 -
$5,000,000
Asset Owner Value of Asset Income Type(s) Income Tx. >
$1,000?
L       : San Francisco/San Francisco, CA, US
D          : General partner in 945 Battery Street office building.
NVIDIA Corporation (NVDA) [ST] SP $1,000,001 -
$5,000,000
Dividends $201 - $1,000
NVIDIA Corporation (NVDA) [OP] SP $1,000,001 -
$5,000,000
None
D          : 200 call options with a strike price of $100 and an expiration date of 6/17/22 and 50 call options with a strike price of $100 and an
expiration date of 9/16/22.
Odyssey LLC [OL] SP None Partnership Loss $15,001 - $50,000
L       : San Francisco/San Francisco, CA, US
D          : Limited partnership interest in venture capital investment firm.
PayPal Holdings, Inc. (PYPL) [ST] SP $1,000,001 -
$5,000,000
None
PayPal Holdings, Inc. (PYPL) [OP] SP $250,001 -
$500,000
None
D          : 50 call options with a strike price of $100 with an expiration date of 1/21/22.
Piatti Restaurant Company [OL] SP $1,000,001 -
$5,000,000
Partnership
Income
$100,001 -
$1,000,000
L       : Tiburon/Marin, CA, US
D          : Limited partnership investment in restaurant company.
QUALCOMM Incorporated (QCOM) [ST] SP $15,001 - $50,000 Dividends $201 - $1,000
REOF XX, LLC [AB] SP $250,001 -
$500,000
Partnership Loss $1,001 - $2,500
D          : Investment in LLC which acquired five Courtyard Marriott hotels located in Fairfax, VA (one), suburban Baltimore, MD (two), and
San Antonio, TX (two).
REOF XXI, LLC [AB] SP $250,001 -
$500,000
Partnership
Income
$5,001 - $15,000
D          : Investment in LLC which is acquiring three unique office buildings with a common address of 222 Kearny Street in San Francisco,
CA.
REOF XXII, LLC [AB] SP $100,001 -
$250,000
Partnership Loss $100,001 -
$1,000,000
D          : Investment in LLC which is acquiring eleven Marriott-branded hotels (Rogers, AR - 1, Phoenix, AZ - 1, Lakeland, FL -1, Albany, GA
- 1, Andover, MA - 1, Fayetteville, NC - 1, Greenville, SC - 1, Johnson City, TN - 1, Beaumont, TX - 1, Richmond, VA - 1, Vancouver, WA - 1) and
nine Hilton-branded hotels (Montgomery, AL -2, Schaumberg, IL -1, Jackson, TN - 1, Allen, TX -2, Burleson, TX - 1, El Paso, TX - 1, Irving, TX -
1).
Asset Owner Value of Asset Income Type(s) Income Tx. >
$1,000?
Roblox Corporation Class A (RBLX) [ST] SP $1,000,001 -
$5,000,000
None
Roblox Corporation Class A (RBLX) [OP] SP $250,001 -
$500,000
None
D          : 100 call options with a strike price of $100 and an expiration date of 1/20/23.
Russell Ranch LLC [OL] SP $5,000,001 -
$25,000,000
Partnership
Income
$50,001 - $100,000
L       : Sacramento/Sacramento, CA, US
D          : Limited partner in undeveloped residential real estate investment.
Salesforce, Inc. (CRM) [OP] SP $500,001 -
$1,000,000
None
D          : 130 call options with a strike price of $210 and an expiration date of 1/20/23.
Salesforce.com Inc (CRM) [ST] SP $5,000,001 -
$25,000,000
None
Sierra Vista Baseline Investors LP [OL] SP None Partnership
Income
$1,000,001 -
$5,000,000
L       : Sacramento/Sacramento, CA, US
D          : Limited partnership in undeveloped real estate investment.
Slack Technologies, Inc. Class A (WORK) [ST] SP None Capital Gains $100,001 -
$1,000,000
Square, Inc. Class A (SQ) [ST] SP None None
Stoneridge LLC [OL] SP $250,001 -
$500,000
Partnership
Income
$5,001 - $15,000
L       : Sacramento/Sacramento, CA, US
D          : Limited partner in undeveloped residential real estate investment.
Tesla, Inc. (TSLA) [OP] SP $1,000,001 -
$5,000,000
None
D          : 25 call options with a strike price of $500 with an expiration date of 3/18/22.
Thirteen Hundred One Sansome LLC [OL] SP $5,000,001 -
$25,000,000
Partnership
Income, Rent
$100,001 -
$1,000,000
L       : San Francisco/San Francisco, CA, US
D          : General partner in 1301 Sansome Street office building.
Tripath Technology Inc. Common Stock [PS] SP $1 - $1,000 None
Asset Owner Value of Asset Income Type(s) Income Tx. >
$1,000?
D          : Common stock not actively traded.
Trivium LLC [OL] SP None Partnership Loss $15,001 - $50,000
L       : San Francisco/San Francisco, CA, US
D          : Limited partnership investment in E-business software solutions company.
Union Bank of California - Checking Account [BA] SP $1 - $1,000 None
D          : San Francisco, CA
Union Bank of California - Money Market Account
[BA]
SP $1 - $1,000 None
D          : San Francisco, CA
Union Bank of California - Pelosi Trust Checking
Account [BA]
SP $1 - $1,000 Interest $1 - $200
D          : San Francisco, CA
Visa Inc. (V) [ST] SP $5,000,001 -
$25,000,000
Dividends $50,001 - $100,000
Walt Disney Company (DIS) [ST] SP $1,000,001 -
$5,000,000
None
Walt Disney Company (The) (DIS) [OP] SP $500,001 -
$1,000,000
None
D          : 100 call options with a strike price of $100 with an expiration date of 1/21/22 and 50 call options with a strike price of $130 and an
expiration date of 9/16/22.
Wells Fargo Bank - Checking Account [BA] JT $1,001 - $15,000 Interest $1 - $200
D          : San Francisco, CA
* For the complete list of asset type abbreviations, please visit https://fd.house.gov/reference/asset-type-codes.aspx.
S        B: T           
Asset Owner Date Tx.
Type
Amount Cap.
Gains >
$200?
AllianceBernstein Holding L.P. Units (AB) [OL] SP 02/18/2021 P $500,001 -
$1,000,000
L       : New York, NY, US
D          : Purchased 15,000 units in a global asset management firm providing investment management and research services worldwide to
institutional, high-net-worth and retail investors.
Asset Owner Date Tx.
Type
Amount Cap.
Gains >
$200?
AllianceBernstein Holding L.P. Units (AB) [OL] SP 02/23/2021 P $500,001 -
$1,000,000
L       : New York, NY, US
D          : Purchased 25,000 units in a global asset management firm providing investment management and research services worldwide to
institutional, high-net-worth and retail investors.
Alphabet Inc. - Class A (GOOGL) [ST] SP 06/18/2021 P $1,000,001 -
$5,000,000
D          : Exercised 40 call options (4,000 shares) expiring 6/18/21 at a strike price of $1200.
Alphabet Inc. - Class C Capital Stock (GOOG) [OP] SP 12/17/2021 P $500,001 -
$1,000,000
D          : Purchased 10 call options with a strike price of $2000 and an expiration date of 9/16/22.
Amazon.com, Inc. (AMZN) [OP] SP 05/21/2021 P $500,001 -
$1,000,000
D          : Purchased 20 call options with a strike price of $3,000 and an expiration date of 6/17/22.
Apple Inc. (AAPL) [OP] SP 05/21/2021 P $100,001 -
$250,000
D          : Purchased 50 call options with a strike price of $100 and an expiration date of 6/17/22.
Apple Inc. (AAPL) [ST] SP 12/30/2021 S
(partial)
$500,001 -
$1,000,000
D          : Contribution of 3,000 shares held personally to the Paul F. Pelosi Endowed Fund at Georgetown University.
Apple Inc. (AAPL) [ST] SP 12/30/2021 S
(partial)
$500,001 -
$1,000,000
D          : Contribution of 3,000 shares held personally to Trinity College.
Micron Technology, Inc. (MU) [OP] SP 12/21/2021 P $250,001 -
$500,000
D          : Purchased 100 call options with a strike price of $50 and an expiration date of 9/16/22.
Microsoft Corporation (MSFT) [ST] SP 03/19/2021 P $1,000,001 -
$5,000,000
D          : Exercised 150 call options (15,000 shares) expiring 3/19/2021 at a strike price of $130.
Microsoft Corporation (MSFT) [ST] SP 03/19/2021 P $1,000,001 -
$5,000,000
D          : Exercised 100 call options (10,000 shares) expiring 3/19/2021 at a strike price of $140.
NVIDIA Corporation (NVDA) [OP] SP 06/3/2021 P $1,000,001 -
$5,000,000
Asset Owner Date Tx.
Type
Amount Cap.
Gains >
$200?
D          : Purchased 50 call options with a strike price of $400 and an expiration date of 6/17/22.
NVIDIA Corporation (NVDA) [ST] SP 07/23/2021 P $500,001 -
$1,000,000
D          : Purchased 5,000 shares.
NVIDIA Corporation (NVDA) [OP] SP 07/23/2021 P $250,001 -
$500,000
D          : Purchased 50 call options with a strike price of $100 and an expiration date of 9/16/22.
REOF XX, LLC [AB] SP 12/22/2021 P $50,001 -
$100,000
D          : Additional investment in LLC which acquired five Courtyard by Marriott hotels located in Fairfax, VA (one), suburban Baltimore,
MD (two) and San Antonio, TX (two).
REOF XXII, LLC [AB] SP 07/13/2021 P $250,001 -
$500,000
D          : Investment in LLC which is acquiring eleven Marriott-branded hotels (Rogers, AR - 1, Phoenix, AZ - 1, Lakeland, FL -1, Albany, GA
- 1, Andover, MA - 1, Fayetteville, NC - 1, Greenville, SC - 1, Johnson City, TN - 1, Beaumont, TX - 1, Richmond, VA - 1, Vancouver, WA - 1) and
nine Hilton-branded hotels (Montgomery, AL -2, Schaumberg, IL -1, Jackson, TN - 1, Allen, TX -2, Burleson, TX - 1, El Paso, TX - 1, Irving, TX -
1).
Roblox Corporation [OT] SP 03/10/2021 P $500,001 -
$1,000,000
L       : US
D          : Purchased 10,000 shares.
Roblox Corporation Class A (RBLX) [OP] SP 12/20/2021 P $250,001 -
$500,000
D          : Purchased 100 call options with a strike price of $100 and an expiration date of 1/20/23.
Salesforce.com Inc (CRM) [OP] SP 12/20/2021 P $500,001 -
$1,000,000
D          : Purchased 100 call options with a strike price of $210 and an expiration date of 1/20/23.
Salesforce.com Inc (CRM) [OP] SP 12/20/2021 P $100,001 -
$250,000
D          : Purchased 30 call options with a strike price of $210 and an expiration date of 1/20/23.
Slack Technologies, Inc. Class A (WORK) [ST] SP 07/22/2021 S $250,001 -
$500,000
D          : 10,000 shares of Slack Technologies Inc. exchanged for 776 shares of Salesforce.com Inc. as a result of a merger, with a cash
payout of $267,900.
Walt Disney Company (DIS) [OP] SP 12/17/2021 P $100,001 -
Asset Owner Date Tx.
Type
Amount Cap.
Gains >
$200?
$250,000
D          : Purchased 50 call options with a strike price of $130 and an expiration date of 9/16/22.
* For the complete list of asset type abbreviations, please visit https://fd.house.gov/reference/asset-type-codes.aspx.
S        C: E      I     
Source Type Amount
Financial Leasing Services Spouse Salary N/A
45 Belden Corporation Spouse Management Fee N/A
Fairfield Associates Spouse Management Fee N/A
S        D: L          
Owner Creditor Date Incurred Type Amount of
Liability
JT Union Bank of California September 2016 Mortgage on 11 Zinfandel Lane, St. Helena,
CA
$5,000,001 -
$25,000,000
SP Union Bank of California December 2017 Mortgage on 45 Belden Place, San
Francisco, CA
$1,000,001 -
$5,000,000
SP Wells Fargo Bank June 2017 Mortgage on 25 Point Lobos Avenue, San
Francisco, CA
$1,000,001 -
$5,000,000
SP Union Bank of California July 2002 Equity Line of Credit on 11 Zinfandel Lane,
St. Helena, CA
$500,001 -
$1,000,000
SP City National Bank July 2011 Brokerage Collateral Loan $1,000,001 -
$5,000,000
JT Union Bank of California September 2007 Mortgage on 2640 Broadway, San
Francisco, CA
$1,000,001 -
$5,000,000
SP Bank of America November 2006 Mortgage on 3030 K Street, Washington,
DC
$1,000,001 -
$5,000,000
JT Union Bank of California December 2012 Equity Line of Credit on 2640 Broadway,
San Francisco, CA
$500,001 -
$1,000,000
SP City National Securities Ongoing Brokerage Margin Account $25,000,001 -
$50,000,000
S        E: P        
Position Name of Organization
CFO & Secretary The Paul & Nancy Pelosi Charitable Foundation
Congressional Advisory Board International Women's Democracy Center
Board of Trustees Member Ex Officio Kennedy Center
Honorary Member Wheelchair Foundation
Distinguished Board Member National Organization of Italian American Women
S        F: A         
None disclosed.
S        G: G    
None disclosed.
S        H: T      P            R             
None disclosed.
S        I: P        M       C          L       H        
None disclosed.
E             S     , D        ,    T     I          
IPO: Did you purchase any shares that were allocated as a part of an Initial Public Offering?
 Yes  No
Trusts: Details regarding ""Qualified Blind Trusts"" approved by the Committee on Ethics and certain other ""excepted trusts"" need not be
disclosed. Have you excluded from this report details of such a trust benefiting you, your spouse, or dependent child?
 Yes  No
Exemption: Have you excluded from this report any other assets, ""unearned"" income, transactions, or liabilities of a spouse or dependent
child because they meet all three tests for exemption?
 Yes  No
C                 S        
 I CERTIFY that the statements I have made on the attached Financial Disclosure Report are true, complete, and correct to the best of
my knowledge and belief.
Digitally Signed: Hon. Nancy Pelosi , 05/16/2022"
O,2022,10053231,20256,"F         D          R     
Clerk of the House of Representatives • Legislative Resource Center • 135 Cannon Building • Washington, DC 20515
F     I          
Name: Hon. Nancy Pelosi
Status: Member
State/District: CA11
F      I          
Filing Type: Annual Report
Filing Year: 2022
Filing Date: 05/15/2023
S        A: A          ""U       "" I     
Asset Owner Value of Asset Income Type(s) Income Tx. >
$1,000?
11 Zinfandel Lane - Home & Vineyard [RP] JT $5,000,001 -
$25,000,000
Grape Sales $100,001 -
$1,000,000
L       : St. Helena/Napa, CA, US
25 Point Lobos - Commercial Property [RP] SP $5,000,001 -
$25,000,000
Rent $100,001 -
$1,000,000
L       : San Francisco/San Francisco, CA, US
45 Belden Place - Four Story Commercial Building
[RP]
SP $5,000,001 -
$25,000,000
Rent $100,001 -
$1,000,000
L       : San Francisco/San Francisco, CA, US
AllianceBernstein Holding L.P. Units (AB) [OL] SP $1,000,001 -
$5,000,000
Partnership
Income, Capital
Loss
$100,001 -
$1,000,000
L       : New York, NY, US
D          : Limited partnership in a global asset management firm providing investment management and research services worldwide to
institutional, high-net-worth and retail investors.
Alphabet Inc. - Class A (GOOGL) [ST] SP $5,000,001 -
$25,000,000
Capital Gains $100,001 -
$1,000,000
Alphabet Inc. - Class A (GOOGL) [OP] SP None None
Filing ID #10053231
Asset Owner Value of Asset Income Type(s) Income Tx. >
$1,000?
D          : 10 call options with a strike price of $2,000 and an expiration date of 9/16/22.
Amazon.com, Inc. (AMZN) [ST] SP $5,000,001 -
$25,000,000
None
Amazon.com, Inc. (AMZN) [OP] SP None Capital Loss $100,001 -
$1,000,000
D          : 20 call options with a strike price of $3,000 and an expiration date of 6/17/22.
American Express Company (AXP) [ST] SP $500,001 -
$1,000,000
Dividends $5,001 - $15,000
American Express Company (AXP) [OP] SP None None
D          : 50 call options with a strike price of $80 with an expiration date of 1/21/22.
Apple Inc. (AAPL) [ST] SP $5,000,001 -
$25,000,000
Dividends $100,001 -
$1,000,000
Apple Inc. (AAPL) [OP] SP None Capital Loss $1,001 - $2,500
D          : 100 call options with a strike price of $100 with an expiration date of 1/21/22 and 50 call options with a strike price of $100 and an
expiration date of 6/17/22.
Apple Inc. (AAPL) [OP] SP $500,001 -
$1,000,000
None
D          : 100 call options with a strike price of $80 and an expiration date of 3/17/23 and 50 call options with a strike price of $80 and an
expiration date of 6/16/23.
Aristotle LLC [OL] SP $15,001 - $50,000 None
L       : San Francisco/San Francisco, CA, US
D          : Limited partnership investment in Aristotle Publishing, Inc.
AT&T Inc. (T) [ST] SP $100,001 -
$250,000
Dividends $5,001 - $15,000
Auberge du Soleil [OL] SP $5,000,001 -
$25,000,000
Partnership
Income
$50,001 - $100,000
L       : Rutherford/Napa, CA, US
D          : Limited partnership investment in resort hotel.
Bank of America - Checking Account [BA] SP $1,001 - $15,000 None
D          : San Francisco, CA
Bank of America - Checking Account [BA] JT $1,001 - $15,000 None
Asset Owner Value of Asset Income Type(s) Income Tx. >
$1,000?
D          : San Francisco, CA
Bank of America - Checking Account [BA] SP $1,001 - $15,000 None
D          : Washington, DC
Block, Inc. Class A Common Stock, (SQ) [ST] SP $250,001 -
$500,000
None
Borel Real Estate Company [OL] SP $15,001 - $50,000 Partnership
Income, Rent
$5,001 - $15,000
L       : San Mateo/San Mateo, CA, US
D          : Limited partnership interest in shopping center.
City Car Services LLC [OL] SP $50,001 -
$100,000
None
L       : Hingham/Plymouth, MA, US
D          : Limited partnership investment in limousine company.
City National Bank - Checking Account [BA] SP $250,001 -
$500,000
Interest $1 - $200
D          : San Francisco, CA
City National Securities - Brokerage Money Market
Account [BA]
SP $15,001 - $50,000 Interest $1 - $200
Clean Energy Fuels Corp. (CLNE) [ST] SP $15,001 - $50,000 None
Comcast Corporation - Class A (CMCSA) [ST] SP $500,001 -
$1,000,000
Dividends $15,001 - $50,000
Congressional Credit Union - Checking Account [BA] $15,001 - $50,000 None
D          : Washington, DC
CrowdStrike Holdings, Inc. - Class A (CRWD) [ST] SP $500,001 -
$1,000,000
None
Dropbox, Inc. - Class A (DBX) [ST] SP $100,001 -
$250,000
None
EDI Associates [OL] SP $250,001 -
$500,000
Partnership
Income
$50,001 - $100,000
L       : Sonoma/Sonoma, CA, US
D          : Limited partnership investment in El Dorado Hotel.
Asset Owner Value of Asset Income Type(s) Income Tx. >
$1,000?
Financial Leasing Services [OL] SP $100,001 -
$250,000
None
L       : San Francisco/San Francisco, CA, US
D          : Investment consulting company.
Forty-Five Belden Corporation [OL] SP $1,000,001 -
$5,000,000
Partnership Loss $100,001 -
$1,000,000
L       : San Francisco/San Francisco, CA, US
D          : Investment management company.
Global Ambassador Concierge LLC [OL] SP $15,001 - $50,000 None
L       : Washington, DC, US
D          : Limited partnership interest in concierge services for international travelers.
Interactive Brokers Group, Inc. (IBKR) [ST] SP $100,001 -
$250,000
Dividends $201 - $1,000
Matthews International Mutual Fund [MF] SP $15,001 - $50,000 None
Micron Technology, Inc. (MU) [OP] SP None Capital Loss $100,001 -
$1,000,000
D          : 100 call options with a strike price of $50 and an expiration date of 9/16/22.
Microsoft Corporation (MSFT) [ST] SP $5,000,001 -
$25,000,000
Dividends $50,001 - $100,000
Microsoft Corporation (MSFT) [OP] SP $250,001 -
$500,000
None
D          : 50 call options with a strike price of $180 and an expiration date of 6/16/23.
Morningstar, Inc. (MORN) [ST] SP $100,001 -
$250,000
Dividends $1,001 - $2,500
Nautilus Leasing Services [OL] SP $50,001 -
$100,000
None
L       : San Francisco/San Francisco, CA, US
D          : Container leasing company.
Netflix, Inc. (NFLX) [ST] SP $500,001 -
$1,000,000
Capital Loss $100,001 -
$1,000,000
Nine Forty Five Battery LLC [OL] SP $5,000,001 -
$25,000,000
Partnership
Income
$1,000,001 -
$5,000,000
L       : San Francisco/San Francisco, CA, US
Asset Owner Value of Asset Income Type(s) Income Tx. >
$1,000?
D          : General partner in 945 Battery Street office building.
NVIDIA Corporation (NVDA) [ST] SP None Capital Loss $100,001 -
$1,000,000
NVIDIA Corporation (NVDA) [OP] SP None Capital Loss $100,001 -
$1,000,000
D          : 200 call options with a strike price of $100 and an expiration date of 6/17/22 and 50 call options with a strike price of $100 and an
expiration date of 9/16/22.
PayPal Holdings, Inc. (PYPL) [ST] SP $250,001 -
$500,000
Capital Loss $100,001 -
$1,000,000
PayPal Holdings, Inc. (PYPL) [OP] SP None None
D          : 50 call options with a strike price of $100 with an expiration date of 1/21/22.
Piatti Restaurant Company [OL] SP $1,000,001 -
$5,000,000
Partnership Loss $50,001 - $100,000
L       : Tiburon/Marin, CA, US
D          : Limited partnership investment in restaurant company.
QUALCOMM Incorporated (QCOM) [ST] SP $15,001 - $50,000 Dividends $201 - $1,000
REOF XX, LLC [AB] SP $250,001 -
$500,000
Partnership Loss $15,001 - $50,000
D          : Investment in LLC which acquired five Courtyard Marriott hotels located in Fairfax, VA (one), suburban Baltimore, MD (two), and
San Antonio, TX (two).
REOF XXI, LLC [AB] SP $250,001 -
$500,000
None
D          : Investment in LLC which is acquiring three unique office buildings with a common address of 222 Kearny Street in San Francisco,
CA.
REOF XXII, LLC [AB] SP $250,001 -
$500,000
Partnership
Income
$15,001 - $50,000
D          : Investment in LLC which is acquiring eleven Marriott-branded hotels (Rogers, AR - 1, Phoenix, AZ - 1, Lakeland, FL -1, Albany, GA
- 1, Andover, MA - 1, Fayetteville, NC - 1, Greenville, SC - 1, Johnson City, TN - 1, Beaumont, TX - 1, Richmond, VA - 1, Vancouver, WA - 1) and
nine Hilton-branded hotels (Montgomery, AL -2, Schaumberg, IL -1, Jackson, TN - 1, Allen, TX -2, Burleson, TX - 1, El Paso, TX - 1, Irving, TX -
1).
Roblox Corporation Class A (RBLX) [ST] SP $100,001 -
$250,000
Capital Loss $100,001 -
$1,000,000
Roblox Corporation Class A (RBLX) [OP] SP $1 - $1,000 None
Asset Owner Value of Asset Income Type(s) Income Tx. >
$1,000?
D          : 100 call options with a strike price of $100 and an expiration date of 1/20/23.
Russell Ranch LLC [OL] SP $5,000,001 -
$25,000,000
Partnership
Income
$100,001 -
$1,000,000
L       : Sacramento/Sacramento, CA, US
D          : Limited partner in undeveloped residential real estate investment.
Salesforce, Inc. (CRM) [OP] SP None Capital Loss $100,001 -
$1,000,000
D          : 130 call options with a strike price of $210 and an expiration date of 1/20/23.
Salesforce.com Inc (CRM) [ST] SP $1,000,001 -
$5,000,000
None
Stoneridge LLC [OL] SP $250,001 -
$500,000
Partnership
Income
$201 - $1,000
L       : Sacramento/Sacramento, CA, US
D          : Limited partner in undeveloped residential real estate investment.
Tesla, Inc. (TSLA) [ST] SP $250,001 -
$500,000
Capital Loss $100,001 -
$1,000,000
Tesla, Inc. (TSLA) [OP] SP None None
D          : 25 call options with a strike price of $500 with an expiration date of 3/18/22.
Thirteen Hundred One Sansome LLC [OL] SP $5,000,001 -
$25,000,000
Partnership
Income, Rent
$100,001 -
$1,000,000
L       : San Francisco/San Francisco, CA, US
D          : General partner in 1301 Sansome Street office building.
Tripath Technology Inc. Common Stock [PS] SP $1 - $1,000 None
D          : Common stock not actively traded.
Union Bank of California - Checking Account [BA] SP $1 - $1,000 None
D          : San Francisco, CA
Union Bank of California - Money Market Account
[BA]
SP $1 - $1,000 None
D          : San Francisco, CA
Union Bank of California - Pelosi Trust Checking
Account [BA]
SP $1 - $1,000 None
D          : San Francisco, CA
Asset Owner Value of Asset Income Type(s) Income Tx. >
$1,000?
Visa Inc. (V) [ST] SP $1,000,001 -
$5,000,000
Capital Gains,
Dividends
Over $5,000,000
Walt Disney Company (DIS) [ST] SP $500,001 -
$1,000,000
Capital Loss $100,001 -
$1,000,000
Walt Disney Company (The) (DIS) [OP] SP None Capital Loss $100,001 -
$1,000,000
D          : 100 call options with a strike price of $100 with an expiration date of 1/21/22 and 50 call options with a strike price of $130 and an
expiration date of 9/16/22.
Warner Bros. Discovery, Inc. - Series A (WBD) [ST] SP $15,001 - $50,000 None
Wells Fargo Bank - Checking Account [BA] JT $50,001 -
$100,000
Interest $1 - $200
D          : San Francisco, CA
* For the complete list of asset type abbreviations, please visit https://fd.house.gov/reference/asset-type-codes.aspx.
S        B: T           
Asset Owner Date Tx.
Type
Amount Cap.
Gains >
$200?
Alliance Bernstein Holding L.P. Units [OL] SP 12/28/2022 S
(partial)
$500,001 -
$1,000,000
L       : New York, NY, US
D          : Sold 20,000 shares.
C       : Sold 20,000 shares at an average price of $32.95 for a total loss of $11,510.
AllianceBernstein Holding L.P. Units (AB) [OL] SP 01/27/2022 P $250,001 -
$500,000
L       : New York, NY, US
D          : Purchased 10,000 units in a global asset management firm providing investment management and research services worldwide to
institutional, high-net-worth and retail investors.
Alphabet Inc. - Class A (GOOGL) [ST] SP 12/20/2022 S
(partial)
$500,001 -
$1,000,000
D          : Sold 10,000 shares.
Alphabet Inc. - Class A (GOOGL) [ST] SP 12/21/2022 S
(partial)
$500,001 -
$1,000,000
D          : Sold 10,000 shares.
Alphabet Inc. - Class A (GOOGL) [ST] SP 12/28/2022 S $500,001 -
Asset Owner Date Tx.
Type
Amount Cap.
Gains >
$200?
(partial) $1,000,000
D          : Sold 10,000 shares.
Alphabet Inc. - Class C Capital Stock (GOOG) [ST] SP 09/16/2022 P $1,000,001 -
$5,000,000
D          : Exercised 200 call options purchased 12/17/21 (20,000 shares) at a strike price of $100 with an expiration date of 9/16/22.
American Express Company (AXP) [ST] SP 01/21/2022 P $250,001 -
$500,000
D          : Exercised 50 call options (5,000 shares) expiring 1/21/22 at a strike price of $80.
Apple Inc. (AAPL) [ST] SP 01/21/2022 P $1,000,001 -
$5,000,000
D          : Exercised 100 call options (10,000 shares) expiring 1/21/22 at a strike price of $100.
Apple Inc. (AAPL) [OP] SP 05/13/2022 P $500,001 -
$1,000,000
D          : Purchased 100 call options with a strike price of $80 and an expiration date of 3/17/23.
Apple Inc. (AAPL) [OP] SP 05/24/2022 P $250,001 -
$500,000
D          : Purchased 50 call options with a strike price of $80 and an expiration date of 6/16/23.
Apple Inc. (AAPL) [OP] SP 06/17/2022 S
(partial)
$100,001 -
$250,000
D          : Sold 50 call options with a strike price of $100 and an expiration date of 6/17/22.
Micron Technology, Inc. (MU) [OP] SP 09/16/2022 S $15,001 - $50,000
D          : Sold 100 call options purchased 12/21/21 with a strike price of $50 and an expiration date of 9/16/22.
C       : Sold 100 call options purchased 12/21/21 (10,000 shares) at a price of $1.84 per share for a total loss of $392,575.
Microsoft Corporation (MSFT) [OP] SP 05/24/2022 P $50,001 -
$100,000
D          : Purchased 10 call options with a strike price of $180 and an expiration date of 6/16/23.
Microsoft Corporation (MSFT) [OP] SP 05/24/2022 P $250,001 -
$500,000
D          : Purchased 40 call options with a strike price of $180 and an expiration date of 6/16/23.
Netflix, Inc. (NFLX) [ST] SP 12/29/2022 S
(partial)
$250,001 -
$500,000
D          : Sold 1,000 shares.
C       : Sold 1,000 shares at an average price of $290.04 for a total loss of $66,385.
Asset Owner Date Tx.
Type
Amount Cap.
Gains >
$200?
Netflix, Inc. (NFLX) [ST] SP 12/30/2022 S
(partial)
$250,001 -
$500,000
D          : Sold 1,000 shares.
C       : Sold 1,000 shares at an average price of $292.89 for a total loss of $63,535.
NVIDIA Corporation (NVDA) [ST] SP 06/17/2022 P $1,000,001 -
$5,000,000
D          : Exercised 200 call options (20,000 shares) expiring 6/17/22 at a strike price of $100.
NVIDIA Corporation (NVDA) [ST] SP 07/26/2022 S $1,000,001 -
$5,000,000
D          : Sold 25,000 shares.
C       : Sold 25,000 shares at an average price of $165.05 for a total loss of $341,365.
NVIDIA Corporation (NVDA) [OP] SP 09/16/2022 S $100,001 -
$250,000
D          : Sold 50 call options purchased 7/23/21 with a strike price of $100 and an expiration date of 9/16/22.
C       : Sold 50 call options purchased 7/23/21 (5,000 shares) at a price of $26.86 per share for a total loss of $361,476.
PayPal Holdings, Inc. (PYPL) [ST] SP 01/21/2022 P $500,001 -
$1,000,000
D          : Exercised 50 call options (5,000 shares) expiring 1/21/22 at a strike price of $100.
PayPal Holdings, Inc. (PYPL) [ST] SP 12/21/2022 S
(partial)
$250,001 -
$500,000
D          : Sold 5,000 shares.
C       : Sold 5,000 shares at an average price of $69.10 for a total loss of $424,313.
PayPal Holdings, Inc. (PYPL) [ST] SP 12/28/2022 S
(partial)
$250,001 -
$500,000
D          : Sold 5,000 shares.
C       : Sold 5,000 shares at an average price of $67.77 for a total loss of $429,938.
REOF XX, LLC [AB] SP 08/24/2022 P $15,001 - $50,000
D          : Additional investment in LLC which acquired five Courtyard by Marriott hotels located in Fairfax, VA (one), suburban Baltimore,
MD (two) and San Antonio, TX (two).
REOF XX, LLC [AB] SP 12/27/2022 P $15,001 - $50,000
D          : Additional investment in LLC which acquired five Courtyard by Marriott hotels located in Fairfax, VA (one), suburban Baltimore,
MD (two) and San Antonio, TX (two).
Roblox Corporation Class A (RBLX) [ST] SP 12/28/2022 S
(partial)
$100,001 -
$250,000
D          : Sold 5,000 shares.
C       : Sold 5,000 shares at an average price of $26.05 for a total loss of $235,836.
Asset Owner Date Tx.
Type
Amount Cap.
Gains >
$200?
Salesforce, Inc. (CRM) [OP] SP 12/20/2022 S $9.00
D          : Sold 130 call options purchased 12/20/21 with a strike price of $210 and an expiration date of 1/20/23.
C       : Sold 130 call options purchased 12/20/21 (13,000 shares) at a price of $0.01 per share for a total loss of $733,691.
Tesla, Inc. (TSLA) [ST] SP 03/17/2022 P $1,000,001 -
$5,000,000
D          : Exercised 25 call options (2,500 shares) expiring 3/18/22 at a strike price of $500.
Tesla, Inc. (TSLA) [ST] SP 12/20/2022 S
(partial)
$500,001 -
$1,000,000
D          : Sold 5,000 shares.
C       : Sold 5,000 shares at an average price of $140.38 for a total loss of $511,197.
Visa Inc. (V) [ST] SP 06/21/2022 S
(partial)
$1,000,001 -
$5,000,000
D          : Sold 10,000 shares.
Visa Inc. (V) [ST] SP 11/8/2022 S
(partial)
$1,000,001 -
$5,000,000
D          : Sold 20,000 shares.
Walt Disney Company (DIS) [ST] SP 01/21/2022 P $1,000,001 -
$5,000,000
D          : Exercised 100 call options (10,000 shares) expiring 1/21/22 at a strike price of $100.
Walt Disney Company (DIS) [OP] SP 09/16/2022 S $1.00
D          : 50 call options purchased 12/17/21 with a strike price of $130 and an expiration date of 9/16/22 expired with no value.
C       : 50 call options purchased 12/17/21 with a strike price of $130 and an expiration date of 9/16/22 expired with no value for a total loss
of $132,824.
Walt Disney Company (DIS) [ST] SP 12/21/2022 S
(partial)
$500,001 -
$1,000,000
D          : Sold 10,000 shares.
C       : Sold 10,000 shares at an average price of $87.58 for a total loss of $114,138.
Warner Bros. Discovery, Inc. - Series A (WBD) [ST] SP 04/11/2022 E $50,001 -
$100,000
D          : 2419 shares received as the result of a spinoff of AT&T (T) shares held.
* For the complete list of asset type abbreviations, please visit https://fd.house.gov/reference/asset-type-codes.aspx.
S        C: E      I     
Source Type Amount
Financial Leasing Services Spouse Salary N/A
45 Belden Corporation Spouse Management Fee N/A
Fairfield Associates Spouse Management Fee N/A
S        D: L          
Owner Creditor Date Incurred Type Amount of
Liability
JT Union Bank of California September 2016 Mortgage on 11 Zinfandel Lane, St. Helena,
CA
$5,000,001 -
$25,000,000
SP Union Bank of California December 2017 Mortgage on 45 Belden Place, San
Francisco, CA
$1,000,001 -
$5,000,000
SP Wells Fargo Bank June 2017 Mortgage on 25 Point Lobos Avenue, San
Francisco, CA
$1,000,001 -
$5,000,000
SP Union Bank of California July 2002 Equity Line of Credit on 11 Zinfandel Lane,
St. Helena, CA
$500,001 -
$1,000,000
SP City National Bank July 2011 Brokerage Collateral Loan $1,000,001 -
$5,000,000
JT Union Bank of California September 2007 Mortgage on 2640 Broadway, San
Francisco, CA
$1,000,001 -
$5,000,000
SP Bank of America November 2006 Mortgage on 3030 K Street, Washington,
DC
$1,000,001 -
$5,000,000
JT Union Bank of California December 2012 Equity Line of Credit on 2640 Broadway,
San Francisco, CA
$500,001 -
$1,000,000
SP City National Securities Ongoing Brokerage Margin Account $25,000,001 -
$50,000,000
S        E: P        
Position Name of Organization
CFO & Secretary The Paul & Nancy Pelosi Charitable Foundation
Congressional Advisory Board International Women's Democracy Center
Board of Trustees Member Ex Officio Kennedy Center
Honorary Member Wheelchair Foundation
Distinguished Board Member National Organization of Italian American Women
S        F: A         
None disclosed.
S        G: G    
None disclosed.
S        H: T      P            R             
None disclosed.
S        I: P        M       C          L       H        
None disclosed.
E             S     , D        ,    T     I          
IPO: Did you purchase any shares that were allocated as a part of an Initial Public Offering?
 Yes  No
Trusts: Details regarding ""Qualified Blind Trusts"" approved by the Committee on Ethics and certain other ""excepted trusts"" need not be
disclosed. Have you excluded from this report details of such a trust benefiting you, your spouse, or dependent child?
 Yes  No
Exemption: Have you excluded from this report any other assets, ""unearned"" income, transactions, or liabilities of a spouse or dependent
child because they meet all three tests for exemption?
 Yes  No
C                 S        
 I CERTIFY that the statements I have made on the attached Financial Disclosure Report are true, complete, and correct to the best of
my knowledge and belief.
Digitally Signed: Hon. Nancy Pelosi , 05/15/2023"
O,2023,10059734,13151,"F         D          R     
Clerk of the House of Representatives • Legislative Resource Center • B81 Cannon Building • Washington, DC 20515
F     I          
Name: Hon. Nancy Pelosi
Status: Member
State/District: CA11
F      I          
Filing Type: Annual Report
Filing Year: 2023
Filing Date: 05/15/2024
S        A: A          ""U       "" I     
Asset Owner Value of Asset Income Type(s) Income Tx. >
$1,000?
11 Zinfandel Lane - Home & Vineyard [RP] JT $5,000,001 -
$25,000,000
Grape Sales $100,001 -
$1,000,000
L       : St. Helena/Napa, CA, US
25 Point Lobos - Commercial Property [RP] SP $5,000,001 -
$25,000,000
Rent $100,001 -
$1,000,000
L       : San Francisco/San Francisco, CA, US
45 Belden Place - Four Story Commercial Building
[RP]
SP $5,000,001 -
$25,000,000
Rent $100,001 -
$1,000,000
L       : San Francisco/San Francisco, CA, US
AllianceBernstein Holding L.P. Units (AB) [OL] SP $1,000,001 -
$5,000,000
Partnership
Income
$50,001 - $100,000
L       : New York, NY, US
D          : Limited partnership in a global asset management firm providing investment management and research services worldwide to
institutional, high-net-worth and retail investors.
Alphabet Inc. - Class A (GOOGL) [ST] SP $5,000,001 -
$25,000,000
None
Amazon.com, Inc. (AMZN) [ST] SP $5,000,001 -
$25,000,000
None
Filing ID #10059734
Asset Owner Value of Asset Income Type(s) Income Tx. >
$1,000?
American Express Company (AXP) [ST] SP $500,001 -
$1,000,000
Dividends $5,001 - $15,000
Apple Inc. (AAPL) [ST] SP $25,000,001 -
$50,000,000
Dividends $100,001 -
$1,000,000
Apple Inc. (AAPL) [OP] SP None None
D          : 100 call options with a strike price of $80 and an expiration date of 3/17/23 and 50 call options with a strike price of $80 and an
expiration date of 6/16/23.
Aristotle LLC [OL] SP $15,001 - $50,000 None
L       : San Francisco/San Francisco, CA, US
D          : Limited partnership investment in Aristotle Publishing, Inc.
AT&T Inc. (T) [ST] SP $100,001 -
$250,000
Dividends $5,001 - $15,000
Auberge du Soleil [OL] SP $5,000,001 -
$25,000,000
Partnership Loss $100,001 -
$1,000,000
L       : Rutherford/Napa, CA, US
D          : Limited partnership investment in resort hotel.
Bank of America - Checking Account [BA] SP $1,001 - $15,000 None
D          : San Francisco, CA
Bank of America - Checking Account [BA] JT $1,001 - $15,000 None
D          : San Francisco, CA
Bank of America - Checking Account [BA] SP $1,001 - $15,000 None
D          : Washington, DC
Block, Inc. Class A Common Stock, (SQ) [ST] SP $250,001 -
$500,000
None
Borel Real Estate Company [OL] SP $15,001 - $50,000 Partnership Loss,
Rent
$2,501 - $5,000
L       : San Mateo/San Mateo, CA, US
D          : Limited partnership interest in shopping center.
City Car Services LLC [OL] SP $50,001 -
$100,000
None
L       : Hingham/Plymouth, MA, US
D          : Limited partnership investment in limousine company.
Asset Owner Value of Asset Income Type(s) Income Tx. >
$1,000?
City National Bank - Checking Account [BA] SP $100,001 -
$250,000
Interest $1 - $200
D          : San Francisco, CA
City National Securities - Brokerage Money Market
Account [BA]
SP $15,001 - $50,000 Interest $201 - $1,000
Clean Energy Fuels Corp. (CLNE) [ST] SP $15,001 - $50,000 None
Comcast Corporation - Class A (CMCSA) [ST] SP $500,001 -
$1,000,000
Dividends $15,001 - $50,000
Congressional Credit Union - Checking Account [BA] $15,001 - $50,000 None
D          : Washington, DC
CrowdStrike Holdings, Inc. - Class A (CRWD) [ST] SP $1,000,001 -
$5,000,000
None
Dropbox, Inc. - Class A (DBX) [ST] SP $100,001 -
$250,000
None
EDI Associates [OL] SP $250,001 -
$500,000
Partnership
Income
$15,001 - $50,000
L       : Sonoma/Sonoma, CA, US
D          : Limited partnership investment in El Dorado Hotel.
Financial Leasing Services [OL] SP $100,001 -
$250,000
None
L       : San Francisco/San Francisco, CA, US
D          : Investment consulting company.
Forty-Five Belden Corporation [OL] SP $1,000,001 -
$5,000,000
Partnership Loss $50,001 - $100,000
L       : San Francisco/San Francisco, CA, US
D          : Investment management company.
Global Ambassador Concierge LLC [OL] SP $15,001 - $50,000 None
L       : Washington, DC, US
D          : Limited partnership interest in concierge services for international travelers.
Interactive Brokers Group, Inc. (IBKR) [ST] SP $100,001 -
$250,000
Dividends $201 - $1,000
Asset Owner Value of Asset Income Type(s) Income Tx. >
$1,000?
Matthews International Mutual Fund [MF] SP $15,001 - $50,000 Dividends $201 - $1,000
Microsoft Corporation (MSFT) [ST] SP $5,000,001 -
$25,000,000
Dividends $50,001 - $100,000
Microsoft Corporation (MSFT) [OP] SP None None
D          : 50 call options with a strike price of $180 and an expiration date of 6/16/23.
Morningstar, Inc. (MORN) [ST] SP $250,001 -
$500,000
Dividends $1,001 - $2,500
Nautilus Leasing Services [OL] SP $50,001 -
$100,000
None
L       : San Francisco/San Francisco, CA, US
D          : Container leasing company.
Netflix, Inc. (NFLX) [ST] SP $1,000,001 -
$5,000,000
None
Nine Forty Five Battery LLC [OL] SP $5,000,001 -
$25,000,000
Partnership
Income
$1,000,001 -
$5,000,000
L       : San Francisco/San Francisco, CA, US
D          : General partner in 945 Battery Street office building.
NVIDIA [OP] SP $1,000,001 -
$5,000,000
None
D          : 50 call options with a strike price of $120 and an expiration date of 12/20/24.
PayPal Holdings, Inc. (PYPL) [ST] SP $250,001 -
$500,000
None
Piatti Restaurant Company [OL] SP $1,000,001 -
$5,000,000
Partnership Loss $100,001 -
$1,000,000
L       : Tiburon/Marin, CA, US
D          : Limited partnership investment in restaurant company.
QUALCOMM Incorporated (QCOM) [ST] SP $15,001 - $50,000 Dividends $201 - $1,000
REOF XX, LLC [AB] SP $250,001 -
$500,000
Partnership Loss $15,001 - $50,000
D          : Investment in LLC which acquired five Courtyard Marriott hotels located in Fairfax, VA (one), suburban Baltimore, MD (two), and
San Antonio, TX (two).
REOF XXI, LLC [AB] SP $250,001 - Partnership $15,001 - $50,000
Asset Owner Value of Asset Income Type(s) Income Tx. >
$1,000?
$500,000 Income
D          : Investment in LLC which is acquiring three unique office buildings with a common address of 222 Kearny Street in San Francisco,
CA.
REOF XXII, LLC [AB] SP $250,001 -
$500,000
Partnership Loss $50,001 - $100,000
D          : Investment in LLC which is acquiring eleven Marriott-branded hotels (Rogers, AR - 1, Phoenix, AZ - 1, Lakeland, FL -1, Albany, GA
- 1, Andover, MA - 1, Fayetteville, NC - 1, Greenville, SC - 1, Johnson City, TN - 1, Beaumont, TX - 1, Richmond, VA - 1, Vancouver, WA - 1) and
nine Hilton-branded hotels (Montgomery, AL -2, Schaumberg, IL -1, Jackson, TN - 1, Allen, TX -2, Burleson, TX - 1, El Paso, TX - 1, Irving, TX -
1).
REOF XXV, LLC [AB] SP $250,001 -
$500,000
Partnership Loss $15,001 - $50,000
D          : Investment in LLC which is acquiring and restoring a luxury hotel property in San Francisco, CA.
Roblox Corporation Class A (RBLX) [ST] SP $100,001 -
$250,000
None
Roblox Corporation Class A (RBLX) [OP] SP None Capital Loss $100,001 -
$1,000,000
D          : 100 call options with a strike price of $100 and an expiration date of 1/20/23.
Russell Ranch LLC [OL] SP $5,000,001 -
$25,000,000
Partnership Loss $50,001 - $100,000
L       : Sacramento/Sacramento, CA, US
D          : Limited partner in undeveloped residential real estate investment.
Salesforce.com Inc (CRM) [ST] SP $5,000,001 -
$25,000,000
None
Stoneridge LLC [OL] SP $250,001 -
$500,000
Partnership Loss $5,001 - $15,000
L       : Sacramento/Sacramento, CA, US
D          : Limited partner in undeveloped residential real estate investment.
Tesla, Inc. (TSLA) [ST] SP $500,001 -
$1,000,000
None
Thirteen Hundred One Sansome LLC [OL] SP $5,000,001 -
$25,000,000
Partnership
Income, Rent
$100,001 -
$1,000,000
L       : San Francisco/San Francisco, CA, US
D          : General partner in 1301 Sansome Street office building.
Tripath Technology Inc. Common Stock [PS] SP $1 - $1,000 None
D          : Common stock not actively traded.
Asset Owner Value of Asset Income Type(s) Income Tx. >
$1,000?
U.S. Bank - Checking Account [BA] SP $1 - $1,000 None
D          : San Francisco, CA
U.S. Bank - Money Market Account [BA] SP $1 - $1,000 None
D          : San Francisco, CA
U.S. Bank - Pelosi Trust Checking Account [BA] SP $1 - $1,000 None
D          : San Francisco, CA
Visa Inc. (V) [ST] SP $1,000,001 -
$5,000,000
Dividends $15,001 - $50,000
Walt Disney Company (DIS) [ST] SP $500,001 -
$1,000,000
None
Warner Bros. Discovery, Inc. - Series A (WBD) [ST] SP $15,001 - $50,000 None
Wells Fargo Bank - Checking Account [BA] JT $100,001 -
$250,000
Interest $1 - $200
D          : San Francisco, CA
* For the complete list of asset type abbreviations, please visit https://fd.house.gov/reference/asset-type-codes.aspx.
S        B: T           
Asset Owner Date Tx.
Type
Amount Cap.
Gains >
$200?
Apple Inc. (AAPL) [ST] SP 03/17/2023 P $500,001 -
$1,000,000
D          : Exercised 100 call options purchased 5/13/22 (10,000 shares) at a strike price of $80 with an expiration date of 3/17/23.
Apple Inc. (AAPL) [ST] SP 05/8/2023 S
(partial)
$500,001 -
$1,000,000
D          : Contribution of 2,900 shares held personally to Trinity College.
Apple Inc. (AAPL) [ST] SP 06/15/2023 P $250,001 -
$500,000
D          : Exercised 50 call options purchased 5/24/22 (5,000 shares) at a strike price of $80 with an expiration date of 6/16/23.
Microsoft Corporation (MSFT) [ST] SP 06/15/2023 P $500,001 -
$1,000,000
Asset Owner Date Tx.
Type
Amount Cap.
Gains >
$200?
D          : Exercised 50 call options purchased 5/24/22 (5,000 shares) at a strike price of $180 with an expiration date of 6/16/23.
NVIDIA Corporation (NVDA) [OP] SP 11/22/2023 P $1,000,001 -
$5,000,000
D          : Purchased 50 call options with a strike price of $120 and an expiration date of 12/20/24.
REOF XXV, LLC [AB] SP 03/9/2023 P $500,001 -
$1,000,000
D          : Investment in LLC which is acquiring and restoring a luxury hotel property in San Francisco, CA.
Roblox Corporation Class A (RBLX) [OP] SP 01/20/2023 S $1.00
D          : 100 call options purchased 12/20/21 with a strike price of $100 and an expiration date of 1/20/23 expired with no value.
C       : 100 call options purchased 12/20/21 with a strike price of $100 and an expiration date of 1/20/23 expired with no value for a total
loss of $303,001.
* For the complete list of asset type abbreviations, please visit https://fd.house.gov/reference/asset-type-codes.aspx.
S        C: E      I     
Source Type Amount
Financial Leasing Services Spouse Salary N/A
45 Belden Corporation Spouse Management Fee N/A
Fairfield Associates Spouse Management Fee N/A
S        D: L          
Owner Creditor Date Incurred Type Amount of
Liability
JT Union Bank of California September 2016 Mortgage on 11 Zinfandel Lane, St. Helena,
CA
$5,000,001 -
$25,000,000
SP Union Bank of California December 2017 Mortgage on 45 Belden Place, San
Francisco, CA
$1,000,001 -
$5,000,000
SP Wells Fargo Bank June 2017 Mortgage on 25 Point Lobos Avenue, San
Francisco, CA
$1,000,001 -
$5,000,000
SP Union Bank of California July 2002 Equity Line of Credit on 11 Zinfandel Lane,
St. Helena, CA
$500,001 -
$1,000,000
SP City National Bank July 2011 Brokerage Collateral Loan $1,000,001 -
$5,000,000
JT Union Bank of California September 2007 Mortgage on 2640 Broadway, San $1,000,001 -
Owner Creditor Date Incurred Type Amount of
Liability
Francisco, CA $5,000,000
SP Bank of America November 2006 Mortgage on 3030 K Street, Washington,
DC
$1,000,001 -
$5,000,000
JT Union Bank of California December 2012 Equity Line of Credit on 2640 Broadway,
San Francisco, CA
$500,001 -
$1,000,000
SP City National Securities Ongoing Brokerage Margin Account $25,000,001 -
$50,000,000
S        E: P        
Position Name of Organization
CFO & Secretary The Paul & Nancy Pelosi Charitable Foundation
Congressional Advisory Board International Women's Democracy Center
Honorary Member Wheelchair Foundation
Distinguished Board Member National Organization of Italian American Women
S        F: A         
None disclosed.
S        G: G    
None disclosed.
S        H: T      P            R             
None disclosed.
S        I: P        M       C          L       H        
None disclosed.
E             S     , D        ,    T     I          
IPO: Did you purchase any shares that were allocated as a part of an Initial Public Offering?
 Yes  No
Trusts: Details regarding ""Qualified Blind Trusts"" approved by the Committee on Ethics and certain other ""excepted trusts"" need not be
disclosed. Have you excluded from this report details of such a trust benefiting you, your spouse, or dependent child?
 Yes  No
Exemption: Have you excluded from this report any other assets, ""unearned"" income, transactions, or liabilities of a spouse or dependent
child because they meet all three tests for exemption?
 Yes  No
C                 S        
 I CERTIFY that the statements I have made on the attached Financial Disclosure Report are true, complete, and correct to the best of
my knowledge and belief.
Digitally Signed: Hon. Nancy Pelosi , 05/15/2024"
O,2024,10066169,14509,"F         D          R     
Clerk of the House of Representatives • Legislative Resource Center • B81 Cannon Building • Washington, DC 20515
F     I          
Name: Hon. Nancy Pelosi
Status: Member
State/District: CA11
F      I          
Filing Type: Annual Report
Filing Year: 2024
Filing Date: 05/15/2025
S        A: A          ""U       "" I     
Asset Owner Value of Asset Income Type(s) Income Tx. >
$1,000?
11 Zinfandel Lane - Home & Vineyard [RP] JT $5,000,001 -
$25,000,000
Grape Sales $100,001 -
$1,000,000
L       : St. Helena/Napa, CA, US
25 Point Lobos - Commercial Property [RP] SP $5,000,001 -
$25,000,000
Rent $100,001 -
$1,000,000
L       : San Francisco/San Francisco, CA, US
45 Belden Place - Four Story Commercial Building
[RP]
SP $5,000,001 -
$25,000,000
Rent $100,001 -
$1,000,000
L       : San Francisco/San Francisco, CA, US
AllianceBernstein Holding L.P. Units (AB) [OL] SP $1,000,001 -
$5,000,000
Partnership
Income
$100,001 -
$1,000,000
L       : New York, NY, US
D          : Limited partnership in a global asset management firm providing investment management and research services worldwide to
institutional, high-net-worth and retail investors.
Alphabet Inc. - Class A (GOOGL) [ST] SP $5,000,001 -
$25,000,000
Dividends $15,001 - $50,000
Amazon.com, Inc. (AMZN) [ST] SP $5,000,001 -
$25,000,000
None
Filing ID #10066169
Asset Owner Value of Asset Income Type(s) Income Tx. >
$1,000?
American Express Company (AXP) [ST] SP $1,000,001 -
$5,000,000
Dividends $5,001 - $15,000
Apple Inc. (AAPL) [ST] SP $25,000,001 -
$50,000,000
Capital Gains,
Dividends
Over $5,000,000
Aristotle LLC [OL] SP $15,001 - $50,000 None
L       : San Francisco/San Francisco, CA, US
D          : Limited partnership investment in Aristotle Publishing, Inc.
AT&T Inc. (T) [ST] SP $100,001 -
$250,000
Dividends $5,001 - $15,000
Auberge du Soleil [OL] SP $5,000,001 -
$25,000,000
Partnership Loss $100,001 -
$1,000,000
L       : Rutherford/Napa, CA, US
D          : Limited partnership investment in resort hotel.
Bank of America - Checking Account [BA] SP $1,001 - $15,000 None
D          : San Francisco, CA
Bank of America - Checking Account [BA] JT $1,001 - $15,000 None
D          : San Francisco, CA
Bank of America - Checking Account [BA] SP $1,001 - $15,000 None
D          : Washington, DC
Block, Inc. Class A Common Stock, (SQ) [ST] SP $250,001 -
$500,000
None
Borel Real Estate Company [OL] SP $15,001 - $50,000 Partnership Loss,
Rent
$1 - $200
L       : San Mateo/San Mateo, CA, US
D          : Limited partnership interest in shopping center.
Broadcom Inc. - Common Stock (AVGO) [OP] SP $1,000,001 -
$5,000,000
None
D          : 200 call options with a strike price of $80 and an expiration date of 6/20/25.
City Car Services LLC [OL] SP $50,001 -
$100,000
None
L       : Hingham/Plymouth, MA, US
D          : Limited partnership investment in limousine company.
Asset Owner Value of Asset Income Type(s) Income Tx. >
$1,000?
City National Bank - Checking Account [BA] SP $100,001 -
$250,000
Interest $1 - $200
D          : San Francisco, CA
City National Securities - Brokerage Money Market
Account [BA]
SP $1,001 - $15,000 Interest $201 - $1,000
Clean Energy Fuels Corp. (CLNE) [ST] SP $1,001 - $15,000 None
Comcast Corporation - Class A (CMCSA) [ST] SP $500,001 -
$1,000,000
Dividends $15,001 - $50,000
Congressional Credit Union - Checking Account [BA] $50,001 -
$100,000
None
D          : Washington, DC
CrowdStrike Holdings, Inc. - Class A (CRWD) [ST] SP $1,000,001 -
$5,000,000
None
Dropbox, Inc. - Class A (DBX) [ST] SP $250,001 -
$500,000
None
EDI Associates [OL] SP $250,001 -
$500,000
Partnership Loss $2,501 - $5,000
L       : Sonoma/Sonoma, CA, US
D          : Limited partnership investment in El Dorado Hotel.
Financial Leasing Services [OL] SP $100,001 -
$250,000
None
L       : San Francisco/San Francisco, CA, US
D          : Investment consulting company.
Forge Investments, LLC [AB] SP $1,000,001 -
$5,000,000
None
D          : Investment in fund that owns Databricks stock. Databricks is a San Francisco engineering and analytic software company based on
AI technology.
Forty-Five Belden Corporation [OL] SP $1,000,001 -
$5,000,000
Partnership Loss $50,001 - $100,000
L       : San Francisco/San Francisco, CA, US
D          : Investment management company.
Global Ambassador Concierge LLC [OL] SP $15,001 - $50,000 None
L       : Washington, DC, US
Asset Owner Value of Asset Income Type(s) Income Tx. >
$1,000?
D          : Limited partnership interest in concierge services for international travelers.
Interactive Brokers Group, Inc. (IBKR) [ST] SP $250,001 -
$500,000
Dividends $1,001 - $2,500
Matthews International Mutual Fund [MF] SP $15,001 - $50,000 Dividends $201 - $1,000
Microsoft Corporation (MSFT) [ST] SP $5,000,001 -
$25,000,000
Capital Gains,
Dividends
$1,000,001 -
$5,000,000
Morningstar, Inc. (MORN) [ST] SP $250,001 -
$500,000
Dividends $1,001 - $2,500
Nautilus Leasing Services [OL] SP $50,001 -
$100,000
None
L       : San Francisco/San Francisco, CA, US
D          : Container leasing company.
Netflix, Inc. (NFLX) [ST] SP $1,000,001 -
$5,000,000
None
Nine Forty Five Battery LLC [OL] SP $5,000,001 -
$25,000,000
Partnership
Income
$1,000,001 -
$5,000,000
L       : San Francisco/San Francisco, CA, US
D          : General partner in 945 Battery Street office building.
NVIDIA [OP] SP None None
D          : 50 call options with a strike price of $120 and an expiration date of 12/20/24.
NVIDIA Corporation - Common Stock (NVDA) [ST] SP $5,000,001 -
$25,000,000
Capital Gains,
Dividends
$100,001 -
$1,000,000
Palo Alto Networks, Inc. - Common Stock (PANW)
[ST]
SP $1,000,001 -
$5,000,000
None
PayPal Holdings, Inc. (PYPL) [ST] SP $250,001 -
$500,000
None
Piatti Restaurant Company [OL] SP $1,000,001 -
$5,000,000
Partnership Loss $15,001 - $50,000
L       : Tiburon/Marin, CA, US
D          : Limited partnership investment in restaurant company.
QUALCOMM Incorporated (QCOM) [ST] SP $15,001 - $50,000 Dividends $201 - $1,000
Asset Owner Value of Asset Income Type(s) Income Tx. >
$1,000?
REOF XX, LLC [AB] SP $250,001 -
$500,000
Partnership Loss $15,001 - $50,000
D          : Investment in LLC which acquired five Courtyard Marriott hotels located in Fairfax, VA (one), suburban Baltimore, MD (two), and
San Antonio, TX (two).
REOF XXI, LLC [AB] SP $100,001 -
$250,000
Partnership Loss $15,001 - $50,000
D          : Investment in LLC which is acquiring three unique office buildings with a common address of 222 Kearny Street in San Francisco,
CA.
REOF XXII, LLC [AB] SP $100,001 -
$250,000
Partnership
Income
$1,001 - $2,500
D          : Investment in LLC which is acquiring eleven Marriott-branded hotels (Rogers, AR - 1, Phoenix, AZ - 1, Lakeland, FL -1, Albany, GA
- 1, Andover, MA - 1, Fayetteville, NC - 1, Greenville, SC - 1, Johnson City, TN - 1, Beaumont, TX - 1, Richmond, VA - 1, Vancouver, WA - 1) and
nine Hilton-branded hotels (Montgomery, AL -2, Schaumberg, IL -1, Jackson, TN - 1, Allen, TX -2, Burleson, TX - 1, El Paso, TX - 1, Irving, TX -
1).
REOF XXV, LLC [AB] SP $250,001 -
$500,000
Partnership Loss $15,001 - $50,000
D          : Investment in LLC which is acquiring and restoring a luxury hotel property in San Francisco, CA.
REOF XXVI, LLC [AB] SP $250,001 -
$500,000
Partnership Loss $5,001 - $15,000
D          : Investment in LLC which is acquiring and managing a commercial office property at 631 Howard Street in San Francisco, CA.
Roblox Corporation Class A (RBLX) [ST] SP $250,001 -
$500,000
None
Russell Ranch LLC [OL] SP $5,000,001 -
$25,000,000
Partnership
Income
$1,000,001 -
$5,000,000
L       : Sacramento/Sacramento, CA, US
D          : Limited partner in undeveloped residential real estate investment.
Salesforce.com Inc (CRM) [ST] SP $5,000,001 -
$25,000,000
Dividends $15,001 - $50,000
Stoneridge LLC [OL] SP $250,001 -
$500,000
Partnership Loss $1,001 - $2,500
L       : Sacramento/Sacramento, CA, US
D          : Limited partner in undeveloped residential real estate investment.
Tesla, Inc. (TSLA) [ST] SP None Capital Loss $100,001 -
$1,000,000
Asset Owner Value of Asset Income Type(s) Income Tx. >
$1,000?
The Art of Power Book Contract [IP] Undetermined None
D          : The Art of Power published by Simon & Schuster.
Thirteen Hundred One Sansome LLC [OL] SP $5,000,001 -
$25,000,000
Partnership Loss,
Rent
$201 - $1,000
L       : San Francisco/San Francisco, CA, US
D          : General partner in 1301 Sansome Street office building.
Tripath Technology Inc. Common Stock [PS] SP $1 - $1,000 None
D          : Common stock not actively traded.
U.S. Bank - Checking Account [BA] SP $1 - $1,000 None
D          : San Francisco, CA
U.S. Bank - Money Market Account [BA] SP None None
D          : San Francisco, CA
U.S. Bank - Pelosi Trust Checking Account [BA] SP $1 - $1,000 Interest $1 - $200
D          : San Francisco, CA
Visa Inc. (V) [ST] SP $1,000,001 -
$5,000,000
Capital Gains,
Dividends
$100,001 -
$1,000,000
Walt Disney Company (DIS) [ST] SP $1,000,001 -
$5,000,000
Dividends $5,001 - $15,000
Warner Bros. Discovery, Inc. - Series A (WBD) [ST] SP $15,001 - $50,000 None
Wells Fargo Bank - Checking Account [BA] JT $1,001 - $15,000 Interest $1 - $200
D          : San Francisco, CA
* For the complete list of asset type abbreviations, please visit https://fd.house.gov/reference/asset-type-codes.aspx.
S        B: T           
Asset Owner Date Tx.
Type
Amount Cap.
Gains >
$200?
Palo Alto Networks, Inc. (PANW) [OP] SP 02/12/2024 P $500,001 -
$1,000,000
D          : Purchased 50 call options with a strike price of $200 and an expiration date of 1/17/25.
Asset Owner Date Tx.
Type
Amount Cap.
Gains >
$200?
Palo Alto Networks, Inc. (PANW) [OP] SP 02/21/2024 P $100,001 -
$250,000
D          : Purchased 20 call options with a strike price of $200 and an expiration date of 1/17/25.
Forge Investments, LLC [AB] SP 03/04/2024 P $1,000,001 -
$5,000,000
D          : Investment in fund that owns Databricks stock. Databricks is a San Francisco engineering and analytic software company based on
AI technology.
Broadcom Inc. - Common Stock (AVGO) [OP] SP 06/24/2024 P $1,000,001 -
$5,000,000
D          : Purchased 20 call options with a strike price of $800 and an expiration date of 6/20/25.
Tesla, Inc. - Common Stock (TSLA) [ST] SP 06/24/2024 S $250,001 -
$500,000
D          : Sold 2,500 shares.
NVIDIA Corporation - Common Stock (NVDA) [ST] SP 06/26/2024 P $1,000,001 -
$5,000,000
D          : Purchased 10,000 shares.
Visa Inc. (V) [ST] SP 07/01/2024 S
(partial)
$500,001 -
$1,000,000
D          : Sold 2,000 shares.
Microsoft Corporation - Common Stock (MSFT) [ST] SP 07/26/2024 S
(partial)
$1,000,001 -
$5,000,000
D          : Sold 5,000 shares.
NVIDIA Corporation - Common Stock (NVDA) [ST] SP 07/26/2024 P $1,000,001 -
$5,000,000
D          : Purchased 10,000 shares.
REOF XXVI, LLC [AB] SP 08/13/2024 P $250,001 -
$500,000
D          : Investment in LLC which is acquiring and managing a commercial office property at 631 Howard Street in San Francisco, CA.
Palo Alto Networks, Inc. (PANW) [ST] SP 12/20/2024 P $1,000,001 -
$5,000,000
D          : Exercised 140 call options purchased 2/12/24 & 2/21/24 (14,000 shares) at a strike price of $100 with an expiration date of
12/20/24.
NVIDIA Corporation - Common Stock (NVDA) [ST] SP 12/20/2024 P $500,001 -
$1,000,000
D          : Exercised 500 call options purchased 11/22/23 (50,000 shares) at a strike price of $12 with an expiration date of 12/20/24.
Asset Owner Date Tx.
Type
Amount Cap.
Gains >
$200? 5 p p / / 3 5 p p / / 4
Apple Inc. - Common Stock (AAPL) [ST] SP 12/31/2024 S
(partial)
$5,000,001 -
$25,000,000
D          : Sold 31,600 shares.
NVIDIA Corporation - Common Stock (NVDA) [ST] SP 12/31/2024 S
(partial)
$1,000,001 -
$5,000,000
D          : Sold 10,000 shares.
* For the complete list of asset type abbreviations, please visit https://fd.house.gov/reference/asset-type-codes.aspx.
S        C: E      I     
Source Type Amount
Financial Leasing Services Spouse Salary N/A
45 Belden Corporation Spouse Management Fee N/A
Fairfield Associates Spouse Management Fee N/A
S        D: L          
Owner Creditor Date Incurred Type Amount of
Liability
JT Union Bank of California September 2016 Mortgage on 11 Zinfandel Lane, St. Helena,
CA
$5,000,001 -
$25,000,000
SP Union Bank of California December 2017 Mortgage on 45 Belden Place, San
Francisco, CA
$1,000,001 -
$5,000,000
SP Wells Fargo Bank June 2017 Mortgage on 25 Point Lobos Avenue, San
Francisco, CA
$1,000,001 -
$5,000,000
SP Union Bank of California July 2002 Equity Line of Credit on 11 Zinfandel Lane,
St. Helena, CA
$500,001 -
$1,000,000
SP City National Bank July 2011 Brokerage Collateral Loan $1,000,001 -
$5,000,000
JT Union Bank of California September 2007 Mortgage on 2640 Broadway, San
Francisco, CA
$1,000,001 -
$5,000,000
SP Bank of America November 2006 Mortgage on 3030 K Street, Washington,
DC
$1,000,001 -
$5,000,000
JT Union Bank of California December 2012 Equity Line of Credit on 2640 Broadway,
San Francisco, CA
$500,001 -
$1,000,000
SP City National Securities Ongoing Brokerage Margin Account $25,000,001 -
$50,000,000
S        E: P        
Position Name of Organization
CFO & Secretary The Paul & Nancy Pelosi Charitable Foundation
Congressional Advisory Board International Women's Democracy Center
Honorary Member Wheelchair Foundation
Distinguished Board Member National Organization of Italian American Women
Advisory Council Member Munich Security Conference
S        F: A         
None disclosed.
S        G: G    
None disclosed.
S        H: T      P            R             
None disclosed.
S        I: P        M       C          L       H        
None disclosed.
E             S     , D        ,    T     I          
IPO: Did you purchase any shares that were allocated as a part of an Initial Public Offering?
 Yes  No
Trusts: Details regarding ""Qualified Blind Trusts"" approved by the Committee on Ethics and certain other ""excepted trusts"" need not be
disclosed. Have you excluded from this report details of such a trust benefiting you, your spouse, or dependent child?
 Yes  No
Exemption: Have you excluded from this report any other assets, ""unearned"" income, transactions, or liabilities of a spouse or dependent
child because they meet all three tests for exemption?
 Yes  No
C                 S        
 I CERTIFY that the statements I have made on the attached Financial Disclosure Report are true, complete, and correct to the best of
my knowledge and belief.
Digitally Signed: Hon. Nancy Pelosi , 05/15/2025"
O,2025,10075701,16731,"F         D          R     
Clerk of the House of Representatives • Legislative Resource Center • B81 Cannon Building • Washington, DC 20515
F     I          
Name: Hon. Nancy Pelosi
Status: Member
State/District: CA11
F      I          
Filing Type: Annual Report
Filing Year: 2025
Filing Date: 05/15/2026
S        A: A          ""U       "" I     
Asset Owner Value of Asset Income Type(s) Income Tx. >
$1,000?
11 Zinfandel Lane - Home & Vineyard [RP] JT $5,000,001 -
$25,000,000
Grape Sales $100,001 -
$1,000,000
L       : St. Helena/Napa, CA, US
25 Point Lobos - Commercial Property [RP] SP $5,000,001 -
$25,000,000
Rent $100,001 -
$1,000,000
L       : San Francisco/San Francisco, CA, US
45 Belden Place - Four Story Commercial Building
[RP]
SP $5,000,001 -
$25,000,000
Rent $100,001 -
$1,000,000
L       : San Francisco/San Francisco, CA, US
AllianceBernstein Holding L.P. Units (AB) [OL] SP $1,000,001 -
$5,000,000
Partnership
Income
$50,001 - $100,000
L       : New York, NY, US
D          : Limited partnership in a global asset management firm providing investment management and research services worldwide to
institutional, high-net-worth and retail investors.
Alphabet Inc. - Class A (GOOGL) [ST] SP $5,000,001 -
$25,000,000
Dividends $50,001 - $100,000
Alphabet Inc. - Class A Common Stock (GOOGL)
[OP]
SP $1,000,001 -
$5,000,000
None
D          : 50 call options with a strike price of $150 and an expiration date of 1/16/26 and 20 call options with a strike price of $150 and an
Filing ID #10075701
Asset Owner Value of Asset Income Type(s) Income Tx. >
$1,000?
expiration date of 1/15/27.
Amazon.com, Inc. (AMZN) [ST] SP $5,000,001 -
$25,000,000
Capital Gains $1,000,001 -
$5,000,000
Amazon.com, Inc. - Common Stock (AMZN) [OP] SP $500,001 -
$1,000,000
None
D          : 50 call options with a strike price of $150 and an expiration date of 1/16/26 and 20 call options with a strike price of $120 and an
expiration date of 1/15/27.
American Express Company (AXP) [ST] SP $1,000,001 -
$5,000,000
Dividends $15,001 - $50,000
Apple Inc. (AAPL) [ST] SP $5,000,001 -
$25,000,000
Capital Gains,
Dividends
Over $5,000,000
Apple Inc. - Common Stock (AAPL) [OP] SP $250,001 -
$500,000
None
D          : 20 call options with a strike price of $100 and an expiration date of 1/15/27.
Aristotle LLC [OL] SP $15,001 - $50,000 None
L       : San Francisco/San Francisco, CA, US
D          : Limited partnership investment in Aristotle Publishing, Inc.
AT&T Inc. (T) [ST] SP $100,001 -
$250,000
Dividends $5,001 - $15,000
Auberge du Soleil [OL] SP $5,000,001 -
$25,000,000
Partnership Loss $2,501 - $5,000
L       : Rutherford/Napa, CA, US
D          : Limited partnership investment in resort hotel.
Bank of America - Checking Account [BA] SP $1,001 - $15,000 None
D          : San Francisco, CA
Bank of America - Checking Account [BA] JT $1,001 - $15,000 None
D          : San Francisco, CA
Bank of America - Checking Account [BA] SP None None
D          : Washington, DC
Block, Inc. Class A Common Stock, (SQ) [ST] SP $250,001 -
$500,000
None
Asset Owner Value of Asset Income Type(s) Income Tx. >
$1,000?
Borel Real Estate Company [OL] SP $15,001 - $50,000 Partnership
Income, Rent
$1,001 - $2,500
L       : San Mateo/San Mateo, CA, US
D          : Limited partnership interest in shopping center.
Broadcom Inc. - Common Stock (AVGO) [ST] SP $5,000,001 -
$25,000,000
Dividends $15,001 - $50,000
Broadcom Inc. - Common Stock (AVGO) [OP] SP None None
D          : 200 call options with a strike price of $80 and an expiration date of 6/20/25.
City Car Services LLC [OL] SP $50,001 -
$100,000
None
L       : Hingham/Plymouth, MA, US
D          : Limited partnership investment in limousine company.
City National Bank - Checking Account [BA] SP None Interest $1 - $200
D          : San Francisco, CA
City National Securities - Brokerage Money Market
Account [BA]
SP None Interest $1 - $200
Clean Energy Fuels Corp. (CLNE) [ST] SP $1,001 - $15,000 None
Comcast Corporation - Class A (CMCSA) [ST] SP $500,001 -
$1,000,000
Dividends $15,001 - $50,000
Congressional Credit Union - Checking Account [BA] $250,001 -
$500,000
None
D          : Washington, DC
CrowdStrike Holdings, Inc. - Class A (CRWD) [ST] SP $1,000,001 -
$5,000,000
None
Dropbox, Inc. - Class A (DBX) [ST] SP $250,001 -
$500,000
None
EDI Associates [OL] SP $250,001 -
$500,000
Partnership
Income
$5,001 - $15,000
L       : Sonoma/Sonoma, CA, US
D          : Limited partnership investment in El Dorado Hotel.
Financial Leasing Services [OL] SP $100,001 - None
Asset Owner Value of Asset Income Type(s) Income Tx. >
$1,000?
$250,000
L       : San Francisco/San Francisco, CA, US
D          : Investment consulting company.
Forge Investments, LLC [AB] SP $1,000,001 -
$5,000,000
None
D          : Investment in fund that owns Databricks stock. Databricks is a San Francisco engineering and analytic software company based on
AI technology.
Forty-Five Belden Corporation [OL] SP $1,000,001 -
$5,000,000
Partnership Loss $50,001 - $100,000
L       : San Francisco/San Francisco, CA, US
D          : Investment management company.
Global Ambassador Concierge LLC [OL] SP $15,001 - $50,000 None
L       : Washington, DC, US
D          : Limited partnership interest in concierge services for international travelers.
Heritage Bank - Checking Account [BA] SP $15,001 - $50,000 Interest $1 - $200
Interactive Brokers Group, Inc. (IBKR) [ST] SP $500,001 -
$1,000,000
Dividends $2,501 - $5,000
Matthews International Mutual Fund [MF] SP None Capital Loss $15,001 - $50,000
Microsoft Corporation (MSFT) [ST] SP $5,000,001 -
$25,000,000
Dividends $50,001 - $100,000
Morningstar, Inc. (MORN) [ST] SP $100,001 -
$250,000
Dividends $1,001 - $2,500
Nautilus Leasing Services [OL] SP $50,001 -
$100,000
None
L       : San Francisco/San Francisco, CA, US
D          : Container leasing company.
Netflix, Inc. (NFLX) [ST] SP $1,000,001 -
$5,000,000
None
Nine Forty Five Battery LLC [OL] SP $5,000,001 -
$25,000,000
Partnership
Income
$1,000,001 -
$5,000,000
L       : San Francisco/San Francisco, CA, US
D          : General partner in 945 Battery Street office building.
Asset Owner Value of Asset Income Type(s) Income Tx. >
$1,000?
NVIDIA Corporation - Common Stock (NVDA) [ST] SP $5,000,001 -
$25,000,000
Capital Gains,
Dividends
$1,000,001 -
$5,000,000
NVIDIA Corporation - Common Stock (NVDA) [OP] SP $500,001 -
$1,000,000
None
D          : 50 call options with a strike price of $80 and an expiration date of 1/16/26 and 20 call options with a strike price of $100 and an
expiration date of 1/15/27.
Palo Alto Networks, Inc. - Common Stock (PANW)
[ST]
SP $1,000,001 -
$5,000,000
None
PayPal Holdings, Inc. (PYPL) [ST] SP None Dividends, Capital
Loss
$100,001 -
$1,000,000
Piatti Restaurant Company [OL] SP $1,000,001 -
$5,000,000
Partnership Loss $50,001 - $100,000
L       : Tiburon/Marin, CA, US
D          : Limited partnership investment in restaurant company.
QUALCOMM Incorporated (QCOM) [ST] SP $15,001 - $50,000 Dividends $201 - $1,000
REOF XX, LLC [AB] SP $100,001 -
$250,000
Partnership Loss $15,001 - $50,000
D          : Investment in LLC which acquired five Courtyard Marriott hotels located in Fairfax, VA (one), suburban Baltimore, MD (two), and
San Antonio, TX (two).
REOF XXI, LLC [AB] SP $100,001 -
$250,000
Partnership Loss $100,001 -
$1,000,000
D          : Investment in LLC which is acquiring three unique office buildings with a common address of 222 Kearny Street in San Francisco,
CA.
REOF XXII, LLC [AB] SP $100,001 -
$250,000
Partnership Loss $5,001 - $15,000
D          : Investment in LLC which is acquiring eleven Marriott-branded hotels (Rogers, AR - 1, Phoenix, AZ - 1, Lakeland, FL -1, Albany, GA
- 1, Andover, MA - 1, Fayetteville, NC - 1, Greenville, SC - 1, Johnson City, TN - 1, Beaumont, TX - 1, Richmond, VA - 1, Vancouver, WA - 1) and
nine Hilton-branded hotels (Montgomery, AL -2, Schaumberg, IL -1, Jackson, TN - 1, Allen, TX -2, Burleson, TX - 1, El Paso, TX - 1, Irving, TX -
1).
REOF XXV, LLC [AB] SP $500,001 -
$1,000,000
None
D          : Investment in LLC which is acquiring and restoring a luxury hotel property in San Francisco, CA.
REOF XXVI, LLC [AB] SP $250,001 -
$500,000
Partnership
Income
$15,001 - $50,000
D          : Investment in LLC which is acquiring and managing a commercial office property at 631 Howard Street in San Francisco, CA.
Asset Owner Value of Asset Income Type(s) Income Tx. >
$1,000?
Roblox Corporation Class A (RBLX) [ST] SP $250,001 -
$500,000
None
Russell Ranch LLC [OL] SP $1,000,001 -
$5,000,000
Partnership Loss $2,501 - $5,000
L       : Sacramento/Sacramento, CA, US
D          : Limited partner in undeveloped residential real estate investment.
Salesforce.com Inc (CRM) [ST] SP $5,000,001 -
$25,000,000
Dividends $15,001 - $50,000
Stoneridge LLC [OL] SP $250,001 -
$500,000
Partnership Loss $201 - $1,000
L       : Sacramento/Sacramento, CA, US
D          : Limited partner in undeveloped residential real estate investment.
Tempus AI, Inc. - Class A Common Stock (TEM)
[OP]
SP $100,001 -
$250,000
None
D          : 50 call options with a strike price of $20 and an expiration date of 1/16/26.
The Art of Power Book Contract [IP] Undetermined Royalties $100,001 -
$1,000,000
D          : The Art of Power published by Simon & Schuster.
Thirteen Hundred One Sansome LLC [OL] SP $5,000,001 -
$25,000,000
Partnership Loss,
Rent
$15,001 - $50,000
L       : San Francisco/San Francisco, CA, US
D          : General partner in 1301 Sansome Street office building.
Tripath Technology Inc. Common Stock [PS] SP $1 - $1,000 None
D          : Common stock not actively traded.
U.S. Bank - Checking Account [BA] SP $1,001 - $15,000 None
D          : San Francisco, CA
U.S. Bank - Pelosi Trust Checking Account [BA] SP $1 - $1,000 Interest $1 - $200
D          : San Francisco, CA
Visa Inc. (V) [ST] SP $5,000,001 -
$25,000,000
Dividends $15,001 - $50,000
Vistra Corp. Common Stock (VST) [OP] SP $500,001 -
$1,000,000
None
Asset Owner Value of Asset Income Type(s) Income Tx. >
$1,000?
D          : 50 call options with a strike price of $50 and an expiration date of 1/16/26.
Walt Disney Company (DIS) [ST] SP None Dividends, Capital
Loss
$100,001 -
$1,000,000
Warner Bros. Discovery, Inc. - Series A (WBD) [ST] SP $50,001 -
$100,000
None
Wells Fargo Bank - Checking Account [BA] JT $15,001 - $50,000 None
D          : San Francisco, CA
* For the complete list of asset type abbreviations, please visit https://fd.house.gov/reference/asset-type-codes.aspx.
S        B: T           
Asset Owner Date Tx.
Type
Amount Cap.
Gains >
$200?
Vistra Corp. Common Stock (VST) [OP] SP 01/14/2025 P $500,001 -
$1,000,000
D          : Purchased 50 call options with a strike price of $50 and an expiration date of 1/16/26.
Tempus AI, Inc. - Class A Common Stock (TEM) [OP] SP 01/14/2025 P $50,001 -
$100,000
D          : Purchased 50 call options with a strike price of $20 and an expiration date of 1/16/26.
Amazon.com, Inc. - Common Stock (AMZN) [OP] SP 01/14/2025 P $250,001 -
$500,000
D          : Purchased 50 call options with a strike price of $150 and an expiration date of 1/16/26.
Alphabet Inc. - Class A Common Stock (GOOGL) [OP] SP 01/14/2025 P $250,001 -
$500,000
D          : Purchased 50 call options with a strike price of $150 and an expiration date of 1/16/26.
NVIDIA Corporation - Common Stock (NVDA) [OP] SP 01/14/2025 P $250,001 -
$500,000
D          : Purchased 50 call options with a strike price of $80 and an expiration date of 1/16/26.
Matthews International Mutual Fund [OT] SP 06/20/2025 S $15,001 - $50,000
L       : US
D          : Sale of 2,822 units.
C       : Loss of $28,948 on sale.
Broadcom Inc. - Common Stock (AVGO) [ST] SP 06/20/2025 P $1,000,001 -
$5,000,000
Asset Owner Date Tx.
Type
Amount Cap.
Gains >
$200?
D          : Exercised 200 call options purchased 6/24/24 (20,000 shares) at a strike price of $80 with an expiration date of 6/20/25.
Apple Inc. - Common Stock (AAPL) [ST] SP 10/22/2025 S
(partial)
$100,001 -
$250,000
D          : Contribution of 382 shares held personally to Trinity University in Washington, DC.
Apple Inc. - Common Stock (AAPL) [ST] SP 12/24/2025 S
(partial)
$5,000,001 -
$25,000,000
D          : Sold 45,000 shares.
NVIDIA Corporation - Common Stock (NVDA) [ST] SP 12/24/2025 S
(partial)
$1,000,001 -
$5,000,000
D          : Sold 20,000 shares.
Amazon.com, Inc. - Common Stock (AMZN) [ST] SP 12/24/2025 S
(partial)
$1,000,001 -
$5,000,000
D          : Sold 20,000 shares.
Walt Disney Company (DIS) [ST] SP 12/30/2025 S $1,000,001 -
$5,000,000
D          : Sold 10,000 shares.
PayPal Holdings, Inc. - Common Stock (PYPL) [ST] SP 12/30/2025 S $250,001 -
$500,000
D          : Sold 5,000 shares.
Alphabet Inc. - Class A Common Stock (GOOGL) [ST] SP 12/30/2025 S
(partial)
$1,000,001 -
$5,000,000
D          : Contribution of 7,704 shares held personally to Donor-Advised Fund.
Apple Inc. - Common Stock (AAPL) [ST] SP 12/30/2025 S
(partial)
$5,000,001 -
$25,000,000
D          : Contribution of 28,200 shares to Donor-Advised Fund.
NVIDIA Corporation - Common Stock (NVDA) [OP] SP 12/30/2025 P $100,001 -
$250,000
D          : Purchased 20 call options with a strike price of $100 and an expiration date of 1/15/27.
Amazon.com, Inc. - Common Stock (AMZN) [OP] SP 12/30/2025 P $100,001 -
$250,000
D          : Purchased 20 call options with a strike price of $120 and an expiration date of 1/15/27.
Apple Inc. - Common Stock (AAPL) [OP] SP 12/30/2025 P $250,001 -
$500,000
Asset Owner Date Tx.
Type
Amount Cap.
Gains >
$200?
D          : Purchased 20 call options with a strike price of $100 and an expiration date of 1/15/27.
Alphabet Inc. - Class A Common Stock (GOOGL) [OP] SP 12/30/2025 P $250,001 -
$500,000
D          : Purchased 20 call options with a strike price of $150 and an expiration date of 1/15/27.
* For the complete list of asset type abbreviations, please visit https://fd.house.gov/reference/asset-type-codes.aspx.
S        C: E      I     
Source Type Amount
Financial Leasing Services Spouse Salary N/A
45 Belden Corporation Spouse Management Fee N/A
Fairfield Associates Spouse Management Fee N/A
S        D: L          
Owner Creditor Date Incurred Type Amount of
Liability
JT Union Bank of California September 2016 Mortgage on 11 Zinfandel Lane, St. Helena,
CA
$5,000,001 -
$25,000,000
SP Union Bank of California December 2017 Mortgage on 45 Belden Place, San
Francisco, CA
$1,000,001 -
$5,000,000
SP Wells Fargo Bank June 2017 Mortgage on 25 Point Lobos Avenue, San
Francisco, CA
$1,000,001 -
$5,000,000
SP Union Bank of California July 2002 Equity Line of Credit on 11 Zinfandel Lane,
St. Helena, CA
$500,001 -
$1,000,000
SP City National Bank July 2011 Brokerage Collateral Loan $1,000,001 -
$5,000,000
JT Union Bank of California September 2007 Mortgage on 2640 Broadway, San
Francisco, CA
$1,000,001 -
$5,000,000
SP Bank of America November 2006 Mortgage on 3030 K Street, Washington,
DC
$1,000,001 -
$5,000,000
JT Union Bank of California December 2012 Equity Line of Credit on 2640 Broadway,
San Francisco, CA
$500,001 -
$1,000,000
SP City National Securities Ongoing Brokerage Margin Account $25,000,001 -
$50,000,000
SP Heritage Bank June 2025 Revolving Line of Credit $250,001 -
Owner Creditor Date Incurred Type Amount of
Liability
$500,000
SP Charles Schwab & Company May
2025/Ongoing
Brokerage Margin Account $25,000,001 -
$50,000,000
S        E: P        
Position Name of Organization
CFO & Secretary The Paul & Nancy Pelosi Charitable Foundation
Congressional Advisory Board International Women's Democracy Center
Distinguished Board Member National Organization of Italian American Women
Advisory Council Member Munich Security Conference
S        F: A         
None disclosed.
S        G: G    
None disclosed.
S        H: T      P            R             
None disclosed.
S        I: P        M       C          L       H        
None disclosed.
E             S     , D        ,    T     I          
IPO: Did you purchase any shares that were allocated as a part of an Initial Public Offering?
 Yes  No
Trusts: Details regarding ""Qualified Blind Trusts"" approved by the Committee on Ethics and certain other ""excepted trusts"" need not be
disclosed. Have you excluded from this report details of such a trust benefiting you, your spouse, or dependent child?
 Yes  No
Exemption: Have you excluded from this report any other assets, ""unearned"" income, transactions, or liabilities of a spouse or dependent
child because they meet all three tests for exemption?
 Yes  No
C                 S        
 I CERTIFY that the statements I have made on the attached Financial Disclosure Report are true, complete, and correct to the best of
my knowledge and belief.
Digitally Signed: Hon. Nancy Pelosi , 05/15/2026"
X,2019,30010482,981,"F
iNaNciaL  D iscLOsuRE  E xTENsiON R
EquEsT Clerk of the House of Re
presentatives • Legislative Resource Center • B-106 Cannon Building • Washington, DC 20515House Members, officers, or employees who 
are required to file a Financial Disclosure Statement (FD) under the Ethics inGovernment Act are pe
rmitted by federal law to request an extension of up to 90 days. Filers may request an extension for their FD byfiling this form 
on or before  the applicable filing deadline. An FD filed under such an extension is not considered late. However, bylaw, an individual who files a report mo
re than 30 days after it is due without having received an extension must pay a $200 latefiling fee.
F
iLER  i NFORmaTiON Name:
Hon. Nancy Pelosi status:
Member state/District:
CA12 E
xTENsiON  R EquEsT  D ETaiLs Request Date:
04/15/2020 Extension Length:
90 days New Due Date:
08/13/2020 Report Type Due:
Original Report Filing Year:
2019 Original Due Date:
05/15/2020 Filing ID #30010482
"
X,2020,30013923,981,"F
iNaNciaL  D iscLOsuRE  E xTENsiON R
EquEsT Clerk of the House of Re
presentatives • Legislative Resource Center • B-106 Cannon Building • Washington, DC 20515House Members, officers, or employees who 
are required to file a Financial Disclosure Statement (FD) under the Ethics inGovernment Act are pe
rmitted by federal law to request an extension of up to 90 days. Filers may request an extension for their FD byfiling this form 
on or before  the applicable filing deadline. An FD filed under such an extension is not considered late. However, bylaw, an individual who files a report mo
re than 30 days after it is due without having received an extension must pay a $200 latefiling fee.
F
iLER  i NFORmaTiON Name:
Hon. Nancy Pelosi status:
Member state/District:
CA12 E
xTENsiON  R EquEsT  D ETaiLs Request Date:
04/26/2021 Extension Length:
90 days New Due Date:
08/13/2021 Report Type Due:
Original Report Filing Year:
2020 Original Due Date:
05/15/2021 Filing ID #30013923
"
