ticker,Earnings Date,EPS Estimate,Reported EPS,Surprise(%)
AA,2026-10-15 16:00:00-04:00,1.47,,
AA,2026-07-16 16:00:00-04:00,2.19,2.12,-3.21
AA,2026-04-16 16:00:00-04:00,1.55,1.4,-9.57
AA,2026-01-22 16:00:00-05:00,1.01,1.26,24.74
AA,2025-10-22 16:00:00-04:00,-0.05,-0.02,62.96
AA,2025-07-16 16:00:00-04:00,0.39,0.39,1.1
AA,2025-04-16 16:00:00-04:00,1.41,2.15,52.94
AA,2025-01-22 16:00:00-05:00,1.01,1.04,2.78
AA,2024-10-16 16:00:00-04:00,0.3,0.57,92.18
AA,2024-07-17 16:00:00-04:00,0.09,0.16,84.61
AA,2024-04-17 16:00:00-04:00,-0.44,-0.81,-86.01
AA,2024-01-17 16:00:00-05:00,-0.86,-0.56,35.08
AA,2023-10-18 16:00:00-04:00,-1.07,-1.14,-6.74
AA,2023-07-19 16:00:00-04:00,-0.44,-0.35,19.81
AA,2023-04-19 16:00:00-04:00,,-0.23,-4813.11
AA,2023-01-18 16:00:00-05:00,-0.7,-0.7,-0.4
AA,2022-10-19 16:00:00-04:00,0.18,-0.33,-286.92
AA,2022-07-20 16:00:00-04:00,2.49,2.67,7.28
AA,2022-04-20 16:00:00-04:00,2.79,3.06,9.77
AA,2022-01-19 16:00:00-05:00,1.91,2.5,30.87
AA,2021-10-14 16:00:00-04:00,1.8,2.05,13.62
AA,2021-07-15 16:00:00-04:00,1.31,1.49,13.31
AA,2021-04-15 16:00:00-04:00,0.46,0.79,73.12
AA,2021-01-20 16:00:00-05:00,0.07,0.26,264.81
AA,2020-10-14 16:00:00-04:00,-1.25,-1.17,6.06
AA,2020-07-15 16:00:00-04:00,-0.05,-0.02,61.1
AA,2020-04-22 17:00:00-04:00,-0.17,-0.23,-34.82
AA,2020-01-15 16:00:00-05:00,-0.22,-0.31,-44.07
AA,2019-10-16 16:00:00-04:00,-0.29,-0.44,-50.39
AA,2019-07-17 16:00:00-04:00,-0.06,-0.01,84.17
AA,2019-04-17 16:00:00-04:00,-0.13,-0.23,-72.27
AA,2019-01-16 16:00:00-05:00,0.5,0.66,33.08
AA,2018-10-17 16:00:00-04:00,0.34,0.63,83.81
AA,2018-07-18 16:00:00-04:00,1.32,1.52,15.25
AA,2018-04-18 16:00:00-04:00,0.73,0.77,6.17
AA,2018-01-17 16:00:00-05:00,1.23,1.04,-15.49
AA,2017-10-18 16:00:00-04:00,0.75,0.72,-3.95
AA,2017-07-19 16:00:00-04:00,0.58,0.62,6.58
AA,2017-04-24 16:00:00-04:00,0.48,0.63,32.62
AA,2017-01-24 16:00:00-05:00,0.24,0.14,-40.56
AA,2016-12-01 17:00:00-05:00,0.11,-0.04,-137.37
AAPL,2026-10-29 16:00:00-04:00,1.98,,
AAPL,2026-07-30 16:00:00-04:00,1.89,2.02,6.74
AAPL,2026-04-30 16:00:00-04:00,1.94,2.01,3.46
AAPL,2026-01-29 16:00:00-05:00,2.67,2.84,6.25
AAPL,2025-10-30 16:00:00-04:00,1.77,1.85,4.52
AAPL,2025-07-31 16:00:00-04:00,1.43,1.57,9.48
AAPL,2025-05-01 16:00:00-04:00,1.62,1.65,1.69
AAPL,2025-01-30 16:00:00-05:00,2.35,2.4,2.26
AAPL,2024-10-31 16:00:00-04:00,0.95,0.97,2.48
AAPL,2024-08-01 16:00:00-04:00,1.34,1.4,4.36
AAPL,2024-05-02 16:00:00-04:00,1.51,1.53,1.46
AAPL,2024-02-01 16:00:00-05:00,2.1,2.18,3.66
AAPL,2023-11-02 16:00:00-04:00,1.39,1.46,4.82
AAPL,2023-08-03 16:00:00-04:00,1.19,1.26,5.66
AAPL,2023-05-04 16:00:00-04:00,1.43,1.52,6.28
AAPL,2023-02-02 16:00:00-05:00,1.95,1.88,-3.78
AAPL,2022-10-27 16:00:00-04:00,1.27,1.29,1.44
AAPL,2022-07-28 16:00:00-04:00,1.15,1.2,3.93
AAPL,2022-04-28 16:00:00-04:00,1.43,1.52,6.48
AAPL,2022-01-27 16:00:00-05:00,1.89,2.1,11.2
AAPL,2021-10-28 16:00:00-04:00,1.24,1.24,0.17
AAPL,2021-07-27 16:00:00-04:00,1.01,1.3,28.18
AAPL,2021-04-28 16:00:00-04:00,0.98,1.4,42.16
AAPL,2021-01-27 16:00:00-05:00,1.42,1.68,18.67
AAPL,2020-10-29 16:00:00-04:00,0.7,0.73,4.48
AAPL,2020-07-30 16:00:00-04:00,0.52,0.65,24.47
AAPL,2020-04-30 17:00:00-04:00,0.56,0.64,12.93
AAPL,2020-01-28 16:00:00-05:00,1.13,1.25,9.97
AAPL,2019-10-30 16:00:00-04:00,0.71,0.76,6.54
AAPL,2019-07-30 16:00:00-04:00,0.53,0.55,3.71
AAPL,2019-04-30 16:00:00-04:00,0.59,0.62,4.05
AAPL,2019-01-29 16:00:00-05:00,1.04,1.05,0.27
AAPL,2018-11-01 16:00:00-04:00,0.7,0.73,4.55
AAPL,2018-07-31 16:00:00-04:00,0.54,0.59,7.38
AAPL,2018-05-01 16:00:00-04:00,0.67,0.68,2.19
AAPL,2018-02-01 16:00:00-05:00,0.96,0.97,1.1
AAPL,2017-11-02 16:00:00-04:00,0.47,0.52,10.53
AAPL,2017-08-01 16:00:00-04:00,0.39,0.42,6.15
AAPL,2017-05-02 16:00:00-04:00,0.51,0.53,3.88
AAPL,2017-01-31 16:00:00-05:00,0.81,0.84,4.25
AAPL,2016-10-25 16:00:00-04:00,0.41,0.42,0.81
AAPL,2016-07-26 16:00:00-04:00,0.35,0.36,2.74
AAPL,2016-04-26 16:00:00-04:00,0.5,0.48,-5.09
AAPL,2016-01-26 16:00:00-05:00,0.81,0.82,1.67
AAPL,2015-10-27 16:00:00-04:00,0.47,0.49,4.65
AAPL,2015-07-21 16:00:00-04:00,0.45,0.46,1.89
AAPL,2015-04-27 16:00:00-04:00,0.54,0.58,7.93
AAPL,2015-01-27 16:00:00-05:00,0.65,0.77,17.36
AAPL,2014-10-20 16:00:00-04:00,0.33,0.36,8.62
AAPL,2014-07-22 16:00:00-04:00,0.31,0.32,3.82
AAPL,2014-04-23 16:00:00-04:00,0.36,0.42,14.28
AAPL,2014-01-27 16:00:00-05:00,0.5,0.52,3.22
AAPL,2013-10-28 16:00:00-04:00,0.28,0.3,3.79
AAPL,2013-07-23 16:00:00-04:00,0.26,0.27,2.52
AAPL,2013-04-23 16:00:00-04:00,0.36,0.36,0.93
AAPL,2013-01-23 16:00:00-05:00,0.48,0.49,2.04
AAPL,2012-10-25 16:00:00-04:00,0.31,0.31,-0.85
AAPL,2012-07-24 16:00:00-04:00,0.37,0.33,-10.1
AAPL,2012-04-24 16:00:00-04:00,0.35,0.44,23.8
AAPL,2012-01-24 16:00:00-05:00,0.36,0.5,36.99
AAPL,2011-10-18 16:00:00-04:00,0.26,0.25,-3.13
AAPL,2011-07-19 16:00:00-04:00,0.21,0.28,33.38
AAPL,2011-04-20 16:00:00-04:00,0.19,0.23,19.59
AAPL,2011-01-18 16:00:00-05:00,0.19,0.23,19.21
AAPL,2010-10-18 16:00:00-04:00,0.15,0.17,13.62
AAPL,2010-07-20 16:00:00-04:00,0.11,0.13,12.93
AAPL,2010-04-20 20:00:00-04:00,0.09,0.12,36.29
AAPL,2010-01-25 16:00:00-05:00,0.07,0.13,74.9
AAPL,2009-10-19 16:00:00-04:00,0.05,0.07,27.38
AAPL,2009-07-21 16:00:00-04:00,0.04,0.05,15.14
AAPL,2009-04-22 16:00:00-04:00,0.04,0.05,21.55
AAPL,2009-01-21 16:00:00-05:00,0.05,0.06,27.6
AAPL,2008-10-21 16:00:00-04:00,0.04,0.05,13.12
AAPL,2008-07-21 16:00:00-04:00,0.04,0.04,10.02
AAPL,2008-04-23 16:00:00-04:00,0.04,0.04,7.97
AAPL,2008-01-22 16:00:00-05:00,0.06,0.06,8.87
AAPL,2007-10-22 16:00:00-04:00,0.03,0.04,20.43
AAPL,2007-07-25 16:00:00-04:00,0.03,0.03,27.71
AAPL,2007-04-25 16:00:00-04:00,0.02,0.03,36.51
AAPL,2007-01-17 16:00:00-05:00,0.03,0.04,45.81
AAPL,2006-10-18 16:00:00-04:00,0.02,0.02,21.18
AAPL,2006-07-19 16:00:00-04:00,0.02,0.02,23.34
AAPL,2006-04-19 16:00:00-04:00,0.01,0.02,12.23
AAPL,2006-01-18 16:00:00-05:00,0.02,0.02,5.84
AAPL,2005-10-11 16:00:00-04:00,0.01,0.01,3.35
AAPL,2005-07-13 16:00:00-04:00,0.01,0.01,18.79
AAPL,2005-04-13 16:00:00-04:00,0.01,0.01,49.88
AAPL,2005-01-12 16:00:00-05:00,0.01,0.01,42.05
AAPL,2004-10-13 16:00:00-04:00,,,47.85
AAPL,2004-07-14 06:00:00-04:00,,,23.28
AAPL,2004-04-14 16:00:00-04:00,,,47.06
AAPL,2004-01-14 16:00:00-05:00,,,11.28
AAPL,2003-10-15 16:00:00-04:00,,,17.21
AAPL,2003-07-16 16:00:00-04:00,,,53.45
AAPL,2003-04-16 16:00:00-04:00,,,108.82
AAPL,2003-01-15 16:00:00-05:00,,,1.89
AAPL,2002-10-16 16:00:00-04:00,,,-18.18
AAPL,2002-07-16 16:00:00-04:00,,,2.55
AAPL,2002-07-16 16:00:00-04:00,,,13.43
AAPL,2002-04-17 16:00:00-04:00,,,1088.89
AB,2026-10-27 08:00:00-04:00,0.86,,
AB,2026-07-28 06:00:00-04:00,0.83,0.82,-1.34
AB,2026-04-28 06:00:00-04:00,0.83,0.83,-0.5
AB,2026-02-05 06:00:00-05:00,0.92,0.96,4.37
AB,2025-10-23 06:00:00-04:00,0.85,0.86,0.96
AB,2025-07-24 06:00:00-04:00,0.77,0.76,-1.77
AB,2025-04-24 06:00:00-04:00,0.78,0.8,2.94
AB,2025-02-06 06:00:00-05:00,0.86,1.05,22.35
AB,2024-10-24 06:00:00-04:00,0.72,0.77,6.6
AB,2024-07-26 06:00:00-04:00,0.67,0.71,6.61
AB,2024-04-25 16:00:00-04:00,0.73,0.73,-0.23
AB,2024-02-06 16:00:00-05:00,0.63,0.77,22.22
AB,2023-10-26 17:00:00-04:00,0.62,0.65,4.5
AB,2023-07-27 16:00:00-04:00,0.66,0.61,-7.29
AB,2023-04-26 16:00:00-04:00,0.63,0.66,5.32
AB,2023-02-08 16:00:00-05:00,0.57,0.7,22.81
AB,2022-10-28 06:00:00-04:00,0.58,0.64,11.11
AB,2022-07-29 06:00:00-04:00,0.71,0.71,
AB,2022-04-29 06:00:00-04:00,0.84,0.9,7.14
AB,2022-02-11 06:00:00-05:00,1.0,1.29,28.43
AB,2021-10-28 06:00:00-04:00,0.86,0.89,3.12
AB,2021-07-29 06:00:00-04:00,0.82,0.91,11.02
AB,2021-04-29 06:00:00-04:00,0.75,0.81,7.4
AB,2021-02-11 06:00:00-05:00,0.81,0.97,20.33
AB,2020-10-22 06:00:00-04:00,0.68,0.69,1.4
AB,2020-07-23 06:00:00-04:00,0.61,0.61,-0.44
AB,2020-04-28 07:00:00-04:00,0.59,0.64,7.58
AB,2020-02-12 06:00:00-05:00,0.7,0.85,20.6
AB,2019-10-24 06:00:00-04:00,0.63,0.63,0.62
AB,2019-07-25 06:00:00-04:00,0.59,0.56,-4.81
AB,2019-04-25 06:00:00-04:00,0.54,0.49,-9.96
AB,2019-02-13 06:00:00-05:00,0.65,0.64,-0.88
AB,2018-10-24 06:00:00-04:00,0.63,0.69,10.03
AB,2018-07-26 06:00:00-04:00,0.59,0.62,5.04
AB,2018-04-26 06:00:00-04:00,0.66,0.73,10.13
AB,2018-02-13 06:00:00-05:00,0.64,0.84,30.8
AB,2017-10-25 06:00:00-04:00,0.52,0.51,-1.64
AB,2017-07-27 06:00:00-04:00,0.47,0.49,4.9
AB,2017-04-27 06:00:00-04:00,0.44,0.46,5.17
AB,2017-02-14 06:00:00-05:00,0.49,0.67,36.78
AB,2016-10-26 06:00:00-04:00,0.43,0.45,4.56
AB,2016-07-28 06:00:00-04:00,0.44,0.4,-8.66
AB,2016-04-28 06:00:00-04:00,0.42,0.4,-4.34
AB,2016-02-11 06:00:00-05:00,0.48,0.5,3.83
AB,2015-10-22 06:00:00-04:00,0.42,0.43,1.8
AB,2015-07-30 06:00:00-04:00,0.49,0.48,-1.57
AB,2015-04-30 06:00:00-04:00,0.47,0.45,-3.32
AB,2015-02-12 06:00:00-05:00,0.51,0.57,12.73
AB,2014-10-23 07:00:00-04:00,0.44,0.45,1.16
AB,2014-07-30 07:00:00-04:00,0.41,0.45,8.55
AB,2014-04-30 07:00:00-04:00,0.41,0.39,-4.29
AB,2014-02-12 07:00:00-05:00,0.43,0.6,39.74
AB,2013-10-24 07:00:00-04:00,0.39,0.4,1.93
AB,2013-07-31 07:00:00-04:00,0.38,0.41,8.08
AB,2013-05-01 07:00:00-04:00,0.35,0.38,7.31
AB,2013-02-12 07:00:00-05:00,0.32,0.4,25.39
AB,2012-10-24 16:00:00-04:00,0.27,0.36,33.67
AB,2012-08-02 07:00:00-04:00,0.25,0.24,-3.47
AB,2012-05-02 07:00:00-04:00,0.24,0.29,20.6
AB,2012-02-10 07:00:00-05:00,0.23,0.07,-69.31
AB,2011-10-26 07:00:00-04:00,0.31,0.3,-4.56
AB,2011-07-29 07:00:00-04:00,0.41,0.35,-14.27
AB,2011-05-02 07:00:00-04:00,0.42,0.41,-3.24
AB,2011-02-10 16:00:00-05:00,0.44,0.4,-9.71
AB,2010-10-27 16:00:00-04:00,0.41,0.36,-12.31
AB,2010-08-02 07:00:00-04:00,0.45,0.38,-15.75
AB,2010-05-03 16:00:00-04:00,0.5,0.46,-7.54
AB,2010-02-11 16:00:00-05:00,0.53,0.62,16.92
AB,2009-10-29 16:00:00-04:00,0.46,0.67,44.81
AB,2009-07-30 16:00:00-04:00,0.35,0.41,17.65
AB,2009-04-22 16:00:00-04:00,0.3,0.07,-76.67
AB,2009-01-21 16:00:00-05:00,0.19,0.29,54.91
AB,2008-10-22 16:00:00-04:00,0.75,0.73,-2.23
AB,2008-07-23 16:00:00-04:00,0.94,0.96,1.77
AB,2008-04-23 16:00:00-04:00,0.93,0.83,-10.89
AB,2008-01-23 16:00:00-05:00,1.09,1.06,-2.88
AB,2007-10-24 16:00:00-04:00,1.13,1.2,6.51
AB,2007-07-25 16:00:00-04:00,1.08,1.16,7.16
AB,2007-04-25 16:00:00-04:00,1.02,0.91,-10.66
AB,2007-01-24 16:00:00-05:00,1.16,1.48,28.03
AB,2006-10-25 16:00:00-04:00,0.87,0.87,-0.11
AB,2006-07-26 17:00:00-04:00,0.82,0.89,8.67
AB,2006-04-26 16:00:00-04:00,0.8,0.78,-2.04
AB,2006-01-25 16:00:00-05:00,1.0,1.02,2.41
AB,2005-10-26 16:00:00-04:00,0.67,0.74,10.45
AB,2005-07-26 16:00:00-04:00,0.67,0.68,1.64
AB,2005-04-28 16:00:00-04:00,0.63,0.58,-7.64
AB,2005-01-27 08:00:00-05:00,0.69,0.82,19.27
AB,2004-10-28 16:00:00-04:00,0.55,0.52,-5.97
AB,2004-07-27 16:00:00-04:00,0.57,0.53,-6.69
AB,2004-04-29 16:00:00-04:00,0.56,0.58,3.02
AB,2004-01-29 16:00:00-05:00,0.56,0.67,20.57
AB,2003-10-30 10:00:00-05:00,0.53,0.57,6.74
AB,2003-07-29 08:00:00-04:00,0.47,0.51,7.82
AB,2003-04-29 10:00:00-04:00,0.45,0.39,-12.36
AB,2003-01-30 10:00:00-05:00,0.48,0.53,10.75
AB,2002-10-31 10:00:00-05:00,0.5,0.47,-6.19
AB,2002-07-23 10:00:00-04:00,0.59,0.59,-0.67
AB,2002-05-02 10:00:00-04:00,0.65,0.6,-7.83
AB,2002-01-31 10:00:00-05:00,0.64,0.68,5.92
AMZN,2026-10-29 16:00:00-04:00,1.95,,
AMZN,2026-07-30 16:00:00-04:00,1.83,5.75,214.89
AMZN,2026-04-29 16:00:00-04:00,1.65,2.78,68.18
AMZN,2026-02-05 16:00:00-05:00,1.95,1.95,0.22
AMZN,2025-10-30 16:00:00-04:00,1.56,1.95,25.2
AMZN,2025-07-31 16:00:00-04:00,1.32,1.68,27.19
AMZN,2025-05-01 16:00:00-04:00,1.36,1.59,16.77
AMZN,2025-02-06 16:00:00-05:00,1.48,1.86,25.29
AMZN,2024-10-31 16:00:00-04:00,1.14,1.43,25.22
AMZN,2024-08-01 12:00:00-04:00,1.02,1.26,23.76
AMZN,2024-04-30 16:00:00-04:00,0.83,0.98,17.67
AMZN,2024-02-01 16:00:00-05:00,0.8,1.0,24.38
AMZN,2023-10-26 16:00:00-04:00,0.58,0.94,62.22
AMZN,2023-08-03 16:00:00-04:00,0.34,0.65,91.19
AMZN,2023-04-27 16:00:00-04:00,0.21,0.31,44.29
AMZN,2023-02-02 16:00:00-05:00,0.17,0.03,-82.2
AMZN,2022-10-27 16:00:00-04:00,0.21,0.28,35.53
AMZN,2022-07-28 16:00:00-04:00,0.12,-0.2,-273.3
AMZN,2022-04-28 16:00:00-04:00,0.42,-0.38,-190.58
AMZN,2022-02-03 16:00:00-05:00,0.18,1.39,657.12
AMZN,2021-10-28 16:00:00-04:00,0.44,0.31,-31.21
AMZN,2021-07-29 16:00:00-04:00,0.61,0.76,23.06
AMZN,2021-04-29 16:00:00-04:00,0.47,0.79,67.3
AMZN,2021-02-02 16:00:00-05:00,0.35,0.7,100.1
AMZN,2020-10-29 16:00:00-04:00,0.38,0.62,64.25
AMZN,2020-07-30 16:00:00-04:00,0.08,0.52,582.21
AMZN,2020-04-30 17:00:00-04:00,0.31,0.25,-19.8
AMZN,2020-01-30 16:00:00-05:00,0.2,0.32,62.82
AMZN,2019-10-24 16:00:00-04:00,0.22,0.21,-5.79
AMZN,2019-07-25 16:00:00-04:00,0.28,0.26,-5.83
AMZN,2019-04-25 16:00:00-04:00,0.23,0.35,51.64
AMZN,2019-01-31 16:00:00-05:00,0.28,0.3,9.54
AMZN,2018-10-25 16:00:00-04:00,0.15,0.29,86.22
AMZN,2018-07-26 16:00:00-04:00,0.13,0.25,99.34
AMZN,2018-04-26 16:00:00-04:00,0.06,0.16,165.81
AMZN,2018-02-01 16:00:00-05:00,0.09,0.11,16.43
AMZN,2017-10-26 16:00:00-04:00,,0.03,3900.0
AMZN,2017-07-27 16:00:00-04:00,0.07,0.02,-71.37
AMZN,2017-04-27 16:00:00-04:00,0.06,0.07,34.3
AMZN,2017-02-02 16:00:00-05:00,0.07,0.08,9.7
AMZN,2016-10-27 16:00:00-04:00,0.04,0.03,-35.74
AMZN,2016-07-28 16:00:00-04:00,0.05,0.09,63.72
AMZN,2016-04-28 16:00:00-04:00,0.03,0.05,76.92
AMZN,2016-01-28 16:00:00-05:00,0.08,0.05,-37.27
AMZN,2015-10-22 16:00:00-04:00,-0.01,0.01,231.17
AMZN,2015-07-23 16:00:00-04:00,-0.01,0.01,240.32
AMZN,2015-04-23 16:00:00-04:00,-0.01,-0.01,-12.15
AMZN,2015-01-29 16:00:00-05:00,0.01,0.02,152.53
AMZN,2014-10-23 16:00:00-04:00,-0.04,-0.05,-23.73
AMZN,2014-07-24 16:00:00-04:00,-0.01,-0.01,-83.42
AMZN,2014-04-24 16:00:00-04:00,0.01,0.01,-2.87
AMZN,2014-01-30 16:00:00-05:00,0.03,0.03,-26.41
AMZN,2013-10-24 16:00:00-04:00,,,-15.09
AMZN,2013-07-25 16:00:00-04:00,,,-154.05
AMZN,2013-04-25 16:00:00-04:00,,0.01,104.55
AMZN,2013-01-29 16:00:00-05:00,0.01,0.01,-21.05
AMZN,2012-10-25 16:00:00-04:00,,-0.03,-777.19
AMZN,2012-07-26 16:00:00-04:00,,,-39.76
AMZN,2012-04-26 16:00:00-04:00,,0.01,333.44
AMZN,2012-01-31 16:00:00-05:00,0.01,0.02,105.85
AMZN,2011-10-25 16:00:00-04:00,0.01,0.01,-44.22
AMZN,2011-07-26 16:00:00-04:00,0.02,0.02,21.52
AMZN,2011-04-26 16:00:00-04:00,0.03,0.02,-28.25
AMZN,2011-01-27 16:00:00-05:00,0.04,0.05,2.64
AMZN,2010-10-21 16:00:00-04:00,0.02,0.03,5.85
AMZN,2010-07-22 16:00:00-04:00,0.03,0.02,-14.97
AMZN,2010-04-22 16:00:00-04:00,0.03,0.03,10.89
AMZN,2010-01-28 16:00:00-05:00,0.04,0.04,19.38
AMZN,2009-10-22 16:00:00-04:00,0.02,0.02,37.03
AMZN,2009-07-23 16:00:00-04:00,0.02,0.02,4.1
AMZN,2009-04-23 16:00:00-04:00,0.02,0.02,34.51
AMZN,2009-01-29 16:00:00-05:00,0.02,0.03,30.52
AMZN,2008-10-22 16:00:00-04:00,0.01,0.01,3.85
AMZN,2008-07-23 16:00:00-04:00,0.01,0.02,42.86
AMZN,2008-04-23 16:00:00-04:00,0.02,0.02,4.94
AMZN,2008-01-30 16:00:00-05:00,0.02,0.02,1.31
AMZN,2007-10-23 16:00:00-04:00,0.01,0.01,3.6
AMZN,2007-07-24 16:00:00-04:00,0.01,0.01,19.8
AMZN,2007-04-24 16:00:00-04:00,0.01,0.01,66.67
AMZN,2007-02-01 16:00:00-05:00,0.01,0.01,16.75
AMZN,2006-10-24 16:00:00-04:00,,,96.85
AMZN,2006-07-25 16:00:00-04:00,,,3.55
AMZN,2006-04-25 16:00:00-04:00,0.01,0.01,2.39
AMZN,2006-02-02 16:00:00-05:00,0.01,0.01,1.12
AMZN,2005-10-25 16:00:00-04:00,0.01,0.01,2.56
AMZN,2005-07-26 16:00:00-04:00,,0.01,45.99
AMZN,2005-04-26 16:00:00-04:00,0.01,0.01,12.46
AMZN,2005-02-02 16:00:00-05:00,0.02,0.02,-12.94
AMZN,2004-10-21 16:00:00-04:00,0.01,0.01,-2.3
AMZN,2004-07-22 16:00:00-04:00,0.01,0.01,-4.96
AMZN,2004-04-22 16:00:00-04:00,0.01,0.01,16.63
AMZN,2004-01-27 16:00:00-05:00,0.01,0.01,1.9
AMZN,2003-10-21 16:00:00-04:00,,0.01,12.7
AMZN,2003-07-22 16:00:00-04:00,,0.01,64.47
AMZN,2003-04-24 16:00:00-04:00,,0.01,140.38
AMZN,2003-01-23 16:00:00-05:00,0.01,0.01,31.03
AMZN,2002-10-24 16:00:00-04:00,,,100.0
AMZN,2002-07-23 17:00:00-04:00,,,82.27
AMZN,2002-07-23 17:00:00-04:00,-0.01,-0.01,23.3
AMZN,2002-04-23 16:00:00-04:00,-0.01,-0.01,12.94
AVGO,2026-12-09 15:00:00-05:00,3.83,,
AVGO,2026-09-02 16:00:00-04:00,3.24,,
AVGO,2026-06-03 16:00:00-04:00,2.4,2.44,1.74
AVGO,2026-03-04 16:00:00-05:00,2.02,2.05,1.32
AVGO,2025-12-11 16:00:00-05:00,1.87,1.95,4.38
AVGO,2025-09-04 16:00:00-04:00,1.66,1.69,1.6
AVGO,2025-06-05 16:00:00-04:00,1.57,1.58,0.59
AVGO,2025-03-06 16:00:00-05:00,1.51,1.6,6.11
AVGO,2024-12-12 16:00:00-05:00,1.39,1.42,2.04
AVGO,2024-09-05 16:00:00-04:00,1.21,1.24,2.79
AVGO,2024-06-12 16:00:00-04:00,1.08,1.1,1.08
AVGO,2024-03-07 16:00:00-05:00,1.04,1.1,5.44
AVGO,2023-12-07 16:00:00-05:00,1.1,1.11,0.94
AVGO,2023-08-31 16:00:00-04:00,1.04,1.05,1.03
AVGO,2023-06-01 16:00:00-04:00,1.01,1.03,1.75
AVGO,2023-03-02 16:00:00-05:00,1.02,1.03,1.65
AVGO,2022-12-08 16:00:00-05:00,1.03,1.05,1.64
AVGO,2022-09-01 16:00:00-04:00,0.95,0.97,1.92
AVGO,2022-05-26 07:00:00-04:00,0.87,0.91,4.05
AVGO,2022-03-03 16:00:00-05:00,0.81,0.84,3.01
AVGO,2021-12-09 16:00:00-05:00,0.78,0.78,0.51
AVGO,2021-09-02 16:00:00-04:00,0.69,0.7,0.72
AVGO,2021-06-03 16:00:00-04:00,0.65,0.66,2.47
AVGO,2021-03-04 16:00:00-05:00,0.66,0.66,0.58
AVGO,2020-12-10 16:00:00-05:00,0.62,0.64,2.42
AVGO,2020-09-03 16:00:00-04:00,0.52,0.54,4.0
AVGO,2020-06-04 16:00:00-04:00,0.51,0.51,0.03
AVGO,2020-03-12 16:00:00-04:00,0.54,0.53,-2.02
AVGO,2019-12-12 16:00:00-05:00,0.54,0.54,0.63
AVGO,2019-09-12 16:00:00-04:00,0.51,0.52,0.72
AVGO,2019-06-13 16:00:00-04:00,0.52,0.52,0.55
AVGO,2019-03-14 16:00:00-04:00,0.52,0.56,6.12
AVGO,2018-12-06 16:00:00-05:00,0.56,0.59,4.8
AVGO,2018-09-06 16:00:00-04:00,0.48,0.5,3.25
AVGO,2018-06-07 16:00:00-04:00,0.47,0.49,2.99
AVGO,2018-03-15 16:00:00-04:00,0.51,0.51,1.07
AVGO,2017-12-06 16:00:00-05:00,0.45,0.46,1.65
AVGO,2017-08-24 16:00:00-04:00,0.4,0.41,1.77
AVGO,2017-06-01 16:00:00-04:00,0.35,0.37,5.47
AVGO,2017-03-01 16:00:00-05:00,0.35,0.36,4.39
AVGO,2016-12-08 16:00:00-05:00,0.34,0.35,2.73
AVGO,2016-09-01 16:00:00-04:00,0.28,0.29,4.38
AVGO,2016-06-02 16:00:00-04:00,0.24,0.25,6.45
AVGO,2016-03-03 16:00:00-05:00,0.23,0.24,4.84
AVGO,2015-12-02 16:00:00-05:00,0.24,0.25,5.48
AVGO,2015-08-26 16:00:00-04:00,0.21,0.22,4.78
AVGO,2015-05-28 07:00:00-04:00,0.2,0.21,6.32
AVGO,2015-02-25 16:00:00-05:00,0.19,0.21,7.49
AVGO,2014-12-03 16:00:00-05:00,0.17,0.2,17.97
AVGO,2014-08-28 16:00:00-04:00,0.11,0.13,19.23
AVGO,2014-05-29 16:00:00-04:00,0.08,0.09,10.61
AVGO,2014-02-25 16:00:00-05:00,0.08,0.08,7.58
AVGO,2013-12-04 16:00:00-05:00,0.08,0.09,7.84
AVGO,2013-08-27 16:00:00-04:00,0.07,0.07,11.97
AVGO,2013-05-29 16:00:00-04:00,0.06,0.06,4.58
AVGO,2013-02-26 16:00:00-05:00,0.06,0.07,7.14
AVGO,2012-11-29 16:00:00-05:00,0.07,0.08,5.35
AVGO,2012-08-16 16:00:00-04:00,0.07,0.07,9.49
AVGO,2012-05-22 16:00:00-04:00,0.06,0.07,3.48
AVGO,2012-02-22 16:00:00-05:00,0.06,0.06,7.83
AVGO,2011-12-01 16:00:00-05:00,0.07,0.07,4.95
AVGO,2011-08-23 16:00:00-04:00,0.07,0.07,3.72
AVGO,2011-05-24 16:00:00-04:00,0.06,0.06,10.48
AVGO,2011-02-23 16:00:00-05:00,0.05,0.07,22.16
AVGO,2010-12-02 16:00:00-05:00,0.06,0.07,11.66
AVGO,2010-09-01 20:00:00-04:00,0.02,0.01,-58.82
AVGO,2010-08-24 16:00:00-04:00,0.05,0.05,-0.73
AVGO,2010-05-26 16:00:00-04:00,0.04,0.05,16.68
AVGO,2010-02-24 16:00:00-05:00,0.03,0.03,-11.86
AVGO,2009-12-03 16:00:00-05:00,0.02,0.03,20.38
AXP,2026-10-23 08:00:00-04:00,4.57,,
AXP,2026-07-24 07:00:00-04:00,4.4,4.53,2.88
AXP,2026-04-23 07:00:00-04:00,3.99,4.28,7.18
AXP,2026-01-30 07:00:00-05:00,3.55,3.53,-0.66
AXP,2025-10-17 07:00:00-04:00,3.98,4.14,4.02
AXP,2025-07-18 07:00:00-04:00,3.88,4.08,5.09
AXP,2025-04-17 07:00:00-04:00,3.47,3.64,4.8
AXP,2025-01-24 07:00:00-05:00,3.03,3.04,0.17
AXP,2024-10-18 07:00:00-04:00,3.28,3.49,6.49
AXP,2024-07-19 07:00:00-04:00,3.26,4.15,27.11
AXP,2024-04-19 10:00:00-04:00,2.98,3.33,11.68
AXP,2024-01-26 07:00:00-05:00,2.65,2.62,-1.01
AXP,2023-10-20 07:00:00-04:00,2.95,3.3,11.87
AXP,2023-07-21 07:00:00-04:00,2.82,2.89,2.64
AXP,2023-04-20 07:00:00-04:00,2.67,2.4,-10.02
AXP,2023-01-27 07:00:00-05:00,2.24,2.07,-7.45
AXP,2022-10-21 13:00:00-04:00,2.41,2.47,2.29
AXP,2022-07-22 07:00:00-04:00,2.41,2.57,6.64
AXP,2022-04-22 07:00:00-04:00,2.47,2.73,10.73
AXP,2022-01-25 07:00:00-05:00,1.84,2.18,18.71
AXP,2021-10-22 07:00:00-04:00,1.75,2.27,29.38
AXP,2021-07-23 07:00:00-04:00,1.63,2.8,72.14
AXP,2021-04-23 07:00:00-04:00,1.61,2.74,69.77
AXP,2021-01-26 07:00:00-05:00,1.3,1.76,35.17
AXP,2020-10-23 07:00:00-04:00,1.35,1.3,-3.84
AXP,2020-07-24 07:00:00-04:00,-0.06,0.29,572.54
AXP,2020-04-24 15:00:00-04:00,1.67,0.41,-75.48
AXP,2020-01-24 07:00:00-05:00,2.01,2.03,0.91
AXP,2019-10-18 07:00:00-04:00,2.02,2.08,2.74
AXP,2019-07-19 07:00:00-04:00,2.03,2.07,1.93
AXP,2019-04-18 07:00:00-04:00,1.97,2.01,1.97
AXP,2019-01-17 16:00:00-05:00,1.8,2.32,29.14
AXP,2018-10-18 16:00:00-04:00,1.77,1.88,6.5
AXP,2018-07-18 16:00:00-04:00,1.82,1.84,1.32
AXP,2018-04-18 16:00:00-04:00,1.71,1.86,8.74
AXP,2018-01-18 16:00:00-05:00,1.54,1.58,2.54
AXP,2017-10-18 17:00:00-04:00,1.48,1.63,10.65
AXP,2017-07-19 16:00:00-04:00,1.44,1.47,2.23
AXP,2017-04-19 16:00:00-04:00,1.26,1.34,5.94
AXP,2017-01-19 16:00:00-05:00,0.99,0.91,-7.88
AXP,2016-10-19 16:00:00-04:00,0.96,1.24,29.78
AXP,2016-07-20 16:00:00-04:00,1.89,2.1,11.08
AXP,2016-04-20 16:00:00-04:00,1.35,1.5,11.83
AXP,2016-01-21 16:00:00-05:00,1.12,1.23,9.66
AXP,2015-10-21 16:00:00-04:00,1.31,1.24,-5.51
AXP,2015-07-22 16:00:00-04:00,1.32,1.42,7.54
AXP,2015-04-16 16:00:00-04:00,1.36,1.48,8.59
AXP,2015-01-21 16:00:00-05:00,1.38,1.39,0.6
AXP,2014-10-15 16:00:00-04:00,1.36,1.4,2.86
AXP,2014-07-29 16:00:00-04:00,1.38,1.43,3.82
AXP,2014-04-16 16:00:00-04:00,1.3,1.33,2.42
AXP,2014-01-16 16:00:00-05:00,1.25,1.25,-0.49
AXP,2013-10-16 16:00:00-04:00,1.22,1.25,2.24
AXP,2013-07-17 16:00:00-04:00,1.22,1.27,3.79
AXP,2013-04-17 16:00:00-04:00,1.13,1.15,2.12
AXP,2013-01-17 16:00:00-05:00,1.08,1.09,0.47
AXP,2012-10-17 16:00:00-04:00,1.09,1.09,0.44
AXP,2012-07-18 16:00:00-04:00,1.1,1.15,4.86
AXP,2012-04-18 16:00:00-04:00,1.0,1.07,6.52
AXP,2012-01-19 16:00:00-05:00,0.99,1.01,2.35
AXP,2011-10-19 16:00:00-04:00,0.95,1.03,8.27
AXP,2011-07-20 16:00:00-04:00,0.94,1.07,13.65
AXP,2011-04-20 16:00:00-04:00,0.85,0.97,14.29
AXP,2011-01-24 16:00:00-05:00,0.89,0.88,-1.12
AXP,2010-10-21 16:00:00-04:00,0.87,0.9,3.42
AXP,2010-07-22 16:00:00-04:00,0.78,0.84,8.13
AXP,2010-04-22 15:00:00-04:00,0.64,0.73,14.19
AXP,2010-01-21 16:00:00-05:00,0.57,0.59,2.78
AXP,2009-10-22 16:00:00-04:00,0.38,0.44,16.12
AXP,2009-07-23 16:00:00-04:00,0.27,0.27,0.26
AXP,2009-04-23 16:00:00-04:00,0.16,0.32,96.32
AXP,2009-01-26 16:00:00-05:00,0.15,0.21,39.98
AXP,2008-10-20 16:00:00-04:00,0.59,0.74,24.79
AXP,2008-07-21 16:00:00-04:00,0.83,0.56,-32.37
AXP,2008-04-24 16:00:00-04:00,0.8,0.84,4.48
AXP,2008-01-28 16:00:00-05:00,0.7,0.71,1.0
AXP,2007-10-22 16:00:00-04:00,0.85,0.9,5.88
AXP,2007-07-23 16:00:00-04:00,0.86,0.83,-3.09
AXP,2007-04-19 16:00:00-04:00,0.8,0.87,9.43
AXP,2007-01-22 13:00:00-05:00,0.77,0.75,-2.34
AXP,2006-10-23 13:00:00-04:00,0.76,0.78,3.17
AXP,2006-07-24 13:00:00-04:00,0.74,0.78,5.12
AXP,2006-04-24 08:00:00-04:00,0.69,0.7,1.13
AXP,2006-01-23 13:00:00-05:00,0.59,0.6,1.69
AXP,2005-10-24 14:00:00-04:00,0.66,0.68,3.82
AXP,2005-07-25 13:00:00-04:00,0.78,0.81,3.98
AXP,2005-04-26 13:00:00-04:00,0.75,0.75,0.13
AXP,2005-01-24 13:00:00-05:00,0.7,0.71,0.85
AXP,2004-10-25 14:00:00-04:00,0.69,0.69,-0.43
AXP,2004-07-26 13:00:00-04:00,0.67,0.68,1.34
AXP,2004-04-22 13:00:00-04:00,0.62,0.66,6.45
AXP,2004-01-26 13:00:00-05:00,0.59,0.6,2.45
AXP,2003-10-27 13:00:00-05:00,0.58,0.59,1.26
AXP,2003-07-28 13:00:00-04:00,0.57,0.59,4.06
AXP,2003-04-24 13:00:00-04:00,0.52,0.53,1.92
AXP,2003-01-27 14:00:00-05:00,0.51,0.52,1.76
AXP,2002-10-28 12:00:00-05:00,0.51,0.52,2.25
AXP,2002-07-22 13:00:00-04:00,0.5,0.51,2.41
AXP,2002-04-18 13:00:00-04:00,0.43,0.46,7.48
AXP,2002-01-28 13:00:00-05:00,0.23,0.22,-2.79
BE,2026-10-27 16:00:00-04:00,0.67,,
BE,2026-07-28 16:00:00-04:00,0.41,0.78,91.83
BE,2026-04-28 16:00:00-04:00,0.13,0.44,242.44
BE,2026-02-05 16:00:00-05:00,0.3,0.45,50.38
BE,2025-10-28 16:00:00-04:00,0.1,0.15,47.04
BE,2025-07-31 16:00:00-04:00,0.02,0.1,457.1
BE,2025-04-30 16:00:00-04:00,-0.06,0.03,147.37
BE,2025-02-27 16:00:00-05:00,0.31,0.43,39.93
BE,2024-11-07 16:00:00-05:00,0.08,-0.01,-112.12
BE,2024-08-08 16:00:00-04:00,-0.05,-0.06,-31.49
BE,2024-05-08 20:00:00-04:00,-0.11,-0.17,-52.7
BE,2024-02-15 16:00:00-05:00,0.1,0.07,-33.06
BE,2023-11-08 16:00:00-05:00,-0.04,0.15,447.95
BE,2023-08-03 16:00:00-04:00,-0.14,-0.17,-25.6
BE,2023-05-09 16:00:00-04:00,-0.21,-0.22,-3.27
BE,2023-02-09 16:00:00-05:00,0.11,0.27,135.87
BE,2022-11-03 16:00:00-04:00,-0.09,-0.2,-131.21
BE,2022-08-09 16:00:00-04:00,-0.18,-0.32,-74.8
BE,2022-05-05 16:00:00-04:00,-0.11,-0.32,-198.06
BE,2022-02-10 16:00:00-05:00,-0.04,-0.05,-26.87
BE,2021-11-04 16:00:00-04:00,-0.09,-0.2,-126.47
BE,2021-08-04 16:00:00-04:00,-0.05,-0.23,-330.47
BE,2021-05-05 16:00:00-04:00,-0.08,-0.07,9.44
BE,2021-02-10 16:00:00-05:00,,-0.08,-6500.0
BE,2020-10-29 16:00:00-04:00,-0.14,-0.04,70.73
BE,2020-07-28 16:00:00-04:00,-0.29,-0.23,21.23
BE,2020-05-11 16:00:00-04:00,-0.43,-0.34,20.93
BE,2020-03-16 16:00:00-04:00,0.04,0.04,4.36
BE,2019-11-08 06:00:00-05:00,0.03,0.01,-64.7
BE,2019-08-12 16:00:00-04:00,-0.17,-0.13,24.41
BE,2019-05-06 15:00:00-04:00,-0.25,-0.22,12.5
BE,2019-02-05 16:00:00-05:00,-0.18,-0.12,34.07
BE,2018-11-06 14:00:00-05:00,-0.17,-0.12,28.2
CRM,2026-12-02 15:00:00-05:00,3.45,,
CRM,2026-08-26 16:00:00-04:00,3.27,5.9,80.36
CRM,2026-05-27 16:00:00-04:00,3.13,3.88,24.07
CRM,2026-02-25 16:00:00-05:00,3.05,3.81,24.85
CRM,2025-12-03 16:00:00-05:00,2.86,3.25,13.57
CRM,2025-09-03 16:00:00-04:00,2.78,2.91,4.7
CRM,2025-05-28 16:00:00-04:00,2.55,2.58,1.31
CRM,2025-02-26 16:00:00-05:00,2.61,2.78,6.43
CRM,2024-12-03 16:00:00-05:00,2.45,2.41,-1.47
CRM,2024-08-28 16:00:00-04:00,2.36,2.56,8.63
CRM,2024-05-29 16:00:00-04:00,2.37,2.44,2.75
CRM,2024-02-28 16:00:00-05:00,2.27,2.29,0.96
CRM,2023-11-29 16:00:00-05:00,2.06,2.11,2.52
CRM,2023-08-30 16:00:00-04:00,1.9,2.12,11.45
CRM,2023-05-31 16:00:00-04:00,1.61,1.69,4.84
CRM,2023-03-01 16:00:00-05:00,1.36,1.68,23.43
CRM,2022-11-30 16:00:00-05:00,1.22,1.4,14.55
CRM,2022-08-24 16:00:00-04:00,1.03,1.19,15.75
CRM,2022-05-31 16:00:00-04:00,0.94,0.98,3.73
CRM,2022-03-01 16:00:00-05:00,0.75,0.84,11.85
CRM,2021-11-30 16:00:00-05:00,0.92,1.27,37.89
CRM,2021-08-25 16:00:00-04:00,0.93,1.48,59.49
CRM,2021-05-27 16:00:00-04:00,0.88,1.21,36.96
CRM,2021-02-25 16:00:00-05:00,0.75,1.04,38.5
CRM,2020-12-01 16:00:00-05:00,0.75,1.74,132.27
CRM,2020-08-25 16:00:00-04:00,0.67,1.44,115.91
CRM,2020-05-28 16:00:00-04:00,0.69,0.7,0.74
CRM,2020-02-25 16:00:00-05:00,0.56,0.66,18.38
CRM,2019-12-03 16:00:00-05:00,0.66,0.75,13.56
CRM,2019-08-22 16:00:00-04:00,0.47,0.66,40.37
CRM,2019-06-04 16:00:00-04:00,0.61,0.93,52.62
CRM,2019-03-04 16:00:00-05:00,0.55,0.7,26.3
CRM,2018-11-27 16:00:00-05:00,0.5,0.61,21.65
CRM,2018-08-29 16:00:00-04:00,0.47,0.71,50.56
CRM,2018-05-29 16:00:00-04:00,0.46,0.74,61.89
CRM,2018-02-28 16:00:00-05:00,0.34,0.35,3.79
CRM,2017-11-21 16:00:00-05:00,0.37,0.39,6.45
CRM,2017-08-22 16:00:00-04:00,0.32,0.33,4.43
CRM,2017-05-18 16:00:00-04:00,0.26,0.28,7.68
CRM,2017-02-28 16:00:00-05:00,0.25,0.28,12.82
CRM,2016-11-17 16:00:00-05:00,0.21,0.24,13.96
CRM,2016-08-31 16:00:00-04:00,0.22,0.24,9.35
CRM,2016-05-18 16:00:00-04:00,0.23,0.24,2.78
CRM,2016-02-24 16:00:00-05:00,0.19,0.19,-0.51
CRM,2015-11-18 16:00:00-05:00,0.19,0.21,12.17
CRM,2015-08-20 16:00:00-04:00,0.17,0.19,8.74
CRM,2015-05-20 16:00:00-04:00,0.14,0.16,15.55
CRM,2015-02-25 16:00:00-05:00,0.14,0.14,2.67
CRM,2014-11-19 16:00:00-05:00,0.13,0.14,8.9
CRM,2014-08-21 16:00:00-04:00,0.12,0.13,9.42
CRM,2014-05-20 16:00:00-04:00,0.1,0.11,13.22
CRM,2014-02-27 16:00:00-05:00,0.06,0.07,15.82
CRM,2013-11-18 16:00:00-05:00,0.09,0.09,4.02
CRM,2013-08-29 16:00:00-04:00,0.07,0.09,30.42
CRM,2013-05-23 16:00:00-04:00,0.1,0.1,-0.3
CRM,2013-02-28 16:00:00-05:00,0.1,0.13,28.4
CRM,2012-11-20 16:00:00-05:00,0.08,0.08,3.18
CRM,2012-08-23 16:00:00-04:00,0.1,0.11,8.31
CRM,2012-05-17 16:00:00-04:00,0.09,0.09,8.21
CRM,2012-02-23 16:00:00-05:00,0.1,0.11,7.39
CRM,2011-11-17 16:00:00-05:00,0.08,0.09,10.03
CRM,2011-08-18 16:00:00-04:00,0.07,0.08,0.35
CRM,2011-05-19 16:00:00-04:00,0.07,0.07,2.77
CRM,2011-02-24 16:00:00-05:00,0.07,0.08,17.76
CRM,2010-11-18 16:00:00-05:00,0.08,0.08,3.21
CRM,2010-08-19 16:00:00-04:00,0.07,0.07,6.26
CRM,2010-05-20 16:00:00-04:00,0.08,0.08,-0.99
CRM,2010-02-24 16:00:00-05:00,0.04,0.04,6.67
CRM,2009-11-17 16:00:00-05:00,0.04,0.04,
CRM,2009-08-20 16:00:00-04:00,0.04,0.04,11.14
CRM,2009-05-21 16:00:00-04:00,0.06,0.06,12.96
CRM,2009-02-25 16:00:00-05:00,0.05,0.06,23.42
CRM,2008-11-20 16:00:00-05:00,0.04,0.05,4.41
CRM,2008-08-20 11:00:00-04:00,0.05,0.04,-13.4
CRM,2008-05-21 16:00:00-04:00,0.04,0.04,1.91
CRM,2008-02-27 16:00:00-05:00,0.03,0.03,-3.13
CRM,2007-11-15 16:00:00-05:00,0.03,0.03,-0.76
CRM,2007-08-15 16:00:00-04:00,0.02,0.02,-1.01
CRM,2007-05-16 16:00:00-04:00,0.02,0.02,8.46
CRM,2007-02-21 16:00:00-05:00,0.02,0.02,-0.17
CRM,2006-11-15 16:00:00-05:00,0.01,0.02,9.41
CRM,2006-08-16 16:00:00-04:00,0.01,0.02,43.68
CRM,2006-05-17 16:00:00-04:00,0.01,0.01,7.18
CRM,2006-02-22 16:00:00-05:00,0.01,0.01,3.05
CRM,2005-11-16 16:00:00-05:00,0.01,0.01,26.39
CRM,2005-08-17 16:00:00-04:00,0.01,0.01,2.67
CRM,2005-05-18 16:00:00-04:00,0.01,0.01,60.0
CRM,2005-02-17 16:00:00-05:00,,0.01,54.64
CRM,2004-11-17 16:00:00-05:00,,0.01,73.61
CRM,2004-08-19 16:00:00-04:00,,,57.23
CRWD,2026-12-01 15:00:00-05:00,0.31,,
CRWD,2026-08-26 16:00:00-04:00,0.29,0.31,6.38
CRWD,2026-06-03 16:00:00-04:00,0.27,0.28,3.05
CRWD,2026-03-03 16:00:00-05:00,0.28,0.28,1.56
CRWD,2025-12-02 16:00:00-05:00,0.24,0.24,1.98
CRWD,2025-08-27 16:00:00-04:00,0.21,0.23,12.05
CRWD,2025-06-03 16:00:00-04:00,0.16,0.18,10.62
CRWD,2025-03-04 16:00:00-05:00,0.21,0.26,19.85
CRWD,2024-11-26 16:00:00-05:00,0.2,0.23,14.94
CRWD,2024-08-28 16:00:00-04:00,0.24,0.26,7.74
CRWD,2024-06-04 16:00:00-04:00,0.22,0.23,4.38
CRWD,2024-03-05 16:00:00-05:00,0.21,0.24,15.29
CRWD,2023-11-28 16:00:00-05:00,0.18,0.21,10.85
CRWD,2023-08-30 16:00:00-04:00,0.14,0.19,32.62
CRWD,2023-05-31 16:00:00-04:00,0.13,0.14,13.65
CRWD,2023-03-07 16:00:00-05:00,0.11,0.12,10.45
CRWD,2022-11-29 16:00:00-05:00,0.08,0.1,26.5
CRWD,2022-08-30 16:00:00-04:00,0.07,0.09,31.87
CRWD,2022-06-02 16:00:00-04:00,0.06,0.08,33.21
CRWD,2022-03-09 16:00:00-05:00,0.05,0.08,47.93
CRWD,2021-12-01 16:00:00-05:00,0.02,0.04,72.69
CRWD,2021-08-31 16:00:00-04:00,0.02,0.03,28.93
CRWD,2021-06-03 16:00:00-04:00,0.01,0.03,74.09
CRWD,2021-03-16 16:00:00-04:00,0.02,0.03,53.37
CRWD,2020-12-02 16:00:00-05:00,,0.02,18281.82
CRWD,2020-09-01 20:00:00-04:00,,0.01,488.6
CRWD,2020-06-02 16:00:00-04:00,-0.02,0.01,132.59
CRWD,2020-03-19 16:00:00-04:00,-0.02,,76.3
CRWD,2019-12-05 16:00:00-05:00,-0.03,-0.02,40.23
CRWD,2019-09-05 16:00:00-04:00,-0.06,-0.04,20.72
CRWD,2019-07-18 16:00:00-04:00,-0.12,-0.12,1.23
DBX,2026-11-05 15:00:00-05:00,0.73,,
DBX,2026-08-06 16:00:00-04:00,0.74,0.75,1.53
DBX,2026-05-07 16:00:00-04:00,0.7,0.76,9.07
DBX,2026-02-19 16:00:00-05:00,0.67,0.68,1.58
DBX,2025-11-06 16:00:00-05:00,0.65,0.74,14.08
DBX,2025-08-07 16:00:00-04:00,0.63,0.71,12.32
DBX,2025-05-08 16:00:00-04:00,0.62,0.7,12.55
DBX,2025-02-20 16:00:00-05:00,0.62,0.73,16.81
DBX,2024-11-07 16:00:00-05:00,0.53,0.6,12.7
DBX,2024-08-08 16:00:00-04:00,0.52,0.6,14.64
DBX,2024-05-09 16:00:00-04:00,0.5,0.58,16.41
DBX,2024-02-15 16:00:00-05:00,0.48,0.5,3.43
DBX,2023-11-02 16:00:00-04:00,0.49,0.56,14.18
DBX,2023-08-03 16:00:00-04:00,0.45,0.51,12.48
DBX,2023-05-04 16:00:00-04:00,0.36,0.42,17.0
DBX,2023-02-16 16:00:00-05:00,0.39,0.4,1.57
DBX,2022-11-03 16:00:00-04:00,0.38,0.43,14.64
DBX,2022-08-04 16:00:00-04:00,0.37,0.38,2.7
DBX,2022-05-05 16:00:00-04:00,0.38,0.38,0.23
DBX,2022-02-17 16:00:00-05:00,0.36,0.41,12.44
DBX,2021-11-04 16:00:00-04:00,0.35,0.37,4.72
DBX,2021-08-05 16:00:00-04:00,0.33,0.4,22.31
DBX,2021-05-06 16:00:00-04:00,0.3,0.35,14.98
DBX,2021-02-18 16:00:00-05:00,0.24,0.28,17.8
DBX,2020-11-05 16:00:00-05:00,0.19,0.26,40.06
DBX,2020-08-06 16:00:00-04:00,0.17,0.22,28.51
DBX,2020-05-07 17:00:00-04:00,0.13,0.17,29.01
DBX,2020-02-20 16:00:00-05:00,0.14,0.16,13.19
DBX,2019-11-07 16:00:00-05:00,0.11,0.13,20.08
DBX,2019-08-08 16:00:00-04:00,0.08,0.1,17.8
DBX,2019-05-09 16:00:00-04:00,0.06,0.1,55.47
DBX,2019-02-21 16:00:00-05:00,0.08,0.1,23.26
DBX,2018-11-08 16:00:00-05:00,0.06,0.11,79.12
DBX,2018-08-09 16:00:00-04:00,0.06,0.11,70.28
DBX,2018-05-10 16:00:00-04:00,0.04,0.08,82.23
DIS,2026-11-12 07:00:00-05:00,1.69,,
DIS,2026-08-05 06:00:00-04:00,1.85,2.06,11.09
DIS,2026-05-06 06:00:00-04:00,1.5,1.57,4.98
DIS,2026-02-02 06:00:00-05:00,1.58,1.63,3.44
DIS,2025-11-13 06:00:00-05:00,1.02,1.11,8.42
DIS,2025-08-06 06:00:00-04:00,1.45,1.61,11.3
DIS,2025-05-07 06:00:00-04:00,1.21,1.45,19.79
DIS,2025-02-05 06:00:00-05:00,1.43,1.76,22.94
DIS,2024-11-14 06:00:00-05:00,1.11,1.14,2.75
DIS,2024-08-07 06:00:00-04:00,1.19,1.39,16.38
DIS,2024-05-07 06:00:00-04:00,1.1,1.21,9.8
DIS,2024-02-07 16:00:00-05:00,1.03,1.22,18.24
DIS,2023-11-08 16:00:00-05:00,0.71,0.82,15.11
DIS,2023-08-09 16:00:00-04:00,0.98,1.04,6.77
DIS,2023-05-10 16:00:00-04:00,0.94,0.93,-0.91
DIS,2023-02-08 16:00:00-05:00,0.79,0.99,25.97
DIS,2022-11-08 16:00:00-05:00,0.56,0.3,-46.87
DIS,2022-08-10 16:00:00-04:00,0.99,1.09,9.99
DIS,2022-05-11 16:00:00-04:00,1.19,1.08,-9.15
DIS,2022-02-09 16:00:00-05:00,0.62,1.06,71.97
DIS,2021-11-10 16:00:00-05:00,0.5,0.38,-23.41
DIS,2021-08-12 16:00:00-04:00,0.55,0.8,45.48
DIS,2021-05-13 16:00:00-04:00,0.26,0.79,204.08
DIS,2021-02-11 16:00:00-05:00,-0.34,0.32,194.77
DIS,2020-11-12 16:00:00-05:00,-0.65,-0.2,69.3
DIS,2020-08-04 16:00:00-04:00,-0.67,0.08,111.92
DIS,2020-05-05 17:00:00-04:00,0.9,0.6,-32.97
DIS,2020-02-04 16:00:00-05:00,1.44,1.53,6.29
DIS,2019-11-07 16:00:00-05:00,0.96,1.07,10.99
DIS,2019-08-06 16:00:00-04:00,1.74,1.35,-22.44
DIS,2019-05-08 16:00:00-04:00,1.57,1.61,2.53
DIS,2019-02-05 16:00:00-05:00,1.57,1.84,17.36
DIS,2018-11-08 16:00:00-05:00,1.35,1.48,9.72
DIS,2018-08-07 16:00:00-04:00,1.95,1.87,-3.9
DIS,2018-05-08 16:00:00-04:00,1.7,1.84,8.33
DIS,2018-02-06 16:00:00-05:00,1.61,1.89,17.48
DIS,2017-11-09 16:00:00-05:00,1.12,1.07,-4.32
DIS,2017-08-08 16:00:00-04:00,1.55,1.58,1.97
DIS,2017-05-09 16:00:00-04:00,1.41,1.5,6.3
DIS,2017-02-07 16:00:00-05:00,1.49,1.55,3.7
DIS,2016-11-10 16:00:00-05:00,1.16,1.1,-4.85
DIS,2016-08-09 16:00:00-04:00,1.61,1.62,0.6
DIS,2016-05-10 16:00:00-04:00,1.4,1.36,-2.82
DIS,2016-02-09 16:00:00-05:00,1.45,1.63,12.05
DIS,2015-11-05 16:00:00-05:00,1.14,1.2,5.67
DIS,2015-08-04 16:00:00-04:00,1.42,1.45,2.04
DIS,2015-05-05 08:00:00-04:00,1.11,1.23,10.95
DIS,2015-02-03 16:00:00-05:00,1.06,1.27,19.27
DIS,2014-11-06 16:00:00-05:00,0.89,0.89,0.48
DIS,2014-08-05 16:00:00-04:00,1.17,1.28,9.48
DIS,2014-05-06 16:00:00-04:00,0.96,1.11,15.42
DIS,2014-02-05 16:00:00-05:00,0.92,1.04,13.59
DIS,2013-11-07 16:00:00-05:00,0.76,0.77,1.46
DIS,2013-08-06 16:00:00-04:00,1.01,1.03,1.9
DIS,2013-05-07 16:00:00-04:00,0.77,0.79,2.97
DIS,2013-02-05 16:00:00-05:00,0.77,0.79,2.75
DIS,2012-11-08 16:00:00-05:00,0.68,0.68,0.19
DIS,2012-08-07 16:00:00-04:00,0.93,1.01,9.01
DIS,2012-05-08 16:00:00-04:00,0.55,0.58,5.59
DIS,2012-02-07 16:00:00-05:00,0.71,0.8,12.18
DIS,2011-11-10 16:00:00-05:00,0.54,0.59,8.77
DIS,2011-08-09 16:00:00-04:00,0.72,0.78,7.89
DIS,2011-05-10 16:00:00-04:00,0.57,0.49,-14.03
DIS,2011-02-08 16:00:00-05:00,0.56,0.68,22.33
DIS,2010-11-11 16:00:00-05:00,0.47,0.45,-4.3
DIS,2010-08-10 16:00:00-04:00,0.58,0.67,15.84
DIS,2010-05-11 16:00:00-04:00,0.45,0.48,5.73
DIS,2010-02-09 16:00:00-05:00,0.38,0.47,22.34
DIS,2009-11-12 16:00:00-05:00,0.41,0.46,12.99
DIS,2009-07-30 16:00:00-04:00,0.51,0.52,2.32
DIS,2009-05-05 16:00:00-04:00,0.4,0.43,7.41
DIS,2009-02-03 16:00:00-05:00,0.5,0.41,-18.6
DIS,2008-11-06 16:00:00-05:00,0.49,0.43,-12.16
DIS,2008-07-30 16:00:00-04:00,0.61,0.62,2.36
DIS,2008-05-06 16:00:00-04:00,0.5,0.58,14.9
DIS,2008-02-05 16:00:00-05:00,0.52,0.63,20.52
DIS,2007-11-08 16:00:00-05:00,0.42,0.42,0.76
DIS,2007-08-01 16:00:00-04:00,0.55,0.58,5.05
DIS,2007-05-08 16:00:00-04:00,0.37,0.44,19.43
DIS,2007-02-07 16:00:00-05:00,0.39,0.5,26.81
DIS,2006-11-09 16:00:00-05:00,0.33,0.36,9.09
DIS,2006-08-09 08:00:00-04:00,0.44,0.51,15.55
DIS,2006-05-09 16:00:00-04:00,0.31,0.37,19.74
DIS,2006-02-06 16:00:00-05:00,0.3,0.35,17.85
DIS,2005-11-17 16:00:00-05:00,0.18,0.2,10.27
DIS,2005-08-09 16:00:00-04:00,0.39,0.42,9.02
DIS,2005-05-11 14:00:00-04:00,0.32,0.32,1.27
DIS,2005-01-31 16:00:00-05:00,0.29,0.33,12.18
DIS,2004-11-18 16:00:00-05:00,0.18,0.21,17.54
DIS,2004-08-10 16:00:00-04:00,0.27,0.31,15.71
DIS,2004-05-12 16:00:00-04:00,0.21,0.26,26.83
DIS,2004-02-11 09:00:00-05:00,0.22,0.33,46.81
DIS,2003-11-20 16:00:00-05:00,0.16,0.17,9.04
DIS,2003-07-31 16:00:00-04:00,0.16,0.19,16.11
DIS,2003-05-01 16:00:00-04:00,0.11,0.11,-3.75
DIS,2003-01-30 16:00:00-05:00,0.15,0.17,10.75
DIS,2002-11-07 16:00:00-05:00,0.11,0.11,2.8
DIS,2002-08-01 16:00:00-04:00,0.17,0.17,0.59
DIS,2002-04-25 16:00:00-04:00,0.1,0.13,29.35
DIS,2002-01-31 16:00:00-05:00,0.1,0.15,47.06
DOW,2026-10-22 08:00:00-04:00,0.66,,
DOW,2026-07-23 06:00:00-04:00,1.28,1.44,12.62
DOW,2026-04-23 06:00:00-04:00,-0.29,-0.14,51.7
DOW,2026-01-29 06:00:00-05:00,-0.51,-0.34,33.7
DOW,2025-10-23 07:00:00-04:00,-0.3,-0.19,36.84
DOW,2025-07-24 06:00:00-04:00,-0.17,-0.42,-146.25
DOW,2025-04-24 07:00:00-04:00,-0.01,0.02,249.81
DOW,2025-01-30 06:00:00-05:00,0.24,,-100.0
DOW,2024-10-24 06:00:00-04:00,0.47,0.47,-0.24
DOW,2024-07-25 07:00:00-04:00,0.72,0.68,-5.08
DOW,2024-04-25 07:00:00-04:00,0.45,0.56,23.19
DOW,2024-01-25 07:00:00-05:00,0.4,0.43,8.13
DOW,2023-10-24 06:00:00-04:00,0.45,0.48,7.05
DOW,2023-07-25 07:00:00-04:00,0.71,0.75,6.07
DOW,2023-04-25 07:00:00-04:00,0.37,0.58,55.13
DOW,2023-01-26 06:00:00-05:00,0.57,0.46,-19.17
DOW,2022-10-20 06:00:00-04:00,1.15,1.11,-3.44
DOW,2022-07-21 06:00:00-04:00,2.14,2.31,8.18
DOW,2022-04-21 06:00:00-04:00,2.05,2.34,14.13
DOW,2022-01-27 06:00:00-05:00,2.03,2.15,5.99
DOW,2021-10-21 06:00:00-04:00,2.56,2.75,7.26
DOW,2021-07-22 06:00:00-04:00,2.44,2.72,11.52
DOW,2021-04-22 06:00:00-04:00,1.15,1.36,18.43
DOW,2021-01-28 06:00:00-05:00,0.68,0.81,19.87
DOW,2020-10-22 06:00:00-04:00,0.31,0.5,63.81
DOW,2020-07-23 06:00:00-04:00,-0.25,-0.26,-2.58
DOW,2020-04-30 07:00:00-04:00,0.58,0.59,1.14
DOW,2020-01-29 06:00:00-05:00,0.72,0.78,7.74
DOW,2019-10-24 06:00:00-04:00,0.72,0.91,26.41
DOW,2019-07-25 06:00:00-04:00,0.84,0.86,2.22
DOW,2019-05-02 06:00:00-04:00,0.91,0.7,-23.27
GOOG,2026-10-28 16:00:00-04:00,3.03,,
GOOG,2026-07-22 16:00:00-04:00,2.91,2.85,-2.15
GOOG,2026-04-29 16:00:00-04:00,2.63,2.76,4.95
GOOG,2026-02-04 16:00:00-05:00,2.64,2.82,6.78
GOOG,2025-10-29 16:00:00-04:00,2.26,2.87,26.87
GOOG,2025-07-23 16:00:00-04:00,2.2,2.31,5.09
GOOG,2025-04-24 16:00:00-04:00,2.01,2.81,39.84
GOOG,2025-02-04 16:00:00-05:00,2.13,2.15,1.18
GOOG,2024-10-29 16:00:00-04:00,1.85,2.12,14.74
GOOG,2024-07-23 16:00:00-04:00,1.84,1.89,2.54
GOOG,2024-04-25 16:00:00-04:00,1.51,1.89,25.58
GOOG,2024-01-30 16:00:00-05:00,1.6,1.64,2.53
GOOG,2023-10-24 16:00:00-04:00,1.45,1.55,7.05
GOOG,2023-07-25 16:00:00-04:00,1.34,1.44,7.29
GOOG,2023-04-25 16:00:00-04:00,1.07,1.17,9.45
GOOG,2023-02-02 16:00:00-05:00,1.2,1.05,-12.33
GOOG,2022-10-25 16:00:00-04:00,1.26,1.06,-16.01
GOOG,2022-07-26 16:00:00-04:00,1.29,1.21,-6.05
GOOG,2022-04-26 16:00:00-04:00,1.28,1.23,-3.67
GOOG,2022-02-01 16:00:00-05:00,1.36,1.53,12.52
GOOG,2021-10-26 16:00:00-04:00,1.16,1.4,20.44
GOOG,2021-07-27 16:00:00-04:00,0.96,1.36,42.7
GOOG,2021-04-27 16:00:00-04:00,0.78,1.31,67.88
GOOG,2021-02-02 16:00:00-05:00,0.8,1.12,39.28
GOOG,2020-10-29 16:00:00-04:00,0.56,0.82,46.48
GOOG,2020-07-30 16:00:00-04:00,0.41,0.51,23.4
GOOG,2020-04-28 16:00:00-04:00,0.54,0.49,-8.29
GOOG,2020-02-03 16:00:00-05:00,0.63,0.77,21.89
GOOG,2019-10-28 16:00:00-04:00,0.64,0.55,-14.08
GOOG,2019-07-25 16:00:00-04:00,0.57,0.71,23.88
GOOG,2019-04-29 16:00:00-04:00,0.52,0.6,14.43
GOOG,2019-02-04 16:00:00-05:00,0.55,0.64,16.33
GOOG,2018-10-25 16:00:00-04:00,0.53,0.65,23.99
GOOG,2018-07-23 16:00:00-04:00,0.48,0.59,23.16
GOOG,2018-04-23 16:00:00-04:00,0.46,0.47,2.28
GOOG,2018-02-01 16:00:00-05:00,0.49,0.49,-2.02
GOOG,2017-10-26 16:00:00-04:00,0.42,0.48,13.13
GOOG,2017-07-24 16:00:00-04:00,0.41,0.45,7.37
GOOG,2017-04-27 16:00:00-04:00,0.47,0.5,6.96
GOOG,2017-01-26 16:00:00-05:00,0.48,0.47,-2.62
GOOG,2016-10-27 16:00:00-04:00,0.43,0.45,5.32
GOOG,2016-07-28 16:00:00-04:00,0.4,0.42,4.77
GOOG,2016-04-21 16:00:00-04:00,0.4,0.38,-5.8
GOOG,2016-02-01 16:00:00-05:00,0.4,0.43,7.24
GOOG,2015-10-22 16:00:00-04:00,0.36,0.37,2.0
GOOG,2015-07-16 16:00:00-04:00,0.33,0.35,4.5
GOOG,2015-04-23 16:00:00-04:00,0.33,0.33,-0.58
GOOG,2015-01-29 16:00:00-05:00,0.36,0.34,-3.49
GOOG,2014-10-16 16:00:00-04:00,0.33,0.32,-2.6
GOOG,2014-07-17 16:00:00-04:00,0.33,0.3,-6.95
GOOG,2014-04-16 16:00:00-04:00,0.39,0.31,-19.37
GOOG,2014-01-30 16:00:00-05:00,0.61,0.6,-2.32
GOOG,2013-10-17 16:00:00-04:00,0.52,0.54,3.07
GOOG,2013-07-18 16:00:00-04:00,0.54,0.48,-11.37
GOOG,2013-04-18 16:00:00-04:00,0.53,0.58,8.82
GOOG,2013-01-22 16:00:00-05:00,0.53,0.53,0.87
GOOG,2012-10-18 12:00:00-04:00,0.53,0.45,-15.44
GOOG,2012-07-19 16:00:00-04:00,0.5,0.5,0.26
GOOG,2012-04-12 16:00:00-04:00,0.48,0.5,4.61
GOOG,2012-01-19 16:00:00-05:00,0.52,0.47,-9.33
GOOG,2011-10-13 16:00:00-04:00,0.44,0.48,11.06
GOOG,2011-07-14 16:00:00-04:00,0.39,0.44,11.89
GOOG,2011-04-14 16:00:00-04:00,0.4,0.4,0.01
GOOG,2011-01-20 16:00:00-05:00,0.4,0.44,9.22
GOOG,2010-10-14 16:00:00-04:00,0.33,0.38,14.89
GOOG,2010-07-15 16:00:00-04:00,0.32,0.32,-0.67
GOOG,2010-05-05 19:00:00-04:00,0.33,0.34,1.84
GOOGL,2026-10-28 16:00:00-04:00,3.02,,
GOOGL,2026-07-22 16:00:00-04:00,2.9,9.11,214.23
GOOGL,2026-04-29 16:00:00-04:00,2.67,5.11,91.59
GOOGL,2026-02-04 16:00:00-05:00,2.64,2.82,7.01
GOOGL,2025-10-29 16:00:00-04:00,2.26,2.87,26.88
GOOGL,2025-07-23 16:00:00-04:00,2.19,2.31,5.67
GOOGL,2025-04-24 16:00:00-04:00,2.01,2.81,39.84
GOOGL,2025-02-04 16:00:00-05:00,2.13,2.15,1.18
GOOGL,2024-10-29 16:00:00-04:00,1.85,2.12,14.83
GOOGL,2024-07-23 16:00:00-04:00,1.84,1.89,2.54
GOOGL,2024-04-25 16:00:00-04:00,1.51,1.89,25.58
GOOGL,2024-01-30 16:00:00-05:00,1.6,1.64,2.75
GOOGL,2023-10-24 16:00:00-04:00,1.45,1.55,7.05
GOOGL,2023-07-25 16:00:00-04:00,1.34,1.44,7.29
GOOGL,2023-04-25 16:00:00-04:00,1.07,1.17,9.45
GOOGL,2023-02-02 16:00:00-05:00,1.2,1.05,-12.33
GOOGL,2022-10-25 16:00:00-04:00,1.26,1.06,-16.01
GOOGL,2022-07-26 16:00:00-04:00,1.29,1.21,-6.05
GOOGL,2022-04-26 16:00:00-04:00,1.28,1.23,-3.67
GOOGL,2022-02-01 16:00:00-05:00,1.36,1.53,12.65
GOOGL,2021-10-26 16:00:00-04:00,1.16,1.4,20.44
GOOGL,2021-07-27 16:00:00-04:00,0.96,1.36,42.7
GOOGL,2021-04-27 16:00:00-04:00,0.78,1.31,67.76
GOOGL,2021-02-02 16:00:00-05:00,0.79,1.12,41.85
GOOGL,2020-10-29 16:00:00-04:00,0.56,0.82,46.24
GOOGL,2020-07-30 16:00:00-04:00,0.41,0.51,23.4
GOOGL,2020-04-28 16:00:00-04:00,0.54,0.49,-8.29
GOOGL,2020-02-03 16:00:00-05:00,0.63,0.77,21.89
GOOGL,2019-10-28 16:00:00-04:00,0.62,0.51,-18.75
GOOGL,2019-07-25 16:00:00-04:00,0.57,0.71,23.88
GOOGL,2019-04-29 16:00:00-04:00,0.52,0.6,14.43
GOOGL,2019-02-04 16:00:00-05:00,0.54,0.64,17.57
GOOGL,2018-10-25 16:00:00-04:00,0.52,0.65,25.5
GOOGL,2018-07-23 16:00:00-04:00,0.19,0.23,21.83
GOOGL,2018-04-23 16:00:00-04:00,0.46,0.47,2.28
GOOGL,2018-02-01 16:00:00-05:00,0.49,0.49,-2.02
GOOGL,2017-10-26 16:00:00-04:00,0.42,0.48,13.13
GOOGL,2017-07-24 16:00:00-04:00,0.22,0.25,13.25
GOOGL,2017-04-27 16:00:00-04:00,0.47,0.5,6.16
GOOGL,2017-01-26 16:00:00-05:00,0.48,0.47,-2.66
GOOGL,2016-10-27 16:00:00-04:00,0.34,0.36,8.13
GOOGL,2016-07-28 16:00:00-04:00,0.32,0.35,9.23
GOOGL,2016-04-21 16:00:00-04:00,0.4,0.38,-5.77
GOOGL,2016-02-01 16:00:00-05:00,0.4,0.43,7.13
GOOGL,2015-10-22 16:00:00-04:00,0.36,0.37,2.0
GOOGL,2015-07-16 16:00:00-04:00,0.27,0.25,-8.25
GOOGL,2015-04-23 16:00:00-04:00,0.27,0.26,-2.05
GOOGL,2015-01-29 16:00:00-05:00,0.36,0.34,-3.49
GOOGL,2014-10-16 16:00:00-04:00,0.33,0.32,-2.6
GOOGL,2014-07-17 16:00:00-04:00,0.31,0.3,-2.42
GOOGL,2014-04-16 16:00:00-04:00,0.32,0.31,-2.31
GOOGL,2014-01-30 16:00:00-05:00,0.26,0.25,-3.19
GOOGL,2013-10-17 16:00:00-04:00,0.26,0.27,2.99
GOOGL,2013-07-18 16:00:00-04:00,0.27,0.24,-11.28
GOOGL,2013-04-18 16:00:00-04:00,0.22,0.25,12.69
GOOGL,2013-01-22 16:00:00-05:00,0.26,0.27,0.82
GOOGL,2012-10-18 12:00:00-04:00,0.27,0.23,-15.68
GOOGL,2012-07-19 16:00:00-04:00,0.25,0.25,-0.04
GOOGL,2012-04-12 16:00:00-04:00,0.24,0.25,4.22
GOOGL,2012-01-19 16:00:00-05:00,0.26,0.24,-9.38
GOOGL,2011-10-13 16:00:00-04:00,0.22,0.24,10.91
GOOGL,2011-07-14 16:00:00-04:00,0.2,0.22,11.82
GOOGL,2011-04-14 16:00:00-04:00,0.18,0.18,-1.46
GOOGL,2011-01-20 16:00:00-05:00,0.2,0.22,9.15
GOOGL,2010-10-14 16:00:00-04:00,0.17,0.19,14.9
GOOGL,2010-07-15 16:00:00-04:00,0.14,0.14,0.22
GOOGL,2010-05-05 19:00:00-04:00,0.17,0.17,2.41
GOOGL,2010-01-21 16:00:00-05:00,0.16,0.17,4.88
GOOGL,2009-10-15 16:00:00-04:00,0.14,0.15,8.69
GOOGL,2009-07-16 16:00:00-04:00,0.11,0.12,6.29
GOOGL,2009-04-16 16:00:00-04:00,0.12,0.13,4.93
GOOGL,2009-01-22 16:00:00-05:00,0.12,0.13,3.16
GOOGL,2008-10-16 16:00:00-04:00,0.12,0.12,3.68
GOOGL,2008-07-17 16:00:00-04:00,0.1,0.1,-1.78
GOOGL,2008-04-17 16:00:00-04:00,0.11,0.12,6.86
GOOGL,2008-01-31 16:00:00-05:00,0.11,0.11,-0.82
GOOGL,2007-10-18 16:00:00-04:00,0.09,0.1,3.42
GOOGL,2007-07-19 16:00:00-04:00,0.08,0.07,-2.62
GOOGL,2007-04-19 16:00:00-04:00,0.08,0.09,11.22
GOOGL,2007-01-31 16:00:00-05:00,0.07,0.08,25.0
GOOGL,2006-10-19 16:00:00-04:00,0.06,0.07,9.57
GOOGL,2006-07-20 16:00:00-04:00,0.06,0.06,11.76
GOOGL,2006-04-20 16:00:00-04:00,0.04,0.05,13.98
GOOGL,2006-01-31 16:00:00-05:00,0.04,0.03,-17.32
GOOGL,2005-10-20 16:00:00-04:00,0.03,0.03,8.62
GOOGL,2005-07-21 16:00:00-04:00,0.03,0.03,7.44
GOOGL,2005-04-21 16:00:00-04:00,0.02,0.03,39.43
GOOGL,2005-02-01 16:00:00-05:00,0.02,0.02,19.48
GOOGL,2004-10-21 16:00:00-04:00,-0.01,,184.52
HTZ,2026-11-05 07:00:00-05:00,0.26,,
HTZ,2026-08-06 08:00:00-04:00,-0.25,-0.11,55.82
HTZ,2026-05-07 08:00:00-04:00,-0.72,-0.72,-0.28
HTZ,2026-02-26 08:00:00-05:00,-0.52,-0.63,-22.24
HTZ,2025-11-04 08:00:00-05:00,0.07,0.12,83.8
HTZ,2025-08-07 08:00:00-04:00,-0.41,-0.34,17.43
HTZ,2025-05-12 17:00:00-04:00,-0.98,-1.12,-14.62
HTZ,2025-02-13 08:00:00-05:00,-0.72,-1.18,-63.85
HTZ,2024-11-12 08:00:00-05:00,-0.47,-0.68,-43.8
HTZ,2024-08-01 08:00:00-04:00,-1.26,-1.44,-14.06
HTZ,2024-04-25 07:00:00-04:00,-0.43,-1.28,-197.17
HTZ,2024-02-06 07:00:00-05:00,-0.76,-1.36,-79.79
HTZ,2023-10-26 07:00:00-04:00,0.83,0.7,-15.56
HTZ,2023-07-27 07:00:00-04:00,0.64,0.72,12.15
HTZ,2023-04-27 07:00:00-04:00,0.21,0.39,88.88
HTZ,2023-02-07 07:00:00-05:00,0.47,0.5,6.84
HTZ,2022-10-27 07:00:00-04:00,1.06,1.08,2.34
HTZ,2022-07-28 07:00:00-04:00,1.2,1.22,1.33
HTZ,2022-04-27 16:00:00-04:00,0.86,0.87,1.13
HTZ,2022-02-23 16:00:00-05:00,0.74,0.91,22.68
HTZ,2021-10-28 07:00:00-04:00,0.93,1.2,29.24
HTZ,2021-08-09 07:00:00-04:00,0.7,2.55,264.29
IBKR,2026-10-15 16:00:00-04:00,0.68,,
IBKR,2026-07-21 16:00:00-04:00,0.64,0.69,7.98
IBKR,2026-04-21 16:00:00-04:00,0.6,0.6,0.1
IBKR,2026-01-20 16:00:00-05:00,0.59,0.65,11.05
IBKR,2025-10-16 16:00:00-04:00,0.54,0.57,6.05
IBKR,2025-07-17 16:00:00-04:00,0.47,0.51,8.82
IBKR,2025-04-15 16:00:00-04:00,0.48,0.47,-2.73
IBKR,2025-01-21 16:00:00-05:00,0.46,0.51,9.37
IBKR,2024-10-15 16:00:00-04:00,0.45,0.44,-3.77
IBKR,2024-07-16 16:00:00-04:00,0.43,0.44,1.2
IBKR,2024-04-16 16:00:00-04:00,0.41,0.41,0.53
IBKR,2024-01-16 16:00:00-05:00,0.39,0.38,-1.72
IBKR,2023-10-17 16:00:00-04:00,0.38,0.39,2.5
IBKR,2023-07-18 16:00:00-04:00,0.35,0.33,-5.76
IBKR,2023-04-18 16:00:00-04:00,0.35,0.34,-4.52
IBKR,2023-01-17 16:00:00-05:00,0.29,0.33,11.18
IBKR,2022-10-18 16:00:00-04:00,0.24,0.27,13.24
IBKR,2022-07-19 16:00:00-04:00,0.23,0.21,-6.91
IBKR,2022-04-19 16:00:00-04:00,0.21,0.21,-0.56
IBKR,2022-01-18 16:00:00-05:00,0.2,0.21,1.63
IBKR,2021-10-19 16:00:00-04:00,0.19,0.2,2.36
IBKR,2021-07-20 16:00:00-04:00,0.21,0.21,-1.68
IBKR,2021-04-20 16:00:00-04:00,0.23,0.25,8.49
IBKR,2021-01-19 16:00:00-05:00,0.15,0.17,17.35
IBKR,2020-10-20 16:00:00-04:00,0.14,0.13,-3.34
IBKR,2020-07-20 21:00:00-04:00,0.08,0.14,81.04
IBKR,2020-04-21 16:00:00-04:00,0.17,0.17,2.07
IBKR,2020-01-21 16:00:00-05:00,0.15,0.14,-3.33
IBKR,2019-10-15 16:00:00-04:00,0.13,0.11,-12.79
IBKR,2019-07-16 16:00:00-04:00,0.14,0.11,-21.1
IBKR,2019-04-16 16:00:00-04:00,0.13,-0.03,-123.48
IBKR,2019-01-22 16:00:00-05:00,0.15,0.14,-6.25
IBKR,2018-10-16 16:00:00-04:00,0.13,0.13,1.5
IBKR,2018-07-17 16:00:00-04:00,0.11,0.1,-7.58
IBKR,2018-04-17 16:00:00-04:00,0.15,0.16,7.69
IBKR,2018-01-16 16:00:00-05:00,0.1,0.11,8.04
IBKR,2017-10-17 16:00:00-04:00,0.09,0.11,16.22
IBKR,2017-07-18 16:00:00-04:00,0.09,0.08,-10.11
IBKR,2017-04-18 16:00:00-04:00,0.1,0.09,-11.11
IBKR,2017-01-17 16:00:00-05:00,0.05,0.02,-64.29
IBKR,2016-10-18 16:00:00-04:00,0.08,0.08,-6.25
IBKR,2016-07-19 16:00:00-04:00,0.09,0.1,16.8
IBKR,2016-04-19 16:00:00-04:00,0.11,0.13,19.53
IBKR,2016-01-19 16:00:00-05:00,0.07,0.06,-15.73
IBKR,2015-10-20 16:00:00-04:00,0.09,0.09,-2.78
IBKR,2015-07-21 16:00:00-04:00,0.09,0.09,4.23
IBKR,2015-04-21 16:00:00-04:00,-0.02,-0.05,-186.91
IBKR,2015-01-20 16:00:00-05:00,0.01,0.03,111.71
IBKR,2014-10-21 16:00:00-04:00,0.06,0.01,-79.17
IBKR,2014-07-15 16:00:00-04:00,0.07,0.07,-9.31
IBKR,2014-04-15 16:00:00-04:00,0.07,0.09,17.24
IBKR,2014-01-21 16:00:00-05:00,0.06,0.02,-70.21
IBKR,2013-10-15 16:00:00-04:00,0.08,0.08,-4.49
IBKR,2013-07-16 16:00:00-04:00,0.05,0.05,0.38
IBKR,2013-04-16 16:00:00-04:00,0.04,0.04,-8.78
IBKR,2013-01-15 16:00:00-05:00,0.05,0.05,3.48
IBKR,2012-10-16 16:00:00-04:00,0.09,0.08,-14.18
IBKR,2012-07-17 16:00:00-04:00,0.04,0.02,-39.9
IBKR,2012-04-19 16:00:00-04:00,0.09,0.08,-11.93
IBKR,2012-01-19 16:00:00-05:00,0.06,0.07,21.25
IBKR,2011-10-20 16:00:00-04:00,0.06,0.09,62.4
IBKR,2011-07-21 16:00:00-04:00,0.08,0.08,-7.7
IBKR,2011-04-21 08:00:00-04:00,0.07,0.1,51.38
IBKR,2011-01-20 16:00:00-05:00,0.05,0.04,-20.38
IBKR,2010-10-21 16:00:00-04:00,0.04,0.07,55.84
IBKR,2010-07-22 16:00:00-04:00,0.04,0.02,-44.28
IBKR,2010-04-22 15:00:00-04:00,0.05,0.02,-53.24
IBKR,2010-01-21 16:00:00-05:00,0.07,0.02,-78.33
IBKR,2009-10-22 16:00:00-04:00,0.09,0.05,-43.09
IBKR,2009-07-23 16:00:00-04:00,0.09,0.08,-9.71
IBKR,2009-04-23 16:00:00-04:00,0.12,0.08,-36.51
IBKR,2009-01-22 07:00:00-05:00,0.13,0.12,-6.96
IBKR,2008-10-23 16:00:00-04:00,0.15,0.16,7.14
IBKR,2008-07-24 16:00:00-04:00,0.13,0.11,-12.58
IBKR,2008-04-24 16:00:00-04:00,0.12,0.17,32.88
IBKR,2008-01-24 16:00:00-05:00,0.11,0.12,6.98
IBKR,2007-10-25 16:00:00-04:00,0.08,0.13,60.61
IBKR,2007-07-26 16:00:00-04:00,0.08,0.08,1.54
INTC,2026-10-22 16:00:00-04:00,0.39,,
INTC,2026-07-23 16:00:00-04:00,0.22,0.42,94.59
INTC,2026-04-23 16:00:00-04:00,0.01,0.29,2108.68
INTC,2026-01-22 16:00:00-05:00,0.08,0.15,81.51
INTC,2025-10-23 16:00:00-04:00,0.01,0.23,3162.41
INTC,2025-07-24 16:00:00-04:00,0.01,-0.1,-1169.52
INTC,2025-04-24 16:00:00-04:00,,0.13,2769.76
INTC,2025-01-30 16:00:00-05:00,0.12,0.13,8.71
INTC,2024-10-31 16:00:00-04:00,-0.03,-0.46,-1533.52
INTC,2024-08-01 12:00:00-04:00,0.1,0.02,-80.18
INTC,2024-04-25 16:00:00-04:00,0.14,0.18,31.74
INTC,2024-01-25 16:00:00-05:00,0.45,0.54,20.29
INTC,2023-10-26 16:00:00-04:00,0.22,0.41,87.04
INTC,2023-07-27 16:00:00-04:00,-0.03,0.13,546.43
INTC,2023-04-27 16:00:00-04:00,-0.14,-0.04,72.19
INTC,2023-01-26 16:00:00-05:00,0.2,0.1,-50.48
INTC,2022-10-27 16:00:00-04:00,0.33,0.59,80.04
INTC,2022-07-28 16:00:00-04:00,0.7,0.29,-58.29
INTC,2022-04-28 16:00:00-04:00,0.8,0.87,9.16
INTC,2022-01-26 16:00:00-05:00,0.91,1.09,19.78
INTC,2021-10-21 16:00:00-04:00,1.11,1.71,53.61
INTC,2021-07-22 16:00:00-04:00,1.07,1.28,19.28
INTC,2021-04-22 16:00:00-04:00,1.14,1.39,21.71
INTC,2021-01-21 16:00:00-05:00,1.11,1.52,36.91
INTC,2020-10-22 16:00:00-04:00,1.11,1.11,0.23
INTC,2020-07-23 16:00:00-04:00,1.11,1.23,10.61
INTC,2020-04-23 16:00:00-04:00,1.26,1.45,14.95
INTC,2020-01-23 16:00:00-05:00,1.25,1.52,21.4
INTC,2019-10-24 16:00:00-04:00,1.24,1.42,14.56
INTC,2019-07-25 16:00:00-04:00,0.9,1.06,17.96
INTC,2019-04-25 16:00:00-04:00,0.87,0.89,2.35
INTC,2019-01-24 16:00:00-05:00,1.22,1.28,4.56
INTC,2018-10-25 16:00:00-04:00,1.15,1.4,21.92
INTC,2018-07-26 16:00:00-04:00,0.97,1.04,6.98
INTC,2018-04-26 16:00:00-04:00,0.72,0.87,21.15
INTC,2018-01-25 18:00:00-05:00,0.87,1.08,24.67
INTC,2017-10-26 16:00:00-04:00,0.8,1.01,25.75
INTC,2017-07-27 16:00:00-04:00,0.68,0.72,6.05
INTC,2017-04-27 16:00:00-04:00,0.65,0.66,2.0
INTC,2017-01-26 16:00:00-05:00,0.75,0.79,5.69
INTC,2016-10-18 16:00:00-04:00,0.72,0.8,10.74
INTC,2016-07-20 16:00:00-04:00,0.53,0.59,10.81
INTC,2016-04-19 16:00:00-04:00,0.48,0.54,12.78
INTC,2016-01-14 16:00:00-05:00,0.63,0.74,17.03
INTC,2015-10-13 16:00:00-04:00,0.59,0.64,8.84
INTC,2015-07-15 16:00:00-04:00,0.5,0.55,10.06
INTC,2015-04-27 19:00:00-04:00,0.41,0.41,-0.78
INTC,2015-01-15 16:00:00-05:00,0.66,0.74,12.06
INTC,2014-10-14 16:00:00-04:00,0.65,0.66,2.0
INTC,2014-07-15 16:00:00-04:00,0.52,0.55,5.08
INTC,2014-04-25 19:00:00-04:00,0.37,0.38,1.86
INTC,2014-01-16 16:00:00-05:00,0.52,0.51,-2.33
INTC,2013-10-15 16:00:00-04:00,0.53,0.58,9.05
INTC,2013-07-17 16:00:00-04:00,0.4,0.39,-1.46
INTC,2013-04-16 16:00:00-04:00,0.44,0.4,-8.83
INTC,2013-01-17 16:00:00-05:00,0.49,0.51,3.7
INTC,2012-10-16 16:00:00-04:00,0.52,0.6,14.89
INTC,2012-07-17 16:00:00-04:00,0.55,0.57,4.18
INTC,2012-04-17 16:00:00-04:00,0.53,0.56,6.09
INTC,2012-01-19 16:00:00-05:00,0.63,0.68,7.14
INTC,2011-10-18 16:00:00-04:00,0.61,0.69,13.23
INTC,2011-07-20 16:00:00-04:00,0.51,0.59,15.62
INTC,2011-04-19 16:00:00-04:00,0.46,0.59,29.27
INTC,2011-01-13 16:00:00-05:00,0.53,0.59,10.97
INTC,2010-10-12 16:00:00-04:00,0.5,0.52,4.49
INTC,2010-07-13 16:00:00-04:00,0.43,0.51,19.61
INTC,2010-04-13 15:00:00-04:00,0.38,0.43,13.02
INTC,2010-01-14 16:00:00-05:00,0.42,0.55,30.76
INTC,2009-10-13 16:00:00-04:00,0.28,0.33,18.28
INTC,2009-07-14 16:00:00-04:00,0.09,0.18,104.69
INTC,2009-04-14 16:00:00-04:00,0.03,0.11,285.83
INTC,2009-01-15 16:00:00-05:00,0.05,0.04,-26.98
INTC,2008-10-14 16:00:00-04:00,0.34,0.35,2.64
INTC,2008-07-16 04:00:00-04:00,0.26,0.28,9.3
INTC,2008-04-15 16:00:00-04:00,0.26,0.25,-2.87
INTC,2008-01-15 16:00:00-05:00,0.4,0.38,-4.77
INTC,2007-10-16 16:00:00-04:00,0.3,0.31,2.78
INTC,2007-07-17 16:00:00-04:00,0.19,0.19,-1.08
INTC,2007-04-17 16:00:00-04:00,0.22,0.22,0.83
INTC,2007-01-16 16:00:00-05:00,0.25,0.25,1.87
INTC,2006-10-17 16:00:00-04:00,0.17,0.21,20.69
INTC,2006-07-19 16:00:00-04:00,0.13,0.15,12.9
INTC,2006-04-19 16:00:00-04:00,0.22,0.23,5.02
INTC,2006-01-17 16:00:00-05:00,0.43,0.4,-6.76
INTC,2005-10-18 16:00:00-04:00,0.34,0.38,10.34
INTC,2005-07-19 16:00:00-04:00,0.33,0.33,0.8
INTC,2005-04-19 16:00:00-04:00,0.31,0.34,10.39
INTC,2005-01-11 16:00:00-05:00,0.31,0.33,5.77
INTC,2004-10-12 16:00:00-04:00,0.27,0.26,-2.84
INTC,2004-07-13 16:00:00-04:00,0.27,0.27,0.75
INTC,2004-04-13 16:00:00-04:00,0.27,0.28,3.84
INTC,2004-01-14 16:00:00-05:00,0.25,0.27,7.56
INTC,2003-10-14 16:00:00-04:00,0.23,0.25,7.69
INTC,2003-07-15 16:00:00-04:00,0.13,0.14,6.83
INTC,2003-04-15 16:00:00-04:00,0.12,0.14,20.1
INTC,2003-01-14 16:00:00-05:00,0.14,0.16,14.05
INTC,2002-10-15 16:00:00-04:00,0.13,0.11,-12.41
INTC,2002-07-16 16:00:00-04:00,0.11,0.1,-9.41
INTC,2002-07-16 16:00:00-04:00,0.11,0.12,11.8
INTC,2002-04-16 16:00:00-04:00,0.15,0.15,2.4
MGRC,2026-10-28 16:00:00-04:00,1.85,,
MGRC,2026-07-29 16:00:00-04:00,1.46,1.32,-9.59
MGRC,2026-04-29 16:00:00-04:00,1.13,1.1,-2.49
MGRC,2026-02-25 16:00:00-05:00,1.71,2.03,18.45
MGRC,2025-10-23 16:00:00-04:00,1.82,1.72,-5.36
MGRC,2025-07-24 16:00:00-04:00,1.22,1.47,19.9
MGRC,2025-04-24 16:00:00-04:00,0.92,1.15,25.34
MGRC,2025-02-19 16:00:00-05:00,1.49,1.65,10.66
MGRC,2024-10-24 16:00:00-04:00,1.27,1.87,46.91
MGRC,2024-07-25 16:00:00-04:00,1.25,1.2,-4.18
MGRC,2024-04-25 16:00:00-04:00,0.73,0.93,27.73
MGRC,2024-02-21 16:00:00-05:00,1.37,1.3,-4.76
MGRC,2023-10-26 16:00:00-04:00,1.25,1.65,32.0
MGRC,2023-07-27 16:00:00-04:00,1.0,1.14,13.43
MGRC,2023-05-04 16:00:00-04:00,0.69,0.52,-24.01
MGRC,2023-02-22 16:00:00-05:00,1.38,1.62,17.39
MGRC,2022-10-27 16:00:00-04:00,1.17,1.25,6.84
MGRC,2022-07-28 16:00:00-04:00,0.9,1.07,19.55
MGRC,2022-04-28 16:00:00-04:00,0.72,0.77,6.94
MGRC,2022-02-23 16:00:00-05:00,1.15,1.16,1.31
MGRC,2021-10-28 16:00:00-04:00,1.22,0.95,-22.13
MGRC,2021-08-03 16:00:00-04:00,0.91,0.84,-7.69
MGRC,2021-04-28 16:00:00-04:00,0.77,0.71,-7.19
MGRC,2021-02-23 16:00:00-05:00,1.05,1.27,20.95
MGRC,2020-10-29 16:00:00-04:00,1.02,1.15,12.38
MGRC,2020-07-29 16:00:00-04:00,0.4,0.92,131.93
MGRC,2020-04-29 16:00:00-04:00,0.75,0.81,8.72
MGRC,2020-02-25 16:00:00-05:00,0.94,1.07,14.23
MGRC,2019-10-29 16:00:00-04:00,1.03,1.32,27.54
MGRC,2019-07-30 16:00:00-04:00,0.73,0.79,8.97
MGRC,2019-04-30 16:00:00-04:00,0.65,0.75,15.38
MGRC,2019-02-26 16:00:00-05:00,0.78,0.99,27.74
MGRC,2018-10-30 16:00:00-04:00,0.9,1.01,12.22
MGRC,2018-07-31 16:00:00-04:00,0.64,0.65,1.56
MGRC,2018-05-01 16:00:00-04:00,0.47,0.59,27.35
MGRC,2018-02-27 16:00:00-05:00,0.49,0.69,42.43
MGRC,2017-10-31 16:00:00-04:00,0.57,0.69,21.05
MGRC,2017-08-02 16:00:00-04:00,0.39,0.48,24.14
MGRC,2017-05-02 16:00:00-04:00,0.28,0.33,17.86
MGRC,2017-02-28 16:00:00-05:00,0.46,0.4,-13.04
MGRC,2016-11-01 16:00:00-04:00,0.52,0.54,4.52
MGRC,2016-08-02 16:00:00-04:00,0.34,0.38,11.76
MGRC,2016-05-03 16:00:00-04:00,0.27,0.27,-1.22
MGRC,2016-02-25 16:00:00-05:00,0.51,0.48,-5.26
MGRC,2015-10-29 16:00:00-04:00,0.48,0.54,12.5
MGRC,2015-07-30 16:00:00-04:00,0.39,0.32,-18.64
MGRC,2015-04-30 16:00:00-04:00,0.35,0.26,-25.0
MGRC,2015-02-26 16:00:00-05:00,0.5,0.53,6.0
MGRC,2014-10-29 16:00:00-04:00,0.52,0.53,1.92
MGRC,2014-07-31 16:00:00-04:00,0.38,0.39,2.63
MGRC,2014-04-30 16:00:00-04:00,0.36,0.3,-15.89
MGRC,2014-02-27 16:00:00-05:00,0.49,0.45,-8.16
MGRC,2013-10-30 16:00:00-04:00,0.49,0.48,-2.04
MGRC,2013-07-31 16:00:00-04:00,0.45,0.38,-16.18
MGRC,2013-05-01 16:00:00-04:00,0.38,0.36,-6.09
MGRC,2013-02-21 16:00:00-05:00,0.42,0.47,11.9
MGRC,2012-11-01 16:00:00-04:00,0.5,0.5,
MGRC,2012-07-31 16:00:00-04:00,0.48,0.42,-11.58
MGRC,2012-05-03 16:00:00-04:00,0.41,0.39,-4.88
MGRC,2012-02-29 16:00:00-05:00,0.43,0.53,23.26
MGRC,2011-11-03 16:00:00-04:00,0.47,0.62,32.86
MGRC,2011-08-04 16:00:00-04:00,0.35,0.46,31.43
MGRC,2011-05-05 16:00:00-04:00,0.38,0.39,4.0
MGRC,2011-02-23 16:00:00-05:00,0.37,0.52,40.54
MGRC,2010-11-01 16:00:00-04:00,0.4,0.4,
MGRC,2010-08-05 16:00:00-04:00,0.32,0.31,-2.11
MGRC,2010-05-06 16:00:00-04:00,0.28,0.28,-1.18
MGRC,2010-02-24 16:00:00-05:00,0.3,0.37,23.33
MGRC,2009-11-05 16:00:00-05:00,0.35,0.4,14.29
MGRC,2009-08-06 16:00:00-04:00,0.29,0.3,2.39
MGRC,2009-05-07 16:00:00-04:00,0.27,0.33,22.22
MGRC,2009-02-25 16:00:00-05:00,0.39,0.39,-0.76
MGRC,2008-11-06 16:00:00-05:00,0.48,0.48,0.63
MGRC,2008-08-07 16:00:00-04:00,0.4,0.42,5.79
MGRC,2008-05-08 16:00:00-04:00,0.38,0.43,12.27
MGRC,2008-02-21 16:00:00-05:00,0.47,0.47,-0.63
MGRC,2007-11-01 16:00:00-04:00,0.51,0.46,-8.91
MGRC,2007-08-02 16:00:00-04:00,0.34,0.36,4.96
MGRC,2007-05-03 16:00:00-04:00,0.33,0.37,11.11
MGRC,2007-02-22 16:00:00-05:00,0.37,0.42,13.51
MGRC,2006-11-02 16:00:00-05:00,0.39,0.5,29.87
MGRC,2006-08-03 16:00:00-04:00,0.37,0.37,
MGRC,2006-05-04 16:00:00-04:00,0.33,0.31,-4.62
MGRC,2006-02-23 16:00:00-05:00,0.46,0.47,2.17
MGRC,2005-11-03 16:00:00-05:00,0.38,0.48,26.32
MGRC,2001-12-30 19:00:00-05:00,0.31,0.21,-31.15
MGRC,2001-11-08 16:00:00-05:00,0.29,0.29,
MGRC,2001-08-08 16:00:00-04:00,0.29,0.31,6.9
MGRC,2001-05-09 16:00:00-04:00,0.26,0.27,3.85
MGRC,2001-02-28 16:00:00-05:00,0.27,0.25,-5.66
MGRC,2000-11-09 16:00:00-05:00,0.31,0.37,17.74
MGRC,2000-08-03 09:00:00-04:00,0.25,0.26,6.12
MGRC,2000-05-11 09:00:00-04:00,0.22,0.23,4.65
MGRC,2000-02-16 09:00:00-05:00,0.24,0.24,-2.08
MORN,2026-10-28 16:00:00-04:00,2.97,,
MORN,2026-07-29 16:00:00-04:00,2.83,3.1,9.56
MORN,2026-04-29 16:00:00-04:00,2.66,3.18,19.48
MORN,2026-02-12 16:00:00-05:00,2.36,2.71,14.83
MORN,2025-10-29 16:00:00-04:00,2.42,2.55,5.47
MORN,2025-07-30 16:00:00-04:00,2.19,2.4,9.38
MORN,2025-04-30 16:00:00-04:00,2.06,2.23,8.31
MORN,2025-02-26 16:00:00-05:00,2.06,2.14,3.76
MORN,2024-10-23 16:00:00-04:00,2.0,2.0,-0.15
MORN,2017-07-25 16:00:00-04:00,0.58,0.65,12.07
MORN,2017-04-21 16:00:00-04:00,0.7,0.42,-40.0
MORN,2017-02-21 16:00:00-05:00,0.77,0.77,
MORN,2016-10-20 16:00:00-04:00,0.77,0.7,-9.09
MORN,2016-07-21 16:00:00-04:00,0.73,0.73,
MORN,2016-04-21 16:00:00-04:00,0.73,0.67,-8.22
MORN,2016-02-17 16:00:00-05:00,0.8,0.85,6.25
MORN,2015-10-21 16:00:00-04:00,0.83,0.76,-8.43
MORN,2015-07-22 16:00:00-04:00,0.69,0.72,4.35
MORN,2015-04-22 16:00:00-04:00,0.68,0.67,-0.74
MORN,2015-02-11 16:00:00-05:00,0.66,0.71,7.58
MORN,2014-10-22 16:00:00-04:00,0.7,0.67,-4.29
MORN,2014-07-23 16:00:00-04:00,0.66,0.63,-4.55
MORN,2014-04-23 16:00:00-04:00,0.67,0.58,-12.78
MORN,2014-02-12 16:00:00-05:00,0.77,0.68,-11.69
MORN,2013-10-23 16:00:00-04:00,0.61,0.68,11.48
MORN,2013-07-24 16:00:00-04:00,0.66,0.66,
MORN,2011-04-27 16:00:00-04:00,0.46,0.44,-4.35
MORN,2011-02-17 05:00:00-05:00,0.45,0.54,21.35
MORN,2010-10-27 16:00:00-04:00,0.47,0.41,-12.77
MORN,2010-07-28 16:00:00-04:00,0.5,0.36,-28.0
MORN,2010-04-28 16:00:00-04:00,0.48,0.4,-16.67
MORN,2010-02-18 16:00:00-05:00,0.42,0.39,-7.14
MORN,2009-10-29 16:00:00-04:00,0.43,0.45,4.65
MORN,2009-07-30 16:00:00-04:00,0.47,0.41,-12.77
MORN,2009-04-30 16:00:00-04:00,0.39,0.51,30.77
MORN,2009-02-19 16:00:00-05:00,0.43,0.39,-9.93
MORN,2008-10-30 16:00:00-04:00,0.51,0.45,-12.28
MORN,2008-07-31 16:00:00-04:00,0.49,0.57,16.33
MORN,2008-05-01 16:00:00-04:00,0.44,0.47,7.55
MORN,2008-02-21 16:00:00-05:00,0.43,0.41,-5.31
MORN,2007-11-01 07:00:00-04:00,0.39,0.41,5.13
MORN,2007-08-02 08:00:00-04:00,0.35,0.51,47.83
MORN,2007-05-03 08:00:00-04:00,0.36,0.36,1.41
MORN,2007-02-22 08:00:00-05:00,0.28,0.29,1.75
MORN,2006-11-02 07:00:00-05:00,0.27,0.29,7.41
MSFT,2026-10-28 16:00:00-04:00,4.72,,
MSFT,2026-07-29 16:00:00-04:00,4.24,4.74,11.81
MSFT,2026-04-29 16:00:00-04:00,4.07,4.27,4.9
MSFT,2026-01-28 16:00:00-05:00,3.92,4.14,5.69
MSFT,2025-10-29 16:00:00-04:00,3.66,4.13,12.73
MSFT,2025-07-30 16:00:00-04:00,3.38,3.65,8.09
MSFT,2025-04-30 16:00:00-04:00,3.22,3.46,7.4
MSFT,2025-01-29 16:00:00-05:00,3.12,3.23,3.47
MSFT,2024-10-30 16:00:00-04:00,3.11,3.3,6.13
MSFT,2024-07-30 16:00:00-04:00,2.94,2.95,0.23
MSFT,2024-04-25 16:00:00-04:00,2.84,2.94,3.4
MSFT,2024-01-30 16:00:00-05:00,2.77,2.93,5.83
MSFT,2023-10-24 16:00:00-04:00,2.65,2.99,12.85
MSFT,2023-07-25 16:00:00-04:00,2.55,2.69,5.59
MSFT,2023-04-25 16:00:00-04:00,2.23,2.45,9.77
MSFT,2023-01-24 16:00:00-05:00,2.32,2.32,0.21
MSFT,2022-10-25 16:00:00-04:00,2.31,2.35,1.92
MSFT,2022-07-26 16:00:00-04:00,2.29,2.23,-2.69
MSFT,2022-04-26 16:00:00-04:00,2.2,2.22,1.06
MSFT,2022-01-25 16:00:00-05:00,2.32,2.48,6.97
MSFT,2021-10-26 16:00:00-04:00,2.08,2.27,9.3
MSFT,2021-07-27 16:00:00-04:00,1.93,2.17,12.71
MSFT,2021-04-27 16:00:00-04:00,1.78,1.95,9.67
MSFT,2021-01-26 16:00:00-05:00,1.64,2.03,23.99
MSFT,2020-10-27 16:00:00-04:00,1.55,1.82,17.72
MSFT,2020-07-22 16:00:00-04:00,1.37,1.46,6.42
MSFT,2020-04-29 16:00:00-04:00,1.27,1.4,10.34
MSFT,2020-01-29 16:00:00-05:00,1.32,1.51,13.96
MSFT,2019-10-23 16:00:00-04:00,1.24,1.38,10.98
MSFT,2019-07-18 16:00:00-04:00,1.21,1.37,12.88
MSFT,2019-04-24 16:00:00-04:00,1.0,1.14,14.17
MSFT,2019-01-30 16:00:00-05:00,1.09,1.1,0.82
MSFT,2018-10-24 16:00:00-04:00,0.97,1.14,18.12
MSFT,2018-07-19 16:00:00-04:00,1.08,1.13,4.84
MSFT,2018-04-26 16:00:00-04:00,0.85,0.95,11.74
MSFT,2018-01-31 16:00:00-05:00,0.87,0.96,10.93
MSFT,2017-10-26 16:00:00-04:00,0.73,0.84,15.42
MSFT,2017-07-20 16:00:00-04:00,0.71,0.98,38.72
MSFT,2017-04-27 16:00:00-04:00,0.7,0.73,4.67
MSFT,2017-01-26 16:00:00-05:00,0.79,0.84,6.98
MSFT,2016-10-20 16:00:00-04:00,0.68,0.76,11.39
MSFT,2016-07-19 16:00:00-04:00,0.58,0.69,18.18
MSFT,2016-04-21 16:00:00-04:00,0.64,0.62,-2.95
MSFT,2016-01-28 16:00:00-05:00,0.71,0.78,10.04
MSFT,2015-10-22 16:00:00-04:00,0.59,0.67,14.49
MSFT,2015-07-21 16:00:00-04:00,0.57,0.62,9.23
MSFT,2015-04-23 16:00:00-04:00,0.53,0.62,17.33
MSFT,2015-01-26 16:00:00-05:00,0.74,0.77,4.1
MSFT,2014-10-23 16:00:00-04:00,0.54,0.65,19.92
MSFT,2014-07-22 16:00:00-04:00,0.6,0.55,-8.35
MSFT,2014-04-24 16:00:00-04:00,0.63,0.68,8.17
MSFT,2014-01-23 16:00:00-05:00,0.68,0.78,14.36
MSFT,2013-10-24 16:00:00-04:00,0.54,0.62,13.99
MSFT,2013-07-18 16:00:00-04:00,0.74,0.66,-11.37
MSFT,2013-04-18 16:00:00-04:00,0.67,0.72,7.91
MSFT,2013-01-24 16:00:00-05:00,0.76,0.76,0.53
MSFT,2012-10-18 16:00:00-04:00,0.56,0.53,-5.69
MSFT,2012-07-19 16:00:00-04:00,0.62,0.73,18.08
MSFT,2012-04-19 16:00:00-04:00,0.58,0.6,2.86
MSFT,2012-01-19 16:00:00-05:00,0.76,0.78,3.15
MSFT,2011-10-20 16:00:00-04:00,0.68,0.68,0.28
MSFT,2011-07-21 16:00:00-04:00,0.58,0.69,19.41
MSFT,2011-04-28 16:00:00-04:00,0.56,0.61,9.61
MSFT,2011-01-27 19:00:00-05:00,0.68,0.77,12.95
MSFT,2010-10-28 16:00:00-04:00,0.55,0.62,13.02
MSFT,2010-07-22 16:00:00-04:00,0.46,0.51,9.87
MSFT,2010-04-22 15:00:00-04:00,0.42,0.45,6.15
MSFT,2010-01-28 16:00:00-05:00,0.59,0.74,25.26
MSFT,2009-10-23 08:00:00-04:00,0.32,0.4,24.85
MSFT,2009-07-23 16:00:00-04:00,0.36,0.36,-1.13
MSFT,2009-04-23 16:00:00-04:00,0.39,0.39,0.34
MSFT,2009-01-22 09:00:00-05:00,0.49,0.47,-4.68
MSFT,2008-10-23 16:00:00-04:00,0.47,0.48,1.94
MSFT,2008-07-17 16:00:00-04:00,0.47,0.46,-2.71
MSFT,2008-04-24 16:00:00-04:00,0.44,0.47,6.44
MSFT,2008-01-24 16:00:00-05:00,0.46,0.5,8.84
MSFT,2007-10-25 16:00:00-04:00,0.39,0.45,15.69
MSFT,2007-07-19 16:00:00-04:00,0.34,0.31,-8.42
MSFT,2007-04-26 16:00:00-04:00,0.46,0.5,9.18
MSFT,2007-01-25 16:00:00-05:00,0.24,0.26,9.86
MSFT,2006-10-26 16:00:00-04:00,0.31,0.35,12.9
MSFT,2006-07-20 16:00:00-04:00,0.3,0.31,3.1
MSFT,2006-04-27 16:00:00-04:00,0.33,0.32,-3.03
MSFT,2006-01-26 16:00:00-05:00,0.36,0.36,-0.44
MSFT,2005-10-27 16:00:00-04:00,0.34,0.34,1.23
MSFT,2005-07-21 16:00:00-04:00,0.31,0.33,7.22
MSFT,2005-04-28 16:00:00-04:00,0.32,0.32,0.82
MSFT,2005-01-27 16:00:00-05:00,0.33,0.35,6.42
MSFT,2004-10-21 16:00:00-04:00,0.3,0.31,2.55
MSFT,2004-07-22 16:00:00-04:00,0.28,0.28,-1.36
MSFT,2004-04-22 16:00:00-04:00,0.29,0.34,18.86
MSFT,2004-01-22 16:00:00-05:00,0.3,0.34,13.41
MSFT,2003-10-23 16:00:00-04:00,0.29,0.3,4.72
MSFT,2003-07-17 16:00:00-04:00,0.23,0.23,-1.66
MSFT,2003-04-15 16:00:00-04:00,0.23,0.26,12.08
MSFT,2003-01-16 16:00:00-05:00,0.23,0.27,16.26
MSFT,2002-10-17 16:00:00-04:00,0.21,0.28,31.67
MSFT,2002-07-18 16:00:00-04:00,0.21,0.21,
MSFT,2002-04-18 16:00:00-04:00,0.25,0.25,-2.94
MSFT,2002-01-17 16:00:00-05:00,0.22,0.25,13.73
MU,2026-12-23 15:00:00-05:00,38.21,,
MU,2026-09-30 16:00:00-04:00,31.82,33.42,5.03
MU,2026-06-24 16:00:00-04:00,20.69,25.11,21.39
MU,2026-03-18 16:00:00-04:00,9.16,12.2,33.21
MU,2025-12-17 16:00:00-05:00,3.96,4.78,20.58
MU,2025-09-23 16:00:00-04:00,2.86,3.03,5.94
MU,2025-06-25 16:00:00-04:00,1.59,1.91,19.75
MU,2025-03-20 16:00:00-04:00,1.42,1.56,9.49
MU,2024-12-18 16:00:00-05:00,1.77,1.79,1.36
MU,2024-09-25 16:00:00-04:00,1.11,1.18,5.88
MU,2024-06-26 16:00:00-04:00,0.53,0.62,17.27
MU,2024-03-20 16:00:00-04:00,-0.24,0.42,273.75
MU,2023-12-20 16:00:00-05:00,-1.01,-0.95,5.85
MU,2023-09-27 16:00:00-04:00,-1.18,-1.07,9.27
MU,2023-06-28 16:00:00-04:00,-1.57,-1.43,8.74
MU,2023-03-28 16:00:00-04:00,-0.88,-1.91,-115.83
MU,2022-12-21 16:00:00-05:00,-0.02,-0.04,-114.02
MU,2022-09-29 16:00:00-04:00,1.37,1.45,5.82
MU,2022-06-30 16:00:00-04:00,2.44,2.59,5.96
MU,2022-03-29 16:00:00-04:00,1.98,2.14,8.07
MU,2021-12-20 16:00:00-05:00,2.11,2.16,2.58
MU,2021-09-28 16:00:00-04:00,2.34,2.42,3.35
MU,2021-06-30 16:00:00-04:00,1.72,1.88,9.15
MU,2021-03-31 16:00:00-04:00,0.95,0.98,3.68
MU,2021-01-07 16:00:00-05:00,0.69,0.78,12.96
MU,2020-09-29 16:00:00-04:00,0.97,1.08,10.9
MU,2020-06-29 16:00:00-04:00,0.76,0.82,7.45
MU,2020-03-25 16:00:00-04:00,0.37,0.45,21.41
MU,2019-12-18 16:00:00-05:00,0.47,0.48,1.55
MU,2019-09-26 16:00:00-04:00,0.48,0.56,15.55
MU,2019-06-25 16:00:00-04:00,0.79,1.05,33.01
MU,2019-03-20 16:00:00-04:00,1.66,1.71,3.05
MU,2018-12-18 16:00:00-05:00,2.97,2.97,0.03
MU,2018-09-20 16:00:00-04:00,3.32,3.53,6.21
MU,2018-06-20 16:00:00-04:00,3.14,3.15,0.44
MU,2018-03-22 16:00:00-04:00,2.74,2.82,2.98
MU,2017-12-19 16:00:00-05:00,2.21,2.45,10.88
MU,2017-09-26 16:00:00-04:00,1.84,2.02,9.91
MU,2017-06-29 16:00:00-04:00,1.51,1.62,7.17
MU,2017-03-23 16:00:00-04:00,0.86,0.9,4.58
MU,2016-12-21 16:00:00-05:00,0.29,0.32,11.63
MU,2016-10-04 16:00:00-04:00,-0.09,-0.05,46.97
MU,2016-06-30 16:00:00-04:00,-0.1,-0.08,17.49
MU,2016-03-30 16:00:00-04:00,-0.09,-0.05,44.7
MU,2015-12-22 16:00:00-05:00,0.23,0.24,4.76
MU,2015-10-01 16:00:00-04:00,0.32,0.37,16.76
MU,2015-06-25 16:00:00-04:00,0.56,0.54,-3.8
MU,2015-04-01 16:00:00-04:00,0.72,0.81,11.87
MU,2015-01-06 16:00:00-05:00,0.92,0.97,5.43
MU,2014-09-25 16:00:00-04:00,0.81,0.82,0.83
MU,2014-06-23 16:00:00-04:00,0.7,0.79,12.47
MU,2014-04-03 16:00:00-04:00,0.76,0.85,11.85
MU,2014-01-07 16:00:00-05:00,0.51,0.77,49.68
MU,2013-10-10 16:00:00-04:00,0.3,0.23,-24.27
MU,2013-06-19 16:00:00-04:00,0.04,0.09,163.23
MU,2013-03-21 16:00:00-04:00,-0.2,-0.19,5.54
MU,2012-12-20 16:00:00-05:00,-0.2,-0.27,-33.48
MU,2012-09-27 16:00:00-04:00,-0.23,-0.24,-6.31
MU,2012-06-20 16:00:00-04:00,-0.19,-0.32,-67.79
MU,2012-03-22 16:00:00-04:00,-0.19,-0.23,-23.04
MU,2011-12-21 16:00:00-05:00,-0.11,-0.19,-77.94
MU,2011-09-29 12:00:00-04:00,,-0.14,-25554.55
MU,2011-06-23 16:00:00-04:00,0.17,0.07,-58.2
MU,2011-03-23 12:00:00-04:00,0.02,0.07,184.21
MU,2010-12-22 16:00:00-05:00,0.29,0.15,-47.7
MU,2010-10-07 16:00:00-04:00,0.4,0.3,-24.6
MU,2010-06-28 16:00:00-04:00,0.43,0.43,-0.84
MU,2010-03-31 16:00:00-04:00,0.24,0.39,59.88
MU,2009-12-22 16:00:00-05:00,0.07,0.15,108.36
MU,2009-09-29 16:00:00-04:00,-0.19,-0.1,46.26
MU,2009-06-25 16:00:00-04:00,-0.41,-0.36,12.81
MU,2009-04-02 16:00:00-04:00,-0.61,-0.82,-35.18
MU,2008-12-23 16:00:00-05:00,-0.43,-0.72,-65.85
MU,2008-10-01 16:00:00-04:00,-0.23,-0.27,-15.56
MU,2008-06-26 16:00:00-04:00,-0.29,-0.3,-2.61
MU,2008-04-02 16:00:00-04:00,-0.36,-0.41,-12.47
MU,2007-12-20 16:00:00-05:00,-0.19,-0.24,-24.24
MU,2007-10-02 16:00:00-04:00,-0.22,-0.15,31.32
MU,2007-06-28 16:00:00-04:00,-0.23,-0.31,-32.59
MU,2007-04-04 16:00:00-04:00,,-0.07,-2900.0
MU,2006-12-21 16:00:00-05:00,0.2,0.21,2.69
MU,2006-10-05 17:00:00-04:00,0.14,0.14,0.4
MU,2006-06-28 16:00:00-04:00,0.09,0.13,47.03
MU,2006-04-10 17:00:00-04:00,0.06,-0.03,-154.38
MU,2005-12-21 16:00:00-05:00,0.1,0.09,-7.12
MU,2005-09-29 17:00:00-04:00,-0.07,0.07,195.24
MU,2005-06-23 17:00:00-04:00,0.04,-0.2,-606.33
MU,2005-03-29 17:00:00-05:00,0.14,0.17,21.82
MU,2004-12-22 17:00:00-05:00,0.21,0.23,7.1
MU,2004-09-29 17:00:00-04:00,0.2,0.14,-29.39
MU,2004-06-23 17:00:00-04:00,0.1,0.13,31.46
MU,2004-03-24 17:00:00-05:00,-0.07,-0.04,46.4
MU,2003-12-23 17:00:00-05:00,-0.05,-0.03,38.46
MU,2003-09-24 17:00:00-04:00,-0.26,-0.19,28.3
MU,2003-06-18 17:00:00-04:00,-0.5,-0.36,28.63
MU,2003-03-20 18:00:00-05:00,-0.52,-0.83,-60.97
MU,2002-12-17 17:00:00-05:00,-0.22,-0.52,-131.11
MU,2002-09-24 17:00:00-04:00,-0.18,-0.27,-50.56
MU,2002-06-25 07:00:00-04:00,0.06,-0.04,-161.9
MU,2002-03-21 17:00:00-05:00,-0.05,-0.05,-5.26
NFLX,2026-10-20 16:00:00-04:00,0.82,,
NFLX,2026-07-16 16:00:00-04:00,0.79,0.8,1.45
NFLX,2026-04-16 16:00:00-04:00,1.32,1.23,-6.93
NFLX,2026-01-20 16:00:00-05:00,0.55,0.56,1.43
NFLX,2025-10-21 16:00:00-04:00,0.7,0.59,-15.79
NFLX,2025-07-17 16:00:00-04:00,0.71,0.72,1.95
NFLX,2025-04-17 16:00:00-04:00,0.57,0.66,16.37
NFLX,2025-01-21 16:00:00-05:00,0.42,0.43,1.78
NFLX,2024-10-17 16:00:00-04:00,0.51,0.54,5.32
NFLX,2024-07-18 16:00:00-04:00,0.48,0.49,2.47
NFLX,2024-04-18 16:00:00-04:00,0.45,0.53,16.66
NFLX,2024-01-23 16:00:00-05:00,0.22,0.21,-4.8
NFLX,2023-10-18 16:00:00-04:00,0.35,0.37,6.74
NFLX,2023-07-19 16:00:00-04:00,0.29,0.33,15.36
NFLX,2023-04-18 16:00:00-04:00,0.29,0.29,0.46
NFLX,2023-01-19 16:00:00-05:00,0.05,0.01,-75.18
NFLX,2022-10-18 16:00:00-04:00,0.21,0.31,45.21
NFLX,2022-07-19 16:00:00-04:00,0.29,0.32,8.75
NFLX,2022-04-19 16:00:00-04:00,0.29,0.35,20.97
NFLX,2022-01-20 16:00:00-05:00,0.08,0.13,61.49
NFLX,2021-10-19 16:00:00-04:00,0.26,0.32,24.49
NFLX,2021-07-20 16:00:00-04:00,0.32,0.3,-5.91
NFLX,2021-04-20 16:00:00-04:00,0.3,0.38,25.48
NFLX,2021-01-19 16:00:00-05:00,0.14,0.12,-15.07
NFLX,2020-10-20 17:00:00-04:00,0.21,0.17,-18.71
NFLX,2020-07-16 16:00:00-04:00,0.18,0.16,-13.13
NFLX,2020-04-21 17:00:00-04:00,0.16,0.16,-4.02
NFLX,2020-01-21 16:00:00-05:00,0.05,0.13,147.95
NFLX,2019-10-16 16:00:00-04:00,0.1,0.15,40.47
NFLX,2019-07-17 16:00:00-04:00,0.06,0.06,7.49
NFLX,2019-04-16 16:00:00-04:00,0.06,0.08,32.29
NFLX,2019-01-17 16:00:00-05:00,0.02,0.03,27.44
NFLX,2018-10-16 16:00:00-04:00,0.07,0.09,31.38
NFLX,2018-07-16 16:00:00-04:00,0.08,0.09,7.26
NFLX,2018-04-16 16:00:00-04:00,0.06,0.06,2.27
NFLX,2018-01-22 16:00:00-05:00,0.04,0.04,-0.77
NFLX,2017-10-16 16:00:00-04:00,0.03,0.03,-9.57
NFLX,2017-07-17 16:00:00-04:00,0.02,0.02,-5.06
NFLX,2017-04-17 16:00:00-04:00,0.04,0.04,7.7
NFLX,2017-01-18 16:00:00-05:00,0.01,0.02,14.33
NFLX,2016-10-17 16:00:00-04:00,0.01,0.01,117.79
NFLX,2016-07-18 16:00:00-04:00,,0.01,312.84
NFLX,2016-04-18 16:00:00-04:00,,0.01,100.0
NFLX,2016-01-19 16:00:00-05:00,,0.01,371.7
NFLX,2015-10-14 16:00:00-04:00,0.01,0.01,-6.91
NFLX,2015-07-15 16:00:00-04:00,,0.01,55.84
NFLX,2015-04-15 16:00:00-04:00,0.01,0.01,-39.26
NFLX,2015-01-20 16:00:00-05:00,0.01,0.01,62.05
NFLX,2014-10-15 16:00:00-04:00,0.01,0.01,4.58
NFLX,2014-07-21 16:00:00-04:00,0.02,0.02,1.05
NFLX,2014-04-21 16:00:00-04:00,0.01,0.01,5.31
NFLX,2014-01-22 16:00:00-05:00,0.01,0.01,18.84
NFLX,2013-10-21 16:00:00-04:00,0.01,0.01,4.5
NFLX,2013-07-22 16:00:00-04:00,0.01,0.01,19.45
NFLX,2013-04-22 16:00:00-04:00,,,54.36
NFLX,2013-01-23 16:00:00-05:00,,,189.86
NFLX,2012-10-23 16:00:00-04:00,,,232.14
NFLX,2012-07-24 16:00:00-04:00,,,112.16
NFLX,2012-04-23 16:00:00-04:00,,,69.68
NFLX,2012-01-25 19:00:00-05:00,0.01,0.01,28.61
NFLX,2011-10-24 20:00:00-04:00,0.01,0.02,24.68
NFLX,2011-07-25 16:00:00-04:00,0.02,0.02,14.94
NFLX,2011-04-25 16:00:00-04:00,0.02,0.02,3.66
NFLX,2011-01-26 16:00:00-05:00,0.01,0.01,20.56
NFLX,2010-10-20 16:00:00-04:00,0.01,0.01,-2.63
NFLX,2010-07-21 16:00:00-04:00,0.01,0.01,12.94
NFLX,2010-04-21 16:00:00-04:00,0.01,0.01,7.66
NFLX,2010-01-27 16:00:00-05:00,0.01,0.01,23.84
NFLX,2009-10-22 16:00:00-04:00,0.01,0.01,15.19
NFLX,2009-07-23 16:00:00-04:00,0.01,0.01,7.23
NFLX,2009-04-23 16:00:00-04:00,,0.01,17.25
NFLX,2009-01-26 16:00:00-05:00,,0.01,11.04
NFLX,2008-10-20 16:00:00-04:00,,0.01,10.3
NFLX,2008-07-25 07:00:00-04:00,0.01,0.01,10.67
NFLX,2008-04-21 16:00:00-04:00,,,-2.66
NFLX,2008-01-23 16:00:00-05:00,,,70.65
NFLX,2007-10-22 16:00:00-04:00,,,53.31
NFLX,2007-07-23 16:00:00-04:00,,,24.79
NFLX,2007-04-18 08:00:00-04:00,,,-8.76
NFLX,2007-01-24 16:00:00-05:00,,,40.57
NFLX,2006-10-23 16:00:00-04:00,,,46.02
NFLX,2006-07-24 16:00:00-04:00,,,30.41
NFLX,2006-04-24 16:00:00-04:00,,,57.14
NFLX,2006-01-24 16:00:00-05:00,,0.01,516.67
NFLX,2005-10-19 16:00:00-04:00,,,31.8
NFLX,2005-07-25 16:00:00-04:00,,,1150.0
NFLX,2005-04-21 16:00:00-04:00,,,53.09
NFLX,2005-01-24 16:00:00-05:00,,,49.25
NFLX,2004-10-14 16:00:00-04:00,,,10.4
NFLX,2004-07-15 16:00:00-04:00,,,-6.55
NFLX,2004-04-15 16:00:00-04:00,,,-16.22
NFLX,2004-01-21 16:00:00-05:00,,,23.64
NFLX,2003-10-15 16:00:00-04:00,,,94.29
NFLX,2003-07-17 16:00:00-04:00,,,39.02
NFLX,2003-04-17 16:00:00-04:00,,,100.0
NFLX,2003-01-15 16:00:00-05:00,,,114.0
NFLX,2002-10-17 16:00:00-04:00,,,91.86
NFLX,2002-07-24 16:00:00-04:00,,,
NVDA,2026-11-17 15:00:00-05:00,2.47,,
NVDA,2026-08-26 16:00:00-04:00,2.09,2.22,6.16
NVDA,2026-05-20 16:00:00-04:00,1.77,1.87,5.54
NVDA,2026-02-25 16:00:00-05:00,1.54,1.62,5.32
NVDA,2025-11-19 16:00:00-05:00,1.26,1.3,3.46
NVDA,2025-08-27 16:00:00-04:00,1.01,1.05,4.1
NVDA,2025-05-28 16:00:00-04:00,0.75,0.81,8.02
NVDA,2025-02-26 16:00:00-05:00,0.85,0.89,5.25
NVDA,2024-11-20 16:00:00-05:00,0.75,0.81,8.52
NVDA,2024-08-28 16:00:00-04:00,0.64,0.68,5.66
NVDA,2024-05-22 16:00:00-04:00,0.56,0.61,9.74
NVDA,2024-02-21 16:00:00-05:00,0.46,0.52,11.4
NVDA,2023-11-21 16:00:00-05:00,0.34,0.4,18.73
NVDA,2023-08-23 16:00:00-04:00,0.21,0.27,29.35
NVDA,2023-05-24 16:00:00-04:00,0.09,0.11,18.8
NVDA,2023-02-22 16:00:00-05:00,0.08,0.09,9.45
NVDA,2022-11-16 16:00:00-05:00,0.07,0.06,-17.32
NVDA,2022-08-24 16:00:00-04:00,0.05,0.05,-1.49
NVDA,2022-05-25 16:00:00-04:00,0.13,0.14,4.86
NVDA,2022-02-16 16:00:00-05:00,0.12,0.13,7.97
NVDA,2021-11-17 16:00:00-05:00,0.11,0.12,5.81
NVDA,2021-08-18 16:00:00-04:00,0.1,0.1,2.26
NVDA,2021-05-26 16:00:00-04:00,0.08,0.09,11.44
NVDA,2021-02-24 16:00:00-05:00,0.07,0.08,10.37
NVDA,2020-11-18 16:00:00-05:00,0.06,0.07,14.21
NVDA,2020-08-19 16:00:00-04:00,0.05,0.05,10.66
NVDA,2020-05-21 16:00:00-04:00,0.04,0.05,6.86
NVDA,2020-02-13 16:00:00-05:00,0.04,0.05,12.88
NVDA,2019-11-14 16:00:00-05:00,0.04,0.04,13.17
NVDA,2019-08-15 16:00:00-04:00,0.03,0.03,8.24
NVDA,2019-05-16 16:00:00-04:00,0.02,0.02,8.75
NVDA,2019-02-14 16:00:00-05:00,0.02,0.02,6.5
NVDA,2018-11-15 16:00:00-05:00,0.05,0.05,-4.09
NVDA,2018-08-16 16:00:00-04:00,0.05,0.05,5.09
NVDA,2018-05-10 16:00:00-04:00,0.04,0.05,23.49
NVDA,2018-02-08 16:00:00-05:00,0.03,0.04,29.95
NVDA,2017-11-09 16:00:00-05:00,0.03,0.03,23.84
NVDA,2017-08-10 16:00:00-04:00,0.02,0.03,23.84
NVDA,2017-05-09 16:00:00-04:00,0.02,0.02,4.53
NVDA,2017-02-09 16:00:00-05:00,0.02,0.03,15.49
NVDA,2016-11-10 16:00:00-05:00,0.02,0.02,37.75
NVDA,2016-08-11 16:00:00-04:00,0.01,0.01,10.97
NVDA,2016-05-12 21:00:00-04:00,0.01,0.01,12.97
NVDA,2016-02-17 16:00:00-05:00,0.01,0.01,19.38
NVDA,2015-11-05 16:00:00-05:00,0.01,0.01,30.68
NVDA,2015-08-06 16:00:00-04:00,0.01,0.01,66.67
NVDA,2015-05-07 16:00:00-04:00,0.01,0.01,
NVDA,2015-02-11 16:00:00-05:00,0.01,0.01,18.52
NVDA,2014-11-06 16:00:00-05:00,0.01,0.01,10.05
NVDA,2014-08-07 16:00:00-04:00,0.01,0.01,21.16
NVDA,2014-05-08 16:00:00-04:00,0.01,0.01,27.87
NVDA,2014-02-12 16:00:00-05:00,0.01,0.01,32.45
NVDA,2013-11-07 16:00:00-05:00,0.01,0.01,1.25
NVDA,2013-08-08 16:00:00-04:00,,0.01,22.34
NVDA,2013-05-09 16:00:00-04:00,,,15.98
NVDA,2013-02-13 16:00:00-05:00,0.01,0.01,17.61
NVDA,2012-11-08 16:00:00-05:00,0.01,0.01,9.18
NVDA,2012-08-09 16:00:00-04:00,0.01,0.01,23.18
NVDA,2012-05-11 07:00:00-04:00,,,4.17
NVDA,2012-02-15 16:00:00-05:00,0.01,0.01,9.61
NVDA,2011-11-10 16:00:00-05:00,0.01,0.01,11.04
NVDA,2011-08-11 16:00:00-04:00,0.01,0.01,12.04
NVDA,2011-05-12 16:00:00-04:00,,0.01,37.47
NVDA,2011-02-16 16:00:00-05:00,0.01,0.01,5.7
NVDA,2010-11-11 16:00:00-05:00,,,3.02
NVDA,2010-08-12 16:00:00-04:00,,,-70.7
NVDA,2010-05-13 16:00:00-04:00,0.01,0.01,3.98
NVDA,2010-02-17 16:00:00-05:00,,0.01,30.26
NVDA,2009-11-05 16:00:00-05:00,,,89.24
NVDA,2009-08-06 16:00:00-04:00,,,537.5
NVDA,2009-05-07 16:00:00-04:00,,,7.41
NVDA,2009-02-10 16:00:00-05:00,,,-89.08
NVDA,2008-11-06 16:00:00-05:00,,0.01,73.61
NVDA,2008-08-12 16:00:00-04:00,,,-3.85
NVDA,2008-05-08 16:00:00-04:00,0.01,0.01,-9.42
NVDA,2008-02-13 17:00:00-05:00,0.01,0.01,3.56
NVDA,2007-11-08 16:00:00-05:00,0.01,0.01,15.01
NVDA,2007-08-09 16:00:00-04:00,0.01,0.01,20.1
NVDA,2007-05-10 16:00:00-04:00,0.01,0.01,1.85
NVDA,2007-02-13 16:00:00-05:00,0.01,0.01,1.39
NVDA,2006-11-09 16:00:00-05:00,,0.01,5.08
NVDA,2006-11-09 16:00:00-05:00,,,-7.56
NVDA,2006-05-11 16:00:00-04:00,,,-19.37
NVDA,2006-02-16 16:00:00-05:00,,,8.33
NVDA,2005-11-09 16:00:00-05:00,,,
NVDA,2005-08-11 16:00:00-04:00,,,21.71
NVDA,2005-05-12 16:00:00-04:00,,,32.74
NVDA,2005-02-17 16:00:00-05:00,,,21.62
NVDA,2004-11-04 16:00:00-05:00,,,62.34
NVDA,2004-08-05 16:00:00-04:00,,,-80.31
NVDA,2004-05-06 16:00:00-04:00,,,19.05
NVDA,2004-02-12 16:00:00-05:00,,,30.0
NVDA,2003-11-06 16:00:00-05:00,,,-17.0
NVDA,2003-08-07 16:00:00-04:00,,,23.16
NVDA,2003-05-08 16:00:00-04:00,,,14.94
NVDA,2003-02-13 16:00:00-05:00,,,134.0
NVDA,2002-11-07 16:00:00-05:00,,,-25.37
NVDA,2002-08-15 16:00:00-04:00,,,-7.6
NVDA,2002-08-15 16:00:00-04:00,,,-42.86
NVDA,2002-05-22 16:00:00-04:00,,,-20.36
PANW,2026-11-19 15:00:00-05:00,0.97,,
PANW,2026-09-01 16:00:00-04:00,0.98,1.02,4.35
PANW,2026-06-02 16:00:00-04:00,0.8,0.85,6.62
PANW,2026-02-17 16:00:00-05:00,0.94,1.03,9.88
PANW,2025-11-19 16:00:00-05:00,0.89,0.93,4.36
PANW,2025-08-18 16:00:00-04:00,0.89,0.95,7.31
PANW,2025-05-20 16:00:00-04:00,0.77,0.8,3.59
PANW,2025-02-13 16:00:00-05:00,0.78,0.81,3.94
PANW,2024-11-20 16:00:00-05:00,0.74,0.78,5.76
PANW,2024-08-19 16:00:00-04:00,0.71,0.76,6.95
PANW,2024-05-20 16:00:00-04:00,0.62,0.66,5.63
PANW,2024-02-20 16:00:00-05:00,0.65,0.73,12.2
PANW,2023-11-15 16:00:00-05:00,0.58,0.69,18.6
PANW,2023-08-18 16:00:00-04:00,0.64,0.72,12.0
PANW,2023-05-23 16:00:00-04:00,0.46,0.52,12.62
PANW,2023-02-21 16:00:00-05:00,0.39,0.53,35.37
PANW,2022-11-17 16:00:00-05:00,0.34,0.42,20.37
PANW,2022-08-22 16:00:00-04:00,0.38,0.4,4.94
PANW,2022-05-19 16:00:00-04:00,0.28,0.3,6.73
PANW,2022-02-22 16:00:00-05:00,0.27,0.29,5.6
PANW,2021-11-18 16:00:00-05:00,0.26,0.27,4.51
PANW,2021-08-23 16:00:00-04:00,0.24,0.27,11.27
PANW,2021-05-20 16:00:00-04:00,0.21,0.23,7.31
PANW,2021-02-22 16:00:00-05:00,0.24,0.26,8.04
PANW,2020-11-16 07:00:00-05:00,0.22,0.27,21.72
PANW,2020-08-24 16:00:00-04:00,0.23,0.25,6.12
PANW,2020-05-21 16:00:00-04:00,0.16,0.2,21.94
PANW,2020-02-24 16:00:00-05:00,0.19,0.2,5.78
PANW,2019-11-25 16:00:00-05:00,0.17,0.18,1.31
PANW,2019-09-04 16:00:00-04:00,0.24,0.25,3.41
PANW,2019-05-29 16:00:00-04:00,0.21,0.22,4.66
PANW,2019-02-26 16:00:00-05:00,0.2,0.25,24.09
PANW,2018-11-29 16:00:00-05:00,0.18,0.2,10.95
PANW,2018-09-06 16:00:00-04:00,0.19,0.21,9.75
PANW,2018-06-04 07:00:00-04:00,0.16,0.17,3.51
PANW,2018-02-26 16:00:00-05:00,0.13,0.14,8.56
PANW,2017-11-20 16:00:00-05:00,0.11,0.12,8.37
PANW,2017-08-31 16:00:00-04:00,0.13,0.15,15.93
PANW,2017-05-31 16:00:00-04:00,0.09,0.1,10.91
PANW,2017-02-28 16:00:00-05:00,0.1,0.11,0.89
PANW,2016-11-21 16:00:00-05:00,0.09,0.09,4.8
PANW,2016-08-30 16:00:00-04:00,0.08,0.08,2.35
PANW,2016-05-26 16:00:00-04:00,0.07,0.07,0.69
PANW,2016-02-25 15:00:00-05:00,0.06,0.07,2.79
PANW,2015-11-23 16:00:00-05:00,0.05,0.06,9.75
PANW,2015-09-09 16:00:00-04:00,0.04,0.05,12.0
PANW,2015-05-27 16:00:00-04:00,0.03,0.04,15.7
PANW,2015-03-02 16:00:00-05:00,0.03,0.03,12.91
PANW,2014-11-24 16:00:00-05:00,0.02,0.03,23.64
PANW,2014-09-09 16:00:00-04:00,0.02,0.02,1.21
PANW,2014-05-28 16:00:00-04:00,0.02,0.02,9.17
PANW,2014-02-24 07:00:00-05:00,0.01,0.02,12.56
PANW,2013-11-25 16:00:00-05:00,0.01,0.01,8.73
PANW,2013-09-09 16:00:00-04:00,0.01,0.01,-0.79
PANW,2013-05-30 16:00:00-04:00,0.01,0.01,14.68
PANW,2013-02-28 16:00:00-05:00,0.01,0.01,22.86
PANW,2012-12-06 16:00:00-05:00,0.01,0.01,22.39
PANW,2012-09-10 16:00:00-04:00,,0.01,1011.11
PYPL,2026-10-27 08:00:00-04:00,1.31,,
PYPL,2026-07-28 07:00:00-04:00,1.28,1.38,8.03
PYPL,2026-05-05 07:00:00-04:00,1.27,1.34,5.59
PYPL,2026-02-03 07:00:00-05:00,1.29,1.23,-4.4
PYPL,2025-10-28 07:00:00-04:00,1.21,1.34,11.14
PYPL,2025-07-29 07:00:00-04:00,1.3,1.4,8.0
PYPL,2025-04-29 07:00:00-04:00,1.16,1.33,14.53
PYPL,2025-02-04 07:00:00-05:00,1.12,1.19,5.96
PYPL,2024-10-29 07:00:00-04:00,1.07,1.2,12.16
PYPL,2024-07-30 07:00:00-04:00,0.99,1.19,20.63
PYPL,2024-04-30 07:00:00-04:00,1.22,1.08,-11.42
PYPL,2024-02-07 16:00:00-05:00,1.36,1.48,8.65
PYPL,2023-11-01 16:00:00-04:00,1.23,1.3,5.78
PYPL,2023-08-02 16:00:00-04:00,1.16,1.16,-0.29
PYPL,2023-05-08 16:00:00-04:00,1.1,1.17,6.4
PYPL,2023-02-09 16:00:00-05:00,1.2,1.24,3.38
PYPL,2022-11-03 17:00:00-04:00,0.96,1.08,12.46
PYPL,2022-08-02 16:00:00-04:00,0.87,0.93,6.68
PYPL,2022-04-27 16:00:00-04:00,0.88,0.88,0.26
PYPL,2022-02-01 16:00:00-05:00,1.12,1.11,-1.04
PYPL,2021-11-08 16:00:00-05:00,1.08,1.11,3.12
PYPL,2021-07-28 16:00:00-04:00,1.12,1.15,2.31
PYPL,2021-05-05 16:00:00-04:00,1.02,1.22,19.99
PYPL,2021-02-03 16:00:00-05:00,1.0,1.08,8.33
PYPL,2020-11-02 16:00:00-05:00,0.94,1.07,13.49
PYPL,2020-07-29 16:00:00-04:00,0.87,1.07,22.53
PYPL,2020-05-07 06:00:00-04:00,0.75,0.66,-11.56
PYPL,2020-01-29 16:00:00-05:00,0.83,0.86,3.19
PYPL,2019-10-23 16:00:00-04:00,0.6,0.61,1.32
PYPL,2019-07-24 16:00:00-04:00,0.83,0.86,3.6
PYPL,2019-04-24 16:00:00-04:00,0.68,0.78,15.36
PYPL,2019-01-30 16:00:00-05:00,0.67,0.69,3.56
PYPL,2018-10-18 16:00:00-04:00,0.54,0.58,7.16
PYPL,2018-07-25 16:00:00-04:00,0.56,0.58,2.78
PYPL,2018-04-25 16:00:00-04:00,0.54,0.57,5.41
PYPL,2018-01-31 16:00:00-05:00,0.52,0.55,5.71
PYPL,2017-10-19 16:00:00-04:00,0.43,0.46,5.86
PYPL,2017-07-26 16:00:00-04:00,0.43,0.46,7.78
PYPL,2017-04-26 16:00:00-04:00,0.41,0.44,6.32
PYPL,2017-01-26 16:00:00-05:00,0.42,0.42,0.87
PYPL,2016-10-20 16:00:00-04:00,0.35,0.35,0.14
PYPL,2016-07-21 16:00:00-04:00,0.36,0.36,0.46
PYPL,2016-04-27 16:00:00-04:00,0.35,0.37,4.58
PYPL,2016-01-27 16:00:00-05:00,0.34,0.36,4.49
PYPL,2015-10-28 16:00:00-04:00,0.29,0.31,7.21
PYPL,2015-07-29 16:00:00-04:00,0.32,0.33,3.01
RBLX,2026-10-29 16:00:00-04:00,-0.42,,
RBLX,2026-07-30 16:00:00-04:00,-0.33,-0.26,22.25
RBLX,2026-04-30 16:00:00-04:00,-0.41,-0.27,35.0
RBLX,2026-02-05 16:00:00-05:00,-0.49,-0.45,8.65
RBLX,2025-10-30 07:00:00-04:00,-0.5,-0.37,26.3
RBLX,2025-07-31 08:00:00-04:00,-0.38,-0.41,-7.04
RBLX,2025-05-01 08:00:00-04:00,-0.39,-0.32,18.17
RBLX,2025-02-06 08:00:00-05:00,-0.44,-0.33,24.99
RBLX,2024-10-31 08:00:00-04:00,-0.39,-0.37,4.3
RBLX,2024-08-01 08:00:00-04:00,-0.39,-0.32,18.65
RBLX,2024-05-09 08:00:00-04:00,-0.53,-0.43,18.94
RBLX,2024-02-07 08:00:00-05:00,-0.55,-0.52,4.68
RBLX,2023-11-08 08:00:00-05:00,-0.5,-0.45,10.82
RBLX,2023-08-09 08:00:00-04:00,-0.44,-0.46,-3.77
RBLX,2023-05-10 08:00:00-04:00,-0.39,-0.44,-11.93
RBLX,2023-02-15 08:00:00-05:00,-0.54,-0.48,10.67
RBLX,2022-11-09 08:00:00-05:00,-0.37,-0.5,-36.0
RBLX,2022-08-09 16:00:00-04:00,-0.26,-0.3,-14.82
RBLX,2022-05-10 16:00:00-04:00,-0.2,-0.27,-33.92
RBLX,2022-02-15 16:00:00-05:00,-0.12,-0.25,-105.29
RBLX,2021-11-08 16:00:00-05:00,-0.15,-0.13,14.46
RBLX,2021-08-16 16:00:00-04:00,0.24,-0.25,-206.38
RBLX,2021-05-10 16:00:00-04:00,0.17,-0.29,-268.6
RBLX,2021-02-22 06:00:00-05:00,0.23,-0.08,-134.78
RHI,2026-10-21 16:00:00-04:00,0.47,,
RHI,2026-07-23 16:00:00-04:00,0.26,0.26,0.84
RHI,2026-04-23 16:00:00-04:00,0.13,0.14,9.2
RHI,2026-01-29 16:00:00-05:00,0.3,0.32,7.21
RHI,2025-10-22 16:00:00-04:00,0.43,0.43,0.76
RHI,2025-07-23 16:00:00-04:00,0.4,0.41,1.93
RHI,2025-04-23 16:00:00-04:00,0.36,0.17,-53.04
RHI,2025-01-29 16:00:00-05:00,0.54,0.53,-2.27
RHI,2024-10-22 16:00:00-04:00,0.62,0.64,3.0
RHI,2024-07-24 16:00:00-04:00,0.71,0.66,-6.91
RHI,2024-04-25 16:00:00-04:00,0.6,0.61,1.51
RHI,2024-01-30 16:00:00-05:00,0.82,0.83,1.02
RHI,2023-10-24 16:00:00-04:00,0.82,0.9,10.36
RHI,2023-07-25 16:00:00-04:00,1.13,1.0,-11.29
RHI,2023-04-26 16:00:00-04:00,1.13,1.14,0.56
RHI,2023-01-26 16:00:00-05:00,1.36,1.37,1.07
RHI,2022-10-20 16:00:00-04:00,1.64,1.53,-6.5
RHI,2022-07-21 16:00:00-04:00,1.6,1.6,0.22
RHI,2022-04-26 16:00:00-04:00,1.46,1.52,4.25
RHI,2022-01-27 16:00:00-05:00,1.44,1.51,5.23
RHI,2021-10-21 16:00:00-04:00,1.4,1.53,8.93
RHI,2021-07-22 16:00:00-04:00,1.05,1.33,27.27
RHI,2021-04-21 16:00:00-04:00,0.8,0.98,25.0
RHI,2021-01-28 16:00:00-05:00,0.68,0.84,23.2
RHI,2020-10-22 16:00:00-04:00,0.59,0.67,14.04
RHI,2020-07-23 16:00:00-04:00,0.37,0.41,11.72
RHI,2020-04-23 16:00:00-04:00,0.74,0.79,7.24
RHI,2020-01-30 16:00:00-05:00,0.97,0.98,0.52
RHI,2019-10-23 16:00:00-04:00,1.0,1.01,1.0
RHI,2019-07-23 16:00:00-04:00,0.98,0.98,-0.09
RHI,2019-04-23 16:00:00-04:00,0.95,0.93,-2.39
RHI,2019-01-29 16:00:00-05:00,0.91,0.95,4.13
RHI,2018-10-23 16:00:00-04:00,0.92,0.95,3.71
RHI,2018-07-24 16:00:00-04:00,0.86,0.89,4.08
RHI,2018-04-24 16:00:00-04:00,0.74,0.8,8.25
RHI,2018-01-30 16:00:00-05:00,0.63,0.65,3.4
RHI,2017-10-24 16:00:00-04:00,0.7,0.68,-2.38
RHI,2017-07-25 16:00:00-04:00,0.66,0.64,-2.4
RHI,2017-04-20 16:00:00-04:00,0.58,0.62,6.22
RHI,2017-01-26 16:00:00-05:00,0.64,0.61,-4.84
RHI,2016-10-26 16:00:00-04:00,0.71,0.71,0.22
RHI,2016-07-26 16:00:00-04:00,0.73,0.71,-3.29
RHI,2016-04-26 16:00:00-04:00,0.64,0.64,-0.32
RHI,2016-02-02 16:00:00-05:00,0.7,0.71,1.02
RHI,2015-10-21 16:00:00-04:00,0.73,0.73,-0.16
RHI,2015-07-23 16:00:00-04:00,0.66,0.67,1.31
RHI,2015-04-23 16:00:00-04:00,0.56,0.58,3.04
RHI,2015-01-29 16:00:00-05:00,0.61,0.62,2.32
RHI,2014-10-21 16:00:00-04:00,0.58,0.63,8.22
RHI,2014-07-22 16:00:00-04:00,0.52,0.55,5.52
RHI,2014-04-23 16:00:00-04:00,0.44,0.45,3.08
RHI,2014-01-30 16:00:00-05:00,0.48,0.49,1.76
RHI,2013-10-22 16:00:00-04:00,0.48,0.48,
RHI,2013-07-23 16:00:00-04:00,0.43,0.46,6.17
RHI,2013-04-23 16:00:00-04:00,0.41,0.4,-3.06
RHI,2013-01-29 16:00:00-05:00,0.41,0.42,2.8
RHI,2012-10-18 16:00:00-04:00,0.39,0.41,5.87
RHI,2012-07-24 16:00:00-04:00,0.35,0.38,8.3
RHI,2012-04-24 16:00:00-04:00,0.28,0.34,21.93
RHI,2012-01-26 16:00:00-05:00,0.31,0.3,-3.15
RHI,2011-10-25 16:00:00-04:00,0.28,0.31,11.78
RHI,2011-07-20 16:00:00-04:00,0.22,0.25,14.12
RHI,2011-04-21 16:00:00-04:00,0.17,0.18,6.79
RHI,2011-01-26 16:00:00-05:00,0.16,0.17,6.77
RHI,2010-10-20 16:00:00-04:00,0.13,0.14,11.53
RHI,2010-07-21 16:00:00-04:00,0.07,0.08,10.56
RHI,2010-04-27 16:00:00-04:00,0.06,0.05,-17.45
RHI,2010-01-28 16:00:00-05:00,0.06,0.09,61.81
RHI,2009-10-21 16:00:00-04:00,0.04,0.06,66.67
RHI,2009-07-21 16:00:00-04:00,0.03,0.03,-6.25
RHI,2009-04-22 16:00:00-04:00,0.06,0.06,-5.44
RHI,2009-01-28 16:00:00-05:00,0.25,0.26,4.86
RHI,2008-10-22 16:00:00-04:00,0.44,0.43,-1.15
RHI,2008-07-23 16:00:00-04:00,0.43,0.48,12.75
RHI,2008-04-22 16:00:00-04:00,0.46,0.45,-2.17
RHI,2008-01-29 16:00:00-05:00,0.47,0.5,7.24
RHI,2007-10-18 16:00:00-04:00,0.46,0.46,-0.76
RHI,2007-07-24 16:00:00-04:00,0.43,0.44,2.72
RHI,2007-04-19 16:00:00-04:00,0.46,0.42,-8.36
RHI,2007-01-25 16:00:00-05:00,0.44,0.45,2.27
RHI,2006-10-19 16:00:00-04:00,0.41,0.43,4.62
RHI,2006-07-25 16:00:00-04:00,0.39,0.39,0.26
RHI,2006-04-20 16:00:00-04:00,0.36,0.38,6.74
RHI,2006-01-26 16:00:00-05:00,0.37,0.37,0.27
RHI,2005-10-20 16:00:00-04:00,0.34,0.37,9.14
RHI,2005-07-21 16:00:00-04:00,0.29,0.33,12.63
RHI,2005-04-21 16:00:00-04:00,0.29,0.29,0.35
RHI,2005-01-27 16:00:00-05:00,0.26,0.28,9.8
RHI,2004-10-21 16:00:00-04:00,0.21,0.24,12.68
RHI,2004-07-22 16:00:00-04:00,0.11,0.18,62.16
RHI,2004-04-22 16:00:00-04:00,0.06,0.09,54.4
RHI,2004-01-27 16:00:00-05:00,0.03,0.03,-1.57
RHI,2003-10-16 16:00:00-04:00,0.02,0.03,89.99
RHI,2003-07-17 16:00:00-04:00,-0.01,,100.0
RHI,2003-04-15 16:00:00-04:00,-0.02,-0.02,8.59
RHI,2003-01-23 16:00:00-05:00,-0.01,-0.04,-422.88
RHI,2002-10-16 16:00:00-04:00,-0.01,-0.02,-123.46
RHI,2002-07-18 16:00:00-04:00,0.02,0.02,-4.76
RHI,2002-04-16 16:00:00-04:00,0.06,0.05,-9.63
RHI,2002-01-22 16:00:00-05:00,0.09,0.07,-19.54
SQ,2024-11-07 16:00:00-05:00,0.89,0.88,-1.33
SQ,2024-08-01 16:00:00-04:00,0.84,0.93,11.36
SQ,2024-05-02 16:00:00-04:00,0.73,0.85,16.43
SQ,2024-02-22 16:00:00-05:00,0.57,0.45,-21.07
SQ,2023-11-02 16:00:00-04:00,0.46,0.55,18.75
SQ,2023-08-03 16:00:00-04:00,0.37,0.39,5.66
SQ,2023-05-04 16:00:00-04:00,0.34,0.4,17.42
SQ,2023-02-23 16:00:00-05:00,0.3,0.22,-27.01
SQ,2022-11-03 16:00:00-04:00,0.23,0.42,83.29
SQ,2022-08-04 16:00:00-04:00,0.16,0.18,12.25
SQ,2022-05-05 16:00:00-04:00,0.2,0.18,-10.62
SQ,2022-02-24 16:00:00-05:00,0.23,0.27,16.23
SQ,2021-11-04 21:00:00-04:00,0.38,0.37,-3.04
SQ,2021-08-02 06:00:00-04:00,0.31,0.66,113.04
SQ,2021-05-06 16:00:00-04:00,0.16,0.41,149.85
SQ,2021-02-23 16:00:00-05:00,0.24,0.32,33.27
SQ,2020-11-05 16:00:00-05:00,0.16,0.34,112.74
SQ,2020-08-05 06:00:00-04:00,-0.05,0.18,453.43
SQ,2020-05-06 16:00:00-04:00,0.13,-0.02,-115.59
SQ,2020-02-26 16:00:00-05:00,0.21,0.23,9.82
SQ,2019-11-06 16:00:00-05:00,0.2,0.25,23.48
SQ,2019-08-01 16:00:00-04:00,0.16,0.21,28.68
SQ,2019-05-01 16:00:00-04:00,0.08,0.11,40.45
SQ,2019-02-27 16:00:00-05:00,0.13,0.14,3.91
SQ,2018-11-07 16:00:00-05:00,0.11,0.13,16.45
SQ,2018-08-01 16:00:00-04:00,0.11,0.13,15.01
SQ,2018-05-02 16:00:00-04:00,0.05,0.06,11.94
SQ,2018-02-27 16:00:00-05:00,0.07,0.08,18.05
SQ,2017-11-08 16:00:00-05:00,0.05,0.07,29.46
SQ,2017-08-02 16:00:00-04:00,0.05,0.07,39.19
SQ,2017-05-03 12:00:00-04:00,0.02,0.05,130.95
SQ,2017-02-22 16:00:00-05:00,-0.07,-0.04,38.72
SQ,2016-11-01 16:00:00-04:00,-0.12,-0.09,22.25
SQ,2016-08-03 16:00:00-04:00,-0.03,-0.08,-144.57
SQ,2016-05-05 16:00:00-04:00,-0.08,-0.29,-250.33
SQ,2016-03-10 16:00:00-05:00,-0.11,-0.21,-94.52
SUNE,2026-11-10 07:00:00-05:00,,,
SUNE,2024-08-19 15:00:00-04:00,-26999.99,-5076.0,81.2
SUNE,2024-05-10 17:00:00-04:00,-29999.98,-9660.0,67.8
SUNE,2024-04-01 16:00:00-04:00,-11999.99,520.5,104.34
SUNE,2023-11-09 16:00:00-05:00,-11999.99,-30629.98,-155.25
SUNE,2023-08-10 16:00:00-04:00,-7500.0,-28009.49,-273.46
SUNE,2023-05-11 16:00:00-04:00,-19499.99,-26749.49,-37.18
SUNE,2023-03-30 16:00:00-04:00,-14999.99,-44999.98,-200.0
T,2026-10-21 08:00:00-04:00,0.6,,
T,2026-07-22 06:00:00-04:00,0.59,0.65,10.49
T,2026-04-22 06:00:00-04:00,0.55,0.57,3.42
T,2026-01-28 06:00:00-05:00,0.47,0.52,11.58
T,2025-10-22 06:00:00-04:00,0.54,0.54,0.45
T,2025-07-23 06:00:00-04:00,0.53,0.54,1.92
T,2025-04-23 06:00:00-04:00,0.51,0.51,-0.9
T,2025-01-27 06:00:00-05:00,0.51,0.54,6.81
T,2024-10-23 06:00:00-04:00,0.57,0.6,5.07
T,2024-07-24 06:00:00-04:00,0.57,0.57,-0.64
T,2024-04-24 06:00:00-04:00,0.53,0.55,3.66
T,2024-01-24 06:00:00-05:00,0.56,0.54,-3.16
T,2023-10-19 06:00:00-04:00,0.62,0.64,3.09
T,2023-07-26 06:00:00-04:00,0.6,0.63,4.56
T,2023-04-20 06:00:00-04:00,0.59,0.6,2.1
T,2023-01-25 06:00:00-05:00,0.57,0.61,6.65
T,2022-10-20 06:00:00-04:00,0.61,0.68,10.58
T,2022-07-21 06:00:00-04:00,0.61,0.65,6.91
T,2022-04-21 06:00:00-04:00,0.75,0.77,1.99
T,2022-01-26 06:00:00-05:00,0.75,0.78,3.33
T,2021-10-21 06:00:00-04:00,0.79,0.87,10.28
T,2021-07-22 06:00:00-04:00,0.8,0.89,11.88
T,2021-04-22 06:00:00-04:00,0.78,0.86,10.61
T,2021-01-27 06:00:00-05:00,0.73,0.75,2.62
T,2020-10-22 06:00:00-04:00,0.76,0.76,-0.11
T,2020-07-23 07:00:00-04:00,0.79,0.83,4.85
T,2020-04-22 07:00:00-04:00,0.85,0.84,-1.45
T,2020-01-29 06:00:00-05:00,0.87,0.89,2.37
T,2019-10-28 06:00:00-04:00,0.92,0.94,1.69
T,2019-07-24 06:00:00-04:00,0.89,0.89,-0.05
T,2019-04-24 06:00:00-04:00,0.85,0.86,0.61
T,2019-01-30 06:00:00-05:00,0.85,0.86,0.74
T,2018-10-24 06:00:00-04:00,0.94,0.9,-4.24
T,2018-07-24 16:00:00-04:00,0.85,0.91,6.48
T,2018-04-25 16:00:00-04:00,0.87,0.85,-2.51
T,2018-01-31 16:00:00-05:00,0.65,0.78,19.9
T,2017-10-24 16:00:00-04:00,0.74,0.74,-0.64
T,2017-07-25 16:00:00-04:00,0.74,0.79,7.46
T,2017-04-25 16:00:00-04:00,0.74,0.74,0.07
T,2017-01-25 16:00:00-05:00,0.66,0.66,0.16
T,2016-10-22 20:00:00-04:00,0.74,0.74,0.57
T,2016-07-21 16:00:00-04:00,0.72,0.72,0.54
T,2016-04-26 16:00:00-04:00,0.69,0.72,4.29
T,2016-01-26 16:00:00-05:00,0.63,0.63,-0.64
T,2015-10-22 16:00:00-04:00,0.68,0.74,8.08
T,2015-07-23 16:00:00-04:00,0.63,0.69,9.11
T,2015-04-22 16:00:00-04:00,0.61,0.63,2.54
T,2015-01-27 16:00:00-05:00,0.54,0.55,1.05
T,2014-10-22 16:00:00-04:00,0.64,0.63,-0.92
T,2014-07-23 16:00:00-04:00,0.63,0.62,-1.1
T,2014-04-22 16:00:00-04:00,0.7,0.71,1.55
T,2014-01-28 16:00:00-05:00,0.5,0.53,4.96
T,2013-10-23 16:00:00-04:00,0.65,0.66,1.53
T,2013-07-23 16:00:00-04:00,0.68,0.67,-1.74
T,2013-04-23 16:00:00-04:00,0.64,0.64,-0.19
T,2013-01-24 16:00:00-05:00,0.46,0.44,-3.78
T,2012-10-24 07:00:00-04:00,0.6,0.63,4.53
T,2012-07-24 07:00:00-04:00,0.63,0.66,5.44
T,2012-04-24 07:00:00-04:00,0.57,0.6,4.49
T,2012-01-26 07:00:00-05:00,0.43,0.42,-3.25
T,2011-10-20 07:00:00-04:00,0.61,0.61,-0.02
T,2011-07-21 07:00:00-04:00,0.6,0.6,0.71
T,2011-04-20 07:00:00-04:00,0.57,0.57,-0.01
T,2011-01-27 07:00:00-05:00,0.54,0.55,1.59
T,2010-10-21 07:00:00-04:00,0.55,0.55,-0.54
T,2010-07-22 07:00:00-04:00,0.57,0.61,7.11
T,2010-04-21 06:00:00-04:00,0.55,0.59,8.01
T,2010-01-28 07:00:00-05:00,0.51,0.51,-0.3
T,2009-10-22 07:00:00-04:00,0.5,0.53,6.58
T,2009-07-23 07:00:00-04:00,0.51,0.54,6.28
T,2009-04-22 07:00:00-04:00,0.48,0.53,9.72
T,2009-01-28 07:00:00-05:00,0.65,0.65,-0.01
T,2008-10-22 07:00:00-04:00,0.71,0.69,-2.72
T,2008-07-23 07:00:00-04:00,0.76,0.76,
T,2008-04-22 07:00:00-04:00,0.74,0.74,-0.21
T,2008-01-24 07:00:00-05:00,0.71,0.71,-0.06
T,2007-10-23 07:00:00-04:00,0.71,0.71,0.4
T,2007-07-24 07:00:00-04:00,0.67,0.7,4.29
T,2007-04-24 07:00:00-04:00,0.61,0.65,6.18
T,2007-01-25 07:00:00-05:00,0.6,0.61,2.35
T,2006-10-23 07:00:00-04:00,0.58,0.63,9.3
T,2006-07-25 07:00:00-04:00,0.53,0.58,9.85
T,2006-04-25 07:00:00-04:00,0.48,0.52,7.66
T,2006-01-26 07:00:00-05:00,0.44,0.48,8.32
T,2005-10-20 07:00:00-04:00,0.41,0.47,14.5
T,2005-07-21 07:00:00-04:00,0.37,0.43,16.48
T,2005-04-25 07:00:00-04:00,0.33,0.34,3.75
T,2005-01-26 07:00:00-05:00,0.33,0.34,3.82
T,2004-10-21 07:00:00-04:00,0.38,0.38,-1.02
T,2004-07-22 07:00:00-04:00,0.36,0.4,11.57
T,2004-04-21 07:00:00-04:00,0.33,0.37,12.29
T,2004-01-27 07:00:00-05:00,0.34,0.34,0.04
T,2003-10-21 07:00:00-04:00,0.39,0.37,-4.52
T,2003-07-24 06:00:00-04:00,0.41,0.42,3.19
T,2003-04-24 07:00:00-04:00,0.37,0.34,-6.85
T,2003-01-28 07:00:00-05:00,0.62,0.62,0.52
T,2002-10-24 07:00:00-04:00,0.54,0.51,-5.56
T,2002-07-23 07:00:00-04:00,0.59,0.61,3.72
T,2002-04-18 07:00:00-04:00,0.51,0.51,0.99
T,2002-01-24 07:00:00-05:00,0.62,0.64,3.23
TEM,2026-11-03 15:00:00-05:00,-0.08,,
TEM,2026-07-30 16:00:00-04:00,-0.15,-0.04,73.63
TEM,2026-05-05 16:00:00-04:00,-0.2,-0.13,35.35
TEM,2026-02-24 16:00:00-05:00,-0.05,-0.04,22.06
TEM,2025-11-04 16:00:00-05:00,-0.18,-0.11,37.26
TEM,2025-08-08 06:00:00-04:00,-0.25,-0.22,13.0
TEM,2025-05-06 16:00:00-04:00,-0.27,-0.24,10.2
TEM,2025-02-24 16:00:00-05:00,-0.15,-0.18,-17.49
TEM,2024-11-04 16:00:00-05:00,-0.31,-0.25,19.51
TEM,2024-08-06 16:00:00-04:00,-1.79,-0.63,64.81
TSLA,2026-10-21 16:00:00-04:00,0.44,,
TSLA,2026-07-22 16:00:00-04:00,0.54,0.33,-39.15
TSLA,2026-04-22 16:00:00-04:00,0.35,0.41,17.15
TSLA,2026-01-28 16:00:00-05:00,0.45,0.5,10.96
TSLA,2025-10-22 16:00:00-04:00,0.56,0.5,-10.53
TSLA,2025-07-23 16:00:00-04:00,0.4,0.4,-1.11
TSLA,2025-04-22 16:00:00-04:00,0.41,0.27,-34.89
TSLA,2025-01-29 16:00:00-05:00,0.77,0.73,-5.11
TSLA,2024-10-23 16:00:00-04:00,0.6,0.72,20.49
TSLA,2024-07-23 20:00:00-04:00,0.62,0.52,-16.15
TSLA,2024-04-23 16:00:00-04:00,0.49,0.45,-8.14
TSLA,2024-01-24 16:00:00-05:00,0.74,0.71,-3.5
TSLA,2023-10-18 16:00:00-04:00,0.73,0.66,-9.81
TSLA,2023-07-19 16:00:00-04:00,0.82,0.91,11.12
TSLA,2023-04-19 16:00:00-04:00,0.85,0.85,-0.43
TSLA,2023-01-25 16:00:00-05:00,1.11,1.19,7.2
TSLA,2022-10-19 17:00:00-04:00,1.0,1.05,5.23
TSLA,2022-07-20 17:00:00-04:00,0.6,0.76,26.89
TSLA,2022-04-20 16:00:00-04:00,0.75,1.07,42.31
TSLA,2022-01-26 16:00:00-05:00,0.79,0.85,6.88
TSLA,2021-10-20 15:00:00-04:00,0.54,0.62,15.22
TSLA,2021-07-26 16:00:00-04:00,0.32,0.48,49.86
TSLA,2021-04-26 16:00:00-04:00,0.26,0.31,19.42
TSLA,2021-01-27 16:00:00-05:00,0.35,0.27,-23.91
TSLA,2020-10-21 18:00:00-04:00,0.2,0.25,25.78
TSLA,2020-07-22 16:00:00-04:00,-0.01,0.15,1460.77
TSLA,2020-04-29 12:00:00-04:00,-0.01,0.08,650.29
TSLA,2020-01-29 16:00:00-05:00,0.12,0.14,17.76
TSLA,2019-10-23 16:00:00-04:00,-0.02,0.12,903.11
TSLA,2019-07-24 16:00:00-04:00,-0.03,-0.07,-182.31
TSLA,2019-04-24 17:00:00-04:00,-0.06,-0.19,-209.63
TSLA,2019-01-30 16:00:00-05:00,0.14,0.13,-6.46
TSLA,2018-10-24 16:00:00-04:00,,0.19,12033.95
TSLA,2018-08-01 16:00:00-04:00,-0.19,-0.2,-8.53
TSLA,2018-05-02 16:00:00-04:00,-0.24,-0.22,4.98
TSLA,2018-02-07 16:00:00-05:00,-0.21,-0.2,3.44
TSLA,2017-11-01 16:00:00-04:00,-0.15,-0.19,-27.52
TSLA,2017-08-02 16:00:00-04:00,-0.13,-0.09,30.67
TSLA,2017-05-03 16:00:00-04:00,-0.05,-0.09,-65.92
TSLA,2017-02-22 16:00:00-05:00,-0.03,-0.05,-40.63
TSLA,2016-10-26 16:00:00-04:00,,0.05,3034.44
TSLA,2016-08-03 16:00:00-04:00,-0.04,-0.07,-70.21
TSLA,2016-05-04 16:00:00-04:00,-0.04,-0.04,15.2
TSLA,2016-02-10 16:00:00-05:00,0.01,-0.06,-670.3
TSLA,2015-11-03 16:00:00-05:00,-0.04,-0.04,1.95
TSLA,2015-08-05 16:00:00-04:00,-0.04,-0.03,22.22
TSLA,2015-05-06 16:00:00-04:00,-0.03,-0.02,26.7
TSLA,2015-02-11 17:00:00-05:00,0.02,-0.01,-141.13
TSLA,2014-11-05 16:00:00-05:00,,,575.0
TSLA,2014-07-31 16:00:00-04:00,,0.01,192.03
TSLA,2014-05-09 16:00:00-04:00,,0.01,90.93
TSLA,2014-02-19 16:00:00-05:00,0.01,0.02,54.93
TSLA,2013-11-05 16:00:00-05:00,0.01,0.01,23.46
TSLA,2013-08-07 16:00:00-04:00,-0.01,0.01,221.07
TSLA,2013-05-08 17:00:00-04:00,,0.01,272.09
TSLA,2013-02-20 16:00:00-05:00,-0.03,-0.04,-24.51
TSLA,2012-11-05 06:00:00-05:00,-0.06,-0.06,-1.57
TSLA,2012-07-25 16:00:00-04:00,-0.06,-0.06,3.67
TSLA,2012-05-09 16:00:00-04:00,-0.05,-0.05,-9.65
TSLA,2012-02-15 16:00:00-05:00,-0.04,-0.05,-10.39
TSLA,2011-11-02 17:00:00-04:00,-0.04,-0.04,4.7
TSLA,2011-08-03 16:00:00-04:00,-0.03,-0.04,-17.51
TSLA,2011-05-04 16:00:00-04:00,-0.03,-0.03,13.66
TSLA,2011-02-15 16:00:00-05:00,-0.03,-0.04,-10.49
TSLA,2010-11-09 16:00:00-05:00,-0.03,-0.03,19.38
UBER,2026-11-04 07:00:00-05:00,0.91,,
UBER,2026-08-05 06:00:00-04:00,0.83,1.17,40.22
UBER,2026-05-06 06:00:00-04:00,0.71,0.13,-81.74
UBER,2026-02-04 06:00:00-05:00,0.78,0.14,-81.94
UBER,2025-11-04 06:00:00-05:00,0.69,3.11,353.17
UBER,2025-08-06 06:00:00-04:00,0.82,0.65,-19.72
UBER,2025-05-07 06:00:00-04:00,0.69,0.81,16.5
UBER,2025-02-05 06:00:00-05:00,0.48,3.21,573.42
UBER,2024-10-31 06:00:00-04:00,0.63,1.41,125.2
UBER,2024-08-06 06:00:00-04:00,0.52,0.74,41.51
UBER,2024-05-08 06:00:00-04:00,0.39,0.18,-54.55
UBER,2024-02-07 06:00:00-05:00,0.4,0.86,115.9
UBER,2023-11-07 06:00:00-05:00,0.31,0.34,9.66
UBER,2023-07-31 20:00:00-04:00,0.23,0.34,47.4
UBER,2023-05-02 06:00:00-04:00,0.15,0.33,111.86
UBER,2023-02-08 06:00:00-05:00,-0.16,0.29,286.66
UBER,2022-11-01 06:00:00-04:00,0.06,-0.21,-468.22
UBER,2022-08-02 07:00:00-04:00,-0.05,-0.03,42.31
UBER,2022-05-04 07:00:00-04:00,-0.14,-0.1,31.87
UBER,2022-02-09 16:00:00-05:00,-0.29,0.64,320.41
UBER,2021-11-04 16:00:00-04:00,-0.3,-1.28,-328.67
UBER,2021-08-04 16:00:00-04:00,-0.32,-0.17,47.75
UBER,2021-05-05 16:00:00-04:00,-0.35,0.45,231.01
UBER,2021-02-10 16:00:00-05:00,-0.42,-0.4,3.74
UBER,2020-11-05 16:00:00-05:00,-0.5,-0.43,12.63
UBER,2020-08-06 16:00:00-04:00,-0.88,-1.02,-16.56
UBER,2020-05-07 17:00:00-04:00,-0.9,-1.7,-88.5
UBER,2020-02-06 16:00:00-05:00,-0.52,-0.49,5.48
UBER,2019-11-04 16:00:00-05:00,-0.83,-0.68,18.36
UBER,2019-08-08 16:00:00-04:00,-0.92,-0.48,48.02
UBER,2019-05-30 16:00:00-04:00,-2.29,-2.19,4.31
V,2026-10-27 16:00:00-04:00,3.43,,
V,2026-07-28 16:00:00-04:00,3.23,3.32,2.76
V,2026-04-28 16:00:00-04:00,3.1,3.31,6.79
V,2026-01-29 16:00:00-05:00,3.14,3.17,0.88
V,2025-10-28 16:00:00-04:00,2.97,2.98,0.28
V,2025-07-29 16:00:00-04:00,2.85,2.98,4.68
V,2025-04-29 16:00:00-04:00,2.68,2.76,3.0
V,2025-01-30 16:00:00-05:00,2.66,2.75,3.34
V,2024-10-29 16:00:00-04:00,2.58,2.71,5.24
V,2024-07-23 16:00:00-04:00,2.42,2.42,0.11
V,2024-04-23 16:00:00-04:00,2.43,2.51,3.16
V,2024-01-25 16:00:00-05:00,2.34,2.41,3.05
V,2023-10-24 16:00:00-04:00,2.24,2.33,3.83
V,2023-07-25 16:00:00-04:00,2.12,2.16,2.03
V,2023-04-25 16:00:00-04:00,1.99,2.09,5.18
V,2023-01-26 16:00:00-05:00,2.01,2.18,8.46
V,2022-10-25 16:00:00-04:00,1.87,1.93,3.47
V,2022-07-26 16:00:00-04:00,1.75,1.98,13.29
V,2022-04-26 16:00:00-04:00,1.65,1.79,8.37
V,2022-01-27 16:00:00-05:00,1.7,1.81,6.34
V,2021-10-26 16:00:00-04:00,1.54,1.62,5.35
V,2021-07-27 16:00:00-04:00,1.35,1.49,10.5
V,2021-04-27 16:00:00-04:00,1.27,1.38,8.64
V,2021-01-28 16:00:00-05:00,1.28,1.42,11.27
V,2020-10-28 16:00:00-04:00,1.1,1.12,1.94
V,2020-07-28 16:00:00-04:00,1.04,1.06,2.31
V,2020-04-30 16:00:00-04:00,1.35,1.39,2.8
V,2020-01-30 16:00:00-05:00,1.47,1.46,-0.36
V,2019-10-24 16:00:00-04:00,1.43,1.47,2.79
V,2019-07-23 16:00:00-04:00,1.32,1.37,3.48
V,2019-04-24 16:00:00-04:00,1.24,1.31,5.74
V,2019-01-30 16:00:00-05:00,1.25,1.3,3.95
V,2018-10-24 16:00:00-04:00,1.2,1.21,0.95
V,2018-07-25 16:00:00-04:00,1.09,1.2,9.85
V,2018-04-25 16:00:00-04:00,1.01,1.11,9.36
V,2018-02-01 16:00:00-05:00,0.98,1.08,10.13
V,2017-10-25 06:00:00-04:00,0.85,0.9,6.02
V,2017-07-20 16:00:00-04:00,0.81,0.86,6.4
V,2017-04-20 16:00:00-04:00,0.79,0.86,8.76
V,2017-02-02 16:00:00-05:00,0.78,0.86,9.98
V,2016-10-24 16:00:00-04:00,0.73,0.78,7.11
V,2016-07-21 16:00:00-04:00,0.67,0.69,2.99
V,2016-04-21 16:00:00-04:00,0.66,0.68,2.6
V,2016-01-28 16:00:00-05:00,0.68,0.69,1.43
V,2015-11-02 06:00:00-05:00,0.63,0.62,-1.23
V,2015-07-23 16:00:00-04:00,0.58,0.62,6.75
V,2015-04-30 16:00:00-04:00,0.62,0.63,1.1
V,2015-01-29 16:00:00-05:00,0.62,0.63,1.59
V,2014-10-29 16:00:00-04:00,0.53,0.55,3.8
V,2014-07-24 16:00:00-04:00,0.52,0.54,3.62
V,2014-04-24 16:00:00-04:00,0.55,0.54,-0.24
V,2014-01-30 07:00:00-05:00,0.54,0.55,1.8
V,2013-10-30 16:00:00-04:00,0.46,0.46,-0.31
V,2013-07-24 16:00:00-04:00,0.45,0.47,4.53
V,2013-05-01 16:00:00-04:00,0.45,0.48,6.06
V,2013-02-06 16:00:00-05:00,0.45,0.48,8.06
V,2012-10-31 16:00:00-04:00,0.37,0.39,2.78
V,2012-07-25 16:00:00-04:00,0.36,0.39,7.47
V,2012-05-02 16:00:00-04:00,0.38,0.4,6.3
V,2012-02-08 16:00:00-05:00,0.36,0.37,2.7
V,2011-10-26 16:00:00-04:00,0.31,0.32,1.49
V,2011-07-27 16:00:00-04:00,0.31,0.32,2.71
V,2011-05-05 16:00:00-04:00,0.3,0.31,3.04
V,2011-02-02 16:00:00-05:00,0.3,0.31,1.99
V,2010-10-27 16:00:00-04:00,0.23,0.24,1.24
V,2010-07-28 16:00:00-04:00,0.23,0.24,4.5
V,2010-04-28 16:00:00-04:00,0.23,0.24,4.95
V,2010-02-03 16:00:00-05:00,0.23,0.25,8.4
V,2009-10-27 16:00:00-04:00,0.18,0.19,3.57
V,2009-07-29 16:00:00-04:00,0.16,0.17,3.76
V,2009-04-29 16:00:00-04:00,0.16,0.18,13.77
V,2009-02-04 16:00:00-05:00,0.16,0.2,18.43
V,2008-10-29 16:00:00-04:00,0.14,0.14,3.49
V,2008-07-30 16:00:00-04:00,0.12,0.15,18.59
V,2008-04-28 16:00:00-04:00,0.11,0.13,17.24
VSNT,2026-11-05 07:00:00-05:00,-0.04,,
VSNT,2026-08-06 07:00:00-04:00,1.42,1.49,5.18
VSNT,2026-05-14 07:00:00-04:00,2.16,2.02,-6.54
VST,2026-11-06 07:00:00-05:00,2.59,,
VST,2026-08-10 06:00:00-04:00,1.63,0.76,-53.4
VST,2026-05-08 06:00:00-04:00,1.87,2.87,53.35
VST,2026-02-27 06:00:00-05:00,2.3,0.54,-76.52
VST,2025-11-07 06:00:00-05:00,1.4,1.38,-1.32
VST,2025-08-08 06:00:00-04:00,1.05,0.71,-32.46
VST,2025-05-08 06:00:00-04:00,0.61,-0.93,-251.65
VST,2025-02-28 06:00:00-05:00,1.45,1.14,-21.21
VST,2024-11-08 06:00:00-05:00,1.26,5.25,317.01
VST,2024-08-09 06:00:00-04:00,-0.94,0.8,185.39
VST,2024-05-10 06:00:00-04:00,0.97,0.24,-74.89
VST,2024-02-29 06:00:00-05:00,-0.91,0.34,137.7
VST,2023-11-07 10:00:00-05:00,1.06,1.25,17.39
VST,2023-08-09 10:00:00-04:00,0.82,1.17,42.68
VST,2023-05-09 09:00:00-04:00,0.4,-0.17,-142.45
VST,2023-03-01 09:00:00-05:00,4.34,-0.73,-116.81
VST,2022-11-04 10:00:00-04:00,1.93,1.51,-21.56
VST,2022-08-05 09:00:00-04:00,0.37,-3.27,-985.7
VST,2022-05-06 07:00:00-04:00,0.15,0.14,-9.8
VST,2022-02-25 07:00:00-05:00,1.98,1.45,-26.65
VST,2021-11-05 07:00:00-04:00,1.15,0.27,-76.51
VST,2021-08-05 07:00:00-04:00,0.59,0.07,-88.22
VST,2021-05-04 08:00:00-04:00,-2.04,-2.89,-41.66
VST,2021-02-26 07:00:00-05:00,0.19,0.32,68.37
VST,2020-11-04 07:00:00-05:00,1.05,0.83,-21.03
VST,2020-08-05 07:00:00-04:00,0.51,0.34,-33.2
VST,2020-05-05 08:00:00-04:00,0.66,0.14,-78.23
VST,2020-02-28 09:00:00-05:00,0.24,0.39,60.83
VST,2019-11-05 06:00:00-05:00,0.89,0.23,-74.06
VST,2019-08-02 07:00:00-04:00,0.37,0.7,88.32
VST,2019-05-03 06:00:00-04:00,0.37,0.21,-41.76
VST,2019-02-28 06:00:00-05:00,0.5,-0.31,-161.8
VST,2018-11-02 06:00:00-04:00,0.79,0.61,-22.49
VST,2018-08-06 06:00:00-04:00,0.34,0.26,-23.55
VST,2018-05-04 06:00:00-04:00,0.09,0.13,42.64
VST,2018-02-26 08:00:00-05:00,0.38,0.36,-3.76
VST,2017-11-03 06:00:00-04:00,0.32,0.64,101.18
VST,2017-08-04 06:00:00-04:00,0.1,0.16,55.6
VST,2017-05-18 08:00:00-04:00,0.08,0.18,127.79
WBD,2026-11-05 07:00:00-05:00,,,
WBD,2026-08-06 07:00:00-04:00,-0.11,0.06,153.87
WBD,2026-05-06 16:00:00-04:00,-0.09,-1.17,-1161.59
WBD,2026-02-26 07:00:00-05:00,,-0.1,-2790.17
WBD,2025-11-06 07:00:00-05:00,-0.08,-0.06,28.65
WBD,2025-08-07 07:00:00-04:00,-0.23,0.63,376.26
WBD,2025-05-08 07:00:00-04:00,-0.13,-0.18,-38.95
WBD,2025-02-27 07:00:00-05:00,0.03,-0.2,-879.42
WBD,2024-11-07 07:00:00-05:00,-0.07,0.05,173.29
WBD,2024-08-07 16:00:00-04:00,,-0.18,-4885.33
WBD,2024-05-09 07:00:00-04:00,-0.21,-0.4,-88.61
WBD,2024-02-23 07:00:00-05:00,-0.06,-0.16,-164.81
WBD,2023-11-08 07:00:00-05:00,-0.09,-0.17,-99.62
WBD,2023-08-03 07:00:00-04:00,-0.41,-0.51,-25.31
WBD,2023-05-05 07:00:00-04:00,-0.04,-0.38,-748.61
WBD,2023-02-22 19:00:00-05:00,-0.24,-0.42,-74.22
WBD,2022-11-03 16:00:00-04:00,-0.12,-0.22,-84.2
WBD,2022-08-05 06:00:00-04:00,-0.3,-1.5,-404.2
WBD,2022-04-26 15:00:00-04:00,0.62,0.78,26.19
WBD,2022-02-24 07:00:00-05:00,0.53,0.08,-84.84
WBD,2021-11-03 07:00:00-04:00,0.41,0.27,-34.95
WBD,2021-08-03 07:00:00-04:00,0.83,0.97,16.26
WBD,2021-04-28 07:00:00-04:00,0.32,0.21,-35.28
WBD,2021-02-22 07:00:00-05:00,0.72,0.76,5.95
WBD,2020-11-05 07:00:00-05:00,0.68,0.81,19.45
WBD,2020-08-05 07:00:00-04:00,0.41,0.4,-1.38
WBD,2020-05-06 07:00:00-04:00,0.55,0.55,0.08
WBD,2020-02-27 07:00:00-05:00,0.92,0.98,6.66
WBD,2019-11-07 07:00:00-05:00,0.51,0.35,-31.88
WBD,2019-08-06 07:00:00-04:00,1.33,1.33,-0.15
WBD,2019-05-02 07:00:00-04:00,0.46,0.53,15.61
WBD,2019-02-26 07:00:00-05:00,0.47,0.38,-18.71
WBD,2018-11-08 07:00:00-05:00,0.61,0.52,-15.0
WBD,2018-08-07 07:00:00-04:00,0.54,0.3,-44.72
WBD,2018-05-08 07:00:00-04:00,0.45,0.53,18.57
WBD,2018-02-27 07:00:00-05:00,0.43,0.47,9.1
WBD,2017-11-02 07:00:00-04:00,0.5,0.38,-23.83
WBD,2017-07-31 06:00:00-04:00,0.72,0.68,-6.09
WBD,2017-05-09 07:00:00-04:00,0.5,0.47,-6.86
WBD,2017-02-14 07:00:00-05:00,0.46,0.52,12.08
WBD,2016-11-01 07:00:00-04:00,0.44,0.4,-9.79
WBD,2016-08-02 07:00:00-04:00,0.57,0.71,23.7
WBD,2016-05-05 07:00:00-04:00,0.4,0.42,5.27
WBD,2016-02-18 07:00:00-05:00,0.45,0.38,-15.81
WBD,2015-11-03 07:00:00-05:00,0.37,0.43,16.92
WBD,2015-08-05 07:00:00-04:00,0.47,0.43,-8.29
WBD,2015-05-05 07:00:00-04:00,0.35,0.37,6.04
WBD,2015-02-19 07:00:00-05:00,0.42,0.38,-9.49
WBD,2014-11-04 07:00:00-05:00,0.41,0.41,-0.38
WBD,2014-07-31 07:00:00-04:00,0.48,0.55,14.66
WBD,2014-05-06 07:00:00-04:00,0.34,0.33,-4.23
WBD,2014-02-13 07:00:00-05:00,0.45,0.41,-9.86
WBD,2013-10-31 07:00:00-04:00,0.37,0.36,-3.11
WBD,2013-07-30 07:00:00-04:00,0.46,0.41,-10.83
WBD,2013-05-07 07:00:00-04:00,0.32,0.32,-1.95
WBD,2013-02-14 07:00:00-05:00,0.38,0.31,-20.08
WBD,2012-11-06 07:00:00-05:00,0.32,0.29,-9.68
WBD,2012-07-31 07:00:00-04:00,0.35,0.38,9.05
WBD,2012-05-08 07:00:00-04:00,0.3,0.28,-4.41
WBD,2012-02-16 07:00:00-05:00,0.34,0.46,33.18
WBD,2011-11-01 16:00:00-04:00,0.27,0.3,8.24
WBD,2011-08-04 07:00:00-04:00,0.3,0.31,2.06
WBD,2011-04-28 07:00:00-04:00,0.23,0.27,13.35
WBD,2011-02-11 07:00:00-05:00,0.26,0.25,-4.6
WBD,2010-11-02 16:00:00-04:00,0.21,0.2,-5.48
WBD,2010-08-03 07:00:00-04:00,0.22,0.13,-42.45
WBD,2010-04-30 07:00:00-04:00,0.17,0.2,16.25
WBD,2010-02-10 06:00:00-05:00,0.18,0.18,0.51
WBD,2009-11-03 16:00:00-05:00,0.13,0.12,-13.44
WBD,2009-08-04 07:00:00-04:00,0.16,0.22,33.96
WBD,2009-05-04 07:00:00-04:00,0.12,0.14,14.29
WBD,2009-02-25 07:00:00-05:00,0.14,0.13,-13.79
WBD,2008-11-07 07:00:00-05:00,0.09,0.16,70.87
XYZ,2026-11-03 15:00:00-05:00,1.02,,
XYZ,2026-08-05 16:00:00-04:00,0.87,1.02,16.71
XYZ,2026-05-07 16:00:00-04:00,0.68,0.85,25.55
XYZ,2026-02-26 16:00:00-05:00,0.65,0.65,0.15
XYZ,2025-11-06 16:00:00-05:00,0.66,0.54,-18.09
XYZ,2025-08-07 16:00:00-04:00,0.67,0.62,-8.01
XYZ,2025-05-01 16:00:00-04:00,0.93,0.56,-39.71
XYZ,2025-02-20 16:00:00-05:00,0.87,0.71,-18.79
XYZ,2024-11-07 16:00:00-05:00,0.89,0.88,-1.33
XYZ,2024-08-01 16:00:00-04:00,0.84,0.93,11.36
XYZ,2024-05-02 16:00:00-04:00,0.73,0.85,16.43
XYZ,2024-02-22 16:00:00-05:00,0.57,0.45,-21.07
XYZ,2023-11-02 16:00:00-04:00,0.46,0.55,18.75
XYZ,2023-08-03 16:00:00-04:00,0.37,0.39,5.66
XYZ,2023-05-04 16:00:00-04:00,0.34,0.4,17.42
XYZ,2023-02-23 16:00:00-05:00,0.3,0.22,-27.01
XYZ,2022-11-03 16:00:00-04:00,0.23,0.42,83.29
XYZ,2022-08-04 16:00:00-04:00,0.16,0.18,12.25
XYZ,2022-05-05 16:00:00-04:00,0.2,0.18,-10.62
XYZ,2022-02-24 16:00:00-05:00,0.23,0.27,16.23
XYZ,2021-11-04 21:00:00-04:00,0.38,0.37,-3.04
XYZ,2021-08-02 06:00:00-04:00,0.31,0.66,113.04
XYZ,2021-05-06 16:00:00-04:00,0.16,0.41,149.85
XYZ,2021-02-23 16:00:00-05:00,0.24,0.32,33.27
XYZ,2020-11-05 16:00:00-05:00,0.16,0.34,112.74
XYZ,2020-08-05 06:00:00-04:00,-0.05,0.18,453.43
XYZ,2020-05-06 16:00:00-04:00,0.13,-0.02,-115.59
XYZ,2020-02-26 16:00:00-05:00,0.21,0.23,9.82
XYZ,2019-11-06 16:00:00-05:00,0.2,0.25,23.48
XYZ,2019-08-01 16:00:00-04:00,0.16,0.21,28.68
XYZ,2019-05-01 16:00:00-04:00,0.08,0.11,40.45
XYZ,2019-02-27 16:00:00-05:00,0.13,0.14,3.91
XYZ,2018-11-07 16:00:00-05:00,0.11,0.13,16.45
XYZ,2018-08-01 16:00:00-04:00,0.11,0.13,15.01
XYZ,2018-05-02 16:00:00-04:00,0.05,0.06,11.94
XYZ,2018-02-27 16:00:00-05:00,0.07,0.08,18.05
XYZ,2017-11-08 16:00:00-05:00,0.05,0.07,29.46
XYZ,2017-08-02 16:00:00-04:00,0.05,0.07,39.19
XYZ,2017-05-03 12:00:00-04:00,0.02,0.05,130.95
XYZ,2017-02-22 16:00:00-05:00,-0.07,-0.04,38.72
XYZ,2016-11-01 16:00:00-04:00,-0.12,-0.09,22.25
XYZ,2016-08-03 16:00:00-04:00,-0.03,-0.08,-144.57
XYZ,2016-05-05 16:00:00-04:00,-0.08,-0.29,-250.33
XYZ,2016-03-10 16:00:00-05:00,-0.11,-0.21,-94.52
META,2026-10-28 16:00:00-04:00,6.34,,
META,2026-07-29 16:00:00-04:00,7.22,6.18,-14.42
META,2026-04-29 16:00:00-04:00,6.82,7.31,7.2
META,2026-01-28 16:00:00-05:00,8.22,8.88,8.0
META,2025-10-29 16:00:00-04:00,6.67,7.25,8.66
META,2025-07-30 16:00:00-04:00,5.86,7.14,21.82
META,2025-04-30 16:00:00-04:00,5.21,6.43,23.53
META,2025-01-29 16:00:00-05:00,6.74,8.02,19.0
META,2024-10-30 16:00:00-04:00,5.3,6.03,13.86
META,2024-07-31 16:00:00-04:00,4.76,5.16,8.45
META,2024-04-24 16:00:00-04:00,4.36,4.71,8.11
META,2024-02-01 16:00:00-05:00,4.94,5.33,7.88
META,2023-10-25 16:00:00-04:00,3.6,4.39,21.96
META,2023-07-26 16:00:00-04:00,2.91,2.98,2.51
META,2023-04-26 16:00:00-04:00,1.98,2.2,11.2
META,2023-02-01 16:00:00-05:00,2.24,1.76,-21.53
META,2022-10-26 16:00:00-04:00,1.85,1.64,-11.32
META,2022-07-27 16:00:00-04:00,2.55,2.46,-3.56
META,2022-04-27 16:00:00-04:00,2.53,2.72,7.57
META,2022-02-02 16:00:00-05:00,3.83,3.67,-4.06
META,2021-10-25 16:00:00-04:00,3.17,3.22,1.52
META,2021-07-28 16:00:00-04:00,3.06,3.61,17.94
META,2021-04-28 16:00:00-04:00,2.35,3.3,40.65
META,2021-01-27 16:00:00-05:00,3.24,3.88,19.91
META,2020-10-29 16:00:00-04:00,1.91,2.4,25.57
META,2020-07-30 16:00:00-04:00,1.4,1.8,28.88
META,2020-04-29 17:00:00-04:00,1.7,1.71,0.66
META,2020-01-29 16:00:00-05:00,2.53,2.56,1.26
META,2019-10-30 16:00:00-04:00,1.91,2.12,10.84
META,2019-07-24 16:00:00-04:00,1.88,1.99,6.13
META,2019-04-24 16:00:00-04:00,1.61,0.85,-47.31
META,2019-01-30 16:00:00-05:00,2.18,2.38,9.35
META,2018-10-30 16:00:00-04:00,1.45,1.76,21.14
META,2018-07-25 16:00:00-04:00,1.7,1.74,2.56
META,2018-04-25 16:00:00-04:00,1.35,1.69,24.81
META,2018-01-31 16:00:00-05:00,1.97,2.21,12.3
META,2017-11-01 16:00:00-04:00,1.28,1.59,23.94
META,2017-07-26 16:00:00-04:00,1.12,1.32,17.46
META,2017-05-03 16:00:00-04:00,1.12,1.36,21.35
META,2017-02-01 16:00:00-05:00,1.31,1.41,7.41
META,2016-11-02 16:00:00-04:00,0.71,0.82,15.41
META,2016-07-27 16:00:00-04:00,0.82,0.97,18.68
META,2016-04-27 16:00:00-04:00,0.4,0.52,29.18
META,2016-01-27 16:00:00-05:00,0.42,0.54,27.56
META,2015-11-04 16:00:00-05:00,0.27,0.31,13.85
META,2015-07-29 16:00:00-04:00,0.47,0.5,6.23
META,2015-04-22 16:00:00-04:00,0.16,0.18,10.21
META,2015-01-28 16:00:00-05:00,0.49,0.54,11.0
META,2014-10-28 16:00:00-04:00,0.4,0.42,2.88
META,2014-07-23 16:00:00-04:00,0.24,0.3,22.72
META,2014-04-23 16:00:00-04:00,0.17,0.25,50.53
META,2014-01-29 16:00:00-05:00,0.2,0.2,-0.29
META,2013-10-30 16:00:00-04:00,0.19,0.25,34.6
META,2013-07-24 16:00:00-04:00,0.09,0.13,52.74
META,2013-05-01 16:00:00-04:00,0.13,0.12,-4.14
META,2013-01-30 16:00:00-05:00,-0.01,0.03,308.48
META,2012-10-23 16:00:00-04:00,0.06,-0.02,-134.07
META,2012-07-26 16:00:00-04:00,0.11,0.12,8.83
