eventId,version,chamber,filerFirst,filerLast,owner,action,partialSale,transactionDate,ticker,sourceTransactionId,assetDescription,assetTypeCode,assetTypeLabel,amountLow,amountHigh,firstAvailableAt,availableAt,supersededAt,sourceDocId,sourceRowIndex,sourceUrl,contributorRowIds,filerKey,memberId,displayName,identitySource,comment,FilingType,clerkFilingDate,priceTicker,tradeDate,disclosedAt,lagDays,sign,trade_entryDate,trade_entryAdj,trade_ret1d,trade_xs1d,trade_ret5d,trade_xs5d,trade_ret20d,trade_xs20d,trade_ret60d,trade_xs60d,trade_ret120d,trade_xs120d,trade_ret250d,trade_xs250d,disc_entryDate,disc_entryAdj,disc_ret1d,disc_xs1d,disc_ret5d,disc_xs5d,disc_ret20d,disc_xs20d,disc_ret60d,disc_xs60d,disc_ret120d,disc_xs120d,disc_ret250d,disc_xs250d,nextEarnings,daysToEarnings,optContracts,optRight,optStrike,optExpiry,shares,nonDirectional
house:8214491:0,1,house,Nancy,Pelosi,spouse,sale,False,2013-11-26,,,Active Network Inc. Common Stock,,,50001.0,100000.0,2014-04-17 03:59:59.999,2014-04-17 03:59:59.999,,8214491,0,https://disclosures-clerk.house.gov/public_disc/ptr-pdfs/2013/8214491.pdf,"[""8214491:0""]",member:P000197,P000197,Nancy Pelosi,legislators,,P,4/16/2014,,2013-11-26,2014-04-16 23:59:59.999,141,-1.0,,,,,,,,,,,,,,,,,,,,,,,,,,,,,,,,,,,,
house:20001991:6,1,house,Nancy,Pelosi,spouse,sale,False,2014-09-22,MGRC,,McGrath RentCorp (MGRC),,,50001.0,100000.0,2014-11-06 04:59:59.999,2014-11-06 04:59:59.999,,20001991,6,https://disclosures-clerk.house.gov/public_disc/ptr-pdfs/2014/20001991.pdf,"[""20001991:6""]",member:P000197,P000197,Nancy Pelosi,legislators,Contribution of shares held personally to The Paul & Nancy Pelosi Charitable Foundation via transfer between brokerage accounts.,P,11/5/2014,MGRC,2014-09-22,2014-11-05 23:59:59.999,44,-1.0,2014-09-22,26.67626571655273,-0.0128884889982486,-0.0071641173705689,-0.0299804533747422,-0.02189618799137,-0.0150085306454733,0.0294307587290767,-0.0468917376648124,-0.0406651674808578,-0.1330224425116291,-0.1861543204509188,-0.2334252296896493,-0.2346680565766363,2014-11-06,28.38338661193848,-0.0002651019224492,-0.0012002259299569,0.0055684171614283,0.0004493419240931,-0.0631134093928332,-0.0869877614308159,-0.1806249940780464,-0.1906482915166847,-0.1253619615633796,-0.1730055306426179,-0.2050565722126548,-0.2614614521263984,2014-10-29,37.0,,,,,,gift
house:20001991:7,1,house,Nancy,Pelosi,spouse,sale,False,2014-09-22,RHI,,Robert Half International Inc. (RHI),,,100001.0,250000.0,2014-11-06 04:59:59.999,2014-11-06 04:59:59.999,,20001991,7,https://disclosures-clerk.house.gov/public_disc/ptr-pdfs/2014/20001991.pdf,"[""20001991:7""]",member:P000197,P000197,Nancy Pelosi,legislators,Contribution of shares held personally to The Paul & Nancy Pelosi Charitable Foundation via transfer between brokerage accounts.,P,11/5/2014,RHI,2014-09-22,2014-11-05 23:59:59.999,44,-1.0,2014-09-22,36.073123931884766,-0.0027792955698671,0.0029450760578125,-0.0218382287547852,-0.0137539633714131,-0.0698832837564333,-0.0254439943818832,0.1294465212963178,0.1356730914802725,0.2236586345708542,0.1705267566315644,0.0242292139474911,0.022986387060504,2014-11-06,39.63962173461914,0.0117431052105276,0.0108079812030199,0.0384825212733472,0.0333634460360121,0.0232956662065697,-0.0005786858314129,0.1082982101643019,0.0982749127256636,0.0266449138311908,-0.0209986552480474,-0.0342301133189539,-0.0906349932326975,2014-10-21,29.0,,,,,,gift
house:20001991:0,1,house,Nancy,Pelosi,spouse,sale,False,2014-10-23,AA,,Alcoa Inc. (AA),,,15001.0,50000.0,2014-11-06 04:59:59.999,2014-11-06 04:59:59.999,,20001991,0,https://disclosures-clerk.house.gov/public_disc/ptr-pdfs/2014/20001991.pdf,"[""20001991:0""]",member:P000197,P000197,Nancy Pelosi,legislators,,P,11/5/2014,AA,2014-10-23,2014-11-05 23:59:59.999,13,-1.0,2014-10-23,36.12590408325195,0.0190890593630179,0.0113938586994555,-0.0012311264326403,-0.0240601453136608,0.0561005699041488,0.0014654667173312,-0.0179251966354631,-0.0654851590860629,-0.1681756298633533,-0.2456450058667952,-0.4340239144118454,-0.4904378091418901,2014-11-06,36.48118209838867,-0.0024432929850848,-0.0033784169925925,0.022602394586066,0.0174833193487309,0.0354307807024818,0.0115564286644991,0.004869541685458,-0.0051537557531802,-0.1340497962894278,-0.1816933653686661,-0.4210731980923368,-0.4774780780060803,2016-12-01,770.0,,,,,,
house:20001991:1,1,house,Nancy,Pelosi,spouse,sale,False,2014-10-23,BCOR,,"Blucora, Inc. (BCOR)",,,1001.0,15000.0,2014-11-06 04:59:59.999,2014-11-06 04:59:59.999,,20001991,1,https://disclosures-clerk.house.gov/public_disc/ptr-pdfs/2014/20001991.pdf,"[""20001991:1""]",member:P000197,P000197,Nancy Pelosi,legislators,,P,11/5/2014,BCOR,2014-10-23,2014-11-05 23:59:59.999,13,-1.0,,,,,,,,,,,,,,,,,,,,,,,,,,,,,,,,,,,,
house:20001991:2,1,house,Nancy,Pelosi,spouse,sale,False,2014-10-23,BRCM,,Broadcom Corporation - Class A (BRCM),,,1001.0,15000.0,2014-11-06 04:59:59.999,2014-11-06 04:59:59.999,,20001991,2,https://disclosures-clerk.house.gov/public_disc/ptr-pdfs/2014/20001991.pdf,"[""20001991:2""]",member:P000197,P000197,Nancy Pelosi,legislators,,P,11/5/2014,BRCM,2014-10-23,2014-11-05 23:59:59.999,13,-1.0,,,,,,,,,,,,,,,,,,,,,,,,,,,,,,,,,,,,
house:20001991:3,1,house,Nancy,Pelosi,spouse,sale,False,2014-10-23,DOW,,Dow Chemical Company (DOW),,,15001.0,50000.0,2014-11-06 04:59:59.999,2014-11-06 04:59:59.999,,20001991,3,https://disclosures-clerk.house.gov/public_disc/ptr-pdfs/2014/20001991.pdf,"[""20001991:3""]",member:P000197,P000197,Nancy Pelosi,legislators,,P,11/5/2014,DOW,2014-10-23,2014-11-05 23:59:59.999,13,-1.0,,,,,,,,,,,,,,,,,,,,,,,,,,,,,2019-05-02,1652.0,,,,,,
house:20001991:4,1,house,Nancy,Pelosi,spouse,sale,False,2014-10-23,ELX,,Emulex Corporation (ELX),,,1001.0,15000.0,2014-11-06 04:59:59.999,2014-11-06 04:59:59.999,,20001991,4,https://disclosures-clerk.house.gov/public_disc/ptr-pdfs/2014/20001991.pdf,"[""20001991:4""]",member:P000197,P000197,Nancy Pelosi,legislators,,P,11/5/2014,ELX,2014-10-23,2014-11-05 23:59:59.999,13,-1.0,,,,,,,,,,,,,,,,,,,,,,,,,,,,,,,,,,,,
house:20001991:5,1,house,Nancy,Pelosi,spouse,sale,False,2014-10-23,ENTR,,"Entropic Communications, Inc. (ENTR)",,,1001.0,15000.0,2014-11-06 04:59:59.999,2014-11-06 04:59:59.999,,20001991,5,https://disclosures-clerk.house.gov/public_disc/ptr-pdfs/2014/20001991.pdf,"[""20001991:5""]",member:P000197,P000197,Nancy Pelosi,legislators,,P,11/5/2014,ENTR,2014-10-23,2014-11-05 23:59:59.999,13,-1.0,,,,,,,,,,,,,,,,,,,,,,,,,,,,,,,,,,,,
house:20001991:8,1,house,Nancy,Pelosi,spouse,sale,False,2014-10-23,SFLY,,"Shutterfly, Inc. (SFLY)",,,15001.0,50000.0,2014-11-06 04:59:59.999,2014-11-06 04:59:59.999,,20001991,8,https://disclosures-clerk.house.gov/public_disc/ptr-pdfs/2014/20001991.pdf,"[""20001991:8""]",member:P000197,P000197,Nancy Pelosi,legislators,,P,11/5/2014,SFLY,2014-10-23,2014-11-05 23:59:59.999,13,-1.0,,,,,,,,,,,,,,,,,,,,,,,,,,,,,,,,,,,,
house:20001991:9,1,house,Nancy,Pelosi,spouse,purchase,False,2014-10-24,SUNE,,"SunEdison, Inc. (SUNE)",,,100001.0,250000.0,2014-11-06 04:59:59.999,2014-11-06 04:59:59.999,,20001991,9,https://disclosures-clerk.house.gov/public_disc/ptr-pdfs/2014/20001991.pdf,"[""20001991:9""]",member:P000197,P000197,Nancy Pelosi,legislators,,P,11/5/2014,SUNE,2014-10-24,2014-11-05 23:59:59.999,12,1.0,2014-10-24,3096201.5,0.0185511182008017,0.0199256692321464,0.0450529463279441,0.0184277032575534,-0.0194346201305051,-0.0716158951621459,-0.0863598509334744,-0.1413794316499075,0.030842792369941,-0.0481682968442034,-0.2037985899819504,-0.2698560050733264,2014-11-06,3306808.5,-0.0239870255565146,-0.0249221495640223,-0.0479738243082416,-0.0530928995455767,-0.0595533427472441,-0.0834276947852268,-0.1420325670506774,-0.1520558644893157,-0.0467158137521419,-0.0943593828313802,-0.2712110483567463,-0.3276159282704899,2023-03-30,3079.0,,,,,,
house:20002236:0,1,house,Nancy,Pelosi,not_indicated,purchase,False,2014-11-05,HTZ,,"Hertz Global Holdings, Inc (HTZ)",,,15001.0,50000.0,2014-12-18 04:59:59.999,2014-12-18 04:59:59.999,,20002236,0,https://disclosures-clerk.house.gov/public_disc/ptr-pdfs/2014/20002236.pdf,"[""20002236:0"",""20003320:0""]",member:P000197,P000197,Nancy Pelosi,legislators,Purchase of 50 Options,P,12/17/2014,HTZ,2014-11-05,2014-12-17 23:59:59.999,42,1.0,,,,,,,,,,,,,,,,,,,,,,,,,,,,,2021-08-09,2469.0,50.0,,,,,
house:20002236:1,1,house,Nancy,Pelosi,not_indicated,purchase,False,2014-11-06,HTZ,,"Hertz Global Holdings, Inc (HTZ)",,,50001.0,100000.0,2014-12-18 04:59:59.999,2014-12-18 04:59:59.999,,20002236,1,https://disclosures-clerk.house.gov/public_disc/ptr-pdfs/2014/20002236.pdf,"[""20002236:1"",""20003320:2""]",member:P000197,P000197,Nancy Pelosi,legislators,Purchase of 150 Options,P,12/17/2014,HTZ,2014-11-06,2014-12-17 23:59:59.999,41,1.0,,,,,,,,,,,,,,,,,,,,,,,,,,,,,2021-08-09,2468.0,150.0,,,,,
house:20002236:2,1,house,Nancy,Pelosi,not_indicated,purchase,False,2014-11-25,HTZ,,"Hertz Global Holdings, Inc (HTZ)",,,100001.0,250000.0,2014-12-18 04:59:59.999,2014-12-18 04:59:59.999,,20002236,2,https://disclosures-clerk.house.gov/public_disc/ptr-pdfs/2014/20002236.pdf,"[""20002236:2"",""20003320:1""]",member:P000197,P000197,Nancy Pelosi,legislators,Purchase of 200 Options,P,12/17/2014,HTZ,2014-11-25,2014-12-17 23:59:59.999,22,1.0,,,,,,,,,,,,,,,,,,,,,,,,,,,,,2021-08-09,2449.0,200.0,,,,,
house:20002236:4,1,house,Nancy,Pelosi,not_indicated,purchase,False,2014-11-28,DIS,,Walt Disney Company (DIS),,,1001.0,15000.0,2014-12-18 04:59:59.999,2014-12-18 04:59:59.999,,20002236,4,https://disclosures-clerk.house.gov/public_disc/ptr-pdfs/2014/20002236.pdf,"[""20002236:4"",""20003320:5""]",member:P000197,P000197,Nancy Pelosi,legislators,Purchase of 8 Options,P,12/17/2014,DIS,2014-11-28,2014-12-17 23:59:59.999,19,1.0,2014-11-28,82.54711151123047,0.0020535850859757,0.0090035302747468,0.0135120334688434,0.0096508030264048,0.0454414505506897,0.0325457586827204,0.1446216894039205,0.1188176341099143,0.2070197507027744,0.1687884917124837,0.306639653998779,0.2760044997895121,2014-12-18,83.6866455078125,0.0030235274468646,-0.0012314165504179,0.026131153901695,0.0125400072829886,0.0229995944926855,0.0404330681055939,0.1658566852548497,0.1424432368041941,0.1872369854761282,0.1614525651629446,0.2437692451875179,0.2174053420251804,2015-02-03,67.0,8.0,,,,,
house:20002236:3,1,house,Nancy,Pelosi,not_indicated,purchase,False,2014-11-28,HTZ,,"Hertz Global Holdings, Inc (HTZ)",,,50001.0,100000.0,2014-12-18 04:59:59.999,2014-12-18 04:59:59.999,,20002236,3,https://disclosures-clerk.house.gov/public_disc/ptr-pdfs/2014/20002236.pdf,"[""20002236:3"",""20003320:3""]",member:P000197,P000197,Nancy Pelosi,legislators,Purchase of 100 Options,P,12/17/2014,HTZ,2014-11-28,2014-12-17 23:59:59.999,19,1.0,,,,,,,,,,,,,,,,,,,,,,,,,,,,,2021-08-09,2446.0,100.0,,,,,
house:20002351:2,1,house,Nancy,Pelosi,not_indicated,purchase,False,2014-12-10,DIS,,Walt Disney Company (DIS),,,50001.0,100000.0,2015-01-13 04:59:59.999,2015-01-13 04:59:59.999,,20002351,2,https://disclosures-clerk.house.gov/public_disc/ptr-pdfs/2015/20002351.pdf,"[""20002351:2"",""20003320:4""]",member:P000197,P000197,Nancy Pelosi,legislators,Purchase of 92 Options,P,1/12/2015,DIS,2014-12-10,2015-01-12 23:59:59.999,33,1.0,2014-12-10,81.76187896728516,0.0140363263182028,0.0089669988564953,0.0099470984192604,0.0166908034406424,0.0416667716430805,0.0307527959523516,0.139367806841159,0.1248409225316844,0.2190541429151697,0.1743956117241134,0.2503777984495776,0.2111490790065326,2015-01-13,86.01806640625,-0.0100851829250986,-0.0040482800699687,-0.0107155401186387,-0.0156640299673569,0.0701754214798626,0.0461747096172513,0.123542027360713,0.0795121152017002,0.2373257138194306,0.1983067902605355,0.0625627962421593,0.0922824187790257,2015-02-03,55.0,92.0,,,,,
house:20002351:0,1,house,Nancy,Pelosi,not_indicated,sale,False,2014-12-29,V,,Visa Inc. (V),,,250001.0,500000.0,2015-01-13 04:59:59.999,2015-01-13 04:59:59.999,,20002351,0,https://disclosures-clerk.house.gov/public_disc/ptr-pdfs/2015/20002351.pdf,"[""20002351:0""]",member:P000197,P000197,Nancy Pelosi,legislators,Sale of 1000 Shares,P,1/12/2015,V,2014-12-29,2015-01-12 23:59:59.999,14,-1.0,2014-12-29,61.06917572021485,-0.0033155894733173,0.002050500669899,-0.02987622274035,0.0127648518404951,-0.0718458923957259,-0.0307381638772991,-0.0097697420900025,0.002369528533422,0.0448959761053182,0.0202165751483656,0.1876504083536438,0.1818804418491193,2015-01-13,59.99930191040039,-0.0200167759621938,-0.0139798731070639,-0.013421087650238,-0.0183695774989562,0.0218322115131828,-0.0021685003494285,0.0194121394107509,-0.0246177727482619,0.0432086885573073,0.0041897649984121,0.1417909588969852,0.1715105814338516,2015-01-29,31.0,,,,,1000.0,
house:20002351:1,1,house,Nancy,Pelosi,not_indicated,sale,False,2014-12-30,V,,Visa Inc. (V),,,100001.0,250000.0,2015-01-13 04:59:59.999,2015-01-13 04:59:59.999,,20002351,1,https://disclosures-clerk.house.gov/public_disc/ptr-pdfs/2015/20002351.pdf,"[""20002351:1""]",member:P000197,P000197,Nancy Pelosi,legislators,Sale of 500 Shares,P,1/12/2015,V,2014-12-30,2015-01-12 23:59:59.999,13,-1.0,2014-12-30,60.866695404052734,-0.0088830176839964,0.0010397354707819,-0.0136079337476393,0.011873819811767,-0.0625591045384702,-0.0355359108600874,-0.0072328380851673,-0.0026971862165637,0.0533797689986719,0.0224428517219112,0.195711739131988,0.1868260683165161,2015-01-13,59.99930191040039,-0.0200167759621938,-0.0139798731070639,-0.013421087650238,-0.0183695774989562,0.0218322115131828,-0.0021685003494285,0.0194121394107509,-0.0246177727482619,0.0432086885573073,0.0041897649984121,0.1417909588969852,0.1715105814338516,2015-01-29,30.0,,,,,500.0,
house:20003475:0,1,house,Nancy,Pelosi,not_indicated,purchase,False,2015-07-15,HTZ,,"Hertz Global Holdings, Inc (HTZ)",,,15001.0,50000.0,2015-07-29 03:59:59.999,2015-07-29 03:59:59.999,,20003475,0,https://disclosures-clerk.house.gov/public_disc/ptr-pdfs/2015/20003475.pdf,"[""20003475:0""]",member:P000197,P000197,Nancy Pelosi,legislators,Purchase of 42 call options with a strike price of $14 and an expiration date of 1/15/16,P,7/28/2015,HTZ,2015-07-15,2015-07-28 23:59:59.999,13,1.0,,,,,,,,,,,,,,,,,,,,,,,,,,,,,2021-08-09,2217.0,42.0,call,14.0,2016-01-15,,
house:20003475:1,1,house,Nancy,Pelosi,not_indicated,purchase,False,2015-07-16,HTZ,,"Hertz Global Holdings, Inc (HTZ)",,,100001.0,250000.0,2015-07-29 03:59:59.999,2015-07-29 03:59:59.999,,20003475,1,https://disclosures-clerk.house.gov/public_disc/ptr-pdfs/2015/20003475.pdf,"[""20003475:1""]",member:P000197,P000197,Nancy Pelosi,legislators,Purchase of 258 call options with a strike price of $14 and an expiration date of 1/15/16,P,7/28/2015,HTZ,2015-07-16,2015-07-28 23:59:59.999,12,1.0,,,,,,,,,,,,,,,,,,,,,,,,,,,,,2021-08-09,2216.0,258.0,call,14.0,2016-01-15,,
house:20004503:2,1,house,Nancy,Pelosi,not_indicated,sale,False,2015-12-29,V,,Visa Inc. (V),,,250001.0,500000.0,2016-02-03 04:59:59.999,2016-02-03 04:59:59.999,,20004503,2,https://disclosures-clerk.house.gov/public_disc/ptr-pdfs/2016/20004503.pdf,"[""20004503:2""]",member:P000197,P000197,Nancy Pelosi,legislators,"Sale of 5,000 Shares",P,2/2/2016,V,2015-12-29,2016-02-02 23:59:59.999,35,-1.0,2015-12-29,73.40923309326172,-0.010856905006758,-0.0037689162257618,-0.0497408254818827,-0.0083713616608513,-0.1247314588238595,-0.036544350617426,-0.0629189988042896,-0.0479150685661263,-0.0200756711645678,-0.0355269093098803,-0.0058781560181232,-0.117531388721029,2016-02-03,68.9329605102539,-0.0094113222524263,-0.0109801903550168,-0.0568701390708166,-0.025349178306272,-0.0043585181082703,-0.0486867009206235,0.0404997974030625,-0.043630742742452,0.0592110993681256,-0.085592552629784,0.1204493855740134,-0.0944802330357728,2016-01-28,30.0,,,,,5000.0,
house:20004503:0,1,house,Nancy,Pelosi,not_indicated,sale,False,2015-12-30,CRM,,Salesforce.com Inc (CRM),,,50001.0,100000.0,2016-02-03 04:59:59.999,2016-02-03 04:59:59.999,,20004503,0,https://disclosures-clerk.house.gov/public_disc/ptr-pdfs/2016/20004503.pdf,"[""20004503:0""]",member:P000197,P000197,Nancy Pelosi,legislators,"Contribution of 1,084 shares held personally to The Paul & Nancy Pelosi Charitable Foundation via transfer between brokerage accounts.",P,2/2/2016,CRM,2015-12-30,2016-02-02 23:59:59.999,34,-1.0,2015-12-30,77.65750122070312,-0.0093504844025635,0.0006528769538207,-0.0611572727583535,-0.00346776252516,-0.1400050733274622,-0.0807130375393695,-0.0864292027173543,-0.0876335639340859,0.0187011652934101,-0.0023307050348881,-0.1173870123602919,-0.2397536010945936,2016-02-03,64.11599731445312,0.0284666053928859,0.0268977372902954,-0.1007038234553557,-0.0691828626908112,0.0835633876626464,0.0392352048502933,0.1600862798929818,0.0759557397474672,0.2513013142131213,0.1064976622152116,0.2105910984205738,-0.0043385201892123,2016-02-24,56.0,,,,,1084.0,gift
house:20004503:1,1,house,Nancy,Pelosi,not_indicated,sale,False,2015-12-30,V,,Visa Inc. (V),,,100001.0,250000.0,2016-02-03 04:59:59.999,2016-02-03 04:59:59.999,,20004503,1,https://disclosures-clerk.house.gov/public_disc/ptr-pdfs/2016/20004503.pdf,"[""20004503:1""]",member:P000197,P000197,Nancy Pelosi,legislators,"Contribution of 2,000 shares held personally to The Paul & Nancy Pelosi Charitable Foundation via transfer between brokerage accounts.",P,2/2/2016,V,2015-12-30,2016-02-02 23:59:59.999,34,-1.0,2015-12-30,72.61223602294922,-0.0102105284503769,-0.0002071670939925,-0.058200369406408,-0.0005108591732144,-0.049266235815106,0.0100257999729866,-0.0360089818355394,-0.037213343052271,-0.0195687260564326,-0.040600596384731,0.0076050984766793,-0.1147614902576223,2016-02-03,68.9329605102539,-0.0094113222524263,-0.0109801903550168,-0.0568701390708166,-0.025349178306272,-0.0043585181082703,-0.0486867009206235,0.0404997974030625,-0.043630742742452,0.0592110993681256,-0.085592552629784,0.1204493855740134,-0.0944802330357728,2016-01-28,29.0,,,,,2000.0,gift
house:20004596:0,1,house,Nancy,Pelosi,not_indicated,purchase,False,2016-01-13,AAPL,,Apple Inc. (AAPL),,,250001.0,500000.0,2016-02-18 04:59:59.999,2016-02-18 04:59:59.999,,20004596,0,https://disclosures-clerk.house.gov/public_disc/ptr-pdfs/2016/20004596.pdf,"[""20004596:0""]",member:P000197,P000197,Nancy Pelosi,legislators,Purchase of 200 call options with a strike price of $90 and an expiration date of 1/20/17,P,2/17/2016,AAPL,2016-01-13,2016-02-17 23:59:59.999,35,1.0,2016-01-13,21.89881134033203,0.0218708116618315,0.0054541015954732,-0.0111922150867446,0.0001406775235209,-0.0326682973785859,-0.0010525028375304,0.1254911036082724,0.0394759255670429,-0.0077712562462526,-0.129612703560308,0.2502320297973641,0.0251991196991046,2016-02-18,21.762178421020508,-0.0022856969570229,-0.0018172838591763,0.0051940248118063,-0.0127665334640632,0.0991062038805925,0.0338239266618385,-0.0539050763086577,-0.1253616407937636,0.1434189605657456,-0.0041985132169588,0.4323114584857079,0.1895683429728087,2016-01-26,13.0,200.0,call,90.0,2017-01-20,,
house:20004596:1,1,house,Nancy,Pelosi,not_indicated,purchase,False,2016-01-15,DIS,,Walt Disney Company (DIS),,,500001.0,1000000.0,2016-02-18 04:59:59.999,2016-02-18 04:59:59.999,,20004596,1,https://disclosures-clerk.house.gov/public_disc/ptr-pdfs/2016/20004596.pdf,"[""20004596:1""]",member:P000197,P000197,Nancy Pelosi,legislators,"Exercised 100 call options (10,000 shares) expiring 1/15/16 at a strike price of $90",P,2/17/2016,DIS,2016-01-15,2016-02-17 23:59:59.999,33,1.0,2016-01-15,85.8929214477539,0.0007455039044135,-0.0005854886390526,0.0148033110570406,0.0157083512070872,-0.0105428446236803,-0.0210322483695495,0.0594252682743721,-0.0537892840138201,0.0686229548939494,-0.0753966792990239,0.1623628094722786,-0.0697045367989037,2016-02-18,87.05464172363281,-0.0016811817543008,-0.0012127686564542,0.0050436329020493,-0.0129169253738201,0.0465483935481463,-0.0187338836706076,0.0562151667255894,-0.0152413977595164,0.0231399774206502,-0.1244774963620543,0.1767145240677254,-0.0660285914451737,2016-02-09,25.0,100.0,call,90.0,,10000.0,exercise
house:20005096:0,1,house,Nancy,Pelosi,not_indicated,purchase,False,2016-05-17,AAPL,,Apple Inc. (AAPL),,,100001.0,250000.0,2016-05-25 03:59:59.999,2016-05-25 03:59:59.999,,20005096,0,https://disclosures-clerk.house.gov/public_disc/ptr-pdfs/2016/20005096.pdf,"[""20005096:0""]",member:P000197,P000197,Nancy Pelosi,legislators,Purchase of 100 call options with a strike price of $80 and an expiration date of 6/16/17,P,5/24/2016,AAPL,2016-05-17,2016-05-24 23:59:59.999,7,1.0,2016-05-17,21.26462745666504,0.0114449201612838,0.0111518364349472,0.0471705940438911,0.032428288747403,0.0390413703228216,0.024884880003088,0.1607087550046915,0.08779197359977,0.1765046409973316,0.1479790292599541,0.6973113402720241,0.5000299517847864,2016-05-25,22.658916473388672,0.0079301011683867,0.0076433076023956,-0.0190724623432149,-0.0268609993121994,-0.0353343550117603,-0.0478834926687906,0.1037183460526853,0.0540406977081742,0.0723581326887881,0.0267915083870657,0.5734316357904401,0.4027132157512896,2016-07-26,70.0,100.0,call,80.0,2017-06-16,,
house:20005096:1,1,house,Nancy,Pelosi,not_indicated,purchase,False,2016-05-17,SQ,,"Square, Inc. Class A (SQ)",,,1001.0,15000.0,2016-05-25 03:59:59.999,2016-05-25 03:59:59.999,,20005096,1,https://disclosures-clerk.house.gov/public_disc/ptr-pdfs/2016/20005096.pdf,"[""20005096:1""]",member:P000197,P000197,Nancy Pelosi,legislators,Purchase of 50 call options with a strike price of $8 and an expiration date of 1/20/17,P,5/24/2016,XYZ,2016-05-17,2016-05-24 23:59:59.999,7,1.0,2016-05-17,9.18000030517578,0.023965066017531,0.0236719822911943,0.1045751640776868,0.0898328587811987,-0.0130718825239498,-0.0272283728436834,0.2385620378627391,0.1656452564578177,0.3267973747570105,0.298271763019633,1.2058822796098203,1.0086008911225828,2016-05-25,10.0,-0.025,-0.0252867935659911,-0.0350000381469726,-0.0427885751159571,-0.0869999885559081,-0.0995491262129385,0.1800000190734862,0.1303223707289751,0.2350000381469725,0.1894334138452502,1.1639999389648437,0.9932815189256932,2016-08-03,78.0,50.0,call,8.0,2017-01-20,,
house:20005689:0,1,house,Nancy,Pelosi,spouse,sale,False,2016-07-21,MGRC,,McGrath RentCorp (MGRC),,,250001.0,500000.0,2016-08-18 03:59:59.999,2016-08-18 03:59:59.999,,20005689,0,https://disclosures-clerk.house.gov/public_disc/ptr-pdfs/2016/20005689.pdf,"[""20005689:0""]",member:P000197,P000197,Nancy Pelosi,legislators,"Sale of 8,000 Shares",P,8/17/2016,MGRC,2016-07-21,2016-08-17 23:59:59.999,27,-1.0,2016-07-21,25.756479263305664,0.0,-0.0044852544261133,-0.0111942456549124,-0.0135066630515251,-0.0186565083506413,-0.0306326034898152,-0.0479224645661192,-0.0383354273225732,0.2025583440765952,0.1409570691373991,0.1090309825824751,-0.056225861484666,2016-08-18,25.27595329284668,-0.0031689091033807,-0.001706833949485,0.0136249357543938,0.0189250504951702,-0.0047529863500866,0.015407306120739,0.1679189796405475,0.1740727578810227,0.2046781441333716,0.1394726609946206,0.2777483102584923,0.1265145679368688,2016-08-02,12.0,,,,,8000.0,
house:20005689:1,1,house,Nancy,Pelosi,spouse,sale,False,2016-07-21,V,,Visa Inc. (V),,,50001.0,100000.0,2016-08-18 03:59:59.999,2016-08-18 03:59:59.999,,20005689,1,https://disclosures-clerk.house.gov/public_disc/ptr-pdfs/2016/20005689.pdf,"[""20005689:1""]",member:P000197,P000197,Nancy Pelosi,legislators,"Sale of 1,250 Shares",P,8/17/2016,V,2016-07-21,2016-08-17 23:59:59.999,27,-1.0,2016-07-21,73.29364013671875,0.0142150139526981,0.0097297595265848,0.0050766419923338,0.0027642245957211,0.0205517082582817,0.0085756131191079,0.0482684872210605,0.0578555244646066,0.0421929636097309,-0.0194083113294651,0.2563866592052417,0.0911298151381005,2016-08-18,74.7999496459961,0.0024922025597451,0.0039542777136408,0.0006234076305624,0.0059235223713388,0.022424723171619,0.0425850156424447,0.0200578753203097,0.0262116535607849,0.0683961400541544,0.0031906569154034,0.296698377294009,0.1454646349723856,2016-07-21,0.0,,,,,1250.0,
house:20006683:1,1,house,Nancy,Pelosi,joint,sale,False,2016-12-27,,,723 Mule Ears Court - Townhome,,,1000001.0,5000000.0,2017-02-07 04:59:59.999,2017-02-07 04:59:59.999,,20006683,1,https://disclosures-clerk.house.gov/public_disc/ptr-pdfs/2017/20006683.pdf,"[""20006683:1""]",member:P000197,P000197,Nancy Pelosi,legislators,"LOCATION: Sugar Bowl/Placer, CA, US DESCRIPTION: Sale of Townhome",P,2/6/2017,,2016-12-27,2017-02-06 23:59:59.999,41,-1.0,,,,,,,,,,,,,,,,,,,,,,,,,,,,,,,,,,,,
house:20006683:0,1,house,Nancy,Pelosi,joint,sale,False,2016-12-30,,,1600 Atlas Peak Road - Real Estate Investment,,,500001.0,1000000.0,2017-02-07 04:59:59.999,2017-02-07 04:59:59.999,,20006683,0,https://disclosures-clerk.house.gov/public_disc/ptr-pdfs/2017/20006683.pdf,"[""20006683:0""]",member:P000197,P000197,Nancy Pelosi,legislators,"LOCATION: Napa/Napa, CA, US DESCRIPTION: Sale of Investment Property",P,2/6/2017,,2016-12-30,2017-02-06 23:59:59.999,38,-1.0,,,,,,,,,,,,,,,,,,,,,,,,,,,,,,,,,,,,
house:20006735:0,1,house,Nancy,Pelosi,spouse,purchase,False,2017-01-19,AAPL,,Apple Inc. (AAPL),,,500001.0,1000000.0,2017-02-15 04:59:59.999,2017-02-15 04:59:59.999,,20006735,0,https://disclosures-clerk.house.gov/public_disc/ptr-pdfs/2017/20006735.pdf,"[""20006735:0""]",member:P000197,P000197,Nancy Pelosi,legislators,"Exercised 100 call options (10,000 shares) expiring 1/20/17 at a strike price of $90",P,2/14/2017,AAPL,2017-01-19,2017-02-14 23:59:59.999,26,1.0,2017-01-19,27.532602310180664,0.0018367839363913,-0.0018373419785331,0.0180333055467285,0.002894598408484,0.1348874434681839,0.0958894054709222,0.1892208202375709,0.1463698564124731,0.2270496742884817,0.1369401007640154,0.5192866123501239,0.2575189007995158,2017-02-15,31.28333282470703,-0.0011804425406591,-0.0003290485266245,0.0075274932573141,0.0010574280364497,0.0382264376693901,0.0230726071789137,0.1566995555765835,0.1349915790354374,0.1861916573849817,0.1239293492406872,0.2319376621957682,0.0776242362338914,2017-01-31,12.0,100.0,call,90.0,,10000.0,exercise
house:20006735:1,1,house,Nancy,Pelosi,spouse,sale,False,2017-01-20,AAPL,,Apple Inc. (AAPL),,,250001.0,500000.0,2017-02-15 04:59:59.999,2017-02-15 04:59:59.999,,20006735,1,https://disclosures-clerk.house.gov/public_disc/ptr-pdfs/2017/20006735.pdf,"[""20006735:1""]",member:P000197,P000197,Nancy Pelosi,legislators,Sale of 100 call options with a strike price of $90 and an expiration date of 1/20/17,P,2/14/2017,AAPL,2017-01-20,2017-02-14 23:59:59.999,25,-1.0,2017-01-20,27.58317375183105,0.0006664579750119,0.0032686026918927,0.0162499437300085,0.0064147360445314,0.1359038364344236,0.0990774878390028,0.1817682876780577,0.1458356429280782,0.2418605587086342,0.1539165123406967,0.5178552029809853,0.2628190118139097,2017-02-15,31.28333282470703,-0.0011804425406591,-0.0003290485266245,0.0075274932573141,0.0010574280364497,0.0382264376693901,0.0230726071789137,0.1566995555765835,0.1349915790354374,0.1861916573849817,0.1239293492406872,0.2319376621957682,0.0776242362338914,2017-01-31,11.0,100.0,call,90.0,2017-01-20,,
house:20006735:2,1,house,Nancy,Pelosi,spouse,purchase,False,2017-01-20,SQ,,"Square, Inc. Class A (SQ)",,,15001.0,50000.0,2017-02-15 04:59:59.999,2017-02-15 04:59:59.999,,20006735,2,https://disclosures-clerk.house.gov/public_disc/ptr-pdfs/2017/20006735.pdf,"[""20006735:2""]",member:P000197,P000197,Nancy Pelosi,legislators,"Exercised 50 call options (5,000 shares) expiring 1/20/17 at a strike price of $8",P,2/14/2017,XYZ,2017-01-20,2017-02-14 23:59:59.999,25,1.0,2017-01-20,14.890000343322754,-0.0188046125043288,-0.016202467787448,-0.0241773406347166,-0.0340125483201937,-0.0282068547085218,-0.0650332033039425,0.1403626024663464,0.1044299577163669,0.7447950935667207,0.6568510471987832,1.7044996325888118,1.4494634414217362,2017-02-15,14.3100004196167,-0.0293501092926729,-0.0284987152786382,0.1984625517564902,0.1919924865356257,0.2026553864303544,0.187501555939878,0.4032144888115878,0.3815065122704417,0.8183088535828731,0.7560465454385785,1.942697370757974,1.7883839447960972,2017-02-22,33.0,50.0,call,8.0,,5000.0,exercise
house:20007655:0,1,house,Nancy,Pelosi,spouse,purchase,False,2017-06-15,AAPL,,Apple Inc. (AAPL),,,500001.0,1000000.0,2017-07-21 03:59:59.999,2017-07-21 03:59:59.999,,20007655,0,https://disclosures-clerk.house.gov/public_disc/ptr-pdfs/2017/20007655.pdf,"[""20007655:0""]",member:P000197,P000197,Nancy Pelosi,legislators,"Exercised 100 call options (10,000 shares) expiring 6/16/17 at a strike price of $80",P,7/20/2017,AAPL,2017-06-15,2017-07-20 23:59:59.999,35,1.0,2017-06-15,33.44775390625,-0.0139996815739916,-0.0142180617243533,0.009286588881914,0.0082438055260509,0.0329194555553933,0.0206642662335878,0.1236690431526548,0.0963676065740231,0.1845480586049839,0.0942335012245474,0.3421882071064657,0.1798725533270815,2017-07-21,34.833984375,0.0121111271726941,0.0123541546405011,-0.0051243385548079,-0.0052458166437324,0.0522288731777405,0.0691196742851016,0.0681296213554807,0.0289329051990874,0.1752235115292963,0.0454899741450918,0.2967501576955424,0.1413885932060401,2017-08-01,47.0,100.0,call,80.0,,10000.0,exercise
house:20007655:1,1,house,Nancy,Pelosi,spouse,sale,False,2017-06-20,BFET,,BF Enterprises Common Stock New (BFET),,,1001.0,15000.0,2017-07-21 03:59:59.999,2017-07-21 03:59:59.999,,20007655,1,https://disclosures-clerk.house.gov/public_disc/ptr-pdfs/2017/20007655.pdf,"[""20007655:1""]",member:P000197,P000197,Nancy Pelosi,legislators,Partial cash liquidation initiated by corporation.,P,7/20/2017,BFET,2017-06-20,2017-07-20 23:59:59.999,30,-1.0,,,,,,,,,,,,,,,,,,,,,,,,,,,,,,,,,,,,
house:20008699:0,1,house,Nancy,Pelosi,spouse,sale,False,2017-12-21,AAPL,,Apple Inc. (AAPL),,,100001.0,250000.0,2018-01-11 04:59:59.999,2018-01-11 04:59:59.999,,20008699,0,https://disclosures-clerk.house.gov/public_disc/ptr-pdfs/2018/20008699.pdf,"[""20008699:0""]",member:P000197,P000197,Nancy Pelosi,legislators,"Contribution of 1,300 shares held personally to Isolep Enterprises via transfer between brokerage accounts.",P,1/10/2018,AAPL,2017-12-21,2018-01-10 23:59:59.999,20,-1.0,2017-12-21,40.87466430664063,0.0,0.0002612507110811,-0.0330268235849247,-0.0303363710351386,0.0115992014221495,-0.047112663267173,-0.0173804167746145,-0.032079480960502,0.0876008208269343,0.0430931286474731,-0.0904262864711384,-0.0262314127154003,2018-01-11,40.93771743774414,0.0103264413049453,0.0038074246720409,0.0181422543956029,0.0026054551155867,-0.1040177971979328,-0.0510702465477223,-0.0075512666964044,0.0283317528387485,0.0661439600163145,0.0686239843388654,-0.1093733008671512,-0.0647456730390331,2018-02-01,42.0,,,,,1300.0,gift
house:20008699:4,1,house,Nancy,Pelosi,spouse,sale,False,2017-12-21,V,,Visa Inc. (V),,,100001.0,250000.0,2018-01-11 04:59:59.999,2018-01-11 04:59:59.999,,20008699,4,https://disclosures-clerk.house.gov/public_disc/ptr-pdfs/2018/20008699.pdf,"[""20008699:4""]",member:P000197,P000197,Nancy Pelosi,legislators,"Contribution of 1,750 shares held personally to Isolep Enterprises via transfer between brokerage accounts.",P,1/10/2018,V,2017-12-21,2018-01-10 23:59:59.999,20,-1.0,2017-12-21,105.71329498291016,0.002490896938688,0.0027521476497692,0.0143224769708949,0.017012929520681,0.1088870690664938,0.0501752043771712,0.0980740330597753,0.0833749688738878,0.2058780375623563,0.1613703453828952,0.1530816892804898,0.217276563036228,2018-01-11,112.7006607055664,0.0020859197472282,-0.004433096885676,0.0238651748343019,0.0083283755542857,-0.0293725905690811,0.0235749600811293,0.0090969334278641,0.0449799529630171,0.1159594828045489,0.1184395071270998,0.1648362658265851,0.2094638936547033,2018-02-01,42.0,,,,,1750.0,gift
house:20008699:1,1,house,Nancy,Pelosi,spouse,sale,False,2017-12-28,AAPL,,Apple Inc. (AAPL),,,1000001.0,5000000.0,2018-01-11 04:59:59.999,2018-01-11 04:59:59.999,,20008699,1,https://disclosures-clerk.house.gov/public_disc/ptr-pdfs/2018/20008699.pdf,"[""20008699:1""]",member:P000197,P000197,Nancy Pelosi,legislators,"Sale of 9,000 shares",P,1/10/2018,AAPL,2017-12-28,2018-01-10 23:59:59.999,13,-1.0,2017-12-28,39.95678329467773,-0.0108136661552307,-0.0070432277969705,0.0229131300783784,0.0021943550190948,-0.018236981082791,-0.0809911514939857,-0.0120039933434092,0.011239573657147,0.092671477811062,0.0601753923281049,-0.0735663827467095,-0.0172406585025144,2018-01-11,40.93771743774414,0.0103264413049453,0.0038074246720409,0.0181422543956029,0.0026054551155867,-0.1040177971979328,-0.0510702465477223,-0.0075512666964044,0.0283317528387485,0.0661439600163145,0.0686239843388654,-0.1093733008671512,-0.0647456730390331,2018-02-01,35.0,,,,,9000.0,
house:20008699:3,1,house,Nancy,Pelosi,spouse,sale,False,2017-12-28,V,,Visa Inc. (V),,,500001.0,1000000.0,2018-01-11 04:59:59.999,2018-01-11 04:59:59.999,,20008699,3,https://disclosures-clerk.house.gov/public_disc/ptr-pdfs/2018/20008699.pdf,"[""20008699:3""]",member:P000197,P000197,Nancy Pelosi,legislators,"Sale of 5,000 shares",P,1/10/2018,V,2017-12-28,2018-01-10 23:59:59.999,13,-1.0,2017-12-28,107.53771209716795,-0.0028858795235223,0.0008845588347378,0.0394403534881384,0.0187215784288548,0.0917358078997625,0.0289816374885678,0.0284600774605054,0.0517036444610617,0.1804178065655479,0.1479217210825909,0.1621302114346441,0.2184559356788392,2018-01-11,112.7006607055664,0.0020859197472282,-0.004433096885676,0.0238651748343019,0.0083283755542857,-0.0293725905690811,0.0235749600811293,0.0090969334278641,0.0449799529630171,0.1159594828045489,0.1184395071270998,0.1648362658265851,0.2094638936547033,2018-02-01,35.0,,,,,5000.0,
house:20008699:2,1,house,Nancy,Pelosi,spouse,sale,False,2017-12-29,AAPL,,Apple Inc. (AAPL),,,250001.0,500000.0,2018-01-11 04:59:59.999,2018-01-11 04:59:59.999,,20008699,2,https://disclosures-clerk.house.gov/public_disc/ptr-pdfs/2018/20008699.pdf,"[""20008699:2""]",member:P000197,P000197,Nancy Pelosi,legislators,"Contribution of 2,800 shares held personally to the Paul & Nancy Pelosi Charitable Foundation via transfer between brokerage accounts.",P,1/10/2018,AAPL,2017-12-29,2018-01-10 23:59:59.999,12,-1.0,2017-12-29,39.52470397949219,0.0179045520368175,0.0107474605550001,0.0302549018623776,0.003799029707626,-0.0133546771385917,-0.0691890664228622,-0.0122393584350175,0.0102046510275042,0.1013999006289254,0.06310627816777,-0.0629584668286304,-0.0089823814321854,2018-01-11,40.93771743774414,0.0103264413049453,0.0038074246720409,0.0181422543956029,0.0026054551155867,-0.1040177971979328,-0.0510702465477223,-0.0075512666964044,0.0283317528387485,0.0661439600163145,0.0686239843388654,-0.1093733008671512,-0.0647456730390331,2018-02-01,34.0,,,,,2800.0,gift
house:20009030:0,1,house,Nancy,Pelosi,spouse,purchase,False,2018-02-02,AAPL,,Apple Inc. (AAPL),,,100001.0,250000.0,2018-02-27 04:59:59.999,2018-02-27 04:59:59.999,,20009030,0,https://disclosures-clerk.house.gov/public_disc/ptr-pdfs/2018/20009030.pdf,"[""20009030:0""]",member:P000197,P000197,Nancy Pelosi,legislators,Purchase of 50 call options with a strike price of $140 and an expiration date of 9/21/18.,P,2/26/2018,AAPL,2018-02-02,2018-02-26 23:59:59.999,24,1.0,2018-02-02,37.48576736450195,-0.0249846616386488,0.0168378908796804,-0.0215095267786062,0.0291348196824537,0.1061737197009484,0.1180091310624777,0.0578780052528482,0.0920359205514811,0.2196489980480669,0.182248032901048,0.0530837051700836,0.0540284455439161,2018-02-27,41.83394241333008,-0.0015134249096591,0.008616396422121,-0.0096418945048823,-0.0039940960973745,-0.0563370302530876,-0.0097451854497345,0.0599606967280494,0.0598700937317759,0.228684640711358,0.1811065756269148,-0.0078781622278066,-0.045030787514703,2018-05-01,88.0,50.0,call,140.0,2018-09-21,,
house:20009030:1,1,house,Nancy,Pelosi,spouse,purchase,False,2018-02-02,AAPL,,Apple Inc. (AAPL),,,100001.0,250000.0,2018-02-27 04:59:59.999,2018-02-27 04:59:59.999,,20009030,1,https://disclosures-clerk.house.gov/public_disc/ptr-pdfs/2018/20009030.pdf,"[""20009030:1""]",member:P000197,P000197,Nancy Pelosi,legislators,Purchase of 50 call options with a strike price of $130 and an expiration date of 9/21/18.,P,2/26/2018,AAPL,2018-02-02,2018-02-26 23:59:59.999,24,1.0,2018-02-02,37.48576736450195,-0.0249846616386488,0.0168378908796804,-0.0215095267786062,0.0291348196824537,0.1061737197009484,0.1180091310624777,0.0578780052528482,0.0920359205514811,0.2196489980480669,0.182248032901048,0.0530837051700836,0.0540284455439161,2018-02-27,41.83394241333008,-0.0015134249096591,0.008616396422121,-0.0096418945048823,-0.0039940960973745,-0.0563370302530876,-0.0097451854497345,0.0599606967280494,0.0598700937317759,0.228684640711358,0.1811065756269148,-0.0078781622278066,-0.045030787514703,2018-05-01,88.0,50.0,call,130.0,2018-09-21,,
house:20009293:0,1,house,Nancy,Pelosi,spouse,purchase,False,2018-03-27,DBX,,"Dropbox, Inc. - Class A (DBX)",,,250001.0,500000.0,2018-04-17 03:59:59.999,2018-04-17 03:59:59.999,,20009293,0,https://disclosures-clerk.house.gov/public_disc/ptr-pdfs/2018/20009293.pdf,"[""20009293:0""]",member:P000197,P000197,Nancy Pelosi,legislators,"Purchase of 10,000 Shares",P,4/16/2018,DBX,2018-03-27,2018-04-16 23:59:59.999,20,1.0,2018-03-27,29.89999961853028,0.0361203992469865,0.0390753396686961,0.0317726011725665,0.0204142742234458,-0.0421404764199716,-0.0537675796140669,0.1936454542491166,0.1365793827082855,-0.1237457827022103,-0.2390152968165593,-0.2655518607143015,-0.3652210315196074,2018-04-17,29.82999992370605,0.0244719927624335,0.0237318586005113,-0.0298357154517171,-0.003150741228593,-0.0093865466765552,-0.0127545007493132,0.0868252850105095,0.0482066349784806,-0.1930942086360628,-0.2679717248786452,-0.2574589448480838,-0.3514873281549785,2018-05-10,44.0,,,,,10000.0,
house:20009481:0,1,house,Nancy,Pelosi,spouse,purchase,False,2018-07-27,AMZN,,"Amazon.com, Inc. (AMZN) [ST]",ST,,500001.0,1000000.0,2018-09-07 03:59:59.999,2018-09-07 03:59:59.999,,20009481,0,https://disclosures-clerk.house.gov/public_disc/ptr-pdfs/2018/20009481.pdf,"[""20009481:0""]",member:P000197,P000197,Nancy Pelosi,legislators,Purchase of 20 call options with a strike price of $1700 and an expiration date of 1/17/20.,P,9/6/2018,AMZN,2018-07-27,2018-09-06 23:59:59.999,41,1.0,2018-07-27,90.8635025024414,-0.0209380434925897,-0.0157146697021854,0.0033126047836289,-0.0044336827360795,0.0484902970789848,0.026849842643869,-0.0153912861163721,0.0029622282757471,-0.0666219634631077,-0.0233032369786344,0.0692136409256316,-0.0251775280229638,2018-09-07,97.60350036621094,-0.0066903325749549,-0.0084284253657895,0.0092824358407346,-0.0021227280483857,-0.0319763347170495,-0.0372714713792733,-0.0920612899811663,-0.0675979328134604,-0.1310915911923049,-0.1126759655260576,-0.0607355410570991,-0.117568526097054,2018-10-25,90.0,20.0,call,1700.0,2020-01-17,,
house:20009481:1,1,house,Nancy,Pelosi,spouse,purchase,False,2018-07-27,FB,,"Facebook, Inc. - Class A (FB) [ST]",ST,,50001.0,100000.0,2018-09-07 03:59:59.999,2018-09-07 03:59:59.999,,20009481,1,https://disclosures-clerk.house.gov/public_disc/ptr-pdfs/2018/20009481.pdf,"[""20009481:1""]",member:P000197,P000197,Nancy Pelosi,legislators,Purchase of 20 call options with a strike price of $150 and an expiration date of 1/17/20.,P,9/6/2018,META,2018-07-27,2018-09-06 23:59:59.999,41,1.0,2018-07-27,173.23085021972656,-0.0218995095243426,-0.0166761357339383,0.016524562936008,0.0087782754162994,-0.0013723417814563,-0.0230127962165722,-0.1149865624133202,-0.0966330480212009,-0.1420893436779834,-0.0987706171935101,0.1421463337378423,0.0477551647892469,2018-09-07,161.4932861328125,0.0069920284394078,0.0052539356485732,-0.0044160676909913,-0.0158212315801117,-0.035022124746684,-0.0403172614089079,-0.1346294993094993,-0.1101661421417934,0.0265577272964345,0.0449733529626819,0.1499631884125891,0.0931302033726342,2018-10-30,95.0,20.0,call,150.0,2020-01-17,,
house:20009481:2,1,house,Nancy,Pelosi,spouse,sale,False,2018-08-23,,,"Mojo Networks, Inc. [PS]",PS,,1001.0,15000.0,2018-09-07 03:59:59.999,2018-09-07 03:59:59.999,,20009481,2,https://disclosures-clerk.house.gov/public_disc/ptr-pdfs/2018/20009481.pdf,"[""20009481:2""]",member:P000197,P000197,Nancy Pelosi,legislators,"Final cash distribution for preferred shares held resulting from Arista Networks, Inc. acquisition of Mojo Networks, Inc.",P,9/6/2018,,2018-08-23,2018-09-06 23:59:59.999,14,-1.0,,,,,,,,,,,,,,,,,,,,,,,,,,,,,,,,,,,,
house:20010452:0,1,house,Nancy,Pelosi,spouse,purchase,False,2018-09-11,AAPL,,Apple Inc. (AAPL) [ST],ST,,500001.0,1000000.0,2018-10-26 03:59:59.999,2018-10-26 03:59:59.999,,20010452,0,https://disclosures-clerk.house.gov/public_disc/ptr-pdfs/2018/20010452.pdf,"[""20010452:0""]",member:P000197,P000197,Nancy Pelosi,legislators,Purchased 100 call options with a strike price of $145 and an expiration date of 6/19/20.,P,10/25/2018,AAPL,2018-09-11,2018-10-25 23:59:59.999,44,1.0,2018-09-11,52.881935119628906,-0.0124188090010287,-0.0126605256049271,-0.0250613842256498,-0.0314959232570236,0.0134911844619967,0.0146983927332472,-0.2167540884224279,-0.1545209091246541,-0.2142950404546537,-0.1837196234397174,-0.0169190925680903,-0.0687329951699268,2018-10-26,51.09832763671875,-0.0187701939213683,-0.0132300115558438,-0.0407766410453956,-0.0655006155966494,-0.1898784034782816,-0.1980570889444557,-0.2680974862487234,-0.2756429931995884,-0.033301456052652,-0.148471040355529,0.1576812301793488,-0.0016048467838627,2018-11-01,51.0,100.0,call,145.0,2020-06-19,,
house:20010452:1,1,house,Nancy,Pelosi,spouse,purchase,False,2018-09-20,AAPL,,Apple Inc. (AAPL) [ST],ST,,500001.0,1000000.0,2018-10-26 03:59:59.999,2018-10-26 03:59:59.999,,20010452,1,https://disclosures-clerk.house.gov/public_disc/ptr-pdfs/2018/20010452.pdf,"[""20010452:1""]",member:P000197,P000197,Nancy Pelosi,legislators,"Exercised 50 call options (5,000 shares) expiring 9/21/18 at a strike price of $130.",P,10/25/2018,AAPL,2018-09-20,2018-10-25 23:59:59.999,35,1.0,2018-09-20,51.9795150756836,-0.0107715198121725,-0.0098577068298136,0.0223605138308651,0.027722515123668,-0.0182251467365833,0.0360323813922374,-0.2523200665075702,-0.126071165225266,-0.147523601366141,-0.1199517309872876,0.0198096772683167,-0.0260212687423317,2018-10-26,51.09832763671875,-0.0187701939213683,-0.0132300115558438,-0.0407766410453956,-0.0655006155966494,-0.1898784034782816,-0.1980570889444557,-0.2680974862487234,-0.2756429931995884,-0.033301456052652,-0.148471040355529,0.1576812301793488,-0.0016048467838627,2018-11-01,42.0,50.0,call,130.0,,5000.0,exercise
house:20010452:2,1,house,Nancy,Pelosi,spouse,purchase,False,2018-09-20,AAPL,,Apple Inc. (AAPL) [ST],ST,,500001.0,1000000.0,2018-10-26 03:59:59.999,2018-10-26 03:59:59.999,,20010452,2,https://disclosures-clerk.house.gov/public_disc/ptr-pdfs/2018/20010452.pdf,"[""20010452:2""]",member:P000197,P000197,Nancy Pelosi,legislators,"Exercised 50 call options (5,000 shares) expiring 9/21/18 at a strike price of $140.",P,10/25/2018,AAPL,2018-09-20,2018-10-25 23:59:59.999,35,1.0,2018-09-20,51.9795150756836,-0.0107715198121725,-0.0098577068298136,0.0223605138308651,0.027722515123668,-0.0182251467365833,0.0360323813922374,-0.2523200665075702,-0.126071165225266,-0.147523601366141,-0.1199517309872876,0.0198096772683167,-0.0260212687423317,2018-10-26,51.09832763671875,-0.0187701939213683,-0.0132300115558438,-0.0407766410453956,-0.0655006155966494,-0.1898784034782816,-0.1980570889444557,-0.2680974862487234,-0.2756429931995884,-0.033301456052652,-0.148471040355529,0.1576812301793488,-0.0016048467838627,2018-11-01,42.0,50.0,call,140.0,,5000.0,exercise
house:20010631:2,1,house,Nancy,Pelosi,spouse,purchase,False,2018-10-09,FB,,"Facebook, Inc. - Class A (FB)",ST,,100001.0,250000.0,2018-11-09 04:59:59.999,2018-11-09 04:59:59.999,,20010631,2,https://disclosures-clerk.house.gov/public_disc/ptr-pdfs/2018/20010631.pdf,"[""20010631:2""]",member:P000197,P000197,Nancy Pelosi,legislators,Purchased 30 call options with a strike price of $140 and an expiration date of 1/17/20.,P,11/8/2018,META,2018-10-09,2018-11-08 23:59:59.999,30,1.0,2018-10-09,156.40200805664062,-0.0412916652764175,-0.0096282542180176,0.0055732889546322,0.0299301180629957,-0.0504115039646,-0.0076833734565294,-0.125712270933297,-0.0159884080737481,0.0990500257464368,0.0922250077139716,0.1257126611786463,0.1018314115971796,2018-11-09,143.58480834960938,-0.0235236569197746,-0.0048384106851836,-0.0374586582279611,-0.0229496660770525,-0.0198677488375632,0.0292034378885804,0.1543181734614782,0.1748775791200564,0.3091196638800491,0.2618592915126154,0.3165010870380726,0.1821435409875105,2018-10-30,21.0,30.0,call,140.0,2020-01-17,,
house:20010631:0,1,house,Nancy,Pelosi,spouse,purchase,False,2018-10-12,AMZN,,"Amazon.com, Inc. (AMZN)",ST,,1000001.0,5000000.0,2018-11-09 04:59:59.999,2018-11-09 04:59:59.999,,20010631,0,https://disclosures-clerk.house.gov/public_disc/ptr-pdfs/2018/20010631.pdf,"[""20010631:0""]",member:P000197,P000197,Nancy Pelosi,legislators,Purchased 30 call options with a strike price of $1600 and an expiration date of 1/17/20.,P,11/8/2018,AMZN,2018-10-12,2018-11-08 23:59:59.999,27,1.0,2018-10-12,89.43049621582031,-0.0154644742452417,-0.0098474379252887,-0.013742474087246,-0.0148292704556247,-0.0425917138905055,-0.0491507608953055,-0.0740183660679719,-0.0176375244985375,0.0342444706178231,-0.023034191774373,-0.0316949549021082,-0.1267034076934988,2018-11-09,85.62149810791016,-0.0441361038071367,-0.0254508575725457,-0.0695035304267351,-0.0549945382758265,-0.040404520136678,0.0086666665894656,-0.0725342949184327,-0.0519748892598546,0.1217977397534488,0.0745373673860152,0.0428922722856712,-0.0914652737648908,2018-10-25,13.0,30.0,call,1600.0,2020-01-17,,
house:20010631:1,1,house,Nancy,Pelosi,spouse,purchase,False,2018-10-24,T,,AT&T Inc. (T),ST,,250001.0,500000.0,2018-11-09 04:59:59.999,2018-11-09 04:59:59.999,,20010631,1,https://disclosures-clerk.house.gov/public_disc/ptr-pdfs/2018/20010631.pdf,"[""20010631:1""]",member:P000197,P000197,Nancy Pelosi,legislators,"Purchased 10,000 shares.",P,11/8/2018,T,2018-10-24,2018-11-08 23:59:59.999,15,1.0,2018-10-24,13.35713005065918,-0.0125164519177042,-0.0304569262282797,0.0105400798488302,-0.0094734709928856,-0.0194334328671081,-0.0183027051018587,0.0399058515492611,0.0413071553445599,0.101241285320841,-0.0030799707535065,0.3479402991553741,0.1952218462849995,2018-11-09,13.502315521240234,0.0029325753464211,0.0216178215810121,-0.0130332208802754,0.0014757712706331,-0.0322579756584945,0.0168132110676492,-0.0159018050594552,0.0046576005991229,0.0383821987591082,-0.0088781736083254,0.3913917330192444,0.2570341869686823,2018-10-24,0.0,,,,,10000.0,
house:20011279:0,1,house,Nancy,Pelosi,spouse,sale,False,2019-02-07,BFET,,BF Enterprises Common Stock New (BFET),ST,,1001.0,15000.0,2019-03-12 03:59:59.999,2019-03-12 03:59:59.999,,20011279,0,https://disclosures-clerk.house.gov/public_disc/ptr-pdfs/2019/20011279.pdf,"[""20011279:0""]",member:P000197,P000197,Nancy Pelosi,legislators,Final cash liquidation initiated by corporation.,P,3/11/2019,BFET,2019-02-07,2019-03-11 23:59:59.999,32,-1.0,,,,,,,,,,,,,,,,,,,,,,,,,,,,,,,,,,,,
house:20011965:0,1,house,Nancy,Pelosi,spouse,purchase,False,2019-06-14,CRM,,Salesforce.com Inc (CRM),OP,,50001.0,100000.0,2019-07-12 03:59:59.999,2019-07-12 03:59:59.999,,20011965,0,https://disclosures-clerk.house.gov/public_disc/ptr-pdfs/2019/20011965.pdf,"[""20011965:0""]",member:P000197,P000197,Nancy Pelosi,legislators,Purchased 20 call options with a strike price of $140 and an expiration date of 6/19/20.,P,7/11/2019,CRM,2019-06-14,2019-07-11 23:59:59.999,27,1.0,2019-06-14,147.1999053955078,0.0018666113535208,0.0014862924506473,0.0455305143324384,0.0242004034102116,0.0642625558301517,0.019483565724564,-0.002399943691715,-0.0380774116035582,0.0427969917360957,-0.0441838600134536,0.1469235742533892,0.086451103056278,2019-07-12,155.11874389648438,0.0099317696817053,0.0095989611257418,-0.0084133544209039,0.0031611253276446,-0.0930541846820269,-0.0630193677002478,-0.0587045151704793,-0.038027445296799,0.0563639364768082,-0.0345217636760943,0.2698633918107485,0.2033215161432013,2019-08-22,69.0,20.0,call,140.0,2020-06-19,,
house:20011965:1,1,house,Nancy,Pelosi,spouse,purchase,False,2019-06-18,CRM,,Salesforce.com Inc (CRM),OP,,100001.0,250000.0,2019-07-12 03:59:59.999,2019-07-12 03:59:59.999,,20011965,1,https://disclosures-clerk.house.gov/public_disc/ptr-pdfs/2019/20011965.pdf,"[""20011965:1""]",member:P000197,P000197,Nancy Pelosi,legislators,Purchased 80 call options with a strike price of $140 and an expiration date of 6/19/20.,P,7/11/2019,CRM,2019-06-18,2019-07-11 23:59:59.999,23,1.0,2019-06-18,147.76902770996094,0.0235741942718807,0.021317018796749,-0.0083004352144644,-0.0075277042790035,0.0508004230812877,0.0275851916649076,0.0276248165696029,-0.0077900384024478,0.0492729852188995,-0.0378077127634761,0.1860684077792351,0.1145095174376267,2019-07-12,155.11874389648438,0.0099317696817053,0.0095989611257418,-0.0084133544209039,0.0031611253276446,-0.0930541846820269,-0.0630193677002478,-0.0587045151704793,-0.038027445296799,0.0563639364768082,-0.0345217636760943,0.2698633918107485,0.2033215161432013,2019-08-22,65.0,80.0,call,140.0,2020-06-19,,
house:20012127:2,1,house,Nancy,Pelosi,spouse,purchase,False,2019-07-05,NFLX,,"Netflix, Inc. (NFLX)",OP,,250001.0,500000.0,2019-08-14 03:59:59.999,2019-08-14 03:59:59.999,,20012127,2,https://disclosures-clerk.house.gov/public_disc/ptr-pdfs/2019/20012127.pdf,"[""20012127:2""]",member:P000197,P000197,Nancy Pelosi,legislators,Purchased 20 call options with a strike price of $250 and an expiration date of 6/19/20.,P,8/13/2019,NFLX,2019-07-05,2019-08-13 23:59:59.999,39,1.0,2019-07-05,38.05500030517578,-0.0115359130864514,-0.0060406652882856,-0.0191827496093079,-0.0265202291656101,-0.1621863312446307,-0.1426190757646526,-0.2967547256435265,-0.2956838085193199,-0.1244251891309948,-0.2110028159205208,0.2761529046531186,0.214976664595119,2019-08-14,29.910999298095703,-0.011199862670385,-0.0138415228697075,-0.0043461991848222,-0.0344625099312357,-0.0342683174278142,-0.095522286974754,-0.031894573503419,-0.1224302903999412,0.23589983355416,0.0522393734492443,0.5610645544841346,0.3654199191573077,2019-07-17,12.0,20.0,call,250.0,2020-06-19,,
house:20012127:0,1,house,Nancy,Pelosi,spouse,purchase,False,2019-07-22,AMZN,,"Amazon.com, Inc. (AMZN)",OP,,500001.0,1000000.0,2019-08-14 03:59:59.999,2019-08-14 03:59:59.999,,20012127,0,https://disclosures-clerk.house.gov/public_disc/ptr-pdfs/2019/20012127.pdf,"[""20012127:0""]",member:P000197,P000197,Nancy Pelosi,legislators,Purchased 20 call options with a strike price of $1700 and an expiration date of 1/17/20.,P,8/13/2019,AMZN,2019-07-22,2019-08-13 23:59:59.999,22,1.0,2019-07-22,99.28150177001952,0.0044620678128259,-0.002687653672315,-0.0368548435125576,-0.0488050549081392,-0.0853683905164248,-0.0666709913116421,-0.1099147200593251,-0.117837319851336,-0.0516058333861649,-0.1554084515270689,0.4917028131429857,0.3901845935179278,2019-08-14,88.14800262451172,0.0074646856622555,0.0048230254629331,0.0343626541546955,0.004246343408282,0.0457128365848793,-0.0155411329620605,0.0143168421294066,-0.0762188747671155,0.1570710250840961,-0.0265894350208195,0.7474416714594891,0.5517970361326623,2019-07-25,3.0,20.0,call,1700.0,2020-01-17,,
house:20012127:1,1,house,Nancy,Pelosi,spouse,purchase,False,2019-07-22,NFLX,,"Netflix, Inc. (NFLX)",OP,,100001.0,250000.0,2019-08-14 03:59:59.999,2019-08-14 03:59:59.999,,20012127,1,https://disclosures-clerk.house.gov/public_disc/ptr-pdfs/2019/20012127.pdf,"[""20012127:1""]",member:P000197,P000197,Nancy Pelosi,legislators,Purchased 30 call options with a strike price of $250 and an expiration date of 6/19/20.,P,8/13/2019,NFLX,2019-07-22,2019-08-13 23:59:59.999,22,1.0,2019-07-22,31.062000274658203,-0.0106883243025638,-0.0178380457877048,0.0710836444395648,0.0591334330439832,-0.0039920336172802,0.0147053655875024,-0.0848947593291035,-0.0928173591211144,0.0593328983433907,-0.0444697197975132,0.5871160694888451,0.4855978498637872,2019-08-14,29.910999298095703,-0.011199862670385,-0.0138415228697075,-0.0043461991848222,-0.0344625099312357,-0.0342683174278142,-0.095522286974754,-0.031894573503419,-0.1224302903999412,0.23589983355416,0.0522393734492443,0.5610645544841346,0.3654199191573077,2019-10-16,86.0,30.0,call,250.0,2020-06-19,,
house:20012127:3,1,house,Nancy,Pelosi,spouse,purchase,False,2019-07-22,,,"REOF XX, LLC",AB,,100001.0,250000.0,2019-08-14 03:59:59.999,2019-08-14 03:59:59.999,,20012127,3,https://disclosures-clerk.house.gov/public_disc/ptr-pdfs/2019/20012127.pdf,"[""20012127:3""]",member:P000197,P000197,Nancy Pelosi,legislators,"Investment in LLC which acquired five Courtyard by Marriott hotels located in Fairfax, VA (one), suburban Baltimore, MD (two), and San Antonio, TX (two).",P,8/13/2019,,2019-07-22,2019-08-13 23:59:59.999,22,1.0,,,,,,,,,,,,,,,,,,,,,,,,,,,,,,,,,,,,
house:20012288:1,1,house,Nancy,Pelosi,spouse,sale,True,2019-08-07,V,,Visa Inc. (V),ST,,100001.0,250000.0,2019-09-19 03:59:59.999,2019-09-19 03:59:59.999,,20012288,1,https://disclosures-clerk.house.gov/public_disc/ptr-pdfs/2019/20012288.pdf,"[""20012288:1"",""20012343:0""]",member:P000197,P000197,Nancy Pelosi,legislators,Description: Sale of 1.000 Shares,P,9/18/2019,V,2019-08-07,2019-09-18 23:59:59.999,42,-1.0,2019-08-07,166.5194549560547,0.0261238434570671,0.0065040193205558,-0.0103237243516207,0.003809940701044,0.0551937094584,0.0209891539890141,0.0216635744884161,-0.0365395661848426,0.1721381590190578,0.0270829620848258,0.1036550014253616,-0.0653859552987499,2019-09-19,167.36854553222656,-0.0107983059014018,-0.0060735021164269,-0.0017619281836029,0.0072339145562723,0.0112522353449575,0.0126403145647341,0.0539332726453036,-0.0048731637927323,-0.0874043468371037,0.0806531187872843,0.1731488745439851,0.0253353187698501,2019-10-24,78.0,,,,,0.0,
house:20012288:2,1,house,Nancy,Pelosi,spouse,sale,True,2019-08-07,V,,Visa Inc. (V),ST,,100001.0,250000.0,2019-09-19 03:59:59.999,2019-09-19 03:59:59.999,,20012288,2,https://disclosures-clerk.house.gov/public_disc/ptr-pdfs/2019/20012288.pdf,"[""20012288:2""]",member:P000197,P000197,Nancy Pelosi,legislators,"Description: Sale of 1,000 Shares",P,9/18/2019,V,2019-08-07,2019-09-18 23:59:59.999,42,-1.0,2019-08-07,166.5194549560547,0.0261238434570671,0.0065040193205558,-0.0103237243516207,0.003809940701044,0.0551937094584,0.0209891539890141,0.0216635744884161,-0.0365395661848426,0.1721381590190578,0.0270829620848258,0.1036550014253616,-0.0653859552987499,2019-09-19,167.36854553222656,-0.0107983059014018,-0.0060735021164269,-0.0017619281836029,0.0072339145562723,0.0112522353449575,0.0126403145647341,0.0539332726453036,-0.0048731637927323,-0.0874043468371037,0.0806531187872843,0.1731488745439851,0.0253353187698501,2019-10-24,78.0,,,,,1000.0,
house:20012288:0,1,house,Nancy,Pelosi,spouse,purchase,False,2019-08-13,,,"REOF XXI, LLC",AB,,250001.0,500000.0,2019-09-19 03:59:59.999,2019-09-19 03:59:59.999,,20012288,0,https://disclosures-clerk.house.gov/public_disc/ptr-pdfs/2019/20012288.pdf,"[""20012288:0""]",member:P000197,P000197,Nancy Pelosi,legislators,Description: Investment in LLC which is acquiring three unique office buildings with a common address of 222 Kearny Street in San Francisco.,P,9/18/2019,,2019-08-13,2019-09-18 23:59:59.999,36,1.0,,,,,,,,,,,,,,,,,,,,,,,,,,,,,,,,,,,,
house:20015042:2,1,house,Nancy,Pelosi,spouse,sale,False,2020-01-16,AMZN,,"Amazon.com, Inc. (AMZN)",ST,,250001.0,500000.0,2020-02-12 04:59:59.999,2020-02-12 04:59:59.999,,20015042,2,https://disclosures-clerk.house.gov/public_disc/ptr-pdfs/2020/20015042.pdf,"[""20015042:2""]",member:P000197,P000197,Nancy Pelosi,legislators,"Sold 20 call options with a strike price of $1,600 and an expiration date of 1/17/20.",P,2/11/2020,AMZN,2020-01-16,2020-02-11 23:59:59.999,26,-1.0,2020-01-16,93.89700317382812,-0.0070396614423282,-0.0101523461039432,-0.0086797492343548,-0.0021825651540989,0.1368147666890815,0.1166285654666454,0.2158641544167234,0.3532426795904212,0.6947452513425401,0.7349355987542551,0.6858311690295522,0.5167192852072362,2020-02-12,108.0,-0.0046898170753761,-0.00362270701294,-0.0031944557472511,-0.0018016821553207,-0.223791687576859,0.0408932359424436,0.1016712895146123,0.2298807637768983,0.4531620166919849,0.4648927671574282,0.5300925925925926,0.3519233090294793,2020-01-30,14.0,20.0,call,1600.0,2020-01-17,,
house:20015042:0,1,house,Nancy,Pelosi,spouse,purchase,False,2020-01-16,AMZN,,"Amazon.com, Inc. (AMZN)",ST,,1000001.0,5000000.0,2020-02-12 04:59:59.999,2020-02-12 04:59:59.999,,20015042,0,https://disclosures-clerk.house.gov/public_disc/ptr-pdfs/2020/20015042.pdf,"[""20015042:0""]",member:P000197,P000197,Nancy Pelosi,legislators,"Exercised 30 call options (3,000 shares) expiring 1/17/20 at a strike price of $1600.",P,2/11/2020,AMZN,2020-01-16,2020-02-11 23:59:59.999,26,1.0,2020-01-16,93.89700317382812,-0.0070396614423282,-0.0101523461039432,-0.0086797492343548,-0.0021825651540989,0.1368147666890815,0.1166285654666454,0.2158641544167234,0.3532426795904212,0.6947452513425401,0.7349355987542551,0.6858311690295522,0.5167192852072362,2020-02-12,108.0,-0.0046898170753761,-0.00362270701294,-0.0031944557472511,-0.0018016821553207,-0.223791687576859,0.0408932359424436,0.1016712895146123,0.2298807637768983,0.4531620166919849,0.4648927671574282,0.5300925925925926,0.3519233090294793,2020-01-30,14.0,30.0,call,1600.0,,3000.0,exercise
house:20015042:1,1,house,Nancy,Pelosi,spouse,sale,False,2020-01-16,AMZN,,"Amazon.com, Inc. (AMZN)",ST,,250001.0,500000.0,2020-02-12 04:59:59.999,2020-02-12 04:59:59.999,,20015042,1,https://disclosures-clerk.house.gov/public_disc/ptr-pdfs/2020/20015042.pdf,"[""20015042:1""]",member:P000197,P000197,Nancy Pelosi,legislators,"Sold 20 call options with a strike price of $1,700 and an expiration date of 1/17/20.",P,2/11/2020,AMZN,2020-01-16,2020-02-11 23:59:59.999,26,-1.0,2020-01-16,93.89700317382812,-0.0070396614423282,-0.0101523461039432,-0.0086797492343548,-0.0021825651540989,0.1368147666890815,0.1166285654666454,0.2158641544167234,0.3532426795904212,0.6947452513425401,0.7349355987542551,0.6858311690295522,0.5167192852072362,2020-02-12,108.0,-0.0046898170753761,-0.00362270701294,-0.0031944557472511,-0.0018016821553207,-0.223791687576859,0.0408932359424436,0.1016712895146123,0.2298807637768983,0.4531620166919849,0.4648927671574282,0.5300925925925926,0.3519233090294793,2020-01-30,14.0,20.0,call,1700.0,2020-01-17,,
house:20016961:0,1,house,Nancy,Pelosi,spouse,sale,False,2020-01-16,AMZN,2000060675.0,"Amazon.com, Inc. (AMZN)",OP,,250001.0,500000.0,2020-07-21 03:59:59.999,2020-07-21 03:59:59.999,,20016961,0,https://disclosures-clerk.house.gov/public_disc/ptr-pdfs/2020/20016961.pdf,"[""20016961:0""]",member:P000197,P000197,Nancy Pelosi,legislators,"Sold 20 call options with a strike price of $1,700 and an expiration date of 1/17/20.",P,7/20/2020,AMZN,2020-01-16,2020-07-20 23:59:59.999,186,-1.0,2020-01-16,93.89700317382812,-0.0070396614423282,-0.0101523461039432,-0.0086797492343548,-0.0021825651540989,0.1368147666890815,0.1166285654666454,0.2158641544167234,0.3532426795904212,0.6947452513425401,0.7349355987542551,0.6858311690295522,0.5167192852072362,2020-07-21,156.9145050048828,-0.0122296300625397,-0.0179217358738885,-0.0439603098113307,-0.0321453674407333,0.055507879624048,0.0135706093121903,0.07182889875859,-0.0029772979584117,-0.0076730319464612,-0.1824881826296509,0.1310586452206334,-0.1959767926559108,2020-01-30,14.0,20.0,call,1700.0,2020-01-17,,
house:20016961:1,1,house,Nancy,Pelosi,spouse,sale,False,2020-01-16,AMZN,2000060676.0,"Amazon.com, Inc. (AMZN)",OP,,250001.0,500000.0,2020-07-21 03:59:59.999,2020-07-21 03:59:59.999,,20016961,1,https://disclosures-clerk.house.gov/public_disc/ptr-pdfs/2020/20016961.pdf,"[""20016961:1""]",member:P000197,P000197,Nancy Pelosi,legislators,"Sold 20 call options with a strike price of $1,600 and an expiration date of 1/17/20.",P,7/20/2020,AMZN,2020-01-16,2020-07-20 23:59:59.999,186,-1.0,2020-01-16,93.89700317382812,-0.0070396614423282,-0.0101523461039432,-0.0086797492343548,-0.0021825651540989,0.1368147666890815,0.1166285654666454,0.2158641544167234,0.3532426795904212,0.6947452513425401,0.7349355987542551,0.6858311690295522,0.5167192852072362,2020-07-21,156.9145050048828,-0.0122296300625397,-0.0179217358738885,-0.0439603098113307,-0.0321453674407333,0.055507879624048,0.0135706093121903,0.07182889875859,-0.0029772979584117,-0.0076730319464612,-0.1824881826296509,0.1310586452206334,-0.1959767926559108,2020-01-30,14.0,20.0,call,1600.0,2020-01-17,,
house:20015042:4,1,house,Nancy,Pelosi,spouse,purchase,False,2020-01-16,FB,,"Facebook, Inc. - Class A (FB)",ST,,250001.0,500000.0,2020-02-12 04:59:59.999,2020-02-12 04:59:59.999,,20015042,4,https://disclosures-clerk.house.gov/public_disc/ptr-pdfs/2020/20015042.pdf,"[""20015042:4""]",member:P000197,P000197,Nancy Pelosi,legislators,"Exercised 20 call options (2,000 shares) expiring 1/17/20 at a strike price of $150.",P,2/11/2020,META,2020-01-16,2020-02-11 23:59:59.999,26,1.0,2020-01-16,219.66612243652344,0.0016683755858122,-0.0014443090758027,-0.0172700976984016,-0.0107729136181456,-0.034224761408329,-0.0544109626307651,-0.1966001203525497,-0.0592215951788519,0.10249367899045,0.142684026402165,0.1346888543438928,-0.0344230294784231,2020-02-12,208.76052856445312,0.0112925424648042,0.0123596525272403,0.0181249922339421,0.0195177658258726,-0.2670809051459178,-0.0023959816266151,0.0075442957665665,0.1357537700288525,0.1853767871983207,0.197107537663764,0.2784686868893595,0.1002994033262463,2020-01-29,13.0,20.0,call,150.0,,2000.0,exercise
house:20015042:3,1,house,Nancy,Pelosi,spouse,purchase,False,2020-01-16,FB,,"Facebook, Inc. - Class A (FB)",ST,,250001.0,500000.0,2020-02-12 04:59:59.999,2020-02-12 04:59:59.999,,20015042,3,https://disclosures-clerk.house.gov/public_disc/ptr-pdfs/2020/20015042.pdf,"[""20015042:3""]",member:P000197,P000197,Nancy Pelosi,legislators,"Exercised 30 call options (3,000 shares) expiring 1/17/20 at a strike price of $140.",P,2/11/2020,META,2020-01-16,2020-02-11 23:59:59.999,26,1.0,2020-01-16,219.66612243652344,0.0016683755858122,-0.0014443090758027,-0.0172700976984016,-0.0107729136181456,-0.034224761408329,-0.0544109626307651,-0.1966001203525497,-0.0592215951788519,0.10249367899045,0.142684026402165,0.1346888543438928,-0.0344230294784231,2020-02-12,208.76052856445312,0.0112925424648042,0.0123596525272403,0.0181249922339421,0.0195177658258726,-0.2670809051459178,-0.0023959816266151,0.0075442957665665,0.1357537700288525,0.1853767871983207,0.197107537663764,0.2784686868893595,0.1002994033262463,2020-01-29,13.0,30.0,call,140.0,,3000.0,exercise
house:20016155:0,1,house,Nancy,Pelosi,spouse,purchase,False,2020-01-21,,,"REOF XX, LLC",AB,,50001.0,100000.0,2020-03-04 04:59:59.999,2020-03-04 04:59:59.999,,20016155,0,https://disclosures-clerk.house.gov/public_disc/ptr-pdfs/2020/20016155.pdf,"[""20016155:0""]",member:P000197,P000197,Nancy Pelosi,legislators,"Additional investment in LLC which acquired five Courtyard by Marriott hotels located in Fairfax, VA (one), suburban Baltimore, MD (two) and San Antonio, TX (two).",P,3/3/2020,,2020-01-21,2020-03-03 23:59:59.999,42,1.0,,,,,,,,,,,,,,,,,,,,,,,,,,,,,,,,,,,,
house:20016340:2,1,house,Nancy,Pelosi,spouse,purchase,False,2020-02-20,MSFT,,Microsoft Corporation (MSFT),OP,,250001.0,500000.0,2020-04-02 03:59:59.999,2020-04-02 03:59:59.999,,20016340,2,https://disclosures-clerk.house.gov/public_disc/ptr-pdfs/2020/20016340.pdf,"[""20016340:2""]",member:P000197,P000197,Nancy Pelosi,legislators,Purchased 100 call options with a strike price of $140 and an expiration date of 3/19/2021.,P,4/1/2020,MSFT,2020-02-20,2020-04-01 23:59:59.999,41,1.0,2020-02-20,174.47471618652344,-0.0316126591965018,-0.0213142515057012,-0.1422839464334517,-0.0252336763902346,-0.2261684613282317,0.0600461713575111,-0.0068321180650451,0.1385505518152525,0.1058804700737907,0.1080172683964658,0.3376076086362394,0.1513255510584294,2020-04-02,146.8872528076172,-0.0092103976947568,0.0052439470321861,0.0636352955512042,-0.041078294333835,0.1243721045129733,0.0014317689724754,0.2816736427926403,0.0673633360352243,0.2986917335582149,0.0067208334414781,0.5339810726810419,-0.0650570223873303,2020-04-29,69.0,100.0,call,140.0,2021-03-19,,
house:20016340:4,1,house,Nancy,Pelosi,spouse,purchase,False,2020-02-20,WORK,,"Slack Technologies, Inc. Class A (WORK)",ST,,250001.0,500000.0,2020-04-02 03:59:59.999,2020-04-02 03:59:59.999,,20016340,4,https://disclosures-clerk.house.gov/public_disc/ptr-pdfs/2020/20016340.pdf,"[""20016340:4""]",member:P000197,P000197,Nancy Pelosi,legislators,"Purchased 10,000 shares.",P,4/1/2020,WORK,2020-02-20,2020-04-01 23:59:59.999,41,1.0,,,,,,,,,,,,,,,,,,,,,,,,,,,,,,,,,,,10000.0,
house:20016340:3,1,house,Nancy,Pelosi,spouse,purchase,False,2020-02-21,MSFT,,Microsoft Corporation (MSFT),OP,,500001.0,1000000.0,2020-04-02 03:59:59.999,2020-04-02 03:59:59.999,,20016340,3,https://disclosures-clerk.house.gov/public_disc/ptr-pdfs/2020/20016340.pdf,"[""20016340:3""]",member:P000197,P000197,Nancy Pelosi,legislators,Purchased 100 call options with a strike price of $130 and an expiration date of 3/19/2021.,P,4/1/2020,MSFT,2020-02-21,2020-04-01 23:59:59.999,40,1.0,2020-02-21,168.9591064453125,-0.0431153381262946,-0.0099499474683492,-0.0928382473107325,0.0187724423781038,-0.2309198201302928,0.078947550110842,0.0353883678572486,0.1455756376950997,0.1746045120593478,0.1523008122546993,0.3789540666116133,0.1854292531316472,2020-04-02,146.8872528076172,-0.0092103976947568,0.0052439470321861,0.0636352955512042,-0.041078294333835,0.1243721045129733,0.0014317689724754,0.2816736427926403,0.0673633360352243,0.2986917335582149,0.0067208334414781,0.5339810726810419,-0.0650570223873303,2020-04-29,68.0,100.0,call,130.0,2021-03-19,,
house:20016340:0,1,house,Nancy,Pelosi,spouse,purchase,False,2020-02-27,GOOGL,,Alphabet Inc. - Class A (GOOGL),OP,,500001.0,1000000.0,2020-04-02 03:59:59.999,2020-04-02 03:59:59.999,,20016340,0,https://disclosures-clerk.house.gov/public_disc/ptr-pdfs/2020/20016340.pdf,"[""20016340:0""]",member:P000197,P000197,Nancy Pelosi,legislators,Purchased 40 call options with a strike price of $1200 and an expiration date of 6/18/2021.,P,4/1/2020,GOOGL,2020-02-27,2020-04-01 23:59:59.999,34,1.0,2020-02-27,65.12776184082031,0.0184797478476355,0.0226809099585683,-0.0001445569843866,-0.0167826932026683,-0.1156165355384091,0.0012668677729279,0.0747482611575383,0.0758663523949565,0.1831477248206685,0.0331684937235854,0.5847067613542247,0.2432854012652197,2020-04-02,55.32505035400391,-0.0217811603426294,-0.0073268156156864,0.0801587657285014,-0.0245548241565378,0.1793054326893575,0.0563650971488596,0.2507900018823523,0.0364796951249364,0.2617295714787084,-0.0302413286380283,0.8464316323441905,0.2473935372758182,2020-04-28,61.0,40.0,call,1200.0,2021-06-18,,
house:20016340:1,1,house,Nancy,Pelosi,spouse,purchase,False,2020-02-28,MSFT,,Microsoft Corporation (MSFT),OP,,100001.0,250000.0,2020-04-02 03:59:59.999,2020-04-02 03:59:59.999,,20016340,1,https://disclosures-clerk.house.gov/public_disc/ptr-pdfs/2020/20016340.pdf,"[""20016340:1""]",member:P000197,P000197,Nancy Pelosi,legislators,Purchased 50 call options with a strike price of $130 and an expiration date of 3/19/2021.,P,4/1/2020,MSFT,2020-02-28,2020-04-01 23:59:59.999,33,1.0,2020-02-28,153.2732391357422,0.0665388407965621,0.0232321538164033,-0.002716001081144,-0.0067666530939403,-0.0759829227026809,0.0635898799361396,0.1238545074796551,0.1083997208223022,0.3011068784554174,0.1510843452520796,0.4277947598361957,0.1131728973496857,2020-04-02,146.8872528076172,-0.0092103976947568,0.0052439470321861,0.0636352955512042,-0.041078294333835,0.1243721045129733,0.0014317689724754,0.2816736427926403,0.0673633360352243,0.2986917335582149,0.0067208334414781,0.5339810726810419,-0.0650570223873303,2020-04-29,61.0,50.0,call,130.0,2021-03-19,,
house:20016726:6,1,house,Nancy,Pelosi,spouse,purchase,False,2020-04-28,,,"REOF XX, LLC",AB,,15001.0,50000.0,2020-06-10 03:59:59.999,2020-06-10 03:59:59.999,,20016726,6,https://disclosures-clerk.house.gov/public_disc/ptr-pdfs/2020/20016726.pdf,"[""20016726:6""]",member:P000197,P000197,Nancy Pelosi,legislators,"Additional investment in LLC which acquired five Courtyard by Marriott hotels located in Fairfax, VA (one), suburban Baltimore, MD (two) and San Antonio, TX (two).",P,6/9/2020,,2020-04-28,2020-06-09 23:59:59.999,42,1.0,,,,,,,,,,,,,,,,,,,,,,,,,,,,,,,,,,,,
house:20016726:0,1,house,Nancy,Pelosi,spouse,sale,True,2020-05-08,AAPL,,Apple Inc. (AAPL),ST,,500001.0,1000000.0,2020-06-10 03:59:59.999,2020-06-10 03:59:59.999,,20016726,0,https://disclosures-clerk.house.gov/public_disc/ptr-pdfs/2020/20016726.pdf,"[""20016726:0""]",member:P000197,P000197,Nancy Pelosi,legislators,"Sold 1,700 shares.",P,6/9/2020,AAPL,2020-05-08,2020-06-09 23:59:59.999,32,-1.0,2020-05-08,75.00444793701172,0.0157352525174745,0.0155295336939169,-0.0078030854086513,0.0132610160290984,0.0752261498163511,-0.0299583524707447,0.4144391257720616,0.2808305118240288,0.4368231539002762,0.3104010070081366,0.6817817709582044,0.2257887126848961,2020-06-10,85.33377838134766,-0.0480103074966725,0.0096387810241561,-0.0035424643775443,0.0194669429753325,0.0855064104908158,0.0956525404515685,0.3728369997002201,0.2853451034457352,0.3543862695217976,0.2098441094392737,0.4464800615903503,0.1014899910974396,2020-07-30,83.0,,,,,1700.0,
house:20016726:1,1,house,Nancy,Pelosi,spouse,sale,True,2020-05-08,AAPL,,Apple Inc. (AAPL),ST,,500001.0,1000000.0,2020-06-10 03:59:59.999,2020-06-10 03:59:59.999,,20016726,1,https://disclosures-clerk.house.gov/public_disc/ptr-pdfs/2020/20016726.pdf,"[""20016726:1""]",member:P000197,P000197,Nancy Pelosi,legislators,"Sold 3,000 shares.",P,6/9/2020,AAPL,2020-05-08,2020-06-09 23:59:59.999,32,-1.0,2020-05-08,75.00444793701172,0.0157352525174745,0.0155295336939169,-0.0078030854086513,0.0132610160290984,0.0752261498163511,-0.0299583524707447,0.4144391257720616,0.2808305118240288,0.4368231539002762,0.3104010070081366,0.6817817709582044,0.2257887126848961,2020-06-10,85.33377838134766,-0.0480103074966725,0.0096387810241561,-0.0035424643775443,0.0194669429753325,0.0855064104908158,0.0956525404515685,0.3728369997002201,0.2853451034457352,0.3543862695217976,0.2098441094392737,0.4464800615903503,0.1014899910974396,2020-07-30,83.0,,,,,3000.0,
house:20016726:2,1,house,Nancy,Pelosi,spouse,sale,True,2020-05-08,AAPL,,Apple Inc. (AAPL),ST,,1000001.0,5000000.0,2020-06-10 03:59:59.999,2020-06-10 03:59:59.999,,20016726,2,https://disclosures-clerk.house.gov/public_disc/ptr-pdfs/2020/20016726.pdf,"[""20016726:2""]",member:P000197,P000197,Nancy Pelosi,legislators,"Sold 3,300 shares.",P,6/9/2020,AAPL,2020-05-08,2020-06-09 23:59:59.999,32,-1.0,2020-05-08,75.00444793701172,0.0157352525174745,0.0155295336939169,-0.0078030854086513,0.0132610160290984,0.0752261498163511,-0.0299583524707447,0.4144391257720616,0.2808305118240288,0.4368231539002762,0.3104010070081366,0.6817817709582044,0.2257887126848961,2020-06-10,85.33377838134766,-0.0480103074966725,0.0096387810241561,-0.0035424643775443,0.0194669429753325,0.0855064104908158,0.0956525404515685,0.3728369997002201,0.2853451034457352,0.3543862695217976,0.2098441094392737,0.4464800615903503,0.1014899910974396,2020-07-30,83.0,,,,,3300.0,
house:20016726:3,1,house,Nancy,Pelosi,spouse,sale,True,2020-05-08,FB,,"Facebook, Inc. - Class A (FB)",ST,,1000001.0,5000000.0,2020-06-10 03:59:59.999,2020-06-10 03:59:59.999,,20016726,3,https://disclosures-clerk.house.gov/public_disc/ptr-pdfs/2020/20016726.pdf,"[""20016726:3""]",member:P000197,P000197,Nancy Pelosi,legislators,"Sold 5,000 shares.",P,6/9/2020,META,2020-05-08,2020-06-09 23:59:59.999,32,-1.0,2020-05-08,210.33547973632807,0.0039085799416245,0.0037028611180669,-0.0069225348444554,0.0141415665932943,0.0897103901717184,-0.0154741121153774,0.1765009163159963,0.0428923023679634,0.2605133313784871,0.1340911844863475,0.5070402753924577,0.0510472171191493,2020-06-10,234.48419189453125,-0.0519579550048168,0.0056911335160119,-0.0050690576707882,0.0179403496820886,0.0328223387593644,0.0429684687201171,0.2297554602816551,0.1422635640271703,0.169982786665275,0.0254406265827511,0.4095383687131178,0.064548298220207,2020-07-30,83.0,,,,,5000.0,
house:20016726:4,1,house,Nancy,Pelosi,spouse,sale,True,2020-05-08,IBKR,,"Interactive Brokers Group, Inc. - Class A (IBKR)",ST,,100001.0,250000.0,2020-06-10 03:59:59.999,2020-06-10 03:59:59.999,,20016726,4,https://disclosures-clerk.house.gov/public_disc/ptr-pdfs/2020/20016726.pdf,"[""20016726:4""]",member:P000197,P000197,Nancy Pelosi,legislators,"Sold 3,000 shares.",P,6/9/2020,IBKR,2020-05-08,2020-06-09 23:59:59.999,32,-1.0,2020-05-08,9.90855598449707,-0.0218814973117094,-0.0220872161352669,-0.0945780478184817,-0.0735139463807319,0.0978690405677682,-0.0073154617193276,0.2411648110458317,0.1075561970977989,0.1734252022690554,0.0470030553769158,0.7052791978035537,0.2492861395302454,2020-06-10,10.216665267944336,-0.0250531366243658,0.0325959518964629,0.0021273318740402,0.0251367392269171,0.1545732034593645,0.1647193334201172,0.2512254794431039,0.163733583188619,0.2516442249800474,0.1071020648975236,0.5925684335313803,0.2475783630384695,2020-07-21,74.0,,,,,3000.0,
house:20016726:5,1,house,Nancy,Pelosi,spouse,sale,True,2020-05-08,MORN,,"Morningstar, Inc. (MORN)",ST,,100001.0,250000.0,2020-06-10 03:59:59.999,2020-06-10 03:59:59.999,,20016726,5,https://disclosures-clerk.house.gov/public_disc/ptr-pdfs/2020/20016726.pdf,"[""20016726:5""]",member:P000197,P000197,Nancy Pelosi,legislators,"Sold 1,700 shares.",P,6/9/2020,MORN,2020-05-08,2020-06-09 23:59:59.999,32,-1.0,2020-05-08,136.90573120117188,0.0074062771740524,0.0072005583504948,0.0138344277814694,0.0348985292192193,0.0632336088568157,-0.0419508934302801,0.14833530125206,0.0147266873040272,0.253817268213762,0.1273951213216224,0.8375218757739136,0.3815288175006053,2020-06-10,143.2478485107422,-0.0427379269742267,0.0149111615466019,0.0052753062429038,0.0282847135957807,-0.0045591709575665,0.0055869590031861,0.0687182030554041,-0.0187736931990807,0.3412822965243205,0.1967401364417966,0.5552649684577717,0.2102748979648609,2024-10-23,1629.0,,,,,1700.0,
house:20016726:7,1,house,Nancy,Pelosi,spouse,sale,True,2020-05-08,V,,Visa Inc. (V),ST,,500001.0,1000000.0,2020-06-10 03:59:59.999,2020-06-10 03:59:59.999,,20016726,7,https://disclosures-clerk.house.gov/public_disc/ptr-pdfs/2020/20016726.pdf,"[""20016726:7""]",member:P000197,P000197,Nancy Pelosi,legislators,"Sold 3,000 shares.",P,6/9/2020,V,2020-05-08,2020-06-09 23:59:59.999,32,-1.0,2020-05-08,176.60301208496094,-0.0082663900662312,-0.0084721088897887,-0.0069844490016507,0.0140796524360991,0.0801998988236849,-0.0249846034634109,0.0406392684200727,-0.0929693455279601,-0.0196836749725999,-0.1461058218647395,0.2575939477382427,-0.1983991105350655,2020-06-10,191.60763549804688,-0.0578610769695595,-0.0002119884487308,-0.034517493472668,-0.0115080861197911,-0.0412512409217407,-0.031105110960988,0.043874039415481,-0.0436178568390037,0.0524012602174466,-0.0921408998650772,0.1644596190965532,-0.1805304513963574,2020-07-28,81.0,,,,,3000.0,
house:20016726:8,1,house,Nancy,Pelosi,spouse,sale,True,2020-05-08,V,,Visa Inc. (V),ST,,500001.0,1000000.0,2020-06-10 03:59:59.999,2020-06-10 03:59:59.999,,20016726,8,https://disclosures-clerk.house.gov/public_disc/ptr-pdfs/2020/20016726.pdf,"[""20016726:8""]",member:P000197,P000197,Nancy Pelosi,legislators,"Sold 3,000 shares.",P,6/9/2020,V,2020-05-08,2020-06-09 23:59:59.999,32,-1.0,2020-05-08,176.60301208496094,-0.0082663900662312,-0.0084721088897887,-0.0069844490016507,0.0140796524360991,0.0801998988236849,-0.0249846034634109,0.0406392684200727,-0.0929693455279601,-0.0196836749725999,-0.1461058218647395,0.2575939477382427,-0.1983991105350655,2020-06-10,191.60763549804688,-0.0578610769695595,-0.0002119884487308,-0.034517493472668,-0.0115080861197911,-0.0412512409217407,-0.031105110960988,0.043874039415481,-0.0436178568390037,0.0524012602174466,-0.0921408998650772,0.1644596190965532,-0.1805304513963574,2020-07-28,81.0,,,,,3000.0,
house:20016961:6,1,house,Nancy,Pelosi,spouse,purchase,False,2020-06-12,PYPL,,"PayPal Holdings, Inc. (PYPL)",ST,,500001.0,1000000.0,2020-07-21 03:59:59.999,2020-07-21 03:59:59.999,,20016961,6,https://disclosures-clerk.house.gov/public_disc/ptr-pdfs/2020/20016961.pdf,"[""20016961:6""]",member:P000197,P000197,Nancy Pelosi,legislators,"Purchased 5,000 shares.",P,7/20/2020,PYPL,2020-06-12,2020-07-20 23:59:59.999,38,1.0,2020-06-12,153.5476531982422,0.0147494275754929,0.0054136010615526,0.0586114399041468,0.0395840830675262,0.1046631790699679,0.0651655780689517,0.1976684849962222,0.0975193811548404,0.3690582604476105,0.1531914575393287,0.7356048192474156,0.3207817871022331,2020-07-21,173.6435546875,0.016174828891351,0.0104827230800021,0.0039298222550909,0.0157447646256883,0.1081557454263235,0.0662184751144658,0.159585353268358,0.0847791565513562,0.3526596533679018,0.1778445026847122,0.6792914949018902,0.3522560570253459,2020-07-29,47.0,,,,,5000.0,
house:20016961:5,1,house,Nancy,Pelosi,spouse,purchase,False,2020-06-12,PYPL,,"PayPal Holdings, Inc. (PYPL)",ST,,500001.0,1000000.0,2020-07-21 03:59:59.999,2020-07-21 03:59:59.999,,20016961,5,https://disclosures-clerk.house.gov/public_disc/ptr-pdfs/2020/20016961.pdf,"[""20016961:5""]",member:P000197,P000197,Nancy Pelosi,legislators,"Purchased 5,000 shares.",P,7/20/2020,PYPL,2020-06-12,2020-07-20 23:59:59.999,38,1.0,2020-06-12,153.5476531982422,0.0147494275754929,0.0054136010615526,0.0586114399041468,0.0395840830675262,0.1046631790699679,0.0651655780689517,0.1976684849962222,0.0975193811548404,0.3690582604476105,0.1531914575393287,0.7356048192474156,0.3207817871022331,2020-07-21,173.6435546875,0.016174828891351,0.0104827230800021,0.0039298222550909,0.0157447646256883,0.1081557454263235,0.0662184751144658,0.159585353268358,0.0847791565513562,0.3526596533679018,0.1778445026847122,0.6792914949018902,0.3522560570253459,2020-07-29,47.0,,,,,5000.0,
house:20016961:3,1,house,Nancy,Pelosi,spouse,sale,False,2020-06-18,AAPL,,Apple Inc. (AAPL),OP,,1000001.0,5000000.0,2020-07-21 03:59:59.999,2020-07-21 03:59:59.999,,20016961,3,https://disclosures-clerk.house.gov/public_disc/ptr-pdfs/2020/20016961.pdf,"[""20016961:3""]",member:P000197,P000197,Nancy Pelosi,legislators,Sold 100 call options with a strike price of $145 and an expiration date of 6/19/2020.,P,7/20/2020,AAPL,2020-06-18,2020-07-20 23:59:59.999,32,-1.0,2020-06-18,85.06535339355469,-0.0057151385249772,-5.672189595795629e-07,0.0372727088457918,0.0471432055320104,0.0954705809652396,0.0590480950255871,0.3142805097829662,0.223930094843253,0.4194887640781992,0.2222106795560112,0.4900856400799089,0.1145028066748006,2020-07-21,93.83718872070312,0.0028091550273721,-0.0028829507839767,-0.0386339104550227,-0.0268189680844254,0.1935137959261195,0.1515765256142618,0.2516339784256634,0.1768277817086616,0.3343862820287253,0.1595711313455357,0.4784518434515816,0.1514164055750373,2020-07-30,42.0,100.0,call,145.0,2020-06-19,,
house:20016961:8,1,house,Nancy,Pelosi,spouse,purchase,False,2020-06-18,CRM,,Salesforce.com Inc (CRM),ST,,1000001.0,5000000.0,2020-07-21 03:59:59.999,2020-07-21 03:59:59.999,,20016961,8,https://disclosures-clerk.house.gov/public_disc/ptr-pdfs/2020/20016961.pdf,"[""20016961:8""]",member:P000197,P000197,Nancy Pelosi,legislators,"Exercised 100 call options (10,000 shares) expiring 6/19/2020 at a strike price of $140.",P,7/20/2020,CRM,2020-06-18,2020-07-20 23:59:59.999,32,1.0,2020-06-18,184.1446228027344,-0.003783444985798,0.0019311263202196,0.0036235192576263,0.013494015943845,0.0006393714604002,-0.0357831144792522,0.3142919242810509,0.2239415093413377,0.2142172812261613,0.0169391967039733,0.2916446181843672,-0.083938215220741,2020-07-21,187.2258453369141,0.0026728534470934,-0.0030192523642553,-0.0068135106075102,0.005001431763087,0.0692346141204347,0.027297343808577,0.3722743858961097,0.297468189179108,0.1438677467289615,-0.0309474039542281,0.245020938411494,-0.0820144994650502,2020-08-25,68.0,100.0,call,140.0,,10000.0,exercise
house:20016961:4,1,house,Nancy,Pelosi,spouse,purchase,False,2020-06-18,NFLX,,"Netflix, Inc. (NFLX)",ST,,1000001.0,5000000.0,2020-07-21 03:59:59.999,2020-07-21 03:59:59.999,,20016961,4,https://disclosures-clerk.house.gov/public_disc/ptr-pdfs/2020/20016961.pdf,"[""20016961:4""]",member:P000197,P000197,Nancy Pelosi,legislators,"Exercised 50 call options (5,000 shares) expiring 6/19/2020 at a strike price of $250.",P,7/20/2020,NFLX,2020-06-18,2020-07-20 23:59:59.999,32,1.0,2020-06-18,44.98699951171875,0.0085580754531133,0.014272646759131,0.0356547471261092,0.0455252438123279,0.0958499193424748,0.0594274334028224,0.0586613903485029,-0.0316890245912102,0.1395736412022246,-0.0577044433199633,0.0945606878343487,-0.2810221455707595,2020-07-21,49.0099983215332,-0.0005713095059908,-0.0062634153173396,-0.0032441662411033,0.0085707761294939,0.0036115478307867,-0.0383257224810709,0.104774582984924,0.0299683862679223,0.0183636310283952,-0.1564515196547944,0.086064118828641,-0.2409713190479032,2020-07-16,28.0,50.0,call,250.0,,5000.0,exercise
house:20016961:2,1,house,Nancy,Pelosi,spouse,purchase,False,2020-06-24,AXP,,American Express Company (AXP),OP,,100001.0,250000.0,2020-07-21 03:59:59.999,2020-07-21 03:59:59.999,,20016961,2,https://disclosures-clerk.house.gov/public_disc/ptr-pdfs/2020/20016961.pdf,"[""20016961:2""]",member:P000197,P000197,Nancy Pelosi,legislators,Purchased 50 call options with a strike price of $80 and an expiration date of 1/21/2022.,P,7/20/2020,AXP,2020-06-24,2020-07-20 23:59:59.999,26,1.0,2020-06-24,88.264404296875,0.0248216957881897,0.0141011588567856,-0.0105077434576841,-0.0316526511807924,0.017056887929389,-0.0449971832024855,0.0882835773419152,-0.0034116881293515,0.2398915998904658,0.0359066522532074,0.7492550777111784,0.3371337219148105,2020-07-21,89.45417785644531,0.0021801394600124,-0.0035119663513363,-0.0198275675317003,-0.008012625161103,0.0035296561909325,-0.038407614120925,0.0925752443211214,0.0177690476041196,0.2663959502387134,0.0915807995555237,0.712714898790936,0.3856794609143916,2020-07-24,30.0,50.0,call,80.0,2022-01-21,,
house:20016961:7,1,house,Nancy,Pelosi,spouse,purchase,False,2020-06-24,PYPL,,"PayPal Holdings, Inc. (PYPL)",OP,,250001.0,500000.0,2020-07-21 03:59:59.999,2020-07-21 03:59:59.999,,20016961,7,https://disclosures-clerk.house.gov/public_disc/ptr-pdfs/2020/20016961.pdf,"[""20016961:7""]",member:P000197,P000197,Nancy Pelosi,legislators,Purchased 50 call options with a strike price of $100 and an expiration date of 1/21/2022.,P,7/20/2020,PYPL,2020-06-24,2020-07-20 23:59:59.999,26,1.0,2020-06-24,166.14715576171875,0.0267855798071747,0.0160650428757707,0.0561308962935616,0.0349859885704533,0.0348808205263844,-0.0271732506054902,0.0480356555743519,-0.0436596098969148,0.3142260451737686,0.1102410975365102,0.7068451282164314,0.2947237724200635,2020-07-21,173.6435546875,0.016174828891351,0.0104827230800021,0.0039298222550909,0.0157447646256883,0.1081557454263235,0.0662184751144658,0.159585353268358,0.0847791565513562,0.3526596533679018,0.1778445026847122,0.6792914949018902,0.3522560570253459,2020-07-29,35.0,50.0,call,100.0,2022-01-21,,
house:20017123:0,1,house,Nancy,Pelosi,spouse,sale,False,2020-08-07,FB,,"Facebook, Inc. - Class A (FB)",ST,,1000001.0,5000000.0,2020-09-04 03:59:59.999,2020-09-04 03:59:59.999,,20017123,0,https://disclosures-clerk.house.gov/public_disc/ptr-pdfs/2020/20017123.pdf,"[""20017123:0""]",member:P000197,P000197,Nancy Pelosi,legislators,"Contribution of 5,000 shares held personally to The Paul & Nancy Pelosi Charitable Foundation via transfer between brokerage accounts.",P,9/3/2020,META,2020-08-07,2020-09-03 23:59:59.999,27,-1.0,2020-08-07,265.89337158203125,-0.0202652558983948,-0.0232541896348599,-0.0268217061025429,-0.0336061348917081,0.0532335551603768,0.0293224824427627,-0.0263747771380798,-0.0172637024345951,-0.037661971578807,-0.1529297413965537,0.3521457066470297,0.0120980457542816,2020-09-04,280.0478210449219,-0.0409223147509749,-0.0135993862917739,-0.0586425897938094,-0.0466449699422234,-0.0639480365673281,-0.0597154763620054,0.0135109850514465,-0.0592193062355073,-0.0630284156224626,-0.2096750964383927,0.3273440826222589,-0.0152722885396985,2020-10-29,83.0,,,,,5000.0,gift
house:20017460:0,1,house,Nancy,Pelosi,spouse,purchase,False,2020-09-03,CRWD,,"CrowdStrike Holdings, Inc. - Class A (CRWD)",ST,,500001.0,1000000.0,2020-10-05 03:59:59.999,2020-10-05 03:59:59.999,,20017460,0,https://disclosures-clerk.house.gov/public_disc/ptr-pdfs/2020/20017460.pdf,"[""20017460:0""]",member:P000197,P000197,Nancy Pelosi,legislators,"Purchased 5,000 shares.",P,10/4/2020,CRWD,2020-09-03,2020-10-04 23:59:59.999,31,1.0,2020-09-03,32.3125,-0.0314119733740329,-0.0232470972976132,-0.0229787328487669,0.0098247573618747,0.0821663065159574,0.111737856593957,0.1859187526444632,0.1334583490087855,0.6711798839458414,0.5608108885644514,1.0887427560595988,0.7611731871583998,2020-10-05,36.220001220703125,0.0017255659274875,0.0159413341216101,0.0074544574451682,-0.0298364673763895,-0.1408752275969219,-0.1127377024175254,0.4514769892244812,0.3519490822142177,0.1999585881028633,0.0262804504218647,0.7205273044688618,0.4244450646936153,2020-12-02,90.0,,,,,5000.0,
house:20017834:1,1,house,Nancy,Pelosi,spouse,purchase,False,2020-11-05,,,"REOF XX, LLC",AB,,15001.0,50000.0,2020-12-11 04:59:59.999,2020-12-11 04:59:59.999,,20017834,1,https://disclosures-clerk.house.gov/public_disc/ptr-pdfs/2020/20017834.pdf,"[""20017834:1""]",member:P000197,P000197,Nancy Pelosi,legislators,"Additional investment in LLC which acquired five Courtyard by Marriott hotels located in Fairfax, VA (one), suburban Baltimore, MD (two) and San Antonio, TX (two).",P,12/10/2020,,2020-11-05,2020-12-10 23:59:59.999,35,1.0,,,,,,,,,,,,,,,,,,,,,,,,,,,,,,,,,,,,
house:20017834:0,1,house,Nancy,Pelosi,spouse,sale,True,2020-11-06,AAPL,,Apple Inc. (AAPL),ST,,500001.0,1000000.0,2020-12-11 04:59:59.999,2020-12-11 04:59:59.999,,20017834,0,https://disclosures-clerk.house.gov/public_disc/ptr-pdfs/2020/20017834.pdf,"[""20017834:0""]",member:P000197,P000197,Nancy Pelosi,legislators,"Contribution of 4,500 shares held personally to the Paul F. Pelosi Endowed Fund at Georgetown University.",P,12/10/2020,AAPL,2020-11-06,2020-12-10 23:59:59.999,34,-1.0,2020-11-06,115.22543334960938,-0.0199681807936897,-0.032533392601604,0.0048024118396898,-0.0178726677317324,0.0426320156728263,-0.0114286427777989,0.1575528768519378,0.0499560042027829,0.1183590252103778,-0.0849712241387679,0.2778604113083986,-0.0743414182744337,2020-12-11,118.83683013916016,-0.0051467686463068,-0.0006697906398835,0.0347194861179387,0.0225608622399158,0.0522018844028584,0.0137509285488135,-0.0021875066808738,-0.0811050611643828,0.0317970752907916,-0.1294869561826472,0.4348184577464784,0.1437473198468479,2021-01-27,82.0,,,,,4500.0,gift
house:20018011:1,1,house,Nancy,Pelosi,spouse,purchase,False,2020-12-22,AAPL,,Apple Inc. (AAPL) [OP],OP,,250001.0,500000.0,2021-01-22 04:59:59.999,2021-01-22 04:59:59.999,,20018011,1,https://disclosures-clerk.house.gov/public_disc/ptr-pdfs/2021/20018011.pdf,"[""20018011:1""]",member:P000197,P000197,Nancy Pelosi,legislators,Purchased 100 call options with a strike price of $100 and an expiration date of 1/21/22.,P,1/21/2021,AAPL,2020-12-22,2021-01-21 23:59:59.999,30,1.0,2020-12-22,128.03041076660156,-0.0069758411822943,-0.0078747178690451,0.0139519207265368,0.0010177500086896,0.0545192173957502,0.0119315363217564,-0.0629787425239264,-0.1355082850540988,-0.0099644232874379,-0.1631406725591585,0.2950898272960423,0.0396580336355676,2021-01-22,135.01052856445312,0.0276838399421341,0.0237398848587502,-0.051125276190799,-0.0176686928269027,-0.0926275846090382,-0.1034666629461816,-0.0414260769322053,-0.1214511388426279,0.0710752086617956,-0.0718441992768166,0.2026661241742531,0.0070645565743019,2021-01-27,36.0,100.0,call,100.0,2022-01-21,,
house:20018011:0,1,house,Nancy,Pelosi,spouse,purchase,False,2020-12-22,AB,,AllianceBernstein Holding L.P. Units (AB) [ST],ST,,500001.0,1000000.0,2021-01-22 04:59:59.999,2021-01-22 04:59:59.999,,20018011,0,https://disclosures-clerk.house.gov/public_disc/ptr-pdfs/2021/20018011.pdf,"[""20018011:0""]",member:P000197,P000197,Nancy Pelosi,legislators,"Purchased 20,000 shares.",P,1/21/2021,AB,2020-12-22,2021-01-21 23:59:59.999,30,1.0,2020-12-22,20.57747268676757,0.0002995776437217,-0.000599299043029,-0.0041952919964384,-0.0171294627142856,0.0797124017543831,0.0371247206803893,0.2876851898712353,0.2151556473410629,0.4192318465865852,0.2660555973148646,0.4746056039928361,0.2191738103323615,2021-01-22,22.21775245666504,0.0158202330068049,0.0118762779234209,-0.0188732438620213,0.0145833395018749,0.0487751170730037,0.0379360387358602,0.1356505012962612,0.0556254393858386,0.3188019643042483,0.1758825563656361,0.5063919383275153,0.3107903707275641,2021-02-11,51.0,,,,,20000.0,
house:20018539:0,1,house,Nancy,Pelosi,spouse,purchase,False,2020-12-22,AB,2000074389.0,AllianceBernstein Holding L.P. Units (AB),OL,,500001.0,1000000.0,2021-04-10 03:59:59.999,2021-04-10 03:59:59.999,,20018539,0,https://disclosures-clerk.house.gov/public_disc/ptr-pdfs/2021/20018539.pdf,"[""20018539:0""]",member:P000197,P000197,Nancy Pelosi,legislators,"Purchased 20,000 units in a global asset management firm providing investment management and research services worldwide to institutional, high-net-worth and retail investors.",P,4/9/2021,AB,2020-12-22,2021-04-09 23:59:59.999,108,1.0,2020-12-22,20.57747268676757,0.0002995776437217,-0.000599299043029,-0.0041952919964384,-0.0171294627142856,0.0797124017543831,0.0371247206803893,0.2876851898712353,0.2151556473410629,0.4192318465865852,0.2660555973148646,0.4746056039928361,0.2191738103323615,2021-04-12,25.47209548950196,0.0059626885308063,0.0029989024860024,-0.0111800222752804,-0.0198526266725496,0.1336210569541212,0.1183165125805798,0.1586548390328688,0.099765248001038,0.2766305590670082,0.2273563196650563,0.2814411450518521,0.1824323420089573,2021-02-11,51.0,,,,,,
house:20018011:3,1,house,Nancy,Pelosi,spouse,purchase,False,2020-12-22,DIS,,Walt Disney Company (DIS) [OP],OP,,500001.0,1000000.0,2021-01-22 04:59:59.999,2021-01-22 04:59:59.999,,20018011,3,https://disclosures-clerk.house.gov/public_disc/ptr-pdfs/2021/20018011.pdf,"[""20018011:3""]",member:P000197,P000197,Nancy Pelosi,legislators,Purchased 100 call options with a strike price of $100 and an expiration date of 1/21/22.,P,1/21/2021,DIS,2020-12-22,2021-01-21 23:59:59.999,30,1.0,2020-12-22,165.2620391845703,0.0181872438799171,0.0172883671931662,0.0628924697060082,0.049958298988161,0.0136697710462001,-0.0289179100277936,0.1314755683727226,0.0589460258425502,0.0246993406559721,-0.1284769086157484,-0.1406863120305378,-0.3961181056910124,2021-01-22,167.52113342285156,-0.0051510816661224,-0.0090950367495064,-0.0266812950390598,0.0067752883248365,0.109850605697505,0.0990115273603615,0.0579348217656701,-0.0220902401447524,0.0658061795309357,-0.0771132284076765,-0.1312073007055046,-0.3268088683054558,2021-02-11,51.0,100.0,call,100.0,2022-01-21,,
house:20018011:2,1,house,Nancy,Pelosi,spouse,purchase,False,2020-12-22,TSLA,,"Tesla, Inc. (TSLA) [OP]",OP,,500001.0,1000000.0,2021-01-22 04:59:59.999,2021-01-22 04:59:59.999,,20018011,2,https://disclosures-clerk.house.gov/public_disc/ptr-pdfs/2021/20018011.pdf,"[""20018011:2""]",member:P000197,P000197,Nancy Pelosi,legislators,Purchased 25 call options with a strike price of $500 and an expiration date of 3/18/22.,P,1/21/2021,TSLA,2020-12-22,2021-01-21 23:59:59.999,30,1.0,2020-12-22,213.44667053222656,0.0088077720741002,0.0079088953873494,0.0850173368140165,0.0720831660961693,0.3221724994229165,0.2795848183489227,0.0463191001770675,-0.0262104423531048,-0.0553924486652944,-0.208568697937015,0.405409652154947,0.1499778584944724,2021-01-22,282.2133178710937,0.0403478061146036,0.0364038510312196,-0.0627302362589248,-0.0292736528950284,-0.1560757176537047,-0.1669147959908482,-0.1507724302805733,-0.2307974921909958,-0.2315505507070725,-0.3744699586456848,0.1760016635728796,-0.0195999040270715,2021-01-27,36.0,25.0,call,500.0,2022-03-18,,
house:20018355:0,1,house,Nancy,Pelosi,spouse,purchase,False,2021-02-18,AB,,AllianceBernstein Holding L.P. Units (AB),ST,,500001.0,1000000.0,2021-03-10 04:59:59.999,2021-03-10 04:59:59.999,,20018355,0,https://disclosures-clerk.house.gov/public_disc/ptr-pdfs/2021/20018355.pdf,"[""20018355:0""]",member:P000197,P000197,Nancy Pelosi,legislators,"Purchased 15,000 shares.",P,3/9/2021,AB,2021-02-18,2021-03-09 23:59:59.999,19,1.0,2021-02-18,23.36470603942871,0.0035213535529254,0.0052873869700251,-0.0121883274346143,0.0092848781964206,0.1237815039957681,0.1218366157404089,0.2231870061923282,0.1535097653903874,0.3959874561575727,0.2555726630325807,0.330635963668082,0.1920406664625265,2021-03-10,24.5544662475586,0.0043814432188884,-0.0057576979661597,0.0404637020286147,0.0207501101228102,0.0484533788963035,-0.00359743191277,0.18280619300939,0.0944952687057365,0.3940559960949577,0.225629643884567,0.1431735708672903,0.0522014888357036,2021-04-29,70.0,,,,,15000.0,
house:20018539:1,1,house,Nancy,Pelosi,spouse,purchase,False,2021-02-18,AB,2000076481.0,AllianceBernstein Holding L.P. Units (AB),OL,,500001.0,1000000.0,2021-04-10 03:59:59.999,2021-04-10 03:59:59.999,,20018539,1,https://disclosures-clerk.house.gov/public_disc/ptr-pdfs/2021/20018539.pdf,"[""20018539:1""]",member:P000197,P000197,Nancy Pelosi,legislators,"Purchased 15,000 units in a global asset management firm providing investment management and research services worldwide to institutional, high-net-worth and retail investors.",P,4/9/2021,AB,2021-02-18,2021-04-09 23:59:59.999,50,1.0,2021-02-18,23.36470603942871,0.0035213535529254,0.0052873869700251,-0.0121883274346143,0.0092848781964206,0.1237815039957681,0.1218366157404089,0.2231870061923282,0.1535097653903874,0.3959874561575727,0.2555726630325807,0.330635963668082,0.1920406664625265,2021-04-12,25.47209548950196,0.0059626885308063,0.0029989024860024,-0.0111800222752804,-0.0198526266725496,0.1336210569541212,0.1183165125805798,0.1586548390328688,0.099765248001038,0.2766305590670082,0.2273563196650563,0.2814411450518521,0.1824323420089573,2021-04-29,70.0,,,,,,
house:20018355:1,1,house,Nancy,Pelosi,spouse,purchase,False,2021-02-23,AB,,AllianceBernstein Holding L.P. Units (AB),ST,,500001.0,1000000.0,2021-03-10 04:59:59.999,2021-03-10 04:59:59.999,,20018355,1,https://disclosures-clerk.house.gov/public_disc/ptr-pdfs/2021/20018355.pdf,"[""20018355:1""]",member:P000197,P000197,Nancy Pelosi,legislators,"Purchased 25,000 shares.",P,3/9/2021,AB,2021-02-23,2021-03-09 23:59:59.999,14,1.0,2021-02-23,22.902734756469727,0.0104999912971994,-0.0005192648099092,0.0370265437081709,0.0395040440125655,0.1290410454886639,0.1205877171798261,0.2174862331272893,0.1537298399895348,0.4507790005837122,0.2924715946450578,0.3539853704673921,0.2110541452908603,2021-03-10,24.5544662475586,0.0043814432188884,-0.0057576979661597,0.0404637020286147,0.0207501101228102,0.0484533788963035,-0.00359743191277,0.18280619300939,0.0944952687057365,0.3940559960949577,0.225629643884567,0.1431735708672903,0.0522014888357036,2021-04-29,65.0,,,,,25000.0,
house:20018539:2,1,house,Nancy,Pelosi,spouse,purchase,False,2021-02-23,AB,2000076482.0,AllianceBernstein Holding L.P. Units (AB),OL,,500001.0,1000000.0,2021-04-10 03:59:59.999,2021-04-10 03:59:59.999,,20018539,2,https://disclosures-clerk.house.gov/public_disc/ptr-pdfs/2021/20018539.pdf,"[""20018539:2""]",member:P000197,P000197,Nancy Pelosi,legislators,"Purchased 25,000 units in a global asset management firm providing investment management and research services worldwide to institutional, high-net-worth and retail investors.",P,4/9/2021,AB,2021-02-23,2021-04-09 23:59:59.999,45,1.0,2021-02-23,22.902734756469727,0.0104999912971994,-0.0005192648099092,0.0370265437081709,0.0395040440125655,0.1290410454886639,0.1205877171798261,0.2174862331272893,0.1537298399895348,0.4507790005837122,0.2924715946450578,0.3539853704673921,0.2110541452908603,2021-04-12,25.47209548950196,0.0059626885308063,0.0029989024860024,-0.0111800222752804,-0.0198526266725496,0.1336210569541212,0.1183165125805798,0.1586548390328688,0.099765248001038,0.2766305590670082,0.2273563196650563,0.2814411450518521,0.1824323420089573,2021-04-29,65.0,,,,,,
house:20018539:5,1,house,Nancy,Pelosi,spouse,purchase,False,2021-03-10,RBLX,,Roblox Corporation,OT,,500001.0,1000000.0,2021-04-10 03:59:59.999,2021-04-10 03:59:59.999,,20018539,5,https://disclosures-clerk.house.gov/public_disc/ptr-pdfs/2021/20018539.pdf,"[""20018539:5""]",member:P000197,P000197,Nancy Pelosi,legislators,"Purchased 10,000 shares.",P,4/9/2021,RBLX,2021-03-10,2021-04-09 23:59:59.999,30,1.0,2021-03-10,69.5,0.0633093744730777,0.0531702332880295,0.1048920995039905,0.0851785075981861,0.0181295271400068,-0.0339212836690667,0.4326618661125787,0.3443509418089252,0.1779856510299573,0.0095592988195667,-0.4057554066609993,-0.496727488692586,2021-04-12,75.0,0.0940000406901042,0.0910362546453003,-0.04,-0.0486726043972691,-0.1466666666666666,-0.1619712110402079,0.152000020345052,0.0931104293132212,0.0073333740234375,-0.0419408653785142,-0.3881333414713541,-0.487142144514249,2021-05-10,61.0,,,,,10000.0,
house:20018539:4,1,house,Nancy,Pelosi,spouse,purchase,False,2021-03-19,MSFT,,Microsoft Corporation (MSFT),ST,,1000001.0,5000000.0,2021-04-10 03:59:59.999,2021-04-10 03:59:59.999,,20018539,4,https://disclosures-clerk.house.gov/public_disc/ptr-pdfs/2021/20018539.pdf,"[""20018539:4""]",member:P000197,P000197,Nancy Pelosi,legislators,"Exercised 100 call options (10,000 shares) expiring 3/19/2021 at a strike price of $140.",P,4/9/2021,MSFT,2021-03-19,2021-04-09 23:59:59.999,21,1.0,2021-03-19,220.14239501953125,0.0244847043636584,0.0164999558084477,0.0266117206519993,0.0099228221321179,0.1232472407080711,0.0571848251314961,0.1241874752031779,0.0343241041347168,0.2958839285541002,0.1393447282599988,0.2884220778842707,0.1587474442882586,2021-04-12,244.5698089599609,0.0100814649147713,0.0071176788699673,0.0110583101818446,0.0023857057845755,-0.0341137177163619,-0.0494182620899033,0.0963864960640754,0.0374969050322446,0.1062948278360909,0.057020588434139,0.1798658695429602,0.0808570665000654,2021-04-27,39.0,100.0,call,140.0,,10000.0,exercise
house:20018539:3,1,house,Nancy,Pelosi,spouse,purchase,False,2021-03-19,MSFT,,Microsoft Corporation (MSFT),ST,,1000001.0,5000000.0,2021-04-10 03:59:59.999,2021-04-10 03:59:59.999,,20018539,3,https://disclosures-clerk.house.gov/public_disc/ptr-pdfs/2021/20018539.pdf,"[""20018539:3""]",member:P000197,P000197,Nancy Pelosi,legislators,"Exercised 150 call options (15,000 shares) expiring 3/19/2021 at a strike price of $130.",P,4/9/2021,MSFT,2021-03-19,2021-04-09 23:59:59.999,21,1.0,2021-03-19,220.14239501953125,0.0244847043636584,0.0164999558084477,0.0266117206519993,0.0099228221321179,0.1232472407080711,0.0571848251314961,0.1241874752031779,0.0343241041347168,0.2958839285541002,0.1393447282599988,0.2884220778842707,0.1587474442882586,2021-04-12,244.5698089599609,0.0100814649147713,0.0071176788699673,0.0110583101818446,0.0023857057845755,-0.0341137177163619,-0.0494182620899033,0.0963864960640754,0.0374969050322446,0.1062948278360909,0.057020588434139,0.1798658695429602,0.0808570665000654,2021-04-27,39.0,150.0,call,130.0,,15000.0,exercise
house:20019004:2,1,house,Nancy,Pelosi,spouse,purchase,False,2021-05-21,AAPL,,Apple Inc. (AAPL),OP,,100001.0,250000.0,2021-07-03 03:59:59.999,2021-07-03 03:59:59.999,,20019004,2,https://disclosures-clerk.house.gov/public_disc/ptr-pdfs/2021/20019004.pdf,"[""20019004:2""]",member:P000197,P000197,Nancy Pelosi,legislators,Purchased 50 call options with a strike price of $100 and an expiration date of 6/17/22.,P,7/2/2021,AAPL,2021-05-21,2021-07-02 23:59:59.999,42,1.0,2021-05-21,122.15777587890624,0.013314272823522,0.0031198371201401,-0.0065376282893306,-0.0188285207915673,0.054771631126298,0.0371862137090783,0.199195026763324,0.1255634814398416,0.1827939031683798,0.0582290392429807,0.1291123659897683,0.1723074171202357,2021-07-06,138.3150177001953,0.0179547654157987,0.0144206822144585,0.0254890087420169,0.0193448513848113,0.0376001711269968,0.0186132633847748,0.0072099051553551,0.0004838663143125,0.2449074218612532,0.1505818324057077,-0.0161691403703611,0.0907060660875556,2021-07-27,67.0,50.0,call,100.0,2022-06-17,,
house:20019004:1,1,house,Nancy,Pelosi,spouse,purchase,False,2021-05-21,AMZN,,"Amazon.com, Inc. (AMZN)",OP,,500001.0,1000000.0,2021-07-03 03:59:59.999,2021-07-03 03:59:59.999,,20019004,1,https://disclosures-clerk.house.gov/public_disc/ptr-pdfs/2021/20019004.pdf,"[""20019004:1""]",member:P000197,P000197,Nancy Pelosi,legislators,"Purchased 20 call options with a strike price of $3,000 and an expiration date of 6/17/22.",P,7/2/2021,AMZN,2021-05-21,2021-07-02 23:59:59.999,42,1.0,2021-05-21,160.1540069580078,0.0130842152610177,0.0028897795576359,0.0062408457892846,-0.006050046712952,0.0783245535165173,0.0607391360992977,0.0121383178670662,-0.0614932274564161,0.0870942075884637,-0.0374706563369353,-0.3311906140453758,-0.2879955629149084,2021-07-06,183.78700256347656,0.0056695640767094,0.0021354808753693,0.0004406930371247,-0.0057034643200808,-0.0842007644048216,-0.1031876721470436,-0.1019169067798897,-0.1086429456209323,-0.0692024228154124,-0.1635280122709579,-0.4038751596661261,-0.2969999532082094,2021-07-29,69.0,20.0,call,3000.0,2022-06-17,,
house:20019004:3,1,house,Nancy,Pelosi,spouse,purchase,False,2021-06-03,NVDA,,NVIDIA Corporation (NVDA),OP,,1000001.0,5000000.0,2021-07-03 03:59:59.999,2021-07-03 03:59:59.999,,20019004,3,https://disclosures-clerk.house.gov/public_disc/ptr-pdfs/2021/20019004.pdf,"[""20019004:3""]",member:P000197,P000197,Nancy Pelosi,legislators,Purchased 50 call options with a strike price of $400 and an expiration date of 6/17/22.,P,7/2/2021,NVDA,2021-06-03,2021-07-02 23:59:59.999,29,1.0,2021-06-03,16.888484954833984,0.0358579829531657,0.0267121046015192,0.0270621598454106,0.0155046134527767,0.1913334906933592,0.1601273547536394,0.3342084131897818,0.2555183034754718,0.8838790300448476,0.7601059493983013,0.1010793467224879,0.1020488603306148,2021-07-06,20.60410118103028,-0.0157862780251539,-0.0193203612264941,-0.0216683516187898,-0.0278125089759955,-0.0426844457889913,-0.0616713535312133,-0.0085941352557555,-0.0153201740967982,0.4324153993114361,0.3380898098558906,-0.2978773491242708,-0.191002142666354,2021-08-18,76.0,50.0,call,400.0,2022-06-17,,
house:20019004:0,1,house,Nancy,Pelosi,spouse,purchase,False,2021-06-18,GOOGL,,Alphabet Inc. - Class A (GOOGL),ST,,1000001.0,5000000.0,2021-07-03 03:59:59.999,2021-07-03 03:59:59.999,,20019004,0,https://disclosures-clerk.house.gov/public_disc/ptr-pdfs/2021/20019004.pdf,"[""20019004:0""]",member:P000197,P000197,Nancy Pelosi,legislators,"Exercised 40 call options (4,000 shares) expiring 6/18/21 at a strike price of $1200.",P,7/2/2021,GOOGL,2021-06-18,2021-07-02 23:59:59.999,14,1.0,2021-06-18,118.97884368896484,0.014165944470575,-0.0001500129145479,0.0199605701774214,-0.0082134662090787,0.0371905497956208,0.0129689884098207,0.1867728944176567,0.1162772947125481,0.23374613132138,0.0985292169593903,-0.0861411772325317,-0.0090595918089054,2021-07-06,125.00054931640624,0.0022504783914523,-0.0012836048098878,0.0091249599000786,0.002980802542873,0.0748077767236374,0.0558208689814154,0.0646919764512754,0.0579659376102328,0.1642483016432057,0.0699227121876602,-0.1383034693695194,-0.0314282629116027,2021-07-27,39.0,40.0,call,1200.0,,4000.0,exercise
house:20019331:2,1,house,Nancy,Pelosi,spouse,purchase,False,2021-07-13,,,"REOF XXII, LLC",AB,,250001.0,500000.0,2021-08-21 03:59:59.999,2021-08-21 03:59:59.999,,20019331,2,https://disclosures-clerk.house.gov/public_disc/ptr-pdfs/2021/20019331.pdf,"[""20019331:2""]",member:P000197,P000197,Nancy Pelosi,legislators,"Investment in LLC which is acquiring eleven Marriott-branded hotels (Rogers, AR - 1, Phoenix, AZ - 1, Lakeland, FL -1, Albany, GA - 1, Andover, MA - 1, Fayetteville, NC - 1, Greenville, SC - 1, Johnson City, TN - 1, Beaumont, TX - 1, Richmond, VA - 1, Vancouver, WA - 1) and nine Hilton-branded hotels (Montgomery, AL -2, Schaumberg, IL -1, Jackson, TN - 1, Allen, TX -2, Burleson, TX - 1, El Paso, TX - 1, Irving, TX - 1).",P,8/20/2021,,2021-07-13,2021-08-20 23:59:59.999,38,1.0,,,,,,,,,,,,,,,,,,,,,,,,,,,,,,,,,,,,
house:20019331:3,1,house,Nancy,Pelosi,spouse,sale,False,2021-07-22,WORK,,"Slack Technologies, Inc. Class A (WORK)",ST,,250001.0,500000.0,2021-08-21 03:59:59.999,2021-08-21 03:59:59.999,,20019331,3,https://disclosures-clerk.house.gov/public_disc/ptr-pdfs/2021/20019331.pdf,"[""20019331:3""]",member:P000197,P000197,Nancy Pelosi,legislators,"10,000 shares of Slack Technologies Inc. exchanged for 776 shares of Salesforce.com Inc. as a result of a merger, with a cash payout of $267,900.",P,8/20/2021,WORK,2021-07-22,2021-08-20 23:59:59.999,29,-1.0,,,,,,,,,,,,,,,,,,,,,,,,,,,,,,,,,,,10000.0,
house:20019331:1,1,house,Nancy,Pelosi,spouse,purchase,False,2021-07-23,NVDA,,NVIDIA Corporation (NVDA),OP,,250001.0,500000.0,2021-08-21 03:59:59.999,2021-08-21 03:59:59.999,,20019331,1,https://disclosures-clerk.house.gov/public_disc/ptr-pdfs/2021/20019331.pdf,"[""20019331:1""]",member:P000197,P000197,Nancy Pelosi,legislators,Purchased 50 call options with a strike price of $100 and an expiration date of 9/16/22.,P,8/20/2021,NVDA,2021-07-23,2021-08-20 23:59:59.999,28,1.0,2021-07-23,19.468799591064453,-0.0134982382144156,-0.0159531089274599,-0.0030163830482192,0.000234084819901,0.0643213877811259,0.0565477049267022,0.1364106795380306,0.1166746172015464,0.4320160223245066,0.3541666212098373,-0.0764756803443197,0.0041717406538053,2021-08-23,21.857852935791016,-0.0075145224920831,-0.0091019963565079,0.0332452283240298,0.0221332040163806,-0.0322548977688111,-0.0048865438930688,0.3757320583849122,0.3231374267266391,0.0909988909065682,0.099576928994963,-0.1865764790166678,-0.1438317088212756,2021-08-18,26.0,50.0,call,100.0,2022-09-16,,
house:20019331:0,1,house,Nancy,Pelosi,spouse,purchase,False,2021-07-23,NVDA,,NVIDIA Corporation (NVDA),ST,,500001.0,1000000.0,2021-08-21 03:59:59.999,2021-08-21 03:59:59.999,,20019331,0,https://disclosures-clerk.house.gov/public_disc/ptr-pdfs/2021/20019331.pdf,"[""20019331:0""]",member:P000197,P000197,Nancy Pelosi,legislators,"Purchased 5,000 shares.",P,8/20/2021,NVDA,2021-07-23,2021-08-20 23:59:59.999,28,1.0,2021-07-23,19.468799591064453,-0.0134982382144156,-0.0159531089274599,-0.0030163830482192,0.000234084819901,0.0643213877811259,0.0565477049267022,0.1364106795380306,0.1166746172015464,0.4320160223245066,0.3541666212098373,-0.0764756803443197,0.0041717406538053,2021-08-23,21.857852935791016,-0.0075145224920831,-0.0091019963565079,0.0332452283240298,0.0221332040163806,-0.0322548977688111,-0.0048865438930688,0.3757320583849122,0.3231374267266391,0.0909988909065682,0.099576928994963,-0.1865764790166678,-0.1438317088212756,2021-08-18,26.0,,,,,5000.0,
house:20020106:6,1,house,Nancy,Pelosi,spouse,purchase,False,2021-12-17,DIS,,Walt Disney Company (DIS),OP,,100001.0,250000.0,2021-12-30 04:59:59.999,2021-12-30 04:59:59.999,,20020106,6,https://disclosures-clerk.house.gov/public_disc/ptr-pdfs/2021/20020106.pdf,"[""20020106:6""]",member:P000197,P000197,Nancy Pelosi,legislators,Purchased 50 call options with a strike price of $130 and an expiration date of 9/16/22.,P,12/29/2021,DIS,2021-12-17,2021-12-29 23:59:59.999,12,1.0,2021-12-17,144.23220825195312,-0.0153937591735942,-0.0047601224547058,0.02715796471627,-0.0106569239730311,0.0235952723974286,0.030945235196881,-0.071390002244932,-0.0186576338656874,-0.3318095231243868,-0.1820736247408837,-0.3917046693528269,-0.2487754495193317,2021-12-30,151.18397521972656,-0.0066695646636003,-0.0041495258998662,0.0062208360462103,0.0234839039204379,-0.1109471918278505,-0.0391017436440265,-0.1103699810849684,-0.0708169467138384,-0.3952413975262194,-0.1951253275657644,-0.4602064716840232,-0.2640763034365252,2022-02-09,54.0,50.0,call,130.0,2022-09-16,,
house:20020106:0,1,house,Nancy,Pelosi,spouse,purchase,False,2021-12-17,GOOG,,Alphabet Inc. - Class C Capital Stock (GOOG),OP,,500001.0,1000000.0,2021-12-30 04:59:59.999,2021-12-30 04:59:59.999,,20020106,0,https://disclosures-clerk.house.gov/public_disc/ptr-pdfs/2021/20020106.pdf,"[""20020106:0""]",member:P000197,P000197,Nancy Pelosi,legislators,Purchased 10 call options with a strike price of $2000 and an expiration date of 9/16/22.,P,12/29/2021,GOOG,2021-12-17,2021-12-29 23:59:59.999,12,1.0,2021-12-17,141.4630889892578,-0.0028114778190957,0.0078221588997926,0.0368410919083046,-0.0009737967809966,-0.0456047266049504,-0.0382547638054979,-0.0638116477050564,-0.0110792793258117,-0.2197116253232552,-0.0699757269397521,-0.361357901180303,-0.2184286813468078,2021-12-30,144.63259887695312,-0.0090615301221419,-0.0065414913584078,-0.0578859292291026,-0.040622861354875,-0.0870738656444668,-0.0152284174606428,-0.0277566132363686,0.0117964211347613,-0.2282015714909372,-0.0280855015304821,-0.4078184406584825,-0.2116882724109845,2022-02-01,46.0,10.0,call,2000.0,2022-09-16,,
house:20020106:5,1,house,Nancy,Pelosi,spouse,purchase,False,2021-12-20,CRM,,Salesforce.com Inc (CRM),OP,,100001.0,250000.0,2021-12-30 04:59:59.999,2021-12-30 04:59:59.999,,20020106,5,https://disclosures-clerk.house.gov/public_disc/ptr-pdfs/2021/20020106.pdf,"[""20020106:5""]",member:P000197,P000197,Nancy Pelosi,legislators,Purchased 30 call options with a strike price of $210 and an expiration date of 1/20/23.,P,12/29/2021,CRM,2021-12-20,2021-12-29 23:59:59.999,9,1.0,2021-12-20,242.57913208007807,0.0216009696014496,0.0038420720903638,0.0333318739996173,-0.0147800997282139,-0.0847053900868215,-0.07760637614356,-0.1488613485778352,-0.1182885944044007,-0.3283849339896812,-0.155157431024136,-0.481129462651939,-0.337184516777829,2021-12-30,250.5470123291016,-0.0046997996144787,-0.0021797608507446,-0.1025340732426954,-0.0852710053684678,-0.1300278705364465,-0.0581824223526225,-0.1568558882606046,-0.1173028538894745,-0.3222496138667292,-0.1221335439062741,-0.4968471999955663,-0.3007170317480684,2022-03-01,71.0,30.0,call,210.0,2023-01-20,,
house:20020106:4,1,house,Nancy,Pelosi,spouse,purchase,False,2021-12-20,CRM,,Salesforce.com Inc (CRM),OP,,500001.0,1000000.0,2021-12-30 04:59:59.999,2021-12-30 04:59:59.999,,20020106,4,https://disclosures-clerk.house.gov/public_disc/ptr-pdfs/2021/20020106.pdf,"[""20020106:4""]",member:P000197,P000197,Nancy Pelosi,legislators,Purchased 100 call options with a strike price of $210 and an expiration date of 1/20/23.,P,12/29/2021,CRM,2021-12-20,2021-12-29 23:59:59.999,9,1.0,2021-12-20,242.57913208007807,0.0216009696014496,0.0038420720903638,0.0333318739996173,-0.0147800997282139,-0.0847053900868215,-0.07760637614356,-0.1488613485778352,-0.1182885944044007,-0.3283849339896812,-0.155157431024136,-0.481129462651939,-0.337184516777829,2021-12-30,250.5470123291016,-0.0046997996144787,-0.0021797608507446,-0.1025340732426954,-0.0852710053684678,-0.1300278705364465,-0.0581824223526225,-0.1568558882606046,-0.1173028538894745,-0.3222496138667292,-0.1221335439062741,-0.4968471999955663,-0.3007170317480684,2022-03-01,71.0,100.0,call,210.0,2023-01-20,,
house:20020106:3,1,house,Nancy,Pelosi,spouse,purchase,False,2021-12-20,RBLX,,Roblox Corporation Class A (RBLX),OP,,250001.0,500000.0,2021-12-30 04:59:59.999,2021-12-30 04:59:59.999,,20020106,3,https://disclosures-clerk.house.gov/public_disc/ptr-pdfs/2021/20020106.pdf,"[""20020106:3""]",member:P000197,P000197,Nancy Pelosi,legislators,Purchased 100 call options with a strike price of $100 and an expiration date of 1/20/23.,P,12/29/2021,RBLX,2021-12-20,2021-12-29 23:59:59.999,9,1.0,2021-12-20,98.69000244140624,0.0395176188064223,0.0217587212953365,0.0005065905474364,-0.0476053831803948,-0.2282905889345101,-0.2211915749912486,-0.5303475800232167,-0.4997748258497821,-0.731887745162613,-0.5586602421970678,-0.7201337505728423,-0.5761888046987323,2021-12-30,100.52999877929688,0.0261613937605471,0.0286814325242812,-0.1127026954006885,-0.0954396275264609,-0.4212672733349584,-0.3494218251511344,-0.5185516550921674,-0.4789986207210374,-0.657017806018942,-0.4569017360584869,-0.7397791687549538,-0.5436490005074558,2022-02-15,57.0,100.0,call,100.0,2023-01-20,,
house:20020106:1,1,house,Nancy,Pelosi,spouse,purchase,False,2021-12-21,MU,,"Micron Technology, Inc. (MU)",OP,,250001.0,500000.0,2021-12-30 04:59:59.999,2021-12-30 04:59:59.999,,20020106,1,https://disclosures-clerk.house.gov/public_disc/ptr-pdfs/2021/20020106.pdf,"[""20020106:1""]",member:P000197,P000197,Nancy Pelosi,legislators,Purchased 100 call options with a strike price of $50 and an expiration date of 9/16/22.,P,12/29/2021,MU,2021-12-21,2021-12-29 23:59:59.999,8,1.0,2021-12-21,88.5490493774414,-0.0037493427061731,-0.013748278929795,0.0605425449503678,0.0294016324970571,-0.0608659899480463,-0.025644038097444,-0.12334929104458,-0.0862936414967552,-0.3510930829727748,-0.1609915397246477,-0.4259262274862594,-0.2599115305203392,2021-12-30,91.68360900878906,-0.0068237454558708,-0.0043037066921367,0.0198315674410096,0.0370946353152372,-0.1548139434678127,-0.0829684952839887,-0.1485232693198406,-0.1089702349487106,-0.3997565896218022,-0.1996405196613472,-0.4734256130860934,-0.2772954448385955,2022-03-29,98.0,100.0,call,50.0,2022-09-16,,
house:20020106:2,1,house,Nancy,Pelosi,spouse,purchase,False,2021-12-22,,,"REOF XX, LLC",AB,,50001.0,100000.0,2021-12-30 04:59:59.999,2021-12-30 04:59:59.999,,20020106,2,https://disclosures-clerk.house.gov/public_disc/ptr-pdfs/2021/20020106.pdf,"[""20020106:2""]",member:P000197,P000197,Nancy Pelosi,legislators,"Additional investment in LLC which acquired five Courtyard by Marriott hotels located in Fairfax, VA (one), suburban Baltimore, MD (two) and San Antonio, TX (two).",P,12/29/2021,,2021-12-22,2021-12-29 23:59:59.999,7,1.0,,,,,,,,,,,,,,,,,,,,,,,,,,,,,,,,,,,,
house:20020208:0,1,house,Nancy,Pelosi,spouse,sale,True,2021-12-30,AAPL,,Apple Inc. (AAPL),ST,,500001.0,1000000.0,2022-01-13 04:59:59.999,2022-01-13 04:59:59.999,,20020208,0,https://disclosures-clerk.house.gov/public_disc/ptr-pdfs/2022/20020208.pdf,"[""20020208:0""]",member:P000197,P000197,Nancy Pelosi,legislators,"Contribution of 3,000 shares held personally to the Paul F. Pelosi Endowed Fund at Georgetown University.",P,1/12/2022,AAPL,2021-12-30,2022-01-12 23:59:59.999,13,-1.0,2021-12-30,174.06480407714844,-0.0035353023109072,-0.0010152635471731,-0.0347923398890432,-0.0175292720148156,-0.0441637969930512,0.0276816511907727,-0.0133348983840558,0.0262181359870741,-0.2219441208516038,-0.0218280508911488,-0.2885998093712116,-0.0924696411237137,2022-01-13,168.1942596435547,0.0051107801399266,0.0047015949043043,-0.0567977458316092,0.0003567383234169,-0.0193690719917364,0.0324468257295931,-0.0361739993154176,0.0138620196244132,-0.1437153008329388,0.0133647236481813,-0.2207196569939395,-0.0891243273331475,2022-01-27,28.0,,,,,3000.0,gift
house:20020208:1,1,house,Nancy,Pelosi,spouse,sale,True,2021-12-30,AAPL,,Apple Inc. (AAPL),ST,,500001.0,1000000.0,2022-01-13 04:59:59.999,2022-01-13 04:59:59.999,,20020208,1,https://disclosures-clerk.house.gov/public_disc/ptr-pdfs/2022/20020208.pdf,"[""20020208:1""]",member:P000197,P000197,Nancy Pelosi,legislators,"Contribution of 3,000 shares held personally to Trinity College.",P,1/12/2022,AAPL,2021-12-30,2022-01-12 23:59:59.999,13,-1.0,2021-12-30,174.06480407714844,-0.0035353023109072,-0.0010152635471731,-0.0347923398890432,-0.0175292720148156,-0.0441637969930512,0.0276816511907727,-0.0133348983840558,0.0262181359870741,-0.2219441208516038,-0.0218280508911488,-0.2885998093712116,-0.0924696411237137,2022-01-13,168.1942596435547,0.0051107801399266,0.0047015949043043,-0.0567977458316092,0.0003567383234169,-0.0193690719917364,0.0324468257295931,-0.0361739993154176,0.0138620196244132,-0.1437153008329388,0.0133647236481813,-0.2207196569939395,-0.0891243273331475,2022-01-27,28.0,,,,,3000.0,gift
house:20020515:2,1,house,Nancy,Pelosi,spouse,purchase,False,2022-01-21,AAPL,,Apple Inc. (AAPL),ST,,1000001.0,5000000.0,2022-03-01 04:59:59.999,2022-03-01 04:59:59.999,,20020515,2,https://disclosures-clerk.house.gov/public_disc/ptr-pdfs/2022/20020515.pdf,"[""20020515:2"",""20020561:2""]",member:P000197,P000197,Nancy Pelosi,legislators,"Exercised 100 call options (10,000 shares) expiring 1/21/22 at a strike price of $100.",P,2/28/2022,AAPL,2022-01-21,2022-02-28 23:59:59.999,38,1.0,2022-01-21,158.64120483398438,-0.0048641349042148,-0.0091109385916574,0.048765619123742,0.0397012032051247,0.0314212861568707,0.0399833400758214,0.032037923535426,0.0127616841221835,-0.0728264037373361,0.0412990031001617,-0.1461723949210855,-0.0647131383574555,2022-03-01,159.61599731445312,0.020588218986417,0.002192269219911,-0.0352941716311712,-0.0033623314856938,0.0965685122661295,0.0198121502774184,-0.1377053731365541,-0.0647352916412732,0.0297139913851929,0.0612386273514623,-0.0912807628323975,-0.0278093143107187,2022-01-27,6.0,100.0,call,100.0,,10000.0,exercise
house:20020515:1,1,house,Nancy,Pelosi,spouse,purchase,False,2022-01-21,AXP,,American Express Company (AXP),ST,,250001.0,500000.0,2022-03-01 04:59:59.999,2022-03-01 04:59:59.999,,20020515,1,https://disclosures-clerk.house.gov/public_disc/ptr-pdfs/2022/20020515.pdf,"[""20020515:1"",""20020561:1""]",member:P000197,P000197,Nancy Pelosi,legislators,"Exercised 50 call options (5,000 shares) expiring 1/21/22 at a strike price of $80.",P,2/28/2022,AXP,2022-01-21,2022-02-28 23:59:59.999,38,1.0,2022-01-21,150.1266632080078,0.0011969059736645,-0.003049897713778,0.1154088329343476,0.1063444170157303,0.2276680630908492,0.2362301170097999,0.1824451215663531,0.1631688821531107,-0.0965151802051916,0.0176102266323062,-0.0316694246527057,0.0497898319109243,2022-03-01,168.3983612060547,0.0126360131766907,-0.0057599365898153,-0.1011457341800654,-0.0692138940345881,0.0723350659717989,-0.0044212960169121,-0.0960033634902736,-0.0230332819949926,-0.1085056344351814,-0.076980998468912,-0.0092393591789894,0.0542320893426893,2022-01-25,4.0,50.0,call,80.0,,5000.0,exercise
house:20020515:4,1,house,Nancy,Pelosi,spouse,purchase,False,2022-01-21,DIS,,Walt Disney Company (DIS),ST,,1000001.0,5000000.0,2022-03-01 04:59:59.999,2022-03-01 04:59:59.999,,20020515,4,https://disclosures-clerk.house.gov/public_disc/ptr-pdfs/2022/20020515.pdf,"[""20020515:4"",""20020561:4""]",member:P000197,P000197,Nancy Pelosi,legislators,"Exercised 100 call options (10,000 shares) expiring 1/21/22 at a strike price of $100.",P,2/28/2022,DIS,2022-01-21,2022-02-28 23:59:59.999,38,1.0,2022-01-21,133.19859313964844,0.0005822916216793,-0.0036645120657632,0.009098779135058,3.436321644079143e-05,0.1017615037535069,0.1103235576724576,-0.0398894390537251,-0.0591656784669675,-0.307031557960584,-0.192906151123086,-0.2467608811379328,-0.1653016245743027,2022-03-01,141.26535034179688,0.0112559281379949,-0.0071400216285111,-0.0957446808510638,-0.0638128407055864,-0.0227863226112517,-0.0995426845999628,-0.2912833661303141,-0.2183132846350332,-0.2042552327368668,-0.1727305967705974,-0.3163349271319423,-0.2528634786102636,2022-02-09,19.0,100.0,call,100.0,,10000.0,exercise
house:20020515:3,1,house,Nancy,Pelosi,spouse,purchase,False,2022-01-21,PYPL,,"PayPal Holdings, Inc. (PYPL)",ST,,500001.0,1000000.0,2022-03-01 04:59:59.999,2022-03-01 04:59:59.999,,20020515,3,https://disclosures-clerk.house.gov/public_disc/ptr-pdfs/2022/20020515.pdf,"[""20020515:3"",""20020561:3""]",member:P000197,P000197,Nancy Pelosi,legislators,"Exercised 50 call options (5,000 shares) expiring 1/21/22 at a strike price of $100.",P,2/28/2022,PYPL,2022-01-21,2022-02-28 23:59:59.999,38,1.0,2022-01-21,161.73634338378906,-0.0083772400590854,-0.012624043746528,-0.0001222693070169,-0.0091866852256342,-0.3662101128226822,-0.3576480589037315,-0.3661489781691737,-0.3854252175824161,-0.5480616022203955,-0.4339361953828975,-0.5163874835099178,-0.4349282269462877,2022-03-01,105.33531188964844,0.000938904907902,-0.017457044858604,-0.1090038684649488,-0.0770720283194714,0.1377335764070717,0.0609772144183606,-0.2477701461122325,-0.1748000646169516,-0.1213970076434957,-0.0898723716772262,-0.3089851091984867,-0.245513660676808,2022-02-01,11.0,50.0,call,100.0,,5000.0,exercise
house:20020515:0,1,house,Nancy,Pelosi,spouse,purchase,False,2022-01-27,AB,,AllianceBernstein Holding L.P. Units (AB),OL,,250001.0,500000.0,2022-03-01 04:59:59.999,2022-03-01 04:59:59.999,,20020515,0,https://disclosures-clerk.house.gov/public_disc/ptr-pdfs/2022/20020515.pdf,"[""20020515:0"",""20020561:0""]",member:P000197,P000197,Nancy Pelosi,legislators,"Purchased 10,000 units in a global asset management firm providing investment management and research services worldwide to institutional, high-net-worth and retail investors.",P,2/28/2022,AB,2022-01-27,2022-02-28 23:59:59.999,32,1.0,2022-01-27,30.790084838867188,-0.0132006869657393,-0.0380360305670793,-0.0090889650862622,-0.0447071784808341,0.0158215341111545,0.0007255616390111,-0.0956873721107371,-0.0924436293705549,-0.0397986182384398,0.0285696951706536,-0.0999556336691512,-0.0537547303189928,2022-03-01,29.72844886779785,0.0329645921034726,0.0145686423369666,-0.0131398348122954,0.0187920053331819,0.0813738682426179,0.0046175062539068,-0.03260979263222,0.0403602888630608,0.0422346104766959,0.0737592464429653,-0.036680619332311,0.0267908291893677,2022-02-11,15.0,,,,,,
house:20020662:0,1,house,Nancy,Pelosi,spouse,purchase,False,2022-03-17,TSLA,,"Tesla, Inc. (TSLA)",ST,,1000001.0,5000000.0,2022-03-22 03:59:59.999,2022-03-22 03:59:59.999,,20020662,0,https://disclosures-clerk.house.gov/public_disc/ptr-pdfs/2022/20020662.pdf,"[""20020662:0""]",member:P000197,P000197,Nancy Pelosi,legislators,"Exercised 25 call options (2,500 shares) expiring 3/18/22 at a strike price of $500.",P,3/21/2022,TSLA,2022-03-17,2022-03-21 23:59:59.999,4,1.0,2022-03-17,290.5333251953125,0.0387677942765043,0.0278150026153665,0.1632859239452633,0.1387556483912804,0.1301056196742167,0.1344586796650758,-0.2574460651860528,-0.1102924243055775,-0.0043826828775374,0.0811166020679857,-0.3662344766851438,-0.2788702264603071,2022-03-22,331.32666015625,0.0051611360578402,0.0180394994441488,0.1062295614075161,0.0796276532860753,-0.0168815957981421,-0.0060272553741197,-0.3568280741337868,-0.1723488422502846,-0.1183021470561794,0.0035687065229108,-0.4036700767216313,-0.3059778406816509,2022-04-20,34.0,25.0,call,500.0,,2500.0,exercise
house:20020916:0,1,house,Nancy,Pelosi,spouse,exchange,False,2022-04-11,WBD,,"Warner Bros. Discovery, Inc. - Series A (WBD)",ST,,50001.0,100000.0,2022-05-04 03:59:59.999,2022-05-04 03:59:59.999,,20020916,0,https://disclosures-clerk.house.gov/public_disc/ptr-pdfs/2022/20020916.pdf,"[""20020916:0""]",member:P000197,P000197,Nancy Pelosi,legislators,2419 shares received as the result of a spinoff of AT&T (T) shares held.,P,5/3/2022,WBD,2022-04-11,2022-05-03 23:59:59.999,22,0.0,2022-04-11,24.780000686645508,-0.0040355277925241,-0.0003301231551907,-0.011703022901191,-0.0233414122489595,-0.2998385835065764,-0.2070261917021445,-0.4354318247191299,-0.3227496518415571,-0.5177562761043322,-0.3581500053719522,-0.3974979866234672,-0.3446283684584523,2022-05-04,19.65999984741211,-0.0396745011545959,-0.0041316852899085,-0.1546286384421754,-0.0700018179513716,-0.0844353947251235,-0.057236223552093,-0.2166836348903934,-0.1781909105833156,-0.3097660325460039,-0.2144663423815779,-0.3474058991208539,-0.3144801373501353,2022-04-26,15.0,,,,,2419.0,
house:20021142:0,1,house,Nancy,Pelosi,spouse,purchase,False,2022-05-13,AAPL,,Apple Inc. (AAPL) [OP],OP,,500001.0,1000000.0,2022-06-04 03:59:59.999,2022-06-04 03:59:59.999,,20021142,0,https://disclosures-clerk.house.gov/public_disc/ptr-pdfs/2022/20021142.pdf,"[""20021142:0""]",member:P000197,P000197,Nancy Pelosi,legislators,Purchased 100 call options with a strike price of $80 and an expiration date of 3/17/23.,P,6/3/2022,AAPL,2022-05-13,2022-06-03 23:59:59.999,21,1.0,2022-05-13,144.0907440185547,-0.010672201836446,-0.0066146873942539,-0.0647135997583852,-0.0346181016814826,-0.10352805653125,-0.0370139316010847,0.152029660501374,0.102034049882042,-0.0546331508055961,0.0140133739829469,0.180072372182489,0.1381441850322073,2022-06-06,143.1406707763672,0.0175855813753675,0.0079932554250414,-0.0975778678026242,-0.0082362019086668,-0.0220338908972912,0.0432529295902035,0.0773117239589902,0.1135022238386365,0.0165713894035592,0.0312928779674362,0.2361589818936778,0.1814072451083046,2022-07-28,76.0,100.0,call,80.0,2023-03-17,,
house:20021142:1,1,house,Nancy,Pelosi,spouse,purchase,False,2022-05-24,AAPL,,Apple Inc. (AAPL) [OP],OP,,250001.0,500000.0,2022-06-04 03:59:59.999,2022-06-04 03:59:59.999,,20021142,1,https://disclosures-clerk.house.gov/public_disc/ptr-pdfs/2022/20021142.pdf,"[""20021142:1""]",member:P000197,P000197,Nancy Pelosi,legislators,Purchased 50 call options with a strike price of $80 and an expiration date of 6/16/23.,P,6/3/2022,AAPL,2022-05-24,2022-06-03 23:59:59.999,10,1.0,2022-05-24,137.47927856445312,0.0011400865853141,-0.0076947677754926,0.0594897224612818,0.0196308780241227,-0.0148904941951257,0.0211521829547681,0.223697929442048,0.147347756799443,0.0596485487758831,0.0480542270919241,0.2295840481997353,0.1604891523296538,2022-06-06,143.1406707763672,0.0175855813753675,0.0079932554250414,-0.0975778678026242,-0.0082362019086668,-0.0220338908972912,0.0432529295902035,0.0773117239589902,0.1135022238386365,0.0165713894035592,0.0312928779674362,0.2361589818936778,0.1814072451083046,2022-07-28,65.0,50.0,call,80.0,2023-06-16,,
house:20021142:3,1,house,Nancy,Pelosi,spouse,purchase,False,2022-05-24,MSFT,,Microsoft Corporation (MSFT) [OP],OP,,250001.0,500000.0,2022-06-04 03:59:59.999,2022-06-04 03:59:59.999,,20021142,3,https://disclosures-clerk.house.gov/public_disc/ptr-pdfs/2022/20021142.pdf,"[""20021142:3""]",member:P000197,P000197,Nancy Pelosi,legislators,Purchased 40 call options with a strike price of $180 and an expiration date of 6/16/23.,P,6/3/2022,MSFT,2022-05-24,2022-06-03 23:59:59.999,10,1.0,2022-05-24,250.71896362304688,0.011170268511248,0.0023354141504412,0.0493029141413261,0.0094440697041671,-0.0029273723187916,0.0331153048311022,0.1045271539039522,0.0281769812613472,-0.0676268042138094,-0.0792211258977683,0.226051203576044,0.1569563077059625,2022-06-06,259.53594970703125,0.0139534790746611,0.004361153124335,-0.0985674716625625,-0.0092258057686051,-0.0094511430101379,0.0558356774773568,-0.0250232407083612,0.011167259171285,-0.0745514654992184,-0.0598299769353414,0.2620922822504954,0.2073405454651222,2022-07-26,63.0,40.0,call,180.0,2023-06-16,,
house:20021142:2,1,house,Nancy,Pelosi,spouse,purchase,False,2022-05-24,MSFT,,Microsoft Corporation (MSFT) [OP],OP,,50001.0,100000.0,2022-06-04 03:59:59.999,2022-06-04 03:59:59.999,,20021142,2,https://disclosures-clerk.house.gov/public_disc/ptr-pdfs/2022/20021142.pdf,"[""20021142:2""]",member:P000197,P000197,Nancy Pelosi,legislators,Purchased 10 call options with a strike price of $180 and an expiration date of 6/16/23.,P,6/3/2022,MSFT,2022-05-24,2022-06-03 23:59:59.999,10,1.0,2022-05-24,250.71896362304688,0.011170268511248,0.0023354141504412,0.0493029141413261,0.0094440697041671,-0.0029273723187916,0.0331153048311022,0.1045271539039522,0.0281769812613472,-0.0676268042138094,-0.0792211258977683,0.226051203576044,0.1569563077059625,2022-06-06,259.53594970703125,0.0139534790746611,0.004361153124335,-0.0985674716625625,-0.0092258057686051,-0.0094511430101379,0.0558356774773568,-0.0250232407083612,0.011167259171285,-0.0745514654992184,-0.0598299769353414,0.2620922822504954,0.2073405454651222,2022-07-26,63.0,10.0,call,180.0,2023-06-16,,
house:20021374:0,1,house,Nancy,Pelosi,spouse,sale,True,2022-06-17,AAPL,,Apple Inc. (AAPL),OP,,100001.0,250000.0,2022-07-15 03:59:59.999,2022-07-15 03:59:59.999,,20021374,0,https://disclosures-clerk.house.gov/public_disc/ptr-pdfs/2022/20021374.pdf,"[""20021374:0""]",member:P000197,P000197,Nancy Pelosi,legislators,Sold 50 call options with a strike price of $100 and an expiration date of 6/17/22.,P,7/14/2022,AAPL,2022-06-17,2022-07-14 23:59:59.999,27,-1.0,2022-06-17,128.85989379882812,0.0327604789695916,0.007587006995706,0.0767707421300416,0.014643167992435,0.1477653777482954,0.0755793887280245,0.1821658877801937,0.1036113277469685,0.0876035913483093,0.0001175590410922,0.4139875348166162,0.1932026728800975,2022-07-15,147.0879364013672,-0.0206431728435596,-0.0123859411455578,0.0261034871423007,0.0002423811639908,0.147626420514225,0.0386504709355128,-0.0636276259640615,-0.0022685691257247,-0.1649375930735391,-0.1585957971126557,0.2774101086616549,0.0917934329654479,2022-07-28,41.0,50.0,call,100.0,2022-06-17,,
house:20021374:1,1,house,Nancy,Pelosi,spouse,purchase,False,2022-06-17,NVDA,,NVIDIA Corporation (NVDA),ST,,1000001.0,5000000.0,2022-07-15 03:59:59.999,2022-07-15 03:59:59.999,,20021374,1,https://disclosures-clerk.house.gov/public_disc/ptr-pdfs/2022/20021374.pdf,"[""20021374:1""]",member:P000197,P000197,Nancy Pelosi,legislators,"Exercised 200 call options (20,000 shares) expiring 6/17/22 at a strike price of $100.",P,7/14/2022,NVDA,2022-06-17,2022-07-14 23:59:59.999,27,1.0,2022-06-17,15.818334579467772,0.0431987602616694,0.0180252882877838,0.062279560173599,0.0001519860359924,0.0700250308590133,-0.0021609581612576,-0.1730540433356167,-0.2516086033688418,0.0817693618378938,-0.0057166704693232,1.6906353912158432,1.4698505292793245,2022-07-15,15.700793266296388,0.0215075492871341,0.029764780985136,0.0987816363191853,0.0729205303408755,0.1869686077817713,0.0779926582030592,-0.2593916533417155,-0.1980325965033786,-0.0944747084075506,-0.0881329124466672,1.8871073694952003,1.7014906937989935,2022-08-24,68.0,200.0,call,100.0,,20000.0,exercise
house:20021374:2,1,house,Nancy,Pelosi,spouse,sale,True,2022-06-21,V,,Visa Inc. (V),ST,,1000001.0,5000000.0,2022-07-15 03:59:59.999,2022-07-15 03:59:59.999,,20021374,2,https://disclosures-clerk.house.gov/public_disc/ptr-pdfs/2022/20021374.pdf,"[""20021374:2""]",member:P000197,P000197,Nancy Pelosi,legislators,"Sold 10,000 shares.",P,7/14/2022,V,2022-06-21,2022-07-14 23:59:59.999,23,-1.0,2022-06-21,188.15675354003903,-0.0029321125442693,-0.0011193278472803,0.0191881609995456,0.0043108838646317,0.0976388773664769,0.0451152757564397,0.0068215651865888,-0.0333044202090799,0.0779204286158807,0.0250620981658906,0.1742770135952025,-0.0103527027363035,2022-07-15,203.304916381836,-0.0134734926418464,-0.0052162609438446,0.0174252958486065,-0.0084358101297032,0.007923870916318,-0.101052078662394,-0.1311052537524792,-0.0697461969141424,0.0091251056099574,0.0154669015708409,0.1668740525875856,-0.0187426231086214,2022-07-26,35.0,,,,,10000.0,
house:20021438:0,1,house,Nancy,Pelosi,spouse,sale,False,2022-07-26,NVDA,,NVIDIA Corporation (NVDA),ST,,1000001.0,5000000.0,2022-07-27 03:59:59.999,2022-07-27 03:59:59.999,,20021438,0,https://disclosures-clerk.house.gov/public_disc/ptr-pdfs/2022/20021438.pdf,"[""20021438:0""]",member:P000197,P000197,Nancy Pelosi,legislators,"Sold 25,000 shares. Sold 25,000 shares at an average price of $165.05 for a total loss of $341,365.",P,7/26/2022,NVDA,2022-07-26,2022-07-26 23:59:59.999,0,-1.0,2022-07-26,16.46879768371582,0.0760301274218118,0.050063783301947,0.120546748335407,0.0766213926163414,0.0391945328409304,-0.015705742301983,-0.270877582245793,-0.2174704305116265,0.0712995111526657,0.0448266246686857,1.7651824511578291,1.581019995632001,2022-07-27,17.720922470092773,0.0109046873666365,-0.0016377075570461,0.0620008875382673,0.0285628169611813,-0.0319282366220504,-0.0634213555750601,-0.3143552157188344,-0.2292541664364256,-0.0226754941169645,-0.0073733248617503,1.5570291771478375,1.402659667242169,2022-08-24,29.0,,,,,25000.0,
house:20021675:0,1,house,Nancy,Pelosi,spouse,purchase,False,2022-08-24,,,"REOF XX, LLC",AB,,15001.0,50000.0,2022-09-10 03:59:59.999,2022-09-10 03:59:59.999,,20021675,0,https://disclosures-clerk.house.gov/public_disc/ptr-pdfs/2022/20021675.pdf,"[""20021675:0""]",member:P000197,P000197,Nancy Pelosi,legislators,"Additional investment in LLC which acquired five Courtyard by Marriott hotels located in Fairfax, VA (one), suburban Baltimore, MD (two) and San Antonio, TX (two).",P,9/9/2022,,2022-08-24,2022-09-09 23:59:59.999,16,1.0,,,,,,,,,,,,,,,,,,,,,,,,,,,,,,,,,,,,
house:20021837:3,1,house,Nancy,Pelosi,spouse,sale,False,2022-09-16,DIS,,Walt Disney Company (DIS),OP,,1.0,1.0,2022-10-15 03:59:59.999,2022-10-15 03:59:59.999,,20021837,3,https://disclosures-clerk.house.gov/public_disc/ptr-pdfs/2022/20021837.pdf,"[""20021837:3""]",member:P000197,P000197,Nancy Pelosi,legislators,"50 call options purchased 12/17/21 with a strike price of $130 and an expiration date of 9/16/22 expired with no value. 50 call options purchased 12/17/21 with a strike price of $130 and an expiration date of 9/16/22 expired with no value for a total loss of $132,824.",P,10/14/2022,DIS,2022-09-16,2022-10-14 23:59:59.999,28,-1.0,2022-09-16,104.95520782470705,0.0084988473607274,0.0007439903107626,-0.0808313686527332,-0.0351575506634123,-0.1274827104109135,-0.0550425768602755,-0.1255426360223742,-0.1602711372457547,-0.1356119194088054,-0.1411158396452283,-0.2094224853087832,-0.3774628672869499,2022-10-17,94.36758422851562,0.0118154753338763,6.58149859131818e-05,0.0451044017648065,0.0122545623574594,-0.0313366989658295,-0.1084861892358556,0.0254803399610055,-0.0616545916025592,0.0317475665675044,-0.0946149956071098,-0.1193876795342659,-0.3268034631348447,2022-11-08,53.0,50.0,call,130.0,2022-09-16,,
house:20021837:0,1,house,Nancy,Pelosi,spouse,purchase,False,2022-09-16,GOOG,,Alphabet Inc. - Class C Capital Stock (GOOG),ST,,1000001.0,5000000.0,2022-10-15 03:59:59.999,2022-10-15 03:59:59.999,,20021837,0,https://disclosures-clerk.house.gov/public_disc/ptr-pdfs/2022/20021837.pdf,"[""20021837:0""]",member:P000197,P000197,Nancy Pelosi,legislators,"Exercised 200 call options purchased 12/17/21 (20,000 shares) at a strike price of $100 with an expiration date of 9/16/22.",P,10/14/2022,GOOG,2022-09-16,2022-10-14 23:59:59.999,28,1.0,2022-09-16,102.6576690673828,0.0021229164539291,-0.0056319405960356,-0.0430377184248041,0.0026360995645167,-0.0622407295846634,0.0101994039659745,-0.0971727940285738,-0.1319012952519542,-0.1217794506443662,-0.1272833708807891,0.3345552830037517,0.166514901025585,2022-10-17,99.83441162109376,0.0060526555508479,-0.0056970047971152,0.0217306245021204,-0.0111192149052266,-0.0471324128638303,-0.1242819031338563,-0.0880135533265227,-0.1751484848900875,0.0529866808258547,-0.0733758813487595,0.3940264855073128,0.186610701906734,2022-10-25,39.0,200.0,call,100.0,2022-09-16,20000.0,exercise
house:20021837:1,1,house,Nancy,Pelosi,spouse,sale,False,2022-09-16,MU,,"Micron Technology, Inc. (MU)",OP,,15001.0,50000.0,2022-10-15 03:59:59.999,2022-10-15 03:59:59.999,,20021837,1,https://disclosures-clerk.house.gov/public_disc/ptr-pdfs/2022/20021837.pdf,"[""20021837:1""]",member:P000197,P000197,Nancy Pelosi,legislators,"Sold 100 call options purchased 12/21/21 with a strike price of $50 and an expiration date of 9/16/22. Sold 100 call options purchased 12/21/21 (10,000 shares) at a price of $1.84 per share for a total loss of $392,575.",P,10/14/2022,MU,2022-09-16,2022-10-14 23:59:59.999,28,-1.0,2022-09-16,51.8349494934082,-0.0141908937159618,-0.0219457507659266,-0.0520338902347849,-0.006360072245464,-0.0003550869536196,0.0720850465970183,0.0495134719990202,0.0147849707756397,0.0439200245565625,0.0384161043201396,0.3332260345191618,0.1651856525409951,2022-10-17,52.58317947387695,-0.0177570022267982,-0.0295066625747614,0.0512149090654521,0.018365069658105,0.154766360292984,0.077616870022958,0.0729032494423935,-0.0142316821211712,0.1933351300549572,0.066972567880343,0.301376450783188,0.0939606671826092,2022-09-29,13.0,100.0,call,50.0,2022-09-16,10000.0,
house:20021837:2,1,house,Nancy,Pelosi,spouse,sale,False,2022-09-16,NVDA,,NVIDIA Corporation (NVDA),OP,,100001.0,250000.0,2022-10-15 03:59:59.999,2022-10-15 03:59:59.999,,20021837,2,https://disclosures-clerk.house.gov/public_disc/ptr-pdfs/2022/20021837.pdf,"[""20021837:2""]",member:P000197,P000197,Nancy Pelosi,legislators,"Sold 50 call options purchased 7/23/21 with a strike price of $100 and an expiration date of 9/16/22. Sold 50 call options purchased 7/23/21 (5,000 shares) at a price of $26.86 per share for a total loss of $361,476.",P,10/14/2022,NVDA,2022-09-16,2022-10-14 23:59:59.999,28,-1.0,2022-09-16,13.15065574645996,0.0139415156298339,0.0061866585798691,-0.0516743872966182,-0.0060005693072973,-0.1493407066932706,-0.0769005731426326,0.3289506146070093,0.2942221133836289,0.7407771238645859,0.7352732036281631,2.328296346877057,2.160255964898891,2022-10-17,11.845355033874512,0.006645409236395,-0.0051042511115682,0.0598084415963442,0.0269586021889971,0.3707099125616759,0.2935604222916499,0.389234712382621,0.3020997808190562,1.2863870996569853,1.160024537482371,2.879811492940646,2.672395709340068,2022-11-16,61.0,50.0,call,100.0,2022-09-16,5000.0,
house:20022063:0,1,house,Nancy,Pelosi,spouse,sale,True,2022-11-08,V,,Visa Inc. (V) [ST],ST,,1000001.0,5000000.0,2022-12-01 04:59:59.999,2022-12-01 04:59:59.999,,20022063,0,https://disclosures-clerk.house.gov/public_disc/ptr-pdfs/2022/20022063.pdf,"[""20022063:0""]",member:P000197,P000197,Nancy Pelosi,legislators,"Sold 20,000 shares.",P,11/30/2022,V,2022-11-08,2022-11-30 23:59:59.999,22,-1.0,2022-11-08,195.65573120117188,-0.0367555640891701,-0.0161532615135289,0.0430139409696741,-0.0001535254793905,0.0321857822666946,0.0029710555228525,0.1396214340205579,0.0618414564006097,0.124634100043252,0.0475188431131392,0.2228163257475495,0.061014643230099,2022-12-01,210.8840484619141,0.0030417140570271,0.0041955442184978,-0.0364054201524012,-0.0090597084453566,-0.0425805236960725,0.0143538622337638,0.0082383433822965,0.034816439276913,0.0334281755569283,0.0070061433972263,0.1922506838936399,0.054284345847124,2023-01-26,79.0,,,,,20000.0,
house:20022260:10,1,house,Nancy,Pelosi,spouse,sale,False,2022-12-20,CRM,,"Salesforce, Inc. (CRM)",OP,,9.0,9.0,2023-01-13 04:59:59.999,2023-01-13 04:59:59.999,,20022260,10,https://disclosures-clerk.house.gov/public_disc/ptr-pdfs/2023/20022260.pdf,"[""20022260:10""]",member:P000197,P000197,Nancy Pelosi,legislators,"Sold 130 call options purchased 12/20/21 with a strike price of $210 and an expiration date of 1/20/23. Sold 130 call options purchased 12/20/21 (13,000 shares) at a price of $0.01 per share for a total loss of $733,691.",P,1/12/2023,CRM,2022-12-20,2023-01-12 23:59:59.999,23,-1.0,2022-12-20,126.04380798339844,0.0144024380396752,-0.0005499293400199,0.0001556824016055,0.0103518923912344,0.1775006969995547,0.137189639866895,0.4421951606016507,0.4035588648014181,0.6302061145413296,0.47698054473025,1.0579211169619125,0.7911506973214915,2023-01-13,146.70928955078125,-0.0069559863293234,-0.0051241868687709,0.0425389558115976,0.0371938589241391,0.1442712959476804,0.1083112620142277,0.2729583951308096,0.245085416593574,0.4233831596070201,0.3117711327255337,0.8188079968881115,0.6044417754146847,2023-03-01,71.0,130.0,call,210.0,2023-01-20,13000.0,
house:20022260:2,1,house,Nancy,Pelosi,spouse,sale,True,2022-12-20,GOOGL,,Alphabet Inc. - Class A (GOOGL),ST,,500001.0,1000000.0,2023-01-13 04:59:59.999,2023-01-13 04:59:59.999,,20022260,2,https://disclosures-clerk.house.gov/public_disc/ptr-pdfs/2023/20022260.pdf,"[""20022260:2""]",member:P000197,P000197,Nancy Pelosi,legislators,"Sold 10,000 shares.",P,1/12/2023,GOOGL,2022-12-20,2023-01-12 23:59:59.999,23,-1.0,2022-12-20,88.1808853149414,0.0062908562823558,-0.0086615110973393,-0.0337002494799076,-0.0235040394902787,0.10110100799919,0.0607899508665303,0.1370479177058057,0.098411621905573,0.3892384914576816,0.236012921646602,0.5350483580917016,0.2682779384512805,2023-01-13,91.25167846679688,-0.0090100446969785,-0.0071782452364259,0.0832607892285799,0.0779156923411215,0.0270298832661401,-0.0089301506673125,0.1359096662859704,0.1080366877487348,0.2641119882547109,0.1524999613732245,0.54852356164521,0.3341573401717832,2023-02-02,44.0,,,,,10000.0,
house:20022260:11,1,house,Nancy,Pelosi,spouse,sale,True,2022-12-20,TSLA,,"Tesla, Inc. (TSLA)",ST,,500001.0,1000000.0,2023-01-13 04:59:59.999,2023-01-13 04:59:59.999,,20022260,11,https://disclosures-clerk.house.gov/public_disc/ptr-pdfs/2023/20022260.pdf,"[""20022260:11""]",member:P000197,P000197,Nancy Pelosi,legislators,"Sold 5,000 shares. Sold 5,000 shares at an average price of $140.38 for a total loss of $511,197.",P,1/12/2023,TSLA,2022-12-20,2023-01-12 23:59:59.999,23,-1.0,2022-12-20,137.8000030517578,-0.0016690545895901,-0.0166214219692852,-0.1820754964559857,-0.1718792864663568,-0.0317852306662675,-0.0720962877989273,0.329825805092117,0.2911895092918843,0.863497843671827,0.7102722738607474,0.8666182548928614,0.5998478352524403,2023-01-13,122.4000015258789,0.0742647373690046,0.0760965368295572,0.1744280899343542,0.1690829930468957,0.5901960536209299,0.5542360196874772,0.4749999267603066,0.4471269482230711,1.2026959312950591,1.0910839044135727,0.7883169661837688,0.573950744710342,2023-01-25,36.0,,,,,5000.0,
house:20022260:12,1,house,Nancy,Pelosi,spouse,sale,True,2022-12-21,DIS,,Walt Disney Company (DIS),ST,,500001.0,1000000.0,2023-01-13 04:59:59.999,2023-01-13 04:59:59.999,,20022260,12,https://disclosures-clerk.house.gov/public_disc/ptr-pdfs/2023/20022260.pdf,"[""20022260:12""]",member:P000197,P000197,Nancy Pelosi,legislators,"Sold 10,000 shares. Sold 10,000 shares at an average price of $87.58 for a total loss of $114,138.",P,1/12/2023,DIS,2022-12-21,2023-01-12 23:59:59.999,22,-1.0,2022-12-21,84.27442169189453,-0.0028760593071692,0.0113900538672544,0.0029913044674836,0.0102150293600464,0.2159458925330279,0.1786624557892271,0.1106766357502437,0.073904569905421,0.0692591727859914,-0.0810636585702149,0.0534683225636896,-0.1773448516032079,2023-01-13,96.37458801269533,0.0051307749123061,0.0069625743728587,0.0632796364157406,0.0579345395282822,0.0830984934305782,0.0471384594971255,-0.0146881612664967,-0.0425611398037323,-0.1136822247607467,-0.2252942516422331,-0.0880840024667491,-0.3024502239401759,2023-02-08,49.0,,,,,10000.0,
house:20022260:3,1,house,Nancy,Pelosi,spouse,sale,True,2022-12-21,GOOGL,,Alphabet Inc. - Class A (GOOGL),ST,,500001.0,1000000.0,2023-01-13 04:59:59.999,2023-01-13 04:59:59.999,,20022260,3,https://disclosures-clerk.house.gov/public_disc/ptr-pdfs/2023/20022260.pdf,"[""20022260:3""]",member:P000197,P000197,Nancy Pelosi,legislators,"Sold 10,000 shares.",P,1/12/2023,GOOGL,2022-12-21,2023-01-12 23:59:59.999,22,-1.0,2022-12-21,88.7356185913086,-0.0203169957582289,-0.0060508825838052,-0.0126144003549211,-0.0053906754623582,0.1139761778147678,0.076692741070967,0.1712435693125682,0.1344715034677455,0.3964053924272328,0.2460825610710264,0.5443181461564619,0.3135049719895644,2023-01-13,91.25167846679688,-0.0090100446969785,-0.0071782452364259,0.0832607892285799,0.0779156923411215,0.0270298832661401,-0.0089301506673125,0.1359096662859704,0.1080366877487348,0.2641119882547109,0.1524999613732245,0.54852356164521,0.3341573401717832,2023-02-02,43.0,,,,,10000.0,
house:20022260:6,1,house,Nancy,Pelosi,spouse,sale,True,2022-12-21,PYPL,,"PayPal Holdings, Inc. (PYPL)",ST,,250001.0,500000.0,2023-01-13 04:59:59.999,2023-01-13 04:59:59.999,,20022260,6,https://disclosures-clerk.house.gov/public_disc/ptr-pdfs/2023/20022260.pdf,"[""20022260:6""]",member:P000197,P000197,Nancy Pelosi,legislators,"Sold 5,000 shares. Sold 5,000 shares at an average price of $69.10 for a total loss of $424,313.",P,1/12/2023,PYPL,2022-12-21,2023-01-12 23:59:59.999,22,-1.0,2022-12-21,68.44668579101562,-0.0092472293200515,0.0050188838543722,0.0195058900217177,0.0267296149142806,0.148678072337073,0.1113946355932722,0.1085105140265045,0.0717384481816818,-0.0485478145992996,-0.198870645955506,-0.1079322904986087,-0.3387454646655062,2023-01-13,78.60342407226562,0.0088072961011804,0.010639095561733,0.0002516814025981,-0.0050934154848603,-0.0003774735729674,-0.0363375075064201,-0.0752389565927715,-0.1031119351300071,-0.1283343175405922,-0.2399463444220786,-0.2325112970298682,-0.446877518503295,2023-02-09,50.0,,,,,5000.0,
house:20022260:8,1,house,Nancy,Pelosi,spouse,purchase,False,2022-12-27,,,"REOF XX, LLC",AB,,15001.0,50000.0,2023-01-13 04:59:59.999,2023-01-13 04:59:59.999,,20022260,8,https://disclosures-clerk.house.gov/public_disc/ptr-pdfs/2023/20022260.pdf,"[""20022260:8""]",member:P000197,P000197,Nancy Pelosi,legislators,"Additional investment in LLC which acquired five Courtyard by Marriott hotels located in Fairfax, VA (one), suburban Baltimore, MD (two) and San Antonio, TX (two).",P,1/12/2023,,2022-12-27,2023-01-12 23:59:59.999,16,1.0,,,,,,,,,,,,,,,,,,,,,,,,,,,,,,,,,,,,
house:20022260:0,1,house,Nancy,Pelosi,spouse,sale,True,2022-12-28,AB,,Alliance Bernstein Holding L.P. Units,OL,,500001.0,1000000.0,2023-01-13 04:59:59.999,2023-01-13 04:59:59.999,,20022260,0,https://disclosures-clerk.house.gov/public_disc/ptr-pdfs/2023/20022260.pdf,"[""20022260:0""]",member:P000197,P000197,Nancy Pelosi,legislators,"Sold 20,000 shares. Sold 20,000 shares at an average price of $32.95 for a total loss of $11,510.",P,1/12/2023,AB,2022-12-28,2023-01-12 23:59:59.999,15,-1.0,2022-12-28,24.00923156738281,0.0371265655694519,0.0191261892644358,0.0721400453393108,0.0649186416536453,0.1427710047036199,0.0657252284301184,0.0705635922919358,0.0138991072882854,0.0039239730811346,-0.1637170234391056,0.0235126971042962,-0.260808422738658,2023-01-13,28.284948348999023,-0.0158852052525988,-0.0140534057920462,-0.0243401327047736,-0.029685229592232,0.0348451686605695,-0.0011148652728831,-0.108473882964982,-0.1363468615022176,-0.1574099904790862,-0.2690220173605726,-0.0796290680597316,-0.2939952895331584,2023-02-08,42.0,,,,,20000.0,
house:20022260:1,1,house,Nancy,Pelosi,spouse,sale,True,2022-12-28,GOOGL,,Alphabet Inc. - Class A (GOOGL),ST,,500001.0,1000000.0,2023-01-13 04:59:59.999,2023-01-13 04:59:59.999,,20022260,1,https://disclosures-clerk.house.gov/public_disc/ptr-pdfs/2023/20022260.pdf,"[""20022260:1""]",member:P000197,P000197,Nancy Pelosi,legislators,"Sold 10,000 shares.",P,1/12/2023,GOOGL,2022-12-28,2023-01-12 23:59:59.999,15,-1.0,2022-12-28,85.20916748046875,0.0282493605249605,0.0102489842199444,0.002092575069821,-0.0051288286158444,0.1551967061752766,0.078150929901775,0.1911184241157479,0.1344539391120975,0.4316440400066759,0.2640030434864355,0.6318298118929822,0.3475086920500279,2023-01-13,91.25167846679688,-0.0090100446969785,-0.0071782452364259,0.0832607892285799,0.0779156923411215,0.0270298832661401,-0.0089301506673125,0.1359096662859704,0.1080366877487348,0.2641119882547109,0.1524999613732245,0.54852356164521,0.3341573401717832,2023-02-02,36.0,,,,,10000.0,
house:20022260:7,1,house,Nancy,Pelosi,spouse,sale,True,2022-12-28,PYPL,,"PayPal Holdings, Inc. (PYPL)",ST,,250001.0,500000.0,2023-01-13 04:59:59.999,2023-01-13 04:59:59.999,,20022260,7,https://disclosures-clerk.house.gov/public_disc/ptr-pdfs/2023/20022260.pdf,"[""20022260:7""]",member:P000197,P000197,Nancy Pelosi,legislators,"Sold 5,000 shares. Sold 5,000 shares at an average price of $67.77 for a total loss of $429,938.",P,1/12/2023,PYPL,2022-12-28,2023-01-12 23:59:59.999,15,-1.0,2022-12-28,66.80500030517578,0.0445595239522786,0.0265591476472626,0.1290895147645714,0.1218681110789059,0.2113990382885853,0.1343532620150838,0.0851221382632891,0.0284576532596387,0.0150998171023832,-0.152541179417857,-0.0720947801374216,-0.3564158999803759,2023-01-13,78.60342407226562,0.0088072961011804,0.010639095561733,0.0002516814025981,-0.0050934154848603,-0.0003774735729674,-0.0363375075064201,-0.0752389565927715,-0.1031119351300071,-0.1283343175405922,-0.2399463444220786,-0.2325112970298682,-0.446877518503295,2023-02-09,43.0,,,,,5000.0,
house:20022260:9,1,house,Nancy,Pelosi,spouse,sale,True,2022-12-28,RBLX,,Roblox Corporation Class A (RBLX),ST,,100001.0,250000.0,2023-01-13 04:59:59.999,2023-01-13 04:59:59.999,,20022260,9,https://disclosures-clerk.house.gov/public_disc/ptr-pdfs/2023/20022260.pdf,"[""20022260:9""]",member:P000197,P000197,Nancy Pelosi,legislators,"Sold 5,000 shares. Sold 5,000 shares at an average price of $26.05 for a total loss of $235,836.",P,1/12/2023,RBLX,2022-12-28,2023-01-12 23:59:59.999,15,-1.0,2022-12-28,26.15999984741211,0.0355504705886984,0.0175500942836823,0.146024454017805,0.1388030503321395,0.4430428218727393,0.3659970455992378,0.6158257149969077,0.5591612299932573,0.4961773554261079,0.3285363589058676,0.7909020927901784,0.5065809729472242,2023-01-13,33.209999084472656,0.1177356204517401,0.1195674199122927,0.099367640109435,0.0940225432219765,0.03673596068461,0.0007759267511573,0.3610358930745265,0.3331629145372909,0.253538157656239,0.1419261307747525,0.2321589670888448,0.0177927456154181,2023-02-15,49.0,,,,,5000.0,
house:20022260:4,1,house,Nancy,Pelosi,spouse,sale,True,2022-12-29,NFLX,,"Netflix, Inc. (NFLX)",ST,,250001.0,500000.0,2023-01-13 04:59:59.999,2023-01-13 04:59:59.999,,20022260,4,https://disclosures-clerk.house.gov/public_disc/ptr-pdfs/2023/20022260.pdf,"[""20022260:4""]",member:P000197,P000197,Nancy Pelosi,legislators,"Sold 1,000 shares. Sold 1,000 shares at an average price of $290.04 for a total loss of $66,385.",P,1/12/2023,NFLX,2022-12-29,2023-01-12 23:59:59.999,14,-1.0,2022-12-29,29.11199951171875,0.0129156830289471,0.0155497187050399,0.083917313631227,0.0718163699944336,0.21293629486908,0.1682094228488189,0.1112943711462541,0.0756438952558538,0.4565128173410961,0.3181893547227576,0.6849065509223831,0.4228184574612199,2023-01-13,33.28200149536133,-0.0198305335544226,-0.01799873409387,0.0739137964649006,0.0685686995774421,0.0773690533185353,0.0414090193850826,-0.0053783079877913,-0.0332512865250269,0.3271738311916876,0.2155618043102012,0.4787572078599587,0.2643909863865319,2023-01-19,21.0,,,,,1000.0,
house:20022260:5,1,house,Nancy,Pelosi,spouse,sale,True,2022-12-30,NFLX,,"Netflix, Inc. (NFLX)",ST,,250001.0,500000.0,2023-01-13 04:59:59.999,2023-01-13 04:59:59.999,,20022260,5,https://disclosures-clerk.house.gov/public_disc/ptr-pdfs/2023/20022260.pdf,"[""20022260:5""]",member:P000197,P000197,Nancy Pelosi,legislators,"Sold 1,000 shares. Sold 1,000 shares at an average price of $292.89 for a total loss of $63,535.",P,1/12/2023,NFLX,2022-12-30,2023-01-12 23:59:59.999,13,-1.0,2022-12-30,29.488000869750977,0.0002373836569438,0.0044472256968837,0.0688076257721033,0.054608831440611,0.2000135832610239,0.1371262284739693,0.1259833876717675,0.0725050327721861,0.4105398990504978,0.2738733453289761,0.651112258860733,0.3893543555242078,2023-01-13,33.28200149536133,-0.0198305335544226,-0.01799873409387,0.0739137964649006,0.0685686995774421,0.0773690533185353,0.0414090193850826,-0.0053783079877913,-0.0332512865250269,0.3271738311916876,0.2155618043102012,0.4787572078599587,0.2643909863865319,2023-01-19,20.0,,,,,1000.0,
house:20022320:0,1,house,Nancy,Pelosi,spouse,sale,False,2023-01-20,RBLX,,Roblox Corporation Class A (RBLX),OP,,1.0,1.0,2023-01-26 04:59:59.999,2023-01-26 04:59:59.999,,20022320,0,https://disclosures-clerk.house.gov/public_disc/ptr-pdfs/2023/20022320.pdf,"[""20022320:0""]",member:P000197,P000197,Nancy Pelosi,legislators,"100 call options purchased 12/20/21 with a strike price of $100 and an expiration date of 1/20/23 expired with no value. 100 call options purchased 12/20/21 with a strike price of $100 and an expiration date of 1/20/23 expired with no value for a total loss of $303,001.",P,1/25/2023,RBLX,2023-01-20,2023-01-25 23:59:59.999,5,-1.0,2023-01-20,35.380001068115234,0.0319388699633571,0.0199403215016968,0.0669869660920001,0.0422319333919771,0.1554550546624107,0.126709018913834,0.1534765444105468,0.1031814683260148,0.2153758819061193,0.0719234028144137,0.0935556093461158,-0.1435928613661077,2023-01-26,35.970001220703125,0.0494856468971252,0.0471878372311471,0.1253822120789198,0.0956602479970967,0.0275228754565546,0.0482022929063116,0.0859049220940639,0.0625451746475986,0.1409507790593596,0.0153376319328233,0.1487350095234862,-0.0753475187438097,2023-02-15,26.0,100.0,call,100.0,2023-01-20,,
house:20022664:1,1,house,Nancy,Pelosi,spouse,purchase,False,2023-03-09,,,"REOF XXV, LLC",AB,,500001.0,1000000.0,2023-04-07 03:59:59.999,2023-04-07 03:59:59.999,,20022664,1,https://disclosures-clerk.house.gov/public_disc/ptr-pdfs/2023/20022664.pdf,"[""20022664:1""]",member:P000197,P000197,Nancy Pelosi,legislators,"Investment in LLC which is acquiring and restoring a luxury hotel property in San Francisco, CA.",P,4/6/2023,,2023-03-09,2023-04-06 23:59:59.999,28,1.0,,,,,,,,,,,,,,,,,,,,,,,,,,,,,,,,,,,,
house:20022664:0,1,house,Nancy,Pelosi,spouse,purchase,False,2023-03-17,AAPL,,Apple Inc. (AAPL),ST,,500001.0,1000000.0,2023-04-07 03:59:59.999,2023-04-07 03:59:59.999,,20022664,0,https://disclosures-clerk.house.gov/public_disc/ptr-pdfs/2023/20022664.pdf,"[""20022664:0""]",member:P000197,P000197,Nancy Pelosi,legislators,"Exercised 100 call options purchased 5/13/22 (10,000 shares) at a strike price of $80 with an expiration date of 3/17/23.",P,4/6/2023,AAPL,2023-03-17,2023-04-06 23:59:59.999,20,1.0,2023-03-17,152.51437377929688,0.0154839601720109,0.0058682580695725,0.0338709190087784,0.0191011195039274,0.0660002989440311,0.0045882186282812,0.184280986579334,0.0646111698459379,0.1526928674235246,0.0060610316223466,0.1196219338477277,-0.2065993395150127,2023-04-10,159.431640625,-0.0075908416432884,-0.0078593796774094,0.0197497021585466,0.0091785946722104,0.0707894100135981,0.0631479427609982,0.1854306144262456,0.1080810778197103,0.0595466608068211,0.0083482621681401,0.04517159955408,-0.2395420576631499,2023-05-04,48.0,100.0,call,80.0,2023-03-17,10000.0,exercise
house:20023080:0,1,house,Nancy,Pelosi,spouse,sale,True,2023-05-08,AAPL,,Apple Inc. (AAPL),ST,,500001.0,1000000.0,2023-06-07 03:59:59.999,2023-06-07 03:59:59.999,,20023080,0,https://disclosures-clerk.house.gov/public_disc/ptr-pdfs/2023/20023080.pdf,"[""20023080:0""]",member:P000197,P000197,Nancy Pelosi,legislators,"Contribution of 2,900 shares held personally to Trinity College.",P,6/6/2023,AAPL,2023-05-08,2023-06-06 23:59:59.999,29,-1.0,2023-05-08,170.71771240234375,-0.0099711695117586,-0.0055858247659904,-0.0068700329169525,-0.0075242012185251,0.0343395283369305,-0.0027055028605882,0.1033685980066778,0.0118649630905085,-0.0277800917327216,-0.0300077853929111,0.0529103276715126,-0.2167765202404195,2023-06-07,175.21046447753906,0.0154652350736457,0.0094166070816033,0.0344731368602893,0.0095522305957904,0.0723201632244563,0.0403683788881656,0.0668983042419077,0.0052033598072231,0.0736041066682411,-0.0006675991717344,0.1073568487535872,-0.1642706054985543,2023-08-03,87.0,,,,,2900.0,gift
house:20023192:0,1,house,Nancy,Pelosi,spouse,purchase,False,2023-06-15,AAPL,,Apple Inc. (AAPL) [ST],ST,,250001.0,500000.0,2023-06-23 03:59:59.999,2023-06-23 03:59:59.999,,20023192,0,https://disclosures-clerk.house.gov/public_disc/ptr-pdfs/2023/20023192.pdf,"[""20023192:0""]",member:P000197,P000197,Nancy Pelosi,legislators,"Exercised 50 call options purchased 5/24/22 (5,000 shares) at a strike price of $80 with an expiration date of 6/16/23.",P,6/22/2023,AAPL,2023-06-15,2023-06-22 23:59:59.999,7,1.0,2023-06-15,183.2802581787109,-0.0058597397234556,-0.0024536695774368,0.0036019782782352,0.0211816556690862,0.042900880867472,0.0204999762500386,-0.0509216410501475,-0.0623239860297389,0.0366832327973587,0.0017547565256708,0.1578828709760806,-0.0854640147673586,2023-06-23,183.9404296875,-0.0075529751002096,-0.0034672039605699,0.039050761859255,0.015805818933823,0.0325153964588145,-0.0159367414936144,-0.0394695189933901,-0.0650035727794319,0.0632553058055267,-0.0266539434250467,0.1173770108306124,-0.1571233585439753,2023-08-03,49.0,50.0,call,80.0,2023-06-16,5000.0,exercise
house:20023192:1,1,house,Nancy,Pelosi,spouse,purchase,False,2023-06-15,MSFT,,Microsoft Corporation (MSFT) [ST],ST,,500001.0,1000000.0,2023-06-23 03:59:59.999,2023-06-23 03:59:59.999,,20023192,1,https://disclosures-clerk.house.gov/public_disc/ptr-pdfs/2023/20023192.pdf,"[""20023192:1""]",member:P000197,P000197,Nancy Pelosi,legislators,"Exercised 50 call options purchased 5/24/22 (5,000 shares) at a strike price of $180 with an expiration date of 6/16/23.",P,6/22/2023,MSFT,2023-06-15,2023-06-22 23:59:59.999,7,1.0,2023-06-15,339.4149169921875,-0.016575783307025,-0.0131697131610062,-0.0375754319297303,-0.0199957545388793,-0.0068085195147469,-0.0292094241321803,-0.0448941138728575,-0.056296458852449,0.0638636325219286,0.0289351562502406,0.2784669556088555,0.0351200698654161,2023-06-23,326.6612548828125,-0.0191631455649065,-0.0150773744252667,0.0164765888306055,-0.0067683540948264,0.0301176117120682,-0.0183345262403606,-0.0169370693446845,-0.0424711231307263,0.1220944137332871,0.0321851645027135,0.3530489807769705,0.0785486114023827,2023-07-25,40.0,50.0,call,180.0,2023-06-16,5000.0,exercise
house:20024186:0,1,house,Nancy,Pelosi,spouse,purchase,False,2023-11-22,NVDA,,NVIDIA Corporation (NVDA),OP,,1000001.0,5000000.0,2023-12-22 04:59:59.999,2023-12-22 04:59:59.999,,20024186,0,https://disclosures-clerk.house.gov/public_disc/ptr-pdfs/2023/20024186.pdf,"[""20024186:0""]",member:P000197,P000197,Nancy Pelosi,legislators,Purchased 50 call options with a strike price of $120 and an expiration date of 12/20/24.,P,12/21/2023,NVDA,2023-11-22,2023-12-21 23:59:59.999,29,1.0,2023-11-22,48.57093811035156,-0.0192955394743249,-0.0199108673415698,-0.0399457140658059,-0.0429786100443796,0.0057129819722319,-0.0373543356475229,0.3851290154862565,0.2879774521932343,0.9371813096795778,0.7669406461046648,1.9956103162124248,1.680316539577832,2023-12-22,48.68887710571289,0.009195207238267,0.0049727669155521,-0.0135571779426907,-0.0114458912421999,0.2566455729178296,0.2318592799792951,0.8726045064295467,0.7666771338935741,1.6827133660939473,1.5240521334565025,1.759332493281426,1.4952497185995663,2024-02-21,91.0,50.0,call,120.0,2024-12-20,,
house:20024542:0,1,house,Nancy,Pelosi,spouse,purchase,False,2024-02-12,PANW,,"Palo Alto Networks, Inc. (PANW)",OP,,500001.0,1000000.0,2024-02-24 04:59:59.999,2024-02-24 04:59:59.999,,20024542,0,https://disclosures-clerk.house.gov/public_disc/ptr-pdfs/2024/20024542.pdf,"[""20024542:0""]",member:P000197,P000197,Nancy Pelosi,legislators,Purchased 50 call options with a strike price of $200 and an expiration date of 1/17/25.,P,2/23/2024,PANW,2024-02-12,2024-02-23 23:59:59.999,11,1.0,2024-02-12,185.9850006103516,-0.0099738996233647,0.0037991943529512,-0.0158077395045728,-0.0073843201617477,-0.2345350161251643,-0.2660732976464605,-0.1853912714164325,-0.2209554287599522,-0.2091297908154864,-0.248416538609889,0.0511062980972643,-0.1726440730671603,2024-02-26,151.38999938964844,0.0395336589899002,0.0376758442588813,-0.0110310996477849,-0.0235018219525988,-0.0584912858394828,-0.0889167937410035,0.0293282413587872,-0.0240740753443418,0.103474425981165,0.0010293382433776,0.2418917713509909,0.0524164690068569,2024-02-20,8.0,50.0,call,200.0,2025-01-17,,
house:20024542:1,1,house,Nancy,Pelosi,spouse,purchase,False,2024-02-21,PANW,,"Palo Alto Networks, Inc. (PANW)",OP,,100001.0,250000.0,2024-02-24 04:59:59.999,2024-02-24 04:59:59.999,,20024542,1,https://disclosures-clerk.house.gov/public_disc/ptr-pdfs/2024/20024542.pdf,"[""20024542:1""]",member:P000197,P000197,Nancy Pelosi,legislators,Purchased 20 call options with a strike price of $200 and an expiration date of 1/17/25.,P,2/23/2024,PANW,2024-02-21,2024-02-23 23:59:59.999,2,1.0,2024-02-21,130.98500061035156,0.0223308244312567,0.0016353508411246,0.2068175456094911,0.188615876016494,0.0766499464774546,0.0265963217365456,0.2092224197549157,0.1426052788536904,0.2720159156910116,0.1749377668221385,0.5178073568133577,0.2744502959055401,2024-02-26,151.38999938964844,0.0395336589899002,0.0376758442588813,-0.0110310996477849,-0.0235018219525988,-0.0584912858394828,-0.0889167937410035,0.0293282413587872,-0.0240740753443418,0.103474425981165,0.0010293382433776,0.2418917713509909,0.0524164690068569,2024-05-20,89.0,20.0,call,200.0,2025-01-17,,
house:20024625:0,1,house,Nancy,Pelosi,spouse,purchase,False,2024-03-04,,,"Forge Investments, LLC",AB,,1000001.0,5000000.0,2024-03-22 03:59:59.999,2024-03-22 03:59:59.999,,20024625,0,https://disclosures-clerk.house.gov/public_disc/ptr-pdfs/2024/20024625.pdf,"[""20024625:0""]",member:P000197,P000197,Nancy Pelosi,legislators,Investment in fund that owns Databricks stock. Databricks is a San Francisco engineering and analytic software company based on AI technology.,P,3/21/2024,,2024-03-04,2024-03-21 23:59:59.999,17,1.0,,,,,,,,,,,,,,,,,,,,,,,,,,,,,,,,,,,,
house:20025368:0,1,house,Nancy,Pelosi,spouse,purchase,False,2024-06-24,AVGO,,Broadcom Inc. - Common Stock (AVGO),OP,,1000001.0,5000000.0,2024-07-03 03:59:59.999,2024-07-03 03:59:59.999,,20025368,0,https://disclosures-clerk.house.gov/public_disc/ptr-pdfs/2024/20025368.pdf,"[""20025368:0""]",member:P000197,P000197,Nancy Pelosi,legislators,Purchased 20 call options with a strike price of $800 and an expiration date of 6/20/25.,P,7/2/2024,AVGO,2024-06-24,2024-07-02 23:59:59.999,8,1.0,2024-06-24,155.99777221679688,-0.0071722223472069,-0.0110230754194128,0.030517427057545,0.0257267110202215,0.0285703386423592,0.0082290682139865,0.0153811768411311,-0.019000219873249,0.1383812932399664,0.0214862985757429,0.6755074353424033,0.543588597310313,2024-07-03,169.42140197753906,-0.0149836069796448,-0.0207500995800887,-0.0134568400590063,-0.0225598795696461,-0.1497900470323828,-0.1344669871499071,0.0019431333360533,-0.0375208247790157,0.3517010094656487,0.2663607807231871,0.6094888311938151,0.4613933298076762,2024-09-05,73.0,20.0,call,800.0,2025-06-20,,
house:20025368:2,1,house,Nancy,Pelosi,spouse,sale,False,2024-06-24,TSLA,,"Tesla, Inc. - Common Stock (TSLA)",ST,,250001.0,500000.0,2024-07-03 03:59:59.999,2024-07-03 03:59:59.999,,20025368,2,https://disclosures-clerk.house.gov/public_disc/ptr-pdfs/2024/20025368.pdf,"[""20025368:2""]",member:P000197,P000197,Nancy Pelosi,legislators,"Sold 2,500 shares.",P,7/2/2024,TSLA,2024-06-24,2024-07-02 23:59:59.999,8,-1.0,2024-06-24,182.5800018310547,0.0261255571509673,0.0222747040787614,0.1494139473420515,0.1446232313047279,0.3494358769411854,0.3290946065128126,0.2443859933711434,0.2100045966567632,1.2899550986443344,1.173060103980111,0.8647715949512782,0.7328527569191878,2024-07-03,246.38999938964844,0.0208206700577151,0.0150541774572712,-0.0217541321629499,-0.0308571716735897,-0.1198506386316323,-0.1045275787491566,0.0571045582218578,0.0176406001067888,0.7476358909460121,0.6622956622035505,0.2798815166390409,0.131786015252902,2024-07-24,30.0,,,,,2500.0,
house:20025368:1,1,house,Nancy,Pelosi,spouse,purchase,False,2024-06-26,NVDA,,NVIDIA Corporation - Common Stock (NVDA),ST,,1000001.0,5000000.0,2024-07-03 03:59:59.999,2024-07-03 03:59:59.999,,20025368,1,https://disclosures-clerk.house.gov/public_disc/ptr-pdfs/2024/20025368.pdf,"[""20025368:1""]",member:P000197,P000197,Nancy Pelosi,legislators,"Purchased 10,000 shares.",P,7/2/2024,NVDA,2024-06-26,2024-07-02 23:59:59.999,6,1.0,2024-06-26,126.05096435546876,-0.0190665614639415,-0.0206429191075596,0.0148733620986443,0.003966193477634,-0.1117087945636757,-0.0986931944902831,-0.0821999991284216,-0.1270808956578628,0.0444650179956702,-0.0712819325692304,0.2268115391152221,0.0911938018825249,2024-07-03,127.92576599121094,-0.0190986889746024,-0.0248651815750463,-0.0068599431065575,-0.0159629826171973,-0.1486591370942549,-0.1333360772117792,-0.0535517369747617,-0.0930156950898308,0.0889583566671832,0.0036181279247216,0.242519003743316,0.0944235023571771,2024-08-28,63.0,,,,,10000.0,
house:20025368:3,1,house,Nancy,Pelosi,spouse,sale,True,2024-07-01,V,,Visa Inc. (V),ST,,500001.0,1000000.0,2024-07-03 03:59:59.999,2024-07-03 03:59:59.999,,20025368,3,https://disclosures-clerk.house.gov/public_disc/ptr-pdfs/2024/20025368.pdf,"[""20025368:3""]",member:P000197,P000197,Nancy Pelosi,legislators,"Sold 2,000 shares.",P,7/2/2024,V,2024-07-01,2024-07-02 23:59:59.999,1,-1.0,2024-07-01,258.8112487792969,0.0189561578859924,0.0122264394710649,0.0083573023869298,-0.0108599470461154,-0.0005315582024983,0.0055932171835447,0.0263284032135453,-0.0221704088951928,0.2008482291671456,0.122809544743079,0.3601812674786018,0.2134786204652137,2024-07-03,264.4645080566406,0.0050930230223427,-0.0006734695781012,-0.0239414546987395,-0.0330444942093792,-0.0113759874396101,0.0039470724428656,0.0250263876889531,-0.0144375704261159,0.18391183540498,0.0985716066625184,0.3437999402952214,0.1957044389090825,2024-07-23,22.0,,,,,2000.0,
house:20025535:0,1,house,Nancy,Pelosi,spouse,sale,True,2024-07-26,MSFT,,Microsoft Corporation - Common Stock (MSFT),ST,,1000001.0,5000000.0,2024-07-31 03:59:59.999,2024-07-31 03:59:59.999,,20025535,0,https://disclosures-clerk.house.gov/public_disc/ptr-pdfs/2024/20025535.pdf,"[""20025535:0""]",member:P000197,P000197,Nancy Pelosi,legislators,"Sold 5,000 shares.",P,7/30/2024,MSFT,2024-07-26,2024-07-30 23:59:59.999,4,-1.0,2024-07-26,417.9032287597656,0.0034330732190568,0.0028451920612462,-0.0394572659718196,-0.0182612165792181,-0.0181737017331791,-0.0506659278389449,-0.0134858319276539,-0.0887563636770903,0.0126828439008364,-0.0919944007151327,0.2143564707463998,0.0298856909134155,2024-07-31,411.1031494140625,-0.002963990572954,0.0111970208697063,-0.0476157424659795,0.0107528443348765,-0.0167562564638719,-0.0303544936123427,0.017080285186847,-0.0377601309454551,0.0718559118131147,-0.042282879767536,0.2850253150687534,0.1231860290336297,2024-07-30,4.0,,,,,5000.0,
house:20025535:1,1,house,Nancy,Pelosi,spouse,purchase,False,2024-07-26,NVDA,,NVIDIA Corporation - Common Stock (NVDA),ST,,1000001.0,5000000.0,2024-07-31 03:59:59.999,2024-07-31 03:59:59.999,,20025535,1,https://disclosures-clerk.house.gov/public_disc/ptr-pdfs/2024/20025535.pdf,"[""20025535:1""]",member:P000197,P000197,Nancy Pelosi,legislators,"Purchased 10,000 shares.",P,7/30/2024,NVDA,2024-07-26,2024-07-30 23:59:59.999,4,1.0,2024-07-26,112.74781036376952,-0.0130020264471415,-0.0135899076049521,-0.0512119266364827,-0.0300158772438813,0.1442595286898211,0.1117673025840553,0.2712037510147629,0.1959332192653264,0.2182139210090945,0.1135366763931253,0.5638229347910597,0.3793521549580754,2024-07-31,116.69685363769533,-0.0667406308574507,-0.0525796194147903,-0.154759739508319,-0.0963911527074629,0.0734064301773897,0.0598081930289189,0.1999833940149153,0.1451429778826132,0.2582700093948034,0.1441312178141525,0.5204769448125584,0.3586376587774347,2024-08-28,33.0,,,,,10000.0,
house:20025819:0,1,house,Nancy,Pelosi,spouse,purchase,False,2024-08-13,,,"REOF XXVI, LLC",AB,,250001.0,500000.0,2024-09-12 03:59:59.999,2024-09-12 03:59:59.999,,20025819,0,https://disclosures-clerk.house.gov/public_disc/ptr-pdfs/2024/20025819.pdf,"[""20025819:0""]",member:P000197,P000197,Nancy Pelosi,legislators,"Investment in LLC which is acquiring and managing a commercial office property at 631 Howard Street in San Francisco, CA.",P,9/11/2024,,2024-08-13,2024-09-11 23:59:59.999,29,1.0,,,,,,,,,,,,,,,,,,,,,,,,,,,,,,,,,,,,
house:20026590:4,1,house,Nancy,Pelosi,spouse,purchase,False,2024-12-20,NVDA,,NVIDIA Corporation - Common Stock (NVDA),ST,,500001.0,1000000.0,2025-01-18 04:59:59.999,2025-01-18 04:59:59.999,,20026590,4,https://disclosures-clerk.house.gov/public_disc/ptr-pdfs/2025/20026590.pdf,"[""20026590:4""]",member:P000197,P000197,Nancy Pelosi,legislators,"Exercised 500 call options purchased 11/22/23 (50,000 shares) at a strike price of $12 with an expiration date of 12/20/24.",P,1/17/2025,NVDA,2024-12-20,2025-01-17 23:59:59.999,28,1.0,2024-12-20,134.3488006591797,0.0368967287067574,0.0309083882946292,0.0207127275337453,0.0256691472553267,0.0929472418257419,0.0614831356530833,-0.1261261194752837,-0.0830347453300239,0.0701057607639026,0.0562725280749458,0.3640700068361349,0.1919949682417536,2025-01-21,140.4628143310547,0.044308914871546,0.0386874523439209,-0.0840729830443552,-0.0865106494851878,-0.0113613020051011,-0.0277446784842669,-0.2579734157373994,-0.1322645022745064,0.2122954088433806,0.1744770589044486,0.2647782473949176,0.1279953458381073,2025-02-26,68.0,500.0,call,12.0,2024-12-20,50000.0,exercise
house:20026590:6,1,house,Nancy,Pelosi,spouse,purchase,False,2024-12-20,PANW,,"Palo Alto Networks, Inc. (PANW)",ST,,1000001.0,5000000.0,2025-01-18 04:59:59.999,2025-01-18 04:59:59.999,,20026590,6,https://disclosures-clerk.house.gov/public_disc/ptr-pdfs/2025/20026590.pdf,"[""20026590:6""]",member:P000197,P000197,Nancy Pelosi,legislators,"Exercised 140 call options purchased 2/12/24 & 2/21/24 (14,000 shares) at a strike price of $100 with an expiration date of 12/20/24.",P,1/17/2025,PANW,2024-12-20,2025-01-17 23:59:59.999,28,1.0,2024-12-20,186.77999877929688,0.007709618004162,0.0017212775920338,-0.0138130519751382,-0.0088566322535568,0.0028911475985176,-0.0285729585741409,-0.0238783139748712,0.0192130601703884,0.0817539585194253,0.0679207258304686,0.0145090841180985,-0.1575659544762826,2025-01-21,183.509994506836,0.0228325571730654,0.0172110946454402,0.0513868901795375,0.048949223738705,0.1181407475534674,0.1017573710743016,-0.0749277990931867,0.0507811143697062,0.0476268636847379,0.0098085137458059,0.0029971285936545,-0.1337857729631557,2025-02-13,55.0,140.0,call,100.0,2024-12-20,14000.0,exercise
house:20026590:2,1,house,Nancy,Pelosi,spouse,sale,True,2024-12-31,AAPL,,Apple Inc. - Common Stock (AAPL),ST,,5000001.0,25000000.0,2025-01-18 04:59:59.999,2025-01-18 04:59:59.999,,20026590,2,https://disclosures-clerk.house.gov/public_disc/ptr-pdfs/2025/20026590.pdf,"[""20026590:2""]",member:P000197,P000197,Nancy Pelosi,legislators,"Sold 31,600 shares.",P,1/17/2025,AAPL,2024-12-31,2025-01-17 23:59:59.999,17,-1.0,2024-12-31,248.61578369140625,-0.0262358404849507,-0.0237788800332217,-0.0308281620819964,-0.0366463735553795,-0.0575832962833029,-0.0844396431001863,-0.1119948562855713,-0.0693261669642809,-0.195412232426563,-0.2456524969942051,0.0905261333442661,-0.0866643794201307,2025-01-21,221.03594970703125,0.0053448850502824,-0.0002765774773427,0.0701580967639232,0.0677204303230907,0.1010565372517604,0.0846731607725945,-0.1264660897159234,-0.0007571762530305,-0.0585051083087369,-0.0963234582476688,0.1130783003396702,-0.02370460121714,2025-01-30,30.0,,,,,31600.0,
house:20026590:3,1,house,Nancy,Pelosi,spouse,sale,True,2024-12-31,NVDA,,NVIDIA Corporation - Common Stock (NVDA),ST,,1000001.0,5000000.0,2025-01-18 04:59:59.999,2025-01-18 04:59:59.999,,20026590,3,https://disclosures-clerk.house.gov/public_disc/ptr-pdfs/2025/20026590.pdf,"[""20026590:3""]",member:P000197,P000197,Nancy Pelosi,legislators,"Sold 10,000 shares.",P,1/17/2025,NVDA,2024-12-31,2025-01-17 23:59:59.999,17,-1.0,2024-12-31,133.9398651123047,0.0299352360928026,0.0323921965445317,0.0433390374421713,0.0375208259687882,-0.1058902812899191,-0.1327466281068026,-0.1928664348795717,-0.1501977455582813,0.1545537802224066,0.1043135156547645,0.3891652463355914,0.2119747335711945,2025-01-21,140.4628143310547,0.044308914871546,0.0386874523439209,-0.0840729830443552,-0.0865106494851878,-0.0113613020051011,-0.0277446784842669,-0.2579734157373994,-0.1322645022745064,0.2122954088433806,0.1744770589044486,0.2647782473949176,0.1279953458381073,2025-02-26,57.0,,,,,10000.0,
house:20026590:1,1,house,Nancy,Pelosi,spouse,purchase,False,2025-01-14,AMZN,,"Amazon.com, Inc. - Common Stock (AMZN)",OP,,250001.0,500000.0,2025-01-18 04:59:59.999,2025-01-18 04:59:59.999,,20026590,1,https://disclosures-clerk.house.gov/public_disc/ptr-pdfs/2025/20026590.pdf,"[""20026590:1""]",member:P000197,P000197,Nancy Pelosi,legislators,Purchased 50 call options with a strike price of $150 and an expiration date of 1/16/26.,P,1/17/2025,AMZN,2025-01-14,2025-01-17 23:59:59.999,3,1.0,2025-01-14,217.759994506836,0.0256705167968958,0.0074805355893472,0.0792156522554399,0.0375625792941216,0.0512949965591345,0.0149323514200512,-0.1677993855982842,-0.0715561655256371,0.0219507664395481,-0.0563702488231721,0.1140705925022418,-0.0915789015553669,2025-01-21,230.7100067138672,0.0186380636636265,0.0130166011360013,0.0322482205630745,0.0298105541222419,-0.017684546453656,-0.0340679229328219,-0.2443760705738981,-0.1186671571110051,-0.0188981859627742,-0.0567165359017062,0.0012569601564464,-0.1355259414003637,2025-02-06,23.0,50.0,call,150.0,2026-01-16,,
house:20026590:0,1,house,Nancy,Pelosi,spouse,purchase,False,2025-01-14,GOOGL,,Alphabet Inc. - Class A Common Stock (GOOGL),OP,,250001.0,500000.0,2025-01-18 04:59:59.999,2025-01-18 04:59:59.999,,20026590,0,https://disclosures-clerk.house.gov/public_disc/ptr-pdfs/2025/20026590.pdf,"[""20026590:0""]",member:P000197,P000197,Nancy Pelosi,legislators,Purchased 50 call options with a strike price of $150 and an expiration date of 1/16/26.,P,1/17/2025,GOOGL,2025-01-14,2025-01-17 23:59:59.999,3,1.0,2025-01-14,188.5533142089844,0.0310555206226739,0.0128655394151253,0.0459242228917466,0.0042711499304284,-0.0318992508717709,-0.0682618960108542,-0.1933143320037258,-0.0970711119310787,-0.066553532685443,-0.1448745479481633,0.7783708544852606,0.5727213604276518,2025-01-21,196.89437866210932,0.0016155868834215,-0.0040058756442036,-0.0138854294940896,-0.0163230959349222,-0.0645291610836297,-0.0809125375627956,-0.2249099674743696,-0.0992010540114767,-0.0788680274681543,-0.1166863774070863,0.6322193608485027,0.4954364592916924,2025-02-04,21.0,50.0,call,150.0,2026-01-16,,
house:20026590:5,1,house,Nancy,Pelosi,spouse,purchase,False,2025-01-14,NVDA,,NVIDIA Corporation - Common Stock (NVDA),OP,,250001.0,500000.0,2025-01-18 04:59:59.999,2025-01-18 04:59:59.999,,20026590,5,https://disclosures-clerk.house.gov/public_disc/ptr-pdfs/2025/20026590.pdf,"[""20026590:5""]",member:P000197,P000197,Nancy Pelosi,legislators,Purchased 50 call options with a strike price of $80 and an expiration date of 1/16/26.,P,1/17/2025,NVDA,2025-01-14,2025-01-17 23:59:59.999,3,1.0,2025-01-14,131.4164581298828,0.0340013577924853,0.0158113765849368,0.1161963372113747,0.0745432642500565,-0.0047054812947074,-0.0410681264337907,-0.1835163249176284,-0.0872731048449814,0.2363866325132433,0.158065617250523,0.4106011384139048,0.2049516443562959,2025-01-21,140.4628143310547,0.044308914871546,0.0386874523439209,-0.0840729830443552,-0.0865106494851878,-0.0113613020051011,-0.0277446784842669,-0.2579734157373994,-0.1322645022745064,0.2122954088433806,0.1744770589044486,0.2647782473949176,0.1279953458381073,2025-02-26,43.0,50.0,call,80.0,2026-01-16,,
house:20026590:7,1,house,Nancy,Pelosi,spouse,purchase,False,2025-01-14,TEM,,"Tempus AI, Inc. - Class A Common Stock (TEM)",OP,,50001.0,100000.0,2025-01-18 04:59:59.999,2025-01-18 04:59:59.999,,20026590,7,https://disclosures-clerk.house.gov/public_disc/ptr-pdfs/2025/20026590.pdf,"[""20026590:7""]",member:P000197,P000197,Nancy Pelosi,legislators,Purchased 50 call options with a strike price of $20 and an expiration date of 1/16/26.,P,1/17/2025,TEM,2025-01-14,2025-01-17 23:59:59.999,3,1.0,2025-01-14,31.82999992370605,0.0970781731902523,0.0788881919827038,0.5849827484720087,0.5433296755106904,1.3210806607132382,1.2847180155741549,0.2657870251994731,0.3620302452721202,0.8350612625641274,0.7567402473014071,1.109645041999122,0.9039955479415132,2025-01-21,47.63999938964844,0.0589840766014282,0.053362614073803,0.0709488058652172,0.0685111394243846,0.7991183917415488,0.7827350152623829,-0.1423173565524873,-0.0166084430895944,0.1731738057451071,0.1353554558061751,0.4017632165169027,0.2649803149600924,2025-02-24,41.0,50.0,call,20.0,2026-01-16,,
house:20026590:8,1,house,Nancy,Pelosi,spouse,purchase,False,2025-01-14,VST,,Vistra Corp. Common Stock (VST),OP,,500001.0,1000000.0,2025-01-18 04:59:59.999,2025-01-18 04:59:59.999,,20026590,8,https://disclosures-clerk.house.gov/public_disc/ptr-pdfs/2025/20026590.pdf,"[""20026590:8""]",member:P000197,P000197,Nancy Pelosi,legislators,Purchased 50 call options with a strike price of $50 and an expiration date of 1/16/26.,P,1/17/2025,VST,2025-01-14,2025-01-17 23:59:59.999,3,1.0,2025-01-14,168.8367919921875,-0.0078588233337744,-0.0260488045413229,0.095888724766125,0.0542356518048068,-0.0228726219370679,-0.0592352670761512,-0.3581092280373738,-0.2618660079647267,0.1588796018540812,0.0805585865913609,0.0108435801609558,-0.1948059138966529,2025-01-21,183.5311737060547,0.0081466430670893,0.0025251805394641,-0.1926625755670212,-0.1951002420078538,-0.0863231392282226,-0.1027065157073885,-0.3737781220144931,-0.2480692085516002,0.0355740433137989,-0.0022443066251329,-0.14934503523849,-0.2861279367953003,2025-02-28,45.0,50.0,call,50.0,2026-01-16,,
house:20030630:0,1,house,Nancy,Pelosi,spouse,purchase,False,2025-06-20,AVGO,,Broadcom Inc. - Common Stock (AVGO),ST,,1000001.0,5000000.0,2025-07-10 03:59:59.999,2025-07-10 03:59:59.999,,20030630,0,https://disclosures-clerk.house.gov/public_disc/ptr-pdfs/2025/20030630.pdf,"[""20030630:0""]",member:P000197,P000197,Nancy Pelosi,legislators,"Exercised 200 call options purchased 6/24/24 (20,000 shares) at a strike price of $80 with an expiration date of 6/20/25.",P,7/9/2025,AVGO,2025-06-20,2025-07-09 23:59:59.999,19,1.0,2025-06-20,247.7205352783203,0.0151205944976944,0.0052431485717765,0.0774429917115979,0.0427286890587181,0.1528862437312179,0.0948496385520443,0.4400574870494296,0.3294698381457663,0.6547763719406186,0.4945888166438792,0.6549031381283927,0.3844346131963363,2025-07-10,272.8998413085937,-0.0037037111588389,-0.0001883711744242,0.0401236493811156,0.0365762807654772,0.1029777077293276,0.0927031403110854,0.2307542889579086,0.1584565737361336,0.2749455346461378,0.170873440174329,0.4671350429896643,0.252665693648342,2025-09-04,76.0,200.0,call,80.0,2025-06-20,20000.0,exercise
house:20030630:1,1,house,Nancy,Pelosi,spouse,sale,False,2025-06-20,,,Matthews International Mutual Fund,OT,,15001.0,50000.0,2025-07-10 03:59:59.999,2025-07-10 03:59:59.999,,20030630,1,https://disclosures-clerk.house.gov/public_disc/ptr-pdfs/2025/20030630.pdf,"[""20030630:1""]",member:P000197,P000197,Nancy Pelosi,legislators,"Sale of 2,822 units. Loss of $28,948 on sale.",P,7/9/2025,,2025-06-20,2025-07-09 23:59:59.999,19,-1.0,,,,,,,,,,,,,,,,,,,,,,,,,,,,,,,,,,,,
house:20033337:0,1,house,Nancy,Pelosi,spouse,sale,True,2025-10-22,AAPL,,Apple Inc. - Common Stock (AAPL),ST,,100001.0,250000.0,2025-10-25 03:59:59.999,2025-10-25 03:59:59.999,,20033337,0,https://disclosures-clerk.house.gov/public_disc/ptr-pdfs/2025/20033337.pdf,"[""20033337:0""]",member:P000197,P000197,Nancy Pelosi,legislators,"Contribution of 382 shares held personally to Trinity University in Washington, DC.",P,10/24/2025,AAPL,2025-10-22,2025-10-24 23:59:59.999,2,-1.0,2025-10-22,257.49884033203125,0.0043720331150991,-0.0015578733725629,0.0435285732333916,0.0141934215481427,0.040124929453708,0.0478667518126002,-0.0445381466703928,-0.0621813460410031,0.0210949116361027,-0.0355915503323254,,,2025-10-27,267.8207092285156,0.0007068181458209,-0.001949130851315,0.0008925530446906,0.0036652737655313,0.0274447811854876,0.051538650165813,-0.0763721393549574,-0.0851669318222538,-0.0079338428242916,-0.0412784271777268,,,2025-10-30,8.0,,,,,382.0,gift
house:20033725:7,1,house,Nancy,Pelosi,spouse,sale,True,2025-12-24,AAPL,,Apple Inc. - Common Stock (AAPL) [ST],ST,,5000001.0,25000000.0,2026-01-24 04:59:59.999,2026-01-24 04:59:59.999,,20033725,7,https://disclosures-clerk.house.gov/public_disc/ptr-pdfs/2026/20033725.pdf,"[""20033725:7""]",member:P000197,P000197,Nancy Pelosi,legislators,"Sold 45,000 shares.",P,1/23/2026,AAPL,2025-12-24,2026-01-23 23:59:59.999,30,-1.0,2025-12-24,273.06671142578125,-0.0014973429371301,-0.0013959487492267,-0.0102260319518096,0.0002175694022393,-0.0671998301267902,-0.0706036633082252,-0.080108573567952,-0.0288089949953417,0.0904046223394445,0.0030203847876526,,,2026-01-26,254.7166748046875,0.0111975526193079,0.0072133498425754,0.0571630981688735,0.0532942418319319,0.0664996436853715,0.0742660375756153,0.070536158866004,0.0410551539117012,0.2810647888781912,0.2041174364030911,,,2026-01-29,36.0,,,,,45000.0,
house:20033725:5,1,house,Nancy,Pelosi,spouse,sale,True,2025-12-24,AMZN,,"Amazon.com, Inc. - Common Stock (AMZN) [ST]",ST,,1000001.0,5000000.0,2026-01-24 04:59:59.999,2026-01-24 04:59:59.999,,20033725,5,https://disclosures-clerk.house.gov/public_disc/ptr-pdfs/2026/20033725.pdf,"[""20033725:5""]",member:P000197,P000197,Nancy Pelosi,legislators,"Sold 20,000 shares.",P,1/23/2026,AMZN,2025-12-24,2026-01-23 23:59:59.999,30,-1.0,2025-12-24,232.3800048828125,0.0006024588463153,0.0007038530342187,-0.0253034028714206,-0.0148598015173716,0.0259918803650027,0.0225880471835677,-0.1081848647103969,-0.0568852861377865,0.0516825641383926,-0.0357016734133992,,,2026-01-26,238.4199981689453,0.0262561637233134,0.0222719609465809,0.0190420626616429,0.0151732063247014,-0.125241174564529,-0.1174747806742851,0.07105109710387,0.0415700921495671,0.0485278391623014,-0.0284195133127986,,,2026-02-05,43.0,,,,,20000.0,
house:20033725:11,1,house,Nancy,Pelosi,spouse,sale,True,2025-12-24,NVDA,,NVIDIA Corporation - Common Stock (NVDA) [ST],ST,,1000001.0,5000000.0,2026-01-24 04:59:59.999,2026-01-24 04:59:59.999,,20033725,11,https://disclosures-clerk.house.gov/public_disc/ptr-pdfs/2026/20033725.pdf,"[""20033725:11""]",member:P000197,P000197,Nancy Pelosi,legislators,"Sold 20,000 shares.",P,1/23/2026,NVDA,2025-12-24,2026-01-23 23:59:59.999,30,-1.0,2025-12-24,188.169677734375,0.0101797875556444,0.0102811817435477,0.0012725545350396,0.0117161558890885,-0.0113461134256165,-0.0147499466070515,-0.0710488126392325,-0.0197492340666222,0.1184294732485407,0.0310452356967487,,,2026-01-26,186.03468322753903,0.0109937123363748,0.0070095095596423,-0.0046120524092539,-0.0084809087461955,0.0342146539250551,0.0419810478152989,0.0860243329030774,0.0565433279487745,0.0914781689487562,0.0145308164736561,,,2026-02-25,63.0,,,,,20000.0,
house:20033725:9,1,house,Nancy,Pelosi,spouse,sale,True,2025-12-30,AAPL,,Apple Inc. - Common Stock (AAPL) [ST],ST,,5000001.0,25000000.0,2026-01-24 04:59:59.999,2026-01-24 04:59:59.999,,20033725,9,https://disclosures-clerk.house.gov/public_disc/ptr-pdfs/2026/20033725.pdf,"[""20033725:9""]",member:P000197,P000197,Nancy Pelosi,legislators,"Contribution of 28,200 shares to Donor-Advised Fund.",P,1/23/2026,AAPL,2025-12-30,2026-01-23 23:59:59.999,24,-1.0,2025-12-30,272.3387145996094,-0.0044676179222422,0.0029413666388589,-0.0466897392927718,-0.0504305382747873,-0.0541965789985314,-0.0644292489951479,-0.088059159602846,-0.0135502872030393,0.0752324491441334,0.0022690514027414,,,2026-01-26,254.7166748046875,0.0111975526193079,0.0072133498425754,0.0571630981688735,0.0532942418319319,0.0664996436853715,0.0742660375756153,0.070536158866004,0.0410551539117012,0.2810647888781912,0.2041174364030911,,,2026-01-29,30.0,,,,,28200.0,gift
house:20033725:8,1,house,Nancy,Pelosi,spouse,purchase,False,2025-12-30,AAPL,,Apple Inc. - Common Stock (AAPL) [OP],OP,,250001.0,500000.0,2026-01-24 04:59:59.999,2026-01-24 04:59:59.999,,20033725,8,https://disclosures-clerk.house.gov/public_disc/ptr-pdfs/2026/20033725.pdf,"[""20033725:8""]",member:P000197,P000197,Nancy Pelosi,legislators,Purchased 20 call options with a strike price of $100 and an expiration date of 1/15/27.,P,1/23/2026,AAPL,2025-12-30,2026-01-23 23:59:59.999,24,1.0,2025-12-30,272.3387145996094,-0.0044676179222422,0.0029413666388589,-0.0466897392927718,-0.0504305382747873,-0.0541965789985314,-0.0644292489951479,-0.088059159602846,-0.0135502872030393,0.0752324491441334,0.0022690514027414,,,2026-01-26,254.7166748046875,0.0111975526193079,0.0072133498425754,0.0571630981688735,0.0532942418319319,0.0664996436853715,0.0742660375756153,0.070536158866004,0.0410551539117012,0.2810647888781912,0.2041174364030911,,,2026-01-29,30.0,20.0,call,100.0,2027-01-15,,
house:20033725:4,1,house,Nancy,Pelosi,spouse,purchase,False,2025-12-30,AMZN,,"Amazon.com, Inc. - Common Stock (AMZN) [OP]",OP,,100001.0,250000.0,2026-01-24 04:59:59.999,2026-01-24 04:59:59.999,,20033725,4,https://disclosures-clerk.house.gov/public_disc/ptr-pdfs/2026/20033725.pdf,"[""20033725:4""]",member:P000197,P000197,Nancy Pelosi,legislators,Purchased 20 call options with a strike price of $120 and an expiration date of 1/15/27.,P,1/23/2026,AMZN,2025-12-30,2026-01-23 23:59:59.999,24,1.0,2025-12-30,232.52999877929688,-0.007353853111663,5.513144943813941e-05,0.0388336938317692,0.0350928948497537,0.0395647744228229,0.0293321044262064,-0.1427342820953959,-0.0682254096955892,0.0074829290943039,-0.065480468647088,,,2026-01-26,238.4199981689453,0.0262561637233134,0.0222719609465809,0.0190420626616429,0.0151732063247014,-0.125241174564529,-0.1174747806742851,0.07105109710387,0.0415700921495671,0.0485278391623014,-0.0284195133127986,,,2026-02-05,37.0,20.0,call,120.0,2027-01-15,,
house:20033725:17,1,house,Nancy,Pelosi,spouse,sale,False,2025-12-30,DIS,,Walt Disney Company (DIS) [ST],ST,,1000001.0,5000000.0,2026-01-24 04:59:59.999,2026-01-24 04:59:59.999,,20033725,17,https://disclosures-clerk.house.gov/public_disc/ptr-pdfs/2026/20033725.pdf,"[""20033725:17""]",member:P000197,P000197,Nancy Pelosi,legislators,"Sold 10,000 shares.",P,1/23/2026,DIS,2025-12-30,2026-01-23 23:59:59.999,24,-1.0,2025-12-30,113.9171142578125,-0.0088858042517806,-0.0014768196906794,-0.0163776951358163,-0.0201184941178318,-0.0279640600337116,-0.038196730030328,-0.1948776345920367,-0.12036876219223,-0.1190870024828307,-0.1920504002242227,,,2026-01-26,110.4635772705078,-0.006288693957088,-0.0102728967338205,-0.0616297118757079,-0.0654985682126495,-0.0472554062586636,-0.0394890123684198,-0.0583056524067591,-0.0877866573610619,-0.1272235967334596,-0.2041709492085597,,,2026-02-02,34.0,,,,,10000.0,
house:20033725:2,1,house,Nancy,Pelosi,spouse,purchase,False,2025-12-30,GOOGL,,Alphabet Inc. - Class A Common Stock (GOOGL) [OP],OP,,250001.0,500000.0,2026-01-24 04:59:59.999,2026-01-24 04:59:59.999,,20033725,2,https://disclosures-clerk.house.gov/public_disc/ptr-pdfs/2026/20033725.pdf,"[""20033725:2""]",member:P000197,P000197,Nancy Pelosi,legislators,Purchased 20 call options with a strike price of $150 and an expiration date of 1/15/27.,P,1/23/2026,GOOGL,2025-12-30,2026-01-23 23:59:59.999,24,1.0,2025-12-30,313.2406616210937,-0.0027082296159395,0.0047007549451616,0.0259041315164156,0.0221633325344001,0.0777441552102584,0.067511485213642,-0.1252729127351483,-0.0507640403353415,0.1016073232679966,0.0286439255266046,,,2026-01-26,332.61297607421875,0.0038707918167637,-0.0001134109599687,0.031296913440808,0.0274280571038665,-0.0670947646687394,-0.0593283707784956,0.0189008008212083,-0.0105802041330944,0.057577156639718,-0.019370195835382,,,2026-02-04,36.0,20.0,call,150.0,2027-01-15,,
house:20033725:3,1,house,Nancy,Pelosi,spouse,sale,True,2025-12-30,GOOGL,,Alphabet Inc. - Class A Common Stock (GOOGL) [ST],ST,,1000001.0,5000000.0,2026-01-24 04:59:59.999,2026-01-24 04:59:59.999,,20033725,3,https://disclosures-clerk.house.gov/public_disc/ptr-pdfs/2026/20033725.pdf,"[""20033725:3""]",member:P000197,P000197,Nancy Pelosi,legislators,"Contribution of 7,704 shares held personally to Donor-Advised Fund.",P,1/23/2026,GOOGL,2025-12-30,2026-01-23 23:59:59.999,24,-1.0,2025-12-30,313.2406616210937,-0.0027082296159395,0.0047007549451616,0.0259041315164156,0.0221633325344001,0.0777441552102584,0.067511485213642,-0.1252729127351483,-0.0507640403353415,0.1016073232679966,0.0286439255266046,,,2026-01-26,332.61297607421875,0.0038707918167637,-0.0001134109599687,0.031296913440808,0.0274280571038665,-0.0670947646687394,-0.0593283707784956,0.0189008008212083,-0.0105802041330944,0.057577156639718,-0.019370195835382,,,2026-02-04,36.0,,,,,7704.0,gift
house:20033725:10,1,house,Nancy,Pelosi,spouse,purchase,False,2025-12-30,NVDA,,NVIDIA Corporation - Common Stock (NVDA) [OP],OP,,100001.0,250000.0,2026-01-24 04:59:59.999,2026-01-24 04:59:59.999,,20033725,10,https://disclosures-clerk.house.gov/public_disc/ptr-pdfs/2026/20033725.pdf,"[""20033725:10""]",member:P000197,P000197,Nancy Pelosi,legislators,Purchased 20 call options with a strike price of $100 and an expiration date of 1/15/27.,P,1/23/2026,NVDA,2025-12-30,2026-01-23 23:59:59.999,24,1.0,2025-12-30,187.1021728515625,-0.0055454574517156,0.0018635271093855,0.0083716035520677,0.0046308045700522,0.026501052689267,0.0162683826926506,-0.1067022249682105,-0.0321933525684038,0.0624011982454961,-0.0105621994958957,,,2026-01-26,186.03468322753903,0.0109937123363748,0.0070095095596423,-0.0046120524092539,-0.0084809087461955,0.0342146539250551,0.0419810478152989,0.0860243329030774,0.0565433279487745,0.0914781689487562,0.0145308164736561,,,2026-02-25,57.0,20.0,call,100.0,2027-01-15,,
house:20033725:13,1,house,Nancy,Pelosi,spouse,sale,False,2025-12-30,PYPL,,"PayPal Holdings, Inc. - Common Stock (PYPL) [ST]",ST,,250001.0,500000.0,2026-01-24 04:59:59.999,2026-01-24 04:59:59.999,,20033725,13,https://disclosures-clerk.house.gov/public_disc/ptr-pdfs/2026/20033725.pdf,"[""20033725:13""]",member:P000197,P000197,Nancy Pelosi,legislators,"Sold 5,000 shares.",P,1/23/2026,PYPL,2025-12-30,2026-01-23 23:59:59.999,24,-1.0,2025-12-30,58.58330535888672,-0.0121826403690969,-0.0047736558079958,-0.009983094642782,-0.0137238936247975,-0.1013536136845226,-0.1115862836811391,-0.2602033487479734,-0.1856944763481667,-0.276665397777286,-0.349628795518678,,,2026-01-26,56.105167388916016,-0.0192580274473805,-0.023242230224113,-0.0754417111169417,-0.0793105674538833,-0.1692579628550699,-0.161491568964826,-0.0923130866809092,-0.121794091635212,0.0102456323189461,-0.0667017201561539,,,2026-02-03,35.0,,,,,5000.0,
house:20033725:15,1,house,Nancy,Pelosi,spouse,exchange,False,2026-01-02,VSNT,,"Versant Media Group, Inc. - Class A Common Stock (VSNT) [ST]",ST,,15.0,15.0,2026-01-24 04:59:59.999,2026-01-24 04:59:59.999,,20033725,15,https://disclosures-clerk.house.gov/public_disc/ptr-pdfs/2026/20033725.pdf,"[""20033725:15""]",member:P000197,P000197,Nancy Pelosi,legislators,776 shares and cash in lieu received as a result of spinoff from Comcast Corporation. No shares of Comcast were surrendered as a result of the spinoff.,P,1/23/2026,VSNT,2026-01-02,2026-01-23 23:59:59.999,21,0.0,2026-01-02,45.15599822998047,-0.1303322848462843,-0.1369923732699002,-0.2623794770698299,-0.2783345526939639,-0.303537000689511,-0.3214535740533533,-0.2064309195603687,-0.1609753141022457,-0.2173670444137356,-0.2901075021121484,,,2026-01-26,32.03026580810547,0.0024176619374975,-0.0015665408392349,-0.0181323454345848,-0.0220012017715264,-0.0979147725337407,-0.0901483786434969,0.230964246948327,0.2014832419940242,0.1094070630504795,0.0324597105753794,,,2026-05-14,132.0,,,,,776.0,
house:20033725:0,1,house,Nancy,Pelosi,spouse,purchase,False,2026-01-16,AB,,AllianceBernstein Holding L.P. Units (AB) [AB],AB,,1000001.0,5000000.0,2026-01-24 04:59:59.999,2026-01-24 04:59:59.999,,20033725,0,https://disclosures-clerk.house.gov/public_disc/ptr-pdfs/2026/20033725.pdf,"[""20033725:0""]",member:P000197,P000197,Nancy Pelosi,legislators,"Purchased 25,000 shares.",P,1/23/2026,AB,2026-01-16,2026-01-23 23:59:59.999,7,1.0,2026-01-16,37.55718994140625,-0.006721418507257,0.0136354173062742,0.0425690515928669,0.0410220498192621,0.0313666535573189,0.0441040943174673,-0.0116187349371157,-0.0263537156131559,-0.0275446625182623,-0.11644866223154,,,2026-01-26,39.15596389770508,0.0105062097027415,0.006522006926009,0.0,-0.0038688563369415,-0.0583328892461504,-0.0505664953559066,-0.0448839159351244,-0.0743649208894272,-0.0520172388311911,-0.1289645913062912,,,2026-02-05,20.0,,,,,25000.0,
house:20033725:6,1,house,Nancy,Pelosi,spouse,purchase,False,2026-01-16,AMZN,,"Amazon.com, Inc. - Common Stock (AMZN) [ST]",ST,,500001.0,1000000.0,2026-01-24 04:59:59.999,2026-01-24 04:59:59.999,,20033725,6,https://disclosures-clerk.house.gov/public_disc/ptr-pdfs/2026/20033725.pdf,"[""20033725:6""]",member:P000197,P000197,Nancy Pelosi,legislators,"Exercised 50 call options purchased 1/14/25 (5,000 shares) at a strike price of $150 with an expiration date of 1/16/26.",P,1/23/2026,AMZN,2026-01-16,2026-01-23 23:59:59.999,7,1.0,2026-01-16,239.1199951171875,-0.0339578257067464,-0.0136009898932151,-0.0029273877657078,-0.0044743895393126,-0.1587905737539633,-0.1460531329938149,0.039227187497288,0.0244922068212478,0.0342505963894508,-0.0546534033238268,,,2026-01-26,238.4199981689453,0.0262561637233134,0.0222719609465809,0.0190420626616429,0.0151732063247014,-0.125241174564529,-0.1174747806742851,0.07105109710387,0.0415700921495671,0.0485278391623014,-0.0284195133127986,,,2026-02-05,20.0,50.0,call,150.0,2026-01-16,5000.0,exercise
house:20033725:1,1,house,Nancy,Pelosi,spouse,purchase,False,2026-01-16,GOOGL,,Alphabet Inc. - Class A Common Stock (GOOGL) [ST],ST,,500001.0,1000000.0,2026-01-24 04:59:59.999,2026-01-24 04:59:59.999,,20033725,1,https://disclosures-clerk.house.gov/public_disc/ptr-pdfs/2026/20033725.pdf,"[""20033725:1""]",member:P000197,P000197,Nancy Pelosi,legislators,"Exercised 50 call options purchased 1/14/25 (5,000 shares) at a strike price of $150 with an expiration date of 1/16/26.",P,1/23/2026,GOOGL,2026-01-16,2026-01-23 23:59:59.999,7,1.0,2026-01-16,329.3593139648437,-0.0242425118457855,-0.0038856760322542,0.0098787614966986,0.0083317597230938,-0.0847879155475969,-0.0720504747874485,0.0222948532705189,0.0075598725944787,0.0696025720212081,-0.0193014276920695,,,2026-01-26,332.61297607421875,0.0038707918167637,-0.0001134109599687,0.031296913440808,0.0274280571038665,-0.0670947646687394,-0.0593283707784956,0.0189008008212083,-0.0105802041330944,0.057577156639718,-0.019370195835382,,,2026-02-04,19.0,50.0,call,150.0,2026-01-16,5000.0,exercise
house:20033725:12,1,house,Nancy,Pelosi,spouse,purchase,False,2026-01-16,NVDA,,NVIDIA Corporation - Common Stock (NVDA) [ST],ST,,250001.0,500000.0,2026-01-24 04:59:59.999,2026-01-24 04:59:59.999,,20033725,12,https://disclosures-clerk.house.gov/public_disc/ptr-pdfs/2026/20033725.pdf,"[""20033725:12""]",member:P000197,P000197,Nancy Pelosi,legislators,"Exercised 50 call options purchased 1/14/25 (5,000 shares) at a strike price of $80 with an expiration date of 1/16/26.",P,1/23/2026,NVDA,2026-01-16,2026-01-23 23:59:59.999,7,1.0,2026-01-16,185.7952423095703,-0.0438166772979951,-0.0234598414844637,0.0012887354648716,-0.0002582663087331,-0.0067658611905757,0.0059715795695726,0.0679308626109607,0.0531958819349205,0.0942288024492215,0.0053248027359438,,,2026-01-26,186.03468322753903,0.0109937123363748,0.0070095095596423,-0.0046120524092539,-0.0084809087461955,0.0342146539250551,0.0419810478152989,0.0860243329030774,0.0565433279487745,0.0914781689487562,0.0145308164736561,,,2026-02-25,40.0,50.0,call,80.0,2026-01-16,5000.0,exercise
house:20033725:14,1,house,Nancy,Pelosi,spouse,purchase,False,2026-01-16,TEM,,"Tempus AI, Inc. - Class A Common Stock (TEM) [ST]",ST,,50001.0,100000.0,2026-01-24 04:59:59.999,2026-01-24 04:59:59.999,,20033725,14,https://disclosures-clerk.house.gov/public_disc/ptr-pdfs/2026/20033725.pdf,"[""20033725:14""]",member:P000197,P000197,Nancy Pelosi,legislators,"Exercised 50 call options purchased 1/14/25 (5,000 shares) at a strike price of $20 with an expiration date of 1/16/26.",P,1/23/2026,TEM,2026-01-16,2026-01-23 23:59:59.999,7,1.0,2026-01-16,70.33000183105469,-0.0504763679700387,-0.0301195321565074,-0.0383905091332518,-0.0399375109068566,-0.2526660030587004,-0.239928562298552,-0.1979240952827062,-0.2126590759587464,-0.2047490566041829,-0.2936530563174606,,,2026-01-26,67.62999725341797,-0.012124792667839,-0.0161089954445715,-0.1342599199336582,-0.1381287762705998,-0.1431317001863296,-0.1353653062960857,-0.1792104010661072,-0.20869140602041,-0.284193378479466,-0.3611407309545661,,,2026-02-24,39.0,50.0,call,20.0,2026-01-16,5000.0,exercise
house:20033725:16,1,house,Nancy,Pelosi,spouse,purchase,False,2026-01-16,VST,,Vistra Corp. Common Stock (VST) [ST],ST,,100001.0,250000.0,2026-01-24 04:59:59.999,2026-01-24 04:59:59.999,,20033725,16,https://disclosures-clerk.house.gov/public_disc/ptr-pdfs/2026/20033725.pdf,"[""20033725:16""]",member:P000197,P000197,Nancy Pelosi,legislators,"Exercised 50 call options purchased 1/14/25 (5,000 shares) at a strike price of $50 with an expiration date of 1/16/26.",P,1/23/2026,VST,2026-01-16,2026-01-23 23:59:59.999,7,1.0,2026-01-16,165.86874389648438,-0.0587635715201703,-0.0384067357066389,-0.0467587407756163,-0.0483057425492211,0.042496973885167,0.0552344146453154,-0.0206346166194465,-0.0353695972954867,-0.0482747879695767,-0.1371787876828544,,,2026-01-26,158.11293029785156,0.0343176940479859,0.0303334912712534,-0.0286504970185066,-0.0325193533554482,0.0806624031119593,0.0884287970022031,-0.0176782886153554,-0.0471592935696583,-0.0024111933414198,-0.0793585458165199,,,2026-02-27,42.0,50.0,call,50.0,2026-01-16,5000.0,exercise
house:20034836:0,1,house,Nancy,Pelosi,spouse,purchase,False,2026-05-29,INTC,,Intel Corporation - Common Stock (INTC),OP,,1000001.0,5000000.0,2026-06-24 03:59:59.999,2026-06-24 03:59:59.999,,20034836,0,https://disclosures-clerk.house.gov/public_disc/ptr-pdfs/2026/20034836.pdf,"[""20034836:0""]",member:P000197,P000197,Nancy Pelosi,legislators,Purchased 200 call options with a strike price of $50 and an expiration date of 3/19/27.,P,6/23/2026,INTC,2026-05-29,2026-06-23 23:59:59.999,25,1.0,2026-05-29,114.68000030517578,-0.0466515387154183,-0.0493746835734906,-0.1352459199071912,-0.1102221153994909,0.1485873811491287,0.1665270841811037,-0.2371816958132201,-0.2522556134521373,,,,,2026-06-24,131.64999389648438,0.0092670055242265,0.0078213686955017,-0.0351689895030189,-0.052243926462939,-0.2386630611183783,-0.2454003262211691,-0.1750854272009109,-0.2164654045467037,,,,,2026-07-23,55.0,200.0,call,50.0,2027-03-19,,
house:20034836:1,1,house,Nancy,Pelosi,spouse,purchase,False,2026-05-29,UBER,,"Uber Technologies, Inc. Common Stock (UBER)",OP,,500001.0,1000000.0,2026-06-24 03:59:59.999,2026-06-24 03:59:59.999,,20034836,1,https://disclosures-clerk.house.gov/public_disc/ptr-pdfs/2026/20034836.pdf,"[""20034836:1""]",member:P000197,P000197,Nancy Pelosi,legislators,Purchased 200 call options with a strike price of $50 and an expiration date of 3/19/27.,P,6/23/2026,UBER,2026-05-29,2026-06-23 23:59:59.999,25,1.0,2026-05-29,70.4000015258789,0.0478692477861479,0.0451461029280757,0.0044033743164024,0.0294271788241028,0.0724431585736022,0.0903828616055772,0.1413351808605372,0.12626126322162,,,,,2026-06-24,73.8499984741211,-0.0216655180389986,-0.0231111548677234,-0.0161136741584189,-0.033188611118339,-0.0668922804885746,-0.0736295455913654,-0.0453622009930713,-0.0867421783388641,,,,,2026-08-05,68.0,200.0,call,50.0,2027-03-19,,
house:20035143:0,1,house,Nancy,Pelosi,spouse,purchase,False,2026-07-24,BE,,Bloom Energy Corporation Class A Common Stock (BE) [ST],ST,,1000001.0,5000000.0,2026-08-22 03:59:59.999,2026-08-22 03:59:59.999,,20035143,0,https://disclosures-clerk.house.gov/public_disc/ptr-pdfs/2026/20035143.pdf,"[""20035143:0""]",member:P000197,P000197,Nancy Pelosi,legislators,"Purchased 10,000 shares.",P,8/21/2026,BE,2026-07-24,2026-08-21 23:59:59.999,28,1.0,2026-07-24,184.88999938964844,0.0177943279625378,0.0175777114201882,0.1131483489534619,0.1021864423304277,0.0895667565215043,0.0533116392041048,,,,,,,2026-08-24,204.0200042724609,0.0658268424396562,0.0626309026728384,0.011175368745959,0.0064862059053827,0.3554062983451447,0.3399105826659738,,,,,,,2026-07-28,4.0,,,,,10000.0,
house:20035143:1,1,house,Nancy,Pelosi,spouse,purchase,False,2026-07-24,BE,,Bloom Energy Corporation Class A Common Stock (BE) [OP],OP,,1000001.0,5000000.0,2026-08-22 03:59:59.999,2026-08-22 03:59:59.999,,20035143,1,https://disclosures-clerk.house.gov/public_disc/ptr-pdfs/2026/20035143.pdf,"[""20035143:1""]",member:P000197,P000197,Nancy Pelosi,legislators,Purchased 100 call options with a strike price of $100 and an expiration date of 6/17/27.,P,8/21/2026,BE,2026-07-24,2026-08-21 23:59:59.999,28,1.0,2026-07-24,184.88999938964844,0.0177943279625378,0.0175777114201882,0.1131483489534619,0.1021864423304277,0.0895667565215043,0.0533116392041048,,,,,,,2026-08-24,204.0200042724609,0.0658268424396562,0.0626309026728384,0.011175368745959,0.0064862059053827,0.3554062983451447,0.3399105826659738,,,,,,,2026-07-28,4.0,100.0,call,100.0,2027-06-17,,
house:20035143:4,1,house,Nancy,Pelosi,spouse,purchase,False,2026-07-24,INTC,,Intel Corporation - Common Stock (INTC) [OP],OP,,250001.0,500000.0,2026-08-22 03:59:59.999,2026-08-22 03:59:59.999,,20035143,4,https://disclosures-clerk.house.gov/public_disc/ptr-pdfs/2026/20035143.pdf,"[""20035143:4""]",member:P000197,P000197,Nancy Pelosi,legislators,Purchased 50 call options with a strike price of $50 and an expiration date of 6/17/27.,P,8/21/2026,INTC,2026-07-24,2026-08-21 23:59:59.999,28,1.0,2026-07-24,92.31999969482422,-0.0070407444543714,-0.007257360996721,-0.0229636346792675,-0.0339255413023017,-0.0243717505138395,-0.060626867831239,,,,,,,2026-08-24,87.26000213623047,0.0025212149360214,-0.0006747248307963,0.0257850096827558,0.0210958468421795,0.4194361400195832,0.4039404243404123,,,,,,,2026-10-22,90.0,50.0,call,50.0,2027-06-17,,
house:20035143:5,1,house,Nancy,Pelosi,spouse,purchase,False,2026-07-24,INTC,,Intel Corporation - Common Stock (INTC) [ST],ST,,500001.0,1000000.0,2026-08-22 03:59:59.999,2026-08-22 03:59:59.999,,20035143,5,https://disclosures-clerk.house.gov/public_disc/ptr-pdfs/2026/20035143.pdf,"[""20035143:5""]",member:P000197,P000197,Nancy Pelosi,legislators,"Purchased 10,000 shares.",P,8/21/2026,INTC,2026-07-24,2026-08-21 23:59:59.999,28,1.0,2026-07-24,92.31999969482422,-0.0070407444543714,-0.007257360996721,-0.0229636346792675,-0.0339255413023017,-0.0243717505138395,-0.060626867831239,,,,,,,2026-08-24,87.26000213623047,0.0025212149360214,-0.0006747248307963,0.0257850096827558,0.0210958468421795,0.4194361400195832,0.4039404243404123,,,,,,,2026-10-22,90.0,,,,,10000.0,
house:20035143:6,1,house,Nancy,Pelosi,spouse,purchase,False,2026-07-27,,,"REOF XXV, LLC [AB]",AB,,500001.0,1000000.0,2026-08-22 03:59:59.999,2026-08-22 03:59:59.999,,20035143,6,https://disclosures-clerk.house.gov/public_disc/ptr-pdfs/2026/20035143.pdf,"[""20035143:6""]",member:P000197,P000197,Nancy Pelosi,legislators,"Additional investment in LLC which is acquiring and restoring a luxury hotel property in San Francisco, CA.",P,8/21/2026,,2026-07-27,2026-08-21 23:59:59.999,25,1.0,,,,,,,,,,,,,,,,,,,,,,,,,,,,,,,,,,,,
house:20035143:2,1,house,Nancy,Pelosi,spouse,purchase,False,2026-07-28,BE,,Bloom Energy Corporation Class A Common Stock (BE) [ST],ST,,500001.0,1000000.0,2026-08-22 03:59:59.999,2026-08-22 03:59:59.999,,20035143,2,https://disclosures-clerk.house.gov/public_disc/ptr-pdfs/2026/20035143.pdf,"[""20035143:2""]",member:P000197,P000197,Nancy Pelosi,legislators,"Purchased 5,000 shares.",P,8/21/2026,BE,2026-07-28,2026-08-21 23:59:59.999,24,1.0,2026-07-28,166.83999633789062,-0.0185207168887288,-0.0031332718856263,0.3672381060736456,0.3261102176035093,0.3033445320140999,0.2695325224004361,,,,,,,2026-08-24,204.0200042724609,0.0658268424396562,0.0626309026728384,0.011175368745959,0.0064862059053827,0.3554062983451447,0.3399105826659738,,,,,,,2026-07-28,0.0,,,,,5000.0,
house:20035143:3,1,house,Nancy,Pelosi,spouse,purchase,False,2026-07-28,BE,,Bloom Energy Corporation Class A Common Stock (BE) [OP],OP,,500001.0,1000000.0,2026-08-22 03:59:59.999,2026-08-22 03:59:59.999,,20035143,3,https://disclosures-clerk.house.gov/public_disc/ptr-pdfs/2026/20035143.pdf,"[""20035143:3""]",member:P000197,P000197,Nancy Pelosi,legislators,Purchased 100 call options with a strike price of $100 and an expiration date of 6/17/27.,P,8/21/2026,BE,2026-07-28,2026-08-21 23:59:59.999,24,1.0,2026-07-28,166.83999633789062,-0.0185207168887288,-0.0031332718856263,0.3672381060736456,0.3261102176035093,0.3033445320140999,0.2695325224004361,,,,,,,2026-08-24,204.0200042724609,0.0658268424396562,0.0626309026728384,0.011175368745959,0.0064862059053827,0.3554062983451447,0.3399105826659738,,,,,,,2026-07-28,0.0,100.0,call,100.0,2027-06-17,,
