tk,trades,members,name,n,sec_ticker
UTX,177,41,United Technologies Corporation (UTX),UNITED TECHNOLOGIES,
WBA,213,33,"WALGREENS BOOTS ALLIANCE, INC. CMN",WALGREENS BOOTS ALLIANCE,
AGN,199,33,Allergan plc Ordinary Shares (AGN),ALLERGAN ORDINARY,
DFS,117,30,DISCOVER FINANCIAL SERVICES CMN,DISCOVER FINANCIAL SERVICES,
CELG,228,28,CELGENE CORP,CELGENE,
MMC,178,27,MARSH & MCLENNAN CO INC CMN,MARSH MCLENNAN,MRSH
BK,176,25,THE BANK OF NY MELLON CORP CMN,BANK NY MELLON,
TWX,100,25,TIME WARNER INC,TIME WARNER,
ESRX,124,24,Express Scripts Holding Company (ESRX),EXPRESS SCRIPTS,
RTN,81,24,Raytheon Company (RTN),RAYTHEON,
ATVI,167,23,"Activision Blizzard, Inc (ATVI)",ACTIVISION BLIZZARD,
DWDP,64,22,DowDuPont Inc. (DWDP),DOWDUPONT,
ANTM,108,21,"ANTHEM, INC. CMN",ANTHEM,
SQ,129,20,"Block, Inc. Class A Common Stock, (SQ)",BLOCK,XYZ
PXD,147,19,Pioneer Natural Resources Company (PXD),PIONEER NATURAL RESOURCES,
TWTR,146,19,"Twitter, Inc. (TWTR)",TWITTER,
CERN,136,19,CERNER CORP,CERNER,
CBS,111,19,CBS Corporation,CBS,
DISCA,270,18,DISCOVERY COMMUNICATIONS INC,DISCOVERY COMMUNICATIONS,
RDS-A,81,18,Royal Dutch Shell PLC Royal Dutch Shell American Depositary Shares (RDS.A),ROYAL DUTCH SHELL ROYAL DUTCH SHELL AMERICAN DEPOSITARY,
ABC,125,17,AMERISOURCEBERGEN CORP,AMERISOURCEBERGEN,
SEE,51,16,Sealed Air Corporation (SEE),SEALED AIR,
RDS-B,40,15,Royal Dutch Shell PLC Royal Dutch Shell PLC American Depositary Shares (RDS.B),ROYAL DUTCH SHELL ROYAL DUTCH SHELL AMERICAN DEPOSITARY,
PX,56,15,"Praxair, Inc. (PX)",PRAXAIR,
K,78,15,KELLOGG COMPANY CMN,KELLOGG,
CTL,124,15,"CenturyLink, Inc. (CTL)",CENTURYLINK,
WFM,135,14,WHOLE FOODS MARKET INC,WHOLE FOODS MARKET,
MRO,81,14,MARATHON OIL CORP,MARATHON OIL,
VMW,85,14,VMWARE INC-CLASS A,VMWARE,
RHT,60,14,"Red Hat, Inc. (RHT)",RED HAT,
NLSN,86,13,NIELSEN HLDGS PLC,NIELSEN HLDGS,
FI,74,13,"FISERV, INC. CMN",FISERV,FISV
ALXN,214,13,ALEXION PHARMACEUTICALS INC,ALEXION PHARMACEUTICALS,
AET,64,12,AETNA INC,AETNA,
COV,28,12,Covidien plc. Ordinary Shares (COV),COVIDIEN ORDINARY,
FEYE,142,12,"FireEye, Inc.",FIREEYE,
JWN,57,12,"Nordstrom, Inc. (JWN)",NORDSTROM,
CHL,69,12,China Mobile Limited (CHL),CHINA MOBILE,
HOLX,88,12,HOLOGIC INCORPORATED CMN,HOLOGIC,
MMP,93,12,Magellan Midstream Partners L.P. Limited Partnership (MMP),MAGELLAN MIDSTREAM PARTNERS PARTNERSHIP,
CMA,62,11,COMERICA INCORPORATED CMN,COMERICA,
SHPG,93,11,SHIRE PLC,SHIRE,
MYL,50,11,MYLAN NV CMN,MYLAN,
HBI,168,11,HANESBRANDS INC. CMN,HANESBRANDS,
ABB,30,11,ABB Ltd (ABB),ABB,ABBNY
ETP,43,11,"Energy Transfer Partners, L.P. Common Units representing limited partner interests (ETP)",ENERGY TRANSFER PARTNERS UNITS REPRESENTING PARTNER INTERESTS,
ANSS,122,11,"ANSYS, INC. CMN",ANSYS,
CTXS,61,11,CITRIX SYSTEMS INC,CITRIX SYSTEMS,
X,78,11,United States Steel Corporation Common Stock,UNITED STATES STEEL,
HRS,26,10,HARRIS CORPORATION DEL (HRS),HARRIS,
MPW,27,10,"Medical Properties Trust, Inc. common stock (MPW)",MEDICAL PROPERTIES TRUST,MPT
PCP,82,10,PRECISION CASTPARTS CORP,PRECISION CASTPARTS,
POT,42,10,POTASH CORP SASK INC,POTASH SASK,
CTLT,61,10,"Catalent, Inc. (CTLT)",CATALENT,
XLNX,48,10,XILINX INCORPORATED CMN,XILINX,
HES,67,10,Hess Corporation (HES),HESS,
HDS,67,10,"HD Supply Holdings, Inc. (HDS)",HD SUPPLY,
KSU,83,10,KANSAS CITY SOUTHERN COM NEW (KSU),KANSAS CITY SOUTHERN,
DNKN,18,10,"Dunkin' Brands Group, Inc. (DNKN)",DUNKIN BRANDS,
SRCL,78,10,STERICYCLE INC,STERICYCLE,
ACE,19,10,ACE Limited (NYSE),ACE,
FRC,123,10,FIRST REPUBLIC BANK CMN SERIES,FIRST REPUBLIC BANK SERIES,
VIAB,44,10,VIACOM INC CMN CLASS B,VIACOM,
IPG,74,9,INTERPUBLIC GROUP COS CMN,INTERPUBLIC COS,
SNE,46,9,Sony Corporation (SNE),SONY,SONY
SCG,23,9,SCANA Corporation (SCG),SCANA,
SIVB,66,9,SVB FINANCIAL GROUP CMN,SVB FINANCIAL,
COH,32,9,"Coach, Inc. (COH)",COACH,
RAI,25,9,Reynolds American Inc (RAI),REYNOLDS AMERICAN,
WPX,139,9,"WPX ENERGY, INC. CMN",WPX ENERGY,
ETFC,36,9,E*TRADE FINANCIAL CORPORATION CMN,E TRADE FINANCIAL,
PACW,24,9,PACWEST BANCORP DEL (PACW),PACWEST BANCORP,
BLL,40,9,Ball Corporation (BLL),BALL,BALL
HOT,28,9,"Starwood Hotels & Resorts Worldwide, Inc. (HOT)",STARWOOD HOTELS RESORTS WORLDWIDE,
BERY,37,9,"Berry Global Group, Inc. (BERY)",BERRY GLOBAL,
VAR,33,9,VARIAN MED SYS INC,VARIAN MED SYS,
DNB,65,9,"DUN & BRADSTREET HOLDINGS, INC CMN",DUN BRADSTREET,
NBL,74,9,NOBLE ENERGY,NOBLE ENERGY,
YHOO,18,8,Yahoo Inc,YAHOO,
BXLT,19,8,Baxalta Inc,BAXALTA,
CDK,28,8,"CDK Global, Inc. (CDK)",CDK GLOBAL,
COL,28,8,ROCKWELL COLLINS,ROCKWELL COLLINS,
VSM,46,8,"Versum Materials, Inc.",VERSUM MATERIALS,
WLL,25,8,Whiting Petroleum,WHITING PETROLEUM,
AFSI,18,8,"AmTrust Financial Services, Inc. (AFSI)",AMTRUST FINANCIAL SERVICES,
YNDX,36,8,Yandex N.V. - Class A Ordinary Shares (YNDX),YANDEX ORDINARY,
PKI,73,8,"PERKINELMER, INC CMN",PERKINELMER,
DISH,39,8,DISH NETWORK CORP,DISH NETWORK,
FLT,172,8,FLEETCOR TECHNOLOGIES INC,FLEETCOR TECHNOLOGIES,
FL,15,8,Foot Locker Inc,FOOT LOCKER,
NGLS,24,8,Targa Resources Partners LP Common Units Representing Limited Partnership Interests (NGLS),TARGA RESOURCES PARTNERS UNITS REPRESENTING PARTNERSHIP INTERESTS,
LNKD,27,8,LINKEDIN CORP,LINKEDIN,
TYC,36,8,Tyco International plc (TYC),TYCO INTERNATIONAL,
TUP,19,8,TUPPERWARE BRANDS CORP,TUPPERWARE BRANDS,
LSXMK,59,8,Liberty Media Corporation - Series C Liberty SiriusXM (LSXMK),LIBERTY MEDIA SERIES C LIBERTY SIRIUSXM,
EXAS,35,8,Exact Sciences Corporation (EXAS),EXACT SCIENCES,
TIF,13,8,TIFFANY & CO CMN,TIFFANY,
HCP,14,8,"HCP, Inc. (HCP)",HCP,
ADS,50,8,ALLIANCE DATA SYSTEMS CORPORATION (ADS),ALLIANCE DATA SYSTEMS,
WRK,71,8,WESTROCK COMPANY CMN,WESTROCK,
HCN,13,8,Welltower Inc. (HCN),WELLTOWER,WELL
GTLS,20,8,"Chart Industries, Inc. (GTLS)",CHART INDUSTRIES,
WPZ,35,7,"Williams Partners, L.P. Common Units Representing Limited Partner Interests (WPZ)",WILLIAMS PARTNERS UNITS REPRESENTING PARTNER INTERESTS,
HFC,23,7,HOLLYFRONTIER CORP CMN,HOLLYFRONTIER,
DLPH,42,7,Delphi Automotive plc Ordinary Shares (DLPH),DELPHI AUTOMOTIVE ORDINARY,
DPS,29,7,DR PEPPER SNAPPLE GROUP INCORPORATED (DPS),DR PEPPER SNAPPLE,
MNK,26,7,Mallinckrodt PLC,MALLINCKRODT,
EQM,27,7,"EQT Midstream Partners, LP Common Units representing Limited Partner Interests (EQM)",EQT MIDSTREAM PARTNERS UNITS REPRESENTING PARTNER INTERESTS,
TMK,16,7,TORCHMARK CORPORATION CMN,TORCHMARK,
TSS,15,7,"Total System Services, Inc. (TSS)",TOTAL SYSTEM SERVICES,
STJ,21,7,"St. Jude Medical, Inc. (STJ)",JUDE MEDICAL,
BPL,40,7,Buckeye Partners L.P. (BPL),BUCKEYE PARTNERS,
SKX,61,7,Skechers USA Inc,SKECHERS USA,
FLIR,26,7,"FLIR Systems, Inc. (FLIR)",FLIR SYSTEMS,
NUAN,26,7,NUANCE COMMUNICATIONS INC,NUANCE COMMUNICATIONS,
SPLK,38,7,Splunk Inc. (SPLK),SPLUNK,
BEAV,14,7,B/E AEROSPACE INC,B E AEROSPACE,
LL,20,7,"Lumber Liquidators Holdings, Inc (LL)",LUMBER LIQUIDATORS,
KRFT,11,7,"Kraft Foods Group, Inc. (KRFT)",KRAFT FOODS,
CCE,16,7,COCA COLA ENTERPRISES STOCK,COCA COLA ENTERPRISES,
SHLX,69,7,"Shell Midstream Partners, L.P. Common Units representing Limited Partner Interests (SHLX)",SHELL MIDSTREAM PARTNERS UNITS REPRESENTING PARTNER INTERESTS,
CBI,11,7,Chicago Bridge & Iron Company N.V. (CBI),CHICAGO BRIDGE IRON,
WLTW,46,7,WILLIS TOWERS WATSON PLC CMN,WILLIS TOWERS WATSON,WTW
PSXP,53,7,Phillips 66 Partners LP Common Units representing limited partner interest in the Partnership (PSXP),PHILLIPS 66 PARTNERS UNITS REPRESENTING PARTNER INTEREST IN PARTNERSHIP,
WAG,13,7,WALGREEN CO,WALGREEN,
AZPN,14,6,ASPEN TECHNOLOGY INC,ASPEN TECHNOLOGY,
MSG,13,6,The Madison Square Garden Company Class A Common Stock (MSG),MADISON SQUARE GARDEN,
AIMC,7,6,Altra Industrial Motion Corp. (AIMC),ALTRA INDUSTRIAL MOTION,
ROLL,20,6,RBC Bearings Incorporated (ROLL),RBC BEARINGS,RBC
PBCT,9,6,"People's United Financial, Inc. (PBCT)",PEOPLE S UNITED FINANCIAL,
VLP,65,6,Valero Energy Partners LP Common Units representing limited partner interests (VLP),VALERO ENERGY PARTNERS UNITS REPRESENTING PARTNER INTERESTS,
SIX,24,6,Six Flags Entertainment Corporation New (SIX),SIX FLAGS ENTERTAINMENT,FUN
CTRA,13,6,Coterra Energy Inc. Common Stock (CTRA),COTERRA ENERGY,
PEAK,35,6,HEALTHPEAK PROPERTIES INC CMN,HEALTHPEAK PROPERTIES,DOC
ALE,7,6,"Allete, Inc. (ALE)",ALLETE,
KORS,37,6,MICHAEL KORS HLDGS LIMITED SHS (VIRGIN ISLANDS (BRITISH)) (KORS),MICHAEL KORS HLDGS SHS,
AZSEY,12,6,Allianz SE ADS (AZSEY),ALLIANZ,
SWN,33,6,SOUTHWESTERN ENERGY CO,SOUTHWESTERN ENERGY,
DISCK,9,6,"Discovery Communications, Inc. - Series C (DISCK)",DISCOVERY COMMUNICATIONS SERIES C,
BHI,30,6,BAKER HUGHES INC,BAKER HUGHES,BKR
EV,8,6,Eaton Vance Corporation (EV),EATON VANCE,
ETE,48,6,"Energy Transfer Equity, L.P. Energy Transfer Equity, L.P. Common Units representing Limited Partnership interests (ETE)",ENERGY TRANSFER EQUITY ENERGY TRANSFER EQUITY UNITS REPRESENTING PARTNERSHIP INTERESTS,
TLLP,32,6,Tesoro Logistics LP Common Units representing Limited Partner Interests (TLLP),TESORO LOGISTICS UNITS REPRESENTING PARTNER INTERESTS,
CHK,29,6,Chesapeake Energy Corporation,CHESAPEAKE ENERGY,
QRTEA,22,6,"Qurate Retail, Inc. - Series A (QRTEA)",QURATE RETAIL SERIES A,
GPS,29,6,GAP INC CMN,GAP,GAP
CHX,16,6,ChampionX Corporation (CHX),CHAMPIONX,
PRA,10,6,ProAssurance Corporation (PRA),PROASSURANCE,
CLR,42,6,"CONTINENTAL RESOURCES, INC CMN",CONTINENTAL RESOURCES,
CREE,13,6,"Cree, Inc. (CREE)",CREE,
BECN,48,6,Beacon Roofing Supply Inc Class A,BEACON ROOFING SUPPLY,
BRCM,7,6,Broadcom Corporation - Class A (BRCM),BROADCOM,AVGO
AKRX,28,6,AKORN INCORPORATED (AKRX),AKORN,
BCR,16,6,"C.R. Bard, Inc. (BCR)",C R BARD,
VIAC,19,6,ViacomCBS Inc. - Class B (VIAC),VIACOMCBS,
CVET,19,6,"Covetrus, Inc. (CVET)",COVETRUS,
SGEN,27,6,SEAGEN INC. CMN,SEAGEN,
CS,19,6,Credit Suisse Group American Depositary Shares (CS),CREDIT SUISSE AMERICAN DEPOSITARY,
KAR,51,6,"KAR Auction Services, Inc.",KAR AUCTION SERVICES,
ARNC,11,6,Arconic Inc. (ARNC),ARCONIC,
HYH,27,6,"Halyard Health, Inc.",HALYARD HEALTH,
AUY,14,6,Yamana Gold Inc. Ordinary Shares (AUY),YAMANA GOLD ORDINARY,
DVMT,9,6,Dell Technologies Inc. Class V (DVMT),DELL TECHNOLOGIES CLASS V,
ENLC,60,6,"EnLink Midstream, LLC Common Units representing Limited Partner Interests (ENLC)",ENLINK MIDSTREAM LLC UNITS REPRESENTING PARTNER INTERESTS,
LOGM,14,6,"LogMein, Inc. (LOGM)",LOGMEIN,
TWC,10,6,Time Warner Cable Inc (TWC),TIME WARNER CABLE,
STAY,83,5,EXTENDED STAY AMERICA INC,EXTENDED STAY AMERICA,
DRQ,8,5,"Dril-Quip, Inc. (DRQ)",DRIL QUIP,
DPSGY,21,5,Deutsche Post AG Sponsored ADR (DPSGY),DEUTSCHE POST,
SXL,20,5,Sunoco Logistics Partners LP Common Units representing limited partner interests (SXL),SUNOCO LOGISTICS PARTNERS UNITS REPRESENTING PARTNER INTERESTS,
NATI,23,5,NATIONAL INSTRS CORP,NATIONAL INSTRS,
MON,63,5,MONSANTO COMPANY NEW (MON),MONSANTO,
SYMC,15,5,SYMANTEC CORPORATION CMN,SYMANTEC,
FDC,160,5,FIRST DATA CORPORATION CMN CLASS A,FIRST DATA,
LO,10,5,"Lorillard, Inc (LO)",LORILLARD,
WP,19,5,"Worldpay, Inc. Class A (WP)",WORLDPAY,
HI,15,5,HILLENBRAND INC,HILLENBRAND,
HHC,21,5,Howard Hughes Corporation (HHC),HOWARD HUGHES,HHH
GWR,16,5,GENESEE & WYO INCORPORATED CLASS A (GWR),GENESEE WYO,
XON,11,5,Intrexon Corporation (XON),INTREXON,
XEC,47,5,CIMAREX ENERGY CO,CIMAREX ENERGY,
ABMD,45,5,"ABIOMED, INC. CMN",ABIOMED,
IBKC,10,5,IberiaBank Corp. (NASDAQ),IBERIABANK,
CMD,9,5,Cantel Medical Corp. (CMD),CANTEL MEDICAL,
CMCSK,11,5,Comcast Corporation - Class A Special (CMCSK),COMCAST SPECIAL,
LVLT,52,5,LEVEL 3 COMMUNICATIONS INCORPORATED COM NEW (LVLT),LEVEL 3 COMMUNICATIONS,
THR,67,5,THERMON GROUP HOLDINGS,THERMON,
MDSO,12,5,"Medidata Solutions, Inc. (MDSO)",MEDIDATA SOLUTIONS,
FBHS,38,5,FORTUNE BRANDS HOME & SECURITY CMN,FORTUNE BRANDS HOME SECURITY,
ITC,12,5,ITC Holdings Corp. (ITC),ITC,
WFT,44,5,WEATHERFORD INTERNATIONAL,WEATHERFORD INTERNATIONAL,WFRD
HZNP,12,5,HORIZON THERAPEUTICS PLC CMN,HORIZON THERAPEUTICS,
RE,20,5,EVEREST RE GROUP LTD CMN,EVEREST RE,
Y,10,5,Alleghany Corporation (Y),ALLEGHANY,
CLNY,9,5,"Colony Capital, Inc. (CLNY)",COLONY CAPITAL,
KMP,8,5,"Kinder Morgan Energy Partners, L.P. (KMP)",KINDER MORGAN ENERGY PARTNERS,
GCI,8,5,GANNETT CO INC,GANNETT,
PSTG,10,5,"Pure Storage, Inc. Class A Common Stock (PSTG)",PURE STORAGE,
BXS,39,5,BancorpSouth Bank (BXS),BANCORPSOUTH BANK,
CATM,52,5,Cardtronics PLC,CARDTRONICS,
CBG,21,5,CBRE Group Inc Common Stock Class A (CBG),CBRE,CBRE
CONE,17,5,CyrusOne Inc (CONE),CYRUSONE,
JCOM,9,5,J2 GLOBAL INCORPORATED (JCOM),J2 GLOBAL,
ORAN,12,5,Orange (ORAN),ORANGE,FNCTF
VNTV,41,5,VANTIV INCORPORATED CLASS A (VNTV),VANTIV,
OKS,8,5,"ONEOK Partners, L.P. (OKS)",ONEOK PARTNERS,
DCP,24,5,"DCP Midstream, LP Common Units (DCP)",DCP MIDSTREAM UNITS,
NYCB,10,5,"New York Community Bancorp, Inc. (NYCB)",YORK COMMUNITY BANCORP,
LLTC,19,5,LINEAR TECHNOLOGY CORPORATION (LLTC),LINEAR TECHNOLOGY,
STO,10,5,STATOIL ASA,STATOIL ASA,
AMGP,18,5,ANTERO MIDSTREAM GP LP,ANTERO MIDSTREAM GP,
FMER,19,5,FIRSTMERIT CORP,FIRSTMERIT,
MJN,34,5,Mead Johnson Nutrition Company (MJN),MEAD JOHNSON NUTRITION,
ARG,22,5,Airgas Inc. - stock,AIRGAS,
LUKOY,17,5,Lukoil Co Sponsored ADR (LUKOY),LUKOIL,
ESV,14,5,ENSCO PLC,ENSCO,
MASI,19,5,MASIMO CORPORATION CMN,MASIMO,
AL,17,5,Air Lease Corporation Class A (AL),AIR LEASE,
VRX,19,5,VALEANT PHARMACEUTICALS INTL INC,VALEANT PHARMACEUTICALS INTL,
MXIM,14,4,MAXIM INTEGRATED PRODUCTS INC CMN,MAXIM INTEGRATED PRODUCTS,
SWI,9,4,SOLARWINDS INCORPORATED (SWI),SOLARWINDS,
SYNH,9,4,"Syneos Health, Inc. - Class A (SYNH)",SYNEOS HEALTH,
ECA,14,4,ENCANA CORPORATION (CANADA) (ECA),ENCANA,
TGNA,32,4,TEGNA INC,TEGNA,
TFM,8,4,"The Fresh Market, Inc. (TFM)",FRESH MARKET,
MWE,8,4,"MarkWest Energy Partners, LP Common units representing limited partnership units (MWE)",MARKWEST ENERGY PARTNERS UNITS REPRESENTING PARTNERSHIP UNITS,
APU,18,4,"AmeriGas Partners, L.P. (APU)",AMERIGAS PARTNERS,
UMPQ,16,4,UMPQUA HOLDINGS CORP OR UNSOLICITI,UMPQUA OR UNSOLICITI,
BAMXY,7,4,Bayerische Motoren Werke AG Unsponsored ADR (BAMXY),BAYERISCHE MOTOREN WERKE UNSPONSORED,
BCEI,6,4,BONANZA CREEK ENERGY,BONANZA CREEK ENERGY,
ATHN,4,4,"athenahealth, Inc. (ATHN)",ATHENAHEALTH,
MFGP,10,4,Micro Focus,MICRO FOCUS,
ATU,18,4,ACTUANT CORPORATION,ACTUANT,
MIK,11,4,"The Michaels Companies, Inc. (MIK)",MICHAELS,
TTM,15,4,Tata Motors Ltd Tata Motors Limited (TTM),TATA MOTORS TATA MOTORS,
TPX,19,4,Tempur Sealy International - stock,TEMPUR SEALY INTERNATIONAL,
ERJ,39,4,Embraer S.A. (ERJ),EMBRAER S A,EMBJ
LPT,6,4,Liberty Property Trust (LPT),LIBERTY PROPERTY TRUST,
WORK,15,4,"Slack Technologies, Inc. Class A (WORK)",SLACK TECHNOLOGIES,
HPY,4,4,Heartland Payment,HEARTLAND PAYMENT,
HRC,9,4,Hill-Rom Holdings Inc (HRC),HILL ROM,
GRUB,9,4,GrubHub Inc. (GRUB),GRUBHUB,
WCG,15,4,"Wellcare Health Plans, Inc. (WCG)",WELLCARE HEALTH PLANS,
XLS,4,4,Exelis Inc. Common Stock New (XLS),EXELIS,
FEIC,7,4,FEI Company,FEI,
FEI,6,4,First Trust MLP and Energy Income Fund Common Shares of Beneficial Interest (FEI),FIRST TRUST MLP ENERGY INCOME FUND BENEFICIAL INTEREST,
SRC,6,4,"Spirit Realty Capital, Inc. (SRC)",SPIRIT REALTY CAPITAL,
DRE,21,4,DUKE REALTY CORPORATION CMN,DUKE REALTY,
DPM,9,4,"DCP Midstream Partners, LP DCP Midstream Partnership, LP Common Units (DPM)",DCP MIDSTREAM PARTNERS DCP MIDSTREAM PARTNERSHIP UNITS,
SMLP,11,4,"Summit Midstream Partners, LP Common Units Representing Limited Partner Interests (SMLP)",SUMMIT MIDSTREAM PARTNERS UNITS REPRESENTING PARTNER INTERESTS,
PDCE,29,4,PDC ENERGY INC,PDC ENERGY,
PDCO,11,4,PATTERSON COMPANIES INCORPORATED (PDCO),PATTERSON,
BRKB,6,4,Berkshire Hathaway Inc.,BERKSHIRE HATHAWAY,BRK-B
BRKS,7,4,"Brooks Automation, Inc. (BRKS)",BROOKS AUTOMATION,
PCH,51,4,Potlatchdeltic Corp,POTLATCHDELTIC,
CTRX,9,4,Catamaran Corporation (CTRX),CATAMARAN,
OFC,9,4,CORPORATE OFFICE PPTYS TR SH BEN INT REIT (OFC),CORPORATE OFFICE PPTYS TR SH BEN INT REIT,
OMI,7,4,"Owens & Minor, Inc. (OMI)",OWENS MINOR,
CTRP,20,4,CTRIP.COM INTL LTD,CTRIP INTL,
KS,12,4,KapStone Paper and Packaging Corporation (KS),KAPSTONE PAPER PACKAGING,
NRBAY,11,4,NORDEA BK SWEDEN A B SPONSORED ADR (SWEDEN) (NRBAY),NORDEA BK SWEDEN A B,
STOR,23,4,STORE Capital Corporation (STOR),STORE CAPITAL,
NSR,8,4,NEUSTAR INCORPORATED CLASS A (NSR),NEUSTAR,
VGR,20,4,Vector Group Ltd. (VGR),VECTOR,
ANDX,11,4,Andeavor Logistics LP Common Units representing Limited Partner Interests (ANDX),ANDEAVOR LOGISTICS UNITS REPRESENTING PARTNER INTERESTS,
AMJ,7,4,JPMorgan Chase Capital XVI JP Morgan Alerian MLP ETN (AMJ),JPMORGAN CHASE CAPITAL XVI JP MORGAN ALERIAN MLP ETN,
UNVR,35,4,UNIVAR INC.,UNIVAR,
AMED,10,4,Amedisys Inc (AMED),AMEDISYS,
LHCG,16,4,LHC Group - common stock (LHCG),LHC,
LGF-B,107,4,LIONS GATE ENTERTAINMENT CORP. CMN CLASS B,LIONS GATE ENTERTAINMENT,
SPN,19,4,"Superior Energy Services, Inc.",SUPERIOR ENERGY SERVICES,
BKI,39,4,"Black Knight, Inc. (BKI)",BLACK KNIGHT,
NTT,7,4,Nippon Telegraph and Telephone Corporation (NTT),NIPPON TELEGRAPH TELEPHONE,NTTYY
NYLD,10,4,"NRG Yield, Inc. Class C (NYLD)",NRG YIELD,
CY,17,4,Cypress Semiconductor Corporation (NASDAQ),CYPRESS SEMICONDUCTOR,
CXO,38,4,CONCHO RESOURCES INC. CMN,CONCHO RESOURCES,
SNV,77,4,Synovus Financial Corp.,SYNOVUS FINANCIAL,
DDAIF,5,4,Daimler AG (DDAIF),DAIMLER,MBGAF
PFPT,5,4,PROOFPOINT INCORPORATED (PFPT),PROOFPOINT,
PE,18,4,"PARSLEY ENERGY, INC. CMN",PARSLEY ENERGY,
PDRDY,8,4,Pernod Ricard SA Unsponsored ADR,PERNOD RICARD UNSPONSORED,
JNPR,36,4,"JUNIPER NETWORKS, INC. CMN",JUNIPER NETWORKS,
RP,15,4,REALPAGE INCORPORATED (RP),REALPAGE,
FNGN,13,4,FINANCIAL ENGINES INCORPORATED (FNGN),FINANCIAL ENGINES,
JEC,12,4,Jacobs Engineering Group Inc. (JEC),JACOBS ENGINEERING,
SDLP,5,4,Seadrill Partners LLC Common Units Representing Limited Liability Company Interests (SDLP),SEADRILL PARTNERS LLC UNITS REPRESENTING LIABILITY INTERESTS,
CRZO,12,4,CARRIZO OIL & GAS INCORPORATED (CRZO),CARRIZO OIL GAS,
SATS,75,4,ECHOSTAR CORP,ECHOSTAR,ECHO
COUP,21,4,COUPA SOFTWARE INCORPORATED CMN,COUPA SOFTWARE,
CPGX,7,4,"Columbia Pipeline Group, Inc. (CPGX)",COLUMBIA PIPELINE,
WAGE,19,4,WAGEWORKS INCORPORATED (WAGE),WAGEWORKS,
WBC,9,4,Wabco Holdings Inc. (WBC),WABCO,
CNSL,7,4,"Consolidated Communications Holdings, Inc. (CNSL)",CONSOLIDATED COMMUNICATIONS,
QTS,9,4,"QTS Realty Trust, Inc. Class A (QTS)",QTS REALTY TRUST,
WMGI,12,4,Wright Medical Group N.V. - Ordinary Shares (WMGI),WRIGHT MEDICAL ORDINARY,
WLP,9,4,"WellPoint, Inc. (WLP)",WELLPOINT,
WDR,28,4,"Waddell & Reed Financial, Inc.",WADDELL REED FINANCIAL,
WETF,11,4,"WisdomTree Investments, Inc.",WISDOMTREE INVESTMENTS,
PRXL,6,4,PAREXEL International Corporation (PRXL),PAREXEL INTERNATIONAL,
RSPP,13,4,RSP Permian,RSP PERMIAN,
GG,6,4,Goldcorp Inc. (GG),GOLDCORP,
CIT,25,4,CIT Group Inc. (NYSE),CIT,
CFX,31,4,COLFAX CORPORATION,COLFAX,
CEQP,24,4,Crestwood Equity Partners LP (CEQP),CRESTWOOD EQUITY PARTNERS,
RAVN,11,4,RAVEN INDUSTRIES INCORPORATED (RAVN),RAVEN INDUSTRIES,
RAD,12,4,Rite Aid,RITE AID,
RMP,12,4,Rice Midstream Partners LP Common Units representing limited partner interests (RMP),RICE MIDSTREAM PARTNERS UNITS REPRESENTING PARTNER INTERESTS,
ZAYO,16,4,"Zayo Group Holdings, Inc. (ZAYO)",ZAYO,
HONAV,5,4,Honeywell Aerospace Inc. - Common Stock (HONAV),HONEYWELL AEROSPACE,HONA
ZMH,11,4,ZIMMER HOLDINGS INC STOCK,ZIMMER,
ZEN,8,3,"Zendesk, Inc. (ZEN)",ZENDESK,
HTA,5,3,"Healthcare Trust of America, Inc. Class A (HTA)",HEALTHCARE TRUST AMERICA,
HZN,6,3,HORIZON GLOBAL CORPORATION,HORIZON GLOBAL,
WYND,9,3,"WYNDHAM DESTINATIONS, INC. CMN",WYNDHAM DESTINATIONS,
WYN,9,3,Wyndham Worldwide Corp,WYNDHAM WORLDWIDE,
GRA,4,3,W.R. Grace & Co. (GRA),W R GRACE,
IAA,7,3,"IAA, INC. CMN",IAA,
IBDQ,5,3,Ishares Ibonds Dec 20 Trm,ISHARES IBONDS DEC 20 TRM,
IDTI,4,3,"Integrated Device Technology, Inc. (IDTI) [ST]",INTEGRATED DEVICE TECHNOLOGY,
GEAGY,8,3,GEA Group Ag Sponsored ADR (GEAGY),GEA,
GIMO,5,3,Gigamon Inc. (GIMO),GIGAMON,
RXN,6,3,Rexnord Corporation (RXN),REXNORD,
PWE,3,3,Penn West Petroleum Ltd. (NYSE),PENN WEST PETROLEUM,
QLIK,14,3,QLIK TECHNOLOGIES INCORPORATED (QLIK),QLIK TECHNOLOGIES,
CIVI,7,3,"Civitas Resources, Inc. (CIVI)",CIVITAS RESOURCES,
IPHI,7,3,INPHI CORPORATION (IPHI),INPHI,
ITCI,8,3,Intra-Cellular Therapies Inc. (ITCI),INTRA CELLULAR THERAPIES,
AIRM,38,3,Air Methods Corp,AIR METHODS,
VVC,4,3,VECTREN CORP CMN,VECTREN,
WBK,7,3,Westpac Banking Corporation (WBK),WESTPAC BANKING,WEBNF
ITYBY,4,3,Imperial Tobacco Group plc Sponsored ADR (ITYBY),IMPERIAL TOBACCO,
JAH,18,3,JARDEN CORPORATION (JAH),JARDEN,
JBT,4,3,John Bean Technologies Corporation (JBT),JOHN BEAN TECHNOLOGIES,
FTR,14,3,Frontier Communications Corporation (FTR),FRONTIER COMMUNICATIONS,
GAS,4,3,"AGL Resources, Inc. (GAS)",AGL RESOURCES,
JOSB,4,3,"JOS A BANK CLOTHIERS, INC",JOS A BANK CLOTHIERS,
KERX,9,3,KERYX BIOPHARMACEUTICALS INCORPORATED (KERX),KERYX BIOPHARMACEUTICALS,
KLXI,5,3,KLX Inc. (NASDAQ),KLX,
CORE,216,3,CORE MARK HOLDING CO,CORE MARK,
PNM,3,3,"PNM Resources, Inc. (PNM)",PNM RESOURCES,
PPBI,68,3,"Pacific Premier Bancorp, Inc.",PACIFIC PREMIER BANCORP,
PRAH,10,3,"PRA Health Sciences, Inc. (PRAH)",PRA HEALTH SCIENCES,
CCMP,8,3,CABOT MICROELECTRONICS CORPORATION (CCMP),CABOT MICROELECTRONICS,
CDAY,27,3,CERIDIAN HCM HOLDING INC. CMN,CERIDIAN HCM,
CDEV,7,3,"Centennial Resource Development, Inc. - Class A (CDEV)",CENTENNIAL RESOURCE DEVELOPMENT,
ALOG,4,3,Analogic Corporation (ALOG),ANALOGIC,
VNR,4,3,Vanguard Natural Resources LLC - Common Units (VNR),VANGUARD NATURAL RESOURCES LLC UNITS,
VRTU,10,3,Virtusa Corporation - common stock (VRTU),VIRTUSA,
AGU,6,3,Agrium Inc. (AGU),AGRIUM,
FLTX,9,3,FLEETMATICS GROUP PLC (IRELAND) (FLTX),FLEETMATICS,
LLL,6,3,"L-3 Communications Holdings, Inc. (LLL)",L 3 COMMUNICATIONS,
CNHI,63,3,CNH Industrial,CNH INDUSTRIAL,CNH
CBM,4,3,Cambrex Corporation (CBM),CAMBREX,
SEP,4,3,"Spectra Energy Partners, LP Common Units representing Limited Partner Interests (SEP)",SPECTRA ENERGY PARTNERS UNITS REPRESENTING PARTNER INTERESTS,
VCRA,5,3,VOCERA COMMUNICATIONS INCORPORATED (VCRA),VOCERA COMMUNICATIONS,
TYPE,19,3,MONOTYPE IMAGING HOLDINGS INCORPORATED (TYPE),MONOTYPE IMAGING,
LMCA,6,3,Liberty Media Corporation - Series A Liberty Media (LMCA),LIBERTY MEDIA SERIES A LIBERTY MEDIA,
LMCK,8,3,Liberty Media Corporation - Series C (LMCK),LIBERTY MEDIA SERIES C,
LNEGY,5,3,Linde Ag Sponsored ADR (LNEGY),LINDE,LIN
ETRN,5,3,Equitrans Midstream Corp,EQUITRANS MIDSTREAM,
ARNA,10,3,"Arena Pharmaceuticals, Inc.",ARENA PHARMACEUTICALS,
ARRS,5,3,Arris Group,ARRIS,
ASHTY,12,3,ASHTED GRP PLC UNSP/ADR (ASHTY),ASHTED GRP UNSP,
TOO,4,3,TEEKAY OFFSHORE PARTNERS LP,TEEKAY OFFSHORE PARTNERS,
TPH,10,3,"Tri Pointe Homes, Inc. Common Stock (TPH)",TRI POINTE HOMES,
CA,3,3,CA Inc. (CA),CA,
CAJ,9,3,"Canon, Inc. American Depositary Shares (CAJ)",CANON AMERICAN DEPOSITARY,
SIAL,3,3,SIGMA ALDRICH CORP,SIGMA ALDRICH,
EVBG,17,3,"Everbridge, Inc. (EVBG)",EVERBRIDGE,
LSI,5,3,LIFE STORAGE INC REIT UNSOLICITED Tr,LIFE STORAGE REIT UNSOLICITED TR,
LSXMA,13,3,LIBERTY MEDIA CORPORATION SERIES A LIBERTY SIRIUSXM,LIBERTY MEDIA SERIES A LIBERTY SIRIUSXM,
ESL,14,3,Esterline Technologies Corporation (stock) NYSE,ESTERLINE TECHNOLOGIES,
MDVN,4,3,"Medivation, Inc. (MDVN)",MEDIVATION,
THS,6,3,TREEHOUSE FOODS INCORPORATED (THS),TREEHOUSE FOODS,
ENV,7,3,"Envestnet, Inc (ENV)",ENVESTNET,
EPAY,11,3,BOTTOMLINE TECH DEL INCORPORATED (EPAY),BOTTOMLINE TECH,
EPOKY,7,3,EPIROC AKTIEBOLAG ADR (EPOKY),EPIROC AKTIEBOLAG,
EQGP,18,3,"EQT GP Holdings, LP Common Units representing limited partner interests (EQGP)",EQT GP UNITS REPRESENTING PARTNER INTERESTS,
AVNS,4,3,Avanos Medical Inc. (stock) NYSE,AVANOS MEDICAL,
AVP,58,3,Avon Products Inc,AVON PRODUCTS,
AY,8,3,Atlantica Sustainable Infrastructure plc - Ordinary Shares (AY),ATLANTICA SUSTAINABLE INFRASTRUCTURE ORDINARY,
TEF,6,3,Telefonica SA (TEF),TELEFONICA,
TEG,3,3,"Integrys Energy Group, Inc. (TEG)",INTEGRYS ENERGY,
TEP,10,3,"Tallgrass Energy Partners, LP Common Units representing limited partner interests (TEP)",TALLGRASS ENERGY PARTNERS UNITS REPRESENTING PARTNER INTERESTS,
CST,5,3,"CST Brands, Inc. (CST)",CST BRANDS,
BRY,4,3,Berry Petroleum Corporation (BRY),BERRY PETROLEUM,
SLH,6,3,"Solera Holdings, Inc. Solera Holdings, Inc. (SLH)",SOLERA SOLERA,
SMFKY,7,3,Smurfit Kappa Group Plc American Depositary Shares (SMFKY),SMURFIT KAPPA AMERICAN DEPOSITARY,
PEGI,13,3,Pattern Energy Group Inc. - Class A (PEGI),PATTERN ENERGY,
PETM,6,3,"PetSmart, Inc (PETM)",PETSMART,
MRKT,7,3,Markit Ltd. - Common Shares (MRKT),MARKIT,
MTSC,59,3,MTS SYSTEMS CORP,MTS SYSTEMS,
EBSB,9,3,"Meridian Bancorp, Inc. (EBSB)",MERIDIAN BANCORP,
ECOL,6,3,"US Ecology, Inc. (ECOL)",US ECOLOGY,
EDR,6,3,EDUCATION RLTY TR INCORPORATED COM NEW REIT (EDR),EDUCATION RLTY TR REIT,
NBLX,27,3,"Noble Midstream Partners LP - Common Units, Representing Limited Partner Interests (NBLX)",NOBLE MIDSTREAM PARTNERS UNITS REPRESENTING PARTNER INTERESTS,
BBL,15,3,BHP Billiton plc Sponsored ADR (BBL),BHP BILLITON,
SWTX,7,3,"SpringWorks Therapeutics, Inc. - common stock (SWTX)",SPRINGWORKS THERAPEUTICS,
NEP,9,3,"NextEra Energy Partners, LP Common Units representing limited partner interests (NEP)",NEXTERA ENERGY PARTNERS UNITS REPRESENTING PARTNER INTERESTS,
NLOK,57,3,NORTONLIFELOCK INC,NORTONLIFELOCK,
BIVV,9,3,Bioverativ Inc. (BIVV),BIOVERATIV,
DAY,24,3,DAYFORCE INC CMN,DAYFORCE,
DCM,6,3,"NTT DOCOMO, Inc American Depositary Shares (DCM)",NTT DOCOMO AMERICAN DEPOSITARY,
OA,10,3,"Orbital ATK, Inc. (OA)",ORBITAL ATK,
OCN,4,3,Ocwen Financial Corporation NEW (OCN),OCWEN FINANCIAL,
OZM,13,3,Och-Ziff Capital Management Group LLC Class A Shares representing Class A limited liability company interests (OZM),OCH ZIFF CAPITAL MANAGEMENT LLC REPRESENTING LIABILITY INTERESTS,
CTRL,26,3,Control4 Corporation (CTRL),CONTROL4,
DPLO,4,3,"Diplomat Pharmacy, Inc. (DPLO)",DIPLOMAT PHARMACY,
BGNE,4,3,"BeiGene, Ltd. - American Depositary Shares (BGNE)",BEIGENE AMERICAN DEPOSITARY,
BHGE,26,3,"Baker Hughes, a GE company",BAKER HUGHES A GE,
SSW,6,3,SEASPAN CORP,SEASPAN,
STRZA,36,3,STARZ,STARZ,
DNHBY,7,3,DNB ASA SPONSORED ADR Representing 10 (DNHBY),DNB ASA REPRESENTING 10,
DO,4,3,"Diamond Offshore Drilling, Inc. (DO)",DIAMOND OFFSHORE DRILLING,
CYBX,11,3,CYBERONICS INC,CYBERONICS,
DATA,4,3,"Tableau Software, Inc. Class A (DATA)",TABLEAU SOFTWARE,
SNHY,4,3,SUN HYDRAULICS CORPORATION (SNHY),SUN HYDRAULICS,
SNI,20,3,"Scripps Networks Interactive, Inc Common Class A (SNI)",SCRIPPS NETWORKS INTERACTIVE,
NS,13,3,Nustar Energy L.P. Common Units (NS),NUSTAR ENERGY UNITS,
NSA,6,3,National Storage Affiliates Trust Common Shares of Beneficial Interest (NSA),NATIONAL STORAGE AFFILIATES TRUST BENEFICIAL INTEREST,
SPR,9,3,"Spirit Aerosystems Holdings, Inc. (SPR)",SPIRIT AEROSYSTEMS,
DENN,203,3,DENNYS CORP,DENNYS,
WPG,4,3,Washington Prime Group Inc. (WPG),WASHINGTON PRIME,
ACC,22,3,AMERICAN CAMPUS COMMUNITIES,AMERICAN CAMPUS COMMUNITIES,
ACMP,8,3,"Access Midstream Partners, L.P. Common Units Representing Limited Partner Interests (ACMP)",ACCESS MIDSTREAM PARTNERS UNITS REPRESENTING PARTNER INTERESTS,
ADSW,5,3,ADVANCED DISP SVCS INCORPORATED DEL (ADSW),ADVANCED DISP SVCS,
WPPGY,9,3,WPP plc - American Depositary Shares each representing five Ordinary Shares (WPPGY),WPP AMERICAN DEPOSITARY EACH REPRESENTING FIVE ORDINARY,
WSH,5,3,Willis Group Holdings Public Limited (WSH),WILLIS PUBLIC,
WWAV,37,3,WhiteWave Foods CI A common stock,WHITEWAVE FOODS CI A,
AEL,33,3,AMERICAN EQUITY INVESTMENT LIFE HOLDING CO,AMERICAN EQUITY INVESTMENT LIFE,
AGR,9,3,"Avangrid, Inc. (AGR)",AVANGRID,
WGP,24,3,"Western Gas Equity Partners, LP Common Units Representing Limited Partner Interests (WGP)",WESTERN GAS EQUITY PARTNERS UNITS REPRESENTING PARTNER INTERESTS,
WIN,5,3,WINDSTREAM HOLDINGS INC,WINDSTREAM,
GOV,5,3,Government Properties Income Trust - Common Shares of Beneficial Interest (GOV),GOVERNMENT PROPERTIES INCOME TRUST BENEFICIAL INTEREST,
CLC,9,3,CLARCOR INCORPORATED (CLC),CLARCOR,
HIBB,4,3,HIBBETT SPORTS INCORPORATED (HIBB),HIBBETT SPORTS,
ZUO,13,2,"Zuora, Inc. Class A (ZUO)",ZUORA,
ZOOM,4,2,"Zoom Technologies, Inc. (ZOOM)",ZOOM TECHNOLOGIES,
HMSY,3,2,HMS HOLDINGS (HMSY),HMS,
HGR,3,2,Hanger Ortho,HANGER ORTHO,
HDELY,5,2,HeidelbergCement Ag Unsponsored ADR (HDELY),HEIDELBERGCEMENT UNSPONSORED,
AAN,23,2,"Aaron's, Inc. (NYSE)",AARON S,
RFMD,3,2,RF MICRO DEVICES INC,RF MICRO DEVICES,
RDSMY,12,2,Royal DSM NV Sponsored ADR (RDSMY),ROYAL DSM,
CHNG,8,2,Change Healthcare Inc. (CHNG),CHANGE HEALTHCARE,
CHFC,2,2,Chemical Financial,CHEMICAL FINANCIAL,
CEMI,4,2,"Chembio Diagnostics, Inc. Stock",CHEMBIO DIAGNOSTICS,
RCII,3,2,Rent-A-Center Inc. (RCII),RENT A CENTER,
QVCA,23,2,LIBERTY INTERACTIVE CORP,LIBERTY INTERACTIVE,
CLGX,54,2,CORELOGIC INC,CORELOGIC,
GMXAY,3,2,GENMAB A S SPONSORED ADR (DENMARK) (GMXAY),GENMAB A S,GMAB
GMCR,4,2,"Green Mountain Coffee Roasters, Inc. (GMCR)",GREEN MOUNTAIN COFFEE ROASTERS,
ZNGA,23,2,ZYNGA INC. CMN CLASS A,ZYNGA,
WTR,3,2,"Aqua America, Inc. (WTR)",AQUA AMERICA,
DEL,90,2,DELTIC TIMBER CORP,DELTIC TIMBER,
DDR,4,2,DDR Corp. (DDR),DDR,
SPX,32,2,Call (SPX) New S&P 500 JUN 21 24 $4700,CALL S P 500 JUN 21 24 4700,
SPNC,5,2,SPECTRANETICS CORPORATION (SPNC),SPECTRANETICS,
SPKE,3,2,"Spark Energy, Inc. - Class A (SPKE)",SPARK ENERGY,
BLUE,8,2,BLUEBIRD BIO INC CMN,BLUEBIRD BIO,
BLT,3,2,"Blount International, Inc. (BLT)",BLOUNT INTERNATIONAL,
BKEP,7,2,"Blueknight Energy Partners L.P., L.L.C. - Common Units representing Limited Partner Interests (BKEP)",BLUEKNIGHT ENERGY PARTNERS L L C UNITS REPRESENTING PARTNER INTERESTS,
BKCC,25,2,BlackRock Capital Investment Corporation (BKCC),BLACKROCK CAPITAL INVESTMENT,
NUVA,8,2,"NuVasive, Inc. (NUVA)",NUVASIVE,
NTI,4,2,Northern Tier Stock,NORTHERN TIER,
NSAM,30,2,NORTHSTAR ASSET MGMT GROUP INC,NORTHSTAR ASSET MGMT,
SOI,20,2,Solaris Oilfield Infrastructure Inc,SOLARIS OILFIELD INFRASTRUCTURE,
SNP,4,2,China Petroleum & Chemical Corporation (SNP),CHINA PETROLEUM CHEMICAL,SNPMF
SNH,5,2,Senior Housing Properties Trust - Common Shares of Beneficial Interest (SNH),SENIOR HOUSING PROPERTIES TRUST BENEFICIAL INTEREST,
SNCR,4,2,SYNCHRONOSS TECHNOLOGIES INCORPORATED (SNCR),SYNCHRONOSS TECHNOLOGIES,
SMNEY,3,2,SIEMENS ENERGY AG-UNSP,SIEMENS ENERGY UNSP,
BRGYY,10,2,BG GROUP PLC ADR FIN INST N (UNITED KINGDOM) (BRGYY),BG FIN INST N,
BPMP,14,2,BP Midstream Partners LP Common Units representing Limited Partner Interests (BPMP),BP MIDSTREAM PARTNERS UNITS REPRESENTING PARTNER INTERESTS,
CYS,13,2,CYS INVESTMENTS INC,CYS INVESTMENTS,
CYBR,6,2,CyberArk Software Ltd. - Ordinary Shares,CYBERARK SOFTWARE ORDINARY,
DGI,60,2,DIGITAL GLOBE INC,DIGITAL GLOBE,
DFRG,8,2,DEL FRISCOS RESTAURANT GROUP I (DFRG),FRISCOS RESTAURANT I,
DEST,63,2,DESTINATION MATERNITY CORPORATION,DESTINATION MATERNITY,
NRZ,7,2,New Residential Investment Corp. (NRZ),RESIDENTIAL INVESTMENT,
NRF,35,2,NORTHSTAR REALTY FIN,NORTHSTAR REALTY FIN,
DNR,2,2,"DENBURY RESOURCES, INC.",DENBURY RESOURCES,
SSNI,4,2,"Silver Spring Networks, Inc. (SSNI)",SILVER SPRING NETWORKS,
SSE,4,2,Seventy-Seven Energy Inc. (stock) NYSE,SEVENTY SEVEN ENERGY,
SQI,11,2,SCIQUEST INCORPORATED NEW (SQI),SCIQUEST,
BGCP,3,2,"BGC PARTNERS, INC CMN CLASS A",BGC PARTNERS,
DM,4,2,"Dominion Energy Midstream Partners, LP Common Units representing Limited Partner Interests (DM)",DOMINION ENERGY MIDSTREAM PARTNERS UNITS REPRESENTING PARTNER INTERESTS,
DSW,40,2,DSW INC,DSW,
PBSFY,3,2,ProsiebenSat.1 Media AG Muenchen Unsponsored ADR (PBSFY),PROSIEBENSAT 1 MEDIA MUENCHEN UNSPONSORED,
CVC,24,2,Cablevision Systems Corporation (NYSE),CABLEVISION SYSTEMS,
OZRK,2,2,BANK OF THE OZARKS INC UNSOLICITED TRADE,BANK OZARKS UNSOLICITED TRADE,
ORCC,18,2,"Owl Rock Capital Corp (ORCC) (via HGI, LLC)",OWL ROCK CAPITAL,
OCR,2,2,"Omnicare, Inc. (OCR)",OMNICARE,
OAS,9,2,OASIS PETROLEUM INC,OASIS PETROLEUM,
OAK,4,2,"Oaktree Capital Group, LLC Class A Units Representing Limited Liability Company Interests (OAK)",OAKTREE CAPITAL LLC UNITS REPRESENTING LIABILITY INTERESTS,
BIG,2,2,"Big Lots, Inc. (BIG)",BIG LOTS,
BIF,7,2,"Boulder Growth & Income Fund, Inc. (BIF)",BOULDER GROWTH INCOME FUND,
DOOR,3,2,Masonite International Corporation Ordinary Shares (DOOR),MASONITE INTERNATIONAL ORDINARY,
TCK,2,2,Teck Resources Ltd Ordinary Shares (TCK),TECK RESOURCES ORDINARY,
TCF,39,2,TCF Financial Corporation,TCF FINANCIAL,
T WBD,5,2,"AT&T Inc. (Exchanged) Warner Bros. Discovery, Inc. - Series A Common Sto (Received)",AT T WARNER BROS DISCOVERY SERIES A STO,
SZYM,4,2,"Solazyme, Inc. (SZYM)",SOLAZYME,
SYT,10,2,Syngenta AG (SYT),SYNGENTA,
SUSS,10,2,SUSSER HOLDINGS CORP,SUSSER,
SUSP,14,2,SUSSER PETROLEUM PARTNERS LP,SUSSER PETROLEUM PARTNERS,
NCR,7,2,NCR CORPORATION CMN,NCR,
MZOR,3,2,Mazor Robotics Ltd,MAZOR ROBOTICS,
ECOM,31,2,ChannelAdvisor Corporation Common Stock,CHANNELADVISOR,
DWAC,2,2,Digital World Acquisition Corp. - Class A (DWAC),DIGITAL WORLD ACQUISITION,
MTBC,9,2,"CareCloud, Inc. (MTBC)",CARECLOUD,CCLD
ENH,2,2,Endurance Specialty Holdings Ltd (ENH),ENDURANCE SPECIALTY,
ENDP,18,2,ENDO INTERNATIONAL PLC SHS (IRELAND) (ENDP),ENDO INTERNATIONAL SHS,
ENBL,33,2,"Enable Midstream Partners, LP Common Units representing limited partner interests (ENBL)",ENABLE MIDSTREAM PARTNERS UNITS REPRESENTING PARTNER INTERESTS,
ELRC,37,2,ELECTRO RENT CORP,ELECTRO RENT,
ELLI,18,2,ELLIE MAE INCORPORATED (ELLI),ELLIE MAE,
ELGX,2,2,ENDOLOGIX INC,ENDOLOGIX,
MNTA,2,2,"Momenta Pharmaceuticals, Inc. (MNTA)",MOMENTA PHARMACEUTICALS,
TGP,6,2,Teekay LNG Partners L.P. (TGP),TEEKAY LNG PARTNERS,
TFCFA,2,2,"Twenty-First Century Fox, Inc. - Class A (TFCFA)",TWENTY FIRST CENTURY FOX,
CTCT,7,2,CONSTANT CONTACT INCORPORATED (CTCT),CONSTANT CONTACT,
CTB,3,2,Cooper Tire & Rubber Company (CTB),COOPER TIRE RUBBER,
SMAR,4,2,SMARTSHEET INC. CMN CLASS A,SMARTSHEET,
SLY,2,2,SPDR S&P 600 Small Cap ETF (SLY),SPDR S P 600 SMALL CAP ETF,
SLW,5,2,Silver Wheaton Corp Common Shares (SLW),SILVER WHEATON,
BUNT,2,2,"DB 3x German Bund Futures Exchange Traded Notes due March 31, 2021 (BUNT)",DB 3X GERMAN BUND FUTURES EXCHANGE TRADED NOTES DUE MARCH 31 2021,
BT,3,2,BT Group plc American Depositary Shares (BT),BT AMERICAN DEPOSITARY,
BRS,42,2,BRISTOW GROUP INC,BRISTOW,VTOL
CSOD,6,2,CORNERSTONE ONDEMAND INC PER ADV,CORNERSTONE ONDEMAND PER ADV,
PCRFY,12,2,Panasonic Corporation (PCRFY),PANASONIC,
TELL,7,2,Tellurian Inc. (TELL),TELLURIAN,
AZEK,8,2,The AZEK Company Inc. Class A (AZEK),AZEK,
AYX,5,2,"ALTERYX, INC. CMN CLASS A",ALTERYX,
TCP,8,2,"TC PIPELINES, L.P. CMN",TC PIPELINES,
MINI,4,2,"Mobile Mini, Inc. (MINI)",MOBILE MINI,
MHLD,63,2,MAIDEN HOLDINGS LTD,MAIDEN,MHLA
MHFI,31,2,MCGRAW HILL FINL INCORPORATED (MHFI),MCGRAW HILL FINL,
MGP,8,2,MGM GROWTH PPTYS LLC CLASS A COM REIT (MGP),MGM GROWTH PPTYS LLC REIT,
ENLK,7,2,"EnLink Midstream Partners, LP Common Units Representing Limited Partnership Interests (ENLK)",ENLINK MIDSTREAM PARTNERS UNITS REPRESENTING PARTNERSHIP INTERESTS,
MGI,51,2,MONEYGRAM INTERNATIONAL INC,MONEYGRAM INTERNATIONAL,
MFRM,5,2,MATTRESS FIRM HLDG CORPORATION (MFRM),MATTRESS FIRM HLDG,
AREX,5,2,APPROACH RESOURCES INC,APPROACH RESOURCES,
TNGO,10,2,TANGOE INCORPORATED (TNGO),TANGOE,
TMHC,6,2,Taylor Morrison Home Corporation Common Stock (TMHC),TAYLOR MORRISON HOME,
AVLR,9,2,AVALARA INC CMN,AVALARA,
ATH,6,2,ATHENE HOLDING LTD. CMN CLASS A,ATHENE,ATHS
ATASY,7,2,Atlantia SPA Unsponsored ADR (ATASY),ATLANTIA SPA UNSPONSORED,
TI,11,2,TELECOM ITALIA SPA NEW REPSTG 10 OR,TELECOM ITALIA SPA REPSTG 10 OR,
MEG,7,2,"Media General, Inc. (MEG)",MEDIA GENERAL,
MDCA,11,2,MDC PARTNERS INCORPORATED CLASS A SUB VTG (CANADA) (MDCA),MDC PARTNERS SUB VTG,
MDC,5,2,M D C HLDGS INC,M D C HLDGS,
MCRS,5,2,MICROS SYST,MICROS SYST,
MBT,3,2,MOBILE TELESYSTEMS PJSC SPON ADR,MOBILE TELESYSTEMS PJSC SPON,
MAXR,4,2,Maxar Technologies Inc,MAXAR TECHNOLOGIES,
ETM,3,2,Entercom Communications Corp. (ETM),ENTERCOM COMMUNICATIONS,
LVNTA,4,2,Liberty Interactive Corporation - Series A Liberty Ventures (LVNTA),LIBERTY INTERACTIVE SERIES A LIBERTY VENTURES,
LUK,5,2,LEUCADIA NATIONAL CORP CMN,LEUCADIA NATIONAL,
LTRPA,9,2,Liberty Tripadvisor Holdings,LIBERTY TRIPADVISOR,
LTHM,11,2,LIVENT CORPORATION CMN,LIVENT,
EVOP,4,2,"EVO Payments, Inc.",EVO PAYMENTS,
AOBC,2,2,American Outdoor Brands Corporation,AMERICAN OUTDOOR BRANDS,AOUT
ANZBY,4,2,Australia and New Zealand Banking Group Limited (ANZBY),AUSTRALIA ZEALAND BANKING,
CPHD,5,2,CEPHEID (CPHD),CEPHEID,
CPE,3,2,Callon Petroleum Company (CPE),CALLON PETROLEUM,
SIRO,5,2,SIRONA DENTAL SYSTEMS INCORPORATED (SIRO),SIRONA DENTAL SYSTEMS,
SHYF,4,2,"The Shyft Group, Inc. (SHYF)",SHYFT,
SGY,7,2,STONE ENERGY CORPORATION (SGY),STONE ENERGY,
CAB,28,2,Cabela's Inc CMN,CABELA S,
CAA,2,2,"CalAtlantic Group, Inc. (CAA)",CALATLANTIC,
BYI,6,2,Bally Technology,BALLY TECHNOLOGY,
BWLD,4,2,BUFFALO WILD WINGS INCORPORATED (BWLD),BUFFALO WILD WINGS,
SGH,65,2,Smart Global Holdings Inc,SMART GLOBAL,
COTV,3,2,"Cotiviti Holdings, Inc. (COTV)",COTIVITI,
PGH,2,2,Pengrowth Energy Corporation (NYSE),PENGROWTH ENERGY,
PF,7,2,PINNACLE FOODS INCORPORATED DEL (PF),PINNACLE FOODS,
TRXC,6,2,Transenterix Inc Stock,TRANSENTERIX,
ASGN,4,2,ON ASSIGNMENT INCORPORATED (ASGN),ON ASSIGNMENT,
ETP ET,2,2,"Energy Transfer Partners, L.P. (Exchanged) Energy Transfer LP (Received)",ENERGY TRANSFER PARTNERS ENERGY TRANSFER,
LOCK,10,2,LIFELOCK INCORPORATED (LOCK),LIFELOCK,
LMRK,149,2,Landmark Infrastructure Partners,LANDMARK INFRASTRUCTURE PARTNERS,
FFG,2,2,"FBL Financial Group, Inc. (FFG)",FBL FINANCIAL,
UFS,6,2,Domtar Corporation (UFS),DOMTAR,
UBNT,5,2,UBIQUITI NETWORKS INC,UBIQUITI NETWORKS,
TVPT,4,2,Travelport Worldwide Limited Common Shares (TVPT),TRAVELPORT WORLDWIDE,
TUMI,3,2,TUMI HLDGS INCORPORATED (TUMI),TUMI HLDGS,
AQUA,15,2,Evoqua Water Technologies Corp. (AQUA),EVOQUA WATER TECHNOLOGIES,
APOL,2,2,Apollo Education,APOLLO EDUCATION,
APL,4,2,"Atlas Pipeline Partners, L.P. Common Units, No Par Value (APL)",ATLAS PIPELINE PARTNERS UNITS NO VALUE,
APHA,2,2,Aphria Inc. - Common Shares (APHA),APHRIA,
VER,3,2,"VEREIT, Inc. (VER)",VEREIT,
VBTX,46,2,Veritex Holdings Inc,VERITEX,
AMSG,8,2,AMSURG CORPORATION (AMSG),AMSURG,
UPMKY,4,2,UPM-Kymmene Oyj (UPMKY),UPM KYMMENE OYJ,
UPL,15,2,ULTRA PETROLEUM CORP,ULTRA PETROLEUM,
EXXI,3,2,ENERGY XXI BERMUDA LIMITED USD UNRS SHS (BERMUDA) (EXXI),ENERGY XXI BERMUDA UNRS SHS,
LM,7,2,LEGG MASON INC CMN,LEGG MASON,
SCTY,6,2,SolarCity Corporation (SCTY),SOLARCITY,
CBS-A,8,2,CBS Corp. CI B common stock,CBS CI B,
CBA,3,2,ClearBridge American Energy MLP Fund Inc. (CBA),CLEARBRIDGE AMERICAN ENERGY MLP FUND,
SC,2,2,Santander Consumer USA Holdings Inc. (SC),SANTANDER CONSUMER USA,
SAPE,11,2,SAPIENT CORP,SAPIENT,
SAND,2,2,Sandstorm stock,SANDSTORM,
CMRX,3,2,CHIMERIX INCORPORATED (CMRX),CHIMERIX,
PLT,5,2,PLANTRONICS INCORPORATED NEW (PLT),PLANTRONICS,
PLL,4,2,Pall Corporation (PLL),PALL,
PLKI,2,2,"Popeyes Louisiana Kitchen, Inc. (NASDAQ)",POPEYES LOUISIANA KITCHEN,
PLAN,3,2,"Anaplan, Inc. (PLAN)",ANAPLAN,
PHB,10,2,Invesco Fundamental High Yield Corp Bond ETF,INVESCO FUNDAMENTAL HIGH YIELD BOND ETF,
CSC,2,2,CSC CORP,CSC,
LGF,2,2,LIONS GATE ENTERTAINMENT CORP,LIONS GATE ENTERTAINMENT,
LEXEA,4,2,"Liberty Expedia Holdings, Inc. - Series A (LEXEA)",LIBERTY EXPEDIA SERIES A,
FMBI,2,2,FIRST MIDWEST BANCORP DEL (FMBI),FIRST MIDWEST BANCORP,
FII,5,2,"Federated Investors, Inc. (FII)",FEDERATED INVESTORS,
AHONY,7,2,"Koninklijke Ahold, N.V. American Depositary Shares (AHONY)",KONINKLIJKE AHOLD AMERICAN DEPOSITARY,
ALTR,5,2,Altera Corp. (NASDAQ),ALTERA,
ALTM,8,2,ARCADIUM LITHIUM PLC CMN,ARCADIUM LITHIUM,
ALEX,5,2,"Alexander & Baldwin, Inc. Common Stock REIT Holding Company (ALEX)",ALEXANDER BALDWIN REIT,
FGP,3,2,"Ferrellgas Partners, L.P. (FGP)",FERRELLGAS PARTNERS,FGPR
LC,8,2,LendingClub Corporation (LC),LENDINGCLUB,
RRMS,12,2,"Rose Rock Midstream, L.P. Common Units Representing Limited Partner Interests (RRMS)",ROSE ROCK MIDSTREAM UNITS REPRESENTING PARTNER INTERESTS,
CEB,3,2,CEB Inc. (CEB),CEB,
CCT,2,2,"Corporate Capital Trust, Inc. (CCT)",CORPORATE CAPITAL TRUST,
CCP,2,2,"Care Capital Properties, Inc. (CCP)",CARE CAPITAL PROPERTIES,
CLNS,23,2,COLONY NORTHSTAR INC,COLONY NORTHSTAR,
CLMS,2,2,Calamos Asset Mgmt Cl A,CALAMOS ASSET MGMT,
POL,7,2,PolyOne Corporation (POL),POLYONE,
PNRA,10,2,PANERA BREAD COMPANY CLASS A (PNRA),PANERA BREAD,
COMM,8,2,"CommScope Holding Company, Inc. (COMM)",COMMSCOPE,
LANC,2,2,LANCASTER COLONY CRP,LANCASTER COLONY CRP,
KW,22,2,Kennedy-Wilson Holdings Inc,KENNEDY WILSON,
FNA,5,2,"Paragon 28, Inc. Common Stock (FNA)",PARAGON 28,
KEG,5,2,KEY ENERGY SVCS INC,KEY ENERGY SVCS,
JOY,4,2,Joy Global,JOY GLOBAL,
JNS,6,2,Janus Capital,JANUS CAPITAL,
FTCH,9,2,FAFFETCH LTD COM USD0.04 CLASS A,FAFFETCH USD0 04,
WBT,13,2,Welbilt Inc. - stock,WELBILT,
WAIR,2,2,WESCO AIRCRAFT HOLDINGS INC,WESCO AIRCRAFT,
WAC,3,2,Walter Investment Management Corp.,WALTER INVESTMENT MANAGEMENT,
VSTO,6,2,Vista Outdoor Inc. (VSTO),VISTA OUTDOOR,
VSLR,35,2,"Vivint Solar, Inc. (VSLR)",VIVINT SOLAR,
VSI,7,2,VITAMIN SHOPPE INCORPORATED (VSI),VITAMIN SHOPPE,
AJRD,6,2,"Aerojet Rocketdyne Holdings, Inc. (AJRD)",AEROJET ROCKETDYNE,
ISIS,2,2,"Isis Pharmaceuticals, Inc. (NASDAQ)",ISIS PHARMACEUTICALS,
IRBT,8,2,iRobot Corporation,IROBOT,
IPCM,5,2,IPC THE HOSPITALIST COMPANY INCORPORATED (IPCM),IPC HOSPITALIST,
INST,6,2,"Instructure, Inc. (INST)",INSTRUCTURE,
INFN,25,2,INFINERA CORPORATION CMN,INFINERA,
CIOXY,13,2,CIELO S A SPONSORED ADR (BRAZIL) (CIOXY),CIELO S A,
CHUY,4,2,"Chuy's Holdings, Inc. (CHUY)",CHUY S,
QIHU,9,2,Qihoo 360 Technology Co Ltd,QIHOO 360 TECHNOLOGY,
QEP,18,2,QEP RESOURCES INC,QEP RESOURCES,
QCP,2,2,"Quality Care Properties, Inc. (QCP)",QUALITY CARE PROPERTIES,
PX LIN,2,2,"Praxair, Inc. (Exchanged) Linde plc (Received)",PRAXAIR LINDE,
PSB,2,2,PS Business Parks Inc.,PS BUSINESS PARKS,
CMO,8,2,Capstead Mortgage,CAPSTEAD MORTGAGE,
CMN,8,2,CANTEL MEDICAL CORPORATION (CMN),CANTEL MEDICAL,
CMLP,3,2,Crestwood Midstream Partners LP (CMLP),CRESTWOOD MIDSTREAM PARTNERS,
SAGE,9,2,SAGE THERAPEUTICS INCORPORATED (SAGE),SAGE THERAPEUTICS,
RYH,3,2,Guggenheim S&P 500 Equal Weight Healthcare ETF (RYH),GUGGENHEIM S P 500 EQUAL WEIGHT HEALTHCARE ETF,
INFA,5,2,INFORMATICA CORPORATION (INFA),INFORMATICA,
INF,3,2,Brookfield Global Listed Infrastructure Income Fund Closed End Fund (INF),BROOKFIELD GLOBAL LISTED INFRASTRUCTURE INCOME FUND CLOSED END FUND,
GGP,10,2,GGP INC CMN,GGP,
IIVI,3,2,II VI INCORPORATED (IIVI),II VI,
IGT,7,2,International Game,INTERNATIONAL GAME,
IBDP,8,2,ISHARES TR IBONDS DEC 2024 TER (IBDP),ISHARES TR IBONDS DEC 2024 TER,
IBDO,4,2,ISHARES DEC 2023 TERM CORP (IBDO),ISHARES DEC 2023 TERM,
IBDM,5,2,Ishares Ibonds Dec 20 Trm Corp,ISHARES IBONDS DEC 20 TRM,
IACI,3,2,IAC/InterActiveCorp (IACI),IAC INTERACTIVECORP,
GPP,103,2,GREEN PLAINSPARTNERS LP,GREEN PLAINSPARTNERS,
ABCO,7,2,ADVISORY BRD COMPANY (ABCO),ADVISORY BRD,
HUB-B,2,2,Hubbell Inc. (NYSE),HUBBELL,HUBB
-- RTX,2,2,UTX - United Technologies Corporation (Exchanged) Raytheon Technologies Corporation (Received),UTX UNITED TECHNOLOGIES RAYTHEON TECHNOLOGIES,
HSP,5,2,Hospira,HOSPIRA,
GXP,5,2,GREAT PLAINS ENERGY INCORPORATED (GXP),GREAT PLAINS ENERGY,
HPT,3,2,Hospitality Properties Trust - Shares of Beneficial Interest (HPT),HOSPITALITY PROPERTIES TRUST BENEFICIAL INTEREST,
ZI,15,2,ZOOMINFO TECHNOLOGIES INC CMN,ZOOMINFO TECHNOLOGIES,GTM
-- TFC,2,2,BB&T CORP (Exchanged) Truist Financial Corporation (Received),BB T TRUIST FINANCIAL,
-- ENB,2,2,Spectra Energy Corporation (Exchanged) Enbridge Inc. (Received),SPECTRA ENERGY ENBRIDGE,
-- DWDP,3,2,DD - E I duPont de Nemours & Co (Exchanged) DowDuPont Inc. (Received),DD E I DUPONT NEMOURS DOWDUPONT,
ZBB,29,1,ZBB Energy,ZBB ENERGY,
-- HR,1,1,HEALTHCARE REALTY TR INC (Exchanged) Healthcare Realty Trust Incorporated Common Stock (Received),HEALTHCARE REALTY TR HEALTHCARE REALTY TRUST,
-- IRT,1,1,"Steadfast Income REIT (Exchanged) Independence Realty Trust, Inc. Common Stock (Received)",STEADFAST INCOME REIT INDEPENDENCE REALTY TRUST,
-- LGI,1,1,"LOR Lazard World Dividend and Income Fund (Exchanged) Lazard Global Total Return and Income Fund, Inc. (Received)",LOR LAZARD WORLD DIVIDEND INCOME FUND LAZARD GLOBAL TOTAL RETURN INCOME FUND,
-- OKE,1,1,"ONEOK PARTNERS (Exchanged) ONEOK, Inc. (Received)",ONEOK PARTNERS ONEOK,
-- PTEN,1,1,"Seventy Seven Energy, Inc (Exchanged) Patterson-UTI Energy, Inc. (Received)",SEVENTY SEVEN ENERGY PATTERSON UTI ENERGY,
-- RTN,1,1,United Technologies Corp. (Exchanged) Raytheon Company (Received),UNITED TECHNOLOGIES RAYTHEON,
ZIMV,1,1,ZimVie Inc. (ZIMV),ZIMVIE,
XER-BE,1,1,XEROX CORP Rate/Coupon: 4.5% Matures: 05/15/2021,XEROX RATE COUPON 4 5 MATURES 05 15 2021,
XENT,1,1,"Intersect ENT, Inc. (XENT)",INTERSECT ENT,
ABQCX,1,1,Ab Bond Fund Inc. - Ab Total Return Bond Portfo,AB BOND FUND AB TOTAL RETURN BOND PORTFO,
ABNRY,3,1,ABNAMRO GROUP NV UNSPONR ADR (NETHERLANDS) (ABNRY),ABNAMRO UNSPONR,
ABCOO,1,1,ADVISORY BOARD COMPANY (ABCOO),ADVISORY BOARD,
AAWW,1,1,Atlas Air Worldwide Holdings (AAWW),ATLAS AIR WORLDWIDE,
-- TAC,1,1,TRSWF - TransAlta Renewables Inc (Exchanged) Transalta Corp (Received),TRSWF TRANSALTA RENEWABLES TRANSALTA,
^MWE MPLX,1,1,^MWE (Exchanged) MPLX LP (Received),MWE MPLX,
ZW,1,1,Zillow Group Inc (Stock) (ZW),ZILLOW,ZG
ZU,1,1,"zulily, inc. - Class A (ZU)",ZULILY,
ZNGA-SW,1,1,Zynga Inc.,ZYNGA,
WY-Z,1,1,Weyerhaeuser Company Common Stock When Distibuted (WY.Z) [ST],WEYERHAEUSER WHEN DISTIBUTED,
WWGEX,2,1,Advisors Inner Circle Fs Westwood (WWGEX),ADVISORS INNER CIRCLE FS WESTWOOD,
WWE,4,1,WORLD WRESTLING ENTERTAINMENT CMN CLASS A,WORLD WRESTLING ENTERTAINMENT,
WUBA,3,1,58 COM INCORPORATED SPON ADR REP A (CAYMAN ISLANDS) (WUBA),58 SPON REP A,
WTT,3,1,Wireless Telecom Group Inc,WIRELESS TELECOM,
GSAH,3,1,GS Acquisition Holdings Corp. Class A (GSAH) [ST],GS ACQUISITION,
HPV,1,1,HEARTLAND PAYMENT SYSTEMS (HPV),HEARTLAND PAYMENT SYSTEMS,
HOSMX,1,1,Hodges Small-Cap Fnd HOSMX,HODGES SMALL CAP FND HOSMX,
HOFV,1,1,Hall of Fame Resort & Entertainment Company (HOFV),HALL FAME RESORT ENTERTAINMENT,
HMHC,4,1,Houghton Mifflin Harcourt Company (HMHC),HOUGHTON MIFFLIN HARCOURT,
HLUYY,3,1,H Lundbeck A/S Sponsored ADR (HLUYY),H LUNDBECK A S,
HLS,1,1,HealthSouth Corp (HLS)(stock),HEALTHSOUTH,
HK,3,1,HALCON RES CORPORATION COM NEW (HK),HALCON RES,
HIYS,1,1,Invesco Actively Managed Exchange-Traded Fund Trus,INVESCO ACTIVELY MANAGED EXCHANGE TRADED FUND TRUS,
HIL,3,1,"Hill International, Inc. (HIL)",HILL INTERNATIONAL,
HIFR,1,1,"InfraREIT, Inc. (HIFR)",INFRAREIT,
HGH,1,1,HARTFORD FINL SVC GRP 7.875% TO 4/15/22 FLOATS AFTER (HGH) BA1/BB+ 7.875% DUE:2042-04-15,HARTFORD FINL SVC GRP 7 875 TO 4 15 22 FLOATS AFTER BA1 BB 7 875 DUE 2042 04 15,
HEP,7,1,Holly Energy,HOLLY ENERGY,
HEES,1,1,H&E EQUIPMENT SVCS INC,H E EQUIPMENT SVCS,
HCLP,1,1,Hi-Crush Partners,HI CRUSH PARTNERS,
HCBK,1,1,"Hudson City Bancorp, Inc. (HCBK)",HUDSON CITY BANCORP,
HTLF,1,1,"Heartland Financial USA, Inc. (HTLF)",HEARTLAND FINANCIAL USA,
HSNI,1,1,HSN INCORPORATED (HSNI),HSN,
HSNGY,1,1,Hang Seng Bk Ltd Ord American Depositary Shares (HSNGY),HANG SENG BK AMERICAN DEPOSITARY,
HSH,1,1,Hillshire Brands Co (in UBS CMA),HILLSHIRE BRANDS,
HSC,1,1,Harsco Corporation (HSC),HARSCO,
HRG,26,1,HRG Group Inc,HRG,
HBMD,74,1,HOWARD BANCORP INC,HOWARD BANCORP,
HBHC,1,1,Hancock Holding Company (HBHC),HANCOCK,
HBAYF,2,1,Hudsons Bay Co Common Shares (HBAYF),HUDSONS BAY,
HAYN,6,1,"Haynes International, Inc. (HAYN)",HAYNES INTERNATIONAL,
HAR,9,1,HARMAN INTERNATIONAL INDUSTRIES INCORPORATED (HAR),HARMAN INTERNATIONAL INDUSTRIES,
HA,1,1,"Hawaiian Holdings, Inc. (HA)",HAWAIIAN,
GWPH,1,1,GW Pharmaceuticals Plc - American Depositary Shares (GWPH),GW PHARMACEUTICALS AMERICAN DEPOSITARY,
GVP,10,1,"GSE Systems, Inc. (GVP)",GSE SYSTEMS,
GTOMY,6,1,Gemalto NV Sponsored ADR (GTOMY),GEMALTO,
GSS,1,1,"Golden Star Resources, Ltd (GSS)",GOLDEN STAR RESOURCES,
IBDH,6,1,Ishares Ibond Dec 18 Trm Corp ETF,ISHARES IBOND DEC 18 TRM ETF,
IAC,1,1,IAC/InterActiveCorp (IAC),IAC INTERACTIVECORP,
GPX,1,1,GP Strategies,GP STRATEGIES,
GOOGLOLD,3,1,GOOGLE INCORPORATED CLASS A (GOOGLOLD),GOOGLE,
GOOCV,1,1,Google Inc. - Class C Capital Stock When Issued (GOOCV),GOOGLE CAPITAL WHEN ISSUED,
GNUS,1,1,Genius,GENIUS,GNS
GNKOQ,2,1,Genco Shipping & Trading Limited (GNKOQ),GENCO SHIPPING TRADING,GNK
GNC,2,1,"GNC Holdings, Inc. Class A (GNC)",GNC,
GMT,1,1,GATX Corporation (GMT),GATX,GATX
GMSYX,2,1,GMSYX - GOLDMAN SACHS SM MD CAP GROWTH I,GMSYX GOLDMAN SACHS SM MD CAP GROWTH I,
GMRE,2,1,Global Medical REIT Inc. Common Stock,GLOBAL MEDICAL REIT,
GMLP,14,1,Golar LNG Partners LP - Common Units Representing Limited Partnership (GMLP),GOLAR LNG PARTNERS UNITS REPRESENTING PARTNERSHIP,
HW,2,1,Headwaters Incorporated (HW),HEADWATERS,
HUD,116,1,Hudson Ltd,HUDSON,
HUB-A,1,1,Hubbell Inc A (HUB.A),HUBBELL A,
HTS,1,1,Hatteras Financial Corp (NYSE),HATTERAS FINANCIAL,
ILG,1,1,"ILG, Inc (ILG)",ILG,
IIN,1,1,IntriCon Corporation,INTRICON,
IILG,1,1,INTERVAL LEISURE GROUP INCORPORATED (IILG),INTERVAL LEISURE,
IIL,1,1,"4,000,000 shares of Innate Immunotherapies Ltd. on Australian Stock Exchange symbol IIL.",4 000 000 INNATE IMMUNOTHERAPIES ON AUSTRALIAN EXCHANGE SYMBOL IIL,
IGTE,1,1,IGATE CORPORATION (IGTE),IGATE,
IGN,1,1,ISHARES NA TEC MULTM ETF (IGN),ISHARES NA TEC MULTM ETF,
ICPT,1,1,"INTERCEPT PHARMACEUTICALS, INC CMN",INTERCEPT PHARMACEUTICALS,
IBTX,2,1,Independent Bank,INDEPENDENT BANK,INDB
IBTF,2,1,ISHARES IBONDS DEC 2025 TERM T (IBTF),ISHARES IBONDS DEC 2025 TERM T,
IBTE,1,1,IBTE,IBTE,
IBTD,2,1,ISHARES IBONDS DEC 2023 TERM T (IBTD),ISHARES IBONDS DEC 2023 TERM T,
IBTB,2,1,ISHARES IBONDS DEC 2022 TERM T (IBTB),ISHARES IBONDS DEC 2022 TERM T,
IBM-MX,1,1,International Business Machines Corporation,INTERNATIONAL BUSINESS MACHINES,IBM
IBDN,2,1,iShares iBonds Dec 2022 Term Corp (IBDN),ISHARES IBONDS DEC 2022 TERM,
IBDL,1,1,Ishares Ibonds Dec 20 Trm Corp,ISHARES IBONDS DEC 20 TRM,
IBDK,1,1,Ishares Ibonds Dec 20 Trm,ISHARES IBONDS DEC 20 TRM,
IMS,24,1,IMS HEALTH HLDGS INC,IMS HEALTH HLDGS,
GLT,1,1,P H GLATFELTER,P H GLATFELTER,
GLOV,1,1,Goldman Sachs ETF Tr Activebeta Eme (GLOV),GOLDMAN SACHS ETF TR ACTIVEBETA EME,
GLOP,15,1,GasLog Partners LP Common Units representing limited partnership interests (GLOP),GASLOG PARTNERS UNITS REPRESENTING PARTNERSHIP INTERESTS,
GLOG,16,1,GasLog Ltd common stock,GASLOG,
GIRBX,1,1,GOLDMAN SACHS BRIC FUND CLASS IR N/L (GIRBX),GOLDMAN SACHS BRIC FUND CLASS IR N L,
GIFI,1,1,"Gulf Island Fabrication, Inc. (GIFI)",GULF ISLAND FABRICATION,
GFSZY,1,1,G4S Plc Unsponsored ADR (GFSZY),G4S UNSPONSORED,
GFN,8,1,General Finance Corporation (GFN),GENERAL FINANCE,
GFIG,38,1,GFI GROUP INC,GFI,
GES,6,1,GUESS INC,GUESS,
GE GEHC,4,1,General Electric Company Common Stock (Exchanged) GE HealthCare Technologies Inc. - Common Stock (Received),GENERAL ELECTRIC GE HEALTHCARE TECHNOLOGIES,
GDEN,1,1,"Golden Entertainment, Inc. - Common Stock (GDEN)",GOLDEN ENTERTAINMENT,
IMPV,1,1,IMPERVA INC COM,IMPERVA,
IMGN,2,1,"ImmunoGen, Inc. (IMGN)",IMMUNOGEN,
IM,1,1,Ingram Micro Inc. (IM),INGRAM MICRO,INGM
ISDR,3,1,Issuer Direct Corporation (ISDR),ISSUER DIRECT,
ISCA,3,1,International Speed,INTERNATIONAL SPEED,
IS,1,1,ironSource Ltd. Class A Ordinary Shares (IS) [ST],IRONSOURCE ORDINARY,
IRLBF,1,1,Bank Of Ireland The Governor & Co of the Bank of Ireland Euro.64 Ordinary Shares (IRLBF),BANK IRELAND GOVERNOR BANK IRELAND EURO 64 ORDINARY,
IRET,2,1,Investors Real Estate Trust,INVESTORS REAL ESTATE TRUST,
IQNT,2,1,"Inteliquent, Inc. (IQNT)",INTELIQUENT,
IPXL,1,1,"Impax Laboratories, Inc. (IPXL)",IMPAX LABORATORIES,
IPHS,56,1,INNOPHOS HLDGS INC,INNOPHOS HLDGS,
INXN,2,1,Interxion Holding,INTERXION,
INWK,1,1,"InnerWorkings, Inc. (INWK)",INNERWORKINGS,
INRD,1,1,"Inrad Optics, Inc. (INRD)",INRAD OPTICS,
ININ,14,1,INTERACTIVE INTELLIGENCE GROUP,INTERACTIVE INTELLIGENCE,
INGIY,2,1,Ingenico S.A. Unsponsored ADR (INGIY),INGENICO S A UNSPONSORED,
INFR,1,1,Legg Mason Global Infrastructure ETF (INFR),LEGG MASON GLOBAL INFRASTRUCTURE ETF,
INFI,1,1,"Infinity Pharmaceuticals, Inc. (INFI)",INFINITY PHARMACEUTICALS,
INBR32,1,1,Inter BDR (Stock) (INBR32),INTER BDR,
FSRV,1,1,"Katapult Holdings, Inc. (KPLT)",KATAPULT,KPLT
JHG,3,1,JANUS HENDERSON GROUP PLC CMN,JANUS HENDERSON,
JHB,1,1,Nuveen High Income November 2021 Target Term Fund Nuveen High Income November 2021 Target Term Fund (JHB),NUVEEN HIGH INCOME NOVEMBER 2021 TARGET TERM FUND NUVEEN HIGH INCOME NOVEMBER 2021 TARGET TERM FUND,
JE,1,1,Just Energy,JUST ENERGY,
JDD,3,1,Nuveen Diversified Dividend and Income Fund Shares of Beneficial Interest (JDD),NUVEEN DIVERSIFIED DIVIDEND INCOME FUND BENEFICIAL INTEREST,
JCS,3,1,"Communications Systems, Inc. (JCS)",COMMUNICATIONS SYSTEMS,
JCP,1,1,"J.C. Penney Company, Inc. Holding Company (JCP)",J C PENNEY,
IXYS,1,1,IXYS Corporation (IXYS),IXYS,
IXNZF,1,1,I (IXNZF),I,
ITTOY,2,1,Itochu Techno-Solutions Corp Unsponsored ADR (ITTOY),ITOCHU TECHNO SOLUTIONS UNSPONSORED,
ITMN,1,1,INTERMUNE INCORPORATED (ITMN),INTERMUNE,
ITIP,1,1,iShares International Inflation-Linked Bond ETF (ITIP),ISHARES INTERNATIONAL INFLATION LINKED BOND ETF,
ITEK,2,1,Inotek Pharmaceuticals Corporation (ITEK),INOTEK PHARMACEUTICALS,
ISIL,25,1,INTERSIL CORP,INTERSIL,
ISGB,1,1,ISHARES TR 1-5 YR INVT GRADE BD ISGB,ISHARES TR 1 5 YR INVT GRADE BD ISGB,
ISEE,2,1,"IVERIC bio, Inc. (ISEE)",IVERIC BIO,
JNJ KVUE,2,1,Johnson & Johnson Common Stock (Exchanged) Kenvue Inc. Common Stock (Received),JOHNSON JOHNSON KENVUE,
JMP,1,1,JMP Group LLC Common Shares (JMP),JMP LLC,
JMG,1,1,"Journal Media Group, Inc. (JMG)",JOURNAL MEDIA,
JMF,2,1,Nuveen Energy MLP Total Return Fund Common Shares of Beneficial Interest (JMF),NUVEEN ENERGY MLP TOTAL RETURN FUND BENEFICIAL INTEREST,
JIH,13,1,"Juniper Industrial Holdings, Inc. Class A (JIH)",JUNIPER INDUSTRIAL,
GCP,1,1,GCP Applied Technologies Inc. (GCP),GCP APPLIED TECHNOLOGIES,
GCOIX,1,1,Goldman Sachs TR GRW OPPT INSTL (GCOIX),GOLDMAN SACHS TR GRW OPPT INSTL,
GCGMF,4,1,Great Canadian Gaming Corp Ordinary Shares (GCGMF),GREAT CANADIAN GAMING ORDINARY,
GCAP,2,1,"GAIN Capital Holdings, Inc. (GCAP)",GAIN CAPITAL,
GBTZY,4,1,Global Logistic Properties Ltd. Unsponsored ADR (GBTZY),GLOBAL LOGISTIC PROPERTIES UNSPONSORED,
GBT,2,1,"Global Blood Therapeutics, Inc. (GBT)",GLOBAL BLOOD THERAPEUTICS,
GAN,1,1,GAN Limited,GAN,
FUR,1,1,Winthrop Realty Trust New (FUR),WINTHROP REALTY TRUST,
FTV VNT,1,1,Fortive Corporation (Exchanged) Vontier Corporation (Received),FORTIVE VONTIER,
FTD,3,1,"FTD Companies, Inc. (FTD)",FTD,
FTBXL,1,1,Fifth Third Bancorp Depositary Share representing 1/25th Preferred Series H (FTBXL),FIFTH THIRD BANCORP DEPOSITARY REPRESENTING 1 25TH PREFERRED SERIES H,
KMI-W,1,1,"Kinder Morgan, Inc. Warrants Expiring 2017 (KMI.W)",KINDER MORGAN WARRANTS EXPIRING 2017,
KMG,50,1,KMG CHEMICALS INC,KMG CHEMICALS,
KLG,1,1,WK KELLOGG CO CMN,WK KELLOGG,
KL,2,1,Kirkland Lake Gold Ltd.,KIRKLAND LAKE GOLD,
KKD,1,1,"Krispy Kreme Doughnuts, Inc. (KKD)",KRISPY KREME DOUGHNUTS,
KITE,17,1,"Kite Pharma, Inc (stock) NASDAQ",KITE PHARMA,
KEYW,4,1,KEYW HLDG CORPORATION (KEYW),KEYW HLDG,
KEYJ,1,1,"KeyCorp Depositary Shares each representing a 1/40th ownership interest in a share of Fixed Rate Perpetual Non-Cumulative Preferred Stock, Series F (KEY$J)",KEYCORP DEPOSITARY EACH REPRESENTING A 1 40TH OWNERSHIP INTEREST IN A FIXED RATE PERPETUAL NON CUMULATIVE PREFERRED SERIES F,
KCRPY,1,1,KAO CORPORATION SPONSORED ADR (JAPAN) (KCRPY),KAO,
KATE,4,1,KATE SPADE & COMPANY,KATE SPADE,
JW-A,5,1,WILEY JOHN & SONS INCORPORATED CLASS A (JW.A),WILEY JOHN SONS,
JUNO,4,1,Juno Therapeutics Inc Com,JUNO THERAPEUTICS,
JTA,1,1,JTA-NYSE Nuveen Tax Advantaged Total,JTA NUVEEN TAX ADVANTAGED TOTAL,
JPMJ,3,1,"J P Morgan Chase & Co Depositary Shares, each representing a 1/400th interest in a share of JPMorgan Chase & Co. 4.75% Non-Cumulative Preferred Stock, Series GG (JPM$J)",J P MORGAN CHASE DEPOSITARY EACH REPRESENTING A 1 400TH INTEREST IN A JPMORGAN CHASE 4 75 NON CUMULATIVE PREFERRED SERIES GG,
JPMG,3,1,"J P Morgan Chase & Co Depositary Shares, each representing a 1/400th interest in a share of 6.10% Non-Cumulative Preferred Stock, Series AA (JPM$G)",J P MORGAN CHASE DEPOSITARY EACH REPRESENTING A 1 400TH INTEREST IN A 6 10 NON CUMULATIVE PREFERRED SERIES AA,
JPJQL,1,1,JP MORGAN CHASE (OTC Markets),JP MORGAN CHASE,
KOG,1,1,KODI Corp,KODI,
KNL,1,1,KNOLL INC,KNOLL,
KMR,1,1,"Kinder Morgan Management, LLC (KMR)",KINDER MORGAN MANAGEMENT LLC,
FSKR,2,1,FS KKR Capital Corp. II (FSKR) [ST],FS KKR CAPITAL II,
FSFR,1,1,Fifth Street Senior Floating Rate Corp. (FSFR),FIFTH STREET SENIOR FLOATING RATE,
FRRVY,1,1,Ferrovial SA Unsponsored ADR (FRRVY),FERROVIAL UNSPONSORED,
FRM,2,1,Furmanite Corp.,FURMANITE,
FPL,2,1,First Tr New Opportunity MLP & Energy Fund,FIRST TR OPPORTUNITY MLP ENERGY FUND,
FOLD,1,1,"Amicus Therapeutics, Inc. (FOLD)",AMICUS THERAPEUTICS,
FOEAF,2,1,Fred Olsen Energy Asa Ord Ordinary Shares (FOEAF),FRED OLSEN ENERGY ASA ORDINARY,
FNSR,6,1,FINISAR CORPORATION,FINISAR,
FNI,1,1,First Trust Chindia ETF (FNI),FIRST TRUST CHINDIA ETF,
FNFV-V,1,1,"Fidelity National Financial, Inc. Common Stock Ex-Distribution When Issued (FNFV.V)",FIDELITY NATIONAL FINANCIAL EX DISTRIBUTION WHEN ISSUED,
FNFG,2,1,FIRST NIAGARA FINL,FIRST NIAGARA FINL,
FNBC,2,1,First NBC Bank Holding Company (FNBC),FIRST NBC BANK,
FMI,1,1,Foundation Medicine Inc.,FOUNDATION MEDICINE,
LDR,1,1,Landauer Inc. (NYSE),LANDAUER,
LDL,67,1,"Lydall, Inc.",LYDALL,
LDBKY,1,1,LADBROKES PLC SPON ADR (UNITED KINGDOM) (LDBKY),LADBROKES SPON,
FMCMF,1,1,Fresenius Medical Care AG Vorz AKT OHNE Stimmrecht (FMCMF),FRESENIUS MEDICAL CARE VORZ AKT OHNE STIMMRECHT,
FMBA,3,1,Farmers & Merchants Bancorp Inc (FMBA),FARMERS MERCHANTS BANCORP,FMCB
FLNTOLD,2,1,FUELNATION INCORPORATED (FLNTOLD),FUELNATION,
FL4-SG TDY,1,1,FLIR SYSTEMS INC. Registered Sh (Exchanged) Teledyne Technologies Incorporated (Received),FLIR SYSTEMS REGISTERED SH TELEDYNE TECHNOLOGIES,
FIT,1,1,"Fitbit, Inc. Class A (FIT)",FITBIT,
FINL,1,1,"The Finish Line, Inc. - Class A (FINL)",FINISH LINE,
FFKT,20,1,FARMERS CAPITAL BANK CORP,FARMERS CAPITAL BANK,
LCI,2,1,Lannett Co Inc (LCI),LANNETT,
LBIX,1,1,Leading Brands Inc - Common Shares (LBIX),LEADING BRANDS,
LABL,8,1,Multi-Color Corporation (LABL),MULTI COLOR,
KYOCY,1,1,Kyocera Corporation ADR Japan (KYOCY),KYOCERA JAPAN,
KRTX,1,1,"Karuna Therapeutics, Inc. (KRTX)",KARUNA THERAPEUTICS,
KPLTW,6,1,"Katapult Holdings, Inc. - Warrant (KPLTW)",KATAPULT WARRANT,
LMACU,1,1,Liberty Media Acquisition Corporation,LIBERTY MEDIA ACQUISITION,
LM09-SG,4,1,Liberty Media Corp. Reg.Sh.C FO,LIBERTY MEDIA REG SH C FO,
FDSWX,1,1,AIG Focused Dividend Strategy Fund Class W,AIG FOCUSED DIVIDEND STRATEGY FUND CLASS W,
FDO,3,1,"Family Dollar Stores, Inc. (FDO)",FAMILY DOLLAR STORES,
FDML,5,1,Federal-Mogul Holdings Corporation - Class A (FDML),FEDERAL MOGUL,
FCS,3,1,"Fairchild Semiconductor International, Inc. (FCS)",FAIRCHILD SEMICONDUCTOR INTERNATIONAL,
FCGYF,2,1,"Veresen, Inc. Ordinary Shares (FCGYF)",VERESEN ORDINARY,
FCE-A,23,1,FOREST CITY REALTY TRUST,FOREST CITY REALTY TRUST,
FCAU,2,1,Fiat Chrysler Automotive,FIAT CHRYSLER AUTOMOTIVE,
FBC,2,1,"Flagstar Bancorp, Inc. (FBC)",FLAGSTAR BANCORP,
FARO,1,1,FARO TECHNOLOGIES INC CMN,FARO TECHNOLOGIES,
LKSD,1,1,"LSC Communications, Inc. (LKSD)",LSC COMMUNICATIONS,
LJPC,2,1,LA JOLLA PHARMACEUTICAL COMPANY COM PAR $.0001 2 (LJPC),LA JOLLA PHARMACEUTICAL 0001 2,
LIN PX,1,1,"Linde plc (Exchanged) Praxair, Inc. (Received)",LINDE PRAXAIR,
LGP,4,1,Lehigh Gas Partners LP (NYSE),LEHIGH GAS PARTNERS,
LGF-A,3,1,LIONS GATE ENTERTAINMENT CORP. CM,LIONS GATE ENTERTAINMENT CM,
EXTN,6,1,EXTERRAN CORP,EXTERRAN,
EXPR,1,1,EXPRESS INC (EXPR),EXPRESS,
EXPI,1,1,"eXp World Holdings, Inc.",EXP WORLD,
EXH,8,1,EXTERRAN HLDGS INC,EXTERRAN HLDGS,
EVHC,1,1,Envision Healthcare Corporation (EVHC) [ST],ENVISION HEALTHCARE,
EVEP,4,1,"EV Energy Partners, L.P. - common units representing limited partnership interest (EVEP)",EV ENERGY PARTNERS UNITS REPRESENTING PARTNERSHIP INTEREST,
EVDY,1,1,Everyday Health Inc. - stock,EVERYDAY HEALTH,
ETWO-W,1,1,"E2open Parent Holdings, Inc. Warrants (ETWO.W)",E2OPEN PARENT WARRANTS,
ETRN EQT,1,1,Equitrans Midstream Corp (Exchanged) Eqt Corp (Received),EQUITRANS MIDSTREAM EQT,
ETP ^RGP,1,1,"Energy Transfer Partners, L.P. (Exchanged) ^RGP (Received)",ENERGY TRANSFER PARTNERS RGP,
LOR,1,1,Lazard World Div & Inc Fd ETF,LAZARD WORLD DIV FD ETF,
LNXW,1,1,Lenox Wealth Management Inc. (LNXW),LENOX WEALTH MANAGEMENT,
LNSTY,8,1,LONDON STOCK EXCHG-UNSP ADR,LONDON EXCHG UNSP,
LNCE,3,1,SNYDERS-LANCE INCORPORATED (LNCE),SNYDERS LANCE,
LN,1,1,LINE Corporation American Depositary Shares (LN),LINE AMERICAN DEPOSITARY,
LMST,2,1,"Limestone Bancorp, Inc. - Common Stock",LIMESTONE BANCORP,
MANT,5,1,ManTech International Corporation,MANTECH INTERNATIONAL,
MAG,2,1,MAG Silver Corporation Ordinary Shares (MAG),MAG SILVER ORDINARY,
ET ETP,1,1,"Energy Transfer LP (Exchanged) Energy Transfer Partners, L.P. (Received)",ENERGY TRANSFER ENERGY TRANSFER PARTNERS,
ESTE,1,1,"Earthstone Energy, Inc. Class A (ESTE)",EARTHSTONE ENERGY,
ESPR,3,1,Esperion Therapeutics Inc,ESPERION THERAPEUTICS,
ESGR,3,1,Enstar Group Limited - Ordinary Shares (ESGR),ENSTAR ORDINARY,
ESGC,2,1,Eros STX Global Corporation A Ordinary Shares (ESGC) [ST],EROS STX GLOBAL A ORDINARY,
ESALY,2,1,Eisai Co Ltd American Depositary Shares (ESALY) [ST],EISAI AMERICAN DEPOSITARY,
ERI,3,1,"Eldorado Resorts, Inc. (ERI)",ELDORADO RESORTS,
ERF,1,1,Enerplus Corp.,ENERPLUS,
LXFT,6,1,LUXOFT HLDG,LUXOFT HLDG,
LVLT CTL,1,1,"Level 3 Communications, Inc. (Exchanged) CenturyLink, Inc. (Received)",LEVEL 3 COMMUNICATIONS CENTURYLINK,
LVGO,3,1,LIVONGO HEALTH INC REG SHS EXECUTE,LIVONGO HEALTH REG SHS EXECUTE,
LTXB,1,1,"LegacyTexas Financial Group, Inc. (LTXB)",LEGACYTEXAS FINANCIAL,
LSXMK SIRI,1,1,Liberty Media Corporation - Series C Liberty Siriu (Exchanged) Sirius XM Holdings Inc. - Common Stock (Received),LIBERTY MEDIA SERIES C LIBERTY SIRIU SIRIUS XM,
LORL,117,1,LORAL SPACE & COMMUNICATIONS,LORAL SPACE COMMUNICATIONS,
MFH,1,1,"M Financial Holding (MFH), (Insurance, Portland, OR) [PS]",M FINANCIAL,
MFCDX,1,1,MainStay Marketfield C (NASDAQ),MAINSTAY MARKETFIELD C,
MENT,1,1,MENTOR GRAPHICS,MENTOR GRAPHICS,
MEMP,1,1,Memorial Production Partners LP - Common Units (MEMP),MEMORIAL PRODUCTION PARTNERS UNITS,
MEET,1,1,"GS Brokerage - MEET GROUP, INC (THE) CMN (MEET)",GS BROKERAGE MEET,
MEAS,8,1,MEASUREMENT SPECIALTIES INC,MEASUREMENT SPECIALTIES,
MDP,1,1,Meredith Corporation (NYSE),MEREDITH,
MDLY,108,1,MEDLEY MGMT INC,MEDLEY MGMT,
MDLAY,5,1,MEDIOLANUM SPA ADR (ITALY) (MDLAY),MEDIOLANUM SPA,
MDD,1,1,MIDDLEBY CORP (MDD),MIDDLEBY,MIDD
MCF,1,1,Contango Oil,CONTANGO OIL,
MCC,2,1,Medley Capital Corporation (MCC),MEDLEY CAPITAL,
MBRG,1,1,MBRG - Middleberg Financial corp,MBRG MIDDLEBERG FINANCIAL,
MBFI,1,1,MB Financial Inc. (MBFI),MB FINANCIAL,
MAYHX,1,1,Blackrock High Yield Municipal Fund - MAYHX,BLACKROCK HIGH YIELD MUNICIPAL FUND MAYHX,
MAXD,7,1,Max Sound Corporation (MAXD),MAX SOUND,
MIXT,6,1,"MiX Telematics Limited American Depositary Shares, each representing 25 Ordinary Shares (MIXT)",MIX TELEMATICS AMERICAN DEPOSITARY EACH REPRESENTING 25 ORDINARY,
MITL,6,1,Mitel Networks Corporation - Common Shares (MITL),MITEL NETWORKS,
MIE,1,1,"Cohen & Steers MLP Income and Energy Opportunity Fund, Inc. (MIE)",COHEN STEERS MLP INCOME ENERGY OPPORTUNITY FUND,
MICRD,1,1,MICRON SOLUTIONS INC NEW (MICRD),MICRON SOLUTIONS,
MGU,1,1,Macquarie Global Infrastructure Total Return Fund Inc. (MGU),MACQUARIE GLOBAL INFRASTRUCTURE TOTAL RETURN FUND,
EQV,2,1,EQV,EQV,
EQC,1,1,Equity Commonwealth,EQUITY COMMONWEALTH,
EPL,1,1,EPL Oil Inc,EPL OIL,
EOX,3,1,EMERALD OIL INCORPORATED COM NEW (EOX),EMERALD OIL,
ENZY,6,1,ENZYMOTEC LTD,ENZYMOTEC,
ENTR,1,1,"Entropic Communications, Inc. (ENTR)",ENTROPIC COMMUNICATIONS,
ENOP,1,1,ENDO INTERNATIONAL PLC SHS (IRELAND) (ENOP),ENDO INTERNATIONAL SHS,
ENOC,2,1,ENERNOC INC,ENERNOC,
ENOB,2,1,"Enochian Biosciences, Inc. (ENOB)",ENOCHIAN BIOSCIENCES,
MGLN,62,1,Magellan Health Inc,MAGELLAN HEALTH,
MFS,4,1,MANITOWOC FOODSERVICE INCORPORATED (MFS),MANITOWOC FOODSERVICE,
EEI,8,1,Ecology & Env. Inc.,ECOLOGY ENV,
MRH,1,1,Montpelier Re Holdings Ltd. (MRH),MONTPELIER RE,
MRD,6,1,MEMORIAL RESOURCE DEVELOPMENT CORP,MEMORIAL RESOURCE DEVELOPMENT,
MRC,107,1,MRC Global,MRC GLOBAL,
MPLX ^MWE,1,1,MPLX LP (Exchanged) ^MWE (Received),MPLX MWE,
MPLN,1,1,MultiPlan Corporation Class A (MPLN),MULTIPLAN,
MPEL,2,1,Melco Ent.,MELCO ENT,
MODG,2,1,TOPGOLF CALLAWAY BRANDS CORP CMN,TOPGOLF CALLAWAY BRANDS,
MNRL,1,1,"Brigham Minerals, Inc. Class A (MNRL)",BRIGHAM MINERALS,
MNDT,17,1,MANDIANT INC/SH CMN,MANDIANT SH,
MM,1,1,Millennial Media,MILLENNIAL MEDIA,
MLNX,2,1,Mellanox Technologies Ltd.,MELLANOX TECHNOLOGIES,
MLNT,1,1,Cempra Inc. (CEMP) [exchanged] (S) Melinta Therapeutics Inc. (MLNT) [received],CEMPRA MELINTA THERAPEUTICS,
MLHR,18,1,Herman Miller Inc,HERMAN MILLER,
MKTO,1,1,MARKETO INC COM,MARKETO,
MKH,1,1,MKH (stock) NYSE,MKH,
MSP,1,1,"Morgan Stanley Depositary Shares, each representing 1/1,000th of a share of 6.500% Non-Cumulative Preferred Stock, Series P (MS$P)",MORGAN STANLEY DEPOSITARY EACH REPRESENTING 1 1 000TH A 6 500 NON CUMULATIVE PREFERRED SERIES P,
MSGN,1,1,MSG Network Inc Madison Square Garden Network,MSG NETWORK MADISON SQUARE GARDEN NETWORK,
MSBHY,2,1,Mitsubishi Corp Ord American Depositary Shares (MSBHY),MITSUBISHI AMERICAN DEPOSITARY,
MRWSY,3,1,WM Morrison Supermarkets Plc Unsponsored ADR (MRWSY),WM MORRISON SUPERMARKETS UNSPONSORED,
MRTX,2,1,"Mirati Therapeutics, Inc. (MRTX)",MIRATI THERAPEUTICS,
MRK OGN,1,1,"Merck & Co., Inc. (Exchanged) Organon & Co. (Received)",MERCK ORGANON,
MRIN,1,1,Marin Software Incorporated (MRIN),MARIN SOFTWARE,
ENI,1,1,Enersis S.A. Amer Dep shrs,ENERSIS S A AMER DEP SHRS,
EMKR,6,1,EMCORE Corporation (EMKR),EMCORE,
ELX,1,1,Emulex Corporation (ELX),EMULEX,
EGN,12,1,ENERGEN CORP,ENERGEN,
EFII,2,1,ELECTRONICS FOR IMAGING INCORPORATED (EFII),ELECTRONICS FOR IMAGING,
EFCD,2,1,Ellington Financial Inc. 7.00% Series D Cumulative Perpetual Redeemable Preferred Stock (EFC$D),ELLINGTON FINANCIAL 7 00 SERIES D CUMULATIVE PERPETUAL REDEEMABLE PREFERRED,
EEX,2,1,"EMERALD EXPOSITIONS EVENTS, IN CMN",EMERALD EXPOSITIONS EVENTS IN,
EEQ,1,1,Enbridge Energy Management LLC Shares repstg limited liability company interests (EEQ),ENBRIDGE ENERGY MANAGEMENT LLC REPSTG LIABILITY INTERESTS,
EEP,1,1,"Enbridge Energy, L.P. Class A Common Units (EEP)",ENBRIDGE ENERGY UNITS,
MYOV,1,1,MYOVANT SCIENCES LTD,MYOVANT SCIENCES,
MYCC,5,1,CLUBCORP HLDGS INCORPORATED (MYCC),CLUBCORP HLDGS,
MXWL,4,1,"Maxwell Technologies, Inc. (MXWL)",MAXWELL TECHNOLOGIES,
MWO,1,1,Morgan Stanley Cap Tr V Gtd Cap Secs (MWO),MORGAN STANLEY CAP TR V GTD CAP SECS,
MWIV,2,1,MWI VETERINARY SUPPLY INC,MWI VETERINARY SUPPLY,
ECYT,27,1,"ENDOCYTE, INC.",ENDOCYTE,
ECPCY,5,1,ESTACIO PARTICIPACOES S A SPONSORED ADR (BRAZIL) (ECPCY),ESTACIO PARTICIPACOES S A,
DXTR,2,1,Dextera Surgical Inc. (DXTR),DEXTERA SURGICAL,
DWTI,2,1,VelocityShares 3X Inverse Crude ETN linked to the S&P GSCI Crude Oil Index Excess Return (DWTI),VELOCITYSHARES 3X INVERSE CRUDE ETN LINKED TO S P GSCI CRUDE OIL INDEX EXCESS RETURN,
DVFAX,2,1,Cohen & Steers Dividend Value A (NASDAQ),COHEN STEERS DIVIDEND VALUE A,
DUKA,3,1,"Duke Energy Corporation Depositary Shares, each representing a 1/1,000th interest in a share of 5.75% Series A Cumulative Redeemable Perpetual Preferred Stock (DUK$A)",DUKE ENERGY DEPOSITARY EACH REPRESENTING A 1 1 000TH INTEREST IN A 5 75 SERIES A CUMULATIVE REDEEMABLE PERPETUAL PREFERRED,
DTV,3,1,DIRECTV (DTV),DIRECTV,
DTO,3,1,"DB Crude Oil Double Short ETN due June 1, 2038 (DTO)",DB CRUDE OIL DOUBLE SHORT ETN DUE JUNE 1 2038,
MTZPY,1,1,Mitsubishi Tanabe Pharma Corporation Sponsored ADR (MTZPY),MITSUBISHI TANABE PHARMA,
MTU,1,1,MITSUBISHI UFJ FINANCIAL GROUP INC SF,MITSUBISHI UFJ FINANCIAL SF,
MSTY-PA,2,1,Mainstay Medical International plc,MAINSTAY MEDICAL INTERNATIONAL,
NJ,1,1,Nidec Corporation,NIDEC,
NILSY,2,1,JSC MMC Norilsk Nickel Spons ADR (NILSY),JSC MMC NORILSK NICKEL SPONS,
NID,1,1,Nuveen Intermediate Duration Municipal Term Fund C,NUVEEN INTERMEDIATE DURATION MUNICIPAL TERM FUND C,
NGIPX,2,1,Columbia Marsico Growth Z (NASDAQ),COLUMBIA MARSICO GROWTH Z,
NGHC,86,1,National General Holdings Corp,NATIONAL GENERAL,
NGD,5,1,New Gold Inc. (NGD),GOLD,GOLD
NFO,1,1,CLAYMORE ETF GUGGENHEIM INSIDER SENTIMENT ETF (NFO),CLAYMORE ETF GUGGENHEIM INSIDER SENTIMENT ETF,
NEX,2,1,NexTier Oilfield Solutions Inc. (NEX),NEXTIER OILFIELD SOLUTIONS,
NEWR,4,1,"New Relic, Inc. (NEWR)",RELIC,
NETE,1,1,"Net Element, Inc. (NETE)",NET ELEMENT,
NES,2,1,"Nuverra Environmental Solutions, Inc. (NES)",NUVERRA ENVIRONMENTAL SOLUTIONS,
NEOT,2,1,"Neothetics, Inc. (NEOT)",NEOTHETICS,
NEE-PC,1,1,"FPL Group, Inc. 5 7/8% Preferre",FPL 5 7 8 PREFERRE,
NCMGY,1,1,Newcrest Mining Ltd Sponsored American Depositary Shares,NEWCREST MINING AMERICAN DEPOSITARY,
NCMGF,3,1,Newcrest Mining Ltd Ord Ordinary Shares (NCMGF),NEWCREST MINING ORDINARY,
N,20,1,NETSUITE INC,NETSUITE,
DNSKY,3,1,Danske Bank A/S Bearer Shs Ord American Depositary Shares (DNSKY),DANSKE BANK A S BEARER SHS AMERICAN DEPOSITARY,
DNO,3,1,United States Short Oil Fund (DNO),UNITED STATES SHORT OIL FUND,
DNFGY,1,1,Dongfeng Motor Group Co. Ltd Unsponsored ADR Representing Shs H (DNFGY),DONGFENG MOTOR UNSPONSORED REPRESENTING SHS H,
DMTK,2,1,"DermTech, Inc. (DMTK)",DERMTECH,
DLGI,3,1,Digital Landscape Group Inc. (stock) (DLGI),DIGITAL LANDSCAPE,
DL,4,1,CHINA DISTANCE EDUCATION HOLDINGS,CHINA DISTANCE EDUCATION,
DISCB,1,1,DISCOVERY INC CMN,DISCOVERY,
DTN,2,1,WisdomTree Dividend Ex-Financials Fund (DTN),WISDOMTREE DIVIDEND EX FINANCIALS FUND,
DST,26,1,DST SYSTEMS INC,DST SYSTEMS,
DSEY,1,1,"Diversey Holdings, Ltd. - Ordinary Shares (DSEY)",DIVERSEY ORDINARY,
DRYS,1,1,DryShips Inc. (DRYS),DRYSHIPS,
DRII,42,1,DIAMOND RESORTS INTERNATIONAL INC,DIAMOND RESORTS INTERNATIONAL,
DRAD,2,1,Digirad Corporation (DRAD),DIGIRAD,
DOWW,2,1,Dow Inc. (DOW),DOW,DOW
DOM,2,1,Dominion Resources Black Warrior Trust (DOM),DOMINION RESOURCES BLACK WARRIOR TRUST,
NKLA,2,1,Nikola Corporation,NIKOLA,
NVS ALC,1,1,Novartis AG (Exchanged) Alcon Inc. (Received),NOVARTIS ALCON,
NVRO,3,1,NEVRO CORPORATION (NVRO),NEVRO,
NVIGF,1,1,Navigator Holdings Ltd. Ordinary Shares (NVIGF),NAVIGATOR ORDINARY,
NVEE,6,1,"NV5 Global, Inc. (NVEE)",NV5 GLOBAL,
NTXFY,1,1,Natixis Unsponsored ADR (NTXFY),NATIXIS UNSPONSORED,
NTRP SNPX,1,1,"Neurotrope, Inc. (Exchanged) Synaptogenix (Received)",NEUROTROPE SYNAPTOGENIX,
NTRP PTPI,1,1,"Neurotrope, Inc. (Exchanged) Petros Pharmaceuticals, Inc. (Received)",NEUROTROPE PETROS PHARMACEUTICALS,
NTDTY,2,1,Ntt Data Corp Ltd Unsponsored ADR (NTDTY),NTT DATA UNSPONSORED,
NTDMF,1,1,Ntt DoCoMo Inc Ordinary Shares (NTDMF),NTT DOCOMO ORDINARY,
NSM,2,1,Nationstar Montrose,NATIONSTAR MONTROSE,
NSCO,22,1,Nesco Holdings,NESCO,
NRE,2,1,NorthStar Realty Europe,NORTHSTAR REALTY EUROPE,
NPSP,1,1,NPS PHARMACEUTICALS INCORPORATED (NPSP),NPS PHARMACEUTICALS,
NPSND,1,1,Naspers Limited,NASPERS,
NPKLY,9,1,NAMPAK LIMITED SPON ADR NEW (SOUTH AFRICA) (NPKLY),NAMPAK SPON,
NOTV,2,1,"Inotiv, Inc. (NOTV)",INOTIV,
DD-PA DWDP,1,1,E. I. du Pont de Nemours and Company (Exchanged) DowDuPont Inc. (Received),E I DU PONT NEMOURS DOWDUPONT,
DD IFF,1,1,"DuPont de Nemours, Inc. (Exchanged) International Flavors & Fragrances Inc. (Received)",DUPONT NEMOURS INTERNATIONAL FLAVORS FRAGRANCES,
CYTR,1,1,CytRx Corporation (CYTR),CYTRX,
CYT,1,1,Cytec Industries Inc. (CYT),CYTEC INDUSTRIES,
CXP,2,1,"Columbia Property Trust, Inc. (CXP)",COLUMBIA PROPERTY TRUST,
CWEN-A,20,1,"Clearway Energy, Inc. Class A (CWEN.A)",CLEARWAY ENERGY,CWEN
DIISY,2,1,Direct Line Insurance Group PLC Unsponsored ADR (DIISY),DIRECT LINE INSURANCE UNSPONSORED,
DGNR,1,1,Dragoneer Growth Opportunities Corp.,DRAGONEER GROWTH OPPORTUNITIES,
DFT,2,1,DUPONT FABROS TECHNOLOGY,DUPONT FABROS TECHNOLOGY,
DESY,1,1,Diversey Holdings Ltd (NASDAQ: DESY),DIVERSEY,
DEPO,6,1,DEPOMED INCORPORATED (DEPO),DEPOMED,
DELL VMW,1,1,"Dell Technologies Inc. Class C Common Stock (Exchanged) Vmware, Inc. Common stock, Class A (Received)",DELL TECHNOLOGIES VMWARE,
DEACU,18,1,Diamond Eagle Acquisition Corp. - Unit (DEACU),DIAMOND EAGLE ACQUISITION UNIT,
DEAC,2,1,DraftKings Inc. - Class A (DKNG) [ST],DRAFTKINGS,DKNG
NYLD-A,6,1,"NRG Yield, Inc. Class A (NYLD.A)",NRG YIELD,
NXTM,1,1,"NxStage Medical, Inc. (NXTM)",NXSTAGE MEDICAL,
ORVR3,1,1,Orizon Valorizacao de Residuos SA (Stock) (ORVR3),ORIZON VALORIZACAO RESIDUOS,
ORIT,122,1,ORITANI FINANCIAL CORP,ORITANI FINANCIAL,
ORIG,1,1,"Ocean Rig Udw Inc., Stock",OCEAN RIG UDW,
OREX,1,1,"Orexigen Therapeutics, Inc. (OREX)",OREXIGEN THERAPEUTICS,
ORBK,4,1,Orbotech Ltd. - Ordinary Shares (ORBK),ORBOTECH ORDINARY,
ORBC,18,1,ORBCOMM INC,ORBCOMM,
ORB,1,1,ORBITAL SCIENCE CORP,ORBITAL SCIENCE,
OOCP,1,1,Other OTC Corporation,OTHER OTC,
ONVO,1,1,"Organovo Holdings, Inc. (ONVO)",ORGANOVO,
OMN,2,1,OMNOVA Solutions Inc. (OMN),OMNOVA SOLUTIONS,
OMG,1,1,Omigroup,OMIGROUP,
OLO,4,1,Olo Inc. (Stock) (OLO),OLO,
OLCB,6,1,Ohio Legacy Corporation (OLCB),OHIO LEGACY,
OIL,3,1,Barclays Bank Plc iPath Exchange Traded Notes Linked to Goldman Sachs Crude Oil Total Return (OIL),BARCLAYS BANK IPATH EXCHANGE TRADED NOTES LINKED TO GOLDMAN SACHS CRUDE OIL TOTAL RETURN,
OHAI,1,1,Oha Investment Corp,OHA INVESTMENT,
NYMX,1,1,Nymox Pharmaceutical Corporation,NYMOX PHARMACEUTICAL,NYMXF
PARAA,1,1,Paramount Global - Class A (PARAA),PARAMOUNT GLOBAL,
PANDY,1,1,PANDORA AS SP/ADR (PANDY),PANDORA AS SP,
PAH,3,1,PLATFORM SPECIALTY PRODUCTS CORPORATION (PAH),PLATFORM SPECIALTY PRODUCTS,
CWEI,2,1,"Clayton Williams Energy, Inc. (CWEI)",CLAYTON WILLIAMS ENERGY,
CVSL,1,1,CVSL Inc. (CVSL),CVSL,
CVRS,3,1,Corindus Vascular Robotics,CORINDUS VASCULAR ROBOTICS,
CVRR,2,1,CVR Refining,CVR REFINING,
CVGW,1,1,"Calavo Growers, Inc. (CVGW)",CALAVO GROWERS,
CVG,2,1,Convergys Corporation (NYSE),CONVERGYS,
CVD,11,1,COVANCE INC,COVANCE,
CUTR,3,1,"Cutera, Inc.",CUTERA,
CUK,1,1,Carnival Plc ADS ADS (CUK),CARNIVAL,CCL
CTY,1,1,Qwest Corporation 6.125% Notes due 2053 (CTY),QWEST 6 125 NOTES DUE 2053,
OYST,1,1,Oyster Point Pharma Inc.,OYSTER POINT PHARMA,
OVTI,1,1,"Omnivision Technologies, Inc. (OVTI)",OMNIVISION TECHNOLOGIES,
OTIC,2,1,"Otonomy, Inc. (OTIC)",OTONOMY,
PDYPY,1,1,Paddy Power plc Unsponsored ADR (PDYPY),PADDY POWER UNSPONSORED,
CTRCF,2,1,"Centrotec Sustainable AG, Brilon Ordinary Shares (CTRCF)",CENTROTEC SUSTAINABLE BRILON ORDINARY,
CTECBX,1,1,"CTECBX Company: Guggenheim Investments (Chicago, IL) Description: Guggenheim Investments is the global asset management and investment advisory division of Guggenheim Partners",CTECBX GUGGENHEIM INVESTMENTS DESCRIPTION GUGGENHEIM INVESTMENTS IS GLOBAL ASSET MANAGEMENT INVESTMENT ADVISORY DIVISION GUGGENHEIM PARTNERS,
CSVI,2,1,COMPUTER SVCS INCORPORATED (CSVI),COMPUTER SVCS,
CSU,1,1,CHINA SHENHUA ENERGY COMPANY LIMITED ADR (CHINA) (CSU),CHINA SHENHUA ENERGY,
CSLT,15,1,"Castlight Health, Inc. Class B (CSLT)",CASTLIGHT HEALTH,
CSJ,2,1,ISHARES 1-3 YR CR BD ETF (CSJ),ISHARES 1 3 YR CR BD ETF,
CSII,2,1,"Cardiovascular Systems, Inc. - Common Stock",CARDIOVASCULAR SYSTEMS,
CSGKF,1,1,Credit Suisse Group Ordinary Shares (CSGKF),CREDIT SUISSE ORDINARY,
CSFL,3,1,Centerstate Bank Corporation,CENTERSTATE BANK,
PDLI,2,1,PDL Biopharma Inc,PDL BIOPHARMA,
PCYC,2,1,Pharmacyclics,PHARMACYCLICS,
PCPL-U,1,1,"CC Neuberger Principal Holdings I Units, each consisting of one Class A ordinary share and one-fourth of one Redeemable Warrant (PCPL.U)",CC NEUBERGER PRINCIPAL I UNITS EACH CONSISTING ONE ORDINARY ONE FOURTH ONE REDEEMABLE WARRANT,
PCPL,4,1,CC Neuberger Principal Holdings I Class A Ordinary Shares (PCPL),CC NEUBERGER PRINCIPAL I ORDINARY,
PBIB,1,1,"Porter Bancorp, Inc. common stock",PORTER BANCORP,
PBFX,35,1,PBF Logistics LP Common Units representing limited partner interests (PBFX),PBF LOGISTICS UNITS REPRESENTING PARTNER INTERESTS,
PHH,1,1,PHH Corp (PHH),PHH,
PGSVY,1,1,PETROLEUM GEO SVCS ASA NEW SPONSORED ADR (NORWAY) (PGSVY),PETROLEUM GEO SVCS ASA,
PGRE,3,1,"Paramount Group, Inc. (PGRE)",PARAMOUNT,
CSE,5,1,CapitalSource Inc. - stock,CAPITALSOURCE,
CRR,7,1,CARBO CERAMICS INCORPORATED (CRR),CARBO CERAMICS,
CPSI,1,1,Computer Programs & Systems Inc. (NASDAQ),COMPUTER PROGRAMS SYSTEMS,
CPPL,14,1,Columbia Pipeline Partners LP Common Units representing Limited Partner Interests (CPPL),COLUMBIA PIPELINE PARTNERS UNITS REPRESENTING PARTNER INTERESTS,
CPN,1,1,Calpine Corporation (CPN),CALPINE,
COT,2,1,Cott Corporation (COT),COTT,
PGN,3,1,Paragon Offshore Ltd.,PARAGON OFFSHORE,
PFE VTRS,1,1,Pfizer Inc. (Exchanged) Viatris Inc. (Received),PFIZER VIATRIS,
PETRY,1,1,VIBRA ENERGIA UNSP/ADR (PETRY),VIBRA ENERGIA UNSP,
PETQ,2,1,"PetIQ, Inc. - Class A (PETQ)",PETIQ,
PER,2,1,SandRidge Permian Trust Common Units of Benficial Interest (PER),SANDRIDGE PERMIAN TRUST UNITS BENFICIAL INTEREST,
PEI,2,1,Pennsylvania Real Estate Investment Trust (PEI),PENNSYLVANIA REAL ESTATE INVESTMENT TRUST,
PEGFF,1,1,Pacific Rubiales Energy Corp New Ordinary Shares (PEGFF),PACIFIC RUBIALES ENERGY ORDINARY,
PMFG,14,1,"PMFG, Inc.",PMFG,
CONN,1,1,"Conn's, Inc. (CONN)",CONN S,
COLPAL,2,1,COLGATE PALMOLIVE LTD.,COLGATE PALMOLIVE,CL
COG,1,1,Cabot Oil & Gas Corporation (COG),CABOT OIL GAS,
COFI,1,1,"Capital One Financial Corporation Depositary shares each representing a 1/40th interest in a share of Fixed Rate Non-Cumulative Perpetual Preferred Stock, Series I of the Issuer (COF$I)",CAPITAL ONE FINANCIAL DEPOSITARY EACH REPRESENTING A 1 40TH INTEREST IN A FIXED RATE NON CUMULATIVE PERPETUAL PREFERRED SERIES I ISSUER,
COF-PP,1,1,Capital One Financial Corp Pfd (NYSE),CAPITAL ONE FINANCIAL PFD,
CNXM,3,1,CNX Midstream Partners LP Common Units representing limited partner interests (CNXM),CNX MIDSTREAM PARTNERS UNITS REPRESENTING PARTNER INTERESTS,
CNVR,2,1,CONVERSANT INCORPORATED (CNVR),CONVERSANT,
CMPO,2,1,"CompoSecure, Inc. - Class A Common Stock (CMPO)",COMPOSECURE,
PLYA,12,1,Playa Hotels & Resorts N.V. - Ordinary Shares (PLYA),PLAYA HOTELS RESORTS ORDINARY,
PLM,1,1,Polymet Mining Corporation Ordinary Shares (PLM),POLYMET MINING ORDINARY,
PLGTF,1,1,"Pilot Gold, Inc Ordinary Shares (PLGTF)",PILOT GOLD ORDINARY,
PKT,1,1,Procera Networks Inc.,PROCERA NETWORKS,
PIR,2,1,PIER 1 IMPORTS INCORPORATED (PIR),PIER 1 IMPORTS,
PHX,5,1,Panhandle Oil & Gas,PANHANDLE OIL GAS,
PHLD,2,1,PHILLIPS EDISON GR,PHILLIPS EDISON GR,
PRSP,5,1,Perspecta Inc. (PRSP),PERSPECTA,
PRSC,48,1,PROVIDENCE SVC,PROVIDENCE SVC,
CMLTU,1,1,CM Life Sciences III Inc. - Unit (CMLTU),CM LIFE SCIENCES III UNIT,
CMLS,2,1,Cumulus,CUMULUS,
CMLFU,5,1,"CM Life Sciences, Inc. - Unit (CMLFU)",CM LIFE SCIENCES UNIT,
CMLF,3,1,"CM Life Sciences, Inc. - Class A (CMLF)",CM LIFE SCIENCES,
CLSN,4,1,Celsion Corporation (CLSN),CELSION,
CLNC,13,1,"Colony Credit Real Estate, Inc. Class A (CLNC)",COLONY CREDIT REAL ESTATE,
PRO,2,1,"PROS Holdings, Inc. (PRO)",PROS,
PRFT,1,1,Perficient,PERFICIENT,
PPSPX,1,1,Principal Preferred Securities (PPSPX),PRINCIPAL PREFERRED SECURITIES,
PPR,1,1,Voya Prime Rate Trust Shares of Beneficial Interest (PPR),VOYA PRIME RATE TRUST BENEFICIAL INTEREST,
PPD,1,1,"PPD, INC. CMN",PPD,
POMO4,1,1,Marcopolo SA Preference Shares (Stock) (POMO4),MARCOPOLO PREFERENCE,
POEFF,1,1,Pan Orient Energy Corp Ordinary Shares (POEFF),PAN ORIENT ENERGY ORDINARY,
PNK,2,1,PINNACLE ENTMT INC,PINNACLE ENTMT,
QUOT,4,1,QUOTIENT TECHNOLOGY INC PER ADVIS,QUOTIENT TECHNOLOGY PER ADVIS,
QUNR,6,1,QUNAR CAYMAN ISLANDS LIMITED,QUNAR CAYMAN ISLANDS,
QUMU,1,1,Qumu Corporation (QUMU),QUMU,
QTWW,25,1,Quantum Technologies,QUANTUM TECHNOLOGIES,
QTM,3,1,Quantum Corporation (QTM),QUANTUM,QMCO
QSY,1,1,WisdomTree U.S. Quality Shareholder Yield Fund (QSY) [ST],WISDOMTREE U S QUALITY SHAREHOLDER YIELD FUND,
QRTEP,1,1,"Qurate Retail, Inc.",QURATE RETAIL,
QRE,2,1,"QR Energy, LP Common Units representing Limited Partner Interests (QRE)",QR ENERGY UNITS REPRESENTING PARTNER INTERESTS,
QLIKOLD,1,1,QLIK TECHNOLOGIES INCORPORATED (QLIKOLD),QLIK TECHNOLOGIES,
QCOR,2,1,QUESTCOR PHARMACEUTICALS,QUESTCOR PHARMACEUTICALS,
PYCR,7,1,"Paycor HCM, Inc. (PYCR)",PAYCOR HCM,
PVA,4,1,PENN VA CORPORATION (PVA),PENN VA,
PUTW,1,1,WisdomTree CBOE S&P 500 PutWrite Strategy Fund (PUTW),WISDOMTREE CBOE S P 500 PUTWRITE STRATEGY FUND,
PTNR,1,1,"Partner Communications Company Ltd. - American Depositary Shares, each representing one ordinary share (PTNR)",PARTNER COMMUNICATIONS AMERICAN DEPOSITARY EACH REPRESENTING ONE ORDINARY,
PTLA,2,1,"Portola Pharmaceuticals, Inc. (PTLA)",PORTOLA PHARMACEUTICALS,
PSTH,1,1,"Pershing Square Tontine Holdings, Ltd. Class A (PSTH)",PERSHING SQUARE TONTINE,
RDFN,1,1,Redfin Corporation (RDFN),REDFIN,
RDC,27,1,ROWAN COMPANIES,ROWAN,
RCPT,2,1,"Receptos, Inc. (RCPT)",RECEPTOS,
RBS,5,1,Royal Bank of Scotland Group Plc New (RBS),ROYAL BANK SCOTLAND,
RAS,2,1,RAIT Financial Trust New Common Shares of Beneficial Interest (RAS),RAIT FINANCIAL TRUST BENEFICIAL INTEREST,
RALS,1,1,ProShares RAFI Long Short ETF (RALS),PROSHARES RAFI LONG SHORT ETF,
RADI,29,1,Radius Global Infrastructure Inc. (held through Larry Mae LLC),RADIUS GLOBAL INFRASTRUCTURE,
CLI,1,1,Mack-Cali Realty Corporation (CLI),MACK CALI REALTY,
CLD,4,1,Cloud Peak Energy Inc. (stock) NYSE,CLOUD PEAK ENERGY,
CLCT,20,1,Collectors Universe Stock,COLLECTORS UNIVERSE,
CLA,1,1,Mastercard (CLA),MASTERCARD,MA
CKP,2,1,"CPK, Checkpoint Sys Inc.",CPK CHECKPOINT SYS,
CJNK,1,1,SPDR BofA Merrill Lynch Crossover Corporate Bond ETF (CJNK),SPDR BOFA MERRILL LYNCH CROSSOVER CORPORATE BOND ETF,
CIU,1,1,iShares Intermediate Credit Bond ETF (CIU),ISHARES INTERMEDIATE CREDIT BOND ETF,
CINR,2,1,Ciner Resources LP Common Units representing Limited Partner Interests (CINR),CINER RESOURCES UNITS REPRESENTING PARTNER INTERESTS,
CHYHY,1,1,GS Brokerage - CHR HANSEN HOLDING A/S SPONSORED ADR CMN (CHYHY),GS BROKERAGE CHR HANSEN A S,
RFE,1,1,"Regions Financial Corporation Depositary Shares, Each Representing a 1/40th Interest in a Share of 4.45% Non-Cumulative Perpetual Preferred Stock, Series E (RF$E)",REGIONS FINANCIAL DEPOSITARY EACH REPRESENTING A 1 40TH INTEREST IN A 4 45 NON CUMULATIVE PERPETUAL PREFERRED SERIES E,
REXMY,5,1,REXAM PLC SPONSORED ADR NE (UNITED KINGDOM) (REXMY),REXAM NE,
RETA,2,1,"Reata Pharmaceuticals, Inc. - Class A (RETA) [ST]",REATA PHARMACEUTICALS,
REE,1,1,Rare Element Resources Ltd. Ordinary Shares (REE),RARE ELEMENT RESOURCES ORDINARY,
RDUS,3,1,"Radius Health, Inc. (RDUS)",RADIUS HEALTH,
RDSA-AS,1,1,Royal Dutch Shell plc,ROYAL DUTCH SHELL,
CHMT,3,1,Chemtura Corp. (CHMT),CHEMTURA,
CHLKF,2,1,China Mobile Hong Kong Ltd Ordinary Shares (CHLKF),CHINA MOBILE HONG KONG ORDINARY,
CHEUY,1,1,Cheung Kong Holdings Ltd Ord American Depositary Shares (CHEUY),CHEUNG KONG AMERICAN DEPOSITARY,
CFI,169,1,CULP INC,CULP,CULP
CEQP ET,1,1,Crestwood Equity Partners LP (Exchanged) Energy Transfer LP (Received),CRESTWOOD EQUITY PARTNERS ENERGY TRANSFER,
CEN,2,1,Center Coast MLP & Infrastructure Fund Common Shares of Beneficial Interest (CEN),CENTER COAST MLP INFRASTRUCTURE FUND BENEFICIAL INTEREST,
CEMCF,2,1,Cia Energetica De Minas Gerais Cemig Pref Shares (CEMCF),CIA ENERGETICA MINAS GERAIS CEMIG PREF,
CEM,2,1,Clearbridge American Energy MLP Fund,CLEARBRIDGE AMERICAN ENERGY MLP FUND,
RDSA,1,1,Royal Dutch Shell Plc,ROYAL DUTCH SHELL,
RDS,1,1,Royal Dutch shell Spon RDS,ROYAL DUTCH SHELL SPON RDS,
ROIC,1,1,Retail Opportunity Investments Corp. (ROIC),RETAIL OPPORTUNITY INVESTMENTS,
ROAN,36,1,Roan Resources Inc,ROAN RESOURCES,
RNWK,8,1,RealNetworks Inc. (NASDAQ),REALNETWORKS,
RNET,90,1,RIGNET INC,RIGNET,
CEA,1,1,China Eastern Airlines Corp. Ltd. (NYSE),CHINA EASTERN AIRLINES,
CDR,2,1,"Cedar Realty Trust, Inc. (CDR)",CEDAR REALTY TRUST,
CDA,2,1,LUMENPULSE INC (CDA),LUMENPULSE,
CCXX,2,1,"Churchill Capital Corp III Class A common stock, par value $0.0001 per share (CCXX)",CHURCHILL CAPITAL III VALUE 0 0001 PER,
CCMSX,5,1,Brown Advisory - Cardinal Small Cap Value Fund CI Inst (CCMSX),BROWN ADVISORY CARDINAL SMALL CAP VALUE FUND CI INST,
CCLAY,1,1,Coca Cola Amatil Limited Sponsored ADR (CCLAY),COCA COLA AMATIL,
CCH,1,1,COCA COLA HELLENIC BOTTLING CO American Depositary Shares (CCH),COCA COLA HELLENIC BOTTLING AMERICAN DEPOSITARY,
RNDY,1,1,"Roundy's, Inc. (RNDY)",ROUNDY S,
RLOC,4,1,ReachLocal Inc.,REACHLOCAL,
RLGY,6,1,Realogy Holdings Corp. (RLGY),REALOGY,
RIGP,1,1,Transocean Partners LLC Common Units Representing Limited Liability Company Interests (RIGP),TRANSOCEAN PARTNERS LLC UNITS REPRESENTING LIABILITY INTERESTS,
RGBM,1,1,Regal Bancorp Inc. (RGBM),REGAL BANCORP,
RVNC,1,1,"Revance Therapeutics, Inc. - Common Stock",REVANCE THERAPEUTICS,
RVLT,2,1,Revolution Lighting Tech,REVOLUTION LIGHTING TECH,
RUK,1,1,Reed Elsevier NV PLC New ADS (RUK),REED ELSEVIER,
RTRX,4,1,RETROPHIN INCORPORATED (RTRX),RETROPHIN,
RTN UTX,1,1,Raytheon Company (Exchanged) Raytheon Technologies Corporation (Received),RAYTHEON RAYTHEON TECHNOLOGIES,
RTN RTX,1,1,Raytheon Company (Exchanged) Raytheon Technologies Corporation (Received),RAYTHEON RAYTHEON TECHNOLOGIES,
RTLR,4,1,RATTLER MIDSTREAM LP CMN,RATTLER MIDSTREAM,
RTL,1,1,"The Necessity Retail REIT, Inc. - Class A (RTL)",NECESSITY RETAIL REIT,
RSTI,5,1,ROFIN SINAR TECHNOLOGIES INCORPORATED (RSTI),ROFIN SINAR TECHNOLOGIES,
RSCO,1,1,SPDR Russell Small Cap Completeness ETF (RSCO),SPDR RUSSELL SMALL CAP COMPLETENESS ETF,
RRD,8,1,R R DONNELLEY & SONS CO,R R DONNELLEY SONS,
RPXC,1,1,RPX Corporation (RPXC),RPX,
ROYMY,1,1,Royal Mail PLC Unsponsored ADR (ROYMY),ROYAL MAIL UNSPONSORED,
ROX,1,1,"CASTLE BRANDS, INC.",CASTLE BRANDS,
ROVI,1,1,Rovi Corporation (ROVI),ROVI,
ROSG,1,1,Rosetta Genomics Ltd. - ordinary shares (ROSG),ROSETTA GENOMICS ORDINARY,
CAW,1,1,"CCA Industries, Inc. (CAW)",CCA INDUSTRIES,
SCHWD,1,1,"The Charles Schwab Corporation Depositary Shares each representing 1/40th interest in a share of 5.95% Non-Cumulative Perpetual Preferred Stock, Series D",CHARLES SCHWAB DEPOSITARY EACH REPRESENTING 1 40TH INTEREST IN A 5 95 NON CUMULATIVE PERPETUAL PREFERRED SERIES D,
SCHN,1,1,"Schnitzer Steel Industries, Inc. - Class A (SCHN)",SCHNITZER STEEL INDUSTRIES,
SCBT,2,1,FIRST FINL HLDGS INCORPORATED NEW (SCBT),FIRST FINL HLDGS,
SBY,1,1,Silver Bay Realty,SILVER BAY REALTY,
SBUX-SW,1,1,STARBUCKS (Swiss),STARBUCKS,SBUX
SBRCY,1,1,SBERBANK RUSSIA SPONSORED ADR (RUSSIA) (SBRCY),SBERBANK RUSSIA,
SBMRY,1,1,SABMiller plc American Depositary Shares (SBMRY),SABMILLER AMERICAN DEPOSITARY,
SAVE,2,1,"Spirit Airlines, Inc. (SAVE)",SPIRIT AIRLINES,
SAVA,5,1,"Cassava Sciences, Inc. (SAVA)",CASSAVA SCIENCES,
SALT,1,1,Scorpio Bulkers,SCORPIO BULKERS,
SAFM,1,1,"Sanderson Farms, Inc. (SAFM)",SANDERSON FARMS,
RYT,1,1,Guggenheim S&P 500 Eq Wt Technology ETF,GUGGENHEIM S P 500 EQ WT TECHNOLOGY ETF,
RYL,1,1,"Ryland Group, Inc. (RYL)",RYLAND,
RYE,2,1,RYDEX ETF TRUST S&P EQUAL WEIGHT ENERGY (RYE),RYDEX ETF TRUST S P EQUAL WEIGHT ENERGY,
RYDBF,1,1,Royal Dutch Shell PLC Ordinary Shares B,ROYAL DUTCH SHELL ORDINARY B,
SFLY,1,1,"Shutterfly, Inc. (SFLY)",SHUTTERFLY,
SFG,26,1,STANCORP FINL GROUP INC,STANCORP FINL,
SEND,1,1,"Techstars 2009, LLC- SendGrid",TECHSTARS 2009 LLC SENDGRID,
SEM,2,1,Select Medical Holding,SELECT MEDICAL,
SDC,6,1,"SmileDirectClub, Inc. (SDC)",SMILEDIRECTCLUB,
SCX,3,1,L.S. Starrett Company (SCX),L S STARRETT,
SCU,4,1,"Sculptor Capital Management, Inc. Class A (SCU)",SCULPTOR CAPITAL MANAGEMENT,
CCCS,1,1,CCC Intelligent Solutions Holdings Inc. Common Sto,CCC INTELLIGENT SOLUTIONS STO,
CCCGY,1,1,China Communications Constructions Group LTD Beijing Unsponsored ADR (CCCGY),CHINA COMMUNICATIONS CONSTRUCTIONS BEIJING UNSPONSORED,
CBSO,1,1,CBS Outdoor Americas Inc,CBS OUTDOOR AMERICAS,
CBSI,1,1,"Central Bancshares, Inc. New (CBSI)",CENTRAL BANCSHARES,
CBPX,158,1,Continental Building Products Inc,CONTINENTAL BUILDING PRODUCTS,
CBPO,8,1,CHINA BIOLOGIC PRODUCTS INC,CHINA BIOLOGIC PRODUCTS,
CBLK,2,1,"Carbon Black, Inc. (CBLK) [ST]",CARBON BLACK,
CBF,122,1,Capital Bank Financial,CAPITAL BANK FINANCIAL,
CBAY,2,1,CymaBay Therapeutics Inc. (CBAY),CYMABAY THERAPEUTICS,
SIR,4,1,Select Income REIT - Common Shares of Beneficial Interest (SIR),SELECT INCOME REIT BENEFICIAL INTEREST,
SILK,1,1,"Silk Road Medical, Inc. (SILK)",SILK ROAD MEDICAL,
SIE,1,1,Siemens (SIE),SIEMENS,
SHPGF,1,1,Shire plc Ordinary Shares (SHPGF),SHIRE ORDINARY,
SHOS,1,1,"Sears Hometown and Outlet Stores, Inc. (SHOS)",SEARS HOMETOWN OUTLET STORES,
SGMO,6,1,SANGAMO BIOSCIENCES,SANGAMO BIOSCIENCES,
CAVM,6,1,CAVIUM INCORPORATED (CAVM),CAVIUM,
CANO,2,1,"Cano Health, Inc. Class A (CANO)",CANO HEALTH,
CALD,1,1,"Callidus Software, Inc. (CALD)",CALLIDUS SOFTWARE,
CAFD,2,1,8point3 Energy Partners LP - Class A Shares (CAFD),8POINT3 ENERGY PARTNERS,
CADEA,1,1,Cadence Bank 5.50% Series A (CADE$A),CADENCE BANK 5 50 SERIES A,
CADE,2,1,Cadence Bank (CADE),CADENCE BANK,
BXSA,4,1,BancorpSouth Bank 5.50% Series A Non-Cumulative Perpetual Preferred Stock (BXS$A),BANCORPSOUTH BANK 5 50 SERIES A NON CUMULATIVE PERPETUAL PREFERRED,
SGMA,1,1,"SigmaTron International, Inc. (SGMA)",SIGMATRON INTERNATIONAL,
SGIX,2,1,GS Brokerage - FIRST EAGLE GLOBAL FUND I FIRST EAGLE GLOBAL (SGIX),GS BROKERAGE FIRST EAGLE GLOBAL FUND I FIRST EAGLE GLOBAL,
SGBK,19,1,Stonegate Bank (SGBK),STONEGATE BANK,
SKVKY,4,1,Skandinaviska Enskilda Banken AB Sponsored ADR (SKVKY),SKANDINAVISKA ENSKILDA BANKEN AB,
SKLZ,2,1,SKILLZ INC. CMN,SKILLZ,
SKHCY,1,1,Sonic Healthcare Ltd Unsponsored ADR (SKHCY),SONIC HEALTHCARE UNSPONSORED,
SJR,2,1,"Shaw Communications, Inc. (NYSE)",SHAW COMMUNICATIONS,
BUNT-RP,1,1,PowerShares DB 3x German Bund F (NYSE),POWERSHARES DB 3X GERMAN BUND F,
BTVCY,1,1,Britvic plc Sponsored ADR (BTVCY),BRITVIC,
BTEC,2,1,Principal Healthcare Innovators ETF (BTEC),PRINCIPAL HEALTHCARE INNOVATORS ETF,
BSJJ,1,1,INVESCO BULLETSHARES 2019 HIGH YIELD CORP BOND ETF,INVESCO BULLETSHARES 2019 HIGH YIELD BOND ETF,
BSFT,1,1,BROADSOFT INC COM,BROADSOFT,
BSCP,1,1,Invesco BulletShares 2025 Corporate Bond ETF,INVESCO BULLETSHARES 2025 CORPORATE BOND ETF,
BRPR3,7,1,BR Properties (Stock) (BRPR3),BR PROPERTIES,
BRP,6,1,"BRP Group, Inc. - Class A (BRP)",BRP,DOO
BRMK,2,1,Broadmark Realty Capital Inc. (BRMK),BROADMARK REALTY CAPITAL,
BRK,1,1,Bershire Hathaway Cdr [Cad Hedged],BERSHIRE HATHAWAY CDR,
SJI,6,1,"South Jersey Industries, Inc. (SJI)",SOUTH JERSEY INDUSTRIES,
SIRE,14,1,Sisecam Resources LP Common Units representing limited partner interests (SIRE),SISECAM RESOURCES UNITS REPRESENTING PARTNER INTERESTS,
BPY,2,1,BROOKFIELD PPTY PARTNERS,BROOKFIELD PPTY PARTNERS,
BPR,1,1,BROOKFIELD PROPERTY REIT INC. CMN,BROOKFIELD PROPERTY REIT,
BPIRY,5,1,PIRAEUS BK S A ADR NEW (GREECE) (BPIRY),PIRAEUS BK S A,
BPHSPX11,1,1,BPHSPX11 [OT],BPHSPX11,
BOWX,2,1,BowX Acquisition Corp. - Class A (BOWX),BOWX ACQUISITION,
BOT4J94,1,1,Wasion Group (BOT4J94),WASION,
BONT,1,1,"The Bon-Ton Stores, Inc. (BONT)",BON TON STORES,
BOBE,2,1,BOB EVANS FARMS INC,BOB EVANS FARMS,
BN7Q3G8,2,1,Ozner Water (BN7Q3G8),OZNER WATER,
BMTC,1,1,BRYN MAWR BK CORPORATION (BMTC),BRYN MAWR BK,
BMBLY,1,1,Brambles Ltd Unsponsored ADR (BMBLY),BRAMBLES UNSPONSORED,
SMEZ,1,1,SPDR EURO STOXX Small Cap ETF (NYSEArca),SPDR EURO STOXX SMALL CAP ETF,
SMCYY,2,1,SIMCORP A/S UN/ADR (SMCYY),SIMCORP A S UN,
SLHOLD,1,1,SOLERA HOLDINGS INCORPORATED (SLHOLD),SOLERA,
SLCA,3,1,US Silica,US SILICA,
SKYAY,1,1,Sky PLC (SKYAY),SKY,
SOLO,2,1,Electrameccanica Vehicles Corp. Ltd. (SOLO),ELECTRAMECCANICA VEHICLES,
SOJA,1,1,The Southern Company JR SUB NT 2015A,SOUTHERN JR SUB NT 2015A,
BLFSD,1,1,BioLife Solutions Inc. NEW (BLFSD),BIOLIFE SOLUTIONS,BLFS
BKJAY,1,1,Bank Yokohama Ltd Japan American Depositary Shares (BKJAY),BANK YOKOHAMA JAPAN AMERICAN DEPOSITARY,
BKEPP,1,1,Blueknight Energy Partners L.P. - Series A Preferr,BLUEKNIGHT ENERGY PARTNERS SERIES A PREFERR,
BIN,1,1,Progressive Waste Solutions Ltd.,PROGRESSIVE WASTE SOLUTIONS,
BII,1,1,BAIDU INCORPORATED SPON ADR REP A (CAYMAN ISLANDS) (BII),BAIDU SPON REP A,
BIABX,4,1,Brown Advisory - Brown Advisory Strategic Bond Fund CI Inv (BIABX),BROWN ADVISORY BROWN ADVISORY STRATEGIC BOND FUND CI INV,
SOHO,1,1,Sotherly Hotels Inc. - Common Stock (SOHO),SOTHERLY HOTELS,
SNREY,1,1,SUNRISE COMMS AG ADR A (SNREY),SUNRISE COMMS A,
SNRE,1,1,Sunrise Communications AG - American Depositary Shares representing Class A shares (SNRE),SUNRISE COMMUNICATIONS AMERICAN DEPOSITARY REPRESENTING,
SNR,1,1,New Senior Investment Group Inc. (SNR),SENIOR INVESTMENT,
SNMX,1,1,"Senomyx, Inc. (SNMX)",SENOMYX,
SNC,14,1,State National Companies,STATE NATIONAL,
SMTA,1,1,Spirit MTA REIT Common Shares of Beneficial Interest (SMTA),SPIRIT MTA REIT BENEFICIAL INTEREST,
BRFS,14,1,BRF SA,BRF,
SQAGZ,1,1,BCS AUTO-CALLABLE TRIGGER JUMP ON SPX (SQAGZ),BCS AUTO CALLABLE TRIGGER JUMP ON SPX,
BHLB,1,1,"Berkshire Hills Bancorp, Inc. Common Stock (BHLB)",BERKSHIRE HILLS BANCORP,
BGG,1,1,Briggs & Stratton Corporation (BGG),BRIGGS STRATTON,
BGFV,2,1,Big 5 Sporting Goods Corporation (BGFV),BIG 5 SPORTING GOODS,
BFK,1,1,BlackRock Municipal Income Trust (NYSE),BLACKROCK MUNICIPAL INCOME TRUST,
BFET,2,1,BF Enterprises Common Stock New (BFET),BF ENTERPRISES,
BEL,1,1,Belmond Ltd. Class A (BEL),BELMOND,
BDX EMBC,1,1,"Becton, Dickinson and Company Common Stock (Exchanged) Embecta Corp. - Common Stock (Received)",BECTON DICKINSON EMBECTA,
BDSI,1,1,BIODELIVERY SCIENCES INTERNATIONAL INCORPORATED (BDSI),BIODELIVERY SCIENCES INTERNATIONAL,
SPYB,2,1,SPDR S&P 500 Buyback ETF (SPYB),SPDR S P 500 BUYBACK ETF,
SPY160219P00180000,3,1,SPY Feb 2016 put 180.000,SPY FEB 2016 PUT 180 000,
SPNE,1,1,SEASPINE HLDGS CORPORATION (SPNE),SEASPINE HLDGS,
SPKEP,1,1,"Spark Energy, Inc. - 8.75% Series A Fixed-to-Floating Rate Cumulative Redeemable Perpetual Preferred Stock (SPKEP)",SPARK ENERGY 8 75 SERIES A FIXED TO FLOATING RATE CUMULATIVE REDEEMABLE PERPETUAL PREFERRED,
SPGYF,2,1,"Whitecap Resources, Inc. Common shares (SPGYF)",WHITECAP RESOURCES,WCPRF
SP,3,1,SP PLUS CORP PER ADVISORY AGREEME,SP PLUS PER ADVISORY AGREEME,
SONC,1,1,Sonic,SONIC,
SVCBY,1,1,Svenska Cellulosa B Shs American Depositary Shares (SVCBY) [ST],SVENSKA CELLULOSA B SHS AMERICAN DEPOSITARY,
SUSQ,1,1,Susquehanna Bancshrs Inc. (SUSQ),SUSQUEHANNA BANCSHRS,
SUP,16,1,"Superior Industries International, Inc. Common Stock (SUP)",SUPERIOR INDUSTRIES INTERNATIONAL,
SUM,1,1,Summit Materials Inc.,SUMMIT MATERIALS,
STR,3,1,QUESTAR CORPORATION (STR),QUESTAR,
STON,10,1,StoneMor Partners L.P. Common Unit Rep Limited Partnership Interests (STON),STONEMOR PARTNERS UNIT REP PARTNERSHIP INTERESTS,
STL,6,1,STERLING BANCORP CMN,STERLING BANCORP,
STEOLD,1,1,STERIS CORPORATION (STEOLD),STERIS,STE
STAR,1,1,iStar Inc. (STAR),ISTAR,
SSLTY,1,1,"Santos, Ltd. Unsponsored ADR (SSLTY)",SANTOS UNSPONSORED,
SSI,1,1,STAGE STORES INC,STAGE STORES,
SSBK,15,1,"Southern States Bancshares, Inc. - Common Stock",SOUTHERN STATES BANCSHARES,
SRLP,15,1,Sprague Resources LP Common Units representing Limited Partner Interests (SRLP),SPRAGUE RESOURCES UNITS REPRESENTING PARTNER INTERESTS,
SRF,2,1,The Cushing Royalty & Income Fund Common Shares of Beneficial Interest (SRF),CUSHING ROYALTY INCOME FUND BENEFICIAL INTEREST,
SREV,1,1,SERVICESOURCE INTL,SERVICESOURCE INTL,
SRCI,2,1,SRC ENERGY INCORPORATED (SRCI),SRC ENERGY,
SWAY,2,1,Starwood Waypoint Residential Trust (SWAY),STARWOOD WAYPOINT RESIDENTIAL TRUST,
BCEL,2,1,"Atreca, Inc. - Class A (BCEL)",ATRECA,
BBU,1,1,Brookfield Business Partners L.,BROOKFIELD BUSINESS PARTNERS L,
BBTD,2,1,BB&T Corporation Depositary Shares Representing 1/1000th Perpetual Preferred Series D (BBT$D),BB T DEPOSITARY REPRESENTING 1 1000TH PERPETUAL PREFERRED SERIES D,
BBEP,4,1,Breitburn Energy Partners LP,BREITBURN ENERGY PARTNERS,
BBAVY,1,1,BBA Aviation Plc Unsponsored ADR (BBAVY),BBA AVIATION UNSPONSORED,
BAF,2,1,BlackRock Municipal Income Investment Quality Trust (BAF) [ST],BLACKROCK MUNICIPAL INCOME INVESTMENT QUALITY TRUST,
BACWSA,1,1,Bank Amer Corp WT US Treas Tarp (BACWSA),BANK AMER WT US TREAS TARP,
B923935,1,1,De Osram Licht AG (B923935),OSRAM LICHT,
B5NC0D0,1,1,MEYER BURGER (B5NC0D0),MEYER BURGER,
B1WSP14,1,1,AAlberts (B1WSP14),AALBERTS,
B13WZ26,4,1,Zumtobel Group AG (B13WZ26),ZUMTOBEL,
B0T4J94,2,1,WASION GROUP HLDGS LTD (B0T4J94),WASION HLDGS,
AZZA3,1,1,Azzas 2154 SA (Stock) (AZZA3),AZZAS 2154,
SWAV,1,1,"ShockWave Medical, Inc. (SWAV) [ST]",SHOCKWAVE MEDICAL,
SVU,2,1,SuperValu Inc. (SVU),SUPERVALU,
TCF HBAN,1,1,TCF Financial Corporation - Common Stock (Exchanged) Huntington Bancshares Incorporated - Common Stock (Received),TCF FINANCIAL HUNTINGTON BANCSHARES,
TCB,1,1,TCF Financial Corporation (TCB),TCF FINANCIAL,
TCAP,1,1,Triangle Capital Corporation (NYSE),TRIANGLE CAPITAL,
TBK,132,1,TRIUMPH BANCORP,TRIUMPH BANCORP,
TASR,9,1,Taser Intl Inc. common stock,TASER INTL,
TANN,1,1,TravelCenters of America LLC 8.25% Senior Notes due 2028 (TANN),TRAVELCENTERS AMERICA LLC 8 25 SENIOR NOTES DUE 2028,
TA,1,1,"AT&T Inc. Depositary Shares, each representing a 1/1,000th interest in a share of 5.000% Perpetual Preferred Stock, Series A (T$A)",AT T DEPOSITARY EACH REPRESENTING A 1 1 000TH INTEREST IN A 5 000 PERPETUAL PREFERRED SERIES A,
SZEVY,1,1,Suez Environnement Suez Environnement Co SA Unsponsored ADR (SZEVY),SUEZ ENVIRONNEMENT SUEZ ENVIRONNEMENT UNSPONSORED,
SYY-SG,1,1,SYSCO,SYSCO,SYY
SYRG,5,1,Synergy Resources Corporation (SYRG),SYNERGY RESOURCES,
SYNT,4,1,SYNTEL INCORPORATED (SYNT),SYNTEL,
SXE,1,1,"Southcross Energy Partners, L.P. Common Units representing limited partner interest in the Partnership (SXE)",SOUTHCROSS ENERGY PARTNERS UNITS REPRESENTING PARTNER INTEREST IN PARTNERSHIP,
SX7E,1,1,MORGAN STANLEY TRIGGER PLUS ON EURO STOXX BANKS INDEX (SX7E) DUE 11/5/19,MORGAN STANLEY TRIGGER PLUS ON EURO STOXX BANKS INDEX DUE 11 5 19,
SWMAY,1,1,Swedish Match AB Frueher Svenska Taendsticks AB Unsponsored ADR (SWMAY),SWEDISH MATCH AB FRUEHER SVENSKA TAENDSTICKS AB UNSPONSORED,
SWH,1,1,"Stanley Black & Decker, Inc. Corp Unit 2013 (SWH)",STANLEY BLACK DECKER UNIT 2013,
SWFT,2,1,Swift Transport,SWIFT TRANSPORT,
TECD,1,1,TechNA,TECHNA,
TEAR,2,1,TearLab Corporation (TEAR),TEARLAB,
TDA,1,1,"Telephone and Data Systems, Inc. 5.875% Senior Notes due 2061 (TDA)",TELEPHONE DATA SYSTEMS 5 875 SENIOR NOTES DUE 2061,
TCYMY,1,1,Tingyi Cayman Islands Hldgs Cp Sponsored ADR (TCYMY),TINGYI CAYMAN ISLANDS HLDGS CP,
AZNCF,1,1,Astrazeneca Plc Ordinary Shares (AZNCF),ASTRAZENECA ORDINARY,
AYR,6,1,Aircastle Limited (AYR),AIRCASTLE,AYR
AXTE,1,1,iShares MSCI ACWI ex US Telecommunication Services ETF (AXTE),ISHARES MSCI ACWI EX US TELECOMMUNICATION SERVICES ETF,
AXLL,15,1,Axiall Corporation,AXIALL,
AXL,2,1,"American Axle & Manufacturing Holdings, Inc. (AXL)",AMERICAN AXLE MANUFACTURING,
AXHE,1,1,iShares MSCI ACWI ex US Healthcare ETF (AXHE),ISHARES MSCI ACWI EX US HEALTHCARE ETF,
AXE,1,1,Anixter,ANIXTER,
AXAS,2,1,ABRXSAS Energy,ABRXSAS ENERGY,
AVYA,3,1,Avaya Holdings Corp. (AVYA),AVAYA,
TCS,5,1,"The Container Store Group, Inc. (NYSE)",CONTAINER STORE,
TCO,2,1,"Taubman Centers, Inc. (TCO)",TAUBMAN CENTERS,
TCNNF,2,1,TRULIEVE CANNABIS CORP (TCNNF),TRULIEVE CANNABIS,TRLV
TKPYY,1,1,Takeda Pharmaceutical Co Ltd Sponsored ADR (TKPYY),TAKEDA PHARMACEUTICAL,TAK
TIS,2,1,Orchids Paper Products Company (TIS),ORCHIDS PAPER PRODUCTS,
TICC,2,1,TICC Capital,TICC CAPITAL,
THI,1,1,TIM HORTONS INC,TIM HORTONS,
TGI,1,1,TRIUMPH GROUP INCORPORATED NEW (TGI),TRIUMPH,
TGH,1,1,Testainer Group Holdings,TESTAINER,
TGD,5,1,Timmons Gold,TIMMONS GOLD,
TFFP,2,1,"TFF Pharmaceuticals, Inc. (TFFP)",TFF PHARMACEUTICALS,
TFCR,1,1,"Truist Financial Corporation Depositary Shares, each representing 1/1,000th interest in a share of Series R Non-Cumulative Perpetual Preferred Stock (TFC$R)",TRUIST FINANCIAL DEPOSITARY EACH REPRESENTING 1 1 000TH INTEREST IN A SERIES R NON CUMULATIVE PERPETUAL PREFERRED,
TFCIX,1,1,THIRD AVENUE FOCUSED (TFCIX),THIRD AVENUE FOCUSED,
TFCF,1,1,"Twenty-First Century Fox, Inc. - Class B (TFCF)",TWENTY FIRST CENTURY FOX,
TFC-F,1,1,TFC.F - Truist FINL CORP F PFD,TFC F TRUIST FINL F PFD,
TEV,2,1,TEVA PHARMACEUTICAL INDUSTRIES LIMITED ADR (ISRAEL) (TEV),TEVA PHARMACEUTICAL INDUSTRIES,TEVA
TEUM,2,1,Pareteum Corporation (TEUM),PARETEUM,
TEGP,9,1,"Tallgrass Energy GP, LP Class A Shares (TEGP)",TALLGRASS ENERGY GP,
TECO,1,1,Treaty Energy Corporation (TECO),TREATY ENERGY,
TLSYY,5,1,Telstra Corporation Limited (TLSYY),TELSTRA,
TLSRP,1,1,Telos Corporation Preferred Stock (TLSRP),TELOS PREFERRED,
TLRN,1,1,"Tellurian, Inc, (TLRN)",TELLURIAN,
TLRD,1,1,"Tailored Brands, Inc. (TLRD)",TAILORED BRANDS,MW
TLRA,3,1,TELARIA INC (Distribution received from an EIF),TELARIA,
TLND,5,1,Talend S.A. - American Depositary Shares (TLND),TALEND S A AMERICAN DEPOSITARY,
TLMR,2,1,TALMER BANCORP INCORPORATED (TLMR),TALMER BANCORP,
AVID,3,1,Avid Technology Inc.,AVID TECHNOLOGY,
AVG,6,1,AVG TECHNOLOGIES NV,AVG TECHNOLOGIES,
AUXL,1,1,AUXILIUM PHARMACEUTICALS INC,AUXILIUM PHARMACEUTICALS,
ATUS,3,1,"Altice USA, Inc. Class A (ATUS)",ALTICE USA,
ATML,2,1,Atmel Corporation (NASDAQ),ATMEL,
ATMI,3,1,ATMI Inc,ATMI,
ATIS,1,1,ATTIS INDS INC COM,ATTIS INDS,
ATHL,6,1,ATHLON ENERGY INC,ATHLON ENERGY,
ATHA,3,1,"Athira Pharma, Inc. (ATHA)",ATHIRA PHARMA,
TOSYY,2,1,Toshiba Corp Unsponsored ADR (TOSYY) [ST],TOSHIBA UNSPONSORED,
TNTR,2,1,"Tintri, Inc. (TNTR)",TINTRI,
ASXC,2,1,"Asensus Surgical, Inc. (ASXC)",ASENSUS SURGICAL,
ASHGY,4,1,ASHTED GRP PLC S/ADR (ASHGY) [ST],ASHTED GRP S,
ASCMA,61,1,ASCENT CAPITAL GROUP INC,ASCENT CAPITAL,
ARUN,12,1,Aruba Networks,ARUBA NETWORKS,
ARTX,9,1,Arotech Corporation,AROTECH,
ARINA,1,1,Arista Investors Corp. Class A (ARINA),ARISTA INVESTORS,
ARGO,1,1,"Argo Group International Holdings, Ltd. (ARGO)",ARGO INTERNATIONAL,
ARCH,4,1,Arch Resources Inc Cl A (ARCH),ARCH RESOURCES,
ARAV,1,1,"Aravive, Inc. (ARAV)",ARAVIVE,
TNTOF,1,1,The Toronto-Dominion Bank Rate/Coupon: 3.25 Matures: 06/11/2021,TORONTO DOMINION BANK RATE COUPON 3 25 MATURES 06 11 2021,
TNH,2,1,Terra Nitrogen,TERRA NITROGEN,
TMX,1,1,TERMINIX GLOBAL HLDGS INC PER ADVIS,TERMINIX GLOBAL HLDGS PER ADVIS,
TMUSR,2,1,"T-Mobile US, Inc. - Subscription Rights Expiring 7/27/2020 (TMUSR)",T MOBILE US SUBSCRIPTION RIGHTS EXPIRING 7 27 2020,
TMST,1,1,Timken Steel Corporation Common Shares (TMST),TIMKEN STEEL,
TTP,2,1,"Tortoise Pipeline & Energy Fund, Inc. (TTP)",TORTOISE PIPELINE ENERGY FUND,
AQFH,2,1,"Aquesta Financial Holdings, Inc.",AQUESTA FINANCIAL,
APY,2,1,Apergy Corporation (APY) [ST],APERGY,
APTS,4,1,"Preferred Apartment Communities, Inc. (APTS)",PREFERRED APARTMENT COMMUNITIES,
APPL,1,1,Appell Pete Corp (APPL),APPELL PETE,
APPAD,3,1,"Heron Therapeutics, Inc. (APPAD)",HERON THERAPEUTICS,HRTX
APEN,3,1,"Apollo Endosurgery, Inc. (APEN)",APOLLO ENDOSURGERY,
APAGF,1,1,Apco Oil and Gas International Inc. - Ordinary Shares (APAGF),APCO OIL GAS INTERNATIONAL ORDINARY,
TTFS,1,1,TrimTabs Float Shrink ETF (TTFS),TRIMTABS FLOAT SHRINK ETF,
TSX,1,1,TSX Comps (TSX),TSX COMPS,
TSC,144,1,TriState Capital Holdings Inc,TRISTATE CAPITAL,
TRW,2,1,"Trw Automotive Holdings Corp, Stock",TRW AUTOMOTIVE,
TRTN,6,1,Triton International Ltd Ordinary Shares,TRITON INTERNATIONAL ORDINARY,
TRIT,2,1,"Triterras, Inc.",TRITERRAS,
TRHC,4,1,"Tabula Rasa HealthCare, Inc. (TRHC)",TABULA RASA HEALTHCARE,
TPCO,2,1,Tribune Publishing Company (TPCO),TRIBUNE PUBLISHING,
URGO,2,1,URGO [OT],URGO,
UNT,1,1,Unit Corporation (UNT),UNIT,
UNRDY,6,1,Unibail-Rodamco SE Unsponsored ADR (UNRDY),UNIBAIL RODAMCO UNSPONSORED,
UIL,1,1,UIL HLDGS CORP,UIL HLDGS,
UHID,1,1,"Universal Health Services, Inc. (UHID)",UNIVERSAL HEALTH SERVICES,UHS
UGRO,3,1,UGRO,UGRO,
UBSH,3,1,Union Bankshares Corporation (UBSH),UNION BANKSHARES,UNB
UBNK,2,1,"United Financial Bancorp, Inc. (UBNK)",UNITED FINANCIAL BANCORP,
UBA,1,1,Urstadt Biddle Properties Inc. (UBA),URSTADT BIDDLE PROPERTIES,
UA-C,1,1,"Under Armour, Inc. Class C Comm",UNDER ARMOUR COMM,
TWX T,1,1,Time Warner Inc. (Exchanged) AT&T Inc. (Received),TIME WARNER AT T,
TWOU,3,1,"2U, Inc. (TWOU)",2U,
TWNK,4,1,"""HOSTESS BRANDS INC EXECUTED 100% /",HOSTESS BRANDS EXECUTED 100,
TWKS,8,1,"Thoughtworks Holding, Inc. (TWKS)",THOUGHTWORKS,
TVTY,1,1,"Tivity Health, Inc. (TVTY)",TIVITY HEALTH,
TUES,1,1,Tuesday Morning Corp. (TUES),TUESDAY MORNING,
USTR,1,1,UTD STATIONERS,UTD STATIONERS,
USOU,1,1,United States 3x Oil Fund (USOU) [ST],UNITED STATES 3X OIL FUND,
USBP,1,1,"U.S. Bancorp Depositary Shares each representing a 1/1,000th interest in a share of Series K Non-Cumulative Perpetual Preferred Stock (USB$P)",U S BANCORP DEPOSITARY EACH REPRESENTING A 1 1 000TH INTEREST IN A SERIES K NON CUMULATIVE PERPETUAL PREFERRED,
URS,4,1,URS CORPORATION,URS,
ANN,1,1,"ANN INC., COMMON STOCK",ANN,
ANDX MPLX,1,1,Andeavor Logistics LP (Exchanged) MPLX LP (Received),ANDEAVOR LOGISTICS MPLX,
ANDV,1,1,ANDEAVOR CMN,ANDEAVOR,
ANCX UBSH,1,1,Access National Corporation (Exchanged) Union Bankshares Corporation (Received),ACCESS NATIONAL UNION BANKSHARES,
ANCX,1,1,Access National Corporation,ACCESS NATIONAL,
AMWD,2,1,American Woodmark Corporation,AMERICAN WOODMARK,
AMSWA,7,1,AMERICAN SOFTWARE INCORPORATED CLASS A (AMSWA),AMERICAN SOFTWARE,
AMRS,1,1,Amyris Inc.,AMYRIS,
AMRI,1,1,"Albany Molecular Research, Inc. (AMRI)",ALBANY MOLECULAR RESEARCH,
AMEH,5,1,"Apollo Medical Holdings, Inc. (AMEH)",APOLLO MEDICAL,
AMCRY,1,1,Amcor Limited American Depositary Shares (AMCRY),AMCOR AMERICAN DEPOSITARY,
URIRP,1,1,United Rentals Inc Trust I UNITED RENTALS TRUST 1 6.50 PFD (URIRP),UNITED RENTALS TRUST I UNITED RENTALS TRUST 1 6 50 PFD,
VODPD,1,1,Vodafone Group Plc Ordinary Shares (VODPD),VODAFONE ORDINARY,
VLKPY,1,1,Volkswagen A G Ord American Depositary Shares (VLKPY),VOLKSWAGEN A G AMERICAN DEPOSITARY,
VIV-V,1,1,Telefonica Brasil S.A. American Depositary Shares (VIV.V),TELEFONICA BRASIL S A AMERICAN DEPOSITARY,
AMAG,2,1,"AMAG Pharmaceuticals, Inc. (AMAG)",AMAG PHARMACEUTICALS,
ALYF,1,1,Ally Financial Inc. (ALYF),ALLY FINANCIAL,ALLY
ALU,1,1,"Alcatel Lucent, Common stock",ALCATEL LUCENT,
ALR,1,1,Alere Inc. (ALR),ALERE,
ALLY-A,2,1,GMAC CAP TRUST I 8.125% TO 2/15/2016 FLOATS AFTER (ALLY.A),GMAC CAP TRUST I 8 125 TO 2 15 2016 FLOATS AFTER,
ALLK,1,1,Allakos Inc. (ALLK),ALLAKOS,
ALIOYOLD,1,1,ACTELION LIMITED SPONSORED ADR (SWITZERLAND) (ALIOYOLD),ACTELION,
ALIOY,5,1,ACTELION LIMITED SPONSORED ADR (SWITZERLAND) (ALIOY),ACTELION,
VFC KTB,1,1,"V.F. Corporation (Exchanged) Kontoor Brands, Inc. (Received)",V F KONTOOR BRANDS,
VDSI,2,1,VASCO Data Security,VASCO DATA SECURITY,
VAPO,5,1,Vapotherm Inc (Stock) (VAPO),VAPOTHERM,
UTX OTIS,2,1,Raytheon Technologies Corporation (Exchanged) Otis Worldwide Corporation (Received),RAYTHEON TECHNOLOGIES OTIS WORLDWIDE,
UTX CARR,2,1,Raytheon Technologies Corporation (Exchanged) Carrier Global Corporation (Received),RAYTHEON TECHNOLOGIES CARRIER GLOBAL,
AKCPF,2,1,Asustek Computer Inc Ord Ordinary Shares (AKCPF),ASUSTEK COMPUTER ORDINARY,
AJINY,3,1,"Ajinomoto Company, Inc. American Depositary Shares (AJINY)",AJINOMOTO AMERICAN DEPOSITARY,
AIV AIRC,1,1,Apartment Investment and Management Company (Exchanged) Apartment Income REIT Corp. (Received),APARTMENT INVESTMENT MANAGEMENT APARTMENT INCOME REIT,
AINV,13,1,Apollo Investment Corporation - Closed End Fund (AINV),APOLLO INVESTMENT CLOSED END FUND,
AIMT,2,1,"Aimmune Therapeutics, Inc. (AIMT-Nasdaq) - Stock - Brisbane, CA",AIMMUNE THERAPEUTICS BRISBANE CA,
AHL-C,1,1,Aspen Insurance Holdings Ltd [Ahl/Pc],ASPEN INSURANCE,
AHL,1,1,ASPEN INSURANCE HOLDINGS LTD CMN,ASPEN INSURANCE,
AHGP,3,1,"Alliance Holdings GP, L.P. - Common Units Representing Limited Partner Interests (AHGP)",ALLIANCE GP UNITS REPRESENTING PARTNER INTERESTS,
AHC,4,1,A.H. Belo,A H BELO,
AH,1,1,ACCRETIVE HEALTH INC,ACCRETIVE HEALTH,
VRE,2,1,"Veris Residential, Inc. Common Stock (VRE)",VERIS RESIDENTIAL,
VRAY,2,1,"ViewRay, Inc. (VRAY)",VIEWRAY,
VR,1,1,"Validus Holdings, Ltd. (NYSE)",VALIDUS,
VPFG,2,1,Viewpoint Financial,VIEWPOINT FINANCIAL,
VOLVY,2,1,AB Volvo Class B American Depositary Receipts (VOLVY),AB VOLVO AMERICAN DEPOSITARY RECEIPTS,
VOLC,5,1,VOLCANO CORPORATION (VOLC),VOLCANO,
AE,1,1,"Adams Resources & Energy, Inc. (AE)",ADAMS RESOURCES ENERGY,
WGHPY,1,1,WH Group Ltd. Unsponsored American Depository Receipt (WGHPY),WH UNSPONSORED AMERICAN DEPOSITORY RECEIPT,
WFCY,1,1,"Wells Fargo & Company Depositary Shares, each representing a 1/1,000th interest in a share of Non-Cumulative Perpetual Class A Preferred Stock, Series Y (WFC$Y)",WELLS FARGO DEPOSITARY EACH REPRESENTING A 1 1 000TH INTEREST IN A NON CUMULATIVE PERPETUAL PREFERRED SERIES Y,
WFCV,2,1,"Wells Fargo & Company Depositary Shares, each representing a 1/1,000th interest in a share of Non-Cumulative Perpetual Class A Preferred Stock, Series V (WFC$V)",WELLS FARGO DEPOSITARY EACH REPRESENTING A 1 1 000TH INTEREST IN A NON CUMULATIVE PERPETUAL PREFERRED SERIES V,
WFCD,2,1,"Wells Fargo & Company Depositary Shares, each representing a 1/1,000th interest in a share of Non-Cumulative Perpetual Class A Preferred Stock, Series DD (WFC$D)",WELLS FARGO DEPOSITARY EACH REPRESENTING A 1 1 000TH INTEREST IN A NON CUMULATIVE PERPETUAL PREFERRED SERIES DD,
WEIGY,3,1,WEIR GROUP PLC ADR (UNITED KINGDOM) (WEIGY),WEIR,WEGRY
WEGE3,1,1,Weg SA (Stock) (WEGE3),WEG,
WCAGY,1,1,"Wirecard Ag, Berlin Unsponsored ADR (WCAGY)",WIRECARD BERLIN UNSPONSORED,
VZ TMUS,1,1,"Verizon Communications Inc. (Exchanged) T-Mobile US, Inc. (Received)",VERIZON COMMUNICATIONS T MOBILE US,
VWR,4,1,VWR CORPORATION (VWR),VWR,
VVNT,2,1,"Vivint Smart Home, Inc. (VVNT)",VIVINT SMART HOME,
VVI,18,1,Viad Corp,VIAD,
VTNR,2,1,"Vertex Energy, Inc (VTNR)",VERTEX ENERGY,
VSCO,1,1,Victorias Secret & Co. (VSCO),VICTORIAS SECRET,
VSAR,1,1,"Versartis, Inc. (VSAR)",VERSARTIS,
AKRO,1,1,"Akero Therapeutics, Inc. (AKRO)",AKERO THERAPEUTICS,
WOPEY,2,1,Woodside Petroleum Ltd American Depositary Shares (WOPEY),WOODSIDE PETROLEUM AMERICAN DEPOSITARY,
WNRP,1,1,"West Suburban Bancorp, Inc. (WNRP) [ST]",WEST SUBURBAN BANCORP,
WLT,2,1,WALTER ENERGY INC,WALTER ENERGY,
WIZEY,2,1,Wise plc Sponsored ADR (WIZEY),WISE,WSE
WIFI,30,1,BOINGO WIRELESS INC,BOINGO WIRELESS,
WGL,1,1,WGL Holdings Inc (WGL),WGL,
AGS,1,1,PLAYAGS INC PER ADVISORY AGREEMEN,PLAYAGS PER ADVISORY AGREEMEN,
AGAE,1,1,Allied Gaming & Entertainment Inc.,ALLIED GAMING ENTERTAINMENT,
AFT,1,1,Apollo Senior Floating Rate Fund Inc. (AFT),APOLLO SENIOR FLOATING RATE FUND,
AFSCP,1,1,"AmTrust Financial Services, Inc. Depository Shares Representing 1/40th Preferred Series C (AFSCP)",AMTRUST FINANCIAL SERVICES DEPOSITORY REPRESENTING 1 40TH PREFERRED SERIES C,
AFCE,2,1,AFC ENTERPRISES INCORPORATED (AFCE),AFC ENTERPRISES,
AFAM,7,1,Almost Family Inc (AFAM),ALMOST FAMILY,
AEZS,2,1,AEterna Zentaris Inc. (AEZS),AETERNA ZENTARIS,
AEX-MU,1,1,"CHUBB LTD. SF 24,15",CHUBB SF 24 15,
AET CVS,1,1,Aetna Inc. (Exchanged) CVS Health Corporation (Received),AETNA CVS HEALTH,
AESE,1,1,"Allied Esports Entertainment, Inc. (AESE)",ALLIED ESPORTS ENTERTAINMENT,
WSTMX,1,1,Wells Fargo Advantage S/T Muni Bd Adm (NASDAQ),WELLS FARGO ADVANTAGE S T MUNI BD ADM,
WRK-V,1,1,Westrock Company Common Stock Ex-Distribution When Issued (WRK.V) [ST],WESTROCK EX DISTRIBUTION WHEN ISSUED,
WPZ WMB,1,1,"Williams Partners L.P. (Exchanged) The Williams Companies, Inc. (Received)",WILLIAMS PARTNERS WILLIAMS,
WPYGY,5,1,WORLDPAY GROUP PLC ADR (UNITED KINGDOM) (WPYGY),WORLDPAY,
ADVS,1,1,"Advent Software, Inc. (ADVS)",ADVENT SOFTWARE,
ADT-F,1,1,ADT CORPORATION,ADT,ADT
ADRO,5,1,ADURO BIOTECH INCORPORATED (ADRO),ADURO BIOTECH,
ADRE,1,1,BLDRS Emerging Markets 50 ADR Index Fund (ADRE),BLDRS EMERGING MARKETS 50 INDEX FUND,
ADMR,5,1,Admiral Acquisition LTD (Stock) (ADMR),ADMIRAL ACQUISITION,
ACXM,2,1,Acxiom Corporation (ACXM),ACXIOM,
ACST,1,1,"Acasti Pharma, Inc. - Class A (ACST)",ACASTI PHARMA,
ACOR,1,1,ACORDA THERAPEUTICS INC,ACORDA THERAPEUTICS,
ACIA,2,1,ACACIA COMMUNICATIONS INCORPORATED (ACIA),ACACIA COMMUNICATIONS,
ACGPF,1,1,Accell Group NV Heerenveen Ordinary Shares (ACGPF),ACCELL HEERENVEEN ORDINARY,
ACAS,44,1,AMERICAN CAPITAL LIMITED,AMERICAN CAPITAL,
WOSYY,2,1,WOLSELEY PLC JERSEY SPONSORED ADR 20 (JERSEY) (WOSYY),WOLSELEY JERSEY 20,
ZIOP,1,1,"ZIOPHARM Oncology, Inc.",ZIOPHARM ONCOLOGY,
^RGP ETP,1,1,"^RGP (Exchanged) Energy Transfer Partners, L.P. (Received)",RGP ENERGY TRANSFER PARTNERS,
YY,1,1,YY Inc. - American Depositary Shares (YY),YY AMERICAN DEPOSITARY,
YTEN,1,1,"Yield10 Bioscience, Inc. (YTEN)",YIELD10 BIOSCIENCE,
-- AM,1,1,"Antero Midstream Partners, LP (Exchanged) Antero Midstream Corporation (Received)",ANTERO MIDSTREAM PARTNERS ANTERO MIDSTREAM,
-- AMCR,1,1,"BERY - Berry Global Group, Inc. (Exchanged) Amcor plc Ordinary Shares (Received)",BERY BERRY GLOBAL AMCOR ORDINARY,
YAMHY,1,1,YAMAHA MOTOR CO UNSP/ADR (YAMHY),YAMAHA MOTOR UNSP,
-- DIS,2,1,21st Century Fox Class B (Exchanged) The Walt Disney Company (Received),21ST CENTURY FOX WALT DISNEY,
4824778,1,1,SGS SA-REG (4824778),SGS REG,
4491235,2,1,KINGSPAN GRP PLC (4491235),KINGSPAN GRP,
3V64-TI,2,1,VISA - CLASSE A,VISA CLASSE A,
0QZI-IL,2,1,FACEBOOK INC FACEBOOK CLASS A,FACEBOOK FACEBOOK,
-- WGP,1,1,"Western Gas Partners (Exchanged) Western Midstream Partners, LP (Received)",WESTERN GAS PARTNERS WESTERN MIDSTREAM PARTNERS,
-- WBD,1,1,"WarnerMedia Spinco (Exchanged) Warner Bros. Discovery, Inc. - Series A Common Sto (Received)",WARNERMEDIA SPINCO WARNER BROS DISCOVERY SERIES A STO,
-- VIAC,1,1,CBS (Exchanged) ViacomCBS Inc. (Received),CBS VIACOMCBS,
XL,2,1,XL Group plc (XL),XL,
XTXI,1,1,"Crosstex Energy, Inc. (NASDAQ)",CROSSTEX ENERGY,
XPOI,1,1,"Xponential, Inc. (XPOI)",XPONENTIAL,
XOG,3,1,EXTRACTION OIL & GAS INC CMN,EXTRACTION OIL GAS,
XMEX,1,1,Xemex Group Inc. Common stock (XMEX),XEMEX,
XLS-WI,6,1,Exelis Inc. Common Stock Ex-Dis (NYSE),EXELIS EX DIS,
XLRN,5,1,ACCELERON PHARMA INCORPORATED (XLRN),ACCELERON PHARMA,
AAUKY,4,1,ANGLO AMERN PLC ADR NEW (UNITED KINGDOM) (AAUKY),ANGLO AMERN,
AAMA,2,1,"Apollo Asset Management, Inc. 6.375% Series A Preferred Stock (AAM$A)",APOLLO ASSET MANAGEMENT 6 375 SERIES A PREFERRED,
AAICB,1,1,Arlington Asset Investment Corp 7.00% (AAIC$B),ARLINGTON ASSET INVESTMENT 7 00,
AABA,2,1,GS Brokerage - ALTABA INC. CLOSE ENDED FUND (AABA),GS BROKERAGE ALTABA CLOSE ENDED FUND,
6897143,1,1,TORAY IND INC (6897143),TORAY IND,
6320058,2,1,HYFLUX LTD (6320058),HYFLUX,
5522714,1,1,PSI AG (5522714),PSI,
ZN,2,1,Zion Oil & Gas Inc (ZN),ZION OIL GAS,ZNOG
ZMLP,1,1,Direxion Zacks MLP High Income Shares (ZMLP),DIREXION ZACKS MLP HIGH INCOME,
ZLC,2,1,Zale Corporation,ZALE,
