ticker_query,alias,client_id,client_name,registrant
AA,Alcoa,64246,ALCOA CORPORATION,AKIN GUMP STRAUSS HAUER & FELD
AA,Alcoa,73199,ALCOA CORPORATION,"BROWNSTEIN HYATT FARBER SCHRECK, LLP"
AA,Alcoa,105319,ALCOA CORPORATION,BAKER & HOSTETLER LLP
AA,Alcoa,106059,ALCOA INC,BALL JANIK LLP
AA,Alcoa,107089,ALCOA CORPORATION,"BARNES & THORNBURG, LLP"
AA,Alcoa,108253,ALCOA INC,BKSH & ASSOCIATES
AA,Alcoa,113622,ALCOA,CLARK & WEINSTOCK
AA,Alcoa,129283,ALCOA,DEWEY & LEBOEUF LLP
AA,Alcoa,140526,ALCOA,"PUBLIC STRATEGIES, INC."
AA,Alcoa,145048,ALCOA CORPORATION,DENTONS US LLP
AA,Alcoa,147601,ALCOA,VAN SCOYOC ASSOCIATES
AA,Alcoa,152320,ALCOA,"WRIGHT & TALISMAN, P.C."
AA,Alcoa,154103,ALUMINUM CORP OF AMERICAN (ALCOA),MR. ROBERT WILSON
AA,Alcoa,161486,CITY OF ALCOA,"DCI GROUP, L.L.C."
AA,Alcoa,164914,ALCOA,"MERCURY PUBLIC AFFAIRS, LLC"
AA,Alcoa,165107,ALCOA INC,THE COHEN GROUP
AA,Alcoa,166999,ALCOA INC.,"SIGNAL GROUP CONSULTING, LLC"
AA,Alcoa,179330,CITY OF ALCOA,GALLAGHER MILLAGE & GALLAGHER
AA,Alcoa,180770,ALCOA INC,BG4 LLC
AA,Alcoa,181869,ALCOA INC,"ROBERT H. LAMB, PLLC"
AA,Alcoa,182890,ALCOA CORPORATION,MONUMENT ADVOCACY
AA,Alcoa,199399,VAN SCOYOC ASSOCIATES (ALCOA),IVY GREEN CONSULTING
AA,Alcoa,200992,ALCOA CORP,ALCOA CORP
AAPL,Apple Inc,53109,COVINGTON & BURLING ON BEHALF OF APPLE INC.,MARLA GROSSMAN LLC
AAPL,Apple Inc,54298,APPLE INC.,COVINGTON & BURLING LLP
AAPL,Apple Inc,56490,WILMERHALE ON BEHALF OF APPLE INC.,MARLA GROSSMAN LLC
AAPL,Apple Inc,58307,APPLE INC.,POLSINELLI PC
AAPL,Apple Inc,63242,"APPLE, INC.",THOLOS GOVERNMENT RELATIONS
AAPL,Apple Inc,68099,APPLE INC.,LILETTE ADVISORS
AAPL,Apple Inc,68715,APPLE INC.,"SIGHTLINE ADVOCACY, LLC"
AAPL,Apple Inc,74962,APPLE INC.,BELLWETHER GOVERNMENT AFFAIRS LLC
AAPL,Apple Inc,103979,APPLE INC,APPLE INC.
AAPL,Apple Inc,109859,APPLE COMPUTERS INC,"BROWNSTEIN HYATT FARBER SCHRECK, LLP"
AAPL,Apple Inc,124661,"APPLE, INC.",HOGAN LOVELLS CADWALADER US LLP (FKA HOGAN LOVELLS US LLP)
AAPL,Apple Inc,128411,APPVION INC (FORMERLY KNOWN AS APPLETON PAPERS INC ),KING & SPALDING LLP
AAPL,Apple Inc,128783,APPLE COMPUTERS INC,KPMG LLP
AAPL,Apple Inc,131383,APPLE COMPUTER INC,MAYER BROWN LLP
AAPL,Apple Inc,143684,APPLETON PAPERS INC,SIDLEY AUSTIN LLP
AAPL,Apple Inc,151807,"APPLE, INC.",WILMER CUTLER PICKERING HALE AND DORR LLP
AAPL,Apple Inc,152744,APPLE COMPUTER INC,"HWG LLP (F/K/A HARRIS, WILTSHIRE & GRANNIS LLP)"
AAPL,Apple Inc,153419,"APPLE, INC.","FIERCE, ISAKOWITZ & BLALOCK"
AAPL,Apple Inc,155522,"APPLE, INC","JEFFERSON BUSINESS CONSULTING, LLC"
AAPL,Apple Inc,159542,APPLETON PAPERS INC,BUCHANAN INGERSOLL & ROONEY PC
AAPL,Apple Inc,167757,"APPLEWOOD CENTERS, INC.",MR. WILLIAM P. BLAIR III
AAPL,Apple Inc,169490,APPLE INC.,DLA PIPER LLP (US)
AAPL,Apple Inc,173094,"APPLE, INC.",FGS GLOBAL (US) LLC (FKA FGH HOLDINGS LLC)
AAPL,Apple Inc,176948,"APPLE HOMECARE MEDICAL SUPPLY, INC.","CLARK HILL, PLC"
AAPL,Apple Inc,178895,"APPLETON PAPERS, INC.",THE WHITMAN STRATEGY GROUP
AAPL,Apple Inc,181533,"APPLE, INC.",BERNSTEIN STRATEGY GROUP
AAPL,Apple Inc,184947,APPLE INC.,INVARIANT LLC
AAPL,Apple Inc,187732,APPLE INC,"FRANKLIN SQUARE GROUP, LLC"
AAPL,Apple Inc,199154,APPLE INC.,FIERCE GOVERNMENT RELATIONS
AAPL,Apple Inc,201409,APPLE INC.,"MILLER STRATEGIES, LLC"
AAPL,Apple Inc,207089,APPLE INC.,SALT POINT STRATEGIES
AAPL,Apple Inc,208484,APPLE INC.,TEAM HALLAHAN LLC
AAPL,Apple Inc,208525,APPLE INC.,BLOOM STRATEGIC COUNSEL
AAPL,Apple Inc,210370,APPLE INC.,"FEDERAL STREET STRATEGIES, LLC"
AAPL,"Apple, Inc",53109,COVINGTON & BURLING ON BEHALF OF APPLE INC.,MARLA GROSSMAN LLC
AAPL,"Apple, Inc",54298,APPLE INC.,COVINGTON & BURLING LLP
AAPL,"Apple, Inc",56490,WILMERHALE ON BEHALF OF APPLE INC.,MARLA GROSSMAN LLC
AAPL,"Apple, Inc",58307,APPLE INC.,POLSINELLI PC
AAPL,"Apple, Inc",63242,"APPLE, INC.",THOLOS GOVERNMENT RELATIONS
AAPL,"Apple, Inc",68099,APPLE INC.,LILETTE ADVISORS
AAPL,"Apple, Inc",68715,APPLE INC.,"SIGHTLINE ADVOCACY, LLC"
AAPL,"Apple, Inc",74962,APPLE INC.,BELLWETHER GOVERNMENT AFFAIRS LLC
AAPL,"Apple, Inc",103979,APPLE INC,APPLE INC.
AAPL,"Apple, Inc",109859,APPLE COMPUTERS INC,"BROWNSTEIN HYATT FARBER SCHRECK, LLP"
AAPL,"Apple, Inc",124661,"APPLE, INC.",HOGAN LOVELLS CADWALADER US LLP (FKA HOGAN LOVELLS US LLP)
AAPL,"Apple, Inc",128411,APPVION INC (FORMERLY KNOWN AS APPLETON PAPERS INC ),KING & SPALDING LLP
AAPL,"Apple, Inc",128783,APPLE COMPUTERS INC,KPMG LLP
AAPL,"Apple, Inc",131383,APPLE COMPUTER INC,MAYER BROWN LLP
AAPL,"Apple, Inc",143684,APPLETON PAPERS INC,SIDLEY AUSTIN LLP
AAPL,"Apple, Inc",151807,"APPLE, INC.",WILMER CUTLER PICKERING HALE AND DORR LLP
AAPL,"Apple, Inc",152744,APPLE COMPUTER INC,"HWG LLP (F/K/A HARRIS, WILTSHIRE & GRANNIS LLP)"
AAPL,"Apple, Inc",153419,"APPLE, INC.","FIERCE, ISAKOWITZ & BLALOCK"
AAPL,"Apple, Inc",155522,"APPLE, INC","JEFFERSON BUSINESS CONSULTING, LLC"
AAPL,"Apple, Inc",159542,APPLETON PAPERS INC,BUCHANAN INGERSOLL & ROONEY PC
AAPL,"Apple, Inc",167757,"APPLEWOOD CENTERS, INC.",MR. WILLIAM P. BLAIR III
AAPL,"Apple, Inc",169490,APPLE INC.,DLA PIPER LLP (US)
AAPL,"Apple, Inc",173094,"APPLE, INC.",FGS GLOBAL (US) LLC (FKA FGH HOLDINGS LLC)
AAPL,"Apple, Inc",176948,"APPLE HOMECARE MEDICAL SUPPLY, INC.","CLARK HILL, PLC"
AAPL,"Apple, Inc",178895,"APPLETON PAPERS, INC.",THE WHITMAN STRATEGY GROUP
AAPL,"Apple, Inc",181533,"APPLE, INC.",BERNSTEIN STRATEGY GROUP
AAPL,"Apple, Inc",184947,APPLE INC.,INVARIANT LLC
AAPL,"Apple, Inc",187732,APPLE INC,"FRANKLIN SQUARE GROUP, LLC"
AAPL,"Apple, Inc",199154,APPLE INC.,FIERCE GOVERNMENT RELATIONS
AAPL,"Apple, Inc",201409,APPLE INC.,"MILLER STRATEGIES, LLC"
AAPL,"Apple, Inc",207089,APPLE INC.,SALT POINT STRATEGIES
AAPL,"Apple, Inc",208484,APPLE INC.,TEAM HALLAHAN LLC
AAPL,"Apple, Inc",208525,APPLE INC.,BLOOM STRATEGIC COUNSEL
AAPL,"Apple, Inc",210370,APPLE INC.,"FEDERAL STREET STRATEGIES, LLC"
ABBV,AbbVie,57032,ABBVIE INC.,"MARSHALL & POPP, LLC"
ABBV,AbbVie,68092,ABBVIE,ACG ADVOCACY
ABBV,AbbVie,71148,ABBVIE INC.,CHECKMATE GOVERNMENT RELATIONS
ABBV,AbbVie,71889,"ABBVIE, INC.","WILLIAMS AND JENSEN, PLLC"
ABBV,AbbVie,105314,"ABBVIE, INC.",BAKER & HOSTETLER LLP
ABBV,AbbVie,110107,ABBVIE,"BROWNSTEIN HYATT FARBER SCHRECK, LLP"
ABBV,AbbVie,127199,ABBVIE INC.,TIBER CREEK GROUP
ABBV,AbbVie,137991,ABBVIE,NIXON PEABODY LLP
ABBV,AbbVie,163087,ABBVIE,"CAPITOL TAX PARTNERS, LLP"
ABBV,AbbVie,181309,ABBVIE INC.,"TARPLIN, DOWNS & YOUNG, LLC"
ABBV,AbbVie,189863,ABBVIE INC.,MAGER & ASSOCIATES LLC
ABBV,AbbVie,192532,ABBVIE INC.,THORN RUN PARTNERS
ABBV,AbbVie,193500,ABBVIE INC.,"W STRATEGIES, LLC"
ABBV,AbbVie,194550,PECK MADIGAN JONES (ON BEHALF OF ABBVIE INC.),"TIBER CREEK HEALTH STRATEGIES, INC."
ABBV,AbbVie,197319,ABBVIE INC.,"ABBVIE, INC."
ABBV,AbbVie,197819,ABBVIE,LINCOLN POLICY GROUP
ABBV,AbbVie,200105,ABBVIE INC.,"SRB STRATEGIC, LLC"
ABBV,AbbVie,202415,"ABBVIE, INC.","FEDERAL STREET STRATEGIES, LLC"
ABBV,AbbVie,209353,ABBVIE INC.,OGR
ABBV,AbbVie,210732,ABBVIE INC.,"CORNERSTONE GOVERNMENT AFFAIRS, INC."
ABT,Abbott Laboratories,64292,ABBOTT LABORATORIES,TIBER CREEK GROUP
ABT,Abbott Laboratories,64754,ABBOTT LABORATORIES,S-3 GROUP
ABT,Abbott Laboratories,65130,ABBOTT LABORATORIES,"MARSHALL & POPP, LLC"
ABT,Abbott Laboratories,72861,ABBOTT LABORATORIES,"PHRONESISDC, LLC"
ABT,Abbott Laboratories,100021,ABBOTT LABORATORIES,ABBOTT LABORATORIES
ABT,Abbott Laboratories,100717,ABBOTT LABORATORIES,AKIN GUMP STRAUSS HAUER & FELD
ABT,Abbott Laboratories,102232,ABBOTT LABORATORIES,ALSTON & BIRD LLP
ABT,Abbott Laboratories,106692,ABBOTT LABORATORIES,BGR GOVERNMENT AFFAIRS
ABT,Abbott Laboratories,108600,ABBOTT LABORATORIES,BLANK ROME GOVERNMENT RELATIONS
ABT,Abbott Laboratories,110043,ABBOTT LABORATORIES,"BROWNSTEIN HYATT FARBER SCHRECK, LLP"
ABT,Abbott Laboratories,115128,ABBOTT LABORATORIES,COVINGTON & BURLING LLP
ABT,Abbott Laboratories,115636,ABBOTT LABORATORIES,CROWELL GLOBAL ADVISORS
ABT,Abbott Laboratories,118111,ABBOTT LABORATORIES,"DUTKO WORLDWIDE, LLC"
ABT,Abbott Laboratories,122027,ABBOTT LABORATORIES,"GREENBERG TRAURIG, LLP"
ABT,Abbott Laboratories,124388,ABBOTT LABORATORIES,HOGAN LOVELLS CADWALADER US LLP (FKA HOGAN LOVELLS US LLP)
ABT,Abbott Laboratories,124994,ABBOTT LABORATORIES,HOLLAND & KNIGHT LLP
ABT,Abbott Laboratories,128048,ABBOTT LABORATORIES,KESSLER & ASSOCIATES BUSINESS SERVICES
ABT,Abbott Laboratories,131451,ABBOTT LABORATORIES,MAYER BROWN LLP
ABT,Abbott Laboratories,131544,ABBOTT LABORATORIES,"MGN, INC.  (FORMERLY MCCLURE, GERARD & NEUENSCHWANDER, INC.)"
ABT,Abbott Laboratories,131917,ABBOTT LABORATORIES,MCDERMOTT WILL & SCHULTE LLP
ABT,Abbott Laboratories,136026,ABBOTT LABORATORIES,"PARRY, ROMANI, DECONCINI & SYMMS"
ABT,Abbott Laboratories,136878,ABBOTT LABORATORIES,SQUIRE PATTON BOGGS
ABT,Abbott Laboratories,140946,ABBOTT LABORATORIES,REED SMITH LLP
ABT,Abbott Laboratories,142010,ABBOTT LABORATORIES,"ROPES & GRAY, LLP"
ABT,Abbott Laboratories,142534,ABBOTT LABORATORIES,FAEGRE BAKER DANIELS CONSULTING
ABT,Abbott Laboratories,143246,ABBOTT LABORATORIES,PILLSBURY WINTHROP SHAW PITTMAN LLP
ABT,Abbott Laboratories,144907,ABBOTT LABORATORIES,DENTONS US LLP
ABT,Abbott Laboratories,147094,ABBOTT LABORATORIES,UNGARETTI & HARRIS
ABT,Abbott Laboratories,151226,ABBOTT LABORATORIES,"WILLIAMS AND JENSEN, PLLC"
ABT,Abbott Laboratories,158196,ABBOTT LABORATORIES,BENNETT TURNER & COLEMAN LLP
ABT,Abbott Laboratories,162266,ABBOTT LABORATORIES,"CAPITOL HEALTH GROUP, LLC"
ABT,Abbott Laboratories,163137,ABBOTT LABORATORIES,"CAPITOL TAX PARTNERS, LLP"
ABT,Abbott Laboratories,165547,ABBOTT LABORATORIES INC,CAPITOL HILL CONSULTING GROUP
ABT,Abbott Laboratories,170233,ABBOTT LABORATORIES,QUAYLE & ASSOC
ABT,Abbott Laboratories,170670,ABBOTT LABORATORIES,FOLEY HOAG LLP
ABT,Abbott Laboratories,172055,ABBOTT LABORATORIES,AVENTOR
ABT,Abbott Laboratories,173125,ABBOTT LABORATORIES,FGS GLOBAL (US) LLC (FKA FGH HOLDINGS LLC)
ABT,Abbott Laboratories,175535,ABBOTT LABORATORIES,"MEHLMAN CONSULTING, INC."
ABT,Abbott Laboratories,177242,ABBOTT LABORATORIES,FLEISHMAN-HILLARD
ABT,Abbott Laboratories,177459,ABBOTT LABORATORIES,"BOCKORNY GROUP, INC."
ABT,Abbott Laboratories,179520,ABBOTT LABORATORIES,"TORREY ADVISORY GROUP (FORMERLY MICHAEL TORREY ASSOCIATES, LLC)"
ABT,Abbott Laboratories,182537,ABBOTT LABORATORIES,"POLARIS GOVERNMENT RELATIONS, LLC"
ABT,Abbott Laboratories,192531,ABBOTT LABORATORIES,THORN RUN PARTNERS
ABT,Abbott Laboratories,193490,ABBOTT LABORATORIES,"W STRATEGIES, LLC"
ABT,Abbott Laboratories,193794,ABBOTT LABORATORIES,CHAMBER HILL STRATEGIES
ABT,Abbott Laboratories,196592,ABBOTT LABORATORIES,FORBES-TATE
ABT,Abbott Laboratories,197866,ABBOTT LABORATORIES,LINCOLN POLICY GROUP
ABT,Abbott Laboratories,202379,ABBOTT LABORATORIES,IMPACT HEALTH POLICY PARTNERS
ABT,Abbott Laboratories,207585,ABBOTT LABORATORIES,"THEGROUP DC, LLC"
ABT,Abbott Laboratories,208605,ABBOTT LABORATORIES,"KOUNTOUPES DENHAM CARR & REID, LLC"
ABT,Abbott Laboratories,211827,ABBOTT LABORATORIES,FEDERAL HEALTH POLICY STRATEGIES
ACN,Accenture,44625,"ACCENTURE, LLP","ALPINE GROUP PARTNERS, LLC."
ACN,Accenture,65166,ACCENTURE LLP,BALLARD PARTNERS
ACN,Accenture,68159,ACCENTURE FEDERAL SERVICES LLC,DUTKO GOVERNMENT RELATIONS
ACN,Accenture,71602,ACCENTURE FEDERAL SERVICES LLC,ALSTON & BIRD LLP
ACN,Accenture,74437,ACCENTURE FEDERAL SERVICES LLC,"DB3, LLC (FKA THE DASCHLE GROUP)"
ACN,Accenture,101282,ACCENTURE LLP,AKIN GUMP STRAUSS HAUER & FELD
ACN,Accenture,103197,"GESTALT (ACQUIRED DEC. 31, 2007, BY ACCENTURE)",AMERICAN DEFENSE INTERNATIONAL
ACN,Accenture,103471,ACCENTURE FEDERAL SERVICES LLC,AMERICAN DEFENSE INTERNATIONAL
ACN,Accenture,103755,ACCENTURE LLP,"ACCENTURE, LLP"
ACN,Accenture,104564,"ACCENTURE, LLP",ARNOLD & PORTER KAYE SCHOLER LLP
ACN,Accenture,105204,ACCENTURE,BAKER & HOSTETLER LLP
ACN,Accenture,108120,ACCENTURE,BKSH & ASSOCIATES
ACN,Accenture,110976,ACCENTURE,"JOHN G. CAMPBELL, INC."
ACN,Accenture,112312,ACCENTURE,"CASSIDY & ASSOCIATES, INC."
ACN,Accenture,112596,ACCENTURE FEDERAL SERVICES,"CASSIDY & ASSOCIATES, INC."
ACN,Accenture,113048,ACCENTURE LLP,"CHAMBERS, CONLON & HARTWELL, LLC"
ACN,Accenture,114246,ACCENTURE,CONAWAY GROUP LLC
ACN,Accenture,114600,ACCENTURE,PRICEWATERHOUSECOOPERS
ACN,Accenture,117681,ACCENTURE LLP,THE DUBERSTEIN GROUP INC.
ACN,Accenture,117911,ACCENTURE,"DUTKO WORLDWIDE, LLC"
ACN,Accenture,118422,ACCENTURE FEDERAL SERVICES LLC,"DUTKO WORLDWIDE, LLC"
ACN,Accenture,120584,ACCENTURE LLP,FOLEY & LARDNER LLP
ACN,Accenture,120913,ACCENTURE,HEIDEPRIEM & MAGER INC
ACN,Accenture,124614,ACCENTURE,HOGAN LOVELLS CADWALADER US LLP (FKA HOGAN LOVELLS US LLP)
ACN,Accenture,127094,ACCENTURE,TIBER CREEK GROUP
ACN,Accenture,127527,ACCENTURE,"JONES WALKER, LLP"
ACN,Accenture,127652,ACCENTURE FEDERAL SERVICES LLC,"JONES WALKER, LLP"
ACN,Accenture,131334,ACCENTURE LLP,MAYER BROWN LLP
ACN,Accenture,132967,"ACCENTURE, LLP","MILLER & CHEVALIER, CHTD"
ACN,Accenture,135485,ACCENTURE,"RYAN MACKINNON VASAPOLI AND BERZOK, LLP"
ACN,Accenture,136144,ACCENTURE,"PARRY, ROMANI, DECONCINI & SYMMS"
ACN,Accenture,142729,ACCENTURE LLP,SANDLER & TRAVIS TRADE ADVISORY SERVICES
ACN,Accenture,149403,ACCENTURE,VERNER LIIPFERT BERNHARD MCPHERSON & HAND
ACN,Accenture,153797,ACCENTURE,"KELMAN, STEVEN J."
ACN,Accenture,155559,ACCENTURE,"JEFFERSON BUSINESS CONSULTING, LLC"
ACN,Accenture,156360,ACCENTURE,"THE LIVINGSTON GROUP, LLC"
ACN,Accenture,156543,ACCENTURE FEDERAL SERVICES LLC,"THE LIVINGSTON GROUP, LLC"
ACN,Accenture,160170,ACCENTURE,ERNST & YOUNG LLP (WASHINGTON COUNCIL ERNST & YOUNG)
ACN,Accenture,162997,ACCENTURE,"CAPITOL TAX PARTNERS, LLP"
ACN,Accenture,171737,LIVINGSTON GROUP (ON BEHALF OF ACCENTURE),"MOFFETT GROUP, LLC"
ACN,Accenture,178345,ACCENTURE LLP,"WHITMER & WORRALL, LLC"
ACN,Accenture,178563,ACCENTURE LLP,"THE NICKLES GROUP, LLC"
ACN,Accenture,178570,ACCENTURE FEDERAL SERVICES LLC,"THE NICKLES GROUP, LLC"
ACN,Accenture,182577,ACCENTURE FEDERAL SERVICES,"ETHERTON AND ASSOCIATES, INC."
ACN,Accenture,182951,"ACCENTURE, LLP",MONUMENT ADVOCACY
ACN,Accenture,186613,ACCENTURE,JST STRATEGIES LLC (FORMERLY JOCHUM SHORE & TROSSEVIN PC)
ACN,Accenture,190079,ACCENTURE,"HEIDEPRIEM & ASSOCIATES, LLC"
ACN,Accenture,191777,ACCENTURE LLP,"TWINLOGIC STRATEGIES, LLP"
ACN,Accenture,192302,ACCENTURE LLP,PRIME POLICY GROUP
ACN,Accenture,193708,TWINLOGIC STRATEGIES ON BEHALF OF ACCENTURE,MOORE CONSULTING
ACN,Accenture,196785,TWIN LOGIC STRATEGIES ON BEHALF OF ACCENTURE LLP,"WINN STRATEGIES, LLC"
ACN,Accenture,199183,ACCENTURE LLP,FIERCE GOVERNMENT RELATIONS
ACN,Accenture,202981,ACCENTURE FEDERAL SERVICES LLC,ACCENTURE FEDERAL SERVICES LLC
ACN,Accenture,209948,ACCENTURE FEDERAL SERVICES,"TARPLIN, DOWNS & YOUNG, LLC"
ACN,Accenture,210493,ACCENTURE FEDERAL SERVICES LLC,INVARIANT LLC
ACN,Accenture,210494,ACCENTURE LLP,INVARIANT LLC
ADBE,Adobe,55115,ADOBE INC.,BLOOM STRATEGIC COUNSEL
ADBE,Adobe,58007,"ADOBE, INC.",AKIN GUMP STRAUSS HAUER & FELD
ADBE,Adobe,63828,ADOBE,MICHAEL BEST STRATEGIES LLC
ADBE,Adobe,118230,ADOBE SYSTEMS INCORPORATED,"DUTKO WORLDWIDE, LLC"
ADBE,Adobe,156556,ADOBE SYSTEMS INCORPORATED,"THE LIVINGSTON GROUP, LLC"
ADBE,Adobe,159070,DANA ADOBE NIPOMO AMIGOS INC,TOWNSEND PUBLIC AFFAIRS
ADBE,Adobe,175590,ADOBE SYSTEMS INC.,"MEHLMAN CONSULTING, INC."
ADBE,Adobe,177222,ADOBE INC,ADOBE INC
ADBE,Adobe,196831,ADOBE SYSTEMS INC,EFRUS FEDERAL ADVISORS LLC
ADBE,Adobe,196850,THE LIVINGSTON GROUP (FOR ADOBE),"EFFECTIVE COMMUNICATION STRATEGIES, LLC"
ADBE,Adobe,199086,ADOBE SYSTEMS INC.,WEST FRONT STRATEGIES LLC
ADBE,Adobe,199436,ADOBE SYSTEMS INCORPORATED,HETTINGER STRATEGY GROUP LLC
ADBE,Adobe,199537,HETTINGER STRATEGY GROUP ON BEHALF OF ADOBE,CYRRUS ANALYTICS LLC
ADBE,Adobe,204644,ADOBE INC.,"CORNERSTONE GOVERNMENT AFFAIRS, INC."
ADBE,Adobe,205287,ADOBE INC,FORESIGHT LAW + POLICY PLLC
ADBE,Adobe,207284,ADOBE INC.,"FEDERAL STREET STRATEGIES, LLC"
ADP,Automatic Data Processing,104923,AUTOMATIC DATA PROCESSING,AUTOMATIC DATA PROCESSING
ADP,Automatic Data Processing,116741,AUTOMATIC DATA PROCESSING INC,DEWEY BALLANTINE LLP
ADP,Automatic Data Processing,117696,AUTOMATIC DATA PROCESSING INC,THE DUBERSTEIN GROUP INC.
ADP,Automatic Data Processing,128761,AUTOMATIC DATA PROCESSING,KPMG LLP
ADP,Automatic Data Processing,129293,AUTOMATIC DATA PROCESSING INC,DEWEY & LEBOEUF LLP
ADP,Automatic Data Processing,132235,"AUTOMATIC DATA PROCESSING, INC.",MCGUIREWOODS CONSULTING (A SUBSIDIARY OF MCGUIREWOODS LLP)
ADP,Automatic Data Processing,144933,"AUTOMATIC DATA PROCESSING, INC",DENTONS US LLP
AMD,Advanced Micro Devices,56169,"ADVANCED MICRO DEVICES, INC.","MEHLMAN CONSULTING, INC."
AMD,Advanced Micro Devices,65573,"ADVANCED MICRO DEVICES, INC.",BALLARD PARTNERS
AMD,Advanced Micro Devices,66720,ADVANCED MICRO DEVICES (AMD),J.SULLIVAN ADVOCACY
AMD,Advanced Micro Devices,69189,"ADVANCED MICRO DEVICES, INC.","CORNERSTONE GOVERNMENT AFFAIRS, INC."
AMD,Advanced Micro Devices,72123,"ADVANCED MICRO DEVICES, INC.","VENTURE GOVERNMENT STRATEGIES, LLC (FKA HOBART HALLAWAY & QUAYLE VENTURES, LLC)"
AMD,Advanced Micro Devices,74532,"ADVANCED MICRO DEVICES, INC.",MICHAEL BEST STRATEGIES LLC
AMD,Advanced Micro Devices,102937,ADVANCED MICRO DEVICES,ACG ADVOCACY
AMD,Advanced Micro Devices,131957,ADVANCED MICRO DEVICES (AMD),MCDERMOTT WILL & SCHULTE LLP
AMD,Advanced Micro Devices,132883,ADVANCED MICRO DEVICES,"MILLER & CHEVALIER, CHTD"
AMD,Advanced Micro Devices,135267,ADVANCED MICRO DEVICES,O'MELVENY & MYERS LLP
AMD,Advanced Micro Devices,140560,ADVANCED MICRO DEVICES,"PUBLIC STRATEGIES, INC."
AMD,Advanced Micro Devices,140594,ADVANCED MICRO DEVICES,"PUBLIC STRATEGIES WASHINGTON, INC."
AMD,Advanced Micro Devices,157439,ADVANCED MICRO DEVICES,"TCH GROUP, LLC"
AMD,Advanced Micro Devices,170805,ADVANCED MICRO DEVICES,"POTOMAC COUNSEL, LLC"
AMD,Advanced Micro Devices,172652,ADVANCED MICRO DEVICES,"NAVIGATORS GLOBAL LLC (FORMERLY DC NAVIGATORS, LLC)"
AMD,Advanced Micro Devices,172992,ADVANCED MICRO DEVICES,FGS GLOBAL (US) LLC (FKA FGH HOLDINGS LLC)
AMD,Advanced Micro Devices,178695,"ADVANCED MICRO DEVICES, INC.","ADVANCED MICRO DEVICES, INC."
AMD,Advanced Micro Devices,189647,ADVANCED MICRO DEVICES,HOLLY EVANS
AMD,Advanced Micro Devices,205155,ADVANCED MICRO DEVICES (AMD),FORBES-TATE
AMGN,Amgen,51435,AMGEN,HAGGERTY POLICY SOLUTIONS
AMGN,Amgen,58418,AMGEN INC.,"SONORAN POLICY GROUP, LLC D/B/A STRYK GLOBAL DIPLOMACY, FORMERLY KNOWN AS SONORA"
AMGN,Amgen,58627,AMGEN INC.,HILLNORTH LLC
AMGN,Amgen,58793,AMGEN INC.,"JEFFREY J. KIMBELL & ASSOCIATES, INC."
AMGN,Amgen,59026,AMGEN INC.,WASHINGTON ADVOCACY GROUP
AMGN,Amgen,60191,AMGEN INC.,RICCHETTI INCORPORATED
AMGN,Amgen,65689,AMGEN,CAPITOL 6 ADVISORS
AMGN,Amgen,66449,AMGEN,MR. DAN CRIPPEN
AMGN,Amgen,67777,"TIBER CREEK HEALTH STRATEGIES, INC. ON BEHALF OF AMGEN, INC.","B HALL STRATEGIES, LLC"
AMGN,Amgen,69832,AMGEN,"SIGHTLINE ADVOCACY, LLC"
AMGN,Amgen,73362,"AMGEN, INC.",AVENUE SOLUTIONS
AMGN,Amgen,73540,AMGEN INC.,MICHAEL J. LAMOUREUX
AMGN,Amgen,101211,"AMGEN USA, INC.",AKIN GUMP STRAUSS HAUER & FELD
AMGN,Amgen,101989,AMGEN,"ALPINE GROUP PARTNERS, LLC."
AMGN,Amgen,102938,AMGEN USA INC.,ACG ADVOCACY
AMGN,Amgen,103709,AMGEN INC,"AMGEN, INC."
AMGN,Amgen,104507,AMGEN,ARNOLD & PORTER KAYE SCHOLER LLP
AMGN,Amgen,105463,AMGEN,BAKER DONELSON BEARMAN CALDWELL & BERKOWITZ
AMGN,Amgen,106211,AMGEN INC.,BGR GOVERNMENT AFFAIRS
AMGN,Amgen,107594,AMGEN,BERGNER BOCKORNY CASTAGNETTI HAWKINS & BRAIN
AMGN,Amgen,110252,AMGEN USA INC.,"BROWNSTEIN HYATT FARBER SCHRECK, LLP"
AMGN,Amgen,112826,AMGEN INC.,"CAVAROCCHI RUSCIO DENNIS ASSOCIATES, L.L.C."
AMGN,Amgen,113338,AMGEN INC,"VERN CLARK & ASSOCIATES, INC."
AMGN,Amgen,114610,AMGEN,PRICEWATERHOUSECOOPERS
AMGN,Amgen,115114,AMGEN INC,COVINGTON & BURLING LLP
AMGN,Amgen,117381,AMGEN USA INC,"DOWNEY MCGRATH GROUP, INC."
AMGN,Amgen,117452,AMGEN INC,FAEGRE DRINKER BIDDLE & REATH LLP
AMGN,Amgen,117701,AMGEN INC,THE DUBERSTEIN GROUP INC.
AMGN,Amgen,117819,AMGEN,"DUTKO WORLDWIDE, LLC"
AMGN,Amgen,122130,AMGEN,"GREENBERG TRAURIG, LLP"
AMGN,Amgen,123218,AMGEN,"HARTE, WILLIAM J."
AMGN,Amgen,123537,AMGEN,"MCGOVERN & SMITH, LLC"
AMGN,Amgen,123862,AMGEN INC.,HOGAN LOVELLS CADWALADER US LLP (FKA HOGAN LOVELLS US LLP)
AMGN,Amgen,125965,AMGEN,HUNTON ANDREWS KURTH LLP
AMGN,Amgen,126647,AMGEN,JEFFERSON GROUP
AMGN,Amgen,126827,AMGEN,JENCKES AND ASSOCIATES
AMGN,Amgen,127116,AMGEN INC,TIBER CREEK GROUP
AMGN,Amgen,128002,AMGEN,KESSLER & ASSOCIATES BUSINESS SERVICES
AMGN,Amgen,128350,AMGEN INC,KING & SPALDING LLP
AMGN,Amgen,129460,AMGEN INC,LENT SCRIVNER & ROTH LLC
AMGN,Amgen,130795,AMGEN INC,"MANATT, PHELPS, AND PHILLIPS"
AMGN,Amgen,131941,AMGEN,MCDERMOTT WILL & SCHULTE LLP
AMGN,Amgen,133798,AMGEN INC,"MULTINATIONAL BUSINESS SERVICES, INC."
AMGN,Amgen,134650,AMGEN,NEUMAN & CO
AMGN,Amgen,135026,AMGEN INC,NOSSAMAN LLP
AMGN,Amgen,136205,AMGEN USA INC.,"PARRY, ROMANI, DECONCINI & SYMMS"
AMGN,Amgen,136852,AMGEN,SQUIRE PATTON BOGGS
AMGN,Amgen,138455,AMGEN,"PODESTA GROUP, INC."
AMGN,Amgen,138940,AMGEN INC,POLICY DIRECTIONS INC.
AMGN,Amgen,139705,AMGEN INC,"K&L GATES, LLP"
AMGN,Amgen,140674,AMGEN,"PUBLIC STRATEGIES WASHINGTON, INC."
AMGN,Amgen,146641,AMGEN,MICHAEL L. TINER
AMGN,Amgen,146807,AMGEN,"TUCKER, ROBERT L."
AMGN,Amgen,149159,AMGEN,VERNER LIIPFERT BERNHARD MCPHERSON & HAND
AMGN,Amgen,150003,AMGEN INC,THE WASHINGTON GROUP
AMGN,Amgen,150460,AMGEN,"WEXLER | WALKER, A UNIT OF HILL+KNOWLTON STRATEGIES, LLC"
AMGN,Amgen,151339,"AMGEN, INC.","WILLIAMS AND JENSEN, PLLC"
AMGN,Amgen,151659,AMGEN INC,WILMER CUTLER PICKERING HALE AND DORR LLP
AMGN,Amgen,152247,AMGEN,WISE & ASSOC
AMGN,Amgen,152593,AMGEN CORPORATION,WINSTEAD PC
AMGN,Amgen,153079,AMGEN,LEGISLATIVE STRATEGIES GROUP
AMGN,Amgen,153449,AMGEN,COLUMBIA CONSULTING GROUP
AMGN,Amgen,154449,AMGEN USA,CAPITOL SOLUTIONS
AMGN,Amgen,154607,AMGEN,ALEXANDER STRATEGY GROUP
AMGN,Amgen,155818,AMGEN USA INC,OGR
AMGN,Amgen,157414,AMGEN USA INC,"TCH GROUP, LLC"
AMGN,Amgen,158744,AMGEN INC,QGA PUBLIC AFFAIRS (FORMERLY QUINN GILLESPIE & ASSOCIATES)
AMGN,Amgen,160275,AMGEN INC,ERNST & YOUNG LLP (WASHINGTON COUNCIL ERNST & YOUNG)
AMGN,Amgen,161704,AMGEN U.S.A. INC,THE RABEN GROUP
AMGN,Amgen,162078,AMGEN INC.,RICCHETTI INCORPORATED
AMGN,Amgen,162315,AMGEN,"SAMUELS, MARC B."
AMGN,Amgen,162869,AMGEN INC,"HC ASSOCIATES, INC."
AMGN,Amgen,163017,AMGEN,"CAPITOL TAX PARTNERS, LLP"
AMGN,Amgen,163563,AMGEN USA INC,"C2 GROUP, LLC"
AMGN,Amgen,163630,AMGEN,"THE CORMAC GROUP, LLC"
AMGN,Amgen,165612,AMGEN INC,CAPITOL HILL CONSULTING GROUP
AMGN,Amgen,170605,AMGEN,FOLEY HOAG LLP
AMGN,Amgen,170803,AMGEN,"POTOMAC COUNSEL, LLC"
AMGN,Amgen,171446,AMGEN,ERIS GROUP
AMGN,Amgen,171981,AMGEN INC,STRATEGIC HEALTH SOLUTIONS
AMGN,Amgen,173298,AMGEN USA INC,BATES CAPITOL GROUP LLC
AMGN,Amgen,174752,AMGEN,"CAPITOL HILL STRATEGIES,  LLC"
AMGN,Amgen,175204,AMGEN INC,CAUTHEN FORBES & WILLIAMS
AMGN,Amgen,175469,AMGEN,"MEHLMAN CONSULTING, INC."
AMGN,Amgen,176437,AMGEN,THE MCMANUS GROUP
AMGN,Amgen,177884,AMGEN,"LAW OFFICES OF FREDERICK H. GRAEFE, PLLC"
AMGN,Amgen,178319,AMGENERAL LLC,AMGENERAL LLC
AMGN,Amgen,178431,AMGEN INC,"WASHINGTON ADVOCACY GROUP, LLC"
AMGN,Amgen,180854,AMGEN USA INC,"HAMMER ASSOCIATES, LLC"
AMGN,Amgen,181122,AMGEN,MRS. JOANNE SNOW NEUMANN
AMGN,Amgen,181289,AMGEN INC,"TARPLIN, DOWNS & YOUNG, LLC"
AMGN,Amgen,182475,AMGEN,HILLCO PARTNERS
AMGN,Amgen,182559,AMGEN INC,"KEN CUNNINGHAM GROUP, LLC"
AMGN,Amgen,183370,"AMGEN USA, INC",THE WALTER GROUP
AMGN,Amgen,184422,AMGEN INC.,CAPITOL COUNSEL LLC
AMGN,Amgen,184772,AMGEN,"MATTOON & ASSOCIATES, LLC"
AMGN,Amgen,185619,"AMGEN, INC.",DOW LOHNES GOVERNMENT STRATEGIES LLC
AMGN,Amgen,186522,AMGEN INC,MICHAEL SOLON-CAPITOL LEGISTICS
AMGN,Amgen,186973,AMGEN INC,SALLY KATZEN
AMGN,Amgen,187619,AMGEN INC,"KADESH & ASSOCIATES, LLC"
AMGN,Amgen,188355,AMGEN INC,"ALEXANDER J. BECKLES, L.L.C."
AMGN,Amgen,193815,"AMGEN, INC,","EAST END GROUP, LLC"
AMGN,Amgen,193875,"C2 GROUP (ON BEHALF OF AMGEN USA, INC.)","BATES CAPITOL GROUP, INC."
AMGN,Amgen,193890,AMGEN USA INC.,"BATES CAPITOL GROUP, INC."
AMGN,Amgen,194197,AMGEN CORPORATION,LAFORGE GOVERNMENT RELATIONS
AMGN,Amgen,194393,AMGEN INC.,EMPIRE CONSULTING GROUP
AMGN,Amgen,194536,"AMGEN, INC.","TIBER CREEK HEALTH STRATEGIES, INC."
AMGN,Amgen,194802,AMGEN INC,THE LUGAR GROUP (FKA LUGAR HELLMANN GROUP)
AMGN,Amgen,195066,AMGEN,"ROBERTI GLOBAL (FKA ROBERTI WHITE, LLC)"
AMGN,Amgen,195218,"AMGEN, INC. FKA HORIZON THERAPEUTICS USA, INC.",S-3 GROUP
AMGN,Amgen,196509,"CAUTHEN FORBES & WILLIAMS ON BEHALF OF AMGEN, INC.",FORBES-TATE
AMGN,Amgen,196559,"AMGEN USA, INC.",FORBES-TATE
AMGN,Amgen,196861,AMGEN USA INC.,"REPUBLIC CONSULTING, LLC"
AMGN,Amgen,197129,"AMGEN, INC.","FEDERAL HEALTH COUNSEL, LLC"
AMGN,Amgen,198562,AMGEN INC.,TODD STRATEGY GROUP
AMGN,Amgen,199373,AMGEN USA INC.,"ADVANCED POLICY CONSULTING, LLC"
AMGN,Amgen,200957,AKIN GUMP ON BEHALF OF AMGEN,SKLADANY CONSULTING LLC
AMGN,Amgen,201397,"AMGEN, INC.","MILLER STRATEGIES, LLC"
AMGN,Amgen,203228,AMGEN USA INC.,"MARSHALL & POPP, LLC"
AMGN,Amgen,203778,AMGEN,PANNONE LOPES DEVEREAUX & O'GARA LLC
AMGN,Amgen,211602,"CAPITOL COUNSEL LLC ON BEHALF OF AMGEN, INC.","DONNA M. FIORENTINO, LLC"
AMGN,Amgen,213700,AMGEN,"THE NICKLES GROUP, LLC"
AMT,American Tower,110136,AMERICAN TOWER CORPORATION,"BROWNSTEIN HYATT FARBER SCHRECK, LLP"
AMT,American Tower,138120,AMERICAN TOWER CORP,ASHURST PERKINS COIE US LLP (NAME CHANGE EFFECTIVE 6.26.26)
AMT,American Tower,140323,AMERICAN TOWER CORPORATION,"K&L GATES, LLP"
AMT,American Tower,157524,AMERICAN TOWER CORPORATION,BINGHAM MCCUTCHEN LLP
AMT,American Tower,163131,AMERICAN TOWER CORPORATION,"CAPITOL TAX PARTNERS, LLP"
AMT,American Tower,171650,AMERICAN TOWER CORPORATION,"KEARNEY, DONOVAN & MCGEE"
AMT,American Tower,175612,AMERICAN TOWER CORPORATION,"MEHLMAN CONSULTING, INC."
AMT,American Tower,198889,AMERICAN TOWER CORPORATION,AMERICAN TOWER CORPORATION
AMZN,Amazon,45802,AMAZON WEB SERVICES,COZEN O'CONNOR PUBLIC STRATEGIES
AMZN,Amazon,50864,"AMAZON WEB SERVICES, INC.",CAPITOL VENTURE LLC
AMZN,Amazon,50892,AMAZON.COM SERVICES LLC,HSA STRATEGIES
AMZN,Amazon,51192,"AMAZON WEB SERVICES, INC",TOWER 19
AMZN,Amazon,52885,AMAZON WEB SERVICES,"AQUIA GROUP, LLC"
AMZN,Amazon,53262,"AMAZON CORPORATE, LLC",SALT POINT STRATEGIES
AMZN,Amazon,54243,AMAZON.COM SERVICES LLC,JEFFRIES STRATEGIES LLC
AMZN,Amazon,57998,AMAZON.COM,ORIGIN ADVOCACY LLC
AMZN,Amazon,58803,AMAZON.COM SERVICES LLC,"TARPLIN, DOWNS & YOUNG, LLC"
AMZN,Amazon,59582,"AMAZON WEB SERVICES, INC.",PRASAM
AMZN,Amazon,64159,AMAZON,"PHRONESISDC, LLC"
AMZN,Amazon,64566,AMAZON.COM (FRA PILLPACK AN AMAZON COMPANY),CHARTWELL STRATEGY GROUP LLC
AMZN,Amazon,69193,O.N.E. AMAZON,"TSG ADVOCATES DC, LLC"
AMZN,Amazon,71816,"AMAZON WEB SERVICES, INC.",AKIN GUMP STRAUSS HAUER & FELD
AMZN,Amazon,74726,EVERSHEDS SUTHERLAND ON BEHALF OF AMAZONAS HOLDINGS LLC,CHECKMATE GOVERNMENT RELATIONS
AMZN,Amazon,101095,AMAZON.COM,AKIN GUMP STRAUSS HAUER & FELD
AMZN,Amazon,101099,AMAZON PRIME AIR,AKIN GUMP STRAUSS HAUER & FELD
AMZN,Amazon,101252,"AMAZON CORPORATE, LLC",AKIN GUMP STRAUSS HAUER & FELD
AMZN,Amazon,105450,AMAZON CORPORATE LLC,"BAKER & MCKENZIE, LLP"
AMZN,Amazon,106729,AMAZON CORPORATE LLC,BGR GOVERNMENT AFFAIRS
AMZN,Amazon,110185,AMAZON,"BROWNSTEIN HYATT FARBER SCHRECK, LLP"
AMZN,Amazon,115203,AMAZON CORPORATE LLC,COVINGTON & BURLING LLP
AMZN,Amazon,118023,AMAZONCOM,"DUTKO WORLDWIDE, LLC"
AMZN,Amazon,128508,AMAZON WEB SERVICES,KING & SPALDING LLP
AMZN,Amazon,132329,AMAZON.COM,MCGUIREWOODS CONSULTING (A SUBSIDIARY OF MCGUIREWOODS LLP)
AMZN,Amazon,137567,AMAZON.COM,SQUIRE PATTON BOGGS
AMZN,Amazon,147558,AMAZON WEB SERVICES,"VAN NESS FELDMAN, LLP"
AMZN,Amazon,148604,"AMAZON CORPORATE, LLC",VAN SCOYOC ASSOCIATES
AMZN,Amazon,149038,AMAZON CORPORATE LLC,VENABLE LLP
AMZN,Amazon,150911,AMAZONCOM HOLDINGS,WILEY REIN LLP
AMZN,Amazon,158902,AMAZON.COM SERVICES LLC,AMAZON.COM SERVICES LLC
AMZN,Amazon,163092,AMAZON.COM,"CAPITOL TAX PARTNERS, LLP"
AMZN,Amazon,169305,AMAZON COM,DLA PIPER LLP (US)
AMZN,Amazon,171925,AMAZONCOM,"FLEMING, ROGER"
AMZN,Amazon,172284,AMAZON.COM (FRA PILLPACK AN AMAZON COMPANY),"CARD & ASSOCIATES, LLC"
AMZN,Amazon,172568,"AMAZON CORPORATE, LLC",RICH FEUER ANDERSON
AMZN,Amazon,174305,AMAZON COM ON BEHALF OF THE RINGLEY POTTER GROUP,FRAZEE ASSOCIATES LLC
AMZN,Amazon,175245,AMAZON COM,CAUTHEN FORBES & WILLIAMS
AMZN,Amazon,176712,ARIAU AMAZON TOWERS HOTEL,AKERMAN LLP
AMZN,Amazon,177025,AMAZON.COM,BROWN RUDNICK LLP
AMZN,Amazon,177440,AMAZON CORPORATE LLC,"BOCKORNY GROUP, INC."
AMZN,Amazon,182923,"AMAZON.COM, INC.",MONUMENT ADVOCACY
AMZN,Amazon,184204,"AMAZON.COM SERVICES, INC.","AVOQ, LLC"
AMZN,Amazon,186725,AMAZON COM,"RINGLEY POLICY GROUP, LLC"
AMZN,Amazon,189413,"TEAM HALLAHAN LLC ON BEHALF OF AMAZON WEB SERVICES, INC.",THE DOERRER GROUP LLC
AMZN,Amazon,191751,AMAZON.COM,"TWINLOGIC STRATEGIES, LLP"
AMZN,Amazon,194800,"AMAZON.COM, INC.",THE LUGAR GROUP (FKA LUGAR HELLMANN GROUP)
AMZN,Amazon,196513,CAUTHEN FORBES & WILLIAMS ON BEHALF OF AMAZON.COM,FORBES-TATE
AMZN,Amazon,197195,AMAZON,BLOOM STRATEGIC COUNSEL
AMZN,Amazon,199536,AMAZON WEB SERVICES,CYRRUS ANALYTICS LLC
AMZN,Amazon,201024,AMAZON WEB SERVICES,TEAM HALLAHAN LLC
AMZN,Amazon,201188,AMAZON.COM,BALLARD PARTNERS
AMZN,Amazon,201407,"AMAZON WEB SERVICES, INC.","MILLER STRATEGIES, LLC"
AMZN,Amazon,202412,AMAZON CORPORATE LLC,"FEDERAL STREET STRATEGIES, LLC"
AMZN,Amazon,202601,AMAZON CORPORATE,HOLLY STRATEGIES INCORPORATED
AMZN,Amazon,203105,TEAM HALLAHAN LLC (ON BEHALF OF AMAZON WEB SERVICES),"BERQUAM VENTURES, LLC"
AMZN,Amazon,203895,AMAZON WEB SERVICES,AMERICAN DEFENSE INTERNATIONAL
AMZN,Amazon,204951,"AMAZON WEB SERVICES, INC.","FRANKLIN SQUARE GROUP, LLC"
AMZN,Amazon,205066,AMAZON,"EAST END GROUP, LLC"
AMZN,Amazon,206247,AMAZON WEB SERVICES,"MINDSET ADVOCACY, LLC"
AMZN,Amazon,206329,AMAZON,HILLTOP ADVOCACY
AMZN,Amazon,207827,AMAZON.COM SERVICES LLC,RICCHETTI INCORPORATED
AMZN,Amazon,208392,"MILLER STRATEGIES, LLC ON BEHALF OF AMAZON WEB SERVICES, INC.",TOWER 19
AMZN,Amazon,210237,"AMAZON.COM SERVICES, INC.","ENDGAME STRATEGIES, LLC"
AMZN,Amazon,210537,AMAZON.COM SERVICES LLC,HOLLAND & KNIGHT LLP
AMZN,Amazon,211082,AMAZON.COM SERVICES LLC,"TCH GROUP, LLC"
AMZN,Amazon,211551,AMAZON.COM SERVICES LLC,THE DUBERSTEIN GROUP INC.
AMZN,Amazon,212683,"AMAZON.COM, INC.",DUDDINGTON GLOBAL STRATEGIES LLC
AMZN,Amazon.com,50892,AMAZON.COM SERVICES LLC,HSA STRATEGIES
AMZN,Amazon.com,54243,AMAZON.COM SERVICES LLC,JEFFRIES STRATEGIES LLC
AMZN,Amazon.com,57998,AMAZON.COM,ORIGIN ADVOCACY LLC
AMZN,Amazon.com,58803,AMAZON.COM SERVICES LLC,"TARPLIN, DOWNS & YOUNG, LLC"
AMZN,Amazon.com,64566,AMAZON.COM (FRA PILLPACK AN AMAZON COMPANY),CHARTWELL STRATEGY GROUP LLC
AMZN,Amazon.com,101095,AMAZON.COM,AKIN GUMP STRAUSS HAUER & FELD
AMZN,Amazon.com,132329,AMAZON.COM,MCGUIREWOODS CONSULTING (A SUBSIDIARY OF MCGUIREWOODS LLP)
AMZN,Amazon.com,137567,AMAZON.COM,SQUIRE PATTON BOGGS
AMZN,Amazon.com,158902,AMAZON.COM SERVICES LLC,AMAZON.COM SERVICES LLC
AMZN,Amazon.com,163092,AMAZON.COM,"CAPITOL TAX PARTNERS, LLP"
AMZN,Amazon.com,172284,AMAZON.COM (FRA PILLPACK AN AMAZON COMPANY),"CARD & ASSOCIATES, LLC"
AMZN,Amazon.com,177025,AMAZON.COM,BROWN RUDNICK LLP
AMZN,Amazon.com,182923,"AMAZON.COM, INC.",MONUMENT ADVOCACY
AMZN,Amazon.com,184204,"AMAZON.COM SERVICES, INC.","AVOQ, LLC"
AMZN,Amazon.com,191751,AMAZON.COM,"TWINLOGIC STRATEGIES, LLP"
AMZN,Amazon.com,194800,"AMAZON.COM, INC.",THE LUGAR GROUP (FKA LUGAR HELLMANN GROUP)
AMZN,Amazon.com,196513,CAUTHEN FORBES & WILLIAMS ON BEHALF OF AMAZON.COM,FORBES-TATE
AMZN,Amazon.com,201188,AMAZON.COM,BALLARD PARTNERS
AMZN,Amazon.com,207827,AMAZON.COM SERVICES LLC,RICCHETTI INCORPORATED
AMZN,Amazon.com,210237,"AMAZON.COM SERVICES, INC.","ENDGAME STRATEGIES, LLC"
AMZN,Amazon.com,210537,AMAZON.COM SERVICES LLC,HOLLAND & KNIGHT LLP
AMZN,Amazon.com,211082,AMAZON.COM SERVICES LLC,"TCH GROUP, LLC"
AMZN,Amazon.com,211551,AMAZON.COM SERVICES LLC,THE DUBERSTEIN GROUP INC.
AMZN,Amazon.com,212683,"AMAZON.COM, INC.",DUDDINGTON GLOBAL STRATEGIES LLC
AVGO,Broadcom,56100,BROADCOM INC.,METANOIC STRATEGIES
AVGO,Broadcom,61714,BROADCOM INC.,"CASSIDY & ASSOCIATES, INC."
AVGO,Broadcom,68989,BROADCOM,MONUMENT ADVOCACY
AVGO,Broadcom,100903,BROADCOM,AKIN GUMP STRAUSS HAUER & FELD
AVGO,Broadcom,102179,"BROADCOM, INC.","ALPINE GROUP PARTNERS, LLC."
AVGO,Broadcom,113549,BROADCOM CORPORATION,CLARK & WEINSTOCK
AVGO,Broadcom,128170,BROADCOM,KILPATRICK TOWNSEND & STOCKTON
AVGO,Broadcom,128359,BROADCOM CORPORATION,KING & SPALDING LLP
AVGO,Broadcom,131805,BROADCOM CORP,MCDERMOTT WILL & SCHULTE LLP
AVGO,Broadcom,132906,BROADCOM CORP,"MILLER & CHEVALIER, CHTD"
AVGO,Broadcom,159127,BROADCOM INC,BROADCOM INC.
AVGO,Broadcom,163079,BROADCOM CORPORATION,"CAPITOL TAX PARTNERS, LLP"
AVGO,Broadcom,169603,BROADCOM CORPORATION,"MCKENNA, LONG & ALDRIDGE"
AVGO,Broadcom,187753,BROADCOM,"FRANKLIN SQUARE GROUP, LLC"
AVGO,Broadcom,195197,BROADCOM INC.,S-3 GROUP
AVGO,Broadcom,196622,BROADCOM LIMITED,FORBES-TATE
AVGO,Broadcom,199359,BROADCOM INC.,"HARBINGER STRATEGIES, LLC"
AVGO,Broadcom,201378,BROADCOM LIMITED,"MILLER STRATEGIES, LLC"
AVGO,Broadcom,202587,BROADCOM INC.,ACG ANALYTICS
AVGO,Broadcom,205663,"BROADCOM, INC.",SALT POINT STRATEGIES
AVGO,Broadcom,208403,"VMWARE, INC. OBO BROADCOM INC.","CROSSROADS STRATEGIES, LLC"
AVGO,Broadcom,211141,BROADCOM INC.,PLAY-BOOK POLICY LLC
AVGO,Broadcom,211407,BROADCOM INC.,INVARIANT LLC
AVGO,Broadcom,211644,BROADCOM,BAKER DONELSON BEARMAN CALDWELL & BERKOWITZ
AVGO,Broadcom,212410,BROADCOM CORPORATION,"MCALLISTER & QUINN, LLC"
AVGO,Broadcom,213822,BROADCOM CORPORATION,THORN RUN PARTNERS
AVGO,VMware,44846,VMWARE,"STEWART STRATEGIES AND SOLUTIONS, LLC"
AVGO,VMware,51849,"VMWARE, INC.",SALT POINT STRATEGIES
AVGO,VMware,148261,VMWARE,VAN SCOYOC ASSOCIATES
AVGO,VMware,151835,"VMWARE, INC.",WILMER CUTLER PICKERING HALE AND DORR LLP
AVGO,VMware,172725,"VMWARE, INC.","NAVIGATORS GLOBAL LLC (FORMERLY DC NAVIGATORS, LLC)"
AVGO,VMware,175654,"VMWARE LLC (FORMERLY KNOWN AS VMWARE, INC.)","MEHLMAN CONSULTING, INC."
AVGO,VMware,187758,VMWARE INC.,"FRANKLIN SQUARE GROUP, LLC"
AVGO,VMware,194811,"VMWARE, INC.",THE LUGAR GROUP (FKA LUGAR HELLMANN GROUP)
AVGO,VMware,195175,NAVIGATORS GLOBAL LLC O/B/O VMWARE INC,S-3 GROUP
AVGO,VMware,195183,"VMWARE, INC.",S-3 GROUP
AVGO,VMware,196822,"VMWARE, INC",EFRUS FEDERAL ADVISORS LLC
AVGO,VMware,199755,"VMWARE, INC.","VMWARE, INC."
AVGO,VMware,204067,VMWARE LLC,"CASSIDY & ASSOCIATES, INC."
AVGO,VMware,206607,"VMWARE, INC.","UNITED BY INTEREST, LLC."
AVGO,VMware,208403,"VMWARE, INC. OBO BROADCOM INC.","CROSSROADS STRATEGIES, LLC"
AVGO,VMware,209817,"VMWARE, INC.","535 GROUP, LLC"
AVGO,"CA, Inc.",44569,"NORTH WIND TEST, LLC (FKA CALSPAN AERO SYSTEMS ENGINEERING, INC.)","CORNERSTONE GOVERNMENT AFFAIRS, INC."
AVGO,"CA, Inc.",44895,"PASACA CAPITAL, INC.","PLATINUM ADVISORS DC, LLC"
AVGO,"CA, Inc.",45356,"BROWNSTEIN HYATT FARBER SCHRECK OBO CAREDX, INC.",TGB STRATEGIES LLC
AVGO,"CA, Inc.",45945,"CARTA, INC.","BROWNSTEIN HYATT FARBER SCHRECK, LLP"
AVGO,"CA, Inc.",50998,KAWASAKI RAIL CAR INC.,"ACTUM I, LLC"
AVGO,"CA, Inc.",51182,"SENIORLINK, INC. DBA CAREFORTH","AVOQ, LLC"
AVGO,"CA, Inc.",51941,RAIN CARBON INC,ROBIN & ASSOCIATES
AVGO,"CA, Inc.",52402,"CASTELLUM, INC.",NELSON MULLINS RILEY & SCARBOROUGH
AVGO,"CA, Inc.",52574,DANIEL WISE CAKE ENTERPRISES INC,J M BURKMAN & ASSOCIATES
AVGO,"CA, Inc.",52894,"HEIRLOOM CARBON TECHNOLOGIES, INC.",BOUNDARY STONE PARTNERS
AVGO,"CA, Inc.",53121,"AMUN-RA VENTURES, INC. DBA GREEN CARBON",ATLAS CROSSING LLC
AVGO,"CA, Inc.",53172,"VISTA CONSULTING, INC. ON BEHALF OF CAYLYM TECHNOLOGIES INTERNATIONAL, LLC","RBW GROUP, LLC"
AVGO,"CA, Inc.",53178,"TEAMHEALTH, INC. (AMERICANS FOR FAIR HEALTH CARE)","LIBERTY PARTNERS GROUP, LLC"
AVGO,"CA, Inc.",53948,"CATALYST4, INC. (ON BEHALF OF WASTEWATERSCAN)",FGS GLOBAL (US) LLC (FKA FGH HOLDINGS LLC)
AVGO,"CA, Inc.",53963,"THE CAPITAL GROUP COMPANIES, INC. & ITS AFFILIATES","MINDSET ADVOCACY, LLC"
AVGO,"CA, Inc.",54299,CAPITOL 6 ADVISORS ON BEHALF OF SKYDWELLER AERO INC.,"OCULUS STRATEGIES, LLC"
AVGO,"CA, Inc.",54356,"DATA QUALITY CAMPAIGN, INC.",LODESTONE DC
AVGO,"CA, Inc.",54507,"CACI INTERNATIONAL, INC",A1.9 STRATEGIES LLC
AVGO,"CA, Inc.",54735,"DANA-FARBER CANCER INSTITUTE, INC.",ALSTON & BIRD LLP
AVGO,"CA, Inc.",54812,"WALNUT CAPITAL MANAGEMENT, INC.","K&L GATES, LLP"
AVGO,"CA, Inc.",54902,"OPTION CARE ENTERPRISES, INC.","MEHLMAN CONSULTING, INC."
AVGO,"CA, Inc.",54909,"ALEKA CAPITAL, INCORPORATED","PENDULUM STRATEGIES, LLC"
AVGO,"CA, Inc.",54976,BLUE OWL CAPITAL INC.,BAKER & HOSTETLER LLP
AVGO,"CA, Inc.",55189,CARPI & CLAY INC ON BEHALF OF MARIN COUNTY TRANSIT DISTRICT,O'HARE INFRASTRUCTURE STRATEGIES LLC
AVGO,"CA, Inc.",55229,"AMERICAN CANCER SOCIETY CANCER ACTION NETWORK, INC.","ACTUM I, LLC"
AVGO,"CA, Inc.",55317,"ALEKA CAPITAL, INC.",NELSON MULLINS RILEY & SCARBOROUGH
AVGO,"CA, Inc.",55348,"CARGILL, INC.","FORETHOUGHT ADVISORS, LLC"
AVGO,"CA, Inc.",55355,"CARBON RIVERS, INC.","A10 ASSOCIATES, LLC"
AVGO,"CA, Inc.",55427,"BURTEN, BELL, CARR DEVELOPMENT INC.","TAFT STETTINIUS & HOLLISTER LLP DBA TAFT ADVISORS LLC FKA (TAFT, STETTINIUS & HOLLISTER,LLP)"
AVGO,"CA, Inc.",55596,"B.S.D. CAPITAL, INC. DBA LENDISTRY",DANIEL CONSULTING
AVGO,"CA, Inc.",55731,"CARE MAPS, INC","STEPHEN WARD CONSULTING, LLC"
AVGO,"CA, Inc.",56078,"CACI INTERNATIONAL, INC.","ICEBREAKER STRATEGIES, LLC"
AVGO,"CA, Inc.",56096,"CATALIS HOLDCO, INC.",ALSTON & BIRD LLP
AVGO,"CA, Inc.",56109,"B.S.D. CAPITAL, INC., DBA LENDISTRY","FEDERAL STREET STRATEGIES, LLC"
AVGO,"CA, Inc.",56186,"CADENCE DESIGN SYSTEMS, INC.",AKIN GUMP STRAUSS HAUER & FELD
AVGO,"CA, Inc.",56265,"CARING HANDS HEALTH CENTER, INC.","CAPITOL DECISIONS, INC."
AVGO,"CA, Inc.",56330,"CARL ZEISS X-RAY MICROSCOPY, INC",TOWNSEND PUBLIC AFFAIRS
AVGO,"CA, Inc.",56430,CAPITAL RX INC.,"MASON STREET CONSULTING, LLC"
AVGO,"CA, Inc.",56507,"CASA, INC.","BOLTON-ST. JOHNS, LLC"
AVGO,"CA, Inc.",56509,"BOLTON-ST. JOHNS LLC ON BEHALF OF CASA, INC.",MS. MICHELLE NAWAR
AVGO,"CA, Inc.",56584,"TECHNOLOGY-MEDIA-TELECOM CAPITAL GROUP, INC. (TMT, INC.)",MCGUIREWOODS CONSULTING (A SUBSIDIARY OF MCGUIREWOODS LLP)
AVGO,"CA, Inc.",56700,CAPITOL VENTURE LLC ON BEHALF OF PATIENTRIGHTSADVOCATE.ORG INC.,"M.J. SIMON & COMPANY, LLC"
AVGO,"CA, Inc.",57085,"CADENCE DESIGN SYSTEMS, INC","MAGILL ASSOCIATES, LLC"
AVGO,"CA, Inc.",57115,"CACTUS MATERIALS, INC.",THORN RUN PARTNERS
AVGO,"CA, Inc.",57198,"BAPTIST HEALTH CARE, INC.",BALLARD PARTNERS
AVGO,"CA, Inc.",57209,"CASTLE BIOSCIENCES, INC.",MCDERMOTT+
AVGO,"CA, Inc.",57257,CAMEL ENERGY INC.,"MERCURY PUBLIC AFFAIRS, LLC"
AVGO,"CA, Inc.",57425,"CALIFORNIA FOREVER, INC","CASSIDY & ASSOCIATES, INC."
AVGO,"CA, Inc.",57820,CANADIAN ROYALTIES INC.,PODESTA.COM
AVGO,"CA, Inc.",57923,"WHITE CANE, INC. DBA TELEIDOSCOPE",HOLLAND & KNIGHT LLP
AVGO,"CA, Inc.",58192,"CAREDX, INC.","ACTUM I, LLC"
AVGO,"CA, Inc.",58417,"CASCADE DESIGNS, INC.",NEW FRONT STRATEGIES GROUP
AVGO,"CA, Inc.",58430,"BROWNSTEIN HYATT FARBER SCHRECK, LLP OBO CAREDX, INC.",NET CENTRIC ALLIANCE LLC
AVGO,"CA, Inc.",58844,"CARBON SIC TECHNOLOGIES, INC","DUTKO WORLDWIDE, LLC"
AVGO,"CA, Inc.",59488,"PILOT CATASTROPHE SERVICES, INC.",VAN SCOYOC ASSOCIATES
AVGO,"CA, Inc.",59513,"PILOT CATASTROPHE SERVICES, INC.",MAYNARD NEXSEN PC
AVGO,"CA, Inc.",59555,"XCF GLOBAL CAPITAL, INC.","ALPINE GROUP PARTNERS, LLC."
AVGO,"CA, Inc.",59586,"CAT LABS, INC",PRASAM
AVGO,"CA, Inc.",59730,"CANTON DROP FORGE, INC.",STRATEGIC MARKETING INNOVATIONS
AVGO,"CA, Inc.",59809,"CATF ACTION, INC",ROCK CREEK COUNSEL
AVGO,"CA, Inc.",59901,"CAPITOL COUNSEL, LLC ON BEHALF OF C.H. ROBINSON WORLDWIDE, INC.",MICHAEL R. PAWLOWSKI
AVGO,"CA, Inc.",60186,CARBEK INC.,WILMER CUTLER PICKERING HALE AND DORR LLP
AVGO,"CA, Inc.",60225,"CART.COM, INC.","BECKER & POLIAKOFF, P.A."
AVGO,"CA, Inc.",60246,"MINDSET CARE, INC.",AKIN GUMP STRAUSS HAUER & FELD
AVGO,"CA, Inc.",60346,CARLSMED INC,"MANATT, PHELPS, AND PHILLIPS"
AVGO,"CA, Inc.",60389,"CARE WEATHER TECHNOLOGIES, INC.","INNOVATIVE FEDERAL STRATEGIES, LLC"
AVGO,"CA, Inc.",60414,SIREN CARE INC,HORIZONS GLOBAL SOLUTIONS LLC
AVGO,"CA, Inc.",60556,"CARLSMED, INC.",BGR GOVERNMENT AFFAIRS
AVGO,"CA, Inc.",60858,"INDIGENOUS CANNABIS INDUSTRY ASSOCIATION, INC.",PATTERSON REAL BIRD & RASMUSSEN LLP
AVGO,"CA, Inc.",60859,CAPITAL POWER OPERATIONS (USA) INC.(FORMERLY KNOWN AS CAPITAL POWER CORPORATION),BRACEWELL LLP
AVGO,"CA, Inc.",61047,"STAR CATCHER INDUSTRIES, INC",HOLLAND & KNIGHT LLP
AVGO,"CA, Inc.",61103,"BLOOD CANCER UNITED, INC. (FKA LEUKEMIA & LYMPHOMA SOCIETY, INC. (LLS)","CROSSROADS STRATEGIES, LLC"
AVGO,"CA, Inc.",61219,"CASA, INC.","CASA, INC."
AVGO,"CA, Inc.",61477,CHANTIER DAVIE CANADA INC.,A1.9 STRATEGIES LLC
AVGO,"CA, Inc.",61527,CALLIDITAS NA ENTERPRISES INC.,CONSTITUTION PARTNERS
AVGO,"CA, Inc.",61656,CARBON CAPTURE INC.,STEPTOE LLP
AVGO,"CA, Inc.",61826,"CAPITOL SOUTH, LLC ON BEHALF OF COMPETITIVE MARKETS ACTION, INC.",BRANZ CONSULTING LLC
AVGO,"CA, Inc.",61871,"WASHINGTON COUNTY HEALTH CARE AUTHORITY, INC.","LAW OFFICES OF GEORGE HARRIS, LLC"
AVGO,"CA, Inc.",61946,"WORLDBUSINESS CAPITAL, INC.",WINNING STRATEGIES WASHINGTON
AVGO,"CA, Inc.",63311,"CARTA, INC.",O'NEIL BRADLEY CONSULTING LLC
AVGO,"CA, Inc.",63442,"CARGILL, INC.","HARBINGER STRATEGIES, LLC"
AVGO,"CA, Inc.",63574,"CATF ACTION, INC.",WAXMAN STRATEGIES
AVGO,"CA, Inc.",63635,"ESHARES, INC. D/B/A CARTA, INC.",COGENT STRATEGIES LLC
AVGO,"CA, Inc.",63695,"CALIFORNIA NANOTECHNOLOGIES, INC.",STRATEGIC MARKETING INNOVATIONS
AVGO,"CA, Inc.",63752,"CARBON REMOVAL CO., INC. DBA VAULTED DEEP",INVARIANT LLC
AVGO,"CA, Inc.",63786,"JUSTICE CATALYST PARTNERSHIPS, INC.","THEGROUP DC, LLC"
AVGO,"CA, Inc.",63839,CAPITOL VENTURE LLS (ON BEHALF OF VERKADA INC),WASHINGTON2 ADVOCATES
AVGO,"CA, Inc.",63923,"RED CAT HOLDINGS, INC.",BRIAN GLACKIN & ASSOCIATES LLC
AVGO,"CA, Inc.",63924,"FAIRY TALES HAIR CARE , INC",KINETIC SOLUTIONS GROUP
AVGO,"CA, Inc.",63993,"THE CAPITAL GROUP COMPANIES, INC., AND ITS AFFILIATES",ALSTON & BIRD LLP
AVGO,"CA, Inc.",64239,CARLISLE COMPANIES INCORPORATED,"VENTURE GOVERNMENT STRATEGIES, LLC (FKA HOBART HALLAWAY & QUAYLE VENTURES, LLC)"
AVGO,"CA, Inc.",64338,"FH CANN & ASSOCIATES, INC.","BROWNSTEIN HYATT FARBER SCHRECK, LLP"
AVGO,"CA, Inc.",64499,"CAMBIUM BIOMATERIALS, INC., D/B/A CAMBIUM",THE HALCROW GROUP LLC
AVGO,"CA, Inc.",64681,CANADIAN SOLAR INC.,CANADIAN SOLAR INC.
AVGO,"CA, Inc.",64760,"ASCENTRIA CARE ALLIANCE, INC.","TORRES CONSULTING, LLC"
AVGO,"CA, Inc.",64764,"CARE ACTION NOW, INC.",BALLARD PARTNERS
AVGO,"CA, Inc.",64773,"MARTINS POINT HEALTH CARE, INC.","CORNERSTONE GOVERNMENT AFFAIRS, INC."
AVGO,"CA, Inc.",64877,ARTON CAPITAL INC.,ARENTFOX SCHIFF LLP
AVGO,"CA, Inc.",65031,"CARACOL, INC.",THORN RUN PARTNERS
AVGO,"CA, Inc.",65291,"CANOPY AEROSPACE & DEFENSE LLC (FKA CANOPY AEROSPACE, INC.",ARK STRATEGY
AVGO,"CA, Inc.",65306,"BLUE OWL GROUP ON BEHALF OF RE:CAR INC., D.B.A. SLATE AUTO",LEDYARD GROUP
AVGO,"CA, Inc.",65328,BLACKIE CAPITAL INC.,AKIN GUMP STRAUSS HAUER & FELD
AVGO,"CA, Inc.",65379,"CARDA HEALTH, INC.",MCDERMOTT+
AVGO,"CA, Inc.",65510,"COOP CAREERS, INC.",ARENTFOX SCHIFF LLP
AVGO,"CA, Inc.",65590,CARBONCAPTURE INC.,SIMMONS ENERGY AND ENVIRONMENTAL STRATEGIES LLC
AVGO,"CA, Inc.",66098,"CARDINAL POINT PARTNERS, LLC ON BEHALF OF BRIGHTON MARINE, INC.",STRATEGIC MARKETING INNOVATIONS
AVGO,"CA, Inc.",66102,"CARDINAL POINT PARTNERS, LLC ON BEHALF OF SCIENTIFIC SYSTEMS COMPANY, INC.",STRATEGIC MARKETING INNOVATIONS
AVGO,"CA, Inc.",66176,"CASA, INC.",NAWAR STRATEGY
AVGO,"CA, Inc.",66245,"THOMPSON ALUMINUM CASTING CO., INC.",BRENNAN MANNA DIAMOND LLC
AVGO,"CA, Inc.",66277,AMERICANS FOR HEALTH CARE ACCESS INC.,"TSG ADVOCATES DC, LLC"
AVGO,"CA, Inc.",66297,"CATF ACTION, INC.","K&L GATES, LLP"
AVGO,"CA, Inc.",66378,"AMERICAN CANCER SOCIETY ACTION NETWORK, INC.","WILLIAMS AND JENSEN, PLLC"
AVGO,"CA, Inc.",66680,"CAPITOL COUNSEL ON BEHALF OF COOK INLET REGION, INC.",MICHAEL R. PAWLOWSKI
AVGO,"CA, Inc.",66777,WHITE STAR CAPITAL USA INC.,DLG PARTNERS (FKA DRAGON LIST GLOBAL)
AVGO,"CA, Inc.",66925,"HARTZ CAPITAL, INC.","POLARIS GOVERNMENT RELATIONS, LLC"
AVGO,"CA, Inc.",67039,"OLDENDORFF CARRIERS USA, INC.",INVARIANT LLC
AVGO,"CA, Inc.",67063,"UNIVERSITY HEALTH SYSTEMS OF EASTERN CAROLINA, INC. D/B/A ECU HEALTH","UNIVERSITY HEALTH SYSTEMS OF EASTERN CAROLINA, INC. D/B/A ECU HEALTH"
AVGO,"CA, Inc.",67193,"MANTEL CAPTURE, INC",BOUNDARY STONE PARTNERS
AVGO,"CA, Inc.",67206,"AMERICAN SUGAR CANE LEAGUE OF THE USA, INC.",CRUCE CAPITOL CONSULTING LLC
AVGO,"CA, Inc.",67310,"CARDIAC INSIGHT, INC.","ALPINE GROUP PARTNERS, LLC."
AVGO,"CA, Inc.",67454,"CARBON SIC TECHNOLOGIES, INC.",DUTKO GOVERNMENT RELATIONS
AVGO,"CA, Inc.",67531,"AGI CARGO, LLC AND AGI GROUND, INC.",BALLARD PARTNERS
AVGO,"CA, Inc.",67671,WISE CAPITAL STRATEGY ON BEHALF OF KRUGER INC.,CAPITOL 6 ADVISORS
AVGO,"CA, Inc.",67740,"KIDNEY CARE ACCESS COLAITION, INC.",CHECKMATE GOVERNMENT RELATIONS
AVGO,"CA, Inc.",67773,"TIBER CREEK HEALTH STRATEGIES, INC. OBO FRESENIUS MEDICAL CARE NORTH AMERICA","B HALL STRATEGIES, LLC"
AVGO,"CA, Inc.",67823,"DC CAPITAL PARTNERS, INC.",DA VINCI GROUP
AVGO,"CA, Inc.",67859,CANADA GOOSE INC.,APCO WORLDWIDE LLC
AVGO,"CA, Inc.",67997,"FAHMY HUDOME INTL., INC. ON BEHALF OF WELLSPRING CAPITAL GROUP",VICTORY COALITION STRATEGIES LLC
AVGO,"CA, Inc.",68178,"BOUNDARY STONE PARTNERS ON BEHALF OF CAULDRON MOLECULES, INC.",PUZZLE BOX GOVERNMENT RELATIONS
AVGO,"CA, Inc.",68374,"LOUISIANA PRIMARY CARE ASSOCIATION, INC. (LPCA)","THE PICARD GROUP, LLC"
AVGO,"CA, Inc.",68479,"CARDINAL HEALTH, INC.","POWERS PYLES SUTTER & VERVILLE, P.C."
AVGO,"CA, Inc.",68523,"CAPITAL CORE GROUP, INC., ON BEHALF OF PARADISE IRRIGATION DISTRICT","LAW OFFICES OF GEORGE HARRIS, LLC"
AVGO,"CA, Inc.",68592,MILK CARE CO INC (DBA HARMONY BABY NUTRITION),CONFIDENT STRATEGY GROUP LLC
AVGO,"CA, Inc.",68602,"ROCHESTER ARMORED CAR CO., INC.","JTI MARKETING & COMMUNICATIONS, INC. DBA JTI, INC."
AVGO,"CA, Inc.",68614,"CARDINAL HEALTH, INC.","BROWNSTEIN HYATT FARBER SCHRECK, LLP"
AVGO,"CA, Inc.",68693,"CAREDX, INC.","CAREDX, INC."
AVGO,"CA, Inc.",68720,"NEXT GLOBAL CAPITAL, INC. OBO WHITEFOX DEFENSE TECHNOLOGIES, INC.",SKYLINE CAPITOL LLC
AVGO,"CA, Inc.",69043,"COUNTRY CASUAL TEAK, INC.",THE VOGEL GROUP
AVGO,"CA, Inc.",69355,"STAR CATCHER INDUSTRIES, INC.","ICEBREAKER STRATEGIES, LLC"
AVGO,"CA, Inc.",69372,"CAIPHI, INC",HEALTH AND MEDICINE COUNSEL
AVGO,"CA, Inc.",69494,"TIN CAN UNTECHNOLOGIES, INC.",S-3 GROUP
AVGO,"CA, Inc.",69770,"CAPITOL COUNSEL, LLC ON BEHALF OF EARTH FORCE TECHNOLOGIES, INC.",COLLECTIVE STRATEGIES & COMMUNICATIONS
AVGO,"CA, Inc.",69776,"CAPITOL COUNSEL, LLC ON BEHALF OF PRIME MINUTE, INC.",COLLECTIVE STRATEGIES & COMMUNICATIONS
AVGO,"CA, Inc.",69788,"CAPITOL COUNSEL, LLC ON BEHALF OF THE LUMBER MANUFACTORY, INC.",COLLECTIVE STRATEGIES & COMMUNICATIONS
AVGO,"CA, Inc.",69848,"CANFIELD CONSULTING, LLC ON BEHALF OF SECURE PASSAGE, INC.","XLA ADVISORS, LLC"
AVGO,"CA, Inc.",69864,"SENIOR CARE PHARMACY, INC.",BALLARD PARTNERS
AVGO,"CA, Inc.",70271,"CAPITOL COUNSEL, LLC ON BEHALF OF ALERTWEST, INC.",COLLECTIVE STRATEGIES & COMMUNICATIONS
AVGO,"CA, Inc.",70345,PEPPERTREE CAPITAL MANAGEMENT INC.,"CONTINENTAL STRATEGY, LLC"
AVGO,"CA, Inc.",70403,"CAPITOL VENTURE LLC ON BEHALF OF AERSALE, INC.","YC CONSULTING, LLC"
AVGO,"CA, Inc.",70404,"CAPITOL VENTURE LLC ON BEHALF OF OTHRAM, INC.","YC CONSULTING, LLC"
AVGO,"CA, Inc.",70411,INSTITUTE FOR CAREER TRANSITIONS INC.,AVISON STRATEGIES LLC
AVGO,"CA, Inc.",70532,"SPRING CARE, INC.","SPRING CARE, INC."
AVGO,"CA, Inc.",70540,"CALUMET, INC.",SECOND CURVE STRATEGIES LLC
AVGO,"CA, Inc.",70620,CATERPILLAR INC,AUSTIN LEGAL AND PUBLIC AFFAIRS PLLC
AVGO,"CA, Inc.",70651,"SPRING CARE, INC.","LEAVITT PARTNERS, LLC"
AVGO,"CA, Inc.",70690,"CALYXO, INC.",TODD STRATEGY GROUP
AVGO,"CA, Inc.",70735,"STELLA JONES CORPORATION ( FORMELY KNOWN AS MCFARLAND CASCADE HOLDINGS, INC.)","COVENANT GOVERNMENT AFFAIRS, LLC"
AVGO,"CA, Inc.",70841,"CAREQUEST INSTITUTE FOR ORAL HEALTH, INC.",PATTERSON & MEEK
AVGO,"CA, Inc.",70871,"SOUTH CAROLINA HOUSE CALLS, INC.",ICE MILLER LLP
AVGO,"CA, Inc.",71000,"ATOMIC CANYON, INC.","CONTINENTAL STRATEGY, LLC"
AVGO,"CA, Inc.",71300,"CAL-MAINE FOODS, INC.","CROSSROADS STRATEGIES, LLC"
AVGO,"CA, Inc.",71412,"CANFIELD CONSULTING, LLC ON BEHALF OF NOVOCOAST FEDERAL INC.","XLA ADVISORS, LLC"
AVGO,"CA, Inc.",71447,CAE INC.,HOLLAND & KNIGHT LLP
AVGO,"CA, Inc.",71467,"CANPACK GROUP, INC. AND VARIOUS AFFILIATES","CANPACK GROUP, INC. AND VARIOUS AFFILIATES"
AVGO,"CA, Inc.",71483,"CANPACK GROUP, INC.","SKADDEN, ARPS, SLATE, MEAGHER & FLOM LLP"
AVGO,"CA, Inc.",71579,"SKADDEN, ARPS, SLATE, MEAGHER & FLOM LLP ON BEHALF OF CANPACK GROUP, INC.",BGR GOVERNMENT AFFAIRS
AVGO,"CA, Inc.",71689,"CAMBIUM LEARNING GROUP, INC.",HOLLAND & KNIGHT LLP
AVGO,"CA, Inc.",71801,"CADA ENERGY, INC","MERCURY PUBLIC AFFAIRS, LLC"
AVGO,"CA, Inc.",71803,CARBA INC.,BOUNDARY STONE PARTNERS
AVGO,"CA, Inc.",72169,"CANADIAN MANGANESE COMPANY, INC.","MORAN GLOBAL STRATEGIES, INC."
AVGO,"CA, Inc.",72304,CANN INC.,FORBES-TATE
AVGO,"CA, Inc.",72860,"BLUE OWL GROUP ON BEHALF OF RE:CAR INC., D.B.A. SLATE AUTO",FOUNDERS POLICY GROUP
AVGO,"CA, Inc.",72920,"CLIQ, INC. F/K/A/ CARDFLEX, INC. (FORMERLY CARDFLEX, INC.)",SQUIRE PATTON BOGGS
AVGO,"CA, Inc.",72924,"CARL ZEISS, INC.","CARL ZEISS, INC."
AVGO,"CA, Inc.",73103,"CANPACK GROUP, INC.",DGA GROUP GOVERNMENT RELATIONS LLC
AVGO,"CA, Inc.",73195,"CAREQUEST INSTITUTE FOR ORAL HEALTH, INC.","BROWNSTEIN HYATT FARBER SCHRECK, LLP"
AVGO,"CA, Inc.",73207,CAPE COD COMMERCIAL FISHERMEN'S ALLIANCE INC.,"K&L GATES, LLP"
AVGO,"CA, Inc.",73555,CULTURAL CARE INC.,KEEFE STRATEGIES LLC FKA KEEFE SINGISER PARTNERS
AVGO,"CA, Inc.",73690,"CHICANOS POR LA CAUSA, INC.",FGS GLOBAL (US) LLC (FKA FGH HOLDINGS LLC)
AVGO,"CA, Inc.",73730,"BRIGHT SKY HOME HEALTH CARE, INC./HOSPICE CARE. INC.",TELEGRAPH AVENUE ADVISORS
AVGO,"CA, Inc.",73783,TRUCKLOAD CARRIERS ASSOCIATION INC.,DENTONS US LLP
AVGO,"CA, Inc.",73814,"AMERICAN CANCER SOCIETY CANCER ACTION NETWORK, INC.",THE RABEN GROUP
AVGO,"CA, Inc.",74032,"RED CAT HOLDINGS, INC.","HILL EAST GROUP, LLC"
AVGO,"CA, Inc.",74173,"CARL ZEISS, INC.","ALPINE GROUP PARTNERS, LLC."
AVGO,"CA, Inc.",74422,NEXO CAPITAL INC,"TOWER STRATEGY, LLC"
AVGO,"CA, Inc.",74482,"CARMEN GROUP INCORPORATED OBO UNITED HOLDING GROUP, LLC & AFFILIATES","1607 STRATEGIES, LLC"
AVGO,"CA, Inc.",74596,CADENCE SOLUTIONS INC,"MERCURY PUBLIC AFFAIRS, LLC"
AVGO,"CA, Inc.",74654,"MO STRATEGIES, INC. ON BEHALF OF INDIANA HEALTH CARE ASSOCIATION",KAMRAN DARAVI CONSULTING LLC
AVGO,"CA, Inc.",74684,"MANAGED HEALTH CARE ASSOCIATES, INC.",HEALTHSPERIEN
AVGO,"CA, Inc.",74709,"NORTH CAROLINA ENVIRONMENTAL RESTORATION ASSOCIATION, INC (NCERA)",KING AND CO
AVGO,"CA, Inc.",74879,LEMOND CARBON INC,"FAHMY HUDOME INTERNATIONAL, INC"
AVGO,"CA, Inc.",74900,"CAN COMMUNITY HEALTH, INC.","SHUMAKER ADVISORS, LLC"
AVGO,"CA, Inc.",74944,"PACIFIC CABLE TELEVISION, INC.",LATAM DEVELOPMENT GROUP LLC
AVGO,"CA, Inc.",75120,"LEARNING CARE GROUP, INC.","LEARNING CARE GROUP, INC."
AVGO,"CA, Inc.",75302,CANADA NICKEL COMPANY INC.,JAVELIN ADVISORS LLC
AVGO,"CA, Inc.",75311,"HOGAN LOVELLS CADWALADER ON BEHALF OF SKL ROBOTICS USA, INC.","NEALE CREEK, LLC"
AVGO,"CA, Inc.",100142,LOUISIANA PRIMARY CARE ASSOCIATION INC,"ADAMS AND REESE, LLP"
AVGO,"CA, Inc.",100357,"CALIFORNIA DAIRIES, INC.",THE ADVOCACY GROUP
AVGO,"CA, Inc.",100854,CAPMARK FINANCIAL GROUP INC,AKIN GUMP STRAUSS HAUER & FELD
AVGO,"CA, Inc.",100877,SELECT HEALTH OF SOUTH CAROLINA INC,AKIN GUMP STRAUSS HAUER & FELD
AVGO,"CA, Inc.",101240,"CARGILL, INC.",AKIN GUMP STRAUSS HAUER & FELD
AVGO,"CA, Inc.",101328,"MARIO CAMACHO FOODS, INC.",AKIN GUMP STRAUSS HAUER & FELD
AVGO,"CA, Inc.",101723,CACI INC,ALCALDE & FAY
AVGO,"CA, Inc.",102026,COVENTRY HEALTH CARE INC,"ALPINE GROUP PARTNERS, LLC."
AVGO,"CA, Inc.",102119,ASCENSIA DIABETES CARE US INC.,"ALPINE GROUP PARTNERS, LLC."
AVGO,"CA, Inc.",102156,LIFE CARE CENTERS OF AMERICA INC.,"ALPINE GROUP PARTNERS, LLC."
AVGO,"CA, Inc.",102243,CVS CAREMARK INC (FORMERLY CAREMARK RX INC ),ALSTON & BIRD LLP
AVGO,"CA, Inc.",102253,PARAMOUNT CAPITAL INC,ALSTON & BIRD LLP
AVGO,"CA, Inc.",102663,AMERICAN CANCER SOCIETY INC,"AMERICAN CANCER SOCIETY, INC."
AVGO,"CA, Inc.",102747,CAMPBELL JOHN G INC,ACG ADVOCACY
AVGO,"CA, Inc.",102854,CAPITAL DISTRICT PHYSICIAN'S HEALTH PLAN INC,ACG ADVOCACY
AVGO,"CA, Inc.",102855,CARDINAL HEALTH INC,ACG ADVOCACY
AVGO,"CA, Inc.",102858,"PEQUOT CAPITAL MANAGEMENT, INC.",ACG ADVOCACY
AVGO,"CA, Inc.",102962,"CAASP, INC.",ACG ADVOCACY
AVGO,"CA, Inc.",103003,"BRYAN CAVE, LLP ON BEHALF OF POLONIEX, INC.",ACG ADVOCACY
AVGO,"CA, Inc.",103181,CAREER & LIFE LEARNING SYSTEMS INC,AMERICAN DEFENSE INTERNATIONAL
AVGO,"CA, Inc.",103436,"NU-CAST, INC.",AMERICAN DEFENSE INTERNATIONAL
AVGO,"CA, Inc.",103440,"CANON U.S.A., INC.",AMERICAN DEFENSE INTERNATIONAL
AVGO,"CA, Inc.",104127,PHOENIX CARDIOVASCULAR INC,ARENTFOX SCHIFF LLP
AVGO,"CA, Inc.",104150,CAREY INTL INC,ARENTFOX SCHIFF LLP
AVGO,"CA, Inc.",104221,CALIFORNIA DAIRIES INC,ARENTFOX SCHIFF LLP
AVGO,"CA, Inc.",104246,CARDIONET INC,ARENTFOX SCHIFF LLP
AVGO,"CA, Inc.",104285,"CALLAREMI PONTIAC BUICK CADILLAC GMC, INC.",ARENTFOX SCHIFF LLP
AVGO,"CA, Inc.",104541,PEQUOT CAPITAL MANAGEMENT INC,ARNOLD & PORTER KAYE SCHOLER LLP
AVGO,"CA, Inc.",105226,ACCREDITED SURETY & CASUALTY CO INC,BAKER & HOSTETLER LLP
AVGO,"CA, Inc.",105310,"CARDINAL HEALTH, INC.",BAKER & HOSTETLER LLP
AVGO,"CA, Inc.",105317,"IOWNIT CAPITAL AND MARKETS, INC.",BAKER & HOSTETLER LLP
AVGO,"CA, Inc.",105389,CALVIN KLEIN COSMETICS C/O CONOPCO INC,"BAKER & MCKENZIE, LLP"
AVGO,"CA, Inc.",105394,CAMPBELL TOBACCO REHANDLING COMPANY INC,"BAKER & MCKENZIE, LLP"
AVGO,"CA, Inc.",105619,FRESENIUS MEDICAL CARE (D/B/A BIO-MEDICAL APPLICATIONS OF MS INC ),BAKER DONELSON BEARMAN CALDWELL & BERKOWITZ
AVGO,"CA, Inc.",105629,STRATEGIC HOTEL CAPITAL INC,BAKER DONELSON BEARMAN CALDWELL & BERKOWITZ
AVGO,"CA, Inc.",105643,CAMP DRESSER & MCKEE INC,BAKER DONELSON BEARMAN CALDWELL & BERKOWITZ
AVGO,"CA, Inc.",105699,"MED-CARE DIABETIC & MEDICAL SUPPLIES, INC.",BAKER DONELSON BEARMAN CALDWELL & BERKOWITZ
AVGO,"CA, Inc.",106026,VIGOR INDUSTRIAL LLC (CASCADE GENERAL INC ),BALL JANIK LLP
AVGO,"CA, Inc.",106277,CAMP DRESSER & MCKEE INC,BGR GOVERNMENT AFFAIRS
AVGO,"CA, Inc.",106570,"COVENTRY HEALTH CARE, INC.",BGR GOVERNMENT AFFAIRS
AVGO,"CA, Inc.",106639,"CATERPILLAR, INC.",BGR GOVERNMENT AFFAIRS
AVGO,"CA, Inc.",106763,"CARE ACTION NOW, INC.",BGR GOVERNMENT AFFAIRS
AVGO,"CA, Inc.",107065,CAPITAL GROUP COMPANIES INC AND ITS AFFILIATES,"BARNES & THORNBURG, LLP"
AVGO,"CA, Inc.",107285,FIFTY CALIBER SHOOTERS POLICY INSTITUTE INC,MARK BARNES & ASSOCIATES
AVGO,"CA, Inc.",108187,CAVENDISH DIGICOM INC,BKSH & ASSOCIATES
AVGO,"CA, Inc.",108330,CARIBBEAN RUM LIQUERS INC,"HUSCH BLACKWELL, LLP"
AVGO,"CA, Inc.",108372,"CALIFORNIA STEM CELL, INC.","HUSCH BLACKWELL, LLP"
AVGO,"CA, Inc.",108386,"BOYCOM CABLEVISION, INC.","HUSCH BLACKWELL, LLP"
AVGO,"CA, Inc.",109418,ARCTIC CAT INC.,BRACEWELL LLP
AVGO,"CA, Inc.",109766,"CADIZ, INC.","BROWNSTEIN HYATT FARBER SCHRECK, LLP"
AVGO,"CA, Inc.",109894,CAREMARK RX INC,"BROWNSTEIN HYATT FARBER SCHRECK, LLP"
AVGO,"CA, Inc.",110121,"MED-CARE DIABETIC AND MEDICAL SUPPLIES, INC.","BROWNSTEIN HYATT FARBER SCHRECK, LLP"
AVGO,"CA, Inc.",110181,MARKEZ INC. (ON BEHALF OF INTERNATIONAL SMART CARD),"BROWNSTEIN HYATT FARBER SCHRECK, LLP"
AVGO,"CA, Inc.",110245,"TAHOE RESOURCES, INC. (CANADIAN PUBLIC COMPANY)","BROWNSTEIN HYATT FARBER SCHRECK, LLP"
AVGO,"CA, Inc.",110322,"CAREDX, INC.","BROWNSTEIN HYATT FARBER SCHRECK, LLP"
AVGO,"CA, Inc.",110402,"FUKUDA GAKUEN USA, INC. FOR MILWAUKEE CAREER COLLEGE",BROYDRICK & ASSOCIATES
AVGO,"CA, Inc.",110488,"NATIONAL CATASTROPHE ADJUSTERS, INC",BROYDRICK & ASSOCIATES
AVGO,"CA, Inc.",110974,CACI INC,"JOHN G. CAMPBELL, INC."
AVGO,"CA, Inc.",111072,MILLER/WENHOLD CAPITOL STRATEGIES ON BEHALF OF CAPITAL PARTNERSHIPS VA INC,CAPITAL PARTNERSHIPS (VA) INC.
AVGO,"CA, Inc.",111367,CARGILL INC,"CARGILL, INC."
AVGO,"CA, Inc.",111875,"UMASS MEMORIAL HEALTH CARE, INC","CASSIDY & ASSOCIATES, INC."
AVGO,"CA, Inc.",112355,CANADIAN ASSOCIATION OF INCOME FUNDS,"CASSIDY & ASSOCIATES, INC."
AVGO,"CA, Inc.",112676,CATERPILLAR INC,CATERPILLAR INC.
AVGO,"CA, Inc.",113423,CARGILL INC,CLARK & WEINSTOCK
AVGO,"CA, Inc.",113573,TIME WARNER CABLE INC.,CLARK & WEINSTOCK
AVGO,"CA, Inc.",113614,"CORE CARE SYSTEMS, INC.",CLARK & WEINSTOCK
AVGO,"CA, Inc.",113651,BARCLAYS CAPITAL INC.,CLEARY GOTTLIEB STEEN & HAMILTON LLP
AVGO,"CA, Inc.",114148,NATIONAL AIR CARGO INC,COMMONWEALTH CONSULTING CORPORATION
AVGO,"CA, Inc.",114785,FLIR SYSTEMS INC (AS OF JUNE 1 2007 - VEH LLC DBA CAPITOL STRATEGIES GROUP),"INNOVATIVE FEDERAL STRATEGIES, LLC"
AVGO,"CA, Inc.",114836,CALERO (FORMERLY VERAMARK TECHNOLOGIES INC ),"INNOVATIVE FEDERAL STRATEGIES, LLC"
AVGO,"CA, Inc.",115215,CATERPILLAR INC.,COVINGTON & BURLING LLP
AVGO,"CA, Inc.",115254,"CASH AMERICA INTERNATIONAL, INC.",COVINGTON & BURLING LLP
AVGO,"CA, Inc.",115279,"ECOVEST CAPITAL, INC.",COVINGTON & BURLING LLP
AVGO,"CA, Inc.",115287,"CULTURAL CARE, INC., D/B/A CULTURAL CARE AU PAIR",COVINGTON & BURLING LLP
AVGO,"CA, Inc.",115538,CARDINAL INTELLECTUAL PROPERTY INC.,CROWELL & MORING LLP
AVGO,"CA, Inc.",115591,"CARDINAL HEALTH, INC.",CROWELL & MORING LLP
AVGO,"CA, Inc.",115600,TAHOE RESOURCES INC. (CANADIAN PUBLIC COMPANY),CROWELL & MORING LLP
AVGO,"CA, Inc.",116948,TRIPLE CANOPY INC,DICKSTEIN SHAPIRO LLP
AVGO,"CA, Inc.",116964,"EQUINOX CAPITAL, INC.",DICKSTEIN SHAPIRO LLP
AVGO,"CA, Inc.",116968,"CARSON HELICOPTER SERVICES, INC.",DICKSTEIN SHAPIRO LLP
AVGO,"CA, Inc.",116970,"CASE NEW HOLLAND, INC.",DICKSTEIN SHAPIRO LLP
AVGO,"CA, Inc.",117245,ADVANCED CAREER TECHNOLOGIES INC,DOW LOHNES PLLC
AVGO,"CA, Inc.",117373,ENTRUST CAPITAL INC,"DOWNEY MCGRATH GROUP, INC."
AVGO,"CA, Inc.",117514,STATION CASINOS INC,FAEGRE DRINKER BIDDLE & REATH LLP
AVGO,"CA, Inc.",117566,"CHILDREN'S CARDIOMYOPATHY FOUNDATION, INC.",FAEGRE DRINKER BIDDLE & REATH LLP
AVGO,"CA, Inc.",117723,CATERPILLAR INC,THE DUBERSTEIN GROUP INC.
AVGO,"CA, Inc.",117861,"UNITEDHEALTH GROUP, INC. (FORMERLY UNITED HEALTH CARE)","DUTKO WORLDWIDE, LLC"
AVGO,"CA, Inc.",118033,JAY CASHMAN INC.,"DUTKO WORLDWIDE, LLC"
AVGO,"CA, Inc.",118418,"CARMEN GROUP, INC. (ON BEHALF OF METROPOLITAN WATER RECLAMATION DISTRICT)","DUTKO WORLDWIDE, LLC"
AVGO,"CA, Inc.",118677,LITTLE CAESAR ENTERPRISES INC.,DYKEMA GOSSETT PLLC
AVGO,"CA, Inc.",118968,CAMERO INC,"EMANUEL & ASSOCIATES, INC. (FKA ADAM EMANUEL)"
AVGO,"CA, Inc.",119428,HALLMARK CARDS INC,EVANS CAPITOL GROUP
AVGO,"CA, Inc.",119456,TPF CAPITAL INC,EVANS GROUP
AVGO,"CA, Inc.",119915,NORTH CAROLINA RURAL ECONOMIC DEVELOPMENT CENTER INC,"THE FERGUSON GROUP, LLC"
AVGO,"CA, Inc.",119924,NORTH CAROLINA GRAIN GROWERS COOPERATIVE INC,"THE FERGUSON GROUP, LLC"
AVGO,"CA, Inc.",120002,CARROLL INVESTMENT PROPERTIES INC -NC,"THE FERGUSON GROUP, LLC"
AVGO,"CA, Inc.",120010,SOUTH CAROLINA ASSN OF COMMUNITY DEVELOPMENT CORPORATIONS INC,"THE FERGUSON GROUP, LLC"
AVGO,"CA, Inc.",120655,CALIFORNIA DAIRIES INC,FOLEY & LARDNER LLP
AVGO,"CA, Inc.",120715,"CAMBRIDGE ISOTOPE LABORATORIES, INC.",FOLEY & LARDNER LLP
AVGO,"CA, Inc.",120724,"CADIZ, INC.",FOLEY & LARDNER LLP
AVGO,"CA, Inc.",120727,"CAREGIVER SERVICES, INC.",FOLEY & LARDNER LLP
AVGO,"CA, Inc.",120785,CANADIAN SOLAR ( U S ) INC,FOLEY & LARDNER LLP
AVGO,"CA, Inc.",121149,BOOMTOWN HOTEL & CASINO INC,THE FURMAN GROUP
AVGO,"CA, Inc.",121400,STATION CASINOS INC,GARDNER CARTON & DOUGLAS
AVGO,"CA, Inc.",121568,CARBON NANOTECHNOLOGIES INC,GHL INC
AVGO,"CA, Inc.",121720,"MCFARLAND CASCADE HOLDINGS, INC.","GIVENS PURSLEY, LLP"
AVGO,"CA, Inc.",122127,CAMBRIDGE MANAGEMENT INC,"GREENBERG TRAURIG, LLP"
AVGO,"CA, Inc.",122453,"CAR CHARGING, INC.","GREENBERG TRAURIG, LLP"
AVGO,"CA, Inc.",122471,"EDF RESOURCE CAPITAL, INC","GREENBERG TRAURIG, LLP"
AVGO,"CA, Inc.",122727,"PRAIRIE CAPITAL ADVISORS, INC.","GROOM LAW GROUP, CHARTERED"
AVGO,"CA, Inc.",122933,INCIDENT CATERING SERVICES,HALEY & ASSOCIATES
AVGO,"CA, Inc.",122970,"ST. CATHERINE HOSPITAL, INC.","HALL, RENDER, KILLIAN, HEATH & LYMAN, P.C."
AVGO,"CA, Inc.",122991,"MINISTRY HEALTH CARE, INC.","HALL, RENDER, KILLIAN, HEATH & LYMAN, P.C."
AVGO,"CA, Inc.",123051,"CARLE HEALTH CARE, INC., D/B/A CARLE PHYSICIAN GROUP","HALL, RENDER, KILLIAN, HEATH & LYMAN, P.C."
AVGO,"CA, Inc.",123109,MUNICIPAL CAPITAL MARKETS GROUP INC,HANCE SCARBOROUGH
AVGO,"CA, Inc.",123450,"CARCO GROUP, INC.","HERRICK, FEINSTEIN LLP"
AVGO,"CA, Inc.",123474,CATHEDRAL FOUNDATION OF JACKSONVILLE INC,"HESSEL, ALUISE AND NEUN, P.C."
AVGO,"CA, Inc.",124045,TENDER LOVING CARE HEALTH CARE SERVICES INC,HOGAN LOVELLS CADWALADER US LLP (FKA HOGAN LOVELLS US LLP)
AVGO,"CA, Inc.",124373,IDQ HOLDINGS INC F/K/A ARSENAL CAPITAL PARTNERS,HOGAN LOVELLS CADWALADER US LLP (FKA HOGAN LOVELLS US LLP)
AVGO,"CA, Inc.",124431,BARCLAYS CAPITAL INC.,HOGAN LOVELLS CADWALADER US LLP (FKA HOGAN LOVELLS US LLP)
AVGO,"CA, Inc.",124521,CAMBRIDGE INTERNATIONAL INC,HOGAN LOVELLS CADWALADER US LLP (FKA HOGAN LOVELLS US LLP)
AVGO,"CA, Inc.",124638,SMARTE CARTE INC.,HOGAN LOVELLS CADWALADER US LLP (FKA HOGAN LOVELLS US LLP)
AVGO,"CA, Inc.",124691,CAPMARK FINANCIAL GROUP INC,RICHARD F. HOHLT
AVGO,"CA, Inc.",124822,CAPITOL BROADCASTING COMPANY INC,HOLLAND & KNIGHT LLP
AVGO,"CA, Inc.",125024,WELLS CAPITAL INC,HOLLAND & KNIGHT LLP
AVGO,"CA, Inc.",125193,"H. LEE MOFFITT CANCER CENTER & RESEARCH INSTITUTE HOSPITAL, INC.",HOLLAND & KNIGHT LLP
AVGO,"CA, Inc.",125360,CARRIER IQ INC.,HOLLAND & KNIGHT LLP
AVGO,"CA, Inc.",125403,CLINICAS DEL CAMINO REAL INC,HOLLAND & KNIGHT LLP
AVGO,"CA, Inc.",125430,"MED-CARE DIABETIC & MEDICAL SUPPLIES, INC.",HOLLAND & KNIGHT LLP
AVGO,"CA, Inc.",127206,CASE NEW HOLLAND INDUSTRIAL INC,TIBER CREEK GROUP
AVGO,"CA, Inc.",127228,"THE CAPITAL GROUP COMPANIES, INC. AND ITS AFFILIATES",TIBER CREEK GROUP
AVGO,"CA, Inc.",127272,"CA TECHNOLOGIES, INC.",TIBER CREEK GROUP
AVGO,"CA, Inc.",127402,CAPGEMINI INC,"JOHNSTON & ASSOCIATES, LLC"
AVGO,"CA, Inc.",127462,CANAL BARGE COMPANY INC,"JONES WALKER, LLP"
AVGO,"CA, Inc.",127613,UNITED CARIBBEAN LINES INC,"JONES WALKER, LLP"
AVGO,"CA, Inc.",127649,"CASH AMERICA INTERNATIONAL, INC.","JONES WALKER, LLP"
AVGO,"CA, Inc.",128089,CAPITOL CONCERTS INC,KILPATRICK TOWNSEND & STOCKTON
AVGO,"CA, Inc.",128593,"CAROLINA FILTERS, INC.","KINGHORN, HILBERT & ASSOCIATES"
AVGO,"CA, Inc.",128941,"SOUND CAPITAL MANAGEMENT, INC.",KUTAK ROCK LLP
AVGO,"CA, Inc.",129116,CALDERON CLEAN COAL TECHNOLOGY INC,"LATTA, DELBERT"
AVGO,"CA, Inc.",129291,CAPITOL PAVING OF DC INC,DEWEY & LEBOEUF LLP
AVGO,"CA, Inc.",129344,CADIZ INC,"LEE & SMITH, PC"
AVGO,"CA, Inc.",129525,CARGILL INC,"THE RUSSELL GROUP, INC."
AVGO,"CA, Inc.",129816,CARGO LIFTER INC,"ZEL E. LIPSEN, ESQUIRE"
AVGO,"CA, Inc.",130606,"LIBRA CAPITAL US, INC.",MANATOS & MANATOS
AVGO,"CA, Inc.",130721,PACIFIC CREST CAPITAL INC,"MANATT, PHELPS, AND PHILLIPS"
AVGO,"CA, Inc.",130722,ISLE OF CAPRI CASINOS INC,"MANATT, PHELPS, AND PHILLIPS"
AVGO,"CA, Inc.",130815,"CARDTRONICS, INC","MANATT, PHELPS, AND PHILLIPS"
AVGO,"CA, Inc.",130884,"SCIENCE CARE, INC.","MANATT, PHELPS, AND PHILLIPS"
AVGO,"CA, Inc.",132126,"THE FEDERAL GROUP, INC. ON BEHALF OF THE HOME CARE ASSN. OF AMERICA","NT LAKIS, LLP"
AVGO,"CA, Inc.",132139,FAMILIES OF VICTIMS OF THE CAVALESE INCIDENT,MCGUIREWOODS CONSULTING (A SUBSIDIARY OF MCGUIREWOODS LLP)
AVGO,"CA, Inc.",132185,OPTION CARE INC,MCGUIREWOODS CONSULTING (A SUBSIDIARY OF MCGUIREWOODS LLP)
AVGO,"CA, Inc.",132793,ARIZONA HEALTH CARE CONTRACT MANAGEMENT SERVICES INC.,"MILLER & CHEVALIER, CHTD"
AVGO,"CA, Inc.",133353,STATION CASINOS INC,"ML STRATEGIES, LLC"
AVGO,"CA, Inc.",133585,CANBERRA INDUSTRIES INC,"MORGAN, LEWIS & BOCKIUS, LLP"
AVGO,"CA, Inc.",133633,"CATALENT, INC.","MORGAN, LEWIS & BOCKIUS, LLP"
AVGO,"CA, Inc.",133780,CAPITAL PARTNERSHIPS (VA) INC (ON BEHALF OF NORTH METRO CROSSING COALITION),"THE LAW OFFICES OF JOHN R. BRIMSEK, PC"
AVGO,"CA, Inc.",133901,CANVASBACK MISSIONS INC,"MURRAY, MONTGOMERY & O'DONNELL"
AVGO,"CA, Inc.",134003,GREENE COUNTY HEALTH CARE INC,MWW GROUP
AVGO,"CA, Inc.",134663,"NEW YORK STATE ASSOCIATION OF HEALTH CARE PROVIDERS, INC.","NEW YORK STATE ASSOCIATION OF HEALTH CARE PROVIDERS, INC."
AVGO,"CA, Inc.",134810,CASCADE AEROSPACE INC.,C2 STRATEGIES
AVGO,"CA, Inc.",135123,CAPITAL TECHNOLOGY GROUP INC,NOSSAMAN LLP
AVGO,"CA, Inc.",135538,"PERSONALIZED CANCER THERAPY, INC.","RYAN MACKINNON VASAPOLI AND BERZOK, LLP"
AVGO,"CA, Inc.",135628,CATALINA MARKETING INC,"OLSSON, FRANK, WEEDA, TERMAN & MATZ, PC"
AVGO,"CA, Inc.",136207,"HOSPICE FAMILY CARE, INC.","PARRY, ROMANI, DECONCINI & SYMMS"
AVGO,"CA, Inc.",136842,STATION CASINOS INC.,SQUIRE PATTON BOGGS
AVGO,"CA, Inc.",136856,HAMPTON ROADS COMMUNITY CARE INC,SQUIRE PATTON BOGGS
AVGO,"CA, Inc.",137039,SOUTHEAST CAPITAL PARTNERS INC,SQUIRE PATTON BOGGS
AVGO,"CA, Inc.",137072,HILLSIDE CAPITAL INCORPORATED,SQUIRE PATTON BOGGS
AVGO,"CA, Inc.",137076,MOSAIC POTASH CARLSBAD INC,SQUIRE PATTON BOGGS
AVGO,"CA, Inc.",137110,CADIZ INC,SQUIRE PATTON BOGGS
AVGO,"CA, Inc.",137117,STRATEGIC HOTEL CAPITAL INC,SQUIRE PATTON BOGGS
AVGO,"CA, Inc.",137235,CARMEL INDUSTRIES INC,SQUIRE PATTON BOGGS
AVGO,"CA, Inc.",137386,"CALIFORNIA STEEL INDUSTRIES, INC.",SQUIRE PATTON BOGGS
AVGO,"CA, Inc.",137430,"THE WASHINGTON CAPITOL GROUP, INC.",SQUIRE PATTON BOGGS
AVGO,"CA, Inc.",137753,"CARESTREAM HEALTH, INC.",SQUIRE PATTON BOGGS
AVGO,"CA, Inc.",138572,CAESARS ENTERTAINMENT OPERATING CO INC,"PODESTA GROUP, INC."
AVGO,"CA, Inc.",138636,CARBONFUND ORG FOUNDATION INC,"PODESTA GROUP, INC."
AVGO,"CA, Inc.",138692,"VITAL CARE, INC.","PODESTA GROUP, INC."
AVGO,"CA, Inc.",139232,"CAL DIVE INTERNATIONAL, INC.",THE POTOMAC GROUP
AVGO,"CA, Inc.",139235,"PILOT CATASTROPHE SERVICES, INC.",THE POTOMAC GROUP
AVGO,"CA, Inc.",139334,CARGILL INC,POWELL GOLDSTEIN LLP
AVGO,"CA, Inc.",139496,RAYTEL CARDIAC SERVICES INC,"POWERS PYLES SUTTER & VERVILLE, P.C."
AVGO,"CA, Inc.",139499,"CARDIONET, INC.","POWERS PYLES SUTTER & VERVILLE, P.C."
AVGO,"CA, Inc.",139520,"PERSONALIZED PHYSICIAN CARE, INC.","POWERS PYLES SUTTER & VERVILLE, P.C."
AVGO,"CA, Inc.",139543,STATION CASINOS INC,"POWERS PYLES SUTTER & VERVILLE, P.C."
AVGO,"CA, Inc.",139673,CASH AMERICA INTL INC,"K&L GATES, LLP"
AVGO,"CA, Inc.",140176,"ANNALY CAPITAL MANAGEMENT, INC.","K&L GATES, LLP"
AVGO,"CA, Inc.",140311,"AMERICAN ROLL-ON ROLL-OFF CARRIER GROUP, INC.","K&L GATES, LLP"
AVGO,"CA, Inc.",140321,"SUPER CARE, INC. D/B/A SUPERCARE HEALTH","K&L GATES, LLP"
AVGO,"CA, Inc.",140343,"GREAT ELM CAPITAL GROUP, INC.","K&L GATES, LLP"
AVGO,"CA, Inc.",140381,"COMMUNITY CAPITAL MANAGEMENT, LLC D/B/A CRAFUND ADVISORY, INC.","K&L GATES, LLP"
AVGO,"CA, Inc.",140608,BOSTON CAPITAL PARTNERS INCORPORATED,"PUBLIC STRATEGIES WASHINGTON, INC."
AVGO,"CA, Inc.",141051,CAE USA INC.,CAE USA INC.
AVGO,"CA, Inc.",141084,POLESTAR CAPITAL INC,"THELEN (FORMERLY, THELEN REID BROWN RAYSMAN & STEINER LLP)"
AVGO,"CA, Inc.",141115,EAST COAST VENTURE CAPITAL INC,"THELEN (FORMERLY, THELEN REID BROWN RAYSMAN & STEINER LLP)"
AVGO,"CA, Inc.",141124,CAMDEN IRON & METAL INC,"THELEN (FORMERLY, THELEN REID BROWN RAYSMAN & STEINER LLP)"
AVGO,"CA, Inc.",141178,AMERICAN PHYSICIANS CAPITAL INC,"THELEN (FORMERLY, THELEN REID BROWN RAYSMAN & STEINER LLP)"
AVGO,"CA, Inc.",141232,CABRINI MISSION FOUNDATION INC,RUSS REID COMPANY
AVGO,"CA, Inc.",141670,CAPE SEAFOODS INC,"ROBERTSON, MONAGLE & EASTAUGH LLC"
AVGO,"CA, Inc.",141772,ATLANTIC CAPES INC,"ROBERTSON, MONAGLE & EASTAUGH LLC"
AVGO,"CA, Inc.",141786,"CAPE CANAVERAL SHRIMP COMPANY, INC.","ROBERTSON, MONAGLE & EASTAUGH LLC"
AVGO,"CA, Inc.",141867,CATERPILLAR INC,"ROBISON INTERNATIONAL, INC."
AVGO,"CA, Inc.",142045,"ISLE OF CAPRI CASINOS, INC.","ROPES & GRAY, LLP"
AVGO,"CA, Inc.",143060,"CADIZ, INC.",SELLERY ASSOCIATES
AVGO,"CA, Inc.",143547,CAPITAL AUTO & TRUCK AUCTION INC,SHER & BLACKWELL LLP
AVGO,"CA, Inc.",143554,"CAR DONATION SERVICES, INC.",SHER & BLACKWELL LLP
AVGO,"CA, Inc.",143774,"WESTERN CANCER CENTER, INC.",SIDLEY AUSTIN LLP
AVGO,"CA, Inc.",143849,"CALYXT, INC.",SIDLEY AUSTIN LLP
AVGO,"CA, Inc.",144070,AMERICAN CAPITAL INC.,"SKADDEN, ARPS, SLATE, MEAGHER & FLOM LLP"
AVGO,"CA, Inc.",144656,"PILOT CATASTROPHE SERVICES, INC.","THE SMITH-FREE GROUP, LLC"
AVGO,"CA, Inc.",144675,CAMPBELL INC JOHN G,ROBERT D. SNEED
AVGO,"CA, Inc.",144985,"TIME WARNER CABLE, INC.",DENTONS US LLP
AVGO,"CA, Inc.",145150,"CALIFORNIA RURAL INDIAN HEALTH BOARD, INC.","SONOSKY, CHAMBERS, SACHSE, ENDRESON & PERRY, LLP"
AVGO,"CA, Inc.",145832,"CORNERSTONE CARE, INC.",STEWART AND STEWART
AVGO,"CA, Inc.",146167,CAPMARK FINANCIAL GROUP INC,SULLIVAN & CROMWELL LLP
AVGO,"CA, Inc.",146240,TIME WARNER CABLE (FORMERLY TIME WARNER INC ),EVERSHEDS SUTHERLAND (US) LLP
AVGO,"CA, Inc.",146246,LIFE CARE CENTERS OF AMERICA INC.,EVERSHEDS SUTHERLAND (US) LLP
AVGO,"CA, Inc.",146943,"TIME WARNER CABLE, INC.","TWENTY-FIRST CENTURY GROUP, INC."
AVGO,"CA, Inc.",146957,"CARDINAL HEALTH, INC.","TWENTY-FIRST CENTURY GROUP, INC."
AVGO,"CA, Inc.",146983,CAESARS ENTERTAINMENT OPERATING COMPANY INC (FORMERLY HARRAH'S),US STRATEGIES
AVGO,"CA, Inc.",147580,NORDION (CANADA) INC,"VAN NESS FELDMAN, LLP"
AVGO,"CA, Inc.",147786,CAPITOL DECISIONS INC,VAN SCOYOC ASSOCIATES
AVGO,"CA, Inc.",148198,CAPITOL DECISIONS INC (RURAL CELLULAR ASSOCIATION),VAN SCOYOC ASSOCIATES
AVGO,"CA, Inc.",148242,"CAPITOL DECISIONS, INC. (THE SAMUEL ROBERTS NOBLE FOUNDATION, INC.)",VAN SCOYOC ASSOCIATES
AVGO,"CA, Inc.",148312,"CAPITOL DECISIONS, INC. (TECHNOLOGIES & DEVICES INTERNATIONAL, INC.)",VAN SCOYOC ASSOCIATES
AVGO,"CA, Inc.",148323,"CAPITOL DECISIONS, INC. (TELEMED NETWORK)",VAN SCOYOC ASSOCIATES
AVGO,"CA, Inc.",148341,"CAPITOL DECISIONS, INC. (BOARD OF REGENTS OF THE UNIVERSITY OF OKLAHOMA)",VAN SCOYOC ASSOCIATES
AVGO,"CA, Inc.",148391,"CAPITOL DECISIONS, INC. (VULCAN SPECTRUM)",VAN SCOYOC ASSOCIATES
AVGO,"CA, Inc.",148393,"CAPITOL DECISIONS, INC. (SORENSON COMMUNICATIONS, INC.)",VAN SCOYOC ASSOCIATES
AVGO,"CA, Inc.",148471,"CAPITOL DECISIONS, INC. (UNIVERSITY OF CENTRAL OKLAHOMA)",VAN SCOYOC ASSOCIATES
AVGO,"CA, Inc.",148486,"CAPITOL DECISIONS, INC. (INTELLIDYNE, LLC)",VAN SCOYOC ASSOCIATES
AVGO,"CA, Inc.",148501,"CAPITAL CONCERTS, INC.",VAN SCOYOC ASSOCIATES
AVGO,"CA, Inc.",148524,"H. LEE MOFFITT CANCER CENTER & RESEARCH INSTITUTE HOSPITAL, INC.",VAN SCOYOC ASSOCIATES
AVGO,"CA, Inc.",148606,"CAPITOL DECISIONS, INC. (AMERICAN ADDICTION CENTERS, INC.)",VAN SCOYOC ASSOCIATES
AVGO,"CA, Inc.",148609,"CAPITOL DECISIONS, INC. (AMERICAN SOCIETY OF ADDICTION MEDICINE)",VAN SCOYOC ASSOCIATES
AVGO,"CA, Inc.",148876,TRIPLE CANOPY INC,VENABLE LLP
AVGO,"CA, Inc.",148910,UNITED STATES TENNIS ASSOCIATION INC. (ON BEHALF OF CASSIDY & ASSOCIATES),VENABLE LLP
AVGO,"CA, Inc.",148925,"CA, INC.",VENABLE LLP
AVGO,"CA, Inc.",148976,"HARTZ CAPITAL, INC.",VENABLE LLP
AVGO,"CA, Inc.",149086,"ANNALY CAPITAL MANAGEMENT, INC.",VENABLE LLP
AVGO,"CA, Inc.",149121,"UNICAT CATALYST TECHNOLOGIES, INC.",VENABLE LLP
AVGO,"CA, Inc.",149311,LTVS CAPITOL BROADCASTING CO INC,VERNER LIIPFERT BERNHARD MCPHERSON & HAND
AVGO,"CA, Inc.",149416,CARIBE WASTE TECHNOLOGIES INC,VERNER LIIPFERT BERNHARD MCPHERSON & HAND
AVGO,"CA, Inc.",149421,TRITIUM CARD SERVICES INC,VERNER LIIPFERT BERNHARD MCPHERSON & HAND
AVGO,"CA, Inc.",149618,CARRERA HOLDINGS INC.,VINSON & ELKINS LLP
AVGO,"CA, Inc.",150248,CENDANT CAR RENTAL GROUP INC,WATANABE ING KAWASHIMA & KOMEIJI
AVGO,"CA, Inc.",150554,CATERPILLAR INC,"WEXLER | WALKER, A UNIT OF HILL+KNOWLTON STRATEGIES, LLC"
AVGO,"CA, Inc.",150638,CAPITAL PARTNERSHIPS (VA) INC,"WEXLER | WALKER, A UNIT OF HILL+KNOWLTON STRATEGIES, LLC"
AVGO,"CA, Inc.",151482,"CASH AMERICA INTERNATIONAL, INC.","WILLIAMS AND JENSEN, PLLC"
AVGO,"CA, Inc.",151734,MOORE CAPITAL MANAGEMENT INC,WILMER CUTLER PICKERING HALE AND DORR LLP
AVGO,"CA, Inc.",152546,WORLDBUSINESS CAPITAL INC,HOULIHAN INTERNATIONAL LLC
AVGO,"CA, Inc.",153429,"CARFAX, INC.","FIERCE, ISAKOWITZ & BLALOCK"
AVGO,"CA, Inc.",153451,"CARDINAL HEALTH, INC.","FIERCE, ISAKOWITZ & BLALOCK"
AVGO,"CA, Inc.",154250,"CARGILL, INC.","LIEBMAN & ASSOCIATES, INC."
AVGO,"CA, Inc.",155122,HUMAN CAPITAL RESOURCES INC,MR. ROBERT CARLSTROM JR.
AVGO,"CA, Inc.",155196,CARRINGTON LABORATORIES INC,"JEFFERSON GOVERNMENT RELATIONS, L.L.C."
AVGO,"CA, Inc.",155305,CASCADES TECHNOLOGIES INC,"JEFFERSON GOVERNMENT RELATIONS, L.L.C."
AVGO,"CA, Inc.",155872,"CASH AMERICA INTERNATIONAL, INC.",OGR
AVGO,"CA, Inc.",156311,CAPITAL CONCERTS INC,"THE LIVINGSTON GROUP, LLC"
AVGO,"CA, Inc.",157119,"HADEED CARPET CLEANING, INC.",WINNING STRATEGIES WASHINGTON
AVGO,"CA, Inc.",157143,"CANON FINANCIAL SERVICES, INC.",WINNING STRATEGIES WASHINGTON
AVGO,"CA, Inc.",157432,"CAPITAL TECHNOLOGY GROUP, INC.","TCH GROUP, LLC"
AVGO,"CA, Inc.",157587,CATERPILLAR INC,"CARROLL, PETER A."
AVGO,"CA, Inc.",157909,GATEWAY HEALTH CARE INC,"CAPITOL CITY GROUP, LTD."
AVGO,"CA, Inc.",157933,"CAPITAL STRATEGIES, INC.","CAPITOL CITY GROUP, LTD."
AVGO,"CA, Inc.",158183,CHILDREN'S CAUSE INC,BENNETT TURNER & COLEMAN LLP
AVGO,"CA, Inc.",158254,BOYKINWHITECASTANEDA CAPITAL MARKETS GROUP INC.,"THE VELASQUEZ GROUP, L.L.C."
AVGO,"CA, Inc.",158321,CSS USA INC (FORMERLY CARCOON AMERICA LLC),"THE CHARLES GROUP, LLC"
AVGO,"CA, Inc.",158386,MASSILON CABLE TV INC,"WOMBLE CARLYLE SANDRIDGE & RICE, LLP"
AVGO,"CA, Inc.",158400,"CALIFORNIA DAIRIES, INC.","WOMBLE CARLYLE SANDRIDGE & RICE, LLP"
AVGO,"CA, Inc.",158525,FIFTY CALIBER SHOOTERS POLICY INSTITUTE INC,"FIFTY CALIBER SHOOTERS POLICY INSTITUTE, INC"
AVGO,"CA, Inc.",158536,CALIFORNIA RURAL INDIAN HEALTH BOARD INC,"MEDICAID POLICY, LLC"
AVGO,"CA, Inc.",158539,FIFTY CALIBER SHOOTERS POLICY INSTITUTE INC,"FRIGIOLA, JIM"
AVGO,"CA, Inc.",158560,CARWELL PRODUCTS INC,"MICHAEL CHASE ASSOCIATES, LTD"
AVGO,"CA, Inc.",158598,ACCREDITED SURETY & CASUALTY CO INC,"GRAYROBINSON, P.A."
AVGO,"CA, Inc.",158702,HUMAN CAPITAL RESOURCES INC,QGA PUBLIC AFFAIRS (FORMERLY QUINN GILLESPIE & ASSOCIATES)
AVGO,"CA, Inc.",158773,BLACKROCK CAPITAL MANAGEMENT INC (FORMERLY BLACKROCK INC ),QGA PUBLIC AFFAIRS (FORMERLY QUINN GILLESPIE & ASSOCIATES)
AVGO,"CA, Inc.",158905,"AMERICAN CABLE ASSOCIATION, INC. DBA ACACONNECTS","AMERICAN CABLE ASSOCIATION, INC. DBA ACACONNECTS"
AVGO,"CA, Inc.",159180,"DAMIAN FAMILY CARE CENTERS, INC.","TONIO BURGOS & ASSOCIATES, INC."
AVGO,"CA, Inc.",159674,"CANADA STEAMSHIP LINES, INC.",BUCHANAN INGERSOLL & ROONEY PC
AVGO,"CA, Inc.",159986,"AETNA, INC. (FORMERLY AETNA LIFE & CASUALTY)",ERNST & YOUNG LLP (WASHINGTON COUNCIL ERNST & YOUNG)
AVGO,"CA, Inc.",160186,"CARRIX, INC.",ERNST & YOUNG LLP (WASHINGTON COUNCIL ERNST & YOUNG)
AVGO,"CA, Inc.",160264,"BARCLAYS CAPITAL, INC.",ERNST & YOUNG LLP (WASHINGTON COUNCIL ERNST & YOUNG)
AVGO,"CA, Inc.",160302,"CARIS SCIENCE, INC.",ERNST & YOUNG LLP (WASHINGTON COUNCIL ERNST & YOUNG)
AVGO,"CA, Inc.",160433,CARDINAL HEALTH INC,"CARDINAL HEALTH, INC."
AVGO,"CA, Inc.",160559,"CA TECHNOLOGIES, INC.","PARK STRATEGIES, LLC"
AVGO,"CA, Inc.",160799,CABLEWORKS INC,TAYLOR GRAVOIS ASSOC
AVGO,"CA, Inc.",160838,CASE NEW HOLLAND INDUSTRIAL INC,CASE NEW HOLLAND INDUSTRIAL INC.
AVGO,"CA, Inc.",161149,"HITCO CARBON COMPOSITES, INC",STRATEGIC MARKETING INNOVATIONS
AVGO,"CA, Inc.",161210,"CONTINENTAL CARBON NANOTECHNOLOGIES, INC.",STRATEGIC MARKETING INNOVATIONS
AVGO,"CA, Inc.",161266,"UNITED SILICON CARBIDE, INC.",STRATEGIC MARKETING INNOVATIONS
AVGO,"CA, Inc.",161312,"CARDIODX, INC.",STRATEGIC MARKETING INNOVATIONS
AVGO,"CA, Inc.",161419,SONNY CALLAHAN & ASSOCIATES LLC (ON BEHALF OF CENTERPOINT MANUFACTURING INC ),"LYONS, PIPES & COOK, P.C."
AVGO,"CA, Inc.",161423,SONNY CALLAHAN & ASSOCIATES LLC ON BEHALF OF GRAY RESEARCH INC,"LYONS, PIPES & COOK, P.C."
AVGO,"CA, Inc.",161425,SONNY CALLAHAN & ASSOCIATES LLC (ON BEHALF OF 3001 INC ),"LYONS, PIPES & COOK, P.C."
AVGO,"CA, Inc.",161793,"CATHOLIC LEGAL IMMIGRATION NETWORK, INC.",THE RABEN GROUP
AVGO,"CA, Inc.",162760,"MANAGED HEALTH CARE ASSOCIATES, INC.",VENN STRATEGIES
AVGO,"CA, Inc.",162863,CAESARS ENTERTAINMENT INC,"HAMILTON QUIGLEY & TWAIT, PLC"
AVGO,"CA, Inc.",163063,TIME WARNER CABLE INC.,"CAPITOL TAX PARTNERS, LLP"
AVGO,"CA, Inc.",163324,AVIS RENT-A-CAR SYSTEM INC,"MANTON, THOMAS J."
AVGO,"CA, Inc.",163649,"ASTAR AIR CARGO, INC.","THE CORMAC GROUP, LLC"
AVGO,"CA, Inc.",163658,MANIPAL EDUCATION AMERICAS LLC (GREATER CARIBBEAN LEARNING RESOURCES INC,"THE CORMAC GROUP, LLC"
AVGO,"CA, Inc.",163680,R3 EDUCATION FKA/EQUINOX CAPITAL INC,"THE CORMAC GROUP, LLC"
AVGO,"CA, Inc.",163761,"CARDTRONICS USA, INC.","THE CORMAC GROUP, LLC"
AVGO,"CA, Inc.",163938,CARESCIENCE INC,"STRADLEY RONON STEVENS & YOUNG, LLP"
AVGO,"CA, Inc.",164240,CAE USA INC.,CONTINENTAL CONSULTING GROUP CORPORATION
AVGO,"CA, Inc.",164256,TLC HEALTH CARE SERVICES INC,"SISCO CONSULTING, LLC"
AVGO,"CA, Inc.",164351,CAMDEN SECURITIES INC,"KHABIR, A. W."
AVGO,"CA, Inc.",164863,CARE.COM INC.,"MERCURY PUBLIC AFFAIRS, LLC"
AVGO,"CA, Inc.",165198,PRIVATE CARE ASSOCIATION INC,HOLLRAH LLC
AVGO,"CA, Inc.",165552,"POPULUS FINANCIAL GROUP, INC. (FORMERLY ACE CASH EXPRESS, INC.)",CAPITOL HILL CONSULTING GROUP
AVGO,"CA, Inc.",165871,CAM-TECH INC,CAPITOL HILL GROUP LLC
AVGO,"CA, Inc.",166489,CASHMAN INC JAY,PERKINS SMITH COHEN & CROWE LLP
AVGO,"CA, Inc.",166587,"CARRIZO GORGE RAILWAY, INC.",O'NEILL AND ASSOCIATES
AVGO,"CA, Inc.",166722,CARMAX INC,WILLIAMS MULLEN STRATEGIES
AVGO,"CA, Inc.",166830,CALYPSO MEDICAL TECHNOLOGIES INC,"SIGNAL GROUP CONSULTING, LLC"
AVGO,"CA, Inc.",166900,TIME WARNER CABLE INC.,"SIGNAL GROUP CONSULTING, LLC"
AVGO,"CA, Inc.",167619,CALCULEX INC,PAW AND ASSOCIATES
AVGO,"CA, Inc.",167984,"CARGILL, INC.","CORNERSTONE GOVERNMENT AFFAIRS, INC."
AVGO,"CA, Inc.",168065,"AMERICAN CANCER SOCIETY CANCER ACTION NETWORK, INC.","CORNERSTONE GOVERNMENT AFFAIRS, INC."
AVGO,"CA, Inc.",168132,"ECOVEST CAPITAL, INC.","CORNERSTONE GOVERNMENT AFFAIRS, INC."
AVGO,"CA, Inc.",168201,"IOWNIT CAPITAL AND MARKETS, INC.","CORNERSTONE GOVERNMENT AFFAIRS, INC."
AVGO,"CA, Inc.",168339,COMPREHENSIVE CARE INC,J M BURKMAN & ASSOCIATES
AVGO,"CA, Inc.",168462,CASELLA WATER SYSTEMS INC.,J M BURKMAN & ASSOCIATES
AVGO,"CA, Inc.",168667,"BERKSHIRE CAPITAL MANAGEMENT CO., INC.",J M BURKMAN & ASSOCIATES
AVGO,"CA, Inc.",168985,CAPPELLI ENTERPRISES INC,PATRICIA LYNCH ASSOCIATES
AVGO,"CA, Inc.",169058,ANTHEM INC INCLUDING ITS SUBSIDIARY CAREMORE HEALTH,"NVG, LLC"
AVGO,"CA, Inc.",169437,"GRAND CANYON EDUCATION, INC.",DLA PIPER LLP (US)
AVGO,"CA, Inc.",169471,"CAN CAPITAL, INC.",DLA PIPER LLP (US)
AVGO,"CA, Inc.",169800,"CULTURAL CARE, INC.","CGCN GROUP, LLC"
AVGO,"CA, Inc.",169978,CARING HEALTH CENTER INC,MR. DEAN MARTILLI
AVGO,"CA, Inc.",170107,"MEDICAL CARD SYSTEM, INC.","OLDAKER & WILLISON, LLP"
AVGO,"CA, Inc.",170516,"CAPITOL COUNSEL LLC ON BEHALF OF PLANNED PARENTHOOD FEDERATION OF AMERICA, INC.",STRATEGIES 360
AVGO,"CA, Inc.",170643,CAMBRIDGE HEART INC,FOLEY HOAG LLP
AVGO,"CA, Inc.",170677,CALYPSO MEDICAL TECHNOLOGIES INC,FOLEY HOAG LLP
AVGO,"CA, Inc.",170897,"NYS ASSOCIATION OF HEALTH CARE PROVIDERS, INC.",WOH GOVERNMENT SOLUTIONS LLC
AVGO,"CA, Inc.",171457,CAPMARK FINANCIAL GROUP INC,ERIS GROUP
AVGO,"CA, Inc.",171719,GAGE LLC (CAJUN CONSTRUCTORS INC),"PUBLIC POLICY PARTNERS, LLC"
AVGO,"CA, Inc.",172093,CARNEGIE LEARNING INC,STANTON PARK GROUP
AVGO,"CA, Inc.",172143,HEALTHPOINT FAMILY CARE INC,"GRAYDON HEAD & RITCHEY, LLP"
AVGO,"CA, Inc.",172329,CARMEN GROUP INC,STRATEGIC FEDERAL AFFAIRS
AVGO,"CA, Inc.",172555,BLACKROCK FUNDS SERVICES GROUP LLC (FORMERLY BLACKROCK CAPITAL MANAGEMENT INC.),RICH FEUER ANDERSON
AVGO,"CA, Inc.",172580,ONDECK CAPITAL INC,RICH FEUER ANDERSON
AVGO,"CA, Inc.",173379,"CATF ACTION, INC.","AJW, INC."
AVGO,"CA, Inc.",173535,GOVERNMENTAL STRATEGIES INC (ON BEHALF OF CANBERRA),CCMSC CORPORATION
AVGO,"CA, Inc.",173546,CATALIS INC,"IMPACT TEXAS COMMUNICATIONS, LLP (D/B/A IMPACT US)"
AVGO,"CA, Inc.",173608,CAREMARK RX INC,CAREMARK RX INC
AVGO,"CA, Inc.",173866,AMERICAN CAPITAL HOLDINGS INC,UPSTREAM CONSULTING
AVGO,"CA, Inc.",173883,"CASH AMERICA INTERNATIONAL, INC.",UPSTREAM CONSULTING
AVGO,"CA, Inc.",173893,"AMERICAN CANCER SOCIETY CANCER ACTION NETWORK, INC.",UPSTREAM CONSULTING
AVGO,"CA, Inc.",174059,RUTGERS CAMDEN BUSINESS INCUBATOR,BLANK ROME LLP
AVGO,"CA, Inc.",174604,TOP CAT MARINE SECURITY INC,AMERICAN BUSINESS DEVELOPMENT GROUP
AVGO,"CA, Inc.",174718,PDFRAZER CONSULTING INC CANADIAN INTERNATIONAL PHARMACY ASSOCIATION,"CYBER SECURITY RESEARCH CONSULTANTS, LLC"
AVGO,"CA, Inc.",174740,CARD & ASSOCIATES ON BEHALF OF LEXIS NEXIS SPECIAL SERVICES INC,"CYBER SECURITY RESEARCH CONSULTANTS, LLC"
AVGO,"CA, Inc.",174961,24/7 NURSING CARE INC,"BECKER & POLIAKOFF, P.A."
AVGO,"CA, Inc.",174990,CAMPS MOGEN AVRAHAM HELLER STERNBERG INC,"PAUL MARCONE & ASSOCIATES, LLC"
AVGO,"CA, Inc.",175067,CAPITOL SUPPLY INC,THE MADISON GROUP
AVGO,"CA, Inc.",175232,HEALTH CARE DATA INSIGHTS INC,CAUTHEN FORBES & WILLIAMS
AVGO,"CA, Inc.",175343,UPTOWN FOOD & CATERING INC,"CARDENAS PARTNERS, LLC"
AVGO,"CA, Inc.",175358,CASALS & ASSOCIATES INC,"CARDENAS PARTNERS, LLC"
AVGO,"CA, Inc.",175389,TAILLARD CAPITAL INC,"CARDENAS PARTNERS, LLC"
AVGO,"CA, Inc.",176135,"KAWASAKI RAIL CAR, INC.",TONIO BURGOS & ASSOCIATES OF NEW JERSEY LLC
AVGO,"CA, Inc.",176327,"NATIONAL TANK TRUCK CARRIERS, INC.",NELSON MULLINS RILEY & SCARBOROUGH
AVGO,"CA, Inc.",176357,"ECOVEST CAPITAL, INC.",NELSON MULLINS RILEY & SCARBOROUGH
AVGO,"CA, Inc.",176461,"CARIS LIFE SCIENCES, INC.",THE MCMANUS GROUP
AVGO,"CA, Inc.",176662,STATION CASINOS INC,AKERMAN LLP
AVGO,"CA, Inc.",176670,JUST CARE INC,AKERMAN LLP
AVGO,"CA, Inc.",176995,CARABETTA ENTERPRISES INC,BROWN RUDNICK LLP
AVGO,"CA, Inc.",177062,NATIVE ANGELS HOME CARE AGENCY INC,"PARKER, POE, ADAMS & BERNSTEIN LLP"
AVGO,"CA, Inc.",177221,AMERICAN CANCER SOCIETY CANCER ACTION NETWORK INC,"AMERICAN CANCER SOCIETY CANCER ACTION NETWORK, INC."
AVGO,"CA, Inc.",177819,CAPITAL TECHNOLOGIES INC.,MELLON STRATEGIC CONSULTING
AVGO,"CA, Inc.",177922,CASH AMERICA INTERNATIONAL INC,"CAPCITY ADVOCATES, LLC"
AVGO,"CA, Inc.",178547,"CASE NEW HOLLAND, INC. AND ITS AFFILIATES","THE NICKLES GROUP, LLC"
AVGO,"CA, Inc.",178708,"CAPITOL OUTDOOR, INC.","JB ADVOCACY, LLC"
AVGO,"CA, Inc.",178819,CAPTIAL FUNDING GROUP INC,"TIBER CREEK ASSOCIATES OF CAPITOL HILL, INC."
AVGO,"CA, Inc.",178832,"CAMPAIGN LEGAL CENTER, INC.","CAMPAIGN LEGAL CENTER, INC."
AVGO,"CA, Inc.",178954,CATERPILLAR INC,THE WASHINGTON TAX & PUBLIC POLICY GROUP
AVGO,"CA, Inc.",178988,NEXTERA ENERGY CAPITAL HOLDINGS INC. (FORMERLY NEXTERA ENERGY INC.),THE WASHINGTON TAX & PUBLIC POLICY GROUP
AVGO,"CA, Inc.",179200,CARMAX INC,"CONSTANTINE CANNON, LLP"
AVGO,"CA, Inc.",179207,CARDSYSTEMS SOLUTIONS INC,"CONSTANTINE CANNON, LLP"
AVGO,"CA, Inc.",179214,BROOKSIDE CAPITAL PARTNERS/HILLSIDE CAPITAL INCORPORATED,"CONSTANTINE CANNON, LLP"
AVGO,"CA, Inc.",179239,CLARION MORTGAGE CAPITOL INC,HAMILTON CONSULTING
AVGO,"CA, Inc.",179344,CARRYON COMMUNICATION INC,"CARRYON COMMUNICATION, INC."
AVGO,"CA, Inc.",179363,CAPMARK FINANCE INC,"MINDSET ADVOCACY, LLC"
AVGO,"CA, Inc.",179372,"BEACON CAPITAL STRATEGIES, INC","MINDSET ADVOCACY, LLC"
AVGO,"CA, Inc.",179403,ARCH CAPITAL GROUP (U.S.) INC.,"MINDSET ADVOCACY, LLC"
AVGO,"CA, Inc.",179677,"HOULIHAN LOKEY CAPITAL, INC",BOSE PUBLIC AFFAIRS GROUP
AVGO,"CA, Inc.",179743,"H. LEE MOFFITT CANCER CENTER AND RESEARCH INSTITUTE HOSPITAL, INC.","RASKY PARTNERS, INC."
AVGO,"CA, Inc.",179768,"CAPITAL ONE SERVICES, INC.","LECLAIRRYAN, PC"
AVGO,"CA, Inc.",180084,ELECTRICITIES OF NORTH CAROLINA INC,ELECTRICITIES OF NORTH CAROLINA INC
AVGO,"CA, Inc.",180089,CAPITAL PARTNERSHIPS (VA) INC,"THE ROSE COMPANY, LLC"
AVGO,"CA, Inc.",180274,CORNERSTONE CARE INC,CAPITAL LINK
AVGO,"CA, Inc.",180377,"CASH AMERICA INTERNATIONAL, INC","THE COLWELL GROUP, LLC"
AVGO,"CA, Inc.",180710,THE MCMANUS GROUP ON BEHALF OF CARIS LIFE SCIENCES AND BREATHE TECHNOLOGIES INC.,WALTER CONSULTING
AVGO,"CA, Inc.",180756,"CAREDX, INC.",LEVICK STRATEGIC COMMUNICATIONS
AVGO,"CA, Inc.",180890,CVS CAREMARK INC,CVS HEALTH (AND SUBSIDIARIES)
AVGO,"CA, Inc.",181061,"CARGO GLOBAL HOLDINGS, INC","JENKINS HILL CONSULTING, LLC"
AVGO,"CA, Inc.",181108,RJI CAPITAL INC,SUMMIT VENTURES INTERNATIONAL LLC
AVGO,"CA, Inc.",181337,CASPIAN ALLIANCE INC,CASPIAN ALLIANCE INC
AVGO,"CA, Inc.",181383,"CAREONE SERVICES, INC.","PORTERFIELD, FETTIG & SEARS, LLC"
AVGO,"CA, Inc.",181731,"THE CORMAC GROUP, ON BEHALF OF CARDTRONICS USA, INC.",AMERICAN CAPITOL GROUP
AVGO,"CA, Inc.",181962,"CAMP, DRESSER & MCKEE INC.",CONLON PUBLIC STRATEGIES
AVGO,"CA, Inc.",182072,"THE LAND CAPITAL GROUP, INC.","THE NORMANDY GROUP, LLC"
AVGO,"CA, Inc.",182099,"DICKINSON OF SAN ANTONIO, INC., D.B.A. CAREER POINT COLLEGE","THE NORMANDY GROUP, LLC"
AVGO,"CA, Inc.",182215,"CAREPAYMENT TECHNOLIGIES, INC.",MILLER & WENHOLD CAPITOL STRATEGIES
AVGO,"CA, Inc.",182221,CAPITAL PARTNERSHIPS (VA) INC ON BEHALF OF TACTICAL MEDICAL SOLUTIONS INC,MILLER & WENHOLD CAPITOL STRATEGIES
AVGO,"CA, Inc.",182496,"CASH AMERICA INTERNATIONAL, INC.","CASH AMERICA INTERNATIONAL, INC."
AVGO,"CA, Inc.",182734,"PEPPERMILL CASINOS, INC.","FEDERAL ADVOCATES, INC."
AVGO,"CA, Inc.",182893,"CA, INC.",MONUMENT ADVOCACY
AVGO,"CA, Inc.",182946,INCIDENT CATERING SERVICES D/B/A ELLIPSE GLOBAL (FORMERLY ELLIPSE GROUP),MONUMENT ADVOCACY
AVGO,"CA, Inc.",183079,"WHITE CASTLE SYSTEM, INC.",LNE GROUP
AVGO,"CA, Inc.",183174,MR ARTHUR E CAMERON (ON BEHALF OF FLEX-O-LITE INC ),"FEDERAL HILL GROUP, LLC"
AVGO,"CA, Inc.",183634,AMERICAN CANCER SOCIETY SOUTH ATLANTIC DIVISION INC,"AMERICAN CANCER SOCIETY, SOUTH ATLANTIC DIVISION, INC."
AVGO,"CA, Inc.",183735,"CARFAX, INC.","CARFAX, INC."
AVGO,"CA, Inc.",183858,BOYCOM CABLEVISION INC,"TURNER POLLARD STRATEGIES, LLC"
AVGO,"CA, Inc.",183887,"RES-CARE, INC",ABELL & PRYOR
AVGO,"CA, Inc.",183938,"PECK MADIGAN JONES (ON BEHALF OF CA TECHNOLOGIES, INC.)","BAY BRIDGE STRATEGIES, INC."
AVGO,"CA, Inc.",183995,AMERICAN CANCER SOCIETY CALIFORNIA DIVISION INC,"AMERICAN CANCER SOCIETY, CALIFORNIA DIVISION, INC."
AVGO,"CA, Inc.",184063,TIME WARNER CABLE INC.,"PARVEN POMPER STRATEGIES, INC."
AVGO,"CA, Inc.",184162,"CARFAX, INC.","AVOQ, LLC"
AVGO,"CA, Inc.",184197,SCIONHEALTH FKA KINDRED HEALTH CARE OPERATING INC.,"AVOQ, LLC"
AVGO,"CA, Inc.",184209,"THE CAPITAL GROUP COMPANIES, INC. AND ITS AFFILIATES","AVOQ, LLC"
AVGO,"CA, Inc.",184269,NATIONAL AIR CARGO INC,J.A. GREEN AND COMPANY (FORMERLY LLC)
AVGO,"CA, Inc.",184365,CARDINAL HEALTH INC,CAPITOL COUNSEL LLC
AVGO,"CA, Inc.",184495,TIME WARNER CABLE INC,CAPITOL COUNSEL LLC
AVGO,"CA, Inc.",184520,SOUTH CAROLINA PUBLIC SERVICE AUTHORITY INC. (SANTEE COOPER),CAPITOL COUNSEL LLC
AVGO,"CA, Inc.",184703,"GENESIS HEALTH CARE, INC.",THE DLM GROUP
AVGO,"CA, Inc.",184840,"CONCORDE CAREER COLLEGES, INC.",INVARIANT LLC
AVGO,"CA, Inc.",184881,"CAPE PRODUCTIONS, INC.",INVARIANT LLC
AVGO,"CA, Inc.",184951,"ESHARES, INC. DBA CARTA, INC.",INVARIANT LLC
AVGO,"CA, Inc.",185065,"ACCREDITATION ASSOCIATION FOR AMBULATORY HEALTH CARE, INC. (AAAHC)",GORDON THOMAS HONEYWELL GOVERNMENTAL AFFAIRS
AVGO,"CA, Inc.",185069,AMERICAN CANCER SOCIETY GREAT WEST DIVISION INC,"AMERICAN CANCER SOCIETY, GREAT WEST DIVISION, INC."
AVGO,"CA, Inc.",185275,CARDINAL HEALTH INC.,POLSINELLI PC
AVGO,"CA, Inc.",185420,"CALL9, INC.",HORIZON GOVERNMENT AFFAIRS
AVGO,"CA, Inc.",185753,CAVITATION TECHNOLOGIES INC,"POTOMAC STRATEGIC DEVELOPMENT COMPANY, LLC"
AVGO,"CA, Inc.",185854,CANTU SERVICES INC,"LINCHPIN STRATEGIES, LLC"
AVGO,"CA, Inc.",186103,"CASCADE DESIGNS, INC.",SORINI STRATEGIC ADVISORS
AVGO,"CA, Inc.",186141,"CARTER'S, INC.",SORINI STRATEGIC ADVISORS
AVGO,"CA, Inc.",186182,CAVEL INTERNATIONAL INC,"SQUIRE SANDERS PUBLIC ADVOCACY, LLC"
AVGO,"CA, Inc.",186318,L A TAXI COOPERATIVE INC D B A L A YELLOW CAB CO,MARRON & ASSOCIATES
AVGO,"CA, Inc.",186348,AMERICAN CANCER SOCIETY HIGH PLAINS DIVISION INC,"AMERICAN CANCER SOCIETY, HIGH PLAINS DIVISION, INC."
AVGO,"CA, Inc.",186429,FIRST CALL HOLDINGS INC,KNA SERVICES INC
AVGO,"CA, Inc.",187328,"CAL DIVE INTERNATIONAL, INC.","SABISTON CONSULTANTS, LLC"
AVGO,"CA, Inc.",187340,R.T. CASEY INCORPORATED,"SABISTON CONSULTANTS, LLC"
AVGO,"CA, Inc.",187346,"CAPITAL TECHNOLOGY GROUP, INC.","SABISTON CONSULTANTS, LLC"
AVGO,"CA, Inc.",187363,"PILOT CATASTROPHE SERVICES, INC.","SABISTON CONSULTANTS, LLC"
AVGO,"CA, Inc.",187449,"CARE CONCEPTS LA, INC.","CANSLER CONSULTING, LLC"
AVGO,"CA, Inc.",187555,CALIFORNIA MEDICAL ASSOCIATION INC,CALIFORNIA MEDICAL ASSOCIATION INC.
AVGO,"CA, Inc.",187600,"CARE ACTION NOW, INC.","CARE ACTION NOW, INC."
AVGO,"CA, Inc.",187743,CANYON SNOW CONSULTING ON BEHALF OF SYNOPSYS INC.,"FRANKLIN SQUARE GROUP, LLC"
AVGO,"CA, Inc.",188199,"DLA PIPER LLP (US) (FOR GRAND CANYON EDUCATION, INC.)","TCK INTERNATIONAL, LLC"
AVGO,"CA, Inc.",188270,"ASSOCIATION OF BLACK CARDIOLOGISTS, INC.","THE KORRIS GROUP, INC."
AVGO,"CA, Inc.",188272,"CAMBRIDGE HEART, INC.","THE KORRIS GROUP, INC."
AVGO,"CA, Inc.",188502,"CHRISTIAN CARE MINISTRY, INC.",GRASSROOTS POLITICAL CONSULTING LLC
AVGO,"CA, Inc.",188511,CAMPAIGN FOR A NEW GI BILL INC,"THE CAMPAIGN FOR A NEW GI BILL, INC."
AVGO,"CA, Inc.",188607,"CASSIDY & ASSOCIATES, INC.","MARY E. SHIELDS GOVERNMENT RELATIONS, LLC"
AVGO,"CA, Inc.",188626,"CASSIDY & ASSOCIATES, INC. (FORMERLY KNOWN AS CASSIDY & ASSOCIATES)","GEORGE B. PATRICK, III"
AVGO,"CA, Inc.",188703,"CALYPSO MEDICAL TECHNOLOGIES, INC.","LIBERTY PARTNERS GROUP, LLC"
AVGO,"CA, Inc.",188713,"AFFORDABLE CARE, INC.","LIBERTY PARTNERS GROUP, LLC"
AVGO,"CA, Inc.",188729,"ABBOTT (CVC) (FKA CARDIOVASCULAR SYSTEMS, INC, CARDIOVASCULAR COALITION)","LIBERTY PARTNERS GROUP, LLC"
AVGO,"CA, Inc.",188733,"SURGICAL CARE AFFILIATES, INC.","LIBERTY PARTNERS GROUP, LLC"
AVGO,"CA, Inc.",188740,"AVINGER, INC. (CARDIOVASCULAR COALITION)","LIBERTY PARTNERS GROUP, LLC"
AVGO,"CA, Inc.",188749,"BAYADA HEARTS FOR HOME CARE, INC. (FKA BAYADA HOME HEALTH CARE)","LIBERTY PARTNERS GROUP, LLC"
AVGO,"CA, Inc.",188753,"JANSSEN PHARMACEUTICALS, INC. (CARDIOVASCULAR COALILTION)","LIBERTY PARTNERS GROUP, LLC"
AVGO,"CA, Inc.",188755,"MICROPORT ORTHOPEDICS, INC. (CASPA COALITION)","LIBERTY PARTNERS GROUP, LLC"
AVGO,"CA, Inc.",188769,"INTACT VASCULAR, INC. (CARDIOVASCULAR COALITION)","LIBERTY PARTNERS GROUP, LLC"
AVGO,"CA, Inc.",188817,NORTH CAROLINA COTTON PRODUCERS ASSOCIATION INC,"NORTH CAROLINA COTTON PRODUCERS ASSOCIATION, INC."
AVGO,"CA, Inc.",189141,TIME WARNER CABLE INC.,EDWARDS WILDMAN PALMER LLP
AVGO,"CA, Inc.",189298,"CAREPATH, INC.",JEAN BERUBE
AVGO,"CA, Inc.",189628,"CADIZ, INC.","CAPEDC ADVISORS, LLC"
AVGO,"CA, Inc.",189752,"ASTAR AIR CARGO, INC.",SCOTT SPEAR & CO.
AVGO,"CA, Inc.",189869,"TRUSTON TECHNOLOGIES, INC. (ON BEHALF OF CAPITOLINE CONSULTING, LLC)","DEFENSE STRATEGIC ADVANTAGE, LLC"
AVGO,"CA, Inc.",190116,(GOVBIZ ADVANTAGE INC ) CATALYST HEALTH SOLUTIONS (CATAMARAN RX),"BELL & LINDSAY, INC."
AVGO,"CA, Inc.",190237,"ADVANCE AMERICA CASH ADVANCE CENTERS, INC.",COLLETTI & ASSOCIATES
AVGO,"CA, Inc.",190259,"HALLMARK CARDS, INC.","ENGAGE, LLC"
AVGO,"CA, Inc.",190261,"ADVANCE AMERICA CASH ADVANCE CENTERS, INC.","ADVANCE AMERICA CASH ADVANCE CENTERS, INC."
AVGO,"CA, Inc.",190470,"CAR CHARGING GROUP, INC.",RUSS KLENET & ASSOCIATES
AVGO,"CA, Inc.",190481,TIME WARNER CABLE INC.,TIME WARNER CABLE INC.
AVGO,"CA, Inc.",190873,"WOMEN IN CABLE TELECOMMUNICATIONS, INC.","WOMEN IN CABLE TELECOMMUNICATIONS, INC."
AVGO,"CA, Inc.",190998,"CARE CONCEPTS LOUISIANA, INC.","FERGUSON STRATEGIES, LLC"
AVGO,"CA, Inc.",191026,"CARGO SCREENING SERVICES, INC. C/O CARGO VENTURES",FIRECREEK LTD.
AVGO,"CA, Inc.",191176,"COMMUNITY CATALYST, INC","COMMUNITY CATALYST, INC."
AVGO,"CA, Inc.",191192,"CAPE COD COMMERCIAL FISHERMENS ALLIANCE, INC.",PIKE ASSOCIATES LLC
AVGO,"CA, Inc.",191303,"CARDONE RECORD SERVICES, INC.",COZEN O'CONNOR PUBLIC STRATEGIES
AVGO,"CA, Inc.",191557,"STATION CASINOS, INC.","SB STRATEGIC CONSULTING, INC."
AVGO,"CA, Inc.",191559,"PIONEER CROSSING CASINOS, INC","SB STRATEGIC CONSULTING, INC."
AVGO,"CA, Inc.",191927,HENRY INCORPORATED 5900 HOLLIS SUITE W EMERYVILLE CA 94608,CHARLES SIMON
AVGO,"CA, Inc.",192582,"CANOPY HEALTH INSURANCE, INC.",THORN RUN PARTNERS
AVGO,"CA, Inc.",192596,"CAMBIA HEALTH SOLUTIONS, INC.",THORN RUN PARTNERS
AVGO,"CA, Inc.",192881,"NORTH CAROLINA ACADEMY OF FAMILY PHYSICIANS, INC.",POYNER SPRUILL LLP
AVGO,"CA, Inc.",193068,CASE MANAGEMENT INC,"CASE MANAGEMENT, INC"
AVGO,"CA, Inc.",193428,"QUARLES & BRADY, LLP ON BEHALF OF CARDINAL HEALTH, INC.","RADIUS ADVOCACY, LLC"
AVGO,"CA, Inc.",193444,"CARDINAL HEALTH, INC.","RADIUS ADVOCACY, LLC"
AVGO,"CA, Inc.",193634,"EDF RESOURCE CAPITAL, INC.","JOHN T. DOOLITTLE, LLC"
AVGO,"CA, Inc.",193938,"CARMEUSE LIME & STONE, INC.","CORS & BASSETT, LLC"
AVGO,"CA, Inc.",194224,"CAPITOL INSIGHT, LLC (ASSOCIATION OF UNITED STATES POSTAL LESSORS, INC.)","THREE BRIDGES ADVISORS, INC."
AVGO,"CA, Inc.",194331,"CANCER TREATMENT CENTERS OF AMERICA GLOBAL, INC.","FROGUECLARK, LLC"
AVGO,"CA, Inc.",194494,"ILLINOIS MEDI-CAR, INC.","THE PICARD GROUP, LLC"
AVGO,"CA, Inc.",194622,"CARE ACTION NOW, INC",KYLE HOUSE GROUP
AVGO,"CA, Inc.",194663,"JACKSON VAUGHN PUBLIC STRATEGIES (ON BEHALF OF CASH AMERICA INTERNATIONAL, INC.)","THE MAJORITY GROUP, LLC"
AVGO,"CA, Inc.",194696,ENZINC INC FORMERLY CARV3 INC,"THE COLLECTIVE, LLC."
AVGO,"CA, Inc.",194700,"RM2 CONSULTANTS, INC. (FORMER CAPITOL RESOURCES WASHINGTON REPRESENTATION, LLC)",THOMAS MOORE
AVGO,"CA, Inc.",194759,CARIS SCIENCE INC,"CARIS SCIENCE, INC."
AVGO,"CA, Inc.",195035,CARL ZEISS INC.,"ROBERTI GLOBAL (FKA ROBERTI WHITE, LLC)"
AVGO,"CA, Inc.",195382,"COMMUNITY CATALYST ACTION FUND, INC.","COMMUNITY CATALYST ACTION FUND, INC."
AVGO,"CA, Inc.",195560,"CASH AMERICA INTERNATIONAL, INC.","TKB GLOBAL STRATEGIES, LLC"
AVGO,"CA, Inc.",195839,"SAHARA HOME HEALTH CARE, INC.",FRINZI & ASSOCIATES
AVGO,"CA, Inc.",196021,"CAPITOL DECISIONS, INC. (DUCKS UNLIMITED, INC.)","TERRITORY & COMMONWEALTH, LLC"
AVGO,"CA, Inc.",196448,CATSKILL MOUNTAINKEEPER INC,CATSKILL MOUNTAINKEEPER INC
AVGO,"CA, Inc.",196509,"CAUTHEN FORBES & WILLIAMS ON BEHALF OF AMGEN, INC.",FORBES-TATE
AVGO,"CA, Inc.",196511,"CAUTHEN FORBES & WILLIAMS ON BEHALF OF ALLERGAN USA, INC.",FORBES-TATE
AVGO,"CA, Inc.",196530,"CAUTHEN FORBES & WILLIAMS ON BEHALF OF UNITEDHEALTH GROUP, INC.",FORBES-TATE
AVGO,"CA, Inc.",196531,"CAPITOL SOLUTIONS ON BEHALF OF BIPARTISAN POLICY CENTER ADVOCACY NETWORK, INC.",FORBES-TATE
AVGO,"CA, Inc.",196543,"ANNALY CAPITAL MANAGEMENT, INC.",FORBES-TATE
AVGO,"CA, Inc.",196869,"BATES CAPITOL GROUP, INC. (ON BEHALF OF LG&E AND KU ENERGY LLC)","REPUBLIC CONSULTING, LLC"
AVGO,"CA, Inc.",196870,"BATES CAPITOL GROUP, INC. (ON BEHALF OF U.S. CHAMBER OF COMMERCE-ILR)","REPUBLIC CONSULTING, LLC"
AVGO,"CA, Inc.",197202,"HALLMARK CARDS, INC.","MORRISSEY STRATEGIC PARTNERS, LLC"
AVGO,"CA, Inc.",197210,"HALLMARK CARDS, INC","HALLMARK CARDS, INC"
AVGO,"CA, Inc.",197230,"CAPITOL STRATEGIES, LLC (ON BEHALF OF SOCKWISE, INC)","JTK CONSULTING, LLC"
AVGO,"CA, Inc.",197285,"P.D. FRAZER CONSULTING, INC., CANADIAN INTERNATIONAL PHARMACY ASSOCIATION","WEXFORD STRATEGIC ADVISORS, INC."
AVGO,"CA, Inc.",197587,"NATIONAL TANK TRUCK CARRIERS, INC.","SBL STRATEGIES, LLC"
AVGO,"CA, Inc.",197603,"STELLA JONES CORPORATION (FORMERLY KNOWN AS MCFARLAND CASCADE HOLDINGS, INC.)","SBL STRATEGIES, LLC"
AVGO,"CA, Inc.",197675,"CAPITOLINE CONSULTING, LLC ON BEHALF OF TRUSTON TECHNOLOGIES, INC.","SMITH ADVOCACY GROUP, LLC"
AVGO,"CA, Inc.",197892,"GREEN CARBON, INC.","PLAYMAKER STRATEGIES, LLC"
AVGO,"CA, Inc.",198036,"NORTH CAROLINA RURAL ECONOMIC DEVELOPMENT CENTER, INC.","UNIFIED SOLUTIONS, LLC"
AVGO,"CA, Inc.",198113,CASSIDY & ASSOCIATES ON BEHALF OF EXPEDIA INC.,CLOAKROOM ADVISORS LLC
AVGO,"CA, Inc.",198360,THORSEN FRENCH ADVOCACY ON BEHALF OF CARDINAL HEALTH INC,MRS. ANDREA DRUMM
AVGO,"CA, Inc.",198379,"COMMUNITY CARE HEALTH NETWORK, INC., D/B/A MATRIX MEDICAL NETWORK",SB HEALTH POLICY CONSULTING LLC
AVGO,"CA, Inc.",198561,"CAREDX, INC.",TODD STRATEGY GROUP
AVGO,"CA, Inc.",198764,"DOLARIAN CAPITAL, INC.",BERTWIN LORD CONSULTING
AVGO,"CA, Inc.",198961,"CULTURAL CARE, INC.","VENTURE GOVERNMENT STRATEGIES, LLC (FKA HOBART HALLAWAY & QUAYLE VENTURES, LLC)"
AVGO,"CA, Inc.",198979,"STORED VALUE CARDS, INC.","VENTURE GOVERNMENT STRATEGIES, LLC (FKA HOBART HALLAWAY & QUAYLE VENTURES, LLC)"
AVGO,"CA, Inc.",199277,"CADIZ, INC.","GAVEL RESOURCES, LLC"
AVGO,"CA, Inc.",199301,"CARIS SCIENCE, INC.",OAK HEALTH STRATEGIES LLC
AVGO,"CA, Inc.",199319,CAPITOL COUNSEL LLC ON BEHALF OF CIT GROUP INC (NJ),"HARBINGER STRATEGIES, LLC"
AVGO,"CA, Inc.",199441,"THE CAPITAL GROUP COMPANIES, INC. AND ITS AFFILIATES","THE CAPITAL GROUP COMPANIES, INC. AND ITS AFFILIATES"
AVGO,"CA, Inc.",199458,DAVITA HEALTHCARE PARTNERS INC. ON BEHALF OF KIDNEY CARE COUNCIL,CAPVIEW ASSOCIATES LLC (DBA CAPVIEW STRATEGIES)
AVGO,"CA, Inc.",199817,"THE SUSAN G. KOMEN BREAST CANCER FOUNDATION, INC. DBA SUSAN G. KOMEN","THE SUSAN G. KOMEN BREAST CANCER FOUNDATION, INC. DBA SUSAN G. KOMEN"
AVGO,"CA, Inc.",199852,"EDINGTON, PEEL & ASSOCIATES, INC., ON BEHALF OF GENERAL CAPACITOR","FEDERAL RESEARCH STRATEGIES, LLC"
AVGO,"CA, Inc.",199888,"TECHNICAL CAREER INSTITUTES, INC.",RITZERT & LEYTON PC
AVGO,"CA, Inc.",199976,ADVOCACY GROUP ON BEHALF OF CALIFORNIA DAIRIES INC,"NEXA STRATEGIES, LLC"
AVGO,"CA, Inc.",199982,"DOTCHIN & ASSOCIATES ON BEHALF OF CALIFORNIA DAIRIES, INC.","NEXA STRATEGIES, LLC"
AVGO,"CA, Inc.",200083,"CARMEN GROUP, INC. ON BEHALF OF METROPOLITAN WATER RECLAMATION DIST. OF CHICAGO","O'CONNELL & DEMPSEY, LLC"
AVGO,"CA, Inc.",200084,"CARMEN GROUP, INC. ON BEHALF OF CALIFORNIA STATE COASTAL CONSERVANCY","O'CONNELL & DEMPSEY, LLC"
AVGO,"CA, Inc.",200085,STRATEGIC EDUCATION INC (FKA CAPELLA EDUCATION COMPANY),"COOLEY, LLP"
AVGO,"CA, Inc.",200086,"CARMEN GROUP, INC. ON BEHALF OF SAN ANTONIO RIVER AUTHORITY","O'CONNELL & DEMPSEY, LLC"
AVGO,"CA, Inc.",200091,"CARMEN GROUP, INC. ON BEHALF OF RIVERSIDE CO. FLOOD CONTROL & WATER CONSERVATION","O'CONNELL & DEMPSEY, LLC"
AVGO,"CA, Inc.",200126,"CARMEN GROUP ON BEHALF OF KALTEX FIBERS AMERICA, INC",GARY HOITSMA
AVGO,"CA, Inc.",200402,"PERSONALIZED CANCER THERAPY, INC.",FARRAGUT PARTNERS LLP
AVGO,"CA, Inc.",200459,TONY STRICKLAND CONSULTING INC FOR CITY OF HESPERIA CA,"MLT CONSULTING, LLC"
AVGO,"CA, Inc.",200584,PGA RENTAL CAR GROUP INCORPORATED,PHOENIX GLOBAL ORGANIZATION INCORPORATED
AVGO,"CA, Inc.",200585,DEUTSCHE RENTAL CAR GROUP INCORPORATED,PHOENIX GLOBAL ORGANIZATION INCORPORATED
AVGO,"CA, Inc.",200590,PRESTIGE RENTAL CAR GROUP INCORPORATED,PHOENIX GLOBAL ORGANIZATION INCORPORATED
AVGO,"CA, Inc.",200593,PRESTIGE EXOTIC RENTAL CAR INC.,PHOENIX GLOBAL ORGANIZATION INCORPORATED
AVGO,"CA, Inc.",200595,PRESTIGE RENTAL CAR FLEET MANAGEMENT SERVICES INC.,PHOENIX GLOBAL ORGANIZATION INCORPORATED
AVGO,"CA, Inc.",200601,DEUTSCHE EXOTIC RENTAL CARS INC.,PHOENIX GLOBAL ORGANIZATION INCORPORATED
AVGO,"CA, Inc.",200603,SEVEN SEAS EXOTIC AND LUXURY RENTAL CARS INC.,PHOENIX GLOBAL ORGANIZATION INCORPORATED
AVGO,"CA, Inc.",200950,AMERICAN CANCER SOCIETY CANCER ACTION NETWORK INC,JENNIE AYLWARD
AVGO,"CA, Inc.",200971,"NATIONAL TANK TRUCK CARRIER, INC.","BC CONSULTING, LLC"
AVGO,"CA, Inc.",201194,"CAREGIVER SERVICES, INC",BALLARD PARTNERS
AVGO,"CA, Inc.",201628,"PD FRAZER CONSULTING, INC. ON BEHALF OF CANADA INTERNATIONAL PHARMACY ASSOC.",LINCOLN PARK GROUP L.L.C.
AVGO,"CA, Inc.",201642,"NORDION (CANADA), INC.",PAUL GRAY
AVGO,"CA, Inc.",201835,"THE GEO GROUP, INC. (FORMERLY CAPITOL COUNSEL OF BEHALF OF THE GEO GROUP, INC.)",STATE FEDERAL STRATEGIES
AVGO,"CA, Inc.",202099,CARIS SCIENCE INC,SPLITOAK STRATEGIES LLC
AVGO,"CA, Inc.",202261,"CAMBA, INC.",MS. MOLLY NIX
AVGO,"CA, Inc.",202381,"CAMBIA HEALTH SOLUTIONS, INC.",IMPACT HEALTH POLICY PARTNERS
AVGO,"CA, Inc.",202419,"CAPSTONE FINANCIAL GROUP, INC.",ROGER STONE
AVGO,"CA, Inc.",202454,CASSIDY & ASSOCIATES ON BEHALF OF EXPEDIA INC.,HB STRATEGIES
AVGO,"CA, Inc.",202678,CALMETTO MANAGEMENT GROUP (ON BEHALF OF SELF-INSURANCE INSTITUTE OF AMERICA INC),FEROX STRATEGIES
AVGO,"CA, Inc.",202938,LAKEVIEW CAPITAL HOLDINGS INC ON BEHALF OF MR JAY ALIX,"LAKEVIEW CAPITAL HOLDINGS, INC ON BEHALF OF MR. JAY ALIX"
AVGO,"CA, Inc.",203024,"CALL9, INC.","CALL9, INC."
AVGO,"CA, Inc.",203107,"STELLA-JONES CORPORATION (FORMERLY KNOWN AS MCFARLAND CASCADE HOLDINGS, INC.)","STELLA-JONES CORPORATION (FORMERLY KNOWN AS MCFARLAND CASCADE HOLDINGS, INC.)"
AVGO,"CA, Inc.",203158,"CARPI & CLAY, INC ON BEHALF OF LOS ANGELES COUNTY",O'HARE INFRASTRUCTURE STRATEGIES LLC
AVGO,"CA, Inc.",203167,"CARGILL, INC",GLOBAL BUSINESS POLICY-DC
AVGO,"CA, Inc.",203191,"CALIFORNIA DAIRIES, INC.","DOTCHIN & ASSOCIATES, LLC"
AVGO,"CA, Inc.",203336,"FRESENIUS MEDICAL CARE HOLDINGS, INC.",FULCRUM PUBLIC AFFAIRS LLC
AVGO,"CA, Inc.",203374,"ON DECK CAPITAL, INC","ON DECK CAPITAL, INC"
AVGO,"CA, Inc.",203432,"CAPITOL ADVOCACY & GOVERNMENT AFFAIRS OBO NEXUS TECHNOLOGIES, INC.",BRIAN GLACKIN & ASSOCIATES LLC
AVGO,"CA, Inc.",203506,"CATCH FINANCIAL, INC.",MICHAEL GLEESON & ASSOCIATES
AVGO,"CA, Inc.",203512,"PORSCHE CARS NORTH AMERICA, INC.","CLINE STRATEGIC CONSULTING, LLC"
AVGO,"CA, Inc.",203633,"AMERICANS FOR CARBON DIVIDENDS, INC","AMERICANS FOR CARBON DIVIDENDS, INC"
AVGO,"CA, Inc.",203828,"MOBILITY CAPITAL FINANCE, INC. DBA MOCAFI",AKIN GUMP STRAUSS HAUER & FELD
AVGO,"CA, Inc.",204005,"COLONY CAPITAL, INC","BROWNSTEIN HYATT FARBER SCHRECK, LLP"
AVGO,"CA, Inc.",204009,"CARLSON TRAVEL, INC.","BROWNSTEIN HYATT FARBER SCHRECK, LLP"
AVGO,"CA, Inc.",204216,CANADIAN SOLAR INC.,HOGAN LOVELLS CADWALADER US LLP (FKA HOGAN LOVELLS US LLP)
AVGO,"CA, Inc.",204233,"CACI INTERNATIONAL, INC.",HOLLAND & KNIGHT LLP
AVGO,"CA, Inc.",204459,"NORDION, INC. (FKA NORDION (CANADA), INC.)","VAN NESS FELDMAN, LLP"
AVGO,"CA, Inc.",204615,"ACCESS TO CAPITAL NETWORK, INC.",CAPITOL HILL CONSULTING GROUP
AVGO,"CA, Inc.",204647,"CACI INTERNATIONAL, INC.","CORNERSTONE GOVERNMENT AFFAIRS, INC."
AVGO,"CA, Inc.",204678,"ACACIA LIVING, INC. DBA INVU CARE","CGCN GROUP, LLC"
AVGO,"CA, Inc.",204987,"CARLYLE INVESTMENT MANAGEMENT, INC.",STERNHELL GROUP
AVGO,"CA, Inc.",205009,"MARK IV CAPITAL, INC","SB STRATEGIC CONSULTING, INC."
AVGO,"CA, Inc.",205090,"WILLIAM CARTER COMPANY, INC.",KYLE HOUSE GROUP
AVGO,"CA, Inc.",205123,"DO & CO NEW YORK CATERING, INC.",PENN AVENUE PARTNERS
AVGO,"CA, Inc.",205466,"CARGILL, INCORPORATED","FEDERAL STREET STRATEGIES, LLC"
AVGO,"CA, Inc.",205886,"HEALTH CATALYST, INC.",INVARIANT LLC
AVGO,"CA, Inc.",205934,"COASTAL CAMPS, INC.",KASOWITZ LLP (FKA KASOWITZ BENSON TORRES LLP)
AVGO,"CA, Inc.",205937,"PREMIER HOME HEALTH CARE SERVICES, INC.",VENN STRATEGIES
AVGO,"CA, Inc.",205957,FRIENDSHIP COMMUNITY CARE INC.,WASHINGTON ADVOCACY GROUP
AVGO,"CA, Inc.",206222,"CARGILL, INC.",ACG ADVOCACY
AVGO,"CA, Inc.",206592,R & L CARRIERS INC.,"BARNES & THORNBURG, LLP"
AVGO,"CA, Inc.",207166,"B.S.D. CAPITAL, INC. DBA LENDISTRY","MINDSET ADVOCACY, LLC"
AVGO,"CA, Inc.",207168,"HARVARD PILGRIM HEALTH CARE, INC.",ACG ADVOCACY
AVGO,"CA, Inc.",207309,"VESPER MEDICAL, INC. (CARDIOVASCULAR COALITION)","LIBERTY PARTNERS GROUP, LLC"
AVGO,"CA, Inc.",207377,"CALVIRI, INC.",AMERICAN DEFENSE INTERNATIONAL
AVGO,"CA, Inc.",207929,"MICHELMAN AND ROBINSON LLP (ON BEHALF OF CAREISMATIC, INC.)",VAN FLEET ASSOCIATES
AVGO,"CA, Inc.",208250,"HA SUSTAINABLE INFRASTRUCTURE CAPITAL, INC. (HASI)",PIONEER PUBLIC AFFAIRS
AVGO,"CA, Inc.",208368,AJW INC. ON BEHALF OF CARBON ENGINEERING LTD.,WAXMAN STRATEGIES
AVGO,"CA, Inc.",208466,"CAPTURE COLLECTIVE, INC.",BALLARD PARTNERS
AVGO,"CA, Inc.",208793,"NAVIGATORS GLOBAL LLC ON BEHALF OF MANAGED HEALTH CARE ASSOCIATES, INC.",VENABLE LLP
AVGO,"CA, Inc.",209076,"DO & CO NEW YORK CATERING, INC.",BGR GOVERNMENT AFFAIRS
AVGO,"CA, Inc.",209205,"CAMBRIDGE SEMANTICS, INC.",STRATEGIC MARKETING INNOVATIONS
AVGO,"CA, Inc.",209230,"MANAGED HEALTH CARE ASSOCIATES, INC.","NAVIGATORS GLOBAL LLC (FORMERLY DC NAVIGATORS, LLC)"
AVGO,"CA, Inc.",209252,OMELVENY MEYERS LLP OBO NDES HOLDINGS LLC AND CARECENTRIX INC.,"MERCURY PUBLIC AFFAIRS, LLC"
AVGO,"CA, Inc.",209307,"CADENCE DESIGN SYSTEMS, INC.",PRASAM
AVGO,"CA, Inc.",209461,"NATIONAL INFRASTRUCTURE CAMPAIGN, INC.",DIROMA ECK & CO. LLP
AVGO,"CA, Inc.",209630,"CARE IN ACTION, INC.","CARE IN ACTION, INC."
AVGO,"CA, Inc.",209635,CAPITOL STRATEGIES LLC (FOR NACERO INC)(FORMERLY K/A CAPITOL STRATEGIES LLC),"JTK CONSULTING, LLC"
AVGO,"CA, Inc.",209644,"IDAHO CASE MANAGEMENT, INC.","BELL & LINDSAY, INC."
AVGO,"CA, Inc.",209674,"FTI CONSULTING, INC. ON BEHALF OF CITY OF CARLSBAD, NEW MEXICO","535 GROUP, LLC"
AVGO,"CA, Inc.",209721,CALISSON INC.,KELLEY DRYE & WARREN LLP
AVGO,"CA, Inc.",210011,"CONCORDE CAREER COLLEGES, INC.",NEW CENTURY GOVERNMENT AFFAIRS (F/K/A TERRENCE C. WOLFE)
AVGO,"CA, Inc.",210049,"ESHARES, INC. D/B/A CARTA, INC.","ESHARES, INC. D/B/A CARTA, INC."
AVGO,"CA, Inc.",210167,"CAPITOL COUNSEL LLC ON BEHALF OF THE EVERGLADES TRUST, INC.",COZEN O'CONNOR PUBLIC STRATEGIES
AVGO,"CA, Inc.",210235,"ICI (INFRARED CAMERAS, INC.)","KOUNTOUPES DENHAM CARR & REID, LLC"
AVGO,"CA, Inc.",210284,FOOD FIX CAMPAIGN ACTION INC (F/K/A FOOD FIX CAMPAIGN),C.A.R. CONSULTING SERVICES
AVGO,"CA, Inc.",210522,"CORNERSTONE CARE, INC.","POWERS PYLES SUTTER & VERVILLE, P.C."
AVGO,"CA, Inc.",210527,"CALIFORNIA WASTE SOLUTIONS, INC.","CAPITOL HILL & FRIENDS, LLC"
AVGO,"CA, Inc.",210543,"NO CASINOS, INC.","THE FERGUSON GROUP, LLC"
AVGO,"CA, Inc.",210754,"CHICANOS POR LA CAUSA, INC.",OGR
AVGO,"CA, Inc.",210877,CAREVISO INC.,ALB SOLUTIONS
AVGO,"CA, Inc.",210934,"MORRISSEY STRATEGIC PARTNERS, LLC OBO HALLMARK CARDS, INC.","VENTURE GOVERNMENT STRATEGIES, LLC (FKA HOBART HALLAWAY & QUAYLE VENTURES, LLC)"
AVGO,"CA, Inc.",210941,"PACIFIC BIOSCIENCES OF CALIFORNIA, INC",AVENUE SOLUTIONS
AVGO,"CA, Inc.",210953,"PACIFIC BIOSCIENCES OF CALIFORNIA, INC.","MEHLMAN CONSULTING, INC."
AVGO,"CA, Inc.",210958,CARDONE INDUSTRIES INC.,HOGAN LOVELLS CADWALADER US LLP (FKA HOGAN LOVELLS US LLP)
AVGO,"CA, Inc.",211528,CAPITOL 6 ADVISORS ON BEHALF OF SKYDWELLER AERO INC.,"CROSSROADS STRATEGIES, LLC"
AVGO,"CA, Inc.",211588,CARBYNE INC.,"LSN PARTNERS, LLC"
AVGO,"CA, Inc.",211601,"CAPITOL COUNSEL LLC ON BEHALF OF HOLOGIC, INC.","DONNA M. FIORENTINO, LLC"
AVGO,"CA, Inc.",211602,"CAPITOL COUNSEL LLC ON BEHALF OF AMGEN, INC.","DONNA M. FIORENTINO, LLC"
AVGO,"CA, Inc.",211615,"CAE USA, INC.",THE DUBERSTEIN GROUP INC.
AVGO,"CA, Inc.",211678,"PROJECT CANARY INC, PBC",CO2EFFICIENT LLC
AVGO,"CA, Inc.",211710,"CAMBRIDGE INFORMATION GROUP, INC.",ERNST & YOUNG LLP (WASHINGTON COUNCIL ERNST & YOUNG)
AVGO,"CA, Inc.",211763,"CATF ACTION, INC.",ARNOLD & PORTER KAYE SCHOLER LLP
AVGO,"CA, Inc.",211766,"CULTURAL CARE, INC.",BLUE STAR STRATEGIES LLC
AVGO,"CA, Inc.",212091,"FOOD FIX CAMPAIGN ACTION, INC.",CAPITOL COUNSEL LLC
AVGO,"CA, Inc.",212103,"CAE USA, INC","ALPINE GROUP PARTNERS, LLC."
AVGO,"CA, Inc.",212178,"ROSALYNN CARTER INSTITUTE FOR CAREGIVERS, INC.",AVENUE SOLUTIONS
AVGO,"CA, Inc.",212261,CACI INTERNATIONAL INC.,J.A. GREEN AND COMPANY (FORMERLY LLC)
AVGO,"CA, Inc.",212294,"CAREQUEST INSTITUTE FOR ORAL HEALTH, INC.","CAREQUEST INSTITUTE FOR ORAL HEALTH, INC."
AVGO,"CA, Inc.",212344,"CASA SYSTEMS, INC.",BGR GOVERNMENT AFFAIRS
AVGO,"CA, Inc.",212435,"AMERICAN CANCER SOCIETY CANCER ACTION NETWORK, INC.","CLARK HILL, PLC"
AVGO,"CA, Inc.",212515,"CAMBRIDGE CROPS, INC. DBA MORI",ARTEMIS ESG
AVGO,"CA, Inc.",212693,"CAPITOL VENTURE LLC ON BEHALF OF OTHRAM, INC.",DUDDINGTON GLOBAL STRATEGIES LLC
AVGO,"CA, Inc.",213209,"CATHOLIC LEGAL IMMIGRATION NETWORK, INC.","MASA GROUP, LLC"
AVGO,"CA, Inc.",213431,"CANON NANOTECHNOLOGIES, INC.","GREENBERG TRAURIG, LLP"
AVGO,"CA, Inc.",213605,"HOUSE CANARY, INC.","THE MAJORITY GROUP, LLC"
AVGO,"CA, Inc.",213691,CANOO INC.,"THE NICKLES GROUP, LLC"
AVGO,"CA, Inc.",213728,"CASTLE HARLAN, INC.",CAPITOL COUNSEL LLC
AVGO,"CA, Inc.",213802,"CAPE COD COMMERCIAL FISHERMANS ALLIANCE, INC.","TAI GINSBERG & ASSOCIATES, LLC"
AVGO,Symantec,113190,SYMANTEC,CHESAPEAKE ENTERPRISES
AVGO,Symantec,148404,SYMANTEC,VAN SCOYOC ASSOCIATES
AVGO,Symantec,153345,SYMANTEC CORP,"FIERCE, ISAKOWITZ & BLALOCK"
AVGO,Symantec,167101,SYMANTEC CORPORATION,GEOFFREY P. GRAY
AVGO,Symantec,194799,SYMANTEC CORPORATION,THE LUGAR GROUP (FKA LUGAR HELLMANN GROUP)
AVGO,Symantec,196825,SYMANTEC CORPORATION,EFRUS FEDERAL ADVISORS LLC
AXP,American Express,64408,AMERICAN EXPRESS,MAYER BROWN LLP
AXP,American Express,65462,AMERICAN EXPRESS GLOBAL BUSINESS TRAVEL,BALLARD PARTNERS
AXP,American Express,71730,AMERICAN EXPRESS GLOBAL BUSINESS TRAVEL,STEPTOE LLP
AXP,American Express,100904,AMERICAN EXPRESS COMPANY,AKIN GUMP STRAUSS HAUER & FELD
AXP,American Express,103544,AMERICAN EXPRESS COMPANY,AMERICAN EXPRESS COMPANY
AXP,American Express,105018,AMERICAN EXPRESS TRAVEL RELATED SERVICES,"BAKER BOTTS, L.L.P."
AXP,American Express,124033,AMERICAN EXPRESS,HOGAN LOVELLS CADWALADER US LLP (FKA HOGAN LOVELLS US LLP)
AXP,American Express,127754,AMERICAN EXPRESS CO,ROBERT E. JULIANO ASSOCIATES
AXP,American Express,139368,AMERICAN EXPRESS CO,POWELL GOLDSTEIN LLP
AXP,American Express,149049,AMERICAN EXPRESS COMPANY,VENABLE LLP
AXP,American Express,149897,AMERICAN EXPRESS,WASHINGTON COUNSEL
AXP,American Express,150628,AMERICAN EXPRESS,"WEXLER | WALKER, A UNIT OF HILL+KNOWLTON STRATEGIES, LLC"
AXP,American Express,153235,AMERICAN EXPRESS TRAVEL RELATED SERVICES,"BORK, ROBERT H."
AXP,American Express,160289,AMERICAN EXPRESS TRAVEL RELATED SERVICES,ERNST & YOUNG LLP (WASHINGTON COUNCIL ERNST & YOUNG)
AXP,American Express,166493,AMERICAN EXPRESS,PERKINS SMITH COHEN & CROWE LLP
AXP,American Express,167527,"AMERICAN EXPRESS COMPANY, INC.",SINGER CONSULTING LLC
AXP,American Express,172578,AMERICAN EXPRESS COMPANY,RICH FEUER ANDERSON
AXP,American Express,176500,AMERICAN EXPRESS FUNDS,CAPITOL ADVANTAGE
AXP,American Express,181683,AMERICAN EXPRESS COMPANY,AMERICAN CAPITOL GROUP
AXP,American Express,181919,AMERICAN EXPRESS COMPANY,"MCKINNON GROUP, LLC"
AXP,American Express,182086,AMERICAN EXPRESS,"THE NORMANDY GROUP, LLC"
AXP,American Express,182233,AMERICAN EXPRESS,THE BAPTISTA GROUP
AXP,American Express,188440,AMERICAN EXPRESS COMPANY,VALERIE MORSE WHITE CONSULTING
AXP,American Express,188443,AMERICAN EXPRESS TRAVEL RELATED SERVICES COMPANY INC.,VALERIE MORSE WHITE CONSULTING
BA,Boeing,45775,THE BOEING COMPANY,"CROSSROADS STRATEGIES, LLC"
BA,Boeing,54759,THE BOEING COMPANY,"AVOQ, LLC"
BA,Boeing,57907,THE BOEING COMPANY,SQUIRE PATTON BOGGS
BA,Boeing,59805,THE BOEING COMPANY,THE DOERRER GROUP LLC
BA,Boeing,59926,THE DOERRER GROUP LLC (ON BEHALF OF THE BOEING COMPANY),TEAM HALLAHAN LLC
BA,Boeing,69485,THE BOEING COMPANY,THE DIONNE COMPANY
BA,Boeing,71229,THE BOEING COMPANY,"VENTURE GOVERNMENT STRATEGIES, LLC (FKA HOBART HALLAWAY & QUAYLE VENTURES, LLC)"
BA,Boeing,100477,BOEING COMPANY THE,AKIN GUMP STRAUSS HAUER & FELD
BA,Boeing,102370,BOEING DEFENSE SPACE & SECURITY (FORMERLY KESTREL ENTERPRISES INC (KEI)),ALSTON & BIRD LLP
BA,Boeing,103863,BOEING,APCO WORLDWIDE LLC
BA,Boeing,104823,BOEING COMPANY,JAMES NICHOLAS ASHMORE & ASSOCIATES
BA,Boeing,105449,BOEING COMPANY,"BAKER & MCKENZIE, LLP"
BA,Boeing,105518,BOEING COMPANY,BAKER DONELSON BEARMAN CALDWELL & BERKOWITZ
BA,Boeing,107554,BOEING CO,BERGNER BOCKORNY CASTAGNETTI HAWKINS & BRAIN
BA,Boeing,108305,THE BOEING COMPANY,BKSH & ASSOCIATES
BA,Boeing,108465,BOEING CO,BLANK ROME GOVERNMENT RELATIONS
BA,Boeing,108800,BOEING NORTH AMERICA,BOEING NORTH AMERICA
BA,Boeing,108802,BOEING COMPANY,BOEING COMPANY
BA,Boeing,108889,BOEING CORPORATION,THE RHOADS GROUP
BA,Boeing,110562,BOEING CO,BRYAN CAVE LEIGHTON PAISNER LLP
BA,Boeing,110920,BOEING CO,CAMBRIDGE INTL
BA,Boeing,111874,BOEING CO,"CASSIDY & ASSOCIATES, INC."
BA,Boeing,113365,BOEING CO,CLARK & WEINSTOCK
BA,Boeing,114012,BOEING COMPANY,"RICHARD L. COLLINS & COMPANY, INC."
BA,Boeing,114628,BOEING COMPANY,PRICEWATERHOUSECOOPERS
BA,Boeing,114710,BOEING CO,"INNOVATIVE FEDERAL STRATEGIES, LLC"
BA,Boeing,115044,BOEING COMPANY,COVINGTON & BURLING LLP
BA,Boeing,117266,BOEING CO,"DOWNEY MCGRATH GROUP, INC."
BA,Boeing,119054,BOEING CO,"EOP GROUP, INC."
BA,Boeing,120991,BOEING CORP,BRENT S. FRANZEL
BA,Boeing,121644,BOEING,"GIBSON, DUNN & CRUTCHER LLP"
BA,Boeing,122598,BOEING CO,GREENLEE ASSOC
BA,Boeing,123512,BOEING CO,"MCGOVERN & SMITH, LLC"
BA,Boeing,123596,BOEING,"HILL & KNOWLTON STRATEGIES, LLC"
BA,Boeing,126126,BOEING COMPANY,"HURT, NORTON & ASSOCIATES, INC."
BA,Boeing,127353,BOEING CO,"JOHNSTON & ASSOCIATES, LLC"
BA,Boeing,128146,BOEING COMPANY,KILPATRICK TOWNSEND & STOCKTON
BA,Boeing,128236,BOEING CORP,"KIMMITT, JOSEPH S."
BA,Boeing,128404,BOEING COMPANY,KING & SPALDING LLP
BA,Boeing,128758,BOEING CO,"KOPETSKI, MICHAEL"
BA,Boeing,130228,BOEING,THE PMA GROUP
BA,Boeing,130330,BOEING-SVS INC,THE PMA GROUP
BA,Boeing,131258,BOEING CO,MAYER BROWN LLP
BA,Boeing,131959,THE BOEING COMPANY,MCDERMOTT WILL & SCHULTE LLP
BA,Boeing,132837,BOEING CO,"MILLER & CHEVALIER, CHTD"
BA,Boeing,133020,BOEING COMPANY,DENNY MILLER ASSOCIATES
BA,Boeing,133127,AVIATION PARTNERS BOEING,DENNY MILLER ASSOCIATES
BA,Boeing,134854,BOEING CO,"THE OB-C GROUP, LLC"
BA,Boeing,134956,BOEING CO,NOSSAMAN LLP
BA,Boeing,136288,BOEING,SQUIRE PATTON BOGGS
BA,Boeing,138555,BOEING,"PODESTA GROUP, INC."
BA,Boeing,139040,BOEING COMPANY,"POLICY IMPACT COMMUNICATIONS, INC."
BA,Boeing,140101,BOEING EMPLOYEES' CREDIT UNION,"K&L GATES, LLP"
BA,Boeing,140820,BOEING INFORMATION SERVICES,RASP
BA,Boeing,141829,BOEING COMPANY,"ROBISON INTERNATIONAL, INC."
BA,Boeing,142119,BOEING COMPANY,THE ROTH GROUP
BA,Boeing,142232,BOEING CO,RYAN & ASSOC
BA,Boeing,143209,BOEING CO,PILLSBURY WINTHROP SHAW PITTMAN LLP
BA,Boeing,144859,THE BOEING COMPANY,DENTONS US LLP
BA,Boeing,145882,BOEING CO,STOATS FALKENBERG & PARTNERS
BA,Boeing,146603,THE BOEING COMPANY,"TIMMONS AND COMPANY, INC."
BA,Boeing,147799,BOEING COMPANY,VAN SCOYOC ASSOCIATES
BA,Boeing,149811,BOEING CO,WASHINGTON COUNSEL
BA,Boeing,149949,BOEING CO,THE WASHINGTON GROUP
BA,Boeing,150646,BOEING COMPANY,"WEXLER | WALKER, A UNIT OF HILL+KNOWLTON STRATEGIES, LLC"
BA,Boeing,151704,BOEING AIRCRAFT CO,WILMER CUTLER PICKERING HALE AND DORR LLP
BA,Boeing,152185,THE BOEING COMPANY,WINSTON TAYLOR LLP (FORMERLY KNOWN AS WINSTON & STRAWN LLP)
BA,Boeing,160242,BOEING COMPANY,ERNST & YOUNG LLP (WASHINGTON COUNCIL ERNST & YOUNG)
BA,Boeing,162206,THE BOEING COMPANY,WASHINGTON2 ADVOCATES
BA,Boeing,166778,BOEING COMPANY,"SIGNAL GROUP CONSULTING, LLC"
BA,Boeing,167550,BOEING COMPANY,GORDON KERR
BA,Boeing,167611,BOEING CO,PAW AND ASSOCIATES
BA,Boeing,168000,THE BOEING COMPANY,"CORNERSTONE GOVERNMENT AFFAIRS, INC."
BA,Boeing,169584,BOEING COMPANY,"MCKENNA, LONG & ALDRIDGE"
BA,Boeing,169750,BOEING COMPANY,"CGCN GROUP, LLC"
BA,Boeing,171110,BOEING COMPANY,ALVIN JACKSON
BA,Boeing,173586,THE BOEING COMPANY,P3 CONSULTING LLC
BA,Boeing,174855,BOEING AIR TRAFFIC MANAGEMENT,"DONNA MCLEAN ASSOCIATES, LLC"
BA,Boeing,175655,THE BOEING COMPANY,"MEHLMAN CONSULTING, INC."
BA,Boeing,177271,BOEING COMPANY,"MICHAEL N. MATTON AND ASSOCIATES, L.L.C."
BA,Boeing,180190,BOEING COMPANY,MR. CHRISTOPHER WILLIAMS
BA,Boeing,182570,BOEING COMPANY,"ETHERTON AND ASSOCIATES, INC."
BA,Boeing,182892,BOEING COMPANY,MONUMENT ADVOCACY
BA,Boeing,183205,BOEING,CARDINAL POINT PARTNERS
BA,Boeing,184805,BOEING COMPANY,INVARIANT LLC
BA,Boeing,185448,THE BOEING COMPANY,GEPHARDT GROUP GOVERNMENT AFFAIRS
BA,Boeing,187952,BOEING,"STAPLETON & ASSOCIATES, LLC"
BA,Boeing,189775,THE BOEING COMPANY,"LHD & ASSOCIATES, INC."
BA,Boeing,191177,THE BOEING COMPANY,THE ASHWORTH GROUP
BA,Boeing,191969,THE BOEING CO.,"THE FOXTAIL GROUP, LLC"
BA,Boeing,192330,THE BOEING COMPANY,PRIME POLICY GROUP
BA,Boeing,192976,BOEING COMPANY 1200 WILSON BLVD ROSSLYN VA 22209,ELIZABETH SCHWARTZ
BA,Boeing,194797,BOEING COMPANY,THE LUGAR GROUP (FKA LUGAR HELLMANN GROUP)
BA,Boeing,195065,THE BOEING COMPANY,"ROBERTI GLOBAL (FKA ROBERTI WHITE, LLC)"
BA,Boeing,195127,THE BOEING COMPANY,S-3 GROUP
BA,Boeing,197160,BOEING COMPANY,DOUG COOKE
BA,Boeing,197552,THE BOEING COMPANY (F.N.A. AURORA FLIGHT SCIENCES CORP.),ATLANTIC STRATEGIES GROUP LLC
BA,Boeing,197701,THE BOEING COMPANY,"THE JERRY COSTELLO GROUP, LLC"
BA,Boeing,198173,THE BOEING COMPANY,CAPITOL STRATEGIES PARTNERS LLC
BA,Boeing,198266,THE BOEING COMPANY,"THE SIMMONS & RUSSELL GROUP, LLC"
BA,Boeing,198372,THE BOEING COMPANY,NORM DICKS AND ASSOCIATES LLC
BA,Boeing,200966,THE BOEING COMPANY,"SHANK PUBLIC POLICY, LLC"
BA,Boeing,201285,THE BOEING COMPANY,BALLARD PARTNERS
BA,Boeing,201431,THE BOEING COMPANY,"LAMONT CONSULTING SERVICES, LLC"
BA,Boeing,205077,BOEING COMPANY,EMPIRE CONSULTING GROUP
BA,Boeing,208826,THE BOEING COMPANY,J.SULLIVAN ADVOCACY
BA,Boeing,208952,BOEING COMPANY,WEST FRONT STRATEGIES LLC
BABA,Alibaba,67624,ALIBABA GROUP HOLDING LIMITED,BGR GOVERNMENT AFFAIRS
BABA,Alibaba,68489,ALIBABA GROUP HOLDING LIMITED,"MO STRATEGIES, INC."
BABA,Alibaba,102537,ALIBABA GROUP HOLDING LIMITED,ALSTON & BIRD LLP
BABA,Alibaba,105283,ALIBABA GROUP HOLDING LIMITED,BAKER & HOSTETLER LLP
BABA,Alibaba,117716,"WACHTELL, LIPTON, ROSEN & KATZ (ON BEHALF OF ALIBABA GROUP)",THE DUBERSTEIN GROUP INC.
BABA,Alibaba,117724,ALIBABA GROUP HOLDING LIMITED,THE DUBERSTEIN GROUP INC.
BABA,Alibaba,122586,ALIBABA GROUP HOLDING LIMITED,"GREENBERG TRAURIG, LLP"
BABA,Alibaba,143788,ALIBABA GROUP HOLDING LIMITED,SIDLEY AUSTIN LLP
BABA,Alibaba,200358,ALIBABA GROUP HOLDING LIMITED,ALIBABA GROUP HOLDING LIMITED
BABA,Alibaba,203631,ALIBABA GROUP HOLDING LIMITED,"STORY PARTNERS, LLC"
BABA,Alibaba,206639,ALIBABA GROUP HOLDING LIMITED,"MERCURY PUBLIC AFFAIRS, LLC"
BABA,Alibaba,210425,ALIBABA GROUP HOLDING LIMITED,HOLLAND & KNIGHT LLP
BABA,Alibaba,211538,ALIBABA GROUP HOLDING LIMITED,"BROWNSTEIN HYATT FARBER SCHRECK, LLP"
BABA,Alibaba Group,67624,ALIBABA GROUP HOLDING LIMITED,BGR GOVERNMENT AFFAIRS
BABA,Alibaba Group,68489,ALIBABA GROUP HOLDING LIMITED,"MO STRATEGIES, INC."
BABA,Alibaba Group,102537,ALIBABA GROUP HOLDING LIMITED,ALSTON & BIRD LLP
BABA,Alibaba Group,105283,ALIBABA GROUP HOLDING LIMITED,BAKER & HOSTETLER LLP
BABA,Alibaba Group,117716,"WACHTELL, LIPTON, ROSEN & KATZ (ON BEHALF OF ALIBABA GROUP)",THE DUBERSTEIN GROUP INC.
BABA,Alibaba Group,117724,ALIBABA GROUP HOLDING LIMITED,THE DUBERSTEIN GROUP INC.
BABA,Alibaba Group,122586,ALIBABA GROUP HOLDING LIMITED,"GREENBERG TRAURIG, LLP"
BABA,Alibaba Group,143788,ALIBABA GROUP HOLDING LIMITED,SIDLEY AUSTIN LLP
BABA,Alibaba Group,200358,ALIBABA GROUP HOLDING LIMITED,ALIBABA GROUP HOLDING LIMITED
BABA,Alibaba Group,203631,ALIBABA GROUP HOLDING LIMITED,"STORY PARTNERS, LLC"
BABA,Alibaba Group,206639,ALIBABA GROUP HOLDING LIMITED,"MERCURY PUBLIC AFFAIRS, LLC"
BABA,Alibaba Group,210425,ALIBABA GROUP HOLDING LIMITED,HOLLAND & KNIGHT LLP
BABA,Alibaba Group,211538,ALIBABA GROUP HOLDING LIMITED,"BROWNSTEIN HYATT FARBER SCHRECK, LLP"
BAC,Bank of America,45826,BANK OF AMERICA CORPORATION,TIBER CREEK GROUP
BAC,Bank of America,51837,HUMAN MILK BANKING ASSOCIATION OF NORTH AMERICA,THE RABEN GROUP
BAC,Bank of America,65879,INDEPENDENT COMMUNITY BANKERS OF AMERICA,"K&L GATES, LLP"
BAC,Bank of America,68288,BANK OF AMERICA CORPORATION,"MERCURY PUBLIC AFFAIRS, LLC"
BAC,Bank of America,73963,CENTRAL AMERICAN BANK OF ECONOMIC INTEGRATION,VARYAG LLC
BAC,Bank of America,74814,MID-SIZE BANK COALITION OF AMERICA,MID-SIZE BANK COALITION OF AMERICA
BAC,Bank of America,100857,INDEPENDENT COMMUNITY BANKERS OF AMERICA,AKIN GUMP STRAUSS HAUER & FELD
BAC,Bank of America,102626,"AMERICAN ASSOCIATION OF BLOOD BANKS, DBA ASSOCIATION FOR THE ADVANCEMENT OF BLOO","AMERICAN ASSOCIATION OF BLOOD BANKS, DBA ASSOCIATION FOR THE ADVANCEMENT OF BLOOD & BIOTHERAPIES"
BAC,Bank of America,105189,MORTGAGE BANKERS ASSN OF AMERICA,BAKER & HOSTETLER LLP
BAC,Bank of America,106762,MID-SIZED BANK COALITION OF AMERICA,BGR GOVERNMENT AFFAIRS
BAC,Bank of America,107464,BANK OF AMERICA,"BECK, EDWARD A. III"
BAC,Bank of America,107553,BANK OF AMERICA,BERGNER BOCKORNY CASTAGNETTI HAWKINS & BRAIN
BAC,Bank of America,108153,MORTGAGE BANKERS ASSN OF AMERICA,BKSH & ASSOCIATES
BAC,Bank of America,112801,ASSOCIATION OF AMERICA'S BLOOD BANKS,"CAVAROCCHI RUSCIO DENNIS ASSOCIATES, L.L.C."
BAC,Bank of America,113664,BANK OF AMERICA CORPORATION,CLEARY GOTTLIEB STEEN & HAMILTON LLP
BAC,Bank of America,114470,BANK OF AMERICA,PRICEWATERHOUSECOOPERS
BAC,Bank of America,114956,AMERICAN ASSN OF TISSUE BANKS,COVINGTON & BURLING LLP
BAC,Bank of America,114968,BANK OF AMERICA,COVINGTON & BURLING LLP
BAC,Bank of America,115563,BANK OF AMERICA,CROWELL & MORING LLP
BAC,Bank of America,117630,MORTGAGE BANKERS ASSN OF AMERICA,DUANE MORRIS LLP
BAC,Bank of America,119226,BANK OF AMERICA NTSA,ERNST & YOUNG
BAC,Bank of America,122039,BANK OF AMERICA,"GREENBERG TRAURIG, LLP"
BAC,Bank of America,124828,CENTRAL AMERICAN BANK OF ECONOMIC INTEGRATION,HOLLAND & KNIGHT LLP
BAC,Bank of America,126221,BANK OF AMERICA,"HYJEK & FIX, INC."
BAC,Bank of America,126309,INDEPENDENT COMMUNITY BANKERS OF AMERICA,INDEPENDENT COMMUNITY BANKERS OF AMERICA
BAC,Bank of America,126676,EYE BANK ASSN OF AMERICA,JEFFERSON GROUP
BAC,Bank of America,127186,MID-SIZE BANK COALITION OF AMERICA (MBCA),TIBER CREEK GROUP
BAC,Bank of America,127667,MID-SIZE BANK COALITION OF AMERICA,"JONES WALKER, LLP"
BAC,Bank of America,128125,BANK OF AMERICA,KILPATRICK TOWNSEND & STOCKTON
BAC,Bank of America,128401,BANK OF AMERICA NA,KING & SPALDING LLP
BAC,Bank of America,131423,BANK OF AMERICA,MAYER BROWN LLP
BAC,Bank of America,133263,ASSN OF AMERICAN BLOOD BANKS,"MINTZ LEVIN COHN FERRIS GLOVSKY AND POPEO, P.C."
BAC,Bank of America,133691,BANK OF AMERICA,KATE MOSS
BAC,Bank of America,134187,BANK OF AMERICA CORPORATION,BANK OF AMERICA CORPORATION
BAC,Bank of America,134997,MORTGAGE BANKERS ASSN OF AMERICA,NOSSAMAN LLP
BAC,Bank of America,135062,BANK OF AMERICA,NOSSAMAN LLP
BAC,Bank of America,138629,"BANK OF AMERICA, NA","PODESTA GROUP, INC."
BAC,Bank of America,140649,BANK OF AMERICA,"PUBLIC STRATEGIES WASHINGTON, INC."
BAC,Bank of America,140996,BANK OF AMERICA,REED SMITH LLP
BAC,Bank of America,142127,INDEPENDENT COMM BANKERS OF AMERICA,THE ROTH GROUP
BAC,Bank of America,144589,BANK OF AMERICA CORPORATION,"THE SMITH-FREE GROUP, LLC"
BAC,Bank of America,144974,INDEPENDENT COMMUNITY BANKERS OF AMERICA,DENTONS US LLP
BAC,Bank of America,145919,MORTGAGE BANKERS ASSN OF AMERICA,BRADLEY ARANT BOULT CUMMINGS LLP
BAC,Bank of America,149408,AMERICAN ASSN OF BLOOD BANKS,VERNER LIIPFERT BERNHARD MCPHERSON & HAND
BAC,Bank of America,152064,BANK OF AMERICA,WINSTON TAYLOR LLP (FORMERLY KNOWN AS WINSTON & STRAWN LLP)
BAC,Bank of America,155269,EYE BANK ASSOCIATION OF AMERICA,"JEFFERSON GOVERNMENT RELATIONS, L.L.C."
BAC,Bank of America,155296,AMERICAN ASSOCIATION OF TISSUE BANKS,"JEFFERSON GOVERNMENT RELATIONS, L.L.C."
BAC,Bank of America,156153,MORTGAGE BANKERS ASSN OF AMERICA,CAPITOL COUNSEL GROUP
BAC,Bank of America,158227,MORTGAGE BANKERS ASSOCIATION OF AMERICA,"THE VELASQUEZ GROUP, L.L.C."
BAC,Bank of America,158410,"AMERICAN ASSOCIATION OF BLOOD BANKS, INC.","WOMBLE CARLYLE SANDRIDGE & RICE, LLP"
BAC,Bank of America,158712,BANK OF AMERICA,QGA PUBLIC AFFAIRS (FORMERLY QUINN GILLESPIE & ASSOCIATES)
BAC,Bank of America,159903,INDEPENDENT COMMUNITY BANKERS OF AMERICA,"TIMOTHY R. RUPLI & ASSOCIATES, INC."
BAC,Bank of America,162372,BANK OF AMERICA,HOLMES WEDDLE & BARCOTT
BAC,Bank of America,166379,BANK OF AMERICA,"FEDERAL POLICY GROUP, LLC"
BAC,Bank of America,172487,AMERICAN ASSOCIATION OF TISSUE BANKS,HART HEALTH STRATEGIES
BAC,Bank of America,173058,MORTGAGE BANKERS ASSOCIATION OF AMERICA,FGS GLOBAL (US) LLC (FKA FGH HOLDINGS LLC)
BAC,Bank of America,175701,MORTGAGE BANKERS ASSOCIATION (FORMERLY MORTGAGE BANKERS ASSOCIATION OF AMERICA),BUCKLEY LLP (FORMERLY BUCKLEY SANDLER LLP)
BAC,Bank of America,176734,EYE BANK ASSOCIATION OF AMERICA,AKERMAN LLP
BAC,Bank of America,178942,BANK OF AMERICA,THE WASHINGTON TAX & PUBLIC POLICY GROUP
BAC,Bank of America,179361,BANK OF AMERICA,"MINDSET ADVOCACY, LLC"
BAC,Bank of America,179805,BANK OF AMERICA,BRYAN CAVE STRATEGIES LLC
BAC,Bank of America,181590,MID-SIZE BANK COALITION OF AMERICA,"MONUMENT STRATEGIES, LLC"
BAC,Bank of America,181700,BANK OF AMERICA N A,AMERICAN CAPITOL GROUP
BAC,Bank of America,184086,INDEPENDENT COMMUNITY BANKERS OF AMERICA,SHEFFIELD BROTHERS
BAC,Bank of America,184327,INDEPENDENT COMMUNITY BANKERS OF AMERICA,HOLLIER & ASSOCIATES
BAC,Bank of America,187460,BANK OF AMERICA,QUADRIPOINT STRATEGIES LLC
BAC,Bank of America,188358,THE SMITH-FREE GROUP (ON BEHALF OF BANK OF AMERICA),"ALEXANDER J. BECKLES, L.L.C."
BAC,Bank of America,191010,MORTGAGE BANKERS ASSOCIATION OF AMERICA,"DSD CAPITOL, LLC"
BAC,Bank of America,193747,EYE BANK ASSOCIATION OF AMERICA,THOMAS BRUDERLE
BAC,Bank of America,196583,BANK OF AMERICA CORPORATION,FORBES-TATE
BAC,Bank of America,201969,ASSOCIATION OF MILITARY BANKS OF AMERICA,RENEE RAPPAPORT
BAC,Bank of America,202523,MID-SIZE BANK COALITION OF AMERICA,LAVENDER CONSULTANTS
BAC,Bank of America,202525,"JONES WALKER, LLP ON BEHALF OF MID-SIZE BANK COALITION OF AMERICA",LAVENDER CONSULTANTS
BAC,Bank of America,204307,"BANK OF AMERICA, N.A.",MCGUIREWOODS CONSULTING (A SUBSIDIARY OF MCGUIREWOODS LLP)
BAC,Bank of America,206971,ASSOCIATION OF MILITARY BANKS OF AMERICA,"THE NORMANDY GROUP, LLC"
BAC,Bank of America,211429,BANK OF AMERICA CORPORATION,EMPIRE CONSULTING GROUP
BAC,Bank of America,212282,MID-SIZED BANK COALITION OF AMERICA,"MINDSET ADVOCACY, LLC"
BAC,Bank of America,212385,MID-SIZE BANK COALITION OF AMERICA,VENABLE LLP
BCOR,Blucora,204157,"BLUCORA, INC.",THE DUBERSTEIN GROUP INC.
BE,Bloom Energy,56132,BLOOM ENERGY,"WILLIAMS AND JENSEN, PLLC"
BE,Bloom Energy,56435,BLOOM ENERGY,TIBER CREEK GROUP
BE,Bloom Energy,58910,BLOOM ENERGY,HOLLIER & ASSOCIATES
BE,Bloom Energy,60812,BLOOM ENERGY,"MCALLISTER & QUINN, LLC"
BE,Bloom Energy,61591,HOLLIER & ASSOCIATES ON BEHALF OF BLOOM ENERGY,"QUICKEL CONSULTING SERVICES, LLC"
BE,Bloom Energy,65215,BLOOM ENERGY CORPORATION,S-3 GROUP
BE,Bloom Energy,65278,BLOOM ENERGY,BALLARD PARTNERS
BE,Bloom Energy,69650,BLOOM ENERGY,ODONNELL & SON LLC
BE,Bloom Energy,101257,BLOOM ENERGY,AKIN GUMP STRAUSS HAUER & FELD
BE,Bloom Energy,114815,BLOOM ENERGY,"INNOVATIVE FEDERAL STRATEGIES, LLC"
BE,Bloom Energy,116820,BLOOM ENERGY CORPORATION,DEWEY SQUARE GROUP
BE,Bloom Energy,127236,BAY BRIDGE STRATEGIES (ON BEHALF OF BLOOM ENERGY),TIBER CREEK GROUP
BE,Bloom Energy,140275,BLOOM ENERGY CORPORATION,"K&L GATES, LLP"
BE,Bloom Energy,144981,BLOOM ENERGY CORPORATION,DENTONS US LLP
BE,Bloom Energy,168934,BLOOM ENERGY CORPORATION,"WITT O'BRIEN'S, LLC (F/K/A WITT GROUP HOLDINGS, LLC)"
BE,Bloom Energy,171570,BLOOM ENERGY,BLUEWATER STRATEGIES
BE,Bloom Energy,182933,BLOOM ENERGY,MONUMENT ADVOCACY
BE,Bloom Energy,183701,BLOOM ENERGY,"CJ LAKE, LLC"
BE,Bloom Energy,183934,BLOOM ENERGY,"BAY BRIDGE STRATEGIES, INC."
BE,Bloom Energy,187622,BLOOM ENERGY,"KADESH & ASSOCIATES, LLC"
BE,Bloom Energy,193111,BLOOM ENERGY,RIDGE POLICY GROUP
BE,Bloom Energy,195992,AKIN GUMP STRAUSS HAUER & FELD ON BEHALF OF BLOOM ENERGY,THE ROOSEVELT GROUP
BE,Bloom Energy,200895,BLOOM ENERGY,BLOOM ENERGY
BE,Bloom Energy,212290,BLOOM ENERGY,"BROWNSTEIN HYATT FARBER SCHRECK, LLP"
BIIB,Biogen,50977,BIOGEN,"CLYBURN CONSULTING, LLC"
BIIB,Biogen,67421,"BIOGEN, INC.",DLA PIPER LLP (US)
BIIB,Biogen,101276,"BIOGEN, INC.",AKIN GUMP STRAUSS HAUER & FELD
BIIB,Biogen,101992,BIOGEN IDEC,"ALPINE GROUP PARTNERS, LLC."
BIIB,Biogen,103752,BIOGEN,JEFFREY ANDERS
BIIB,Biogen,107609,BIOGEN INC,BERGNER BOCKORNY CASTAGNETTI HAWKINS & BRAIN
BIIB,Biogen,115125,BIOGEN IDEC,COVINGTON & BURLING LLP
BIIB,Biogen,118257,BIOGENIDEC,"DUTKO WORLDWIDE, LLC"
BIIB,Biogen,122040,BIOGEN,"GREENBERG TRAURIG, LLP"
BIIB,Biogen,124086,BIOGEN INC,HOGAN LOVELLS CADWALADER US LLP (FKA HOGAN LOVELLS US LLP)
BIIB,Biogen,129080,BIOGEN,LATHAM & WATKINS LLP
BIIB,Biogen,130343,BIOGEN,THE PMA GROUP
BIIB,Biogen,133260,BIOGEN,"MINTZ LEVIN COHN FERRIS GLOVSKY AND POPEO, P.C."
BIIB,Biogen,134891,BIOGEN IDEC,"THE OB-C GROUP, LLC"
BIIB,Biogen,138986,BIOGEN-IDEC,POLICY DIRECTIONS INC.
BIIB,Biogen,151552,BIOGEN IDEC,"WILLIAMS AND JENSEN, PLLC"
BIIB,Biogen,153106,BIOGEN,LEGISLATIVE STRATEGIES GROUP
BIIB,Biogen,153965,BIOGEN INC.,"JEFFREY J. KIMBELL & ASSOCIATES, INC."
BIIB,Biogen,155476,BIOGEN,BIOGEN
BIIB,Biogen,160087,BIOGEN IDEC,ERNST & YOUNG LLP (WASHINGTON COUNCIL ERNST & YOUNG)
BIIB,Biogen,162307,BIOGEN,"SAMUELS, MARC B."
BIIB,Biogen,163078,"BIOGEN IDEC, INC.","CAPITOL TAX PARTNERS, LLP"
BIIB,Biogen,164387,BIOGEN,"CAPITOL PARTNERS, INC."
BIIB,Biogen,167324,BIOGEN-IDEC,"HEALTH POLICY SOURCE, INC."
BIIB,Biogen,167818,BIOGEN,"CORNERSTONE GOVERNMENT AFFAIRS, INC."
BIIB,Biogen,169066,BIOGEN,"NVG, LLC"
BIIB,Biogen,170595,BIOGEN,FOLEY HOAG LLP
BIIB,Biogen,170638,BIOGEN IDEC INC,FOLEY HOAG LLP
BIIB,Biogen,171994,BIOGEN-IDEC,STRATEGIC HEALTH SOLUTIONS
BIIB,Biogen,174781,BIOGEN INC,"CAPITOL HILL STRATEGIES,  LLC"
BIIB,Biogen,175536,BIOGEN IDEC INC.,"MEHLMAN CONSULTING, INC."
BIIB,Biogen,177702,PLATELET BIOGENESIS,MS. ELIZABETH LAVACH
BIIB,Biogen,181284,BIOGEN IDEC,"TARPLIN, DOWNS & YOUNG, LLC"
BIIB,Biogen,184398,BIOGEN-IDEC,CAPITOL COUNSEL LLC
BIIB,Biogen,192631,BIOGEN,THORN RUN PARTNERS
BIIB,Biogen,193485,BIOGEN,"W STRATEGIES, LLC"
BIIB,Biogen,203867,"BIOGEN, INC.",ALSTON & BIRD LLP
BIIB,Biogen,204896,"BIOGEN, INC.",CAPITOL COUNSEL LLC
BIIB,Biogen,205223,"BIOGEN, INC.",TODD STRATEGY GROUP
BIIB,Biogen,205465,"BIOGEN, INC.","FEDERAL STREET STRATEGIES, LLC"
BKNG,Booking Holdings,52090,BOOKING HOLDINGS INC. (FORMERLY KNOWN AS BOOKING.COM B.V.),DGA GROUP GOVERNMENT RELATIONS LLC
BKNG,Booking Holdings,58032,BOOKING HOLDINGS INC.,HOGAN LOVELLS CADWALADER US LLP (FKA HOGAN LOVELLS US LLP)
BKNG,Booking Holdings,60909,BOOKING HOLDINGS,H&M STRATEGIES LLP
BKNG,Booking Holdings,61307,BOOKING HOLDINGS INC.,"CONVERGENCE STRATEGIES, LLC"
BKNG,Booking Holdings,65241,"BOOKING HOLDINGS, INC.","CGCN GROUP, LLC"
BKNG,Booking Holdings,65392,"BOOKING HOLDINGS, INC.",THE DUBERSTEIN GROUP INC.
BKNG,Booking Holdings,202995,BOOKING HOLDINGS INC.,BOOKING HOLDINGS INC.
BKNG,Priceline,139322,PRICELINECOM,POWELL GOLDSTEIN LLP
BKNG,Priceline,187786,BOOKING.COM B.V. (MEMBER OF PRICELINE GROUP),"FRANKLIN SQUARE GROUP, LLC"
BMY,Bristol-Myers Squibb,60290,BRISTOL-MYERS SQUIBB COMPANY,TODD STRATEGY GROUP
BMY,Bristol-Myers Squibb,68220,BRISTOL-MYERS SQUIBB,THE MCMANUS GROUP
BMY,Bristol-Myers Squibb,69032,BRISTOL-MYERS SQUIBB COMPANY,"MILLER STRATEGIES, LLC"
BMY,Bristol-Myers Squibb,71322,BRISTOL-MYERS SQUIBB COMPANY,"W STRATEGIES, LLC"
BMY,Bristol-Myers Squibb,71374,BRISTOL-MYERS SQUIBB COMPANY,AVENUE SOLUTIONS
BMY,Bristol-Myers Squibb,71418,BRISTOL-MYERS SQUIBB COMPANY,"MARSHALL & POPP, LLC"
BMY,Bristol-Myers Squibb,71465,BRISTOL-MYERS SQUIBB,CAPITOL COUNSEL LLC
BMY,Bristol-Myers Squibb,74445,BRISTOL-MYERS SQUIBB COMPANY,"ADVANCED POLICY CONSULTING, LLC"
BMY,Bristol-Myers Squibb,101979,BRISTOL-MYERS SQUIBB CO,"ALPINE GROUP PARTNERS, LLC."
BMY,Bristol-Myers Squibb,105093,BRISTOL-MYERS SQUIBB CO,BAKER & HOSTETLER LLP
BMY,Bristol-Myers Squibb,107603,BRISTOL-MYERS SQUIBB CO,BERGNER BOCKORNY CASTAGNETTI HAWKINS & BRAIN
BMY,Bristol-Myers Squibb,109642,BRISTOL-MYERS SQUIBB COMPANY,BRISTOL-MYERS SQUIBB COMPANY
BMY,Bristol-Myers Squibb,116684,BRISTOL-MYERS SQUIBB CO,DENISON SCOTT & COHEN
BMY,Bristol-Myers Squibb,120947,BRISTOL-MYERS SQUIBB CO,FOX BENNETT & TURNER
BMY,Bristol-Myers Squibb,121648,BRISTOL-MYERS SQUIBB,"GIBSON, DUNN & CRUTCHER LLP"
BMY,Bristol-Myers Squibb,121856,BRISTOL-MYERS SQUIBB COMPANY,THE GORLIN GROUP
BMY,Bristol-Myers Squibb,124074,BRISTOL-MYERS SQUIBB CO INC,HOGAN LOVELLS CADWALADER US LLP (FKA HOGAN LOVELLS US LLP)
BMY,Bristol-Myers Squibb,124681,BRISTOL-MYERS SQUIBB COMPANY,RICHARD F. HOHLT
BMY,Bristol-Myers Squibb,134350,BRISTOL-MYERS SQUIBB CO,NATIONAL ENVIRONMENTAL STRATEGIES
BMY,Bristol-Myers Squibb,136295,BRISTOL-MYERS SQUIBB COMPANY,SQUIRE PATTON BOGGS
BMY,Bristol-Myers Squibb,138525,BRISTOL-MYERS SQUIBB,"PODESTA GROUP, INC."
BMY,Bristol-Myers Squibb,140607,BRISTOL-MYERS SQUIBB,"PUBLIC STRATEGIES WASHINGTON, INC."
BMY,Bristol-Myers Squibb,140724,BRISTOL-MYERS SQUIBB CO,RAFFAELLI SPEES SPRINGER & SMITH
BMY,Bristol-Myers Squibb,142007,BRISTOL-MYERS SQUIBB CO,"ROPES & GRAY, LLP"
BMY,Bristol-Myers Squibb,142308,BRISTOL-MYERS SQUIBB COMPANY,GOLINHARRIS
BMY,Bristol-Myers Squibb,145523,BRISTOL-MYERS SQUIBB CO,STEELMAN HEALTH STRATEGIES
BMY,Bristol-Myers Squibb,146060,BRISTOL-MYERS SQUIBB CO,STROOCK & STROOCK & LAVAN
BMY,Bristol-Myers Squibb,146589,BRISTOL-MYERS SQUIBB CO,"TIMMONS AND COMPANY, INC."
BMY,Bristol-Myers Squibb,147732,BRISTOL-MYERS SQUIBB,VAN SCOYOC ASSOCIATES
BMY,Bristol-Myers Squibb,148882,BRISTOL-MYERS SQUIBB CO,VENABLE LLP
BMY,Bristol-Myers Squibb,149940,BRISTOL-MYERS SQUIBB CO,THE WASHINGTON GROUP
BMY,Bristol-Myers Squibb,151136,BRISTOL-MYERS SQUIBB COMPANY,"WILLIAMS AND JENSEN, PLLC"
BMY,Bristol-Myers Squibb,155911,BRISTOL-MYERS SQUIBB,OGR
BMY,Bristol-Myers Squibb,157590,BRISTOL-MYERS SQUIBB CO,FOXKISER
BMY,Bristol-Myers Squibb,158185,BRISTOL-MYERS SQUIBB CO,BENNETT TURNER & COLEMAN LLP
BMY,Bristol-Myers Squibb,162310,BRISTOL-MYERS SQUIBB CO,"SAMUELS, MARC B."
BMY,Bristol-Myers Squibb,162445,BRISTOL-MYERS SQUIBB,THE LOEFFLER GROUP
BMY,Bristol-Myers Squibb,169283,BRISTOL-MYERS SQUIBB COMPANY,DLA PIPER LLP (US)
BMY,Bristol-Myers Squibb,170673,BRISTOL-MYERS SQUIBB,FOLEY HOAG LLP
BMY,Bristol-Myers Squibb,178444,BRISTOL-MYERS SQUIBB CO,"WAYPOINT ADVISORS, LLC"
BMY,Bristol-Myers Squibb,178497,BRISTOL-MYERS SQUIBB COMPANY,"THE NICKLES GROUP, LLC"
BMY,Bristol-Myers Squibb,187993,BRISTOL-MYERS SQUIBB CO,POLK CONSULTING LLC
BMY,Bristol-Myers Squibb,192152,BRISTOL-MYERS SQUIBB,"CROSSROADS STRATEGIES, LLC"
BMY,Bristol-Myers Squibb,198650,BRISTOL-MYERS SQUIBB AUSTRALIA PTY LTD,CAPITALHILL ADVISORY
BMY,Bristol-Myers Squibb,202100,BRISTOL-MYERS SQUIBB,SPLITOAK STRATEGIES LLC
BRK-B,Berkshire Hathaway,60518,BERKSHIRE HATHAWAY ENERGY,VENABLE LLP
BRK-B,Berkshire Hathaway,65255,BERKSHIRE HATHAWAY ENERGY,THE WASHINGTON TAX & PUBLIC POLICY GROUP
BRK-B,Berkshire Hathaway,126063,BERKSHIRE HATHAWAY ENERGY(FORMERLY KNOWN AS MIDAMERICAN ENERGY HOLDINGS COMPANY),HUNTON ANDREWS KURTH LLP
BRK-B,Berkshire Hathaway,132782,BERKSHIRE HATHAWAY ENERGY,BERKSHIRE HATHAWAY ENERGY
BRK-B,Berkshire Hathaway,140417,BERKSHIRE HATHAWAY ENERGY,"K&L GATES, LLP"
BRK-B,Berkshire Hathaway,145750,BERKSHIRE HATHAWAY ENERGY,STEPTOE LLP
BRK-B,Berkshire Hathaway,205482,BERKSHIRE HATHAWAY ENERGY,THE VOGEL GROUP
BRK-B,Berkshire Hathaway,209078,BERKSHIRE HATHAWAY ENERGY,ARNOLD & PORTER KAYE SCHOLER LLP
BRK-B,Berkshire Hathaway,209375,BERKSHIRE HATHAWAY ENERGY,BAKER DONELSON BEARMAN CALDWELL & BERKOWITZ
C,Citigroup,65633,CITIGROUP WASHINGTON INC.,BGR GOVERNMENT AFFAIRS
C,Citigroup,67652,CITIGROUP WASHINGTON INC.,"CAPITOL TAX PARTNERS, LLP"
C,Citigroup,100582,CITIGROUP,AKIN GUMP STRAUSS HAUER & FELD
C,Citigroup,104721,CITIGROUP,ARTER & HADDEN
C,Citigroup,105142,CITIGROUP,BAKER & HOSTETLER LLP
C,Citigroup,106324,CITIGROUP,BGR GOVERNMENT AFFAIRS
C,Citigroup,107315,CITIGROUP MANAGEMENT CORP,"SIVON NATTER & WECHSLER, P.C. (FKA BARNETT SIVON & NATTER, P.C.)"
C,Citigroup,107329,"CITIGROUP WASHINGTON, INC. (CWI)","SIVON NATTER & WECHSLER, P.C. (FKA BARNETT SIVON & NATTER, P.C.)"
C,Citigroup,107333,CITIGROUP,MICHAEL BARRETT
C,Citigroup,110142,CITIGROUP MANAGEMENT CORP.,"BROWNSTEIN HYATT FARBER SCHRECK, LLP"
C,Citigroup,110912,CITIGROUP,CALLISTER NEBEKER & MCCULLOUGH
C,Citigroup,110990,CITIGROUP,THE CAMPBELL GROUP
C,Citigroup,113309,CITIGROUP INC,"CITIGROUP, INC"
C,Citigroup,113647,CITIGROUP GLOBAL MARKETS INC.,CLEARY GOTTLIEB STEEN & HAMILTON LLP
C,Citigroup,116764,CITIGROUP,DEWEY BALLANTINE LLP
C,Citigroup,116821,CITIGROUP,DEWEY SQUARE GROUP
C,Citigroup,119295,CITIGROUP,ERNST & YOUNG
C,Citigroup,120893,CITIGROUP INC,HEIDEPRIEM & MAGER INC
C,Citigroup,120995,CITIGROUP,BRENT S. FRANZEL
C,Citigroup,127650,CITIGROUP,"JONES WALKER, LLP"
C,Citigroup,127666,"CITIGROUP WASHINGTON, INC. (CWI)","JONES WALKER, LLP"
C,Citigroup,128127,CITIGROUP INC,KILPATRICK TOWNSEND & STOCKTON
C,Citigroup,128403,CITIGROUP,KING & SPALDING LLP
C,Citigroup,131299,CITIGROUP,MAYER BROWN LLP
C,Citigroup,135289,CITIGROUP,O'MELVENY & MYERS LLP
C,Citigroup,138405,CITIGROUP,"PODESTA GROUP, INC."
C,Citigroup,143859,CITIGROUP,"SILBEY, FRANKLIN R."
C,Citigroup,144047,CITIGROUP MANAGEMENT CORP,"SKADDEN, ARPS, SLATE, MEAGHER & FLOM LLP"
C,Citigroup,145385,CITIGROUP,"RICHARD L. SPEES, INC"
C,Citigroup,146492,CITIGROUP INC,RICHARD THAXTON
C,Citigroup,147894,CITIGROUP,VAN SCOYOC ASSOCIATES
C,Citigroup,149289,CITIGROUP INC,VERNER LIIPFERT BERNHARD MCPHERSON & HAND
C,Citigroup,149715,CITIGROUP,LYNDA WALKER
C,Citigroup,155701,CITIGROUP,OGR
C,Citigroup,156536,CITIGROUP,"THE LIVINGSTON GROUP, LLC"
C,Citigroup,156562,"CITIGROUP WASHINGTON, INC.","THE LIVINGSTON GROUP, LLC"
C,Citigroup,158666,CITIGROUP,QGA PUBLIC AFFAIRS (FORMERLY QUINN GILLESPIE & ASSOCIATES)
C,Citigroup,159994,CITIGROUP MANAGEMENT CORP (FORMERLY KNOWN AS CITIGROUP),ERNST & YOUNG LLP (WASHINGTON COUNCIL ERNST & YOUNG)
C,Citigroup,160307,"CITIGROUP WASHINGTON, INC.",ERNST & YOUNG LLP (WASHINGTON COUNCIL ERNST & YOUNG)
C,Citigroup,162458,CITIGROUP INC,THE LOEFFLER GROUP
C,Citigroup,162689,CITIGROUP,VENN STRATEGIES
C,Citigroup,165761,CITIGROUP,AVENUE SOLUTIONS
C,Citigroup,166969,CITIGROUP MANAGEMENT CORPORATION,"SIGNAL GROUP CONSULTING, LLC"
C,Citigroup,167108,"CITIGROUP WASHINGTON, INC.",GEOFFREY P. GRAY
C,Citigroup,167350,CITIGROUP - SMITH BARNEY,"HEALTH POLICY SOURCE, INC."
C,Citigroup,168138,CITIGROUP WASHINGTON INC,"CORNERSTONE GOVERNMENT AFFAIRS, INC."
C,Citigroup,172544,CITIGROUP MANAGEMENT CORPORATION,RICH FEUER ANDERSON
C,Citigroup,172693,CITIGROUP MANAGEMENT CORP.,"NAVIGATORS GLOBAL LLC (FORMERLY DC NAVIGATORS, LLC)"
C,Citigroup,174750,CITIGROUP MANAGEMENT CORP,"CAPITOL HILL STRATEGIES,  LLC"
C,Citigroup,174786,"CITIGROUP WASHINGTON, INC.","CAPITOL HILL STRATEGIES,  LLC"
C,Citigroup,175696,"CITIGROUP WASHINGTON, INC.","MEHLMAN CONSULTING, INC."
C,Citigroup,178938,CITIGROUP INC,THE WASHINGTON TAX & PUBLIC POLICY GROUP
C,Citigroup,179353,CITIGROUP MANAGEMENT CORP,"MINDSET ADVOCACY, LLC"
C,Citigroup,179413,CITIGROUP WASHINGTON INC,"MINDSET ADVOCACY, LLC"
C,Citigroup,182648,CITIGROUP MANAGEMENT CORPORATION,"ROBERTI ASSOCIATES GLOBAL, LLC FORMERLY KNOWN AS VAR II, LLC"
C,Citigroup,184126,CITIGROUP MANAGEMENT CORP.,"AVOQ, LLC"
C,Citigroup,184183,"CITIGROUP WASHINGTON, INC.","AVOQ, LLC"
C,Citigroup,185389,CITIGROUP MANAGEMENT CORP,ROBERTI ASSOCIATES
C,Citigroup,187900,CITIGROUP,BREAUX LOTT LEADERSHIP GROUP
C,Citigroup,188783,CITIGROUP MANAGEMENT CORP,CITIGROUP MANAGEMENT CORP.
C,Citigroup,191128,CITIGROUP MANAGEMENT CORP.,STERNHELL GROUP
C,Citigroup,191136,"CITIGROUP WASHINGTON, INC.",STERNHELL GROUP
C,Citigroup,191773,CITIGROUP MANAGEMENT CORP.,"TWINLOGIC STRATEGIES, LLP"
C,Citigroup,191780,CITIGROUP WASHINGTON INC.,"TWINLOGIC STRATEGIES, LLP"
C,Citigroup,192936,CORNERSTONE GOVERNMENT AFFAIRS OBO CITIGROUP INC.,"DININO ASSOCIATES, LLC"
C,Citigroup,193706,TWINLOGIC (ON BEHALF OF CITIGROUP MANAGEMENT CORP.),MOORE CONSULTING
C,Citigroup,195045,CITIGROUP MANAGEMENT CORP.,"ROBERTI GLOBAL (FKA ROBERTI WHITE, LLC)"
C,Citigroup,195059,CITIGROUP WASHINGTON INC.,"ROBERTI GLOBAL (FKA ROBERTI WHITE, LLC)"
C,Citigroup,196778,TWINLOGIC STRATEGIES LLP ON BEHALF OF CITIGROUP WASHINGTON INC,"WINN STRATEGIES, LLC"
C,Citigroup,196886,CITIGROUP MANAGEMENT CORP.,"REPUBLIC CONSULTING, LLC"
C,Citigroup,196892,CITIGROUP WASHINGTON INC.,"REPUBLIC CONSULTING, LLC"
C,Citigroup,199305,CITIGROUP MANAGEMENT CORP.,"HARBINGER STRATEGIES, LLC"
C,Citigroup,199334,CITIGROUP WASHINGTON INC.,"HARBINGER STRATEGIES, LLC"
C,Citigroup,200381,"CITIGROUP WASHINGTON, INC.","CITIGROUP WASHINGTON, INC."
C,Citigroup,200743,CITIGROUP MANAGEMENT CORP.,VANTAGEKNIGHT LLC
C,Citigroup,203120,"CITIGROUP WASHINGTON, INC","RESOLUTION PUBLIC AFFAIRS, LLC"
C,Citibank,64189,CITIBANK N.A.,ERNST & YOUNG LLP (WASHINGTON COUNCIL ERNST & YOUNG)
C,Citibank,107763,CITIBANK STUDENT LOAN CORP,"BIKLEN, STEPHEN C."
C,Citibank,116030,CITIBANK,DAVIDSON & COMPANY
C,Citibank,124123,CITIBANK NA,HOGAN LOVELLS CADWALADER US LLP (FKA HOGAN LOVELLS US LLP)
C,Citibank,151667,CITIBANK,WILMER CUTLER PICKERING HALE AND DORR LLP
C,Citibank,162972,"CITIBANK, N.A.","CAPITOL TAX PARTNERS, LLP"
CAT,Caterpillar,70620,CATERPILLAR INC,AUSTIN LEGAL AND PUBLIC AFFAIRS PLLC
CAT,Caterpillar,106639,"CATERPILLAR, INC.",BGR GOVERNMENT AFFAIRS
CAT,Caterpillar,112676,CATERPILLAR INC,CATERPILLAR INC.
CAT,Caterpillar,114443,CATERPILLAR,PRICEWATERHOUSECOOPERS
CAT,Caterpillar,115215,CATERPILLAR INC.,COVINGTON & BURLING LLP
CAT,Caterpillar,117723,CATERPILLAR INC,THE DUBERSTEIN GROUP INC.
CAT,Caterpillar,130235,CATERPILLAR,THE PMA GROUP
CAT,Caterpillar,141867,CATERPILLAR INC,"ROBISON INTERNATIONAL, INC."
CAT,Caterpillar,143693,CATERPILLAR,SIDLEY AUSTIN LLP
CAT,Caterpillar,149899,CATERPILLAR,WASHINGTON COUNSEL
CAT,Caterpillar,150554,CATERPILLAR INC,"WEXLER | WALKER, A UNIT OF HILL+KNOWLTON STRATEGIES, LLC"
CAT,Caterpillar,157587,CATERPILLAR INC,"CARROLL, PETER A."
CAT,Caterpillar,166375,CATERPILLAR,"FEDERAL POLICY GROUP, LLC"
CAT,Caterpillar,176098,CATERPILLAR,TRIADVOCATES LLC
CAT,Caterpillar,178954,CATERPILLAR INC,THE WASHINGTON TAX & PUBLIC POLICY GROUP
CAT,Caterpillar,187947,CATERPILLAR DEFENSE PRODUCTS,"STAPLETON & ASSOCIATES, LLC"
CAT,Caterpillar,209237,BOYD CATERPILLAR,"NORTH STAR STRATEGIES, LLC"
CB,Chubb,52777,"CHUBB INA HOLDINGS, INC.","MEHLMAN CONSULTING, INC."
CB,Chubb,52791,CHUBB INA HOLDING COMPANY INC,"CROSSROADS STRATEGIES, LLC"
CB,Chubb,70161,CHUBB INA HOLDINGS INC.,"AVOQ, LLC"
CB,Chubb,100990,CHUBB INA HOLDINGS INC,AKIN GUMP STRAUSS HAUER & FELD
CB,Chubb,104437,CHUBB CORP,ARNOLD & PORTER KAYE SCHOLER LLP
CB,Chubb,105095,CHUBB CORPORATION,BAKER & HOSTETLER LLP
CB,Chubb,110986,CHUBB CORPORATION,THE CAMPBELL GROUP
CB,Chubb,113252,CHUBB CORPORATION,THE CHUBB CORPORATION
CB,Chubb,115357,CHUBB CORPORATION,THE CRANE GROUP INC
CB,Chubb,127089,CHUBB INA HOLDINGS INC,TIBER CREEK GROUP
CB,Chubb,131412,"CHUBB INA HOLDINGS, INC. (FORMERLY ACE INA HOLDINGS, INC.)",MAYER BROWN LLP
CB,Chubb,134701,CHUBB CORPORATION,JULIA J. NORRELL
CB,Chubb,144529,CHUBB CORP,"SMITH, RICHARD D."
CB,Chubb,144629,THE CHUBB CORPORATION,"THE SMITH-FREE GROUP, LLC"
CB,Chubb,147185,CHUBB CORPORATION,VALANZANO & ASSOCIATES
CB,Chubb,148151,CHUBB CORPORATION,VAN SCOYOC ASSOCIATES
CB,Chubb,157368,CHUBB INA HOLDINGS INC.,CHUBB INA HOLDINGS INC.
CB,Chubb,158622,CHUBB CORP,QGA PUBLIC AFFAIRS (FORMERLY QUINN GILLESPIE & ASSOCIATES)
CB,Chubb,166889,THE CHUBB CORPORATION,"SIGNAL GROUP CONSULTING, LLC"
CB,Chubb,184524,THE CHUBB CORPORATION,CAPITOL COUNSEL LLC
CB,Chubb,196960,CITY OF CHUBBUCK,KELLER MCINTYRE & ASSOCIATES
CL,Colgate-Palmolive,69625,COLGATE-PALMOLIVE COMPANY,"ALPINE GROUP PARTNERS, LLC."
CL,Colgate-Palmolive,105246,COLGATE-PALMOLIVE COMPANY,BAKER & HOSTETLER LLP
CL,Colgate-Palmolive,143996,COLGATE-PALMOLIVE CO,"SKADDEN, ARPS, SLATE, MEAGHER & FLOM LLP"
CL,Colgate-Palmolive,150807,COLGATE-PALMOLIVE CO,WILLIAM F. WHITSITT
CL,Colgate-Palmolive,165541,COLGATE-PALMOLIVE CO,POLICY ADVOCATES
CMCSA,Comcast,50929,COMCAST CORPORATION,HSA STRATEGIES
CMCSA,Comcast,53825,COMCAST CORPORATION,LUMPKIN PUBLIC AFFAIRS LLC
CMCSA,Comcast,53841,COMCAST CORPORATION,"LEON CONSULTANTS, LLC"
CMCSA,Comcast,56106,COMCAST CORPORATION,AXADVOCACY GOVERNMENT RELATIONS
CMCSA,Comcast,59029,COMCAST CORPORATION,SMART POLICY GROUP LLC
CMCSA,Comcast,59152,COMCAST CORPORATION,"DB3, LLC (FKA THE DASCHLE GROUP)"
CMCSA,Comcast,59453,COMCAST CORPORATION,FIERCE GOVERNMENT RELATIONS
CMCSA,Comcast,59577,COMCAST CORPORATION,"GUIDEPOSTSTRATEGIES, LLC"
CMCSA,Comcast,59778,COMCAST CORPORATION,BALLARD PARTNERS
CMCSA,Comcast,60219,COMCAST CORPORATION,"MILLER STRATEGIES, LLC"
CMCSA,Comcast,65296,COMCAST CORPORATION,BELLWETHER GOVERNMENT AFFAIRS LLC
CMCSA,Comcast,71761,COMCAST CORPORATION,"AQUIA GROUP, LLC"
CMCSA,Comcast,71827,COMCAST CORPORATION,"THEGROUP DC, LLC"
CMCSA,Comcast,72119,"AQUIA GROUP, LLC ON BEHALF OF COMCAST CORPORATION","ALVA ELLIOTT PARTNERS, LLC"
CMCSA,Comcast,101284,COMCAST CORPORATION,AKIN GUMP STRAUSS HAUER & FELD
CMCSA,Comcast,102900,COMCAST CORPORATION,ACG ADVOCACY
CMCSA,Comcast,103313,COMCAST CABLE COMMUNICATIONS MANAGEMENT,AMERICAN DEFENSE INTERNATIONAL
CMCSA,Comcast,104234,COMCAST CORPORATION,ARENTFOX SCHIFF LLP
CMCSA,Comcast,105771,COMCAST CORPORATION,BAKER DONELSON BEARMAN CALDWELL & BERKOWITZ
CMCSA,Comcast,106291,COMCAST CORPORATION,BGR GOVERNMENT AFFAIRS
CMCSA,Comcast,108509,COMCAST CORPORATION,BLANK ROME GOVERNMENT RELATIONS
CMCSA,Comcast,109799,COMCAST CORPORATION,"BROWNSTEIN HYATT FARBER SCHRECK, LLP"
CMCSA,Comcast,110632,COMCAST CORPORATION,BRYAN CAVE LEIGHTON PAISNER LLP
CMCSA,Comcast,114100,COMCAST CORPORATION,COMCAST CORPORATION
CMCSA,Comcast,117190,COMCAST CORP,DOW LOHNES PLLC
CMCSA,Comcast,117671,COMCAST CORPORATION,THE DUBERSTEIN GROUP INC.
CMCSA,Comcast,122446,COMCAST,"GREENBERG TRAURIG, LLP"
CMCSA,Comcast,125397,COMCAST CORPORATION,HOLLAND & KNIGHT LLP
CMCSA,Comcast,125713,COMCAST CORPORATION,PALMETTO GROUP
CMCSA,Comcast,128519,COMCAST CORPORATION,KING & SPALDING LLP
CMCSA,Comcast,133248,COMCAST CORP,"MINTZ LEVIN COHN FERRIS GLOVSKY AND POPEO, P.C."
CMCSA,Comcast,135465,COMCAST CORPORATION,"RYAN MACKINNON VASAPOLI AND BERZOK, LLP"
CMCSA,Comcast,148629,COMCAST CORPORATION,VAN SCOYOC ASSOCIATES
CMCSA,Comcast,150451,COMCAST CORPORATION,"WEXLER | WALKER, A UNIT OF HILL+KNOWLTON STRATEGIES, LLC"
CMCSA,Comcast,151438,COMCAST CORPORATION,"WILLIAMS AND JENSEN, PLLC"
CMCSA,Comcast,152236,COMCAST CORP,WISE & ASSOC
CMCSA,Comcast,154440,COMCAST,CAPITOL SOLUTIONS
CMCSA,Comcast,156003,COMCAST CORPORATION,OGR
CMCSA,Comcast,158112,COMCAST CORPORATION,"CAPITOL RESOURCES, LLC"
CMCSA,Comcast,159501,COMCAST CORPORATION,BUCHANAN INGERSOLL & ROONEY PC
CMCSA,Comcast,163507,COMCAST,"C2 GROUP, LLC"
CMCSA,Comcast,167668,COMCAST CORP,SHIPP & ASSOCIATES
CMCSA,Comcast,169122,COMCAST CORPORATION,"NVG, LLC"
CMCSA,Comcast,169266,COMCAST CORPORATION,DLA PIPER LLP (US)
CMCSA,Comcast,171431,COMCAST (FORMERLY KNOWN AS NBC-UNIVERSAL),ERIS GROUP
CMCSA,Comcast,172264,COMCAST CORP,"CARD & ASSOCIATES, LLC"
CMCSA,Comcast,173117,STOP MEGA-COMCAST COALITION,FGS GLOBAL (US) LLC (FKA FGH HOLDINGS LLC)
CMCSA,Comcast,174772,COMCAST CORPORATION,"CAPITOL HILL STRATEGIES,  LLC"
CMCSA,Comcast,175237,COMCAST COMMUNICATIONS,CAUTHEN FORBES & WILLIAMS
CMCSA,Comcast,176262,COMCAST CORPORATION,NELSON MULLINS RILEY & SCARBOROUGH
CMCSA,Comcast,176820,COMCAST CORPORATION,PUTALASTRATEGIES
CMCSA,Comcast,177205,COMCAST CORPORATION,"THE JOSEPH GROUP, LLC"
CMCSA,Comcast,178513,COMCAST CORPORATION,"THE NICKLES GROUP, LLC"
CMCSA,Comcast,178839,COMCAST CORPORATION,"THE HOBBS GROUP, LLC"
CMCSA,Comcast,179006,COMCAST CORPORATION,THE WASHINGTON TAX & PUBLIC POLICY GROUP
CMCSA,Comcast,179085,COMCAST CORPORATION,"GRAY GLOBAL ADVISORS, LLC"
CMCSA,Comcast,179767,COMCAST,"LECLAIRRYAN, PC"
CMCSA,Comcast,179814,COMCAST CORPORATION,BRYAN CAVE STRATEGIES LLC
CMCSA,Comcast,180128,COMCAST CORPORATION,PLASTER AND ASSOCIATES LLC
CMCSA,Comcast,180647,COMCAST CORP,VELASQUEZ & LAUSELL
CMCSA,Comcast,180748,COMCAST CORPORATION,LEVICK STRATEGIC COMMUNICATIONS
CMCSA,Comcast,181253,COMCAST CORPORATION,"D&P CREATIVE STRATEGIES, LLC"
CMCSA,Comcast,181821,COMCAST CORPORATION,"THE MEECE GROUP, LLC"
CMCSA,Comcast,181990,COMCAST CORPORATION,MITCH ROSE STRATEGIC CONSULTING LLC
CMCSA,Comcast,182119,COMCAST CORPORATION,"THE NORMANDY GROUP, LLC"
CMCSA,Comcast,182521,COMCAST CORPORATION,"POLARIS GOVERNMENT RELATIONS, LLC"
CMCSA,Comcast,182823,COMCAST CORPORATION,STEVEN K. BERRY LLC
CMCSA,Comcast,183372,COMCAST CORPORATION,THE WALTER GROUP
CMCSA,Comcast,183433,COMCAST,"MITCHELL SILBERBERG & KNUPP, LLP"
CMCSA,Comcast,184503,COMCAST CORPORATION,CAPITOL COUNSEL LLC
CMCSA,Comcast,185019,COMCAST CORPORATION,SOUTHPAW  STRATEGIES
CMCSA,Comcast,185229,COMCAST CORPORATION,POLSINELLI PC
CMCSA,Comcast,185493,COMCAST CORPORATION,GEPHARDT GROUP GOVERNMENT AFFAIRS
CMCSA,Comcast,186247,COMCAST CORPORATION,MULTIPLE  STRATEGIES LLC
CMCSA,Comcast,187011,COMCAST CORPORATION,MR. DONALD KANIEWSKI
CMCSA,Comcast,187038,COMCAST (FORMERLY NBC UNIVERSAL),THE MATHIS HARPLE GROUP
CMCSA,Comcast,188064,COMCAST,MR. BRIAN KELLY
CMCSA,Comcast,190549,COMCAST CORPORATION,LMP STRATEGIES
CMCSA,Comcast,190573,COMCAST CORPORATION,PAUL UNGER PLLC
CMCSA,Comcast,190819,COMCAST CORPORATION,COVE STRATEGIES
CMCSA,Comcast,192103,COMCAST CORPORATION,"THE THORSEN GROUP, LLC"
CMCSA,Comcast,192580,COMCAST CORPORATION,THORN RUN PARTNERS
CMCSA,Comcast,193414,COMCAST CORPORATION,"RADIUS ADVOCACY, LLC"
CMCSA,Comcast,194419,COMCAST CORPORATION,"THE GIBSON GROUP, LLC"
CMCSA,Comcast,194909,COMCAST,CABRALGROUP
CMCSA,Comcast,195264,COMCAST CORPORATION,THE O TEAM LLC
CMCSA,Comcast,195363,COMCAST CORPORATION,"STEWART STRATEGIES AND SOLUTIONS, LLC"
CMCSA,Comcast,196147,COMCAST CORPORATION,PENN AVENUE PARTNERS
CMCSA,Comcast,196294,COMCAST CORPORATION,CAPSTONE COUNSEL GROUP LLC
CMCSA,Comcast,196506,COMCAST CORPORATION,FORBES-TATE
CMCSA,Comcast,197184,COMCAST CORPORATION,BLOOM STRATEGIC COUNSEL
CMCSA,Comcast,197408,COMCAST CORP,FTI GOVERNMENT AFFAIRS
CMCSA,Comcast,197513,COMCAST CORP (THROUGH FTI GOVERNMENT AFFAIRS),TAPIA & ASSOCIATES
CMCSA,Comcast,197810,COMCAST CORPORATION,LINCOLN POLICY GROUP
CMCSA,Comcast,198359,COMCAST,MR. STUART CHAPMAN
CMCSA,Comcast,198698,COMCAST CORPORATION,MR. EDOLPHUS TOWNS (ON BEHALF OF GRAY GLOBAL ADVISORS)
CMCSA,Comcast,199058,COMCAST CORPORATION,WEST FRONT STRATEGIES LLC
CMCSA,Comcast,199325,COMCAST CORPORATION,"HARBINGER STRATEGIES, LLC"
CMCSA,Comcast,199908,COMCAST CORPORATION,"BRIDGE STREET GROUP, LLC"
CMCSA,Comcast,200330,COMCAST CORPORATION,SCRIVNER LEON GROUP LLC
CMCSA,Comcast,200409,COMCAST CORPORATION,FARRAGUT PARTNERS LLP
CMCSA,Comcast,200472,COMCAST CORPORATION,RIVENDELL GROUP LLP
CMCSA,Comcast,201116,COMCAST CORPORATION,ROWLAND STRATEGY GROUP LLC
CMCSA,Comcast,201601,COMCAST CORPORATION,"SMW PARTNERS, LLC"
CMCSA,Comcast,202657,COMCAST CORPORATION,DAVID RUDD & ASSOCIATES LLC
CMCSA,Comcast,205662,COMCAST CORPORATION,SALT POINT STRATEGIES
CMCSA,Comcast,205765,COMCAST NBCUNIVERSAL,"ROBERT A. BRADY CONSULTING, LLC"
CMCSA,Comcast,206742,COMCAST CORPORATION,WILEY REIN LLP
CMCSA,Comcast,206925,COMCAST NBCUNIVERSAL FORMERLY REPORTED AS NBCUNIVERSAL MEDIA LLC,SQUIRE PATTON BOGGS
CMCSA,Comcast,207049,COMCAST CORPORATION,GORDON THOMAS HONEYWELL GOVERNMENTAL AFFAIRS
CMCSA,Comcast,213212,COMCAST CORPORATION,CONSILIUM CONSULTING
CMCSA,Comcast,213220,COMCAST CORPORATION,"LARRY PUCCIO, LLC"
CMCSA,NBCUniversal,194906,NBCUNIVERSAL,CABRALGROUP
CMCSA,NBCUniversal,205765,COMCAST NBCUNIVERSAL,"ROBERT A. BRADY CONSULTING, LLC"
CMCSA,NBCUniversal,206925,COMCAST NBCUNIVERSAL FORMERLY REPORTED AS NBCUNIVERSAL MEDIA LLC,SQUIRE PATTON BOGGS
COP,ConocoPhillips,61678,CONOCOPHILLIPS,"BROWNSTEIN HYATT FARBER SCHRECK, LLP"
COP,ConocoPhillips,67795,CONOCOPHILLIPS,THE BERNHARDT GROUP LLC
COP,ConocoPhillips,71998,CONOCOPHILLIPS,S-3 GROUP
COP,ConocoPhillips,102476,CONOCOPHILLIPS,ALSTON & BIRD LLP
COP,ConocoPhillips,126020,CONOCOPHILLIPS COMPANY,HUNTON ANDREWS KURTH LLP
COP,ConocoPhillips,138246,CONOCOPHILLIPS,CONOCOPHILLIPS
COP,ConocoPhillips,169012,CONOCOPHILLIPS,STONEBRIDGE INTERNATIONAL LLC
COP,ConocoPhillips,171617,CONOCOPHILLIPS,BLUEWATER STRATEGIES
COP,ConocoPhillips,173979,CONOCOPHILLIPS,"GOLDWYN INTERNATIONAL STRATEGIES, LLC"
COP,ConocoPhillips,194885,CONOCOPHILLIPS,HARLOW GOVERNMENT RELATIONS LLC
COP,ConocoPhillips,195301,CONOCOPHILLIPS,TAUZIN STRATEGIC NETWORKS
COP,ConocoPhillips,212279,CONOCOPHILLIPS,"GREENBERG TRAURIG, LLP"
COST,Costco,163126,COSTCO WHOLESALE CORPORATION,"CAPITOL TAX PARTNERS, LLP"
COST,Costco Wholesale,163126,COSTCO WHOLESALE CORPORATION,"CAPITOL TAX PARTNERS, LLP"
CRAI,CRA International,117556,INTERNATIONAL UNION OF BRICKLAYERS AND ALLIED CRAFTWORKERS,FAEGRE DRINKER BIDDLE & REATH LLP
CRAI,CRA International,126474,INTERNATIONAL UNION OF BRICKLAYERS & ALLIED CRAFTWORKERS,INTERNATIONAL UNION OF BRICKLAYERS & ALLIED CRAFTWORKERS
CRAI,CRA International,135250,INTERNATIONAL UNION OF BRICKLAYERS & ALLIED CRAFTS,BARTLEY O'HARA
CRM,Salesforce,55719,"SALESFORCE.COM, INC.","MORAN GLOBAL STRATEGIES, INC."
CRM,Salesforce,58880,"SALESFORCE, INC.",INVARIANT LLC
CRM,Salesforce,64137,"MORAN GLOBAL STRATEGIES, INC. OBO SALESFORCE, INC.",SKYLINE CAPITOL LLC
CRM,Salesforce,73368,"SALESFORCE, INC.",CHECKMATE GOVERNMENT RELATIONS
CRM,Salesforce,74473,"SALESFORCE, INC.",DETERMINANT LLC
CRM,Salesforce,105445,"SALESFORCE.COM, INC.","BAKER & MCKENZIE, LLP"
CRM,Salesforce,131993,SALESFORCE,MCDERMOTT WILL & SCHULTE LLP
CRM,Salesforce,163015,SALESFORCECOM,"CAPITOL TAX PARTNERS, LLP"
CRM,Salesforce,175474,SALESFORCECOM,"MEHLMAN CONSULTING, INC."
CRM,Salesforce,179008,SALESFORCE.COM,THE WASHINGTON TAX & PUBLIC POLICY GROUP
CRM,Salesforce,182185,"SALESFORCE, INC.","SALESFORCE, INC."
CRM,Salesforce,187760,SALESFORCE.COM INC.,"FRANKLIN SQUARE GROUP, LLC"
CRM,Salesforce,192204,"SALESFORCE.COM, INC.","CROSSROADS STRATEGIES, LLC"
CRM,Salesforce,195510,"SALESFORCE.COM, INC.",ACCESS PARTNERSHIP CORP
CRM,Salesforce,199348,SALESFORCE.COM,"HARBINGER STRATEGIES, LLC"
CRM,Salesforce,204589,SALESFORCE.COM INC.,"MERCURY PUBLIC AFFAIRS, LLC"
CRM,Salesforce,206859,SALESFORCE.COM INC.,"BROWNSTEIN HYATT FARBER SCHRECK, LLP"
CRM,Salesforce,208364,"SALESFORCE.COM, INC.",NELSON MULLINS RILEY & SCARBOROUGH
CRM,Salesforce,209073,"SALESFORCE.COM, INC",AKIN GUMP STRAUSS HAUER & FELD
CRM,Salesforce,209800,"SALESFORCE.COM, INC.","BRIDGE PUBLIC AFFAIRS, LLC"
CRM,Slack Technologies,186705,"SLACK TECHNOLOGIES, INC.","KOUNTOUPES DENHAM CARR & REID, LLC"
CRWD,CrowdStrike,52288,"CROWDSTRIKE, INC.","CROWDSTRIKE, INC."
CRWD,CrowdStrike,53468,"CROWDSTRIKE, INC.","CORNERSTONE GOVERNMENT AFFAIRS, INC."
CRWD,CrowdStrike,53817,"CROWDSTRIKE, INC.",VAN SCOYOC ASSOCIATES
CRWD,CrowdStrike,61129,"CROWDSTRIKE, INC.",DLA PIPER LLP (US)
CRWD,CrowdStrike,68969,CROWDSTRIKE INC.,FGS GLOBAL (US) LLC (FKA FGH HOLDINGS LLC)
CRWD,CrowdStrike,187796,CROWDSTRIKE,"FRANKLIN SQUARE GROUP, LLC"
CSCO,Cisco Systems,59624,"CISCO SYSTEMS, INC.",EMPIRE CONSULTING GROUP
CSCO,Cisco Systems,64303,"CISCO SYSTEMS, INC.",THOLOS GOVERNMENT RELATIONS
CSCO,Cisco Systems,65280,"CISCO SYSTEMS, INC.","CGCN GROUP, LLC"
CSCO,Cisco Systems,70430,"CISCO SYSTEMS, INC.",BALLARD PARTNERS
CSCO,Cisco Systems,102069,"CISCO SYSTEMS, INC.","ALPINE GROUP PARTNERS, LLC."
CSCO,Cisco Systems,102736,CISCO SYSTEMS INC,ACG ADVOCACY
CSCO,Cisco Systems,109047,CISCO SYSTEMS,THE RHOADS GROUP
CSCO,Cisco Systems,125057,CISCO SYSTEMS,HOLLAND & KNIGHT LLP
CSCO,Cisco Systems,132266,CISCO SYSTEMS INC.,MCGUIREWOODS CONSULTING (A SUBSIDIARY OF MCGUIREWOODS LLP)
CSCO,Cisco Systems,143904,CISCO SYSTEMS,SIMON STRATEGIES
CSCO,Cisco Systems,152738,CISCO SYSTEMS,"HWG LLP (F/K/A HARRIS, WILTSHIRE & GRANNIS LLP)"
CSCO,Cisco Systems,153203,CISCO SYSTEMS INC,"CISCO SYSTEMS, INC"
CSCO,Cisco Systems,153428,"CISCO SYSTEMS, INC","FIERCE, ISAKOWITZ & BLALOCK"
CSCO,Cisco Systems,154452,"CISCO SYSTEMS, INC.",CAPITOL SOLUTIONS
CSCO,Cisco Systems,158022,CISCO SYSTEMS INC,"CAPITOL COALITIONS, INC"
CSCO,Cisco Systems,158613,CISCO SYSTEMS INC,QGA PUBLIC AFFAIRS (FORMERLY QUINN GILLESPIE & ASSOCIATES)
CSCO,Cisco Systems,160071,"CISCO SYSTEMS, INC.",ERNST & YOUNG LLP (WASHINGTON COUNCIL ERNST & YOUNG)
CSCO,Cisco Systems,162965,CISCO SYSTEMS INC,"CAPITOL TAX PARTNERS, LLP"
CSCO,Cisco Systems,169342,CISCO SYSTEMS INC,DLA PIPER LLP (US)
CSCO,Cisco Systems,173090,"CISCO SYSTEMS, INC.",FGS GLOBAL (US) LLC (FKA FGH HOLDINGS LLC)
CSCO,Cisco Systems,184439,CISCO SYSTEMS,CAPITOL COUNSEL LLC
CSCO,Cisco Systems,187738,CISCO SYSTEMS INC,"FRANKLIN SQUARE GROUP, LLC"
CSCO,Cisco Systems,190822,"CISCO SYSTEMS, INC.",COVE STRATEGIES
CSCO,Cisco Systems,196460,"CISCO SYSTEMS, INC.","GRONBERG CONSULTING, LLC"
CSCO,Cisco Systems,196545,"CISCO SYSTEMS, INC.",FORBES-TATE
CSCO,Cisco Systems,199162,"CISCO SYSTEMS, INC",FIERCE GOVERNMENT RELATIONS
CSCO,Cisco Systems,209460,CISCO SYSTEMS,KLEIN/JOHNSON GROUP
CSCO,Cisco Systems,211956,"CISCO SYSTEMS, INC.","FEDERAL STREET STRATEGIES, LLC"
CSCO,Cisco Systems,212004,"CISCO SYSTEMS, INC.","THEGROUP DC, LLC"
CTSH,Cognizant,53900,COGNIZANT TECHNOLOGY SOLUTIONS,"THEGROUP DC, LLC"
CTSH,Cognizant,102948,COGNIZANT TECHNOLOGY SOLUTIONS,ACG ADVOCACY
CTSH,Cognizant,103031,COGNIZANT TECHNOLOGY SOLUTIONS U.S. CORPORATION,ACG ADVOCACY
CTSH,Cognizant,106703,COGNIZANT TECHNOLOGY SOLUTIONS,BGR GOVERNMENT AFFAIRS
CTSH,Cognizant,123405,COGNIZANT TECHNOLOGY SOLUTIONS - U S CORPORATION,"HECHT LATHAM SPENCER & ASSOCIATES, INC., FORMERLY KNOWN AS HECHT SPENCER & ASSOC"
CTSH,Cognizant,161412,"COGNIZANT TECHNOLOGY SOLUTIONS, INC.",DILWORTH PAXSON LLP
CTSH,Cognizant,167069,COGNIZANT TECHNOLOGY SOLUTIONS,"SIGNAL GROUP CONSULTING, LLC"
CTSH,Cognizant,171869,COGNIZANT TECHNOLOGY SOLUTIONS,ARTEMIS STRATEGIES
CTSH,Cognizant,173190,COGNIZANT TECHNOLOGY SOLUTIONS,FGS GLOBAL (US) LLC (FKA FGH HOLDINGS LLC)
CTSH,Cognizant,175074,COGNIZANT TECHNOLOGY SOLUTIONS U S CORPORATION,THE MADISON GROUP
CTSH,Cognizant,182416,COGNIZANT TECHNOLOGY SOLUTIONS U.S. CORPORATION,KELLEY DRYE & WARREN LLP
CTSH,Cognizant,184845,COGNIZANT TECHNOLOGY SOLUTIONS U.S. CORPORATION,INVARIANT LLC
CTSH,Cognizant,192991,COGNIZANT TECHNOLOGY SOLUTIONS U.S. CORPORATION,COGNIZANT TECHNOLOGY SOLUTIONS U.S. CORPORATION
CTSH,Cognizant,194804,COGNIZANT TECHNOLOGY SOLUTIONS,THE LUGAR GROUP (FKA LUGAR HELLMANN GROUP)
CTSH,Cognizant,197830,COGNIZANT TECHNOLOGY SOLUTIONS,LINCOLN POLICY GROUP
CTSH,Cognizant,208028,COGNIZANT TECHNOLOGY SOLUTIONS,FULCRUM PUBLIC AFFAIRS LLC
CTSH,Cognizant,209789,COGNIZANT TECHNOLOGY SOLUTIONS,"SBL STRATEGIES, LLC"
CTSH,Cognizant,210884,COGNIZANT TECHNOLOGY SOLUTIONS,"REPUBLIC CONSULTING, LLC"
CTSH,Cognizant Technology Solutions,53900,COGNIZANT TECHNOLOGY SOLUTIONS,"THEGROUP DC, LLC"
CTSH,Cognizant Technology Solutions,102948,COGNIZANT TECHNOLOGY SOLUTIONS,ACG ADVOCACY
CTSH,Cognizant Technology Solutions,103031,COGNIZANT TECHNOLOGY SOLUTIONS U.S. CORPORATION,ACG ADVOCACY
CTSH,Cognizant Technology Solutions,106703,COGNIZANT TECHNOLOGY SOLUTIONS,BGR GOVERNMENT AFFAIRS
CTSH,Cognizant Technology Solutions,123405,COGNIZANT TECHNOLOGY SOLUTIONS - U S CORPORATION,"HECHT LATHAM SPENCER & ASSOCIATES, INC., FORMERLY KNOWN AS HECHT SPENCER & ASSOC"
CTSH,Cognizant Technology Solutions,161412,"COGNIZANT TECHNOLOGY SOLUTIONS, INC.",DILWORTH PAXSON LLP
CTSH,Cognizant Technology Solutions,167069,COGNIZANT TECHNOLOGY SOLUTIONS,"SIGNAL GROUP CONSULTING, LLC"
CTSH,Cognizant Technology Solutions,171869,COGNIZANT TECHNOLOGY SOLUTIONS,ARTEMIS STRATEGIES
CTSH,Cognizant Technology Solutions,173190,COGNIZANT TECHNOLOGY SOLUTIONS,FGS GLOBAL (US) LLC (FKA FGH HOLDINGS LLC)
CTSH,Cognizant Technology Solutions,175074,COGNIZANT TECHNOLOGY SOLUTIONS U S CORPORATION,THE MADISON GROUP
CTSH,Cognizant Technology Solutions,182416,COGNIZANT TECHNOLOGY SOLUTIONS U.S. CORPORATION,KELLEY DRYE & WARREN LLP
CTSH,Cognizant Technology Solutions,184845,COGNIZANT TECHNOLOGY SOLUTIONS U.S. CORPORATION,INVARIANT LLC
CTSH,Cognizant Technology Solutions,192991,COGNIZANT TECHNOLOGY SOLUTIONS U.S. CORPORATION,COGNIZANT TECHNOLOGY SOLUTIONS U.S. CORPORATION
CTSH,Cognizant Technology Solutions,194804,COGNIZANT TECHNOLOGY SOLUTIONS,THE LUGAR GROUP (FKA LUGAR HELLMANN GROUP)
CTSH,Cognizant Technology Solutions,197830,COGNIZANT TECHNOLOGY SOLUTIONS,LINCOLN POLICY GROUP
CTSH,Cognizant Technology Solutions,208028,COGNIZANT TECHNOLOGY SOLUTIONS,FULCRUM PUBLIC AFFAIRS LLC
CTSH,Cognizant Technology Solutions,209789,COGNIZANT TECHNOLOGY SOLUTIONS,"SBL STRATEGIES, LLC"
CTSH,Cognizant Technology Solutions,210884,COGNIZANT TECHNOLOGY SOLUTIONS,"REPUBLIC CONSULTING, LLC"
CVS,Aetna,100406,AETNA INC,AETNA INC.
CVS,Aetna,100871,AETNA INC,AKIN GUMP STRAUSS HAUER & FELD
CVS,Aetna,102404,"AETNA, INC.",ALSTON & BIRD LLP
CVS,Aetna,105745,AETNA,BAKER DONELSON BEARMAN CALDWELL & BERKOWITZ
CVS,Aetna,107494,AETNA,"BELL, DENISE"
CVS,Aetna,108002,AETNA,BLACK CROTTY SIMS HUBKA BURNETT BIRCH & SAMUELS
CVS,Aetna,111077,AETNA,"CAPITOL ASSOCIATES, INC."
CVS,Aetna,116216,AETNA INC,DAVIS & HARMAN LLP
CVS,Aetna,117646,AETNA LIFE & CASUALTY,THE DUBERSTEIN GROUP INC.
CVS,Aetna,122718,"AETNA, INC.","GROOM LAW GROUP, CHARTERED"
CVS,Aetna,130820,"AETNA, INC.","MANATT, PHELPS, AND PHILLIPS"
CVS,Aetna,131296,AETNA,MAYER BROWN LLP
CVS,Aetna,135384,AETNA LIFE & CASUALTY,"RYAN MACKINNON VASAPOLI AND BERZOK, LLP"
CVS,Aetna,138403,AETNA,"PODESTA GROUP, INC."
CVS,Aetna,143812,"AETNA, INC.",SIDLEY AUSTIN LLP
CVS,Aetna,145502,AETNA-US HEALTHCARE,STEELMAN HEALTH STRATEGIES
CVS,Aetna,149152,AETNA,VERNER LIIPFERT BERNHARD MCPHERSON & HAND
CVS,Aetna,149800,AETNA LIFE & CASUALTY,WASHINGTON COUNSEL
CVS,Aetna,155227,AETNA,"JEFFERSON GOVERNMENT RELATIONS, L.L.C."
CVS,Aetna,159986,"AETNA, INC. (FORMERLY AETNA LIFE & CASUALTY)",ERNST & YOUNG LLP (WASHINGTON COUNCIL ERNST & YOUNG)
CVS,Aetna,161853,AETNA,MS. KAREN JOHNSON
CVS,Aetna,162269,AETNA-US HEALTHCARE,"CAPITOL HEALTH GROUP, LLC"
CVS,Aetna,162289,AETNA INC,"SAMUELS, MARC B."
CVS,Aetna,162948,AETNA INC,"CAPITOL TAX PARTNERS, LLP"
CVS,Aetna,165699,CVS PREVIOUSLY AETNA,CAPITOL HILL CONSULTING GROUP
CVS,Aetna,165765,AETNA,AVENUE SOLUTIONS
CVS,Aetna,166418,AETNA,"FEDERAL POLICY GROUP, LLC"
CVS,Aetna,169431,"AETNA, INC.",DLA PIPER LLP (US)
CVS,Aetna,169774,"AETNA, INC.","CGCN GROUP, LLC"
CVS,Aetna,172633,AETNA,"NAVIGATORS GLOBAL LLC (FORMERLY DC NAVIGATORS, LLC)"
CVS,Aetna,174021,AETNA INC,BLANK ROME LLP
CVS,Aetna,194394,AETNA INC.,EMPIRE CONSULTING GROUP
CVS,Aetna,194420,"AETNA, INC.","THE GIBSON GROUP, LLC"
CVS,Aetna,195315,AETNA INC.,IOVINO GROUP LLC
CVS,Aetna,197188,AETNA,BLOOM STRATEGIC COUNSEL
CVS,Aetna,197850,"AETNA, INC.",LINCOLN POLICY GROUP
CVS,Aetna,199074,"AETNA, INC.",WEST FRONT STRATEGIES LLC
CVS,CVS Health,64697,CVS HEALTH (AND SUBSIDIARIES),"THEGROUP DC, LLC"
CVS,CVS Health,66283,CVS HEALTH,"CONTINENTAL STRATEGY, LLC"
CVS,CVS Health,72046,CVS HEALTH,MICHAEL BEST STRATEGIES LLC
CVS,CVS Health,101268,CVS HEALTH,AKIN GUMP STRAUSS HAUER & FELD
CVS,CVS Health,102554,CVS HEALTH,ALSTON & BIRD LLP
CVS,CVS Health,105452,CVS HEALTH,"BAKER & MCKENZIE, LLP"
CVS,CVS Health,105738,CVS HEALTH,BAKER DONELSON BEARMAN CALDWELL & BERKOWITZ
CVS,CVS Health,107070,CVS HEALTH,"BARNES & THORNBURG, LLP"
CVS,CVS Health,132952,CVS HEALTH,"MILLER & CHEVALIER, CHTD"
CVS,CVS Health,133497,CVS HEALTH,"ML STRATEGIES, LLC"
CVS,CVS Health,133707,CVS HEALTH,KATE MOSS
CVS,CVS Health,156946,CVS HEALTH CONNECTION,WINNING STRATEGIES WASHINGTON
CVS,CVS Health,177453,CVS HEALTH INC,"BOCKORNY GROUP, INC."
CVS,CVS Health,180888,CVS HEALTH (AND SUBSIDIARIES),CVS HEALTH (AND SUBSIDIARIES)
CVS,CVS Health,186704,CVS HEALTH,"KOUNTOUPES DENHAM CARR & REID, LLC"
CVS,CVS Health,186910,CVS HEALTH (FORMERLY KNOWN AS CVS CAREMARK),"VAN HEUVELEN STRATEGIES, LLC"
CVS,CVS Health,198427,CVS HEALTH,MCDERMOTT+
CVS,CVS Health,199366,CVS HEALTH,"HARBINGER STRATEGIES, LLC"
CVS,CVS Health,200749,CVS HEALTH,VANTAGEKNIGHT LLC
CVS,CVS Health,202428,CVS HEALTH,KLEIN/JOHNSON GROUP
CVS,CVS Health,203335,CVS HEALTH (AND SUBSIDIARIES),FULCRUM PUBLIC AFFAIRS LLC
CVS,CVS Health,203377,CVS HEALTH,KEEFE STRATEGIES LLC FKA KEEFE SINGISER PARTNERS
CVS,CVS Health,210247,OAK STREET HEALTH D/B/A CVS HEALTH,BGR GOVERNMENT AFFAIRS
CVS,CVS Health,211925,CVS HEALTH (AND SUBSIDIARIES),ALB SOLUTIONS
CVS,CVS Caremark,102243,CVS CAREMARK INC (FORMERLY CAREMARK RX INC ),ALSTON & BIRD LLP
CVS,CVS Caremark,160273,CVS CAREMARK CORPORATION,ERNST & YOUNG LLP (WASHINGTON COUNCIL ERNST & YOUNG)
CVS,CVS Caremark,180890,CVS CAREMARK INC,CVS HEALTH (AND SUBSIDIARIES)
CVS,CVS Caremark,186910,CVS HEALTH (FORMERLY KNOWN AS CVS CAREMARK),"VAN HEUVELEN STRATEGIES, LLC"
CVS,CVS Caremark,198051,CVS CAREMARK,THE D MAJOR GROUP
CVS,CVS Pharmacy,64195,"CVS PHARMACY, INC.","BOCKORNY GROUP, INC."
CVX,Chevron Corp,120837,CHEVRON CORP,"FONTHEIM INTERNATIONAL, LLC"
CVX,Chevron Corp,122672,CHEVRON CORP,"GROOM LAW GROUP, CHARTERED"
CVX,Chevron Corp,131366,CHEVRON CORP,MAYER BROWN LLP
CVX,Chevron Corp,131775,CHEVRON CORP,MCDERMOTT WILL & SCHULTE LLP
CVX,Chevron Corp,131797,CHEVRON-TEXACO CORP,MCDERMOTT WILL & SCHULTE LLP
CVX,Chevron Corp,138256,CHEVRON CORP,PILLSBURY MADISON & SUTRO
CVX,Chevron Corp,143266,CHEVRON CORPORATION,PILLSBURY WINTHROP SHAW PITTMAN LLP
CVX,Chevron Corp,150922,CHEVRON CORP,WILEY REIN LLP
CVX,Chevron Corp,155737,CHEVRON CORPORATION,OGR
CVX,Chevron Corp,176837,CHEVRON USA & SUBSIDIARIES/AFFILIATES OF CHEVRON CORP,JG ASSOCIATES
CVX,Chevron Corp,180747,CHEVRON USA INC (SUBSIDIARIES AND AFFILIATES OF ITS PARENT CHEVRON CORP ),LEVICK STRATEGIC COMMUNICATIONS
CVX,Chevron Corp,184477,CHEVRON CORP.,CAPITOL COUNSEL LLC
CVX,Chevron Corp,185620,CHEVRON U S A INC (SUBSIDIARIES AND AFFILIATES OF ITS PARENT CHEVRON CORP ),DOW LOHNES GOVERNMENT STRATEGIES LLC
CVX,Chevron Corp,187006,POTOMAC COMMUNICATION STRATEGIES INC ON BEHALF OF CHEVRON CORP,WEBER LAW GROUP
CVX,Chevron U.S.A,63458,CHEVRON U.S.A. INC.,BALLARD PARTNERS
CVX,Chevron U.S.A,100995,"CHEVRON, U.S.A., INC.",AKIN GUMP STRAUSS HAUER & FELD
CVX,Chevron U.S.A,106608,"CHEVRON U.S.A., INC.",BGR GOVERNMENT AFFAIRS
CVX,Chevron U.S.A,113215,CHEVRON U.S.A. INC.,CHEVRON U.S.A. INC.
CVX,Chevron U.S.A,175641,"CHEVRON U.S.A., INC.","MEHLMAN CONSULTING, INC."
CVX,Chevron U.S.A,179450,"CHEVRON U.S.A, INC","MINDSET ADVOCACY, LLC"
DBX,Dropbox,57918,"DROPBOX, INC.",AKIN GUMP STRAUSS HAUER & FELD
DBX,Dropbox,72247,DROPBOX,H&M STRATEGIES LLP
DBX,Dropbox,173127,DROPBOX INC.,FGS GLOBAL (US) LLC (FKA FGH HOLDINGS LLC)
DBX,Dropbox,177216,"DROPBOX, INC.","THE JOSEPH GROUP, LLC"
DBX,Dropbox,187774,"DROPBOX, INC.","FRANKLIN SQUARE GROUP, LLC"
DBX,Dropbox,192229,"DROPBOX, INC.","CROSSROADS STRATEGIES, LLC"
DBX,Dropbox,200465,"DROPBOX, INC.","DROPBOX, INC."
DG,Dollar General,52009,DOLLAR GENERAL,THE VOGEL GROUP
DG,Dollar General,140580,DOLLAR GENERAL,"PUBLIC STRATEGIES, INC."
DG,Dollar General,171250,DOLLAR GENERAL CORPORATION,TROUTMAN STRATEGIES
DG,Dollar General,191930,DOLLAR GENERAL CORPORATION,DOLLAR GENERAL CORPORATION
DHR,Danaher,52078,DANAHER CORPORATION,DENTONS US LLP
DHR,Danaher,53729,DANAHER CORPORATION,DANAHER CORPORATION
DHR,Danaher,57555,DANAHER CORPORATION,FULCRUM PUBLIC AFFAIRS LLC
DHR,Danaher,64495,DANAHER CORPORATION,"MERCURY PUBLIC AFFAIRS, LLC"
DHR,Danaher,69341,DANAHER CORPORATION,AKIN GUMP STRAUSS HAUER & FELD
DHR,Danaher,73166,DANAHER CORPORATION,"LEWIS-BURKE ASSOCIATES, LLC"
DHR,Danaher,123886,DANAHER CORP,HOGAN LOVELLS CADWALADER US LLP (FKA HOGAN LOVELLS US LLP)
DHR,Danaher,135343,DANAHER CORP,OGILVY PUBLIC RELATIONS WORLDWIDE
DHR,Danaher,145692,DANAHER CORPORATION,STEPTOE LLP
DHR,Danaher,151937,DANAHER CORP,WINCAPITOL
DHR,Danaher,212080,DANAHER CORPORATION,SQUIRE PATTON BOGGS
DIS,Walt Disney,52027,THE WALT DISNEY COMPANY,"GOODLATTE GROUP, LLC F.K.A. ROBERT GOODLATTE"
DIS,Walt Disney,52133,THE WALT DISNEY CORPORATION,ALPINE ADVISORS
DIS,Walt Disney,63906,THE WALT DISNEY COMPANY,BALLARD PARTNERS
DIS,Walt Disney,64186,THE WALT DISNEY COMPANY,"BECKER & POLIAKOFF, P.A."
DIS,Walt Disney,100707,WALT DISNEY COMPANY THE,AKIN GUMP STRAUSS HAUER & FELD
DIS,Walt Disney,112198,WALT DISNEY COMPANY/ABC,"CASSIDY & ASSOCIATES, INC."
DIS,Walt Disney,113344,WALT DISNEY CO,"VERN CLARK & ASSOCIATES, INC."
DIS,Walt Disney,114432,WALT DISNEY CO,PRICEWATERHOUSECOOPERS
DIS,Walt Disney,116769,WALT DISNEY CO,DEWEY BALLANTINE LLP
DIS,Walt Disney,138699,THE WALT DISNEY COMPANY,"PODESTA GROUP, INC."
DIS,Walt Disney,145185,WALT DISNEY CO,"SOUTHWICK, TERRI A."
DIS,Walt Disney,145607,WALT DISNEY COMPANY,STEPTOE LLP
DIS,Walt Disney,149371,WALT DISNEY CO,VERNER LIIPFERT BERNHARD MCPHERSON & HAND
DIS,Walt Disney,152030,WALT DISNEY CO,WINSTON TAYLOR LLP (FORMERLY KNOWN AS WINSTON & STRAWN LLP)
DIS,Walt Disney,152400,WALT DISNEY CO,LAW OFFICES OF BERNARD WUNDER (FKA WUNDER & LILLEY)
DIS,Walt Disney,155728,WALT DISNEY CO,OGR
DIS,Walt Disney,160288,THE WALT DISNEY COMPANY,ERNST & YOUNG LLP (WASHINGTON COUNCIL ERNST & YOUNG)
DIS,Walt Disney,169756,THE WALT DISNEY COMPANY,"CGCN GROUP, LLC"
DIS,Walt Disney,173056,THE WALT DISNEY COMPANY,FGS GLOBAL (US) LLC (FKA FGH HOLDINGS LLC)
DIS,Walt Disney,182000,THE WALT DISNEY COMPANY,MITCH ROSE STRATEGIC CONSULTING LLC
DIS,Walt Disney,185139,THE WALT DISNEY COMPANY,POLSINELLI PC
DIS,Walt Disney,199914,THE WALT DISNEY COMPANY,"BRIDGE STREET GROUP, LLC"
DIS,Walt Disney,200712,THE WALT DISNEY COMPANY,PJM STRATEGIES LLC
DIS,Walt Disney,202677,THE WALT DISNEY COMPANY,FEROX STRATEGIES
DOW,Dow Chemical,71869,THE DOW CHEMICAL COMPANY,"BROWNSTEIN HYATT FARBER SCHRECK, LLP"
DOW,Dow Chemical,100709,DOW CHEMICAL COMPANY,AKIN GUMP STRAUSS HAUER & FELD
DOW,Dow Chemical,102269,DOW CHEMICAL COMPANY,ALSTON & BIRD LLP
DOW,Dow Chemical,105071,DOW CHEMICAL,FAEGRE BAKER DANIELS
DOW,Dow Chemical,105977,DOW CHEMICAL COMPANY,"BALCH & BINGHAM, LLP"
DOW,Dow Chemical,107756,THE DOW CHEMICAL COMPANY,BEVERIDGE & DIAMOND PC
DOW,Dow Chemical,115492,DOW CHEMICAL COMPANY,CROWELL & MORING LLP
DOW,Dow Chemical,117187,DOW CHEMICAL COMPANY DBA DOW,"THE DOW CHEMICAL COMPANY, DBA DOW"
DOW,Dow Chemical,117731,THE DOW CHEMICAL COMPANY,THE DUBERSTEIN GROUP INC.
DOW,Dow Chemical,119059,DOW CHEMICAL COMPANY,"EOP GROUP, INC."
DOW,Dow Chemical,120886,DOW CHEMICAL CO,HEIDEPRIEM & MAGER INC
DOW,Dow Chemical,125261,THE DOW CHEMICAL COMPANY,HOLLAND & KNIGHT LLP
DOW,Dow Chemical,126679,DOW CHEMICAL CO,JEFFERSON GROUP
DOW,Dow Chemical,127057,DOW CHEMICAL CO,TIBER CREEK GROUP
DOW,Dow Chemical,129842,DOW CHEMICAL,"LLOYD, MARILYN"
DOW,Dow Chemical,134973,DOW CHEMICAL CO,NOSSAMAN LLP
DOW,Dow Chemical,138371,DOW CHEMICAL,"PODESTA GROUP, INC."
DOW,Dow Chemical,142313,DOW CHEMICAL COMPANY,GOLINHARRIS
DOW,Dow Chemical,142772,DOW CHEMICAL,"SANDLER, TRAVIS & ROSENBERG, P.A."
DOW,Dow Chemical,146016,DOW CHEMICAL COMPANY,"STRATEGIC PARTNERS, INC."
DOW,Dow Chemical,153738,DOW CHEMICAL CO,VICKERY INTL
DOW,Dow Chemical,153853,DOW CHEMICAL,VALENTE & ASSOCIATES
DOW,Dow Chemical,155167,DOW CHEMICAL CO,"JEFFERSON GOVERNMENT RELATIONS, L.L.C."
DOW,Dow Chemical,158457,DOW CHEMICAL CORPORATION,"ORRICK, HERRINGTON & SUTCLIFFE LLP"
DOW,Dow Chemical,158639,DOW CHEMICAL COMPANY,QGA PUBLIC AFFAIRS (FORMERLY QUINN GILLESPIE & ASSOCIATES)
DOW,Dow Chemical,158893,DOW CHEMICAL CO,"NES, INC."
DOW,Dow Chemical,172415,DOW CHEMICAL COMPANY,TRAMMELL AND COMPANY
DOW,Dow Chemical,174477,DOW CHEMICAL CO,HAMILTON RABINOVITZ & ALSCHULER
DOW,Dow Chemical,176088,DOW CHEMICAL COMPANY,C&M CAPITOLINK
DOW,Dow Chemical,177602,THE DOW CHEMICAL COMPANY,"MWR STRATEGIES, INC."
DOW,Dow Chemical,177949,DOW CHEMICAL COMPANY,POLICY NAVIGATION GROUP
DOW,Dow Chemical,190814,THE DOW CHEMICAL COMPANY,COVE STRATEGIES
DOW,Dow Chemical,197461,THE DOW CHEMICAL COMPANY,FTI GOVERNMENT AFFAIRS
DOW,Dow Chemical,198622,THE DOW CHEMICAL COMPANY,"PARETO POLICY SOLUTIONS, LLC"
DOW,Dow Chemical,199169,THE DOW CHEMICAL COMPANY,FIERCE GOVERNMENT RELATIONS
DOW,Dow Chemical,201373,THE DOW CHEMICAL COMPANY,"MILLER STRATEGIES, LLC"
DOW,Dow Chemical,210951,DOW CHEMICAL COMPANY,THE WESSEL GROUP INCORPORATED
DVN,Devon Energy,67801,DEVON ENERGY,THE BERNHARDT GROUP LLC
DVN,Devon Energy,110089,DEVON ENERGY,"BROWNSTEIN HYATT FARBER SCHRECK, LLP"
DVN,Devon Energy,121284,DEVON ENERGY CORP,GARDERE WYNNE SEWELL LLP
DVN,Devon Energy,122614,DEVON ENERGY,"GRILES & ASSOC, J. STEVEN"
DVN,Devon Energy,134363,DEVON ENERGY CORP,NATIONAL ENVIRONMENTAL STRATEGIES
DVN,Devon Energy,137010,DEVON ENERGY CORPORATION,SQUIRE PATTON BOGGS
DVN,Devon Energy,149101,DEVON ENERGY CORPORATION,VENABLE LLP
DVN,Devon Energy,150815,DEVON ENERGY CORP,WILLIAM F. WHITSITT
DVN,Devon Energy,153162,DEVON ENERGY CORP,"BICKLEY, SHARLA"
DVN,Devon Energy,158895,DEVON ENERGY CORP,"NES, INC."
DVN,Devon Energy,160614,DEVON ENERGY CORP,DEVON ENERGY CORP
DVN,Devon Energy,169765,DEVON ENERGY CORPORATION,"CGCN GROUP, LLC"
DVN,Devon Energy,177255,DEVON ENERGY CORP,"THOMAS ADVISORS, INC"
DVN,Devon Energy,189494,DEVON ENERGY CORPORATION,JACKSON LEWIS PC
DVN,Devon Energy,189751,DEVON ENERGY CORPORATION,"RESEARCH-ABLE, INC."
DVN,Devon Energy,190535,DEVON ENERGY PRODUCTION COMPANY LP,"DEVON ENERGY PRODUCTION COMPANY, LP"
DVN,Devon Energy,197449,DEVON ENERGY PRODUCTION COMPANY L P,FTI GOVERNMENT AFFAIRS
DVN,Devon Energy,210364,DEVON ENERGY CORPORATION,"CROSSROADS STRATEGIES, LLC"
EL,Estee Lauder,104505,ESTEE LAUDER COMPANIES INC,ARNOLD & PORTER KAYE SCHOLER LLP
EL,Estee Lauder,112115,ESTEE LAUDER COMPANIES INC THE,"CASSIDY & ASSOCIATES, INC."
EL,Estee Lauder,117718,ESTEE LAUDER COMPANIES,THE DUBERSTEIN GROUP INC.
EL,Estee Lauder,135204,"THE ESTEE LAUDER COMPANIES, INC",NOSSAMAN LLP
EL,Estee Lauder,140038,THE ESTEE LAUDER COMPANIES INC.,"K&L GATES, LLP"
EL,Estee Lauder,151138,ESTEE LAUDER,"WILLIAMS AND JENSEN, PLLC"
EL,Estee Lauder Companies,104505,ESTEE LAUDER COMPANIES INC,ARNOLD & PORTER KAYE SCHOLER LLP
EL,Estee Lauder Companies,112115,ESTEE LAUDER COMPANIES INC THE,"CASSIDY & ASSOCIATES, INC."
EL,Estee Lauder Companies,117718,ESTEE LAUDER COMPANIES,THE DUBERSTEIN GROUP INC.
EL,Estee Lauder Companies,135204,"THE ESTEE LAUDER COMPANIES, INC",NOSSAMAN LLP
EL,Estee Lauder Companies,140038,THE ESTEE LAUDER COMPANIES INC.,"K&L GATES, LLP"
FB,Facebook,102182,"FACEBOOK, INC.","ALPINE GROUP PARTNERS, LLC."
FB,Facebook,105454,"FACEBOOK, INC.","BAKER & MCKENZIE, LLP"
FB,Facebook,110711,META PLATFORMS INC FORMERLY REPORTED AS FACEBOOK,BRYAN CAVE LEIGHTON PAISNER LLP
FB,Facebook,127194,"FACEBOOK, INC.",TIBER CREEK GROUP
FB,Facebook,134934,FACEBOOK,"THE OB-C GROUP, LLC"
FB,Facebook,137550,"FACEBOOK, INC.",SQUIRE PATTON BOGGS
FB,Facebook,145688,"META PLATFORMS, INC. (FORMERLY FACEBOOK, INC. AND VARIOUS SUBSIDIARIES)",STEPTOE LLP
FB,Facebook,153417,FACEBOOK INC.,"FIERCE, ISAKOWITZ & BLALOCK"
FB,Facebook,167026,FACEBOOK INC.,"SIGNAL GROUP CONSULTING, LLC"
FB,Facebook,173085,FACEBOOK INC.,FGS GLOBAL (US) LLC (FKA FGH HOLDINGS LLC)
FB,Facebook,184332,META PLATFORMS INC (FORMERLY FACEBOOK INC AND VARIOUS SUBSIDIARIES,HOLLIER & ASSOCIATES
FB,Facebook,185717,FACEBOOK,ICE MILLER STRATEGIES LLC
FB,Facebook,195365,META PLATFORMS INC (FORMERLY FACEBOOK INC & VARIOUS SUBSIDIARIES),"STEWART STRATEGIES AND SOLUTIONS, LLC"
FB,Facebook,198599,META PLATFORMS INC (FORMERLY FACEBOOK INC AND VARIOUS SUBSIDIARIES),OFF HILL STRATEGIES L.L.C.
FB,Facebook,200687,FACEBOOK,THE WILLIAMS GROUP
FB,Facebook,201059,META PLATFORMS INC (FKA FACEBOOK),BLUE MOUNTAIN STRATEGIES
FB,Facebook,202234,FACEBOOK,DAVID WADE/GREENLIGHT STRATEGIES LLC
FB,Facebook,203292,"FACEBOOK, INC.",FS VECTOR LLC
FB,Facebook,206100,"FACEBOOK, INC.",THE LUGAR GROUP (FKA LUGAR HELLMANN GROUP)
FB,Facebook,206344,"META PLATFORMS, INC. (FKA FACEBOOK)",HILLTOP ADVOCACY
FB,Facebook,207039,META PLATFORMS INC (FORMERLY FACEBOOK INC AND VARIOUS SUBSIDIARIES),"RMP STRATEGIES, LLC"
FB,Facebook,209397,META PLATFORMS INC (FORMERLY FACEBOOK INC AND VARIOUS SUBSIDIARIES),"TAFT STETTINIUS & HOLLISTER LLP DBA TAFT ADVISORS LLC FKA (TAFT, STETTINIUS & HOLLISTER,LLP)"
FB,Facebook,209818,"META PLATFORMS INC (FKA FACEBOOK, INC.)","535 GROUP, LLC"
FB,Facebook,210221,"META PLATFORMS, INC. (FORMERLY FACEBOOK, INC. AND VARIOUS SUBSIDIARIES)",S-3 GROUP
FB,Meta Platforms,50383,"META PLATFORMS, INC.","MINDSET ADVOCACY, LLC"
FB,Meta Platforms,53484,"META PLATFORMS, INC.",JEFFRIES STRATEGIES LLC
FB,Meta Platforms,56220,"META PLATFORMS, INC. AND VARIOUS SUBSIDIARIES",VENABLE LLP
FB,Meta Platforms,65908,"META PLATFORMS, INC.","MEHLMAN CONSULTING, INC."
FB,Meta Platforms,67744,"META PLATFORMS, INC.",MCGINLEY LLC
FB,Meta Platforms,68758,"META PLATFORMS, INC.","DCI GROUP, L.L.C."
FB,Meta Platforms,69942,"META PLATFORMS, INC.",SALINAS STRATEGIES LLC
FB,Meta Platforms,72305,META PLATFORMS INC.,THE WILLIAMS GROUP
FB,Meta Platforms,105281,"META PLATFORMS, INC.",BAKER & HOSTETLER LLP
FB,Meta Platforms,110711,META PLATFORMS INC FORMERLY REPORTED AS FACEBOOK,BRYAN CAVE LEIGHTON PAISNER LLP
FB,Meta Platforms,145688,"META PLATFORMS, INC. (FORMERLY FACEBOOK, INC. AND VARIOUS SUBSIDIARIES)",STEPTOE LLP
FB,Meta Platforms,155997,"META PLATFORMS, INC.",OGR
FB,Meta Platforms,163139,"META PLATFORMS, INC.","CAPITOL TAX PARTNERS, LLP"
FB,Meta Platforms,173217,"META PLATFORMS, INC.",TELEMEDIA POLICY CORP.
FB,Meta Platforms,184147,"META PLATFORMS, INC.","AVOQ, LLC"
FB,Meta Platforms,184332,META PLATFORMS INC (FORMERLY FACEBOOK INC AND VARIOUS SUBSIDIARIES,HOLLIER & ASSOCIATES
FB,Meta Platforms,191116,"META PLATFORMS, INC. AND VARIOUS SUBSIDIARIES","META PLATFORMS, INC. AND VARIOUS SUBSIDIARIES"
FB,Meta Platforms,191142,"META PLATFORMS, INC.",STERNHELL GROUP
FB,Meta Platforms,195365,META PLATFORMS INC (FORMERLY FACEBOOK INC & VARIOUS SUBSIDIARIES),"STEWART STRATEGIES AND SOLUTIONS, LLC"
FB,Meta Platforms,198599,META PLATFORMS INC (FORMERLY FACEBOOK INC AND VARIOUS SUBSIDIARIES),OFF HILL STRATEGIES L.L.C.
FB,Meta Platforms,199303,"META PLATFORMS, INC.","HARBINGER STRATEGIES, LLC"
FB,Meta Platforms,200230,"META PLATFORMS, INC.","THEGROUP DC, LLC"
FB,Meta Platforms,201059,META PLATFORMS INC (FKA FACEBOOK),BLUE MOUNTAIN STRATEGIES
FB,Meta Platforms,203306,"META PLATFORMS, INC.","MASON STREET CONSULTING, LLC"
FB,Meta Platforms,203661,"META PLATFORMS, INC.","ELEVATE GOVERNMENT AFFAIRS, LLC"
FB,Meta Platforms,203784,META PLATFORMS INC.,SALT POINT STRATEGIES
FB,Meta Platforms,206344,"META PLATFORMS, INC. (FKA FACEBOOK)",HILLTOP ADVOCACY
FB,Meta Platforms,207039,META PLATFORMS INC (FORMERLY FACEBOOK INC AND VARIOUS SUBSIDIARIES),"RMP STRATEGIES, LLC"
FB,Meta Platforms,209397,META PLATFORMS INC (FORMERLY FACEBOOK INC AND VARIOUS SUBSIDIARIES),"TAFT STETTINIUS & HOLLISTER LLP DBA TAFT ADVISORS LLC FKA (TAFT, STETTINIUS & HOLLISTER,LLP)"
FB,Meta Platforms,209818,"META PLATFORMS INC (FKA FACEBOOK, INC.)","535 GROUP, LLC"
FB,Meta Platforms,210221,"META PLATFORMS, INC. (FORMERLY FACEBOOK, INC. AND VARIOUS SUBSIDIARIES)",S-3 GROUP
FB,Meta Platforms,212217,META PLATFORMS INC.,STANTON PARK GROUP
FDX,FedEx,55043,FEDEX CORPORATION,INVARIANT LLC
FDX,FedEx,59442,FEDEX CORPORATION,DENTONS US LLP
FDX,FedEx,100993,"PARVEN POMPER STRATEGIES, INC. (ON BEHALF OF FEDEX)",AKIN GUMP STRAUSS HAUER & FELD
FDX,FedEx,107852,FEDEX PILOTS ASSN,"BIRCH, HORTON, BITTNER & CHEROT"
FDX,FedEx,108318,FEDEX CORPORATION (THROUGH O'MELVENY & MYERS LLP),BKSH & ASSOCIATES
FDX,FedEx,109981,FEDEX CORPORATION,"BROWNSTEIN HYATT FARBER SCHRECK, LLP"
FDX,FedEx,110672,FEDEX CORPORATION,BRYAN CAVE LEIGHTON PAISNER LLP
FDX,FedEx,110945,FEDEX CORP,"CAMPBELL, JAMES I. JR. OFFICE OF"
FDX,FedEx,114570,FEDEX CORPORATION,PRICEWATERHOUSECOOPERS
FDX,FedEx,117395,FEDEX CORPORATION,"DOWNEY MCGRATH GROUP, INC."
FDX,FedEx,117837,FEDEX (FDX CORPORATION),"DUTKO WORLDWIDE, LLC"
FDX,FedEx,119135,FEDEX CORP,"EPPARD ASSOC, ANN"
FDX,FedEx,119731,FEDEX,"JACK FERGUSON ASSOC., INC."
FDX,FedEx,130207,FEDEX,MR. CLIFF MADISON
FDX,FedEx,133090,FEDEX CORPORATION,DENNY MILLER ASSOCIATES
FDX,FedEx,144848,FEDEX CORPORATION,DENTONS US LLP
FDX,FedEx,146218,FEDEX CORP,SUNRISE RESEARCH CORPORATION
FDX,FedEx,147742,FEDEX CORPORATION,VAN SCOYOC ASSOCIATES
FDX,FedEx,151337,FEDEX CORP,"WILLIAMS AND JENSEN, PLLC"
FDX,FedEx,152847,FEDEX CORPORATION,FEDEX CORPORATION
FDX,FedEx,155988,FEDEX CORPORATION,OGR
FDX,FedEx,163076,FEDEX CORPORATION,"CAPITOL TAX PARTNERS, LLP"
FDX,FedEx,165422,FEDEX PILOTS ASSN (FPA),WILLIAMS ARON & ASSOCIATES
FDX,FedEx,166854,FEDEX,"SIGNAL GROUP CONSULTING, LLC"
FDX,FedEx,175657,FEDEX CORPORATION,"MEHLMAN CONSULTING, INC."
FDX,FedEx,177531,FEDEX CORPORATION,"BOCKORNY GROUP, INC."
FDX,FedEx,179029,FEDEX CORPORATION,THE WASHINGTON TAX & PUBLIC POLICY GROUP
FDX,FedEx,179792,FEDEX CORP,BRYAN CAVE STRATEGIES LLC
FDX,FedEx,181271,FEDEX CORPORATION,MICHAEL E. KORENS
FDX,FedEx,183997,FEDEX,"THE WHITAKER GROUP, INC"
FDX,FedEx,184060,FEDEX,"PARVEN POMPER STRATEGIES, INC."
FDX,FedEx,184787,FEDEX CORPORATION,"MATTOON & ASSOCIATES, LLC"
FDX,FedEx,187872,FEDEX CORPORATION,BREAUX LOTT LEADERSHIP GROUP
FDX,FedEx,190540,FEDEX CORPORATION,BUTLER SNOW LLP
FDX,FedEx,190843,FEDEX CORPORATION,CAPITOL LEGISLATIVE STRATEGIES LLC
FDX,FedEx,192334,FEDEX CORPORATION (THROUGH O'MELVENY & MYERS LLP),PRIME POLICY GROUP
FDX,FedEx,192651,FEDEX CORPORATION,THORN RUN PARTNERS
FDX,FedEx,194387,FEDEX CORPORATION,EMPIRE CONSULTING GROUP
FDX,FedEx,198193,FEDEX CORPORATION,CAPITOL STRATEGIES PARTNERS LLC
FDX,FedEx,199300,FEDEX CORPORATION,"HARBINGER STRATEGIES, LLC"
FDX,FedEx,200227,FEDEX CORPORATION,"THEGROUP DC, LLC"
FDX,FedEx,202886,THORN RUN PARTNERS O/B/O FEDEX CORPORATION,JTR STRATEGIES LLC
FDX,FedEx,203667,"SIGNAL GROUP CONSULTING, LLC ON BEHALF OF FEDEX","ELEVATE GOVERNMENT AFFAIRS, LLC"
FDX,FedEx,203681,FEDEX,"ELEVATE GOVERNMENT AFFAIRS, LLC"
FDX,Federal Express,105348,FEDERAL EXPRESS,"BAKER & MCKENZIE, LLP"
FDX,Federal Express,106220,FEDERAL EXPRESS CORP,BGR GOVERNMENT AFFAIRS
FDX,Federal Express,109081,FEDERAL EXPRESS CORP,JAMES BOLAND
FDX,Federal Express,109542,FEDERAL EXPRESS PILOTS ASSN,"BRACY TUCKER BROWN & VALANZANO, INC."
FDX,Federal Express,111845,FEDERAL EXPRESS,"CASSIDY & ASSOCIATES, INC."
FDX,Federal Express,118477,FEDERAL EXPRESS CORP,DYER ELLIS & JOSEPH
FDX,Federal Express,127949,FEDERAL EXPRESS CORP,"KENT & O'CONNOR, INC."
FDX,Federal Express,134853,FEDERAL EXPRESS CORP,"THE OB-C GROUP, LLC"
FDX,Federal Express,135423,FEDERAL EXPRESS,"RYAN MACKINNON VASAPOLI AND BERZOK, LLP"
FDX,Federal Express,141151,FEDERAL EXPRESS CORP,"THELEN (FORMERLY, THELEN REID BROWN RAYSMAN & STEINER LLP)"
FDX,Federal Express,143928,FEDERAL EXPRESS,"SIMPSON & ASSOC, BILL"
FDX,Federal Express,149532,FEDERAL EXPRESS CORP,VINSON & ELKINS LLP
FDX,Federal Express,154470,FEDERAL EXPRESS CORP,THOMPSON COBURN LLP
FDX,Federal Express,160030,FEDERAL EXPRESS CORP,ERNST & YOUNG LLP (WASHINGTON COUNCIL ERNST & YOUNG)
FDX,Federal Express,162647,FEDERAL EXPRESS CORP,STEWART PARTNERS LLC
FDX,Federal Express,166548,FEDERAL EXPRESS,O'NEILL AND ASSOCIATES
FDX,Federal Express,178524,FEDERAL EXPRESS CORPORATION,"THE NICKLES GROUP, LLC"
FDX,Federal Express,181900,FEDERAL EXPRESS CORPORATION,"MCKINNON GROUP, LLC"
FDX,Federal Express,188646,FEDERAL EXPRESS CORPORATION,"ASHLEY O. THRIFT, PLLC"
FDX,Federal Express,196138,FEDERAL EXPRESS CORPORATION,PENN AVENUE PARTNERS
FIS,Fidelity National Information Services,65054,"FIDELITY NATIONAL INFORMATION SERVICES, INC. (""FIS"")",FS VECTOR LLC
FIS,Fidelity National Information Services,102364,FIDELITY NATIONAL INFORMATION SERVICES,ALSTON & BIRD LLP
FIS,Fidelity National Information Services,148903,"FIDELITY NATIONAL INFORMATION SERVICES, INC.",VENABLE LLP
FIS,Fidelity National Information Services,149017,"FIDELITY NATIONAL INFORMATION SERVICES, INC. (F/K/A WORLDPAY)",VENABLE LLP
FIS,Fidelity National Information Services,167067,"FIDELITY NATIONAL INFORMATION SERVICES, INC. AND SUBSIDIARIES","SIGNAL GROUP CONSULTING, LLC"
FIS,Fidelity National Information Services,203935,"FIDELITY NATIONAL INFORMATION SERVICES, INC. (FIS)",BAKER DONELSON BEARMAN CALDWELL & BERKOWITZ
GE,General Electric,55448,PORTLAND GENERAL ELECTRIC,"K&L GATES, LLP"
GE,General Electric,56214,GENERAL ELECTRIC COMPANY,"HITHER CREEK STRATEGIES, LLC"
GE,General Electric,67359,GENERAL ELECTRIC COMPANY DBA GE AEROSPACE,AKIN GUMP STRAUSS HAUER & FELD
GE,General Electric,100047,GENERAL ELECTRIC (GE),"ADAMS AND REESE, LLP"
GE,General Electric,100874,GENERAL ELECTRIC,AKIN GUMP STRAUSS HAUER & FELD
GE,General Electric,101898,GENERAL ELECTRIC,ALLSTATES DESIGN & DEVELOPMENT CO
GE,General Electric,102200,GENERAL ELECTRIC CO,ALSTON & BIRD LLP
GE,General Electric,105769,GENERAL ELECTRIC COMPANY,BAKER DONELSON BEARMAN CALDWELL & BERKOWITZ
GE,General Electric,108123,GENERAL ELECTRIC CAPITAL SERVICES,BKSH & ASSOCIATES
GE,General Electric,108247,GENERAL ELECTRIC,BKSH & ASSOCIATES
GE,General Electric,109632,GENERAL ELECTRIC CO,"BRIERRE, WILLIAM V. JR"
GE,General Electric,109672,GENERAL ELECTRIC MARINE,"BROWN AND COMPANY, INC."
GE,General Electric,110947,GENERAL ELECTRIC CO,"JOHN G. CAMPBELL, INC."
GE,General Electric,112196,GENERAL ELECTRIC/NBC,"CASSIDY & ASSOCIATES, INC."
GE,General Electric,113433,GENERAL ELECTRIC CO,CLARK & WEINSTOCK
GE,General Electric,113600,GENERAL ELECTRIC COMPANY,CLARK & WEINSTOCK
GE,General Electric,114454,GENERAL ELECTRIC COMPANY,PRICEWATERHOUSECOOPERS
GE,General Electric,114983,GENERAL ELECTRIC CO,COVINGTON & BURLING LLP
GE,General Electric,115582,GENERAL ELECTRIC COMPANY,CROWELL & MORING LLP
GE,General Electric,116156,GENERAL ELECTRIC CAPITAL CORP,DAVIS & HARMAN LLP
GE,General Electric,116555,GENERAL ELECTRIC,DELOITTE TAX LLP
GE,General Electric,116791,GENERAL ELECTRIC PENSION TRUST,DEWEY BALLANTINE LLP
GE,General Electric,120835,GENERAL ELECTRIC COMPANY,"FONTHEIM INTERNATIONAL, LLC"
GE,General Electric,121527,GENERAL ELECTRIC COMPANY (INCLUDING SUBSIDIARIES),GENERAL ELECTRIC COMPANY (INCLUDING SUBSIDIARIES)
GE,General Electric,121681,GENERAL ELECTRIC CAPITAL CORPORATION,"GIBSON, DUNN & CRUTCHER LLP"
GE,General Electric,123145,GENERAL ELECTRIC CO,HAND ARENDALL
GE,General Electric,123901,GENERAL ELECTRIC COMPANY,HOGAN LOVELLS CADWALADER US LLP (FKA HOGAN LOVELLS US LLP)
GE,General Electric,125634,GENERAL ELECTRIC CO,PALMETTO GROUP
GE,General Electric,125982,GENERAL ELECTRIC STRUCTURED FINANCE,HUNTON ANDREWS KURTH LLP
GE,General Electric,127503,GENERAL ELECTRIC CO,"JONES WALKER, LLP"
GE,General Electric,128281,GENERAL ELECTRIC CO (GE),KING & SPALDING LLP
GE,General Electric,130141,GENERAL ELECTRIC CO CORP R&D CENTER,MADDEN CO
GE,General Electric,131250,GENERAL ELECTRIC COMPANY,MAYER BROWN LLP
GE,General Electric,131252,GENERAL ELECTRIC AIRCRAFT ENGINES,MAYER BROWN LLP
GE,General Electric,131654,GENERAL ELECTRIC CO,MCCUTCHEN DOYLE BROWN & ENERSEN
GE,General Electric,133688,GENERAL ELECTRIC (MARINE & INDUSTRIAL GAS TURBINES),MOSHER & ASSOC
GE,General Electric,133696,GENERAL ELECTRIC CAPITAL CORP,KATE MOSS
GE,General Electric,134980,GENERAL ELECTRIC COMPANY,NOSSAMAN LLP
GE,General Electric,135393,GENERAL ELECTRIC CO,"RYAN MACKINNON VASAPOLI AND BERZOK, LLP"
GE,General Electric,137826,GENERAL ELECTRIC CO,PAUL HASTINGS LLP
GE,General Electric,138376,GENERAL ELECTRIC CO,"PODESTA GROUP, INC."
GE,General Electric,138414,GENERAL ELECTRIC MORTGAGE INSURANCE,"PODESTA GROUP, INC."
GE,General Electric,138696,GENERAL ELECTRIC COMPANY,"PODESTA GROUP, INC."
GE,General Electric,139101,PORTLAND GENERAL ELECTRIC CO,PORTLAND GENERAL ELECTRIC CO
GE,General Electric,140907,GENERAL ELECTRIC CO,REED SMITH LLP
GE,General Electric,141649,GENERAL ELECTRIC,LIZ ROBBINS ASSOCIATES
GE,General Electric,141828,NEW NAME: GE AVIATION (FORMERLY KNOWN AS GENERAL ELECTRIC CO ),"ROBISON INTERNATIONAL, INC."
GE,General Electric,143669,GENERAL ELECTRIC CO,SIDLEY AUSTIN LLP
GE,General Electric,144079,GENERAL ELECTRIC COMPANY,"SKADDEN, ARPS, SLATE, MEAGHER & FLOM LLP"
GE,General Electric,144615,GENERAL ELECTRIC COMPANY,"THE SMITH-FREE GROUP, LLC"
GE,General Electric,144671,GENERAL ELECTRIC CO,ROBERT D. SNEED
GE,General Electric,146091,GENERAL ELECTRIC APPLIANCES,"STUNTZ DAVIS & STAFFIER, P.C."
GE,General Electric,146170,GENERAL ELECTRIC COMPANY (INCLUDING SUBSIDIARIES),SULLIVAN & CROMWELL LLP
GE,General Electric,146268,GENERAL ELECTRIC CORP,SWIDLER BERLIN LLP
GE,General Electric,148076,GENERAL ELECTRIC,VAN SCOYOC ASSOCIATES
GE,General Electric,149072,GENERAL ELECTRIC COMPANY,VENABLE LLP
GE,General Electric,149385,GENERAL ELECTRIC CO,VERNER LIIPFERT BERNHARD MCPHERSON & HAND
GE,General Electric,149558,PORTLAND GENERAL ELECTRIC CO,VINSON & ELKINS LLP
GE,General Electric,149833,GENERAL ELECTRIC CO,WASHINGTON COUNSEL
GE,General Electric,150596,PORTLAND GENERAL ELECTRIC,"WEXLER | WALKER, A UNIT OF HILL+KNOWLTON STRATEGIES, LLC"
GE,General Electric,151491,GENERAL ELECTRIC COMPANY (PREVIOUSLY REPORTED AS GE AVIATION),"WILLIAMS AND JENSEN, PLLC"
GE,General Electric,152165,GENERAL ELECTRIC STRUCTURED FINANCE,WINSTON TAYLOR LLP (FORMERLY KNOWN AS WINSTON & STRAWN LLP)
GE,General Electric,152662,GENERAL ELECTRIC CO,THE ACCORD GROUP
GE,General Electric,154413,GENERAL ELECTRIC CO,"ANDAHAZY & ASSOC, WILLIAM J."
GE,General Electric,155318,GENERAL ELECTRIC CO,"EDWARDS, JACK"
GE,General Electric,156191,GENERAL ELECTRIC CO,SOLOMON GROUP
GE,General Electric,156321,GENERAL ELECTRIC CO,"THE LIVINGSTON GROUP, LLC"
GE,General Electric,156940,GENERAL ELECTRIC CO,WINNING STRATEGIES WASHINGTON
GE,General Electric,157427,GENERAL ELECTRIC,"TCH GROUP, LLC"
GE,General Electric,157506,GENERAL ELECTRIC COMPANY,BINGHAM MCCUTCHEN LLP
GE,General Electric,160010,GENERAL ELECTRIC COMPANY,ERNST & YOUNG LLP (WASHINGTON COUNCIL ERNST & YOUNG)
GE,General Electric,161343,GE VERNOVA POWER CONVERSION AND STORAGE FKA GENERAL ELECTRIC COMPANY,STRATEGIC MARKETING INNOVATIONS
GE,General Electric,161666,GENERAL ELECTRIC,THE RABEN GROUP
GE,General Electric,162214,PORTLAND GENERAL ELECTRIC,WASHINGTON2 ADVOCATES
GE,General Electric,162845,GENERAL ELECTRIC CO,"STATE STREET PARTNERS, L.L.C."
GE,General Electric,162947,GENERAL ELECTRIC COMPANY,"CAPITOL TAX PARTNERS, LLP"
GE,General Electric,163110,GENERAL ELECTRIC ENERGY FINANCIAL SERVICES,"CAPITOL TAX PARTNERS, LLP"
GE,General Electric,163600,GENERAL ELECTRIC,"C2 GROUP, LLC"
GE,General Electric,164285,GENERAL ELECTRIC,"ABERNATHY CONSULTANTS, CATHY"
GE,General Electric,165477,GENERAL ELECTRIC,"CUMMINGS, PHILIP T."
GE,General Electric,166365,GENERAL ELECTRIC COMPANY,"FEDERAL POLICY GROUP, LLC"
GE,General Electric,166367,GENERAL ELECTRIC CO,AFT ASSOC
GE,General Electric,166912,GENERAL ELECTRIC TRANSPORTATION,"SIGNAL GROUP CONSULTING, LLC"
GE,General Electric,167015,GENERAL ELECTRIC COMPANY,"SIGNAL GROUP CONSULTING, LLC"
GE,General Electric,167452,GENERAL ELECTRIC MORTGAGE INSURANCE CORP,POWERSTRATEGIES
GE,General Electric,167632,GENERAL ELECTRIC,PAW AND ASSOCIATES
GE,General Electric,169767,GENERAL ELECTRIC ENERGY FINANCIAL SERVICES,"CGCN GROUP, LLC"
GE,General Electric,171060,PORTLAND GENERAL ELECTRIC CO,MICHAEL A. ANDREWS
GE,General Electric,171201,GENERAL ELECTRIC CO,TROUTMAN STRATEGIES
GE,General Electric,171467,GENERAL ELECTRIC COMPANY,ERIS GROUP
GE,General Electric,173064,GENERAL ELECTRIC COMPANY,FGS GLOBAL (US) LLC (FKA FGH HOLDINGS LLC)
GE,General Electric,174773,GENERAL ELECTRIC AVIATION,"CAPITOL HILL STRATEGIES,  LLC"
GE,General Electric,177150,GENERAL ELECTRIC,KEEPTHECHANGELLC
GE,General Electric,177153,GOVBIZ ADVANTAGE (FOR GENERAL ELECTRIC),KEEPTHECHANGELLC
GE,General Electric,177275,GENERAL ELECTRIC,"MICHAEL N. MATTON AND ASSOCIATES, L.L.C."
GE,General Electric,177288,GENERAL ELECTRIC CAPITAL CORPORATION FKA GENERAL ELECTRIC COMPANY,TASSEY & ASSOCIATES
GE,General Electric,178488,GENERAL ELECTRIC COMPANY,"THE NICKLES GROUP, LLC"
GE,General Electric,178928,GENERAL ELECTRIC COMPANY,THE WASHINGTON TAX & PUBLIC POLICY GROUP
GE,General Electric,181684,GENERAL ELECTRIC,AMERICAN CAPITOL GROUP
GE,General Electric,182098,GENERAL ELECTRIC,"THE NORMANDY GROUP, LLC"
GE,General Electric,183259,GENERAL ELECTRIC COMPANY,"KATTEN MUCHIN ROSENMAN, LLP"
GE,General Electric,184164,GENERAL ELECTRIC COMPANY,"AVOQ, LLC"
GE,General Electric,184421,GENERAL ELECTRIC HEALTHCARE,CAPITOL COUNSEL LLC
GE,General Electric,184429,GENERAL ELECTRIC COMPANY,CAPITOL COUNSEL LLC
GE,General Electric,185441,GENERAL ELECTRIC (ON BEHALF OF NBC UNIVERSAL),GEPHARDT GROUP GOVERNMENT AFFAIRS
GE,General Electric,185469,GENERAL ELECTRIC,GEPHARDT GROUP GOVERNMENT AFFAIRS
GE,General Electric,185507,GENERAL ELECTRIC COMPANY (PREVIOUSLY REPORTED AS GE AVIATION),GEPHARDT GROUP GOVERNMENT AFFAIRS
GE,General Electric,186697,GENERAL ELECTRIC COMPANY,"KOUNTOUPES DENHAM CARR & REID, LLC"
GE,General Electric,186917,PORTLAND GENERAL ELECTRIC,"VAN HEUVELEN STRATEGIES, LLC"
GE,General Electric,187890,GENERAL ELECTRIC,BREAUX LOTT LEADERSHIP GROUP
GE,General Electric,188666,PORTLAND GENERAL ELECTRIC,PORTLAND GENERAL ELECTRIC
GE,General Electric,189395,"NASON GROUP, LLC ON BEHALF OF GENERAL ELECTRIC TRANSPORTATION",THE DOERRER GROUP LLC
GE,General Electric,189396,GENERAL ELECTRIC TRANSPORTATION,THE DOERRER GROUP LLC
GE,General Electric,189573,GENERAL ELECTRIC COMPANY,HBW RESOURCES
GE,General Electric,190955,GENERAL ELECTRIC TRANSPORTATION,NICOLE NASON
GE,General Electric,191182,GENERAL ELECTRIC,THE ASHWORTH GROUP
GE,General Electric,192071,GENERAL ELECTRIC COMPANY,"BEHAN COMMUNICATIONS, INC."
GE,General Electric,192714,GENERAL ELECTRIC,JAMES MCGOVERN
GE,General Electric,193182,GENERAL ELECTRIC COMPANY (FKA GE AVIATION),"FIFESTRATEGIES, LLC"
GE,General Electric,195419,"GENERAL ELECTRIC, ENERGY FINANCIAL SERVICES","LAWLER STRATEGIES, LLC"
GE,General Electric,197165,GENERAL ELECTRIC COMPANY,"THE RINGO GROUP, LLC"
GE,General Electric,197448,GENERAL ELECTRIC ENERGY FINANCIAL SERVICES,FTI GOVERNMENT AFFAIRS
GE,General Electric,199752,GENERAL ELECTRIC CORPORATION,US POLICY STRATEGIES
GE,General Electric,199775,GENERAL ELECTRIC COMPANY,"TAX POLICY ADVISORS, LLC"
GE,General Electric,201393,GENERAL ELECTRIC COMPANY,"MILLER STRATEGIES, LLC"
GE,General Electric,202830,GENERAL ELECTRIC COMPANY,GDR STRATEGIES
GE,General Electric,203664,GENERAL ELECTRIC COMPANY,"ELEVATE GOVERNMENT AFFAIRS, LLC"
GE,General Electric,206675,GENERAL ELECTRIC COMPANY,CARDINAL POINT PARTNERS
GE,General Electric,212714,"THE VOGEL GROUP, LLC (ON BEHALF OF PORTLAND GENERAL ELECTRIC)","STEPHEN WARD CONSULTING, LLC"
GE,General Electric,212819,PORTLAND GENERAL ELECTRIC,THE VOGEL GROUP
GE,GE Aerospace,44560,GE AEROSPACE,"MEHLMAN CONSULTING, INC."
GE,GE Aerospace,55144,GE AEROSPACE,"CROSSROADS STRATEGIES, LLC"
GE,GE Aerospace,56130,GE AEROSPACE,"MORAN GLOBAL STRATEGIES, INC."
GE,GE Aerospace,56278,"MORAN GLOBAL STRATEGIES, INC. (O/B/O GE AEROSPACE)",DIROMA ECK & CO. LLP
GE,GE Aerospace,60764,GE AEROSPACE,STRATEGIC MARKETING INNOVATIONS
GE,GE Aerospace,67359,GENERAL ELECTRIC COMPANY DBA GE AEROSPACE,AKIN GUMP STRAUSS HAUER & FELD
GE,GE Aerospace,108972,GENEVA AEROSPACE,THE RHOADS GROUP
GE,GE Aerospace,123820,GENMECH AEROSPACE,"GEORGE J. HOCHBRUECKNER & ASSOCIATES, INC."
GE,GE Aerospace,199309,GE AEROSPACE,"HARBINGER STRATEGIES, LLC"
GE,GE Aerospace,213708,GENVAC AEROSPACE,"ERVIN GRAVES STRATEGY GROUP, LLC"
GILD,Gilead,51299,"GILEAD SCIENCES, INC.",TODD STRATEGY GROUP
GILD,Gilead,54362,"GILEAD SCIENCES, INC.",TIBER CREEK GROUP
GILD,Gilead,60766,"GILEAD SCIENCES, INC.","THEGROUP DC, LLC"
GILD,Gilead,66842,"GILEAD SCIENCES, INC.","MILLER STRATEGIES, LLC"
GILD,Gilead,67738,"TIBER CREEK GROUP ON BEHALF OF GILEAD SCIENCES, INC.","B HALL STRATEGIES, LLC"
GILD,Gilead,100864,GILEAD SCIENCES INC,AKIN GUMP STRAUSS HAUER & FELD
GILD,Gilead,105268,GILEAD SCIENCES INC,BAKER & HOSTETLER LLP
GILD,Gilead,106635,"GILEAD SCIENCES, INC.",BGR GOVERNMENT AFFAIRS
GILD,Gilead,117738,"GILEAD SCIENCES, INC.",THE DUBERSTEIN GROUP INC.
GILD,Gilead,135716,GILEAD SCIENCES,"OLSSON, FRANK, WEEDA, TERMAN & MATZ, PC"
GILD,Gilead,138626,GILEAD SCIENCES,"PODESTA GROUP, INC."
GILD,Gilead,150012,GILEAD SCIENCES,THE WASHINGTON GROUP
GILD,Gilead,153973,"GILEAD SCIENCES, INC.","JEFFREY J. KIMBELL & ASSOCIATES, INC."
GILD,Gilead,161528,GILEAD SCIENCES,"DCI GROUP, L.L.C."
GILD,Gilead,163119,"GILEAD SCIENCES, INC.","CAPITOL TAX PARTNERS, LLP"
GILD,Gilead,170639,GILEAD SCIENCES INC,FOLEY HOAG LLP
GILD,Gilead,176454,"GILEAD SCIENCES, INC.",THE MCMANUS GROUP
GILD,Gilead,176597,GILEAD SCIENCES INC,"GILEAD SCIENCES, INC."
GILD,Gilead,178573,"GILEAD SCIENCES, INC.","THE NICKLES GROUP, LLC"
GILD,Gilead,178934,DCI GROUP (GILEAD SCIENCES),THE WASHINGTON TAX & PUBLIC POLICY GROUP
GILD,Gilead,180718,"GILEAD SCIENCES, INC.",WALTER CONSULTING
GILD,Gilead,181321,"GILEAD SCIENCES, INC.","TARPLIN, DOWNS & YOUNG, LLC"
GILD,Gilead,185310,GILEAD SCIENCES,"RUBICON ADVISORS, LLC"
GILD,Gilead,191835,GILEAD SCIENCES,EVERTZ GROUP LLC
GILD,Gilead,193518,"GILEAD SCIENCES, INC.","W STRATEGIES, LLC"
GILD,Gilead,193830,GILEAD SCIENCES INC,"EAST END GROUP, LLC"
GILD,Gilead,194372,GILEAD,STEVE BUYER GROUP
GILD,Gilead,194397,GILEAD SCIENCES INC.,EMPIRE CONSULTING GROUP
GILD,Gilead,200416,GILEAD SCIENCES INC.,FARRAGUT PARTNERS LLP
GILD,Gilead,202512,GILEAD SCIENCES,10-SQUARE SOLUTIONS
GILD,Gilead,203435,"GILEAD SCIENCES, INC.","GRIFFIN CONSULTING, LLC"
GILD,Gilead,205130,"GILEAD SCIENCES, INC.",FORBES-TATE
GILD,Gilead Sciences,51299,"GILEAD SCIENCES, INC.",TODD STRATEGY GROUP
GILD,Gilead Sciences,54362,"GILEAD SCIENCES, INC.",TIBER CREEK GROUP
GILD,Gilead Sciences,60766,"GILEAD SCIENCES, INC.","THEGROUP DC, LLC"
GILD,Gilead Sciences,66842,"GILEAD SCIENCES, INC.","MILLER STRATEGIES, LLC"
GILD,Gilead Sciences,67738,"TIBER CREEK GROUP ON BEHALF OF GILEAD SCIENCES, INC.","B HALL STRATEGIES, LLC"
GILD,Gilead Sciences,100864,GILEAD SCIENCES INC,AKIN GUMP STRAUSS HAUER & FELD
GILD,Gilead Sciences,105268,GILEAD SCIENCES INC,BAKER & HOSTETLER LLP
GILD,Gilead Sciences,106635,"GILEAD SCIENCES, INC.",BGR GOVERNMENT AFFAIRS
GILD,Gilead Sciences,117738,"GILEAD SCIENCES, INC.",THE DUBERSTEIN GROUP INC.
GILD,Gilead Sciences,135716,GILEAD SCIENCES,"OLSSON, FRANK, WEEDA, TERMAN & MATZ, PC"
GILD,Gilead Sciences,138626,GILEAD SCIENCES,"PODESTA GROUP, INC."
GILD,Gilead Sciences,150012,GILEAD SCIENCES,THE WASHINGTON GROUP
GILD,Gilead Sciences,153973,"GILEAD SCIENCES, INC.","JEFFREY J. KIMBELL & ASSOCIATES, INC."
GILD,Gilead Sciences,161528,GILEAD SCIENCES,"DCI GROUP, L.L.C."
GILD,Gilead Sciences,163119,"GILEAD SCIENCES, INC.","CAPITOL TAX PARTNERS, LLP"
GILD,Gilead Sciences,170639,GILEAD SCIENCES INC,FOLEY HOAG LLP
GILD,Gilead Sciences,176454,"GILEAD SCIENCES, INC.",THE MCMANUS GROUP
GILD,Gilead Sciences,176597,GILEAD SCIENCES INC,"GILEAD SCIENCES, INC."
GILD,Gilead Sciences,178573,"GILEAD SCIENCES, INC.","THE NICKLES GROUP, LLC"
GILD,Gilead Sciences,178934,DCI GROUP (GILEAD SCIENCES),THE WASHINGTON TAX & PUBLIC POLICY GROUP
GILD,Gilead Sciences,180718,"GILEAD SCIENCES, INC.",WALTER CONSULTING
GILD,Gilead Sciences,181321,"GILEAD SCIENCES, INC.","TARPLIN, DOWNS & YOUNG, LLC"
GILD,Gilead Sciences,185310,GILEAD SCIENCES,"RUBICON ADVISORS, LLC"
GILD,Gilead Sciences,191835,GILEAD SCIENCES,EVERTZ GROUP LLC
GILD,Gilead Sciences,193518,"GILEAD SCIENCES, INC.","W STRATEGIES, LLC"
GILD,Gilead Sciences,193830,GILEAD SCIENCES INC,"EAST END GROUP, LLC"
GILD,Gilead Sciences,194397,GILEAD SCIENCES INC.,EMPIRE CONSULTING GROUP
GILD,Gilead Sciences,200416,GILEAD SCIENCES INC.,FARRAGUT PARTNERS LLP
GILD,Gilead Sciences,202512,GILEAD SCIENCES,10-SQUARE SOLUTIONS
GILD,Gilead Sciences,203435,"GILEAD SCIENCES, INC.","GRIFFIN CONSULTING, LLC"
GILD,Gilead Sciences,205130,"GILEAD SCIENCES, INC.",FORBES-TATE
GM,General Motors,64210,GENERAL MOTORS COMPANY,RIDGE PATH STRATEGIES
GM,General Motors,66612,GENERAL MOTORS LLC,"VENTURE GOVERNMENT STRATEGIES, LLC (FKA HOBART HALLAWAY & QUAYLE VENTURES, LLC)"
GM,General Motors,67423,GENERAL MOTORS LLC,"MILLER STRATEGIES, LLC"
GM,General Motors,68232,GENERAL MOTORS LLC,"SIGHTLINE ADVOCACY, LLC"
GM,General Motors,105378,GENERAL MOTORS CORPORATION,"BAKER & MCKENZIE, LLP"
GM,General Motors,105400,SATURN CORPORATION C/O GENERAL MOTORS CORPORATION,"BAKER & MCKENZIE, LLP"
GM,General Motors,107215,GENERAL MOTORS LLC,BEN BARNES GROUP LP
GM,General Motors,108210,GENERAL MOTORS CORPORATION,BKSH & ASSOCIATES
GM,General Motors,111741,GENERAL MOTORS CORP,"CARR, BOB"
GM,General Motors,112926,GENERAL MOTORS,"NAVIGANT CONSULTING, INC."
GM,General Motors,114524,GENERAL MOTORS,PRICEWATERHOUSECOOPERS
GM,General Motors,115150,GENERAL MOTORS CORPORATION,COVINGTON & BURLING LLP
GM,General Motors,116209,GENERAL MOTORS CORP,DAVIS & HARMAN LLP
GM,General Motors,116236,GENERAL MOTORS ASSET MANAGEMENT CORP,DAVIS & HARMAN LLP
GM,General Motors,117658,GENERAL MOTORS CORP.,THE DUBERSTEIN GROUP INC.
GM,General Motors,118373,GENERAL MOTORS COMPANY,"DUTKO WORLDWIDE, LLC"
GM,General Motors,118757,GENERAL MOTORS CORP,"ECKERT SEAMANS CHERIN & MELLOTT, LLC"
GM,General Motors,119122,GENERAL MOTORS,"EOP GROUP, INC."
GM,General Motors,121536,GENERAL MOTORS CORPORATION,GENERAL MOTORS CORPORATION
GM,General Motors,122285,GENERAL MOTORS CORPORATION,"GREENBERG TRAURIG, LLP"
GM,General Motors,122427,GENERAL MOTORS LLC,"GREENBERG TRAURIG, LLP"
GM,General Motors,123134,GENERAL MOTORS LLC,HANCE SCARBOROUGH
GM,General Motors,123903,GENERAL MOTORS CORPORATION,HOGAN LOVELLS CADWALADER US LLP (FKA HOGAN LOVELLS US LLP)
GM,General Motors,125416,GENERAL MOTORS LLC,HOLLAND & KNIGHT LLP
GM,General Motors,126688,GENERAL MOTORS CORP,JEFFERSON GROUP
GM,General Motors,128372,GENERAL MOTORS,KING & SPALDING LLP
GM,General Motors,128618,GENERAL MOTORS CORP,KIRKLAND & ELLIS LLP
GM,General Motors,132785,GENERAL MOTORS CORP,MILBANK TWEED HADLEY & MCCLOY
GM,General Motors,133815,GENERAL MOTORS CORP,"MULTINATIONAL BUSINESS SERVICES, INC."
GM,General Motors,134563,GENERAL MOTORS,"NATIONAL STRATEGIES, INC."
GM,General Motors,134889,GENERAL MOTORS COMPANY,"THE OB-C GROUP, LLC"
GM,General Motors,135156,GENERAL MOTORS CORPORATION,NOSSAMAN LLP
GM,General Motors,136173,GENERAL MOTORS CORPORATION,"PARRY, ROMANI, DECONCINI & SYMMS"
GM,General Motors,138063,GENERAL MOTORS CORP,PEPPER HAMILTON
GM,General Motors,138650,GENERAL MOTORS COMPANY,"PODESTA GROUP, INC."
GM,General Motors,139046,GENERAL MOTORS CORPORATION,"POLICY IMPACT COMMUNICATIONS, INC."
GM,General Motors,140592,GENERAL MOTORS COMPANY,"PUBLIC STRATEGIES, INC."
GM,General Motors,143198,GENERAL MOTORS,PILLSBURY WINTHROP SHAW PITTMAN LLP
GM,General Motors,143751,GENERAL MOTORS CORPORATION,SIDLEY AUSTIN LLP
GM,General Motors,144073,GENERAL MOTORS INVESTMENT MANAGEMENT CORPORATION,"SKADDEN, ARPS, SLATE, MEAGHER & FLOM LLP"
GM,General Motors,145849,GENERAL MOTORS CORPORATION,MR. JOHN STINSON
GM,General Motors,146516,GENERAL MOTORS,THOMPSON AND NAUGHTON INC.
GM,General Motors,147288,GENERAL MOTORS CORP,VAN FLEET ASSOCIATES
GM,General Motors,148020,GENERAL MOTORS COMPANY,VAN SCOYOC ASSOCIATES
GM,General Motors,149199,GENERAL MOTORS,VERNER LIIPFERT BERNHARD MCPHERSON & HAND
GM,General Motors,149898,GENERAL MOTORS,WASHINGTON COUNSEL
GM,General Motors,150341,GENERAL MOTORS CORP,"WEIL, GOTSHAL & MANGES LLP"
GM,General Motors,150456,GENERAL MOTORS CORPORATION,"WEXLER | WALKER, A UNIT OF HILL+KNOWLTON STRATEGIES, LLC"
GM,General Motors,150842,GENERAL MOTORS,"WIGHT, BILL"
GM,General Motors,150945,GENERAL MOTORS,WILEY REIN LLP
GM,General Motors,151245,GENERAL MOTORS ACCEPTANCE CORP,"WILLIAMS AND JENSEN, PLLC"
GM,General Motors,151983,GENERAL MOTORS CORP,WINSTON TAYLOR LLP (FORMERLY KNOWN AS WINSTON & STRAWN LLP)
GM,General Motors,152193,GENERAL MOTORS INVESTMENT MANAGEMENT CORPORATION,WINSTON TAYLOR LLP (FORMERLY KNOWN AS WINSTON & STRAWN LLP)
GM,General Motors,154807,GENERAL MOTORS,RONALD SYKES
GM,General Motors,154853,GENERAL MOTORS,ALICIA DUGAN-SYKES
GM,General Motors,157266,GENERAL MOTORS CORP,ALFRED CORTESE
GM,General Motors,157650,GENERAL MOTORS CORPORATION,BOB MOSS ASSOCIATES
GM,General Motors,160192,GENERAL MOTORS,ERNST & YOUNG LLP (WASHINGTON COUNCIL ERNST & YOUNG)
GM,General Motors,161448,GENERAL MOTORS,"DCI GROUP, L.L.C."
GM,General Motors,162050,GENERAL MOTORS COMPANY,RICCHETTI INCORPORATED
GM,General Motors,162545,GENERAL MOTORS CORP,JENNINGS POLICY STRATEGIES
GM,General Motors,165205,GENERAL MOTORS CORP,"E-COPERNICUS, LLC"
GM,General Motors,165760,GENERAL MOTORS INVESTMENT MANAGEMENT COMPANY,CLIFFORD CHANCE US LLP
GM,General Motors,166393,GENERAL MOTORS CORPORATION,"FEDERAL POLICY GROUP, LLC"
GM,General Motors,168980,GENERAL MOTORS CORP,PATRICIA LYNCH ASSOCIATES
GM,General Motors,169185,GENERAL MOTORS,DLA PIPER LLP (US)
GM,General Motors,169729,GENERAL MOTORS COMPANY,"CGCN GROUP, LLC"
GM,General Motors,172701,GENERAL MOTORS COMPANY,"NAVIGATORS GLOBAL LLC (FORMERLY DC NAVIGATORS, LLC)"
GM,General Motors,173879,GENERAL MOTORS COMPANY,UPSTREAM CONSULTING
GM,General Motors,176310,GENERAL MOTORS COMPANY,NELSON MULLINS RILEY & SCARBOROUGH
GM,General Motors,177335,GENERAL MOTORS ACCEPTANCE CORPORATION,PROMONTORY FINANCIAL GROUP
GM,General Motors,177337,GENERAL MOTORS CORPORATION,PROMONTORY FINANCIAL GROUP
GM,General Motors,177527,GENERAL MOTORS LLC,"BOCKORNY GROUP, INC."
GM,General Motors,178483,GENERAL MOTORS LLC,"THE NICKLES GROUP, LLC"
GM,General Motors,178976,GENERAL MOTORS COMPANY,THE WASHINGTON TAX & PUBLIC POLICY GROUP
GM,General Motors,179108,GENERAL MOTORS COMPANY,"GRAY GLOBAL ADVISORS, LLC"
GM,General Motors,182096,GENERAL MOTORS COMPANY,"THE NORMANDY GROUP, LLC"
GM,General Motors,182347,DUTKO GRAYLING ON BEHALF OF GENERAL MOTORS,KELLEY DRYE & WARREN LLP
GM,General Motors,182548,GENERAL MOTORS COMPANY,"POLARIS GOVERNMENT RELATIONS, LLC"
GM,General Motors,183298,GENERAL MOTORS COMPANY,THE FRITTS GROUP
GM,General Motors,185391,GENERAL MOTORS LLC,ROBERTI ASSOCIATES
GM,General Motors,190575,GENERAL MOTORS COMPANY,"POLARIS-HUTTON GROUP, LLC"
GM,General Motors,191517,GENERAL MOTORS COMPANY,GENERAL MOTORS COMPANY
GM,General Motors,194313,GENERAL MOTORS COMPANY,"DS2 GROUP, LLC"
GM,General Motors,194674,GENERAL MOTORS LLC,"THE MAJORITY GROUP, LLC"
GM,General Motors,195052,"GENERAL MOTORS, LLC","ROBERTI GLOBAL (FKA ROBERTI WHITE, LLC)"
GM,General Motors,195107,GENERAL MOTORS,"JTM CONSULTING, LLC"
GM,General Motors,195155,GENERAL MOTORS,S-3 GROUP
GM,General Motors,195836,GENERAL MOTORS COMPANY,"PURPLE ADVOCACY, LLC"
GM,General Motors,200677,GENERAL MOTORS,THE WILLIAMS GROUP
GM,General Motors,201287,GENERAL MOTORS LLC,BALLARD PARTNERS
GM,General Motors,201631,TOWER 19 ON BEHALF OF GENERAL MOTORS COMPANY,LINCOLN PARK GROUP L.L.C.
GM,General Motors,203317,GENERAL MOTORS COMPANY,TOWER 19
GM,General Motors,203557,GENERAL MOTORS COMPANY,"BL PARTNERS GROUP, LLC"
GM,General Motors,204162,GENERAL MOTORS COMPANY,"ERVIN GRAVES STRATEGY GROUP, LLC"
GM,General Motors,205615,GENERAL MOTORS COMPANY,SWEENEY & ASSOCIATES LLC LLC
GM,General Motors,208777,GENERAL MOTORS COMPANY,FIERCE GOVERNMENT RELATIONS
GM,General Motors,208778,GENERAL MOTORS COMPANY,"MISSY EDWARDS STRATEGIES, LLC"
GM,General Motors,208783,GENERAL MOTORS,"RESOLUTION PUBLIC AFFAIRS, LLC"
GM,General Motors,208786,GENERAL MOTORS LLC,"ELEVATE GOVERNMENT AFFAIRS, LLC"
GM,General Motors,208829,GENERAL MOTORS COMPANY,"BROWNSTEIN HYATT FARBER SCHRECK, LLP"
GOOG,Google,52683,GOOGLE CLIENT SERVICES LLC,"ML STRATEGIES, LLC"
GOOG,Google,52687,GOOGLE CLIENT SERVICES LLC,JEFFRIES STRATEGIES LLC
GOOG,Google,54828,"GOOGLE CLIENT SERVICES, LLC",RYAN COSTELLO STRATEGIES
GOOG,Google,56828,GOOGLE LLC,"CROSSROADS STRATEGIES, LLC"
GOOG,Google,57175,GOOGLE CLIENT SERVICES LLC,PACESETTER STRATEGIES FORMERLY KNOWN AS K. BLACK STRATEGIES LLC
GOOG,Google,59919,CORNERSTONE GOVERNMENT AFFAIRS OBO GOOGLE CLIENT SERVICES LLC,"JGB & ASSOCIATES, LLC"
GOOG,Google,63122,GOOGLE CLOUD,"CONTINENTAL STRATEGY, LLC"
GOOG,Google,63549,GOOGLE CLIENT SERVICES LLC,JAMES JOCHUM
GOOG,Google,64974,GOOGLE CLIENT SERVICES LLC,AKIN GUMP STRAUSS HAUER & FELD
GOOG,Google,68381,"GOOGLE, INC.","RUBIN, TURNBULL & ASSOCIATES"
GOOG,Google,70262,"GOOGLE CLIENT SERVICES, LLC","KOUNTOUPES DENHAM CARR & REID, LLC"
GOOG,Google,101032,"GOOGLE, INC.",AKIN GUMP STRAUSS HAUER & FELD
GOOG,Google,105455,"GOOGLE, INC.","BAKER & MCKENZIE, LLP"
GOOG,Google,109895,GOOGLE,"BROWNSTEIN HYATT FARBER SCHRECK, LLP"
GOOG,Google,113205,GOOGLE,CHESAPEAKE ENTERPRISES
GOOG,Google,118317,GOOGLE INC.,"DUTKO WORLDWIDE, LLC"
GOOG,Google,125315,"GOOGLE, INC.",HOLLAND & KNIGHT LLP
GOOG,Google,126075,"GOOGLE, INC.",HUNTON ANDREWS KURTH LLP
GOOG,Google,128349,GOOGLE INC,KING & SPALDING LLP
GOOG,Google,133621,GOOGLE INC.,"MORGAN, LEWIS & BOCKIUS, LLP"
GOOG,Google,138487,GOOGLE INC,"PODESTA GROUP, INC."
GOOG,Google,147507,"GOOGLE, INC.","VAN NESS FELDMAN, LLP"
GOOG,Google,149077,GOOGLE INC.,VENABLE LLP
GOOG,Google,151782,"GOOGLE, INC.",WILMER CUTLER PICKERING HALE AND DORR LLP
GOOG,Google,152777,GOOGLE INC,"HWG LLP (F/K/A HARRIS, WILTSHIRE & GRANNIS LLP)"
GOOG,Google,153277,GOOGLE INC.,"BROWN WINICK GRAVES GROSS, AND BASKERVILLE PLC"
GOOG,Google,156061,GOOGLE INC,"R. B. MURPHY & ASSOCIATES, LLC"
GOOG,Google,157543,GOOGLE,BINGHAM MCCUTCHEN LLP
GOOG,Google,157631,"GOOGLE, INC.",I STREET ADVOCATES
GOOG,Google,161744,GOOGLE INC.,THE RABEN GROUP
GOOG,Google,163016,GOOGLE,"CAPITOL TAX PARTNERS, LLP"
GOOG,Google,166886,"GOOGLE, INC.","SIGNAL GROUP CONSULTING, LLC"
GOOG,Google,168140,GOOGLE CLIENT SERVICES,"CORNERSTONE GOVERNMENT AFFAIRS, INC."
GOOG,Google,171685,GOOGLE,"PUBLIC POLICY PARTNERS, LLC"
GOOG,Google,172794,PUBLIC POLICY PARTNERS (GOOGLE INC),"GAGE, LLC"
GOOG,Google,175069,GOOGLE CLIENT SERVICES,THE MADISON GROUP
GOOG,Google,176295,GOOGLE INC.,NELSON MULLINS RILEY & SCARBOROUGH
GOOG,Google,181434,GOOGLE,HISPANIC STRATEGY GROUP
GOOG,Google,182104,GOOGLE INC.,"THE NORMANDY GROUP, LLC"
GOOG,Google,185489,GOOGLE CLIENT SERVICES (PREVIOUSLY REPORTED AS GOOGLE),GEPHARDT GROUP GOVERNMENT AFFAIRS
GOOG,Google,186593,GOOGLE CLIENT SERVICES LLC,GOOGLE CLIENT SERVICES LLC
GOOG,Google,186641,GOOGLE CLIENT SERVICES LLC (FORMERLY REPORTING AS GOOGLE),JST STRATEGIES LLC (FORMERLY JOCHUM SHORE & TROSSEVIN PC)
GOOG,Google,186714,"GOOGLE, INC. ON BEHALF OF X","KOUNTOUPES DENHAM CARR & REID, LLC"
GOOG,Google,187735,GOOGLE INC,"FRANKLIN SQUARE GROUP, LLC"
GOOG,Google,187789,WING (FORMERLY X (GOOGLE INC )),"FRANKLIN SQUARE GROUP, LLC"
GOOG,Google,188700,"GOOGLE, INC.","LIBERTY PARTNERS GROUP, LLC"
GOOG,Google,190852,"GOOGLE CLIENT SERVICES, LLC",CAPITOL LEGISLATIVE STRATEGIES LLC
GOOG,Google,192145,GOOGLE CLIENT SERVICES LLC,"CROSSROADS STRATEGIES, LLC"
GOOG,Google,192401,GOOGLE INC.,PRIME POLICY GROUP
GOOG,Google,193006,GOOGLE INC.,THE INGRAM GROUP LLC
GOOG,Google,194050,GOOGLE INC.,"CROWELL STRATEGIES, LLC"
GOOG,Google,194794,GOOGLE INC.,THE LUGAR GROUP (FKA LUGAR HELLMANN GROUP)
GOOG,Google,194974,"GOOGLE, INC.","THE TUGGEY GROUP, LLP F/K/A TUGGEY MCCUTCHEON, LLP"
GOOG,Google,195168,"GOOGLE CLIENT SERVICES, LLC",S-3 GROUP
GOOG,Google,195335,GOOGLE INC,"PUBLIC STRATEGIES 360, LLC"
GOOG,Google,195940,"GOOGLE, INC.",SANDI STUART/THE STUART MURRAY GROUP
GOOG,Google,196917,GOOGLE CLIENT SERVICES LLC,"JGB & ASSOCIATES, LLC"
GOOG,Google,198265,GOOGLE CLIENT SERVICES LLC,"THE SIMMONS & RUSSELL GROUP, LLC"
GOOG,Google,198587,GOOGLE CLIENT SERVICES LLC,OFF HILL STRATEGIES L.L.C.
GOOG,Google,199237,"GOOGLE, INC.",WASHINGTON TECHNOLOGY PROJECT LLC
GOOG,Google,200309,"GOOGLE, INC.",SWAN CREEK STRATEGIES
GOOG,Google,200996,GOOGLE,"PERRY BAYLISS GOVERNMENT RELATIONS, LLC"
GOOG,Google,201627,GOOGLE CLIENT SERVICES L.L.C.,LINCOLN PARK GROUP L.L.C.
GOOG,Google,201868,GOOGLE CLIENT SERVICES LLC,FOCUS DC LLC
GOOG,Google,202577,GOOGLE LLC,"INSIGHT PUBLIC AFFAIRS, INC."
GOOG,Google,202745,GOOGLE,SLAIMAN CONSULTING LLC
GOOG,Google,203320,GOOGLE CLIENT SERVICES LLC,FULCRUM PUBLIC AFFAIRS LLC
GOOG,Google,204770,GOOGLE CLIENT SERVICES LLC (FKA GOOGLE LLC),"CLARK HILL, PLC"
GOOG,Google,205111,GOOGLE PUBLIC SECTOR (FKA GOOGLE CLOUD),THE ROOSEVELT GROUP
GOOG,Google,206367,GOOGLE CLIENT SERVICES LLC (FKA GOOGLE),HILLTOP ADVOCACY
GOOG,Google,211745,GOOGLE CLIENT SERVICES LLC,"MARSHALL & POPP, LLC"
HD,Home Depot,68234,"THE HOME DEPOT, INC.","SIGHTLINE ADVOCACY, LLC"
HD,Home Depot,74465,"THE HOME DEPOT, INC.",DETERMINANT LLC
HD,Home Depot,102040,HOME DEPOT,"ALPINE GROUP PARTNERS, LLC."
HD,Home Depot,108056,HOME DEPOT,BKSH & ASSOCIATES
HD,Home Depot,119197,HOME DEPOT,"EPSTEIN BECKER & GREEN, P.C."
HD,Home Depot,128364,HOME DEPOT INC,KING & SPALDING LLP
HD,Home Depot,128789,HOME DEPOT INC,KPMG LLP
HD,Home Depot,132127,HOME DEPOT,"NT LAKIS, LLP"
HD,Home Depot,132863,HOME DEPOT,"MILLER & CHEVALIER, CHTD"
HD,Home Depot,153391,THE HOME DEPOT,"FIERCE, ISAKOWITZ & BLALOCK"
HD,Home Depot,159922,HOME DEPOT,THE HOME DEPOT
HD,Home Depot,161676,HOME DEPOT,THE RABEN GROUP
HD,Home Depot,163497,HOME DEPOT,"C2 GROUP, LLC"
HD,Home Depot,163783,HOME DEPOT,ALLYNN HOWE
HD,Home Depot,181665,HOME DEPOT,AMERICAN CAPITOL GROUP
HD,Home Depot,183532,HOME DEPOT,SIFF & LAKE LLP
HD,Home Depot,184111,HOME DEPOT,"AVOQ, LLC"
HD,Home Depot,184355,HOME DEPOT,CAPITOL COUNSEL LLC
HD,Home Depot,184815,THE HOME DEPOT,INVARIANT LLC
HD,Home Depot,186994,HOME DEPOT,KATHERINE CHILDRESS
HD,Home Depot,190953,"THE HOME DEPOT U.S.A., INC.",KRUMHOLTZ STRATEGIC CONSULTING LLC
HD,Home Depot,199163,THE HOME DEPOT,FIERCE GOVERNMENT RELATIONS
HD,Home Depot,199330,THE HOME DEPOT,"HARBINGER STRATEGIES, LLC"
HON,Honeywell,45654,HONEYWELL INTERNATIONAL INC.,"BROWNSTEIN HYATT FARBER SCHRECK, LLP"
HON,Honeywell,55388,HONEYWELL INTERNATIONAL INC.,"INNOVATIVE FEDERAL STRATEGIES, LLC"
HON,Honeywell,55469,HONEYWELL,"ETHERTON AND ASSOCIATES, INC."
HON,Honeywell,57242,"HONEYWELL INTERNATIONAL, INC.",CORRIGAN & USSERY LLC
HON,Honeywell,63626,HONEYWELL INTERNATIONAL,FARRAGUT PARTNERS LLP
HON,Honeywell,64561,"HONEYWELL INTERNATIONAL, INC.","CGCN GROUP, LLC"
HON,Honeywell,64858,"HONEYWELL INTERNATIONAL, INC.",HOLLAND & KNIGHT LLP
HON,Honeywell,65352,HONEYWELL INTERNATIONAL INC.,ARNOLD & PORTER KAYE SCHOLER LLP
HON,Honeywell,67629,"HONEYWELL INTERNATIONAL, INC.",BGR GOVERNMENT AFFAIRS
HON,Honeywell,69385,HONEYWELL INTERNATIONAL INC.,AMERICAN DEFENSE INTERNATIONAL
HON,Honeywell,74090,HONEYWELL AEROSPACE US LLC,HONEYWELL AEROSPACE US LLC
HON,Honeywell,74568,HONEYWELL AEROSPACE US LLC,"GREENBERG TRAURIG, LLP"
HON,Honeywell,74919,HONEYWELL AEROSPACE US LLC,"ETHERTON AND ASSOCIATES, INC."
HON,Honeywell,100760,HONEYWELL INTERNATIONAL,AKIN GUMP STRAUSS HAUER & FELD
HON,Honeywell,102153,HONEYWELL,"ALPINE GROUP PARTNERS, LLC."
HON,Honeywell,103062,HONEYWELL INTERNATIONAL INC.,ACG ADVOCACY
HON,Honeywell,105391,HONEYWELL INTERNATIONAL,"BAKER & MCKENZIE, LLP"
HON,Honeywell,105392,HONEYWELL TECHNOLOGY SOLUTIONS INC,"BAKER & MCKENZIE, LLP"
HON,Honeywell,108154,HONEYWELL,BKSH & ASSOCIATES
HON,Honeywell,117705,HONEYWELL INTERNATIONAL,THE DUBERSTEIN GROUP INC.
HON,Honeywell,125612,HONEYWELL,HONEYWELL
HON,Honeywell,126891,BW TECHNOLOGIES BY HONEYWELL,JGW INTERNATIONAL LTD.
HON,Honeywell,127765,HONEYWELL INTERNATIONAL INC,"KAMBROD ASSOCIATES, LTD."
HON,Honeywell,130696,HONEYWELL INC (F/K/A ALLIEDSIGNAL),"MANATT, PHELPS, AND PHILLIPS"
HON,Honeywell,133049,GORDON THOMAS HONEYWELL,DENNY MILLER ASSOCIATES
HON,Honeywell,133081,HONEYWELL,DENNY MILLER ASSOCIATES
HON,Honeywell,134888,HONEYWELL INTERNATIONAL,"THE OB-C GROUP, LLC"
HON,Honeywell,140394,"INTELLIGRATED SYSTEMS, INC. DBA HONEYWELL INTELLIGRATED","K&L GATES, LLP"
HON,Honeywell,141815,HONEYWELL,"ROBISON INTERNATIONAL, INC."
HON,Honeywell,143765,HONEYWELL INTERNATIONAL INC,SIDLEY AUSTIN LLP
HON,Honeywell,147230,HONEYWELL,"VALIS & KEELEN, LLC"
HON,Honeywell,147530,"HONEYWELL INTERNATIONAL, INC.","VAN NESS FELDMAN, LLP"
HON,Honeywell,147598,HONEYWELL CORP,VAN SCOYOC ASSOCIATES
HON,Honeywell,147920,HONEYWELL INTL,VAN SCOYOC ASSOCIATES
HON,Honeywell,156972,"HONEYWELL, ELECTRONIC PROTECTION (FORMERLY ELECTRO-RADIATION INC)",WINNING STRATEGIES WASHINGTON
HON,Honeywell,158074,HONEYWELL INTERNATIONAL,"C. BAKER CONSULTING, INC."
HON,Honeywell,159983,HONEYWELL INTERNATIONAL,HONEYWELL INTERNATIONAL
HON,Honeywell,160130,HONEYWELL,ERNST & YOUNG LLP (WASHINGTON COUNCIL ERNST & YOUNG)
HON,Honeywell,162202,"GORDON THOMAS HONEYWELL, LLP",WASHINGTON2 ADVOCATES
HON,Honeywell,163135,HONEYWELL INTERNATIONAL INC.,"CAPITOL TAX PARTNERS, LLP"
HON,Honeywell,165149,HONEYWELL INTERNATIONAL,THE COHEN GROUP
HON,Honeywell,166539,HONEYWELL,O'NEILL AND ASSOCIATES
HON,Honeywell,166839,HONEYWELL INTERNATIONAL INC.,"SIGNAL GROUP CONSULTING, LLC"
HON,Honeywell,168101,HONEYWELL INTERNATIONAL ON BEHALF OF ADVANCED TURBINE ENGINE COMPANY (ATEC),"CORNERSTONE GOVERNMENT AFFAIRS, INC."
HON,Honeywell,168992,"HONEYWELL INTERNATIONAL, INC.",PATRICIA LYNCH ASSOCIATES
HON,Honeywell,169962,HONEYWELL INTL,VAN SCOYOC KELLY
HON,Honeywell,176736,HONEYWELL INTERNATIONAL INC.,AKERMAN LLP
HON,Honeywell,178361,HONEYWELL INTERNATIONAL INC.,"WHITMER & WORRALL, LLC"
HON,Honeywell,178838,HONEYWELL INSTUTUTE,"THE HOBBS GROUP, LLC"
HON,Honeywell,178841,HONEYWELL INTERNATIONAL,"THE HOBBS GROUP, LLC"
HON,Honeywell,183557,HONEYWELL FOUNDATION INC,"ANCHOR CONSULTING, LLC"
HON,Honeywell,185056,GORDON THOMAS HONEYWELL GOVERNMENTAL AFFAIRS,GORDON THOMAS HONEYWELL GOVERNMENTAL AFFAIRS
HON,Honeywell,187024,HONEYWELL INTERNATIONAL,AYRES LAW GROUP LLP
HON,Honeywell,187610,HONEYWELL INTERNATIONAL INC (F/K/A INTELLIGENT AUTOMATION CORPORATION),"KADESH & ASSOCIATES, LLC"
HON,Honeywell,190840,HONEYWELL INTERNATIONAL,CAPITOL LEGISLATIVE STRATEGIES LLC
HON,Honeywell,193180,HONEYWELL INTERNATIONAL,"FIFESTRATEGIES, LLC"
HON,Honeywell,195960,AKIN GUMP ON BEHALF OF HONEYWELL INTERNATIONAL,THE ROOSEVELT GROUP
HON,Honeywell,196279,GORDON THOMAS HONEYWELL,"HC PROJECT ADVISORS, LLC"
HON,Honeywell,201800,HONEYWELL INTERNATIONAL,"GUIDEPOSTSTRATEGIES, LLC"
HON,Honeywell,203659,"HONEYWELL INTERNATIONAL, INC.","ELEVATE GOVERNMENT AFFAIRS, LLC"
HON,Honeywell,208452,HONEYWELL INTERNATIONAL INC.,TIBER CREEK GROUP
HON,Honeywell International,45654,HONEYWELL INTERNATIONAL INC.,"BROWNSTEIN HYATT FARBER SCHRECK, LLP"
HON,Honeywell International,55388,HONEYWELL INTERNATIONAL INC.,"INNOVATIVE FEDERAL STRATEGIES, LLC"
HON,Honeywell International,57242,"HONEYWELL INTERNATIONAL, INC.",CORRIGAN & USSERY LLC
HON,Honeywell International,63626,HONEYWELL INTERNATIONAL,FARRAGUT PARTNERS LLP
HON,Honeywell International,64561,"HONEYWELL INTERNATIONAL, INC.","CGCN GROUP, LLC"
HON,Honeywell International,64858,"HONEYWELL INTERNATIONAL, INC.",HOLLAND & KNIGHT LLP
HON,Honeywell International,65352,HONEYWELL INTERNATIONAL INC.,ARNOLD & PORTER KAYE SCHOLER LLP
HON,Honeywell International,67629,"HONEYWELL INTERNATIONAL, INC.",BGR GOVERNMENT AFFAIRS
HON,Honeywell International,69385,HONEYWELL INTERNATIONAL INC.,AMERICAN DEFENSE INTERNATIONAL
HON,Honeywell International,100760,HONEYWELL INTERNATIONAL,AKIN GUMP STRAUSS HAUER & FELD
HON,Honeywell International,103062,HONEYWELL INTERNATIONAL INC.,ACG ADVOCACY
HON,Honeywell International,105391,HONEYWELL INTERNATIONAL,"BAKER & MCKENZIE, LLP"
HON,Honeywell International,117705,HONEYWELL INTERNATIONAL,THE DUBERSTEIN GROUP INC.
HON,Honeywell International,127765,HONEYWELL INTERNATIONAL INC,"KAMBROD ASSOCIATES, LTD."
HON,Honeywell International,134888,HONEYWELL INTERNATIONAL,"THE OB-C GROUP, LLC"
HON,Honeywell International,143765,HONEYWELL INTERNATIONAL INC,SIDLEY AUSTIN LLP
HON,Honeywell International,147530,"HONEYWELL INTERNATIONAL, INC.","VAN NESS FELDMAN, LLP"
HON,Honeywell International,158074,HONEYWELL INTERNATIONAL,"C. BAKER CONSULTING, INC."
HON,Honeywell International,159983,HONEYWELL INTERNATIONAL,HONEYWELL INTERNATIONAL
HON,Honeywell International,163135,HONEYWELL INTERNATIONAL INC.,"CAPITOL TAX PARTNERS, LLP"
HON,Honeywell International,165149,HONEYWELL INTERNATIONAL,THE COHEN GROUP
HON,Honeywell International,166839,HONEYWELL INTERNATIONAL INC.,"SIGNAL GROUP CONSULTING, LLC"
HON,Honeywell International,168101,HONEYWELL INTERNATIONAL ON BEHALF OF ADVANCED TURBINE ENGINE COMPANY (ATEC),"CORNERSTONE GOVERNMENT AFFAIRS, INC."
HON,Honeywell International,168992,"HONEYWELL INTERNATIONAL, INC.",PATRICIA LYNCH ASSOCIATES
HON,Honeywell International,176736,HONEYWELL INTERNATIONAL INC.,AKERMAN LLP
HON,Honeywell International,178361,HONEYWELL INTERNATIONAL INC.,"WHITMER & WORRALL, LLC"
HON,Honeywell International,178841,HONEYWELL INTERNATIONAL,"THE HOBBS GROUP, LLC"
HON,Honeywell International,187024,HONEYWELL INTERNATIONAL,AYRES LAW GROUP LLP
HON,Honeywell International,187610,HONEYWELL INTERNATIONAL INC (F/K/A INTELLIGENT AUTOMATION CORPORATION),"KADESH & ASSOCIATES, LLC"
HON,Honeywell International,190840,HONEYWELL INTERNATIONAL,CAPITOL LEGISLATIVE STRATEGIES LLC
HON,Honeywell International,193180,HONEYWELL INTERNATIONAL,"FIFESTRATEGIES, LLC"
HON,Honeywell International,195960,AKIN GUMP ON BEHALF OF HONEYWELL INTERNATIONAL,THE ROOSEVELT GROUP
HON,Honeywell International,201800,HONEYWELL INTERNATIONAL,"GUIDEPOSTSTRATEGIES, LLC"
HON,Honeywell International,203659,"HONEYWELL INTERNATIONAL, INC.","ELEVATE GOVERNMENT AFFAIRS, LLC"
HON,Honeywell International,208452,HONEYWELL INTERNATIONAL INC.,TIBER CREEK GROUP
HTZ,Hertz,51513,"HERTZ GLOBAL HOLDINGS, INC.","AVOQ, LLC"
HTZ,Hertz,73089,THE HERTZ CORPORATION,MONUMENT ADVOCACY
HTZ,Hertz,104322,THE HERTZ CORPORATION,ARENTFOX SCHIFF LLP
HTZ,Hertz,111723,HERTZ CORP,CARPI & CLAY INC
HTZ,Hertz,115156,THE HERTZ CORPORATION,COVINGTON & BURLING LLP
HTZ,Hertz,127166,JONES DAY (ON BEHALF OF THE HERTZ CORPORATION),TIBER CREEK GROUP
HTZ,Hertz,127177,THE HERTZ CORPORATION,TIBER CREEK GROUP
HTZ,Hertz,148566,HERTZ GLOBAL,VAN SCOYOC ASSOCIATES
HTZ,Hertz,149208,HERTZ CORP,VERNER LIIPFERT BERNHARD MCPHERSON & HAND
HTZ,Hertz,150250,HERTZ CORP,WATANABE ING KAWASHIMA & KOMEIJI
HTZ,Hertz,159347,"VAN SCOYOC ASSOCIATES, INC. (HERTZ GLOBAL)","CAPITOL DECISIONS, INC."
HTZ,Hertz,163098,THE HERTZ CORPORATION,"CAPITOL TAX PARTNERS, LLP"
HTZ,Hertz,193570,SCHECHTER ROSOFF HERTZBERG FAMILIES,"POBLETE TAMARGO, LLP"
HTZ,Hertz,208992,HERTZ HERSON,BLANK ROME GOVERNMENT RELATIONS
HTZ,Hertz,211838,HERTZ GLOBAL,MCGUIREWOODS CONSULTING (A SUBSIDIARY OF MCGUIREWOODS LLP)
HTZ,Hertz Global,51513,"HERTZ GLOBAL HOLDINGS, INC.","AVOQ, LLC"
HTZ,Hertz Global,148566,HERTZ GLOBAL,VAN SCOYOC ASSOCIATES
HTZ,Hertz Global,159347,"VAN SCOYOC ASSOCIATES, INC. (HERTZ GLOBAL)","CAPITOL DECISIONS, INC."
HTZ,Hertz Global,211838,HERTZ GLOBAL,MCGUIREWOODS CONSULTING (A SUBSIDIARY OF MCGUIREWOODS LLP)
IBKR,Interactive Brokers,156156,INTERACTIVE BROKERS,CAPITOL COUNSEL GROUP
IBKR,Interactive Brokers,158230,INTERACTIVE BROKERS LLC,"THE VELASQUEZ GROUP, L.L.C."
IBM,International Business Machines,105416,INTERNATIONAL BUSINESS MACHINES (IBM) CORPORATION,"BAKER & MCKENZIE, LLP"
IBM,International Business Machines,114986,INTERNATIONAL BUSINESS MACHINES CORPORATION,COVINGTON & BURLING LLP
IBM,International Business Machines,126409,INTERNATIONAL BUSINESS MACHINES CORPORATION (IBM),INTERNATIONAL BUSINESS MACHINES CORPORATION (IBM)
IBM,International Business Machines,160331,INTERNATIONAL BUSINESS MACHINES CORPORATION (IBM),ERNST & YOUNG LLP (WASHINGTON COUNCIL ERNST & YOUNG)
IBM,International Business Machines,160669,INTERNATIONAL BUSINESS MACHINES CORPORATION,CONGRESSIONAL STRATEGIES LLC
IBM,International Business Machines,178324,INTERNATIONAL BUSINESS MACHINES/ENTITY ANALYTIC SOLUTIONS,MORGAN & CUNNINGHAM LLC
IBM,International Business Machines,192251,INTERNATIONAL BUSINESS MACHINES CORPORATION (IBM),"CROSSROADS STRATEGIES, LLC"
IBM,International Business Machines,208371,INTERNATIONAL BUSINESS MACHINES CORPORATION,AKIN GUMP STRAUSS HAUER & FELD
INTC,Intel Corporation,52256,INTEL CORPORATION,"CAPITOL TAX PARTNERS, LLP"
INTC,Intel Corporation,58527,INTEL CORPORATION,HOLLAND & KNIGHT LLP
INTC,Intel Corporation,63521,INTEL CORPORATION,S-3 GROUP
INTC,Intel Corporation,66767,INTELSAT CORPORATION,"GUIDEPOSTSTRATEGIES, LLC"
INTC,Intel Corporation,100354,INTEL CORPORATION,THE ADVOCACY GROUP
INTC,Intel Corporation,101162,INTEL CORPORATION,AKIN GUMP STRAUSS HAUER & FELD
INTC,Intel Corporation,102103,INTEL CORPORATION,"ALPINE GROUP PARTNERS, LLC."
INTC,Intel Corporation,102733,INTEL CORPORATION,ACG ADVOCACY
INTC,Intel Corporation,109828,INTELSAT GLOBAL SERVICE CORPORATION,"BROWNSTEIN HYATT FARBER SCHRECK, LLP"
INTC,Intel Corporation,112377,INTEL CORPORATION,"CASSIDY & ASSOCIATES, INC."
INTC,Intel Corporation,116985,INTEL CORPORATION,DICKSTEIN SHAPIRO LLP
INTC,Intel Corporation,117229,INTEL CORPORATION,DOW LOHNES PLLC
INTC,Intel Corporation,120488,INTEL CORPORATION,"FBA, INC."
INTC,Intel Corporation,125092,INTELSAT CORPORATION,HOLLAND & KNIGHT LLP
INTC,Intel Corporation,125114,INTELSAT GENERAL CORPORATION,HOLLAND & KNIGHT LLP
INTC,Intel Corporation,126166,INTELSAT GENERAL CORPORATION,"HURT, NORTON & ASSOCIATES, INC."
INTC,Intel Corporation,126362,INTEL CORPORATION,INTEL CORPORATION
INTC,Intel Corporation,127200,INTEL CORPORATION,TIBER CREEK GROUP
INTC,Intel Corporation,131290,INTEL CORPORATION,MAYER BROWN LLP
INTC,Intel Corporation,132330,INTEL CORPORATION,MCGUIREWOODS CONSULTING (A SUBSIDIARY OF MCGUIREWOODS LLP)
INTC,Intel Corporation,139197,SOCIAL INTELLIGENCE CORPORATION,PRASAM
INTC,Intel Corporation,139517,INTEL CORPORATION,"POWERS PYLES SUTTER & VERVILLE, P.C."
INTC,Intel Corporation,151827,INTEL CORPORATION,WILMER CUTLER PICKERING HALE AND DORR LLP
INTC,Intel Corporation,154491,INTEL CORPORATION,THOMPSON COBURN LLP
INTC,Intel Corporation,163274,INTELLISIS CORPORATION,"NATIONAL GROUP, LLP"
INTC,Intel Corporation,166934,INTEL CORPORATION (FKA MCAFEE INC ),"SIGNAL GROUP CONSULTING, LLC"
INTC,Intel Corporation,170795,INTEL CORPORATION,"POTOMAC COUNSEL, LLC"
INTC,Intel Corporation,172224,INTEL CORPORATION,MS. LAURA SALLSTROM
INTC,Intel Corporation,174769,INTEL CORPORATION,"CAPITOL HILL STRATEGIES,  LLC"
INTC,Intel Corporation,177710,INTELSAT GENERAL CORPORATION,"JACQUES & ASSOCIATES, INC."
INTC,Intel Corporation,178999,INTEL CORPORATION,THE WASHINGTON TAX & PUBLIC POLICY GROUP
INTC,Intel Corporation,179222,INTEL CORPORATION,"CONSTANTINE CANNON, LLP"
INTC,Intel Corporation,179941,INTELLISCIENCE CORPORATION,"SONORAN POLICY GROUP, LLC D/B/A STRYK GLOBAL DIPLOMACY, FORMERLY KNOWN AS SONORA"
INTC,Intel Corporation,180552,INTEL CORPORATION,LOCKE LORD PUBLIC POLICY GROUP LLC
INTC,Intel Corporation,180828,INTEL CORPORATION,"BOLTON-ST. JOHNS, LLC"
INTC,Intel Corporation,183699,INTELLIGENT AUTOMATION CORPORATION,"CJ LAKE, LLC"
INTC,Intel Corporation,184212,INTEL CORPORATION,"AVOQ, LLC"
INTC,Intel Corporation,186676,INTEL CORPORATION,"KOUNTOUPES DENHAM CARR & REID, LLC"
INTC,Intel Corporation,187610,HONEYWELL INTERNATIONAL INC (F/K/A INTELLIGENT AUTOMATION CORPORATION),"KADESH & ASSOCIATES, LLC"
INTC,Intel Corporation,187746,INTEL CORPORATION,"FRANKLIN SQUARE GROUP, LLC"
INTC,Intel Corporation,189139,INTEL CORPORATION,EDWARDS WILDMAN PALMER LLP
INTC,Intel Corporation,191776,INTEL CORPORATION,"TWINLOGIC STRATEGIES, LLP"
INTC,Intel Corporation,194433,INTEL CORPORATION,"CORLEY CONSULTING, LLC"
INTC,Intel Corporation,194567,SOCIAL INTELLIGENCE CORPORATION,"ARNALL GOLDEN GREGORY, LLP"
INTC,Intel Corporation,196782,TWIN LOGIC STRATEGIES ON BEHALF OF INTEL CORPORATION,"WINN STRATEGIES, LLC"
INTC,Intel Corporation,197527,INTELSAT GENERAL CORPORATION,ATLANTIC STRATEGIES GROUP LLC
INTC,Intel Corporation,198873,INTELSAT GENERAL CORPORATION,VELOS
INTC,Intel Corporation,199075,INTEL CORPORATION,WEST FRONT STRATEGIES LLC
INTC,Intel Corporation,201567,INTEL CORPORATION,JAHANIAN STRATEGIES LLC
INTC,Intel Corporation,201570,THE WASHINGTON TAX & PUBLIC POLICY GROUP ON BEHALF OF INTEL CORPORATION,JAHANIAN STRATEGIES LLC
INTC,Intel Corporation,201629,INTEL CORPORATION,LINCOLN PARK GROUP L.L.C.
INTC,Intel Corporation,203346,INTEL CORPORATION,PETER PITSCH
INTC,Intel Corporation,204734,INTEL CORPORATION,THE MADISON GROUP
INTC,Intel Corporation,206451,INTELLI-NETWORK CORPORATION,ATOLLETC LLC
INTC,Intel Corporation,208545,INTEL CORPORATION,KLEIN/JOHNSON GROUP
INTC,Intel Corporation,209901,INTELSAT US LLC F/K/A INTELSAT CORPORATION,"MERCURY STRATEGIES, LLC"
INTC,Intel Corporation,212488,INTEL CORPORATION,SALINAS STRATEGIES LLC
INTC,Intel Corporation,213563,INTEL CORPORATION,BOSE PUBLIC AFFAIRS GROUP
INTC,Intel Corporation,213615,INTEL CORPORATION,LOCKE LORD LLP
INTC,Intel Corp,51261,INTEL CORP,FS VECTOR LLC
INTC,Intel Corp,52256,INTEL CORPORATION,"CAPITOL TAX PARTNERS, LLP"
INTC,Intel Corp,58527,INTEL CORPORATION,HOLLAND & KNIGHT LLP
INTC,Intel Corp,63521,INTEL CORPORATION,S-3 GROUP
INTC,Intel Corp,66767,INTELSAT CORPORATION,"GUIDEPOSTSTRATEGIES, LLC"
INTC,Intel Corp,100354,INTEL CORPORATION,THE ADVOCACY GROUP
INTC,Intel Corp,101162,INTEL CORPORATION,AKIN GUMP STRAUSS HAUER & FELD
INTC,Intel Corp,102103,INTEL CORPORATION,"ALPINE GROUP PARTNERS, LLC."
INTC,Intel Corp,102733,INTEL CORPORATION,ACG ADVOCACY
INTC,Intel Corp,104475,INTEL CORP,ARNOLD & PORTER KAYE SCHOLER LLP
INTC,Intel Corp,109828,INTELSAT GLOBAL SERVICE CORPORATION,"BROWNSTEIN HYATT FARBER SCHRECK, LLP"
INTC,Intel Corp,109863,INTEL CORP,"BROWNSTEIN HYATT FARBER SCHRECK, LLP"
INTC,Intel Corp,112377,INTEL CORPORATION,"CASSIDY & ASSOCIATES, INC."
INTC,Intel Corp,113875,INTEL CORP,"COLLIER SHANNON SCOTT, PLLC"
INTC,Intel Corp,114779,INTELLIGENT AUTOMATION CORP,"INNOVATIVE FEDERAL STRATEGIES, LLC"
INTC,Intel Corp,116985,INTEL CORPORATION,DICKSTEIN SHAPIRO LLP
INTC,Intel Corp,117229,INTEL CORPORATION,DOW LOHNES PLLC
INTC,Intel Corp,120488,INTEL CORPORATION,"FBA, INC."
INTC,Intel Corp,123556,INTELSAT GLOBAL SERVICE CORP,"MCGOVERN & SMITH, LLC"
INTC,Intel Corp,125092,INTELSAT CORPORATION,HOLLAND & KNIGHT LLP
INTC,Intel Corp,125114,INTELSAT GENERAL CORPORATION,HOLLAND & KNIGHT LLP
INTC,Intel Corp,126166,INTELSAT GENERAL CORPORATION,"HURT, NORTON & ASSOCIATES, INC."
INTC,Intel Corp,126362,INTEL CORPORATION,INTEL CORPORATION
INTC,Intel Corp,127200,INTEL CORPORATION,TIBER CREEK GROUP
INTC,Intel Corp,131290,INTEL CORPORATION,MAYER BROWN LLP
INTC,Intel Corp,132330,INTEL CORPORATION,MCGUIREWOODS CONSULTING (A SUBSIDIARY OF MCGUIREWOODS LLP)
INTC,Intel Corp,135482,INTELSAT GLOBAL SERVICE CORP,"RYAN MACKINNON VASAPOLI AND BERZOK, LLP"
INTC,Intel Corp,135483,INTEL CORP,"RYAN MACKINNON VASAPOLI AND BERZOK, LLP"
INTC,Intel Corp,139197,SOCIAL INTELLIGENCE CORPORATION,PRASAM
INTC,Intel Corp,139296,INTEL CORP,POWELL GOLDSTEIN LLP
INTC,Intel Corp,139517,INTEL CORPORATION,"POWERS PYLES SUTTER & VERVILLE, P.C."
INTC,Intel Corp,147705,INTEL CORP,VAN SCOYOC ASSOCIATES
INTC,Intel Corp,151827,INTEL CORPORATION,WILMER CUTLER PICKERING HALE AND DORR LLP
INTC,Intel Corp,153527,INTEL CORP,MCMURRAY & ASSOC
INTC,Intel Corp,154491,INTEL CORPORATION,THOMPSON COBURN LLP
INTC,Intel Corp,158758,INTEL CORP,QGA PUBLIC AFFAIRS (FORMERLY QUINN GILLESPIE & ASSOCIATES)
INTC,Intel Corp,163274,INTELLISIS CORPORATION,"NATIONAL GROUP, LLP"
INTC,Intel Corp,164611,INTEL CORP,"MERCURY PUBLIC AFFAIRS, LLC"
INTC,Intel Corp,166934,INTEL CORPORATION (FKA MCAFEE INC ),"SIGNAL GROUP CONSULTING, LLC"
INTC,Intel Corp,170390,INTELSAT GLOBAL SERVICE CORP,HALLORAN & SAGE GOVERNMENT AFFAIRS
INTC,Intel Corp,170795,INTEL CORPORATION,"POTOMAC COUNSEL, LLC"
INTC,Intel Corp,172224,INTEL CORPORATION,MS. LAURA SALLSTROM
INTC,Intel Corp,174769,INTEL CORPORATION,"CAPITOL HILL STRATEGIES,  LLC"
INTC,Intel Corp,175489,INTEL CORP,"MEHLMAN CONSULTING, INC."
INTC,Intel Corp,177710,INTELSAT GENERAL CORPORATION,"JACQUES & ASSOCIATES, INC."
INTC,Intel Corp,178999,INTEL CORPORATION,THE WASHINGTON TAX & PUBLIC POLICY GROUP
INTC,Intel Corp,179222,INTEL CORPORATION,"CONSTANTINE CANNON, LLP"
INTC,Intel Corp,179941,INTELLISCIENCE CORPORATION,"SONORAN POLICY GROUP, LLC D/B/A STRYK GLOBAL DIPLOMACY, FORMERLY KNOWN AS SONORA"
INTC,Intel Corp,180552,INTEL CORPORATION,LOCKE LORD PUBLIC POLICY GROUP LLC
INTC,Intel Corp,180828,INTEL CORPORATION,"BOLTON-ST. JOHNS, LLC"
INTC,Intel Corp,183699,INTELLIGENT AUTOMATION CORPORATION,"CJ LAKE, LLC"
INTC,Intel Corp,184212,INTEL CORPORATION,"AVOQ, LLC"
INTC,Intel Corp,186676,INTEL CORPORATION,"KOUNTOUPES DENHAM CARR & REID, LLC"
INTC,Intel Corp,187610,HONEYWELL INTERNATIONAL INC (F/K/A INTELLIGENT AUTOMATION CORPORATION),"KADESH & ASSOCIATES, LLC"
INTC,Intel Corp,187746,INTEL CORPORATION,"FRANKLIN SQUARE GROUP, LLC"
INTC,Intel Corp,189139,INTEL CORPORATION,EDWARDS WILDMAN PALMER LLP
INTC,Intel Corp,191776,INTEL CORPORATION,"TWINLOGIC STRATEGIES, LLP"
INTC,Intel Corp,194433,INTEL CORPORATION,"CORLEY CONSULTING, LLC"
INTC,Intel Corp,194567,SOCIAL INTELLIGENCE CORPORATION,"ARNALL GOLDEN GREGORY, LLP"
INTC,Intel Corp,196782,TWIN LOGIC STRATEGIES ON BEHALF OF INTEL CORPORATION,"WINN STRATEGIES, LLC"
INTC,Intel Corp,197527,INTELSAT GENERAL CORPORATION,ATLANTIC STRATEGIES GROUP LLC
INTC,Intel Corp,198873,INTELSAT GENERAL CORPORATION,VELOS
INTC,Intel Corp,199075,INTEL CORPORATION,WEST FRONT STRATEGIES LLC
INTC,Intel Corp,201567,INTEL CORPORATION,JAHANIAN STRATEGIES LLC
INTC,Intel Corp,201570,THE WASHINGTON TAX & PUBLIC POLICY GROUP ON BEHALF OF INTEL CORPORATION,JAHANIAN STRATEGIES LLC
INTC,Intel Corp,201629,INTEL CORPORATION,LINCOLN PARK GROUP L.L.C.
INTC,Intel Corp,203346,INTEL CORPORATION,PETER PITSCH
INTC,Intel Corp,204734,INTEL CORPORATION,THE MADISON GROUP
INTC,Intel Corp,206451,INTELLI-NETWORK CORPORATION,ATOLLETC LLC
INTC,Intel Corp,208545,INTEL CORPORATION,KLEIN/JOHNSON GROUP
INTC,Intel Corp,209901,INTELSAT US LLC F/K/A INTELSAT CORPORATION,"MERCURY STRATEGIES, LLC"
INTC,Intel Corp,211216,INTEL CORP,H&M STRATEGIES LLP
INTC,Intel Corp,212488,INTEL CORPORATION,SALINAS STRATEGIES LLC
INTC,Intel Corp,213563,INTEL CORPORATION,BOSE PUBLIC AFFAIRS GROUP
INTC,Intel Corp,213615,INTEL CORPORATION,LOCKE LORD LLP
INTU,Intuit,45190,"APPLIED INTUITION, INC.","CORNERSTONE GOVERNMENT AFFAIRS, INC."
INTU,Intuit,51532,APPLIED INTUITION,APPLIED INTUITION
INTU,Intuit,52630,"APPLIED INTUITION, INC.",VENABLE LLP
INTU,Intuit,55210,"INTUITIVE MACHINES, LLC","ACTUM I, LLC"
INTU,Intuit,57433,"INTUIT, INC.","MEHLMAN CONSULTING, INC."
INTU,Intuit,57512,"INTUIT, INC. AND AFFILIATES (FORMERLY INTUIT, INC.)",THE COMPLETE AGENCY
INTU,Intuit,57514,"INTUIT, INC. AND AFFILIATES","MINDSET ADVOCACY, LLC"
INTU,Intuit,57515,"INTUIT, INC. AND AFFILIATES (FORMERLY INTUIT, INC.)",THE DUBERSTEIN GROUP INC.
INTU,Intuit,57608,"INTUIT, INC. AND AFFILIATES (FORMERLY INTUIT INC.)",WILMER CUTLER PICKERING HALE AND DORR LLP
INTU,Intuit,57769,"STANTON PARK GROUP LLC ON BEHALF OF INTUIT, INC. AND AFFILIATES",DGSR LLC
INTU,Intuit,57928,INTUITY MEDICAL,FARRAGUT PARTNERS LLP
INTU,Intuit,58322,"INTUIT, INC. AND AFFILIATES","CORNERSTONE GOVERNMENT AFFAIRS, INC."
INTU,Intuit,58886,INTUITION ROBOTICS LTD,"LSN PARTNERS, LLC"
INTU,Intuit,60823,INTUITIVE MACHINES,PRASAM
INTU,Intuit,61048,"APPLIED INTUITION, INC.",HOLLAND & KNIGHT LLP
INTU,Intuit,65342,APPLIED INTUITION,"ATS COMMUNICATIONS, INC. (DBA SILBEY STRATEGIES)"
INTU,Intuit,66145,APPLIED INTUITION,"GUIDEPOSTSTRATEGIES, LLC"
INTU,Intuit,66198,APPLIED INTUITION,AUBREY MATURIN LLC
INTU,Intuit,67266,APPLIED INTUITION,"CANFIELD CONSULTING, LLC"
INTU,Intuit,69415,INTUIT INC. AND AFFILIATES,FARRAGUT PARTNERS LLP
INTU,Intuit,71509,GENERAL INTUITION FEDERAL,REVERE FEDERAL STRATEGIES
INTU,Intuit,73240,"INTUIT INC., AND ITS ENTERPRISE MEMBERS",COZEN O'CONNOR PUBLIC STRATEGIES
INTU,Intuit,103938,INTUIT INC.,APCO WORLDWIDE LLC
INTU,Intuit,108896,INTUIT,THE RHOADS GROUP
INTU,Intuit,109596,INTUIT,BRAND LOWELL & RYAN
INTU,Intuit,110286,CREDIT KARMA AN INTUIT AFFILIATE,"BROWNSTEIN HYATT FARBER SCHRECK, LLP"
INTU,Intuit,116927,INTUIT INC,DICKSTEIN SHAPIRO LLP
INTU,Intuit,122504,INTUIT INC.,"GREENBERG TRAURIG, LLP"
INTU,Intuit,130692,INTUIT INC,"MANATT, PHELPS, AND PHILLIPS"
INTU,Intuit,131911,"INTUIT, INC.",MCDERMOTT WILL & SCHULTE LLP
INTU,Intuit,134911,INTUIT INC.,"THE OB-C GROUP, LLC"
INTU,Intuit,137217,INTUIT,SQUIRE PATTON BOGGS
INTU,Intuit,138948,INTUITIVE SURGICAL,POLICY DIRECTIONS INC.
INTU,Intuit,139192,INTUITIVE RESEARCH & TECHNOLOGY CORP.,PRASAM
INTU,Intuit,144636,"INTUIT, INC. AND AFFILIATES (F.K.A. INTUIT, INC.)","THE SMITH-FREE GROUP, LLC"
INTU,Intuit,147672,INTUITION,VAN SCOYOC ASSOCIATES
INTU,Intuit,151424,INTUIT,"WILLIAMS AND JENSEN, PLLC"
INTU,Intuit,153679,INTUIT INC.,"GHAZAL & ASSOCIATES, LLC"
INTU,Intuit,155027,INTUIT,WASHINGTON RESOURCE ASSOC
INTU,Intuit,155776,INTUIT,OGR
INTU,Intuit,161571,"INTUIT, INC. AND AFFILIATES (FORMERLY INTUIT, INC.)","INTUIT, INC. AND AFFILIATES (FORMERLY INTUIT, INC.)"
INTU,Intuit,162279,"INTUITIVE SURGICAL, INC.","CAPITOL HEALTH GROUP, LLC"
INTU,Intuit,163576,INTUIT INC,"C2 GROUP, LLC"
INTU,Intuit,166455,INTUIT,"FEDERAL POLICY GROUP, LLC"
INTU,Intuit,170713,"INTUITIVE SURGICAL, INC.",FOLEY HOAG LLP
INTU,Intuit,172131,"INTUIT, INC. AND AFFILIATES",STANTON PARK GROUP
INTU,Intuit,172720,"INTUIT, INC. AND AFFILIATES (FORMERLY INTUIT, INC.)","NAVIGATORS GLOBAL LLC (FORMERLY DC NAVIGATORS, LLC)"
INTU,Intuit,173178,"INTUITIVE SURGICAL, INC.",FGS GLOBAL (US) LLC (FKA FGH HOLDINGS LLC)
INTU,Intuit,174890,"INTUIT, INC.","BECKER & POLIAKOFF, P.A."
INTU,Intuit,175040,"INTUIT, INC. AND AFFILIATES (FORMERLY INTUIT, INC.)",THE MADISON GROUP
INTU,Intuit,175243,INTUIT,CAUTHEN FORBES & WILLIAMS
INTU,Intuit,175551,"INTUIT, INC. AND AFFILIATES","MEHLMAN CONSULTING, INC."
INTU,Intuit,177905,INTUITIVE SURGICAL,"LAW OFFICES OF FREDERICK H. GRAEFE, PLLC"
INTU,Intuit,184158,"INTUIT, INC.","AVOQ, LLC"
INTU,Intuit,184390,"INTUIT, INC. AND AFFILIATES",CAPITOL COUNSEL LLC
INTU,Intuit,186867,INTUIT INC,"VAN HEUVELEN STRATEGIES, LLC"
INTU,Intuit,187756,"INTUIT, INC. AND AFFILIATES (FORMERLY INTUIT, INC.)","FRANKLIN SQUARE GROUP, LLC"
INTU,Intuit,193977,"INTUITIVE SURGICAL, INC.","INTUITIVE SURGICAL, INC."
INTU,Intuit,197406,"INTUIT, INC.",FTI GOVERNMENT AFFAIRS
INTU,Intuit,202776,"INTUIT, INC.",MR. THOMAS HUGHES
INTU,Intuit,204930,INTUIT INC.,GEPHARDT GROUP GOVERNMENT AFFAIRS
INTU,Intuit,204966,"INTUIT, INC. AND AFFILIATES (FORMERLY INTUIT, INC.)",RAFFANIELLO & ASSOCIATES
INTU,Intuit,205473,INTUIT INC,HB STRATEGIES
INTU,Intuit,211046,INTUIT INC. AND AFFILIATES,"THEGROUP DC, LLC"
INTU,Intuit,211066,"INTUIT, INC. AND AFFILIATES (FORMERLY INTUIT, INC.)",AKIN GUMP STRAUSS HAUER & FELD
INTU,Intuit,211109,INTUIT: THE CENTER FOR INTUITIVE AND OUTSIDER ART,"MCALLISTER & QUINN, LLC"
INTU,Intuit,211263,"INTUIT, INC. AND AFFILIATES (FORMERLY INTUIT, INC.)",ICE MILLER STRATEGIES LLC
INTU,Intuit,211856,"INTUIT, INC. AND AFFILIATES",FEROX STRATEGIES
INTU,Intuit,212583,"INTUIT, INC. AND AFFILIATES",JAKE PERRY + PARTNERS
INTU,Intuit,213523,"INTUIT, INC. AND AFFILIATES",FS VECTOR LLC
INTU,Intuit,213713,INTUITECH,"DC LEGISLATIVE AND REGULATORY SERVICES, INC."
ISRG,Intuitive Surgical,138948,INTUITIVE SURGICAL,POLICY DIRECTIONS INC.
ISRG,Intuitive Surgical,162279,"INTUITIVE SURGICAL, INC.","CAPITOL HEALTH GROUP, LLC"
ISRG,Intuitive Surgical,170713,"INTUITIVE SURGICAL, INC.",FOLEY HOAG LLP
ISRG,Intuitive Surgical,173178,"INTUITIVE SURGICAL, INC.",FGS GLOBAL (US) LLC (FKA FGH HOLDINGS LLC)
ISRG,Intuitive Surgical,177905,INTUITIVE SURGICAL,"LAW OFFICES OF FREDERICK H. GRAEFE, PLLC"
ISRG,Intuitive Surgical,193977,"INTUITIVE SURGICAL, INC.","INTUITIVE SURGICAL, INC."
JNJ,Johnson & Johnson,45416,"STEPTOE & JOHNSON LLP ON BEHALF OF COMPLETE PARACHUTE SOLUTIONS, INC.",MIKE WILLIAMS CAPITOL STRATEGIES LLC (F/K/A MW CAPITOL STRATEGIES LLC)
JNJ,Johnson & Johnson,45482,STEPTOE & JOHNSON LLP ON BEHALF OF ITEN DEFENSE LLC,MIKE WILLIAMS CAPITOL STRATEGIES LLC (F/K/A MW CAPITOL STRATEGIES LLC)
JNJ,Johnson & Johnson,45483,"STEPTOE & JOHNSON LLP ON BEHALF OF POINT BLANK ENTERPRISES, INC.",MIKE WILLIAMS CAPITOL STRATEGIES LLC (F/K/A MW CAPITOL STRATEGIES LLC)
JNJ,Johnson & Johnson,52055,"JOHNSON FOODS, LLC",HOLLAND & KNIGHT LLP
JNJ,Johnson & Johnson,52201,"MEAD JOHNSON & COMPANY, LLC","MEAD JOHNSON & COMPANY, LLC"
JNJ,Johnson & Johnson,52412,"BROWNSTEIN HYATT FARBER SCHRECK, LLP OBO JOHNSON & JOHNSON",RICHARD BURNESS
JNJ,Johnson & Johnson,52550,STEPTOE & JOHNSON LLP ON BEHALF OF DEWBERRY ENGINEERS,MIKE WILLIAMS CAPITOL STRATEGIES LLC (F/K/A MW CAPITOL STRATEGIES LLC)
JNJ,Johnson & Johnson,53272,STEPTOE & JOHNSON LLP ON BEHALF OF STANDARD AERO,MIKE WILLIAMS CAPITOL STRATEGIES LLC (F/K/A MW CAPITOL STRATEGIES LLC)
JNJ,Johnson & Johnson,54034,"JOHNSON COUNTY, KS","THE FERGUSON GROUP, LLC"
JNJ,Johnson & Johnson,55077,STEPTOE & JOHNSON LLP ON BEHALF OF THE UNIVERSITY OF OKLAHOMA,"OCULUS STRATEGIES, LLC"
JNJ,Johnson & Johnson,55078,STEPTOE & JOHNSON LLP ON BEHALF OF THE UNIVERSITY OF TULSA,"OCULUS STRATEGIES, LLC"
JNJ,Johnson & Johnson,55732,"JOHNSON & JOHNSON SERVICES, INC.",THE COMPLETE AGENCY
JNJ,Johnson & Johnson,57241,"JOHNSON & JOHNSON SERVICES, INC.",NELSON MULLINS RILEY & SCARBOROUGH
JNJ,Johnson & Johnson,57263,"JOHNSON AND JOHNSON SERVICES, INC.",WINNING STRATEGIES WASHINGTON
JNJ,Johnson & Johnson,58243,"JOHNSON CONTROLS, INC AND AFFILIATES",MONUMENT ADVOCACY
JNJ,Johnson & Johnson,58685,"JOHNSON & JOHNSON SERVICES, INC.",TODD STRATEGY GROUP
JNJ,Johnson & Johnson,60088,"JOHNSON MATTHEY, INC.",MONUMENT ADVOCACY
JNJ,Johnson & Johnson,63085,PERRY JOHNSON INC.,"ERVIN GRAVES STRATEGY GROUP, LLC"
JNJ,Johnson & Johnson,64604,"JOHNSON CONTROLS, INC.",FOLEY & LARDNER LLP
JNJ,Johnson & Johnson,65151,"JOHNSON & JOHNSON SERVICES, INC.","BECKER & POLIAKOFF, P.A."
JNJ,Johnson & Johnson,65393,"JOHNSON MATTHEY, INC.","MINDSET ADVOCACY, LLC"
JNJ,Johnson & Johnson,65470,"JOHNSON HEALTH TECH NORTH AMERICA, INC.",INVARIANT LLC
JNJ,Johnson & Johnson,67279,FRIENDS OF SEYMOUR JOHNSON AIR FORCE BASE,RICHARD MCGIVERN
JNJ,Johnson & Johnson,67586,JOHNSON CONTROLS INTERNATIONAL,CAPITOL HILL CONSULTING GROUP
JNJ,Johnson & Johnson,68084,JOHNSON HEALTH TECH RETAIL INC.,BRACEWELL LLP
JNJ,Johnson & Johnson,68660,JOHNSON SAINT-LOUIS,AMERICAN FEDERAL LOBBYING FIRM
JNJ,Johnson & Johnson,74599,JOHNSON & JOHNSON,FORBES-TATE
JNJ,Johnson & Johnson,100510,JOHNSON & JOHNSON,AKIN GUMP STRAUSS HAUER & FELD
JNJ,Johnson & Johnson,101104,"MEAD JOHNSON & COMPANY, LLC",AKIN GUMP STRAUSS HAUER & FELD
JNJ,Johnson & Johnson,102219,JOHNSON & JOHNSON,ALSTON & BIRD LLP
JNJ,Johnson & Johnson,103339,ROBERT WOOD JOHNSON UNIVERSITY HOSPITAL,AMERICAN DEFENSE INTERNATIONAL
JNJ,Johnson & Johnson,103968,"JOHNSON CONTROLS, INC.",APCO WORLDWIDE LLC
JNJ,Johnson & Johnson,104085,"SC JOHNSON & SON, INC.",ARENTFOX SCHIFF LLP
JNJ,Johnson & Johnson,104259,JOHNSON & JOHNSON,ARENTFOX SCHIFF LLP
JNJ,Johnson & Johnson,105114,JOHNSON & HIGGINS,BAKER & HOSTETLER LLP
JNJ,Johnson & Johnson,106349,JOHNSONDIVERSEY INC,BGR GOVERNMENT AFFAIRS
JNJ,Johnson & Johnson,106678,JOHNSON & JOHNSON,BGR GOVERNMENT AFFAIRS
JNJ,Johnson & Johnson,106911,COUNTY OF JOHNSON IN,"BARNES & THORNBURG, LLP"
JNJ,Johnson & Johnson,106925,BOARD OF COMMISSIONERS OF JOHNSON CO,"BARNES & THORNBURG, LLP"
JNJ,Johnson & Johnson,108058,JOHNSON & JOHNSON,BKSH & ASSOCIATES
JNJ,Johnson & Johnson,108556,SC JOHNSON & SON INC,BLANK ROME GOVERNMENT RELATIONS
JNJ,Johnson & Johnson,109663,ROLLS-ROYCE NAVAL MARINE (BIRD JOHNSON COMPANY),"BROWN AND COMPANY, INC."
JNJ,Johnson & Johnson,109885,"JOHNSON & JOHNSON SERVICES, INC.","BROWNSTEIN HYATT FARBER SCHRECK, LLP"
JNJ,Johnson & Johnson,111793,JOHNSON J BOND,"CASSELMAN, WILLIAM E. II"
JNJ,Johnson & Johnson,112019,JOHNSON & JOHNSON SHARED SERVICES,"CASSIDY & ASSOCIATES, INC."
JNJ,Johnson & Johnson,112545,SEYMOUR JOHNSON AFB MILLITARY AFFAIRS COMMITTEE,"CASSIDY & ASSOCIATES, INC."
JNJ,Johnson & Johnson,113933,JOHNSON & SON S C,"COLLIER SHANNON SCOTT, PLLC"
JNJ,Johnson & Johnson,113944,JOHNSON OUTDOORS,"COLLIER SHANNON SCOTT, PLLC"
JNJ,Johnson & Johnson,115130,JOHNSON & JOHNSON SERVICES INC,COVINGTON & BURLING LLP
JNJ,Johnson & Johnson,115497,S C JOHNSON & SON INC,CROWELL & MORING LLP
JNJ,Johnson & Johnson,115648,"S.C. JOHNSON & SON, INC.",CROWELL GLOBAL ADVISORS
JNJ,Johnson & Johnson,116415,SMITH JOHNSON C,DEAN BLAKEY & MOSKOWITZ
JNJ,Johnson & Johnson,117044,"JOHNSON & JOHNSON SERVICE, INC.","DIERMAN, WORTLEY & ZOLA, INC."
JNJ,Johnson & Johnson,117968,JOHNSON CONTROLS,"DUTKO WORLDWIDE, LLC"
JNJ,Johnson & Johnson,118082,JOHNSON CONTROLS INC ENERGY,"DUTKO WORLDWIDE, LLC"
JNJ,Johnson & Johnson,118152,OTTEN JOHNSON ROBINSON NEFF & RAGONETTI,"DUTKO WORLDWIDE, LLC"
JNJ,Johnson & Johnson,119130,DANIEL MANN JOHNSON & MENDENHALL,"EPPARD ASSOC, ANN"
JNJ,Johnson & Johnson,120136,MAGIC JOHNSON FOUNDATION,"THE FERGUSON GROUP, LLC"
JNJ,Johnson & Johnson,120432,JOHNSON CONTROLS,"R.G. FLIPPO AND ASSOCIATES, INC"
JNJ,Johnson & Johnson,120604,JOHNSONDIVERSEY INC,FOLEY & LARDNER LLP
JNJ,Johnson & Johnson,120746,JOHNSON CENTRIFUGAL TECHNOLOGY,FOLEY & LARDNER LLP
JNJ,Johnson & Johnson,121312,EF JOHNSON CO,GARDNER CARTON & DOUGLAS
JNJ,Johnson & Johnson,121908,JOHNSON & SON SC,GOVERNMENT AFFAIRS MANAGEMENT ASSOC
JNJ,Johnson & Johnson,122548,"MEAD JOHNSON & COMPANY, LLC","GREENBERG TRAURIG, LLP"
JNJ,Johnson & Johnson,122845,JOHNSON & JOHNSON SERVICES INC.,HAAKE & ASSOCIATES
JNJ,Johnson & Johnson,123028,JOHNSON MEMORIAL HOSPITAL,"HALL, RENDER, KILLIAN, HEATH & LYMAN, P.C."
JNJ,Johnson & Johnson,123324,JOHNSON & JOHNSON,HEALTH POLICY ALTERNATIVES
JNJ,Johnson & Johnson,123665,STEPTOE & JOHNSON,"HILL & KNOWLTON STRATEGIES, LLC"
JNJ,Johnson & Johnson,124069,JOHNSON & JOHNSON,HOGAN LOVELLS CADWALADER US LLP (FKA HOGAN LOVELLS US LLP)
JNJ,Johnson & Johnson,124219,MEAD JOHNSON NUTRITIONALS,HOGAN LOVELLS CADWALADER US LLP (FKA HOGAN LOVELLS US LLP)
JNJ,Johnson & Johnson,124808,JOHNSON & SONS SC,HOLLAND & KNIGHT LLP
JNJ,Johnson & Johnson,125505,S.C. JOHNSON & SON,HOLLAND & KNIGHT LLP
JNJ,Johnson & Johnson,126272,JOHNSON & JOHNSON,HYMAN PHELPS & MCNAMARA
JNJ,Johnson & Johnson,126439,JOHNSON & JOHNSON,"RED FLAG CONSULTING USA(FORMALLY KNOWN AS INTERNATIONAL BUSINESS-GOVERNMENT COUNSELLORS, INC)"
JNJ,Johnson & Johnson,126519,DR JOHNSON LUMBER,"JAMISON AND SULLIVAN, INC."
JNJ,Johnson & Johnson,126906,JOHNSON & JOHNSON SERVICES INC,"JOHNSON & JOHNSON SERVICES, INC."
JNJ,Johnson & Johnson,126907,"S.C. JOHNSON & SON, INC.","S.C. JOHNSON & SON, INC."
JNJ,Johnson & Johnson,126940,JOHNSON CO E F,"JOHNSON CO, E. F."
JNJ,Johnson & Johnson,127062,JOHNSON MATTHEY CATALYTIC SYSTEMS DIV,TIBER CREEK GROUP
JNJ,Johnson & Johnson,127158,JOHNSON CONTROLS INTERNATIONAL PLC (FKA TYCO INTERNATIONAL MANAGEMENT COMPANY),TIBER CREEK GROUP
JNJ,Johnson & Johnson,127288,JOHNSON CONTROLS INC.,TIBER CREEK GROUP
JNJ,Johnson & Johnson,127994,JOHNSON CONTROLS 507 MICHIGAN STREET MILWAUKEE WI 53202,KERRIGAN AND ASSOCIATES
JNJ,Johnson & Johnson,130231,BIRD JOHNSON CO,THE PMA GROUP
JNJ,Johnson & Johnson,131315,SC JOHNSON WAX,MAYER BROWN LLP
JNJ,Johnson & Johnson,131701,HF JOHNSON FAMILY TRUST,MCDERMOTT WILL & SCHULTE LLP
JNJ,Johnson & Johnson,131708,JOHNSON & JOHNSON,MCDERMOTT WILL & SCHULTE LLP
JNJ,Johnson & Johnson,131743,SC JOHNSON & SON,MCDERMOTT WILL & SCHULTE LLP
JNJ,Johnson & Johnson,132403,JOHNSON & JOHNSON INC,MCKENNA & CUNEO
JNJ,Johnson & Johnson,132855,JOHNSON CONTROLS,"MILLER & CHEVALIER, CHTD"
JNJ,Johnson & Johnson,134395,GOUGH SHANAHAN JOHNSON & WATERMAN,NATIONAL ENVIRONMENTAL STRATEGIES
JNJ,Johnson & Johnson,135586,MEAD JOHNSON NUTRITIONAL GROUP,"OLSSON, FRANK, WEEDA, TERMAN & MATZ, PC"
JNJ,Johnson & Johnson,137369,MEAD JOHNSON NUTRITION,SQUIRE PATTON BOGGS
JNJ,Johnson & Johnson,137775,JOHNSON STORAGE & MOVING COMPANY,SQUIRE PATTON BOGGS
JNJ,Johnson & Johnson,137820,MEAD JOHNSON NUTRITIONAL GROUP,PAUL HASTINGS LLP
JNJ,Johnson & Johnson,138173,JOHNSON & SON SC,PEYSER ASSOCIATES INC (DC)
JNJ,Johnson & Johnson,138678,"JOHNSON & JOHNSON SERVICES, INC.","PODESTA GROUP, INC."
JNJ,Johnson & Johnson,139199,"JOHNSON BATTERY TECHNOLOGIES, INC.",PRASAM
JNJ,Johnson & Johnson,140702,JOHNSON CONTROLS,QUARLES & BRADY LLP
JNJ,Johnson & Johnson,141276,STEPTOE & JOHNSON,RUSS REID COMPANY
JNJ,Johnson & Johnson,142014,JOHNSON & JOHNSON/ORTHO BIOTECH,"ROPES & GRAY, LLP"
JNJ,Johnson & Johnson,142083,JOHNSON MATTHEY ELECTRONICS,ROSE COMMUNICATIONS INC.
JNJ,Johnson & Johnson,142108,JOHNSON CONTROLS,THE ROTH GROUP
JNJ,Johnson & Johnson,142210,JOHNSON & JOHNSON,"RUDER FINN, IN.C"
JNJ,Johnson & Johnson,143516,JOHNSON LANNY/BOSTON AUTOPORT,SHER & BLACKWELL LLP
JNJ,Johnson & Johnson,143746,JOHNSON & JOHNSON,SIDLEY AUSTIN LLP
JNJ,Johnson & Johnson,144724,JOHNSON & SONS S C,DENTONS US LLP
JNJ,Johnson & Johnson,145370,JOHNSON CONTROLS INC,"RICHARD L. SPEES, INC"
JNJ,Johnson & Johnson,145508,JOHNSON & JOHNSON,STEELMAN HEALTH STRATEGIES
JNJ,Johnson & Johnson,146057,JOHNSON & JOHNSON,STROOCK & STROOCK & LAVAN
JNJ,Johnson & Johnson,147626,JOHNSON CONTROLS WORLD SERVICES,VAN SCOYOC ASSOCIATES
JNJ,Johnson & Johnson,148172,3E TECHNOLOGIES INTERNATIONAL INC (FORMERLY EF JOHNSON TECHNOLOGIES INC ),VAN SCOYOC ASSOCIATES
JNJ,Johnson & Johnson,149541,JOHNSON & SON SC,VINSON & ELKINS LLP
JNJ,Johnson & Johnson,150464,JOHNSON & JOHNSON,"WEXLER | WALKER, A UNIT OF HILL+KNOWLTON STRATEGIES, LLC"
JNJ,Johnson & Johnson,151012,"JOHNSON CONTROLS, INC.",WILEY REIN LLP
JNJ,Johnson & Johnson,151048,"JOHNSON OUTDOORS, INC.",WILEY REIN LLP
JNJ,Johnson & Johnson,152041,DANIEL MANN JOHNSON & MENDENHALL,WINSTON TAYLOR LLP (FORMERLY KNOWN AS WINSTON & STRAWN LLP)
JNJ,Johnson & Johnson,152639,KOONZ MCKENNEY JOHNSON DEPAOLIS & LIGHTFOOT,"O'NEILL, ATHY & CASEY, P.C."
JNJ,Johnson & Johnson,152938,ROBERT WOOD JOHNSON UNIVERSITY HOSPITAL,JORDEN BURT LLP
JNJ,Johnson & Johnson,153004,JOHNSON MADIGAN PECK ET AL (NY SOFTWARE ASSN),"THE ICKES AND ENRIGHT GROUP, INC."
JNJ,Johnson & Johnson,153005,JOHNSON MADIGAN PECK ET AL ( BROOKLYN PUBLIC LIBRARY),"THE ICKES AND ENRIGHT GROUP, INC."
JNJ,Johnson & Johnson,153008,JOHNSON MADIGAN PECK ET AL (AMCAP),"THE ICKES AND ENRIGHT GROUP, INC."
JNJ,Johnson & Johnson,153009,JOHNSON MADIGAN PECK ET AL (BROOKLYN PHILHARMONIC),"THE ICKES AND ENRIGHT GROUP, INC."
JNJ,Johnson & Johnson,153012,JOHNSON MADIGAN PECK ETAL (GREAT ATLANTIC & PACIFIC TEA COMPANY INC),"THE ICKES AND ENRIGHT GROUP, INC."
JNJ,Johnson & Johnson,153762,JOHNSON & JOHNSON,MR. RICHARD GOODSTEIN
JNJ,Johnson & Johnson,153951,JOHNSON & JOHNSON VISION,"JEFFREY J. KIMBELL & ASSOCIATES, INC."
JNJ,Johnson & Johnson,154968,JOHNSON & JOHNSON INC,NUSGART CONSULTING LLC
JNJ,Johnson & Johnson,156020,JOHNSON MATTHEY INC.,OGR
JNJ,Johnson & Johnson,156811,JOHNSON & WALES UNIVERSITY,MR. JOHN GRZEBIEN
JNJ,Johnson & Johnson,157048,ROBERT WOOD JOHNSON UNIVERSITY HOSPITAL HAMILTON,WINNING STRATEGIES WASHINGTON
JNJ,Johnson & Johnson,157287,JOHNSON CONTROLS INC,"JOHNSON CONTROLS, INC AND AFFILIATES"
JNJ,Johnson & Johnson,158189,JOHNSON & JOHNSON/ORTHO BIOTECH,BENNETT TURNER & COLEMAN LLP
JNJ,Johnson & Johnson,159915,JOHNSON & JOHNSON,"DOLE ENTERPRISES, BOB"
JNJ,Johnson & Johnson,160068,JOHNSON & JOHNSON SERVICES INC (FORMERLY JOHNSON & JOHNSON),ERNST & YOUNG LLP (WASHINGTON COUNCIL ERNST & YOUNG)
JNJ,Johnson & Johnson,161026,JOHNSON MATTHEY,STRATEGIC MARKETING INNOVATIONS
JNJ,Johnson & Johnson,162258,JOHNSON & JOHNSON,"CAPITOL HEALTH GROUP, LLC"
JNJ,Johnson & Johnson,164282,JOHNSON & JOHNSON,"ABERNATHY CONSULTANTS, CATHY"
JNJ,Johnson & Johnson,164468,JOHNSON & JOHNSON,WALDMANN GROUP
JNJ,Johnson & Johnson,165158,INDEPENDENCE TECHNOLOGY INC A JOHNSON & JOHNSON CO,"MADISON ASSOCIATES, LLC"
JNJ,Johnson & Johnson,165169,JOHNSON & JOHNSON,"MADISON ASSOCIATES, LLC"
JNJ,Johnson & Johnson,165769,JOHNSON & JOHNSON,AVENUE SOLUTIONS
JNJ,Johnson & Johnson,167055,KHAN JOHNSON LLP (FOR LEADER COMMUNICATIONS INC),"SIGNAL GROUP CONSULTING, LLC"
JNJ,Johnson & Johnson,167840,JOHNSON & JOHNSON SERVICES INC,"CORNERSTONE GOVERNMENT AFFAIRS, INC."
JNJ,Johnson & Johnson,168894,JOHNSON & WALES UNIVERSITY,"MAYFORTH GROUP, LLC."
JNJ,Johnson & Johnson,169019,JOHNSON PAULA,"JOHNSON, PAULA"
JNJ,Johnson & Johnson,169536,JOHNSON RESEARCH & DEVELOPMENT,"MCKENNA, LONG & ALDRIDGE"
JNJ,Johnson & Johnson,169590,JOHNSON R&D,"MCKENNA, LONG & ALDRIDGE"
JNJ,Johnson & Johnson,169953,JOHNSON C SMITH UNIV,DEAN BLAKEY
JNJ,Johnson & Johnson,170703,"JOHNSON AND JOHNSON SERVICES, INC.",FOLEY HOAG LLP
JNJ,Johnson & Johnson,170970,WILLIAMS RUSSELL & JOHNSON,GARY ALVIN ASSOC
JNJ,Johnson & Johnson,171712,JOHNSON & JOHNSON INC,"PUBLIC POLICY PARTNERS, LLC"
JNJ,Johnson & Johnson,172298,JOHNSON & JOHNSON,"BURNETT, LAIRD D."
JNJ,Johnson & Johnson,172458,JOHNSON & JOHNSON SERVICES INC,HART HEALTH STRATEGIES
JNJ,Johnson & Johnson,172738,"JOHNSON & JOHNSON SERVICES, INC","NAVIGATORS GLOBAL LLC (FORMERLY DC NAVIGATORS, LLC)"
JNJ,Johnson & Johnson,173752,NATIONAL JOHNSON O'MALLEY ASSOCIATION,J.C. WATTS COMPANIES
JNJ,Johnson & Johnson,174185,JOHNSON INTL,FORAY LAND CONSULTING
JNJ,Johnson & Johnson,175152,JOHNSON & JOHNSON,DARLENE RICHESON & ASSOCIATES
JNJ,Johnson & Johnson,176467,JOHNSON & JOHNSON,THE MCMANUS GROUP
JNJ,Johnson & Johnson,178572,"JOHNSON & JOHNSON SERVICES, INC.","THE NICKLES GROUP, LLC"
JNJ,Johnson & Johnson,178837,JOHNSON & JOHNSON,"THE HOBBS GROUP, LLC"
JNJ,Johnson & Johnson,178943,JOHNSON & JOHNSON SERVICES INC,THE WASHINGTON TAX & PUBLIC POLICY GROUP
JNJ,Johnson & Johnson,179249,JOHNSON & JOHNSON,"SCIENCE & POLICY STRATEGIES, LLC"
JNJ,Johnson & Johnson,180442,JOHNSON ENGINEERING,MCCARTHY STRATEGIC SOLUTIONS
JNJ,Johnson & Johnson,180771,JOHNSON CONTROLS INC,BG4 LLC
JNJ,Johnson & Johnson,181442,JOHNSON C SMITH UNIVERSITY,WILLIAM A. BLAKEY & ASSOCIATES
JNJ,Johnson & Johnson,182251,S C JOHNSON & SON,KELLEY DRYE & WARREN LLP
JNJ,Johnson & Johnson,182280,JOHNSON OUTDOORS,KELLEY DRYE & WARREN LLP
JNJ,Johnson & Johnson,182965,"JOHNSON & JOHNSON SERVICES, INC.",MONUMENT ADVOCACY
JNJ,Johnson & Johnson,183077,"JOHNSON CONTROLS, INC.",LNE GROUP
JNJ,Johnson & Johnson,183397,STEPTOE AND JOHNSON LLP,LISA MORTIER (FKA MRS. LISA WALTZMAN MORTIER
JNJ,Johnson & Johnson,184271,JOHNSON CONTROLS INC.,J.A. GREEN AND COMPANY (FORMERLY LLC)
JNJ,Johnson & Johnson,184532,"MEAD JOHNSON AND COMPANY, LLC",CAPITOL COUNSEL LLC
JNJ,Johnson & Johnson,185593,STEPTOE LLP (FKA STEPTOE & JOHNSON LLP),"MALONEY GOVERNMENT RELATIONS, LLC"
JNJ,Johnson & Johnson,187684,JOHNSON COUNTY MISSOURI,"SPECTRUM CONSULTING GROUP, LLC"
JNJ,Johnson & Johnson,187851,JOHNSON & JOHNSON,MARY PENDERGAST
JNJ,Johnson & Johnson,187915,"S. C. JOHNSON AND SON, INC.",BREAUX LOTT LEADERSHIP GROUP
JNJ,Johnson & Johnson,188364,"DIERMAN, WORTLEY & ZOLA, INC. (ON BEHALF OF JOHNSON & JOHNSON SERVICE, INC.)","ALEXANDER J. BECKLES, L.L.C."
JNJ,Johnson & Johnson,190019,JOHNSON CONTROLS INC.,CONSTANTINOPLE & VALLONE CONSULTING LLC
JNJ,Johnson & Johnson,190308,"EF JOHNSON TECHNOLOGIES, INC.","FLAGSHIP GOVERNMENT RELATIONS, INC."
JNJ,Johnson & Johnson,191027,STEPTOE AND JOHNSON LAW FIRM,CARMEN GUZMAN LOWREY
JNJ,Johnson & Johnson,191668,JOHNSON C SMITH UNIVERSITY (FKA JCSU),LOBBYIT.COM
JNJ,Johnson & Johnson,194380,"JOHNSON & JOHNSON SERVICES, INC.",STEVE BUYER GROUP
JNJ,Johnson & Johnson,195978,FRIENDS OF SEYMOUR JOHNSON AIR FORCE BASE,THE ROOSEVELT GROUP
JNJ,Johnson & Johnson,196695,JOHNSONVILLE SAUSAGE,"KEYS GROUP, LLC"
JNJ,Johnson & Johnson,198434,"JOHNSON & JOHNSON SERVICES, INC.",RAMPY NORTHRUP LLC
JNJ,Johnson & Johnson,198798,JOHNSONVILLE SAUSAGE LLC,JOHNSON AG CONSULTING LLC
JNJ,Johnson & Johnson,200135,"JOHNSON CONTROLS, INC",FLYWHEEL GOVERNMENT SOLUTIONS
JNJ,Johnson & Johnson,200399,JOHNSON & JOHNSON SERVICES INC,FARRAGUT PARTNERS LLP
JNJ,Johnson & Johnson,201844,JOHNSON MATTHEY INC.,JOHNSON MATTHEY INC.
JNJ,Johnson & Johnson,202516,"JOHNSON & JOHNSON SERVICES, INC.",10-SQUARE SOLUTIONS
JNJ,Johnson & Johnson,203055,"JOHNSON & JOHNSON SERVICES, INC.","PRINCIPAL TO PRINCIPAL, LLC (P2P)"
JNJ,Johnson & Johnson,203338,JOHNSON & JOHNSON SERVICES INC.,FULCRUM PUBLIC AFFAIRS LLC
JNJ,Johnson & Johnson,203890,"JOHNSON CONTROLS, INC.",ACG ADVOCACY
JNJ,Johnson & Johnson,204318,"JOHNSON & JOHNSON SERVICES, INC.","ML STRATEGIES, LLC"
JNJ,Johnson & Johnson,205575,"CITY OF JOHNSON CITY, TENNESSEE","BRIDGE PUBLIC AFFAIRS, LLC"
JNJ,Johnson & Johnson,206481,JOHNSON CONTROLS INC.,SALT POINT STRATEGIES
JNJ,Johnson & Johnson,207182,JOHNSON C. SMITH UNIVERSITY,LOBBYIT.COM
JNJ,Johnson & Johnson,208875,"SC JOHNSON & SONS, INC.",VENN STRATEGIES
JNJ,Johnson & Johnson,210285,STEPTOE & JOHNSON LLP ON BEHALF OF GAS TECHNOLOGY INSTITUTE,MIKE WILLIAMS CAPITOL STRATEGIES LLC (F/K/A MW CAPITOL STRATEGIES LLC)
JNJ,Johnson & Johnson,210862,FARRAGUT PARTNERS LLP ON BEHALF OF JOHNSON & JOHNSON SERVICES INC.,ALB SOLUTIONS
JNJ,Johnson & Johnson,211559,"JOHNSON & JOHNSON SERVICES, INC.",SPLITOAK STRATEGIES LLC
JNJ,Johnson & Johnson,213598,JOHNSON & JOHNSON,BRICK STREET STRATEGY
JNJ,Janssen,188753,"JANSSEN PHARMACEUTICALS, INC. (CARDIOVASCULAR COALILTION)","LIBERTY PARTNERS GROUP, LLC"
JPM,JPMorgan Chase,59356,JPMORGAN CHASE HOLDINGS LLC,"VENTURE GOVERNMENT STRATEGIES, LLC (FKA HOBART HALLAWAY & QUAYLE VENTURES, LLC)"
JPM,JPMorgan Chase,59444,JPMORGAN CHASE HOLDINGS LLC,DENTONS US LLP
JPM,JPMorgan Chase,60623,"JPMORGAN CHASE HOLDINGS, LLC","WILLIAMS AND JENSEN, PLLC"
JPM,JPMorgan Chase,61155,JPMORGAN CHASE & CO.,"PHRONESISDC, LLC"
JPM,JPMorgan Chase,65384,JPMORGAN CHASE HOLDINGS LLC,BALLARD PARTNERS
JPM,JPMorgan Chase,104588,JPMORGAN CHASE,ARNOLD & PORTER KAYE SCHOLER LLP
JPM,JPMorgan Chase,110109,JPMORGAN CHASE & CO.,"BROWNSTEIN HYATT FARBER SCHRECK, LLP"
JPM,JPMorgan Chase,113667,JPMORGAN CHASE BANK N.A.,CLEARY GOTTLIEB STEEN & HAMILTON LLP
JPM,JPMorgan Chase,127595,JPMORGAN CHASE & CO,"JONES WALKER, LLP"
JPM,JPMorgan Chase,127671,"JPMORGAN CHASE HOLDINGS, LLC","JONES WALKER, LLP"
JPM,JPMorgan Chase,133547,JPMORGAN CHASE & CO,JPMORGAN CHASE & CO.
JPM,JPMorgan Chase,134896,JPMORGAN CHASE & CO,"THE OB-C GROUP, LLC"
JPM,JPMorgan Chase,140095,JPMORGAN CHASE & CO,"K&L GATES, LLP"
JPM,JPMorgan Chase,151780,JPMORGAN CHASE & CO,WILMER CUTLER PICKERING HALE AND DORR LLP
JPM,JPMorgan Chase,157413,JPMORGAN CHASE & CO,"TCH GROUP, LLC"
JPM,JPMorgan Chase,161441,JPMORGAN CHASE & CO.,"LAWRENCE J. ROMANS & ASSOCIATES, LLC"
JPM,JPMorgan Chase,163074,JPMORGAN CHASE HOLDINGS LLC,"CAPITOL TAX PARTNERS, LLP"
JPM,JPMorgan Chase,165830,JPMORGAN CHASE HOLDINGS LLC,AVENUE SOLUTIONS
JPM,JPMorgan Chase,166888,JPMORGAN CHASE & CO.,"SIGNAL GROUP CONSULTING, LLC"
JPM,JPMorgan Chase,167111,JPMORGAN CHASE HOLDINGS LLC,GEOFFREY P. GRAY
JPM,JPMorgan Chase,169751,JPMORGAN CHASE & CO,"CGCN GROUP, LLC"
JPM,JPMorgan Chase,169790,JPMORGAN CHASE HOLDINGS LLC,"CGCN GROUP, LLC"
JPM,JPMorgan Chase,172581,JPMORGAN CHASE HOLDINGS LLC,RICH FEUER ANDERSON
JPM,JPMorgan Chase,173141,JPMORGAN CHASE HOLDINGS LLC,FGS GLOBAL (US) LLC (FKA FGH HOLDINGS LLC)
JPM,JPMorgan Chase,177345,JPMORGAN CHASE CO,ZELIFF ENTERPRISES
JPM,JPMorgan Chase,182538,JPMORGAN CHASE HOLDINGS LLC,"POLARIS GOVERNMENT RELATIONS, LLC"
JPM,JPMorgan Chase,182941,JPMORGAN CHASE HOLDINGS LLC,MONUMENT ADVOCACY
JPM,JPMorgan Chase,183355,JPMORGAN CHASE & CO,THE WALTER GROUP
JPM,JPMorgan Chase,184499,JPMORGAN CHASE & CO,CAPITOL COUNSEL LLC
JPM,JPMorgan Chase,184577,JPMORGAN CHASE HOLDINGS LLC,CAPITOL COUNSEL LLC
JPM,JPMorgan Chase,189982,"JPMORGAN CHASE BANK, N.A.","NAPPI & HOPPE, LLC"
JPM,JPMorgan Chase,195174,JPMORGAN CHASE & CO,S-3 GROUP
JPM,JPMorgan Chase,195182,JPMORGAN CHASE HOLDINGS LLC,S-3 GROUP
JPM,JPMorgan Chase,198820,JPMORGAN CHASE & CO.,"O'ROURKE & NAPPI, LLP"
JPM,JPMorgan Chase,201038,JPMORGAN CHASE HOLDINGS LLC,JPMORGAN CHASE HOLDINGS LLC
JPM,JPMorgan Chase,205595,JPMORGAN CHASE HOLDINGS LLC,FULCRUM PUBLIC AFFAIRS LLC
KO,Coca-Cola,66618,THE COCA-COLA COMPANY,"KOUNTOUPES DENHAM CARR & REID, LLC"
KO,Coca-Cola,67427,"COCA-COLA BOTTLING COMPANY UNITED, INC.","CROSSROADS STRATEGIES, LLC"
KO,Coca-Cola,100692,COCA-COLA,AKIN GUMP STRAUSS HAUER & FELD
KO,Coca-Cola,108039,COCA-COLA COMPANY,BKSH & ASSOCIATES
KO,Coca-Cola,113105,COCA-COLA CO,CHAYET COMMUNICATIONS GROUP
KO,Coca-Cola,113733,COCA-COLA BOTTLING CO OF NEW YORK,COCA-COLA BOTTLING CO OF NEW YORK
KO,Coca-Cola,113735,COCA-COLA COMPANY,THE COCA-COLA COMPANY
KO,Coca-Cola,114592,COCA-COLA CO,PRICEWATERHOUSECOOPERS
KO,Coca-Cola,115089,COCA-COLA,COVINGTON & BURLING LLP
KO,Coca-Cola,116826,COCA-COLA ENTERPRISES INC,DEWEY SQUARE GROUP
KO,Coca-Cola,124894,COCA-COLA,HOLLAND & KNIGHT LLP
KO,Coca-Cola,126105,COCA-COLA COMPANY,"HURT, NORTON & ASSOCIATES, INC."
KO,Coca-Cola,128632,COCA-COLA BOTTLERS' ASSOCIATION,KIRKLAND & ELLIS LLP
KO,Coca-Cola,129971,COCA-COLA,LONG ALDRIDGE & NORMAN
KO,Coca-Cola,132845,COCA-COLA CO,"MILLER & CHEVALIER, CHTD"
KO,Coca-Cola,134970,COCA-COLA CO,NOSSAMAN LLP
KO,Coca-Cola,150755,COCA-COLA CO,WHITE & CASE LLP
KO,Coca-Cola,151206,COCA-COLA COMPANY,"WILLIAMS AND JENSEN, PLLC"
KO,Coca-Cola,153337,COCA-COLA COMPANY,"FIERCE, ISAKOWITZ & BLALOCK"
KO,Coca-Cola,158644,COCA-COLA CO,QGA PUBLIC AFFAIRS (FORMERLY QUINN GILLESPIE & ASSOCIATES)
KO,Coca-Cola,169465,THE COCA-COLA COMPANY,DLA PIPER LLP (US)
KO,Coca-Cola,171190,COCA-COLA COMPANY,TROUTMAN STRATEGIES
KO,Coca-Cola,173020,COCA-COLA,FGS GLOBAL (US) LLC (FKA FGH HOLDINGS LLC)
KO,Coca-Cola,188482,THE COCA-COLA COMPANY,MCCONNELL VALDES PLLC
KO,Coca-Cola,188543,COCA-COLA ENTERPRISES INC,"COCA-COLA ENTERPRISES, INC."
KO,Coca-Cola,190546,COCA-COLA COMPANY,LMP STRATEGIES
KO,Coca-Cola,190670,THE COCA-COLA COMPANY,WILLIAM BALL
KO,Coca-Cola,192319,COCA-COLA COMPANY,PRIME POLICY GROUP
KO,Coca-Cola,194399,THE COCA-COLA COMPANY,EMPIRE CONSULTING GROUP
KO,Coca-Cola,198452,THE COCA-COLA COMPANY,MR. WILLIAM HAWKINS
KO,Coca-Cola,199165,THE COCA-COLA COMPANY,FIERCE GOVERNMENT RELATIONS
KO,Coca-Cola,204414,THE COCA-COLA COMPANY,SIDLEY AUSTIN LLP
KO,Coca-Cola,212128,THE COCA-COLA COMPANY,"ERVIN GRAVES STRATEGY GROUP, LLC"
LIN,Praxair,114486,PRAXAIR,PRICEWATERHOUSECOOPERS
LIN,Praxair,124902,PRAXAIR INC,HOLLAND & KNIGHT LLP
LIN,Praxair,133584,PRAXAIR INC,"MORGAN, LEWIS & BOCKIUS, LLP"
LIN,Praxair,137164,PRAXAIR HEALTHCARE SERVICES,SQUIRE PATTON BOGGS
LIN,Praxair,163611,"PRAXAIR, INC.","C2 GROUP, LLC"
LIN,Praxair,167001,"PRAXAIR, INC.","SIGNAL GROUP CONSULTING, LLC"
LIN,Praxair,194303,"PRAXAIR, INC.","DS2 GROUP, LLC"
LIN,Praxair,197433,LINDE (FKA PRAXAIR INC ),FTI GOVERNMENT AFFAIRS
LIN,Linde Inc,45806,"LINDE, INC.",CONFLUENCE GOVERNMENT RELATIONS
LIN,Linde Inc,51497,LINDE INC.,CAPITOL CHAMBERS STRATEGIES
LIN,Linde Inc,57362,LINDE INC.,"FRANKLIN SQUARE GROUP, LLC"
LIN,Linde Inc,66662,LINDE INC.,RIDGELINE ADVOCACY GROUP LLC
LIN,Linde Inc,112499,"LINDE NORTH AMERICA, INC.","CASSIDY & ASSOCIATES, INC."
LIN,Linde Inc,139585,"LINDE INC., LINDE, PLC AND OTHER ENTITIES RELATED TO LINDE, PLC",LINDE INC.
LIN,Linde Inc,195005,"LINDE NORTH AMERICA, INC.","LINDE NORTH AMERICA, INC."
LIN,Linde Inc,197433,LINDE (FKA PRAXAIR INC ),FTI GOVERNMENT AFFAIRS
LIN,Linde plc,139585,"LINDE INC., LINDE, PLC AND OTHER ENTITIES RELATED TO LINDE, PLC",LINDE INC.
LIN,Linde North America,112499,"LINDE NORTH AMERICA, INC.","CASSIDY & ASSOCIATES, INC."
LIN,Linde North America,195005,"LINDE NORTH AMERICA, INC.","LINDE NORTH AMERICA, INC."
LLY,Eli Lilly,55430,ELI LILLY AND COMPANY,TODD STRATEGY GROUP
LLY,Eli Lilly,60655,ELI LILLY & COMPANY,DLA PIPER LLP (US)
LLY,Eli Lilly,61500,ELI LILLY & COMPANY,"THE HARPLE GROUP, LLC"
LLY,Eli Lilly,63502,ELI LILLY AND COMPANY,GRV STRATEGIES LLC
LLY,Eli Lilly,65133,ELI LILLY AND COMPANY,"MARSHALL & POPP, LLC"
LLY,Eli Lilly,65269,ELI LILLY AND COMPANY,CHECKMATE GOVERNMENT RELATIONS
LLY,Eli Lilly,67767,"TIBER CREEK HEALTH STRATEGIES, INC. ON BEHALF OF ELI LILLY AND COMPANY","B HALL STRATEGIES, LLC"
LLY,Eli Lilly,101347,ELI LILLY & CO,ALBERS & CO
LLY,Eli Lilly,103769,ELI LILLY & CO,ANDREAE VICK & ASSOC
LLY,Eli Lilly,103819,ELI LILLY & CO,APCO WORLDWIDE LLC
LLY,Eli Lilly,105191,ELI LILLY & CO,BAKER & HOSTETLER LLP
LLY,Eli Lilly,106372,ELI LILLY & CO INC,BGR GOVERNMENT AFFAIRS
LLY,Eli Lilly,110341,ELI LILLY AND COMPANY,"BROWNSTEIN HYATT FARBER SCHRECK, LLP"
LLY,Eli Lilly,113446,ELI LILLY & CO,CLARK & WEINSTOCK
LLY,Eli Lilly,114605,ELI LILLY AND COMPANY,PRICEWATERHOUSECOOPERS
LLY,Eli Lilly,115224,ELI LILLY AND COMPANY,COVINGTON & BURLING LLP
LLY,Eli Lilly,115406,ELI LILLY & CO,CROWELL & MORING LLP
LLY,Eli Lilly,118931,ELI LILLY AND COMPANY,ELI LILLY AND COMPANY
LLY,Eli Lilly,122178,ELI LILLY & CO,"GREENBERG TRAURIG, LLP"
LLY,Eli Lilly,122666,ELI LILLY & CO,"GROOM LAW GROUP, CHARTERED"
LLY,Eli Lilly,123406,ELI LILLY AND COMPANY,"HECHT LATHAM SPENCER & ASSOCIATES, INC., FORMERLY KNOWN AS HECHT SPENCER & ASSOC"
LLY,Eli Lilly,126963,ELI LILLY & CO,TIBER CREEK GROUP
LLY,Eli Lilly,127294,"TIBER CREEK HEALTH STRATEGIES, INC. (ON BEHALF OF ELI LILLY AND COMPANY)",TIBER CREEK GROUP
LLY,Eli Lilly,131332,ELI LILLY & CO,MAYER BROWN LLP
LLY,Eli Lilly,131768,ELI LILLY & CO,MCDERMOTT WILL & SCHULTE LLP
LLY,Eli Lilly,134899,ELI LILLY,"THE OB-C GROUP, LLC"
LLY,Eli Lilly,138353,ELI LILLY & CO,"PODESTA GROUP, INC."
LLY,Eli Lilly,138965,ELI LILLY & COMPANY,POLICY DIRECTIONS INC.
LLY,Eli Lilly,140617,ELI LILLY & CO,"PUBLIC STRATEGIES WASHINGTON, INC."
LLY,Eli Lilly,142013,ELI LILLY & CO,"ROPES & GRAY, LLP"
LLY,Eli Lilly,142594,ELI LILLY,FAEGRE BAKER DANIELS CONSULTING
LLY,Eli Lilly,143281,ELI LILLY & CO,PILLSBURY WINTHROP SHAW PITTMAN LLP
LLY,Eli Lilly,143762,ELI LILLY AND COMPANY,SIDLEY AUSTIN LLP
LLY,Eli Lilly,145504,ELI LILLY & CO,STEELMAN HEALTH STRATEGIES
LLY,Eli Lilly,148787,ELI LILLY & CO,VENABLE LLP
LLY,Eli Lilly,149451,ELI LILLY & CO,VERNER LIIPFERT BERNHARD MCPHERSON & HAND
LLY,Eli Lilly,151533,ELI LILLY & COMPANY,"WILLIAMS AND JENSEN, PLLC"
LLY,Eli Lilly,151611,ELI LILLY & CO,JACK WILLIAMS
LLY,Eli Lilly,152900,ELI LILLY & COMPANY,RICCHETTI & ASSOC
LLY,Eli Lilly,153084,ELI LILLY & CO,LEGISLATIVE STRATEGIES GROUP
LLY,Eli Lilly,153454,ELI LILLY & CO,COLUMBIA CONSULTING GROUP
LLY,Eli Lilly,153560,ELI LILLY & CO,"SHOOK, HARDY & BACON, LLP"
LLY,Eli Lilly,154556,ELI LILLY,ALEXANDER STRATEGY GROUP
LLY,Eli Lilly,158191,ELI LILLY & CO,BENNETT TURNER & COLEMAN LLP
LLY,Eli Lilly,158972,ELI LILLY,BROWN & ASSOCIATES
LLY,Eli Lilly,160078,ELI LILLY & CO,ERNST & YOUNG LLP (WASHINGTON COUNCIL ERNST & YOUNG)
LLY,Eli Lilly,162036,ELI LILLY AND COMPANY,RICCHETTI INCORPORATED
LLY,Eli Lilly,162695,ELI LILLY AND COMPANY,VENN STRATEGIES
LLY,Eli Lilly,162865,ELI LILLY & CO,"HC ASSOCIATES, INC."
LLY,Eli Lilly,165592,ELI LILLY AND COMPANY,CAPITOL HILL CONSULTING GROUP
LLY,Eli Lilly,169992,ELI LILLY,SPENCER-ROBERTS
LLY,Eli Lilly,170662,ELI LILLY AND COMPANY,FOLEY HOAG LLP
LLY,Eli Lilly,171403,ELI LILLY & CO,WESTIN RINEHART GROUP
LLY,Eli Lilly,171984,ELI LILLY & CO,STRATEGIC HEALTH SOLUTIONS
LLY,Eli Lilly,173836,ELI LILLY & CO,"GUIDE CONSULTING SERVICES, INC."
LLY,Eli Lilly,174543,ELI LILLY & CO,ANDREAE & ASSOCIATES
LLY,Eli Lilly,176439,ELI LILLY AND COMPANY,THE MCMANUS GROUP
LLY,Eli Lilly,178514,ELI LILLY AND COMPANY,"THE NICKLES GROUP, LLC"
LLY,Eli Lilly,179701,ELI LILLY AND CO,"RASKY PARTNERS, INC."
LLY,Eli Lilly,181319,ELI LILLY AND COMPANY,"TARPLIN, DOWNS & YOUNG, LLC"
LLY,Eli Lilly,182861,ELI LILLY AND COMPANY,MONUMENT ADVOCACY
LLY,Eli Lilly,184817,ELI LILLY AND COMPANY,INVARIANT LLC
LLY,Eli Lilly,190990,ELI LILLY AND COMPANY,"FERGUSON STRATEGIES, LLC"
LLY,Eli Lilly,193037,ELI LILLY AND COMPANY,THE INGRAM GROUP LLC
LLY,Eli Lilly,194568,ELI LILLY AND COMPANY,"TIBER CREEK HEALTH STRATEGIES, INC."
LLY,Eli Lilly,196799,ELI LILLY AND COMPANY,MR. VINCENT A. PANVINI
LLY,Eli Lilly,196817,ELI LILLY AND COMPANY,KIRK FERRELL
LLY,Eli Lilly,198268,ELI LILLY AND COMPANY,"THE SIMMONS & RUSSELL GROUP, LLC"
LLY,Eli Lilly,199236,ELI LILLY AND COMPANY,ROBERT ARMITAGE
LLY,Eli Lilly,201798,ELI LILLY & CO.,"GUIDEPOSTSTRATEGIES, LLC"
LLY,Eli Lilly,205133,"ELI LILLY AND COMPANY FKA LILLY USA, LLC",FORBES-TATE
LLY,Eli Lilly,208957,ELI LILLY AND COMPANY,FEROX STRATEGIES
LLY,Eli Lilly,209473,ELI LILLY AND COMPANY,THORN RUN PARTNERS
MA,Mastercard,55521,MASTERCARD,THE WILLIAMS GROUP
MA,Mastercard,56891,"MASTERCARD, INC",TOWER 19
MA,Mastercard,56894,TOWER 19 ON BEHALF OF MASTERCARD INC.,LINCOLN PARK GROUP L.L.C.
MA,Mastercard,60664,MASTERCARD WORLDWIDE,9TH STREET STRATEGIES
MA,Mastercard,61615,MASTERCARD WORLDWIDE,"RESOLUTION PUBLIC AFFAIRS, LLC"
MA,Mastercard,67301,MASTERCARD INTERNATIONAL INCORPORATED,BGR GOVERNMENT AFFAIRS
MA,Mastercard,67780,MASTERCARD INTERNATIONAL INCORPORATED,RIDGE PATH STRATEGIES
MA,Mastercard,116807,MASTERCARD INTL,DEWEY SQUARE GROUP
MA,Mastercard,117310,MASTERCARD INTL,"DOWNEY MCGRATH GROUP, INC."
MA,Mastercard,120668,TASSEY & ASSOCIATES FOR MASTERCARD,FOLEY & LARDNER LLP
MA,Mastercard,120678,MASTERCARD WORLDWIDE,FOLEY & LARDNER LLP
MA,Mastercard,127087,MASTERCARD,TIBER CREEK GROUP
MA,Mastercard,131182,MASTERCARD WORLDWIDE,MASTERCARD WORLDWIDE
MA,Mastercard,133665,MASTERCARD INTL,"MORRISON & FOERSTER, LLP"
MA,Mastercard,133743,MASTERCARD INTL,"MSP STRATEGIC COMMUNICATIONS, INC."
MA,Mastercard,135169,MASTERCARD WORLDWIDE,NOSSAMAN LLP
MA,Mastercard,135349,MASTERCARD INTL,OGILVY PUBLIC RELATIONS WORLDWIDE
MA,Mastercard,139083,MASTERCARD INTL,PORTER NOVELLI
MA,Mastercard,143682,MASTERCARD INTERNATIONAL INCORPORATED,SIDLEY AUSTIN LLP
MA,Mastercard,144543,MASTERCARD WORLDWIDE,"THE SMITH-FREE GROUP, LLC"
MA,Mastercard,156745,MASTERCARD WORLDWIDE,MRS. KIMBERLY COBB
MA,Mastercard,161683,MASTERCARD INTERNATIONAL INCORPORATED,THE RABEN GROUP
MA,Mastercard,169726,MASTERCARD WORLDWIDE,"CGCN GROUP, LLC"
MA,Mastercard,177282,MASTERCARD WORLDWIDE (FKA MASTERCARD INTERNATIONAL),TASSEY & ASSOCIATES
MA,Mastercard,197451,MASTERCARD INTERNATIONAL INCORPORATED,FTI GOVERNMENT AFFAIRS
MA,Mastercard,202451,MASTERCARD,"UNITED BY INTEREST, LLC."
MA,Mastercard,202944,FTI GOVERNMENT AFFAIRS ON BEHALF OF MASTERCARD,EPAM USA PLLC
MA,Mastercard,207142,MASTERCARD (FORMERLY FINICITY),"PORTERFIELD, FETTIG & SEARS, LLC"
MA,Mastercard,210659,MASTERCARD,THE DUBERSTEIN GROUP INC.
MA,Mastercard,212429,"MASTERCARD, INC.",HOLLAND & KNIGHT LLP
MCD,McDonald's,110079,MCDONALD'S CORPORATION,"BROWNSTEIN HYATT FARBER SCHRECK, LLP"
MCD,McDonald's,130865,MCDONALD'S CORPORATION,"MANATT, PHELPS, AND PHILLIPS"
MCD,McDonald's,132005,MCDONALD'S CORPORATION,MCDONALD'S CORPORATION
MCD,McDonald's,132943,MCDONALD'S CORPORATION,"MILLER & CHEVALIER, CHTD"
MCD,McDonald's,134750,MCDONALD'S CORPORATION,NURNBERGER & ASSOCIATES
MCD,McDonald's,135568,MCDONALD'S CORPORATION,"OLSSON, FRANK, WEEDA, TERMAN & MATZ, PC"
MCD,McDonald's,146636,MCDONALD'S CORPORATION,MICHAEL L. TINER
MCD,McDonald's,159643,MCDONALD'S CORPORATION,BUCHANAN INGERSOLL & ROONEY PC
MCD,McDonald's,173155,MCDONALD'S CORPORATION,FGS GLOBAL (US) LLC (FKA FGH HOLDINGS LLC)
MCD,McDonald's,179112,MCDONALD'S CORPORATION,"GRAY GLOBAL ADVISORS, LLC"
MCD,McDonald's,184952,MCDONALD'S CORPORATION,INVARIANT LLC
MCD,McDonald's,195553,MCDONALD'S CORPORATION,JOHN BODE LLC
MCD,McDonald's,200223,MCDONALD'S CORPORATION,"THEGROUP DC, LLC"
MDT,Medtronic,70525,"MEDTRONIC, INC.","MEDTRONIC, INC."
MDT,Medtronic,100873,MEDTRONIC INC,AKIN GUMP STRAUSS HAUER & FELD
MDT,Medtronic,107597,MEDTRONIC,BERGNER BOCKORNY CASTAGNETTI HAWKINS & BRAIN
MDT,Medtronic,108071,MEDTRONIC,BKSH & ASSOCIATES
MDT,Medtronic,113002,MEDTRONICS,"CHAMBERS, CONLON & HARTWELL, LLC"
MDT,Medtronic,115594,"MEDTRONIC, INC.",CROWELL & MORING LLP
MDT,Medtronic,118156,MEDTRONIC INC,"DUTKO WORLDWIDE, LLC"
MDT,Medtronic,122886,MEDTRONIC INC,HALE & DORR
MDT,Medtronic,123322,MEDTRONIC INC,HEALTH POLICY ALTERNATIVES
MDT,Medtronic,123937,MEDTRONIC,HOGAN LOVELLS CADWALADER US LLP (FKA HOGAN LOVELLS US LLP)
MDT,Medtronic,129622,BROWN RUDNICK LLP ON BEHALF OF MEDTRONIC,THE MICHAEL LEWAN COMPANY
MDT,Medtronic,129625,MEDTRONIC,THE MICHAEL LEWAN COMPANY
MDT,Medtronic,132539,MEDTRONIC INC,"MEDTRONIC, INC."
MDT,Medtronic,136400,MEDTRONIC,SQUIRE PATTON BOGGS
MDT,Medtronic,136566,MEDTRONIC-MINIMED (FORMERLY MINIMED INC),SQUIRE PATTON BOGGS
MDT,Medtronic,137993,"MEDTRONIC, INC.",NIXON PEABODY LLP
MDT,Medtronic,142150,MEDTRONIC,ROWAN & BLEWITT
MDT,Medtronic,151756,MEDTRONIC,WILMER CUTLER PICKERING HALE AND DORR LLP
MDT,Medtronic,160083,MEDTRONIC INC.,ERNST & YOUNG LLP (WASHINGTON COUNCIL ERNST & YOUNG)
MDT,Medtronic,170707,"MEDTRONIC, INC.",FOLEY HOAG LLP
MDT,Medtronic,175680,"MEDTRONIC, INC.","MEHLMAN CONSULTING, INC."
MDT,Medtronic,176984,MEDTRONIC INC,BROWN RUDNICK LLP
MDT,Medtronic,178425,MEDTRONIC,UBL HEALTH SOLUTIONS
MDT,Medtronic,178494,MEDTRONIC,"THE NICKLES GROUP, LLC"
MDT,Medtronic,187931,"MEDTRONIC, INC.",BREAUX LOTT LEADERSHIP GROUP
MDT,Medtronic,190134,MEDTRONIC (FORMERLY TITAN SPINE LLC),"BELL & LINDSAY, INC."
MDT,Medtronic,193495,"MEDTRONIC, INC.","W STRATEGIES, LLC"
MDT,Medtronic,202510,"MEDTRONIC, INC",10-SQUARE SOLUTIONS
MDT,Medtronic,203132,MEDTRONIC INC.,"GOVERNMENT COUNSEL, LLC"
MDT,Medtronic,207312,MEDTRONIC (OFFICE-BASED FACILITY ASSN OBFA) (FKA USPA),"LIBERTY PARTNERS GROUP, LLC"
MDT,Medtronic,210281,MEDTRONIC (CARDIOVASCULAR COALITION),"LIBERTY PARTNERS GROUP, LLC"
MGRC,Mobile Modular,126545,MOBILE MODULAR MANAGEMENT CORPORATION,"JAMISON AND SULLIVAN, INC."
MMM,3M Company,52535,3M COMPANY,WILMER CUTLER PICKERING HALE AND DORR LLP
MMM,3M Company,64449,3M COMPANY,"CROSSROADS STRATEGIES, LLC"
MMM,3M Company,65621,3M COMPANY,"CAPITOL TAX PARTNERS, LLP"
MMM,3M Company,67386,3M COMPANY,MICHAEL BEST STRATEGIES LLC
MMM,3M Company,70022,3M COMPANY,BALLARD PARTNERS
MMM,3M Company,71265,3M COMPANY,AMERICAN DEFENSE INTERNATIONAL
MMM,3M Company,102038,3M COMPANY,"ALPINE GROUP PARTNERS, LLC."
MMM,3M Company,110924,3M COMPANY,ARTHUR E CAMERON
MMM,3M Company,123378,3M COMPANY,"HECHT LATHAM SPENCER & ASSOCIATES, INC., FORMERLY KNOWN AS HECHT SPENCER & ASSOC"
MMM,3M Company,133239,3M COMPANY,3M COMPANY
MMM,3M Company,168821,3M COMPANY (FORMERLY KNOWN AS MINNESOTA MINING & MANUFACTURING),"SCHUMACHER PARTNERS INTERNATIONAL, LLC"
MMM,3M Company,169614,3M COMPANY,"MCKENNA, LONG & ALDRIDGE"
MMM,3M Company,184929,3M COMPANY,INVARIANT LLC
MMM,3M Company,189908,3M INNOVATIVE PROPERTIES COMPANY,GARY GRISWOLD
MMM,3M Company,195955,MINNESOTA MINING AND MANUFACTURING COMPANY (3M) ON BEHALF OF AKIN GUMP,THE ROOSEVELT GROUP
MMM,3M Company,197477,3M COMPANY,FTI GOVERNMENT AFFAIRS
MMM,3M Company,205306,3M COMPANY,"THEGROUP DC, LLC"
MMM,3M Company,205564,3M COMPANY,"MARSHALL & POPP, LLC"
MMM,3M Company,205605,3M COMPANY,CONFLUENCE GOVERNMENT RELATIONS
MMM,3M Company,206468,THE 3M COMPANY,POLICY NAVIGATION GROUP
MMM,3M Company,208314,3M COMPANY,"BECKER & POLIAKOFF, P.A."
MMM,3M Co,52535,3M COMPANY,WILMER CUTLER PICKERING HALE AND DORR LLP
MMM,3M Co,64449,3M COMPANY,"CROSSROADS STRATEGIES, LLC"
MMM,3M Co,65621,3M COMPANY,"CAPITOL TAX PARTNERS, LLP"
MMM,3M Co,67386,3M COMPANY,MICHAEL BEST STRATEGIES LLC
MMM,3M Co,70022,3M COMPANY,BALLARD PARTNERS
MMM,3M Co,71265,3M COMPANY,AMERICAN DEFENSE INTERNATIONAL
MMM,3M Co,101437,3M CORP,ALCALDE & FAY
MMM,3M Co,102038,3M COMPANY,"ALPINE GROUP PARTNERS, LLC."
MMM,3M Co,110924,3M COMPANY,ARTHUR E CAMERON
MMM,3M Co,110946,3M CO,"JOHN G. CAMPBELL, INC."
MMM,3M Co,123378,3M COMPANY,"HECHT LATHAM SPENCER & ASSOCIATES, INC., FORMERLY KNOWN AS HECHT SPENCER & ASSOC"
MMM,3M Co,126410,3M CORP,"RED FLAG CONSULTING USA(FORMALLY KNOWN AS INTERNATIONAL BUSINESS-GOVERNMENT COUNSELLORS, INC)"
MMM,3M Co,126619,3M CORP,JBC INTERNATIONAL
MMM,3M Co,128264,MINNESOTA MINING & MANUFACTURING CO (3M),KING & SPALDING LLP
MMM,3M Co,131196,3M CORP,"MATTINGLEY, GEORGE M., JR."
MMM,3M Co,133239,3M COMPANY,3M COMPANY
MMM,3M Co,135544,3M CORP,"OLSSON, FRANK, WEEDA, TERMAN & MATZ, PC"
MMM,3M Co,148686,3M CORP,VENABLE LLP
MMM,3M Co,152981,3M CO,POTOMAC STRATEGIES & ANALYSIS
MMM,3M Co,155183,3M CO,"JEFFERSON GOVERNMENT RELATIONS, L.L.C."
MMM,3M Co,168821,3M COMPANY (FORMERLY KNOWN AS MINNESOTA MINING & MANUFACTURING),"SCHUMACHER PARTNERS INTERNATIONAL, LLC"
MMM,3M Co,169614,3M COMPANY,"MCKENNA, LONG & ALDRIDGE"
MMM,3M Co,173138,"BREWER, ATTORNEYS & COUNSELORS (ON BEHALF OF 3M)",FGS GLOBAL (US) LLC (FKA FGH HOLDINGS LLC)
MMM,3M Co,184929,3M COMPANY,INVARIANT LLC
MMM,3M Co,189908,3M INNOVATIVE PROPERTIES COMPANY,GARY GRISWOLD
MMM,3M Co,193594,3M CORPORATION,GOLLEDGE STRATEGIES & SOLUTIONS LLC
MMM,3M Co,195955,MINNESOTA MINING AND MANUFACTURING COMPANY (3M) ON BEHALF OF AKIN GUMP,THE ROOSEVELT GROUP
MMM,3M Co,197477,3M COMPANY,FTI GOVERNMENT AFFAIRS
MMM,3M Co,200188,3M COGENT,"CARROLL & LADIER, PLLC"
MMM,3M Co,205306,3M COMPANY,"THEGROUP DC, LLC"
MMM,3M Co,205564,3M COMPANY,"MARSHALL & POPP, LLC"
MMM,3M Co,205605,3M COMPANY,CONFLUENCE GOVERNMENT RELATIONS
MMM,3M Co,206468,THE 3M COMPANY,POLICY NAVIGATION GROUP
MMM,3M Co,208314,3M COMPANY,"BECKER & POLIAKOFF, P.A."
MO,Altria,52601,ALTRIA CLIENT SERVICES LLC,"VENTURE GOVERNMENT STRATEGIES, LLC (FKA HOBART HALLAWAY & QUAYLE VENTURES, LLC)"
MO,Altria,54392,ALTRIA CLIENT SERVICES LLC,"HARBINGER STRATEGIES, LLC"
MO,Altria,55297,ALTRIA CLIENT SERVICES LLC,"DOBBINS CONSULTING, LLC"
MO,Altria,60839,"ALTRIA CLIENT SERVICES, LLC","535 GROUP, LLC"
MO,Altria,61468,ALTRIA CLIENT SERVICES,"THE HARPLE GROUP, LLC"
MO,Altria,64208,ALTRIA CLIENT SERVICES LLC,CAPITOL 6 ADVISORS
MO,Altria,67254,ALTRIA CLIENT SERVICES LLC,OFF HILL STRATEGIES L.L.C.
MO,Altria,71301,"ALTRIA CLIENT SERVICES, LLC",EMPIRE CONSULTING GROUP
MO,Altria,101193,ALTRIA CLIENT SERVICES LLC,AKIN GUMP STRAUSS HAUER & FELD
MO,Altria,104454,ALTRIA CLIENT SERVICES INC,ARNOLD & PORTER KAYE SCHOLER LLP
MO,Altria,110261,ALTRIA CLIENT SERVICES,"BROWNSTEIN HYATT FARBER SCHRECK, LLP"
MO,Altria,118843,ALTRIA CORPORATION,EDMISTEN & WEBB LAW FIRM
MO,Altria,122722,ALTRIA CLIENT SERVICES,"GROOM LAW GROUP, CHARTERED"
MO,Altria,124679,ALTRIA CLIENT SERVICES LLC,RICHARD F. HOHLT
MO,Altria,125679,ALTRIA CLIENT SERVICES LLC (FORMERLY ALTRIA),PALMETTO GROUP
MO,Altria,126990,ALTRIA CLIENT SERVICES INC,TIBER CREEK GROUP
MO,Altria,128032,ALTRIA (FORMERLY PHILIP MORRIS COS INC,KESSLER & ASSOCIATES BUSINESS SERVICES
MO,Altria,129188,ALTRIA CLIENT SERVICES,THE LAXALT CORPORATION
MO,Altria,129218,ALTRIA CLIENT SERVICES,THE PAUL LAXALT GROUP
MO,Altria,129465,ALTRIA CLIENT SERVICES INC (FORMERLY ALTRIA CORPORATE SERVICES INC ),"BURLEIGH LEONARD AND COMPANY LLC (FORMERLY ""BURLEIGH LEONARD"")"
MO,Altria,129487,ALTRIA CLIENT SERVICES LLC,"THE RUSSELL GROUP, INC."
MO,Altria,132037,ALTRIA CORPORATE SERVICES INC,MCGLOTTEN & JARVIS
MO,Altria,132308,ALTRIA CLIENT SERVICES,MCGUIREWOODS CONSULTING (A SUBSIDIARY OF MCGUIREWOODS LLP)
MO,Altria,133624,ALTRIA CLIENT SERVICES LLC,"MORGAN, LEWIS & BOCKIUS, LLP"
MO,Altria,134906,"ALTRIA CLIENT SERVICES, INC.","THE OB-C GROUP, LLC"
MO,Altria,135431,ALTRIA CLIENT SERVICES INC,"RYAN MACKINNON VASAPOLI AND BERZOK, LLP"
MO,Altria,135561,ALTRIA,"OLSSON, FRANK, WEEDA, TERMAN & MATZ, PC"
MO,Altria,138239,ALTRIA CLIENT SERVICES LLC,ALTRIA CLIENT SERVICES LLC
MO,Altria,138409,ALTRIA GROUP INC,"PODESTA GROUP, INC."
MO,Altria,138961,ALTRIA CORPORATE SERVICES/ KRAFT GEN FOODS DIV,POLICY DIRECTIONS INC.
MO,Altria,144971,ALTRIA CLIENT SERVICES,DENTONS US LLP
MO,Altria,146290,ALTRIA GROUP INC,SWIDLER BERLIN LLP
MO,Altria,148933,ALTRIA CLIENT SERVICES LLC,VENABLE LLP
MO,Altria,152110,ALTRIA CLIENT SERVICES INC,WINSTON TAYLOR LLP (FORMERLY KNOWN AS WINSTON & STRAWN LLP)
MO,Altria,155139,ALTRIA CORPORATE SERVICES,ROBIN TALLON & ASSOCIATES
MO,Altria,155635,ALTRIA CORP SERVICES,OGR
MO,Altria,156034,ALTRIA,"R. B. MURPHY & ASSOCIATES, LLC"
MO,Altria,157497,ALTRIA CLIENT SERVICES INC (FORMERLY ALTRIA CORPORATE SERVICES INC ),BINGHAM MCCUTCHEN LLP
MO,Altria,160326,ALTRIA CLIENT SERVICES INC.,ERNST & YOUNG LLP (WASHINGTON COUNCIL ERNST & YOUNG)
MO,Altria,160795,ALTRIA CLIENT SERVICES LLC,SUSAN PLATT
MO,Altria,161355,ALTRIA CORPORATE SERVICES INC,"OROURKE, RITA CONSULTING"
MO,Altria,162223,ALTRIA CLIENT SERVICES LLC,WASHINGTON2 ADVOCATES
MO,Altria,162974,ALTRIA CLIENT SERVICES LLC,"CAPITOL TAX PARTNERS, LLP"
MO,Altria,163588,"ALTRIA CLIENT SERVICES, INC.","C2 GROUP, LLC"
MO,Altria,164283,ALTRIA CLIENT SERVICES INC,"ABERNATHY CONSULTANTS, CATHY"
MO,Altria,165027,ALTRIA CLIENT SERVICES LLC,"MERCURY PUBLIC AFFAIRS, LLC"
MO,Altria,165072,ALTRIA CORPORATE SERVICES,MR. PHILLIP FRAAS
MO,Altria,168997,ALTRIA CORPORATE SERVICES,BOIES SCHILLER & FLEXNER
MO,Altria,170860,ALTRIA CORPORATE SERVICES,"GREENLEE PARTNERS, LLC"
MO,Altria,171273,ALTRIA CLIENT SERVICES LLC,TROUTMAN STRATEGIES
MO,Altria,174762,ALTRIA CLIENT SERVICES LLC,"CAPITOL HILL STRATEGIES,  LLC"
MO,Altria,175265,ALTRIA CLIENT SERVICES LLC,CAUTHEN FORBES & WILLIAMS
MO,Altria,179017,ALTRIA CLIENT SERVICES LLC,THE WASHINGTON TAX & PUBLIC POLICY GROUP
MO,Altria,181988,PHILIP MORRIS USA BY ITS SERVICE CO ALTRIA CORPORATE SERVICES,JOHN WYMA AND ASSOCIATES
MO,Altria,182534,ALTRIA CLIENT SERVICES LLC,"POLARIS GOVERNMENT RELATIONS, LLC"
MO,Altria,183165,ALTRIA CLIENT SERVICES,MCGUIREWOODS LLP
MO,Altria,183884,ALTRIA CLIENT SERVICES INC (FORMERLY ALTRIA CORPORATE SERVICES INC ),"DONALD M. NELSON, JR., LLC"
MO,Altria,184771,ALTRIA CLIENT SERVICES LLC (FORMERLY ALTRIA CLIENT SERVICES INC ),"MATTOON & ASSOCIATES, LLC"
MO,Altria,188942,ALTRIA CLIENT SERVICES LLC,RAFFANIELLO & ASSOCIATES
MO,Altria,190845,ALTRIA CLIENT SERVICES LLC,CAPITOL LEGISLATIVE STRATEGIES LLC
MO,Altria,192144,ALTRIA CLIENT SERVICES LLC,"CROSSROADS STRATEGIES, LLC"
MO,Altria,192635,"ALTRIA CLIENT SERVICES, LLC",THORN RUN PARTNERS
MO,Altria,193864,"C2 GROUP (ON BEHALF OF ALTRIA CLIENT SERVICES, INC.)","BATES CAPITOL GROUP, INC."
MO,Altria,193892,"ALTRIA CLIENT SERVICES, INC.","BATES CAPITOL GROUP, INC."
MO,Altria,194239,"ALTRIA CLIENT SERVICES, LLC","NORTH SOUTH GOVERNMENT STRATEGIES F/K/A JDM PUBLIC STRATEGIES, LLC"
MO,Altria,196595,ALTRIA CLIENT SERVICES LLC,FORBES-TATE
MO,Altria,196872,"ALTRIA CLIENT SERVICES, INC.","REPUBLIC CONSULTING, LLC"
MO,Altria,197758,ALTRIA CLIENT SERVICES LLC,LIZ WILLIAMS AND COMPANY
MO,Altria,200235,ALTRIA CLIENT SERVICES LLC,"THEGROUP DC, LLC"
MO,Altria,200389,ALTRIA CLIENT SERVICES LLC,FARRAGUT PARTNERS LLP
MO,Altria,201376,ALTRIA CLIENT SERVICES LLC,"MILLER STRATEGIES, LLC"
MO,Altria,201858,ALTRIA CLIENT SERVICES LLC,BASSGLP LLC
MO,Altria,201952,ALTRIA CLIENT SERVICES LLC AND ITS AFFILIATES,"THIRD STREET STRATEGIES, LLC."
MO,Altria,202743,ALTRIA CLIENT SERVICES LLC,SLAIMAN CONSULTING LLC
MO,Altria,203123,"ALTRIA CLIENT SERVICES, LLC","RESOLUTION PUBLIC AFFAIRS, LLC"
MO,Altria,203229,ALTRIA CLIENT SERVICES,"MARSHALL & POPP, LLC"
MO,Altria,211241,ALTRIA CLIENT SERVICES LLC FKA ALTRIA,THE MATHIS HARPLE GROUP
MORN,Morningstar,52607,"MORNINGSTAR DBRS, INC.",FS VECTOR LLC
MORN,Morningstar,127634,MORNINGSTAR CREDIT RATINGS LLC,"JONES WALKER, LLP"
MRK,Merck & Co.,63930,"MERCK & CO., INC.","HARBINGER STRATEGIES, LLC"
MRK,Merck & Co.,67758,"TIBER CREEK GROUP ON BEHALF OF MERCK & CO., INC.","B HALL STRATEGIES, LLC"
MRK,Merck & Co.,100360,MERCK & CO. INC.,THE ADVOCACY GROUP
MRK,Merck & Co.,100669,"MERCK & CO, INC",AKIN GUMP STRAUSS HAUER & FELD
MRK,Merck & Co.,102303,MERCK & COMPANY INC,ALSTON & BIRD LLP
MRK,Merck & Co.,103750,MERCK & CO INC,JEFFREY ANDERS
MRK,Merck & Co.,103823,MERCK & CO,APCO WORLDWIDE LLC
MRK,Merck & Co.,104189,MERCK & CO,ARENTFOX SCHIFF LLP
MRK,Merck & Co.,106672,"MERCK & CO., INC.",BGR GOVERNMENT AFFAIRS
MRK,Merck & Co.,109969,"MERCK & CO., INC.","BROWNSTEIN HYATT FARBER SCHRECK, LLP"
MRK,Merck & Co.,110991,MERCK & CO,THE CAMPBELL GROUP
MRK,Merck & Co.,111026,MERCK & CO INC,"CANFIELD & ASSOCIATES, INC."
MRK,Merck & Co.,111144,MERCK & CO,"CAPITOL ASSOCIATES, INC."
MRK,Merck & Co.,114994,"MERCK & CO, INC",COVINGTON & BURLING LLP
MRK,Merck & Co.,117284,MERCK & CO,"DOWNEY MCGRATH GROUP, INC."
MRK,Merck & Co.,121865,MERCK & CO,THE GORLIN GROUP
MRK,Merck & Co.,127224,"MERCK & CO., INC",TIBER CREEK GROUP
MRK,Merck & Co.,128250,MERCK & CO,KING & SPALDING LLP
MRK,Merck & Co.,130264,MERCK & CO,THE PMA GROUP
MRK,Merck & Co.,131577,MERCK & CO,"MGN, INC.  (FORMERLY MCCLURE, GERARD & NEUENSCHWANDER, INC.)"
MRK,Merck & Co.,132602,MERCK & CO INC,"MERCK & CO, INC."
MRK,Merck & Co.,132765,MERCK & CO,"MICHAELS & BONNER, P.C."
MRK,Merck & Co.,135097,MERCK & COMPANY INC,NOSSAMAN LLP
MRK,Merck & Co.,135341,MERCK & CO,OGILVY PUBLIC RELATIONS WORLDWIDE
MRK,Merck & Co.,135497,MERCK & CO,"RYAN MACKINNON VASAPOLI AND BERZOK, LLP"
MRK,Merck & Co.,135565,MERCK & CO,"OLSSON, FRANK, WEEDA, TERMAN & MATZ, PC"
MRK,Merck & Co.,138928,MERCK & CO,POLICY DIRECTIONS INC.
MRK,Merck & Co.,140681,"MERCK & CO., INC","PUBLIC STRATEGIES WASHINGTON, INC."
MRK,Merck & Co.,140715,MERCK & CO INC,MARK RAABE
MRK,Merck & Co.,142038,MERCK & CO,"ROPES & GRAY, LLP"
MRK,Merck & Co.,143750,MERCK & CO,SIDLEY AUSTIN LLP
MRK,Merck & Co.,146408,MERCK & CO,SYMONS PUBLIC AFFAIRS
MRK,Merck & Co.,148687,MERCK & CO,VENABLE LLP
MRK,Merck & Co.,149317,MERCK & CO,VERNER LIIPFERT BERNHARD MCPHERSON & HAND
MRK,Merck & Co.,151341,MERCK & CO INC,"WILLIAMS AND JENSEN, PLLC"
MRK,Merck & Co.,153457,MERCK & CO,COLUMBIA CONSULTING GROUP
MRK,Merck & Co.,153753,MERCK & CO,"ALTMAN, RICHARD"
MRK,Merck & Co.,162875,MERCK & CO INC,"HC ASSOCIATES, INC."
MRK,Merck & Co.,165804,MERCK & CO. INC.,AVENUE SOLUTIONS
MRK,Merck & Co.,167909,MERCK & COMPANY,"CORNERSTONE GOVERNMENT AFFAIRS, INC."
MRK,Merck & Co.,169099,"MERCK & CO., INC","NVG, LLC"
MRK,Merck & Co.,174753,"MERCK & CO., INC","CAPITOL HILL STRATEGIES,  LLC"
MRK,Merck & Co.,175488,MERCK AND CO INC,"MEHLMAN CONSULTING, INC."
MRK,Merck & Co.,176440,MERCK AND CO INC,THE MCMANUS GROUP
MRK,Merck & Co.,178462,MERCK & CO,HEALTHPOLICY R&D
MRK,Merck & Co.,178554,MERCK & CO. INC.,"THE NICKLES GROUP, LLC"
MRK,Merck & Co.,184490,"MERCK & COMPANY, INC.",CAPITOL COUNSEL LLC
MRK,Merck & Co.,185154,"MERCK & CO., INC.",POLSINELLI PC
MRK,Merck & Co.,190987,"MERCK & CO., INC.","FERGUSON STRATEGIES, LLC"
MRK,Merck & Co.,192168,"MERCK & CO., INC.","CROSSROADS STRATEGIES, LLC"
MRK,Merck & Co.,193511,"MERCK & CO., INC.","W STRATEGIES, LLC"
MRK,Merck & Co.,193816,"MERCK & CO., INC.","EAST END GROUP, LLC"
MRK,Merck & Co.,194549,TIBER CREEK GROUP (ON BEHALF OF MERCK & CO INC),"TIBER CREEK HEALTH STRATEGIES, INC."
MRK,Merck & Co.,199382,"MERCK & CO., INC.","ADVANCED POLICY CONSULTING, LLC"
MRK,Merck & Co.,201880,"MERCK & CO., INC.","SL STRATEGIES, LLC"
MRK,Merck & Co.,203291,MERCK & CO.,"THE CACTUS GROUP, LLC"
MRK,Merck & Co.,205226,"MERCK & CO., INC.",TODD STRATEGY GROUP
MRK,Merck & Co.,208927,"WILLIAMS AND JENSEN, PLLC ON BEHALF OF MERCK & CO., INC","CONAWAY GRAVES GROUP, LLC"
MRK,Merck & Co.,210190,MERCK SHARP & DOHME CORP.,"BROWNSTEIN HYATT FARBER SCHRECK, LLP"
MRK,Merck & Co,63930,"MERCK & CO., INC.","HARBINGER STRATEGIES, LLC"
MRK,Merck & Co,67758,"TIBER CREEK GROUP ON BEHALF OF MERCK & CO., INC.","B HALL STRATEGIES, LLC"
MRK,Merck & Co,100360,MERCK & CO. INC.,THE ADVOCACY GROUP
MRK,Merck & Co,100669,"MERCK & CO, INC",AKIN GUMP STRAUSS HAUER & FELD
MRK,Merck & Co,102303,MERCK & COMPANY INC,ALSTON & BIRD LLP
MRK,Merck & Co,103750,MERCK & CO INC,JEFFREY ANDERS
MRK,Merck & Co,103823,MERCK & CO,APCO WORLDWIDE LLC
MRK,Merck & Co,104189,MERCK & CO,ARENTFOX SCHIFF LLP
MRK,Merck & Co,106672,"MERCK & CO., INC.",BGR GOVERNMENT AFFAIRS
MRK,Merck & Co,109969,"MERCK & CO., INC.","BROWNSTEIN HYATT FARBER SCHRECK, LLP"
MRK,Merck & Co,110991,MERCK & CO,THE CAMPBELL GROUP
MRK,Merck & Co,111026,MERCK & CO INC,"CANFIELD & ASSOCIATES, INC."
MRK,Merck & Co,111144,MERCK & CO,"CAPITOL ASSOCIATES, INC."
MRK,Merck & Co,114994,"MERCK & CO, INC",COVINGTON & BURLING LLP
MRK,Merck & Co,117284,MERCK & CO,"DOWNEY MCGRATH GROUP, INC."
MRK,Merck & Co,121865,MERCK & CO,THE GORLIN GROUP
MRK,Merck & Co,127224,"MERCK & CO., INC",TIBER CREEK GROUP
MRK,Merck & Co,128250,MERCK & CO,KING & SPALDING LLP
MRK,Merck & Co,130264,MERCK & CO,THE PMA GROUP
MRK,Merck & Co,131577,MERCK & CO,"MGN, INC.  (FORMERLY MCCLURE, GERARD & NEUENSCHWANDER, INC.)"
MRK,Merck & Co,132602,MERCK & CO INC,"MERCK & CO, INC."
MRK,Merck & Co,132765,MERCK & CO,"MICHAELS & BONNER, P.C."
MRK,Merck & Co,135097,MERCK & COMPANY INC,NOSSAMAN LLP
MRK,Merck & Co,135341,MERCK & CO,OGILVY PUBLIC RELATIONS WORLDWIDE
MRK,Merck & Co,135497,MERCK & CO,"RYAN MACKINNON VASAPOLI AND BERZOK, LLP"
MRK,Merck & Co,135565,MERCK & CO,"OLSSON, FRANK, WEEDA, TERMAN & MATZ, PC"
MRK,Merck & Co,138928,MERCK & CO,POLICY DIRECTIONS INC.
MRK,Merck & Co,140681,"MERCK & CO., INC","PUBLIC STRATEGIES WASHINGTON, INC."
MRK,Merck & Co,140715,MERCK & CO INC,MARK RAABE
MRK,Merck & Co,142038,MERCK & CO,"ROPES & GRAY, LLP"
MRK,Merck & Co,143750,MERCK & CO,SIDLEY AUSTIN LLP
MRK,Merck & Co,146408,MERCK & CO,SYMONS PUBLIC AFFAIRS
MRK,Merck & Co,148687,MERCK & CO,VENABLE LLP
MRK,Merck & Co,149317,MERCK & CO,VERNER LIIPFERT BERNHARD MCPHERSON & HAND
MRK,Merck & Co,151341,MERCK & CO INC,"WILLIAMS AND JENSEN, PLLC"
MRK,Merck & Co,153457,MERCK & CO,COLUMBIA CONSULTING GROUP
MRK,Merck & Co,153753,MERCK & CO,"ALTMAN, RICHARD"
MRK,Merck & Co,162875,MERCK & CO INC,"HC ASSOCIATES, INC."
MRK,Merck & Co,165804,MERCK & CO. INC.,AVENUE SOLUTIONS
MRK,Merck & Co,167909,MERCK & COMPANY,"CORNERSTONE GOVERNMENT AFFAIRS, INC."
MRK,Merck & Co,169099,"MERCK & CO., INC","NVG, LLC"
MRK,Merck & Co,174753,"MERCK & CO., INC","CAPITOL HILL STRATEGIES,  LLC"
MRK,Merck & Co,175488,MERCK AND CO INC,"MEHLMAN CONSULTING, INC."
MRK,Merck & Co,176440,MERCK AND CO INC,THE MCMANUS GROUP
MRK,Merck & Co,178462,MERCK & CO,HEALTHPOLICY R&D
MRK,Merck & Co,178554,MERCK & CO. INC.,"THE NICKLES GROUP, LLC"
MRK,Merck & Co,184490,"MERCK & COMPANY, INC.",CAPITOL COUNSEL LLC
MRK,Merck & Co,185154,"MERCK & CO., INC.",POLSINELLI PC
MRK,Merck & Co,190987,"MERCK & CO., INC.","FERGUSON STRATEGIES, LLC"
MRK,Merck & Co,192168,"MERCK & CO., INC.","CROSSROADS STRATEGIES, LLC"
MRK,Merck & Co,193511,"MERCK & CO., INC.","W STRATEGIES, LLC"
MRK,Merck & Co,193816,"MERCK & CO., INC.","EAST END GROUP, LLC"
MRK,Merck & Co,194549,TIBER CREEK GROUP (ON BEHALF OF MERCK & CO INC),"TIBER CREEK HEALTH STRATEGIES, INC."
MRK,Merck & Co,199382,"MERCK & CO., INC.","ADVANCED POLICY CONSULTING, LLC"
MRK,Merck & Co,201880,"MERCK & CO., INC.","SL STRATEGIES, LLC"
MRK,Merck & Co,203291,MERCK & CO.,"THE CACTUS GROUP, LLC"
MRK,Merck & Co,205226,"MERCK & CO., INC.",TODD STRATEGY GROUP
MRK,Merck & Co,208927,"WILLIAMS AND JENSEN, PLLC ON BEHALF OF MERCK & CO., INC","CONAWAY GRAVES GROUP, LLC"
MRK,Merck & Co,210190,MERCK SHARP & DOHME CORP.,"BROWNSTEIN HYATT FARBER SCHRECK, LLP"
MRK,Merck Sharp,68537,MERCK SHARP & DOHME LLC,BALLARD PARTNERS
MRK,Merck Sharp,198651,MERCK SHARP & DOHME,CAPITALHILL ADVISORY
MRK,Merck Sharp,210190,MERCK SHARP & DOHME CORP.,"BROWNSTEIN HYATT FARBER SCHRECK, LLP"
MS,Morgan Stanley,68663,MORGAN STANLEY & CO. LLC,DAVIS & HARMAN LLP
MS,Morgan Stanley,69840,MORGAN STANLEY,"MILLER STRATEGIES, LLC"
MS,Morgan Stanley,100524,MORGAN STANLEY & CO,AKIN GUMP STRAUSS HAUER & FELD
MS,Morgan Stanley,102192,MORGAN STANLEY DEAN WITTER & CO,ALSTON & BIRD LLP
MS,Morgan Stanley,109089,MORGAN STANLEY,JAMES BOLAND
MS,Morgan Stanley,113668,MORGAN STANLEY & CO. INCORPORATED,CLEARY GOTTLIEB STEEN & HAMILTON LLP
MS,Morgan Stanley,114427,MORGAN STANLEY GROUP,PRICEWATERHOUSECOOPERS
MS,Morgan Stanley,125648,MORGAN STANLEY DEAN WITTER & CO,PALMETTO GROUP
MS,Morgan Stanley,133644,MORGAN STANLEY & CO LLC,MORGAN STANLEY & CO. LLC
MS,Morgan Stanley,133692,MORGAN STANLEY,KATE MOSS
MS,Morgan Stanley,143098,MORGAN STANLEY DEAN WITTER DISCOVER & CO,SEWARD & KISSEL LLP
MS,Morgan Stanley,144948,MORGAN STANLEY,DENTONS US LLP
MS,Morgan Stanley,152527,MORGAN STANLEY DEAN WITTER & CO,RAMSEY COOK COOPER & KURLANDER
MS,Morgan Stanley,154095,MORGAN STANLEY DEAN WITTER,"TAGG, GEORGE C."
MS,Morgan Stanley,161548,MORGAN STANLEY,"DCI GROUP, L.L.C."
MS,Morgan Stanley,162940,MORGAN STANLEY DEAN WITTER & COMPANY,"CAPITOL TAX PARTNERS, LLP"
MS,Morgan Stanley,171422,MORGAN STANLEY,ERIS GROUP
MS,Morgan Stanley,181667,MORGAN STANLEY,AMERICAN CAPITOL GROUP
MS,Morgan Stanley,182232,MORGAN STANLEY,THE BAPTISTA GROUP
MS,Morgan Stanley,192159,MORGAN STANLEY & CO LLC,"CROSSROADS STRATEGIES, LLC"
MS,Morgan Stanley,203282,MORGAN STANLEY & CO. LLC,"FORETHOUGHT ADVISORS, LLC"
MSFT,Microsoft,57782,MICROSOFT CORPORATION,"HARBINGER STRATEGIES, LLC"
MSFT,Microsoft,64261,MICROSOFT CORPORATION,AKIN GUMP STRAUSS HAUER & FELD
MSFT,Microsoft,64660,MICROSOFT,TRACTION STRATEGIC
MSFT,Microsoft,65564,MICROSOFT CORPORATION,"POLARIS GOVERNMENT RELATIONS, LLC"
MSFT,Microsoft,66050,MICROSOFT CORPORATION,MICHAEL BEST STRATEGIES LLC
MSFT,Microsoft,67240,MICROSOFT CORP.,"PLATINUM ADVISORS DC, LLC"
MSFT,Microsoft,73263,MICROSOFT CORPORATION,MAYNARD NEXSEN PC
MSFT,Microsoft,74598,MICROSOFT,RIVENDELL GROUP LLP
MSFT,Microsoft,102929,MICROSOFT CORPORATION,ACG ADVOCACY
MSFT,Microsoft,103826,MICROSOFT CORP,APCO WORLDWIDE LLC
MSFT,Microsoft,104504,MICROSOFT CORPORATION,ARNOLD & PORTER KAYE SCHOLER LLP
MSFT,Microsoft,104793,MICROSOFT CORP,ARTHUR ANDERSEN
MSFT,Microsoft,105451,MICROSOFT CORPORATION,"BAKER & MCKENZIE, LLP"
MSFT,Microsoft,106240,MICROSOFT CORP,BGR GOVERNMENT AFFAIRS
MSFT,Microsoft,108671,MICROSOFT CORPORATION,BLANK ROME GOVERNMENT RELATIONS
MSFT,Microsoft,109866,MICROSOFT CORP,"BROWNSTEIN HYATT FARBER SCHRECK, LLP"
MSFT,Microsoft,110617,MICROSOFT CORPORATION,BRYAN CAVE LEIGHTON PAISNER LLP
MSFT,Microsoft,112520,MICROSOFT CORPORATION,"CASSIDY & ASSOCIATES, INC."
MSFT,Microsoft,113393,MICROSOFT CORP,CLARK & WEINSTOCK
MSFT,Microsoft,113831,MICROSOFT CORP,"COLLIER SHANNON SCOTT, PLLC"
MSFT,Microsoft,114574,MICROSOFT CORP,PRICEWATERHOUSECOOPERS
MSFT,Microsoft,115020,MICROSOFT CORP,COVINGTON & BURLING LLP
MSFT,Microsoft,117285,MICROSOFT CORP,"DOWNEY MCGRATH GROUP, INC."
MSFT,Microsoft,119284,MICROSOFT CORP,ERNST & YOUNG
MSFT,Microsoft,120295,MICROSOFT CORP,FLEISCHMAN AND HARDING LLP
MSFT,Microsoft,120481,MICROSOFT,"FBA, INC."
MSFT,Microsoft,120827,MICROSOFT CORP,"FONTHEIM INTERNATIONAL, LLC"
MSFT,Microsoft,121231,MICROSOFT CORP,GALLATIN PUBLIC AFFAIRS
MSFT,Microsoft,122687,MICROSOFT CORPORATION,"GROOM LAW GROUP, CHARTERED"
MSFT,Microsoft,125700,MICROSOFT CORP,PALMETTO GROUP
MSFT,Microsoft,127063,MICROSOFT CORPORATION,TIBER CREEK GROUP
MSFT,Microsoft,128044,MICROSOFT,KESSLER & ASSOCIATES BUSINESS SERVICES
MSFT,Microsoft,129589,MICROSOFT CORP,THE MICHAEL LEWAN COMPANY
MSFT,Microsoft,132779,MICROSOFT CORPORATION,MICROSOFT CORPORATION
MSFT,Microsoft,134702,MICROSOFT CORP,"NORQUIST, GROVER G."
MSFT,Microsoft,135511,MICROSOFT CORPORATION,"RYAN MACKINNON VASAPOLI AND BERZOK, LLP"
MSFT,Microsoft,136563,MICROSOFT CORPORATION,SQUIRE PATTON BOGGS
MSFT,Microsoft,137198,MICROSOFT CORP,SQUIRE PATTON BOGGS
MSFT,Microsoft,137854,MICROSOFT CORPORATION,PAUL HASTINGS LLP
MSFT,Microsoft,139480,MICROSOFT,"POWERS PYLES SUTTER & VERVILLE, P.C."
MSFT,Microsoft,139618,MICROSOFT CORP,"K&L GATES, LLP"
MSFT,Microsoft,146278,MICROSOFT CORP,SWIDLER BERLIN LLP
MSFT,Microsoft,148643,MICROSOFT CORP,"VANDER STOEP, J."
MSFT,Microsoft,149366,MICROSOFT CORP,VERNER LIIPFERT BERNHARD MCPHERSON & HAND
MSFT,Microsoft,149858,MICROSOFT,WASHINGTON COUNSEL
MSFT,Microsoft,149991,MICROSOFT CORP,THE WASHINGTON GROUP
MSFT,Microsoft,151829,MICROSOFT CORPORATION,WILMER CUTLER PICKERING HALE AND DORR LLP
MSFT,Microsoft,152750,MICROSOFT CORP,"HWG LLP (F/K/A HARRIS, WILTSHIRE & GRANNIS LLP)"
MSFT,Microsoft,154597,MICROSOFT,ALEXANDER STRATEGY GROUP
MSFT,Microsoft,155463,MICROSOFT CORP,MCSLARROW CONSULTING L.L.C.
MSFT,Microsoft,157501,MICROSOFT CORPORATION,BINGHAM MCCUTCHEN LLP
MSFT,Microsoft,158521,MICROSOFT,LACKMAN & ASSOCIATES LLC
MSFT,Microsoft,158633,MICROSOFT CORPORATION,QGA PUBLIC AFFAIRS (FORMERLY QUINN GILLESPIE & ASSOCIATES)
MSFT,Microsoft,160081,MICROSOFT CORPORATION,ERNST & YOUNG LLP (WASHINGTON COUNCIL ERNST & YOUNG)
MSFT,Microsoft,161682,MICROSOFT CORPORATION,THE RABEN GROUP
MSFT,Microsoft,162167,MICROSOFT CORP,WASHINGTON2 ADVOCATES
MSFT,Microsoft,162963,MICROSOFT CORP,"CAPITOL TAX PARTNERS, LLP"
MSFT,Microsoft,166431,MICROSOFT CORPORATION,"FEDERAL POLICY GROUP, LLC"
MSFT,Microsoft,167010,MICROSOFT CORPORATION,"SIGNAL GROUP CONSULTING, LLC"
MSFT,Microsoft,167621,MICROSOFT CORPORATION INDUSTRY UNIT,PAW AND ASSOCIATES
MSFT,Microsoft,167663,MICROSOFT CORP,SHIPP & ASSOCIATES
MSFT,Microsoft,167888,MICROSOFT CORPORATION,"CORNERSTONE GOVERNMENT AFFAIRS, INC."
MSFT,Microsoft,169188,MICROSOFT CORP,DLA PIPER LLP (US)
MSFT,Microsoft,169747,MICROSOFT CORPORATION,"CGCN GROUP, LLC"
MSFT,Microsoft,170690,MICROSOFT CORPORATION,FOLEY HOAG LLP
MSFT,Microsoft,171466,MICROSOFT CORPORATION,ERIS GROUP
MSFT,Microsoft,172096,MICROSOFT CORPORATION,STANTON PARK GROUP
MSFT,Microsoft,172222,MICROSOFT CORP,MS. LAURA SALLSTROM
MSFT,Microsoft,172740,MICROSOFT CORPORATION,"NAVIGATORS GLOBAL LLC (FORMERLY DC NAVIGATORS, LLC)"
MSFT,Microsoft,179612,MICROSOFT CORPORATION,BOSE PUBLIC AFFAIRS GROUP
MSFT,Microsoft,179812,MICROSOFT CORPORATION,BRYAN CAVE STRATEGIES LLC
MSFT,Microsoft,181251,MICROSOFT CORPORATION,"D&P CREATIVE STRATEGIES, LLC"
MSFT,Microsoft,181418,MICROSOFT CORP,"ADUSTON CONSULTING, LLC"
MSFT,Microsoft,181843,MICROSOFT CORP.,FIDELIS GOVERNMENT RELATIONS
MSFT,Microsoft,182859,MICROSOFT CORP,MONUMENT ADVOCACY
MSFT,Microsoft,184108,MICROSOFT CORPORATION,"AVOQ, LLC"
MSFT,Microsoft,184316,MICROSOFT,HOLLIER & ASSOCIATES
MSFT,Microsoft,186352,MICROSOFT CORPORATION,SC PARTNERS LLC
MSFT,Microsoft,186556,MICROSOFT CORPORATION,FEDERAL STRATEGY GROUP
MSFT,Microsoft,188655,MICROSOFT CORPORATION,"GLOBAL STRATEGIC PARTNERS, LLC"
MSFT,Microsoft,189276,MICROSOFT CORPORATION,PCT GOVERNMENT RELATIONS
MSFT,Microsoft,190567,MICROSOFT,"POLARIS-HUTTON GROUP, LLC"
MSFT,Microsoft,190734,MICROSOFT COPORATION,"BERRY APPLEMAN & LEIDEN, LLP"
MSFT,Microsoft,191783,MICROSOFT,"TWINLOGIC STRATEGIES, LLP"
MSFT,Microsoft,192863,PCT GOVERNMENT RELATIONS ON BEHALF OF MICROSOFT CORPORATION,BRIAN FITZGERALD
MSFT,Microsoft,192869,MICROSOFT CORPORATION,BRIAN FITZGERALD
MSFT,Microsoft,192924,CORNERSTONE GOVERNMENT AFFAIRS OBO MICROSOFT CORPORATION,"DININO ASSOCIATES, LLC"
MSFT,Microsoft,192971,MICROSOFT CORPORATION,SCHMITZ GLOBAL PARTNERS LLP
MSFT,Microsoft,193689,MICROSOFT CORPORATION,"SIXKILLER CONSULTING, LLC"
MSFT,Microsoft,194148,MICROSOFT CORPORATION,PENN HILL GROUP
MSFT,Microsoft,194410,MICROSOFT CORPORATION,"THE GIBSON GROUP, LLC"
MSFT,Microsoft,194434,MICROSOFT CORPORATION,"CORLEY CONSULTING, LLC"
MSFT,Microsoft,195371,MICROSOFT CORPORATION,"STEWART STRATEGIES AND SOLUTIONS, LLC"
MSFT,Microsoft,197182,MICROSOFT,BLOOM STRATEGIC COUNSEL
MSFT,Microsoft,197474,MICROSOFT CORPORATION,FTI GOVERNMENT AFFAIRS
MSFT,Microsoft,198974,MICROSOFT CORPORATION,"VENTURE GOVERNMENT STRATEGIES, LLC (FKA HOBART HALLAWAY & QUAYLE VENTURES, LLC)"
MSFT,Microsoft,199054,MICROSOFT CORPORATION,WEST FRONT STRATEGIES LLC
MSFT,Microsoft,199379,MICROSOFT,"ADVANCED POLICY CONSULTING, LLC"
MSFT,Microsoft,201037,MICROSOFT CORPORATION,IMPACT STRATEGIES LLC
MSFT,Microsoft,201149,FIDELIS GOVERNMENT RELATIONS (ON BEHALF OF MICROSOFT),SEXTONS CREEK
MSFT,Microsoft,201172,MICROSOFT CORPORATION,SEXTONS CREEK
MSFT,Microsoft,201790,MICROSOFT CORPORATION,"HOWARD WOOLLEY GROUP, LLC"
MSFT,Microsoft,202513,MICROSOFT CORPORATION,10-SQUARE SOLUTIONS
MSFT,Microsoft,203663,MICROSOFT CORPORATION,"ELEVATE GOVERNMENT AFFAIRS, LLC"
MSFT,Microsoft,204604,MICROSOFT CORPORATION,"MERCURY PUBLIC AFFAIRS, LLC"
MSFT,Microsoft,206330,MICROSOFT,HILLTOP ADVOCACY
MSFT,Microsoft,206822,MICROSOFT,"CORY CROWLEY & COMPANY, LLC"
MSFT,Microsoft,207581,MICROSOFT CORPORATION,LOT SIXTEEN LLC
MSFT,Microsoft,208289,MICROSOFT CORPORATION,"HODGKINS CONSULTING, LLC"
MSFT,Microsoft,208344,MICROSOFT CORPORATION,"FORZA DC, LLC"
MSFT,Microsoft,208956,MICROSOFT CORPORATION,FEROX STRATEGIES
MSFT,Microsoft,211535,MICROSOFT CORPORATION,KING & SPALDING LLP
MSFT,Microsoft,213022,MICROSOFT CORPORATION,"FIFESTRATEGIES, LLC"
MU,Micron Technology,50794,"MICRON TECHNOLOGY, INC.","CROSSROADS STRATEGIES, LLC"
MU,Micron Technology,51004,"MICRON TECHNOLOGY, INC.",S-3 GROUP
MU,Micron Technology,55341,"MICRON TECHNOLOGY, INC.","GUIDEPOSTSTRATEGIES, LLC"
MU,Micron Technology,61654,"MICRON TECHNOLOGY, INC.","HILL EAST GROUP, LLC"
MU,Micron Technology,63043,"MICRON TECHNOLOGY, INC.","AVOQ, LLC"
MU,Micron Technology,63288,"MICRON TECHNOLOGY, INC.","MILLER STRATEGIES, LLC"
MU,Micron Technology,65297,"MICRON TECHNOLOGY, INC.",BELLWETHER GOVERNMENT AFFAIRS LLC
MU,Micron Technology,109843,MICRON TECHNOLOGY INC,"BROWNSTEIN HYATT FARBER SCHRECK, LLP"
MU,Micron Technology,116479,MICRON TECHNOLOGY,DECHERT LLP
MU,Micron Technology,122887,MICRON TECHNOLOGY,HALE & DORR
MU,Micron Technology,127208,"MICRON TECHNOLOGY, INC.",TIBER CREEK GROUP
MU,Micron Technology,128301,MICRON TECHNOLOGY INC,KING & SPALDING LLP
MU,Micron Technology,132777,"MICRON TECHNOLOGY, INC.","MICRON TECHNOLOGY, INC."
MU,Micron Technology,140030,"MICRON TECHNOLOGY, INC.","K&L GATES, LLP"
MU,Micron Technology,146594,MICRON TECHNOLOGY INC,"TIMMONS AND COMPANY, INC."
MU,Micron Technology,165540,MICRON TECHNOLOGY INC,POLICY ADVOCATES
MU,Micron Technology,175650,"MICRON TECHNOLOGY, INC.","MEHLMAN CONSULTING, INC."
MU,Micron Technology,194543,"PECK MADIGAN JONES (ON BEHALF OF MICRON TECHNOLOGY, INC.)","TIBER CREEK HEALTH STRATEGIES, INC."
MU,Micron Technology,199912,MICRON TECHNOLOGY INC.,"BRIDGE STREET GROUP, LLC"
MU,Micron Technology,209821,"MICRON TECHNOLOGY, INC.","THEGROUP DC, LLC"
MU,Micron Technology,212617,"MICRON TECHNOLOGY, INC.",AKIN GUMP STRAUSS HAUER & FELD
NEE,NextEra,51812,NEXTERA ENERGY RESOURCES LLC,PUTALASTRATEGIES
NEE,NextEra,54519,"NEXTERA ENERGY, INC.","TIDES GROUP, LLC"
NEE,NextEra,61040,"NEXTERA ENERGY, INC.",CROWELL & MORING LLP
NEE,NextEra,63438,"NEXTERA ENERGY, INC.",ALSTON & BIRD LLP
NEE,NextEra,63441,"NEXTERA ENERGY, INC.","POLARIS GOVERNMENT RELATIONS, LLC"
NEE,NextEra,66715,"NEXTERA ENERGY, INC.","MO STRATEGIES, INC."
NEE,NextEra,68679,"NEXTERA ENERGY, INC.","BROWNSTEIN HYATT FARBER SCHRECK, LLP"
NEE,NextEra,69119,NEXTERA ENERGY,"CONTINENTAL STRATEGY, LLC"
NEE,NextEra,69161,NEXTERA ENERGY INC,"CORCORAN & ASSOCIATES, INC. DBA CORCORAN PARTNERS"
NEE,NextEra,69672,NEXTERA ENERGY RESOURCES DEVELOPMENT,"E2 STRATEGIES, LLC"
NEE,NextEra,100814,NEXTERA ENERGY INC,AKIN GUMP STRAUSS HAUER & FELD
NEE,NextEra,107810,NEXTERA ENERGY RESOURCES LLC,"BIRCH, HORTON, BITTNER & CHEROT"
NEE,NextEra,110017,NEXTERA ENERGY RESOURCES INC,"BROWNSTEIN HYATT FARBER SCHRECK, LLP"
NEE,NextEra,116158,NEXTERA ENERGY INC,DAVIS & HARMAN LLP
NEE,NextEra,125229,NEXTERA ENERGY INC,HOLLAND & KNIGHT LLP
NEE,NextEra,135528,NEXTERA ENERGY INC.,"RYAN MACKINNON VASAPOLI AND BERZOK, LLP"
NEE,NextEra,144861,NEXTERA ENERGY,DENTONS US LLP
NEE,NextEra,147594,"NEXTERA ENERGY, INC.","VAN NESS FELDMAN, LLP"
NEE,NextEra,151265,NEXTERA ENERGY INC,"WILLIAMS AND JENSEN, PLLC"
NEE,NextEra,151839,"NEXTERA ENERGY RESOURCES, LLC.",WILMER CUTLER PICKERING HALE AND DORR LLP
NEE,NextEra,154244,"NEXTERA ENERGY RESOURCES, LLC","LIEBMAN & ASSOCIATES, INC."
NEE,NextEra,158814,"NEXTERA ENERGY, INC.",QGA PUBLIC AFFAIRS (FORMERLY QUINN GILLESPIE & ASSOCIATES)
NEE,NextEra,160343,"NEXTERA ENERGY, INC.",ERNST & YOUNG LLP (WASHINGTON COUNCIL ERNST & YOUNG)
NEE,NextEra,163107,"NEXTERA ENERGY, INC.","CAPITOL TAX PARTNERS, LLP"
NEE,NextEra,164047,NEXTERA ENERGY RESOURCES,"DAVID GARDINER & ASSOCIATES, LLC"
NEE,NextEra,169783,"NEXTERA ENERGY, INC.","CGCN GROUP, LLC"
NEE,NextEra,171556,NEXTERA ENERGY INC,OWEN EVANS INGOLS
NEE,NextEra,172730,"NEXTERA ENERGY, INC.","NAVIGATORS GLOBAL LLC (FORMERLY DC NAVIGATORS, LLC)"
NEE,NextEra,178988,NEXTERA ENERGY CAPITAL HOLDINGS INC. (FORMERLY NEXTERA ENERGY INC.),THE WASHINGTON TAX & PUBLIC POLICY GROUP
NEE,NextEra,184468,"NEXTERA ENERGY, INC.",CAPITOL COUNSEL LLC
NEE,NextEra,184894,"NEXTERA ENERGY, INC.",INVARIANT LLC
NEE,NextEra,188242,NEXTERA ENERGY INC,"NEXTERA ENERGY, INC."
NEE,NextEra,188946,NEXTERA ENERGY INC,RAFFANIELLO & ASSOCIATES
NEE,NextEra,192160,"NEXTERA ENERGY RESOURCES, LLC","CROSSROADS STRATEGIES, LLC"
NEE,NextEra,196210,"NEXTERA ENERGY, INC.",PENN AVENUE PARTNERS
NEE,NextEra,197832,NEXTERA ENERGY,LINCOLN POLICY GROUP
NEE,NextEra,198478,"NEXTERA ENERGY, INC.",ALIGNMENT GOVERNMENT STRATEGIES
NEE,NextEra,199323,"NEXTERA ENERGY, INC.","HARBINGER STRATEGIES, LLC"
NEE,NextEra,200400,"NEXTERA ENERGY, INC.",FARRAGUT PARTNERS LLP
NEE,NextEra,201180,"NEXTERA ENERGY, INC./FLORIDA POWER AND LIGHT COMPANY",BALLARD PARTNERS
NEE,NextEra,201913,NEXTERA ENERGY INC.,"NEALE CREEK, LLC"
NEE,NextEra,202567,"NEXTERA ENERGY RESOURCES, LLC",THE VOGEL GROUP
NEE,NextEra,204786,"NEXTERA ENERGY, INC.","THE NICKLES GROUP, LLC"
NEE,NextEra,208249,NEXTERA ENERGY RESOURCES LLC,PIONEER PUBLIC AFFAIRS
NEE,NextEra,209137,"NEXTERA ENERGY, INC.","LIEBMAN & ASSOCIATES, INC."
NEE,NextEra,211152,"NEXTERA ENERGY, INC.","GUIDEPOSTSTRATEGIES, LLC"
NEE,NextEra,213534,"NEXTERA ENERGY, INC.",VENABLE LLP
NEE,Florida Power & Light,107963,FLORIDA POWER & LIGHT COMPANY,"BIRCH, HORTON, BITTNER & CHEROT"
NEE,Florida Power & Light,111592,FLORIDA POWER & LIGHT COMPANY,CARMEN GROUP INCORPORATED
NEE,Florida Power & Light,116294,FLORIDA POWER & LIGHT,DAVIS O'CONNELL
NEE,Florida Power & Light,120498,FLORIDA POWER & LIGHT COMPANY,FLORIDA POWER & LIGHT COMPANY
NEE,Florida Power & Light,124353,FLORIDA POWER & LIGHT COMPANY,HOGAN LOVELLS CADWALADER US LLP (FKA HOGAN LOVELLS US LLP)
NEE,Florida Power & Light,128039,FLORIDA POWER & LIGHT,KESSLER & ASSOCIATES BUSINESS SERVICES
NEE,Florida Power & Light,128377,FLORIDA POWER & LIGHT COMPANY,KING & SPALDING LLP
NEE,Florida Power & Light,135425,FLORIDA POWER & LIGHT COMPANY,"RYAN MACKINNON VASAPOLI AND BERZOK, LLP"
NEE,Florida Power & Light,143221,FLORIDA POWER & LIGHT,PILLSBURY WINTHROP SHAW PITTMAN LLP
NEE,Florida Power & Light,146265,FLORIDA POWER & LIGHT,SWIDLER BERLIN LLP
NEE,Florida Power & Light,156266,FLORIDA POWER & LIGHT,RENKES GROUP
NEE,Florida Power & Light,163377,SWIDLER BERLIN SHEREFF FRIEDMAN (FLORIDA POWER & LIGHT),THE HARBOUR GROUP
NEE,Florida Power & Light,171605,FLORIDA POWER & LIGHT,BLUEWATER STRATEGIES
NEE,Florida Power & Light,183585,NEXT ERA ENERGY (FORMERLY FLORIDA POWER AND LIGHT),DELTA STRATEGY GROUP
NEE,NextEra Energy,51812,NEXTERA ENERGY RESOURCES LLC,PUTALASTRATEGIES
NEE,NextEra Energy,54519,"NEXTERA ENERGY, INC.","TIDES GROUP, LLC"
NEE,NextEra Energy,61040,"NEXTERA ENERGY, INC.",CROWELL & MORING LLP
NEE,NextEra Energy,63438,"NEXTERA ENERGY, INC.",ALSTON & BIRD LLP
NEE,NextEra Energy,63441,"NEXTERA ENERGY, INC.","POLARIS GOVERNMENT RELATIONS, LLC"
NEE,NextEra Energy,66715,"NEXTERA ENERGY, INC.","MO STRATEGIES, INC."
NEE,NextEra Energy,68679,"NEXTERA ENERGY, INC.","BROWNSTEIN HYATT FARBER SCHRECK, LLP"
NEE,NextEra Energy,69119,NEXTERA ENERGY,"CONTINENTAL STRATEGY, LLC"
NEE,NextEra Energy,69161,NEXTERA ENERGY INC,"CORCORAN & ASSOCIATES, INC. DBA CORCORAN PARTNERS"
NEE,NextEra Energy,69672,NEXTERA ENERGY RESOURCES DEVELOPMENT,"E2 STRATEGIES, LLC"
NEE,NextEra Energy,100814,NEXTERA ENERGY INC,AKIN GUMP STRAUSS HAUER & FELD
NEE,NextEra Energy,107810,NEXTERA ENERGY RESOURCES LLC,"BIRCH, HORTON, BITTNER & CHEROT"
NEE,NextEra Energy,110017,NEXTERA ENERGY RESOURCES INC,"BROWNSTEIN HYATT FARBER SCHRECK, LLP"
NEE,NextEra Energy,116158,NEXTERA ENERGY INC,DAVIS & HARMAN LLP
NEE,NextEra Energy,125229,NEXTERA ENERGY INC,HOLLAND & KNIGHT LLP
NEE,NextEra Energy,135528,NEXTERA ENERGY INC.,"RYAN MACKINNON VASAPOLI AND BERZOK, LLP"
NEE,NextEra Energy,144861,NEXTERA ENERGY,DENTONS US LLP
NEE,NextEra Energy,147594,"NEXTERA ENERGY, INC.","VAN NESS FELDMAN, LLP"
NEE,NextEra Energy,151265,NEXTERA ENERGY INC,"WILLIAMS AND JENSEN, PLLC"
NEE,NextEra Energy,151839,"NEXTERA ENERGY RESOURCES, LLC.",WILMER CUTLER PICKERING HALE AND DORR LLP
NEE,NextEra Energy,154244,"NEXTERA ENERGY RESOURCES, LLC","LIEBMAN & ASSOCIATES, INC."
NEE,NextEra Energy,158814,"NEXTERA ENERGY, INC.",QGA PUBLIC AFFAIRS (FORMERLY QUINN GILLESPIE & ASSOCIATES)
NEE,NextEra Energy,160343,"NEXTERA ENERGY, INC.",ERNST & YOUNG LLP (WASHINGTON COUNCIL ERNST & YOUNG)
NEE,NextEra Energy,163107,"NEXTERA ENERGY, INC.","CAPITOL TAX PARTNERS, LLP"
NEE,NextEra Energy,164047,NEXTERA ENERGY RESOURCES,"DAVID GARDINER & ASSOCIATES, LLC"
NEE,NextEra Energy,169783,"NEXTERA ENERGY, INC.","CGCN GROUP, LLC"
NEE,NextEra Energy,171556,NEXTERA ENERGY INC,OWEN EVANS INGOLS
NEE,NextEra Energy,172730,"NEXTERA ENERGY, INC.","NAVIGATORS GLOBAL LLC (FORMERLY DC NAVIGATORS, LLC)"
NEE,NextEra Energy,178988,NEXTERA ENERGY CAPITAL HOLDINGS INC. (FORMERLY NEXTERA ENERGY INC.),THE WASHINGTON TAX & PUBLIC POLICY GROUP
NEE,NextEra Energy,184468,"NEXTERA ENERGY, INC.",CAPITOL COUNSEL LLC
NEE,NextEra Energy,184894,"NEXTERA ENERGY, INC.",INVARIANT LLC
NEE,NextEra Energy,188242,NEXTERA ENERGY INC,"NEXTERA ENERGY, INC."
NEE,NextEra Energy,188946,NEXTERA ENERGY INC,RAFFANIELLO & ASSOCIATES
NEE,NextEra Energy,192160,"NEXTERA ENERGY RESOURCES, LLC","CROSSROADS STRATEGIES, LLC"
NEE,NextEra Energy,196210,"NEXTERA ENERGY, INC.",PENN AVENUE PARTNERS
NEE,NextEra Energy,197832,NEXTERA ENERGY,LINCOLN POLICY GROUP
NEE,NextEra Energy,198478,"NEXTERA ENERGY, INC.",ALIGNMENT GOVERNMENT STRATEGIES
NEE,NextEra Energy,199323,"NEXTERA ENERGY, INC.","HARBINGER STRATEGIES, LLC"
NEE,NextEra Energy,200400,"NEXTERA ENERGY, INC.",FARRAGUT PARTNERS LLP
NEE,NextEra Energy,201180,"NEXTERA ENERGY, INC./FLORIDA POWER AND LIGHT COMPANY",BALLARD PARTNERS
NEE,NextEra Energy,201913,NEXTERA ENERGY INC.,"NEALE CREEK, LLC"
NEE,NextEra Energy,202567,"NEXTERA ENERGY RESOURCES, LLC",THE VOGEL GROUP
NEE,NextEra Energy,204786,"NEXTERA ENERGY, INC.","THE NICKLES GROUP, LLC"
NEE,NextEra Energy,208249,NEXTERA ENERGY RESOURCES LLC,PIONEER PUBLIC AFFAIRS
NEE,NextEra Energy,209137,"NEXTERA ENERGY, INC.","LIEBMAN & ASSOCIATES, INC."
NEE,NextEra Energy,211152,"NEXTERA ENERGY, INC.","GUIDEPOSTSTRATEGIES, LLC"
NEE,NextEra Energy,213534,"NEXTERA ENERGY, INC.",VENABLE LLP
NFLX,Netflix,44594,"NETFLIX, INC.","MILLER & CHEVALIER, CHTD"
NFLX,Netflix,54911,"NETFLIX, INC.","MEHLMAN CONSULTING, INC."
NFLX,Netflix,65088,"NETFLIX, INC.",BALLARD PARTNERS
NFLX,Netflix,70333,"NETFLIX, INC.","THE GIBSON GROUP, LLC"
NFLX,Netflix,70635,"NETFLIX, INC.","AVOQ, LLC"
NFLX,Netflix,71023,NETFLIX,S-3 GROUP
NFLX,Netflix,71078,"NETFLIX, INC.",BLOOM STRATEGIC COUNSEL
NFLX,Netflix,71100,"NETFLIX, INC.",KRESSIN POWERS LLC
NFLX,Netflix,71858,NETFLIX,"FEDERAL HALL POLICY ADVISORS, LLC"
NFLX,Netflix,105457,"NETFLIX, INC.","BAKER & MCKENZIE, LLP"
NFLX,Netflix,122457,NETFLIX,"GREENBERG TRAURIG, LLP"
NFLX,Netflix,137060,NETFLIX,SQUIRE PATTON BOGGS
NFLX,Netflix,173143,"NETFLIX, INC.",FGS GLOBAL (US) LLC (FKA FGH HOLDINGS LLC)
NFLX,Netflix,182887,"NETFLIX, INC.",MONUMENT ADVOCACY
NFLX,Netflix,186680,"NETFLIX, INC.","KOUNTOUPES DENHAM CARR & REID, LLC"
NFLX,Netflix,187751,NETFLIX,"FRANKLIN SQUARE GROUP, LLC"
NFLX,Netflix,194182,"NETFLIX, INC.","NETFLIX, INC."
NFLX,Netflix,194442,"NETFLIX, INC.","CORLEY CONSULTING, LLC"
NFLX,Netflix,206310,NETFLIX INC,"MERCURY PUBLIC AFFAIRS, LLC"
NFLX,Netflix,212587,NETFLIX INC.,COVINGTON & BURLING LLP
NKE,NIKE,69810,"NIKE, INC.","MILLER STRATEGIES, LLC"
NKE,NIKE,101066,"NIKE, INC.",AKIN GUMP STRAUSS HAUER & FELD
NKE,NIKE,102076,"NIKE, INC.","ALPINE GROUP PARTNERS, LLC."
NKE,NIKE,102988,NIKE INC,ACG ADVOCACY
NKE,NIKE,134692,NIKE INC,"NIKE, INC"
NKE,NIKE,139359,NIKE,POWELL GOLDSTEIN LLP
NKE,NIKE,143790,NIKE USA INC.,SIDLEY AUSTIN LLP
NKE,NIKE,155952,"NIKE, INC.",OGR
NKE,NIKE,168059,"NIKE, INC","CORNERSTONE GOVERNMENT AFFAIRS, INC."
NKE,NIKE,171479,"NIKE, INC.",ERIS GROUP
NKE,NIKE,172620,"ACG ADVOCACY ON BEHALF OF NIKE, INC.",MARLA GROSSMAN LLC
NKE,NIKE,180638,NIKE INC.,"THE MITA GROUP, INC."
NKE,NIKE,184646,"NIKE, INC.",CAPITOL COUNSEL LLC
NKE,NIKE,192918,"CORNERSTONE GOVERNMENT AFFAIRS OBO NIKE, INC.","DININO ASSOCIATES, LLC"
NKE,NIKE,194389,"NIKE, INC.",EMPIRE CONSULTING GROUP
NKE,NIKE,194692,NIKE INC.,LIONEL C JOHNSON
NKE,NIKE,197372,"NIKE, INC.",GRAYROBINSON PA
NKE,"Nike, Inc",69810,"NIKE, INC.","MILLER STRATEGIES, LLC"
NKE,"Nike, Inc",101066,"NIKE, INC.",AKIN GUMP STRAUSS HAUER & FELD
NKE,"Nike, Inc",102076,"NIKE, INC.","ALPINE GROUP PARTNERS, LLC."
NKE,"Nike, Inc",102988,NIKE INC,ACG ADVOCACY
NKE,"Nike, Inc",134692,NIKE INC,"NIKE, INC"
NKE,"Nike, Inc",143790,NIKE USA INC.,SIDLEY AUSTIN LLP
NKE,"Nike, Inc",155952,"NIKE, INC.",OGR
NKE,"Nike, Inc",168059,"NIKE, INC","CORNERSTONE GOVERNMENT AFFAIRS, INC."
NKE,"Nike, Inc",171479,"NIKE, INC.",ERIS GROUP
NKE,"Nike, Inc",172620,"ACG ADVOCACY ON BEHALF OF NIKE, INC.",MARLA GROSSMAN LLC
NKE,"Nike, Inc",180638,NIKE INC.,"THE MITA GROUP, INC."
NKE,"Nike, Inc",184646,"NIKE, INC.",CAPITOL COUNSEL LLC
NKE,"Nike, Inc",192918,"CORNERSTONE GOVERNMENT AFFAIRS OBO NIKE, INC.","DININO ASSOCIATES, LLC"
NKE,"Nike, Inc",194389,"NIKE, INC.",EMPIRE CONSULTING GROUP
NKE,"Nike, Inc",194692,NIKE INC.,LIONEL C JOHNSON
NKE,"Nike, Inc",197372,"NIKE, INC.",GRAYROBINSON PA
NKE,Nike Inc,69810,"NIKE, INC.","MILLER STRATEGIES, LLC"
NKE,Nike Inc,101066,"NIKE, INC.",AKIN GUMP STRAUSS HAUER & FELD
NKE,Nike Inc,102076,"NIKE, INC.","ALPINE GROUP PARTNERS, LLC."
NKE,Nike Inc,102988,NIKE INC,ACG ADVOCACY
NKE,Nike Inc,134692,NIKE INC,"NIKE, INC"
NKE,Nike Inc,143790,NIKE USA INC.,SIDLEY AUSTIN LLP
NKE,Nike Inc,155952,"NIKE, INC.",OGR
NKE,Nike Inc,168059,"NIKE, INC","CORNERSTONE GOVERNMENT AFFAIRS, INC."
NKE,Nike Inc,171479,"NIKE, INC.",ERIS GROUP
NKE,Nike Inc,172620,"ACG ADVOCACY ON BEHALF OF NIKE, INC.",MARLA GROSSMAN LLC
NKE,Nike Inc,180638,NIKE INC.,"THE MITA GROUP, INC."
NKE,Nike Inc,184646,"NIKE, INC.",CAPITOL COUNSEL LLC
NKE,Nike Inc,192918,"CORNERSTONE GOVERNMENT AFFAIRS OBO NIKE, INC.","DININO ASSOCIATES, LLC"
NKE,Nike Inc,194389,"NIKE, INC.",EMPIRE CONSULTING GROUP
NKE,Nike Inc,194692,NIKE INC.,LIONEL C JOHNSON
NKE,Nike Inc,197372,"NIKE, INC.",GRAYROBINSON PA
NOW,ServiceNow,63989,"SERVICENOW, INC.",BALLARD PARTNERS
NOW,ServiceNow,67374,"SERVICENOW, INC.",MARBLE ARCH
NOW,ServiceNow,205330,SERVICENOW INC,IMPERIUM GLOBAL ADVISORS
NOW,ServiceNow,207614,"SERVICENOW, INC.","SERVICENOW, INC."
NOW,ServiceNow,208419,SERVICENOW,THE RABEN GROUP
NOW,ServiceNow,208899,SERVICENOW INC,"AVOQ, LLC"
NOW,ServiceNow,209437,"ANKURA CONSULTING GROUP, LLC ON BEHALF OF SERVICENOW",MLJ STRATEGIES
NOW,ServiceNow,209510,"SERVICENOW, INC.","CORNERSTONE GOVERNMENT AFFAIRS, INC."
NOW,ServiceNow,211787,SERVICENOW,VAN SCOYOC ASSOCIATES
NOW,ServiceNow,212251,SERVICENOW,VANTAGEKNIGHT LLC
NTAP,NetApp,53166,"NETAPP, INC.",THE MADISON GROUP
NTAP,NetApp,61438,"NETAPP, INC.",FULCRUM PUBLIC AFFAIRS LLC
NTAP,NetApp,100917,NETAPP,AKIN GUMP STRAUSS HAUER & FELD
NTAP,NetApp,148373,NETAPP,VAN SCOYOC ASSOCIATES
NTAP,NetApp,184010,"NETAPP, INC","NETAPP, INC"
NTAP,NetApp,196824,NETAPP INC.,EFRUS FEDERAL ADVISORS LLC
NVDA,NVIDIA,53580,NVIDIA CORPORATION,TIBER CREEK GROUP
NVDA,NVIDIA,56422,NVIDIA CORPORATION,"THE NICKLES GROUP, LLC"
NVDA,NVIDIA,65325,NVIDIA CORPORATION,NVIDIA CORPORATION
NVDA,NVIDIA,68385,NVIDIA CORPORATION,"BROWNSTEIN HYATT FARBER SCHRECK, LLP"
NVDA,NVIDIA,68434,NVIDIA,THE VOGEL GROUP
NVDA,NVIDIA,68447,NVIDIA CORPORATION,BGR GOVERNMENT AFFAIRS
NVDA,NVIDIA,191406,NVIDIA,"CANYON SNOW CONSULTING, LLC"
ORCL,Oracle Corp,45700,ORACLE CORPORATION,AVENUE SOLUTIONS
ORCL,Oracle Corp,61638,ORACLE CORPORATION,"GUIDEPOSTSTRATEGIES, LLC"
ORCL,Oracle Corp,63797,ORACLE CORPORATION,"THEGROUP DC, LLC"
ORCL,Oracle Corp,67561,ORACLE CORPORATION,"CANFIELD CONSULTING, LLC"
ORCL,Oracle Corp,68361,ORACLE CORPORATION,DUDDINGTON GLOBAL STRATEGIES LLC
ORCL,Oracle Corp,103070,ORACLE CORPORATION,ACG ADVOCACY
ORCL,Oracle Corp,103831,ORACLE CORP,APCO WORLDWIDE LLC
ORCL,Oracle Corp,106470,ORACLE CORPORATION,BGR GOVERNMENT AFFAIRS
ORCL,Oracle Corp,109743,ORACLE CORP,"BROWNSTEIN HYATT FARBER SCHRECK, LLP"
ORCL,Oracle Corp,112533,ORACLE CORPORATION,"CASSIDY & ASSOCIATES, INC."
ORCL,Oracle Corp,113843,ORACLE CORP,"COLLIER SHANNON SCOTT, PLLC"
ORCL,Oracle Corp,114019,ORACLE CORP,"RICHARD L. COLLINS & COMPANY, INC."
ORCL,Oracle Corp,116923,ORACLE CORPORATION,DICKSTEIN SHAPIRO LLP
ORCL,Oracle Corp,123614,ORACLE CORP,"HILL & KNOWLTON STRATEGIES, LLC"
ORCL,Oracle Corp,126628,ORACLE CORP,JBC INTERNATIONAL
ORCL,Oracle Corp,127044,ORACLE CORP,TIBER CREEK GROUP
ORCL,Oracle Corp,127486,ORACLE CORP,"JONES WALKER, LLP"
ORCL,Oracle Corp,129593,ORACLE CORPORATION,THE MICHAEL LEWAN COMPANY
ORCL,Oracle Corp,130699,ORACLE CORP,"MANATT, PHELPS, AND PHILLIPS"
ORCL,Oracle Corp,131284,ORACLE CORP,MAYER BROWN LLP
ORCL,Oracle Corp,135791,ORACLE CORPORATION,ORACLE CORPORATION
ORCL,Oracle Corp,138604,ORACLE CORPORATION,"PODESTA GROUP, INC."
ORCL,Oracle Corp,142118,ORACLE CORPORATION,THE ROTH GROUP
ORCL,Oracle Corp,149036,ORACLE CORPORATION,VENABLE LLP
ORCL,Oracle Corp,149449,ORACLE CORP,VERNER LIIPFERT BERNHARD MCPHERSON & HAND
ORCL,Oracle Corp,150523,ORACLE CORP,"WEXLER | WALKER, A UNIT OF HILL+KNOWLTON STRATEGIES, LLC"
ORCL,Oracle Corp,152544,ORACLE CORP,HOULIHAN INTERNATIONAL LLC
ORCL,Oracle Corp,153413,ORACLE CORPORATION,"FIERCE, ISAKOWITZ & BLALOCK"
ORCL,Oracle Corp,155026,ORACLE CORP,WASHINGTON RESOURCE ASSOC
ORCL,Oracle Corp,155216,ORACLE CORP,"JEFFERSON GOVERNMENT RELATIONS, L.L.C."
ORCL,Oracle Corp,156294,ORACLE CORPORATION,"THE LIVINGSTON GROUP, LLC"
ORCL,Oracle Corp,164614,ORACLE AMERICA INC. FKA ORACLE CORPORATION,"MERCURY PUBLIC AFFAIRS, LLC"
ORCL,Oracle Corp,169158,ORACLE CORPORATION,DLA PIPER LLP (US)
ORCL,Oracle Corp,172182,ORACLE CORPORATION,MR. JAMES TAYLOR
ORCL,Oracle Corp,173304,ORACLE CORP,"BAINWOL, MITCH"
ORCL,Oracle Corp,176963,ORACLE CORPORATION,BROWN RUDNICK LLP
ORCL,Oracle Corp,178560,ORACLE CORPORATION,"THE NICKLES GROUP, LLC"
ORCL,Oracle Corp,179502,ORACLE CERNER (FORMERLY CERNER CORPORATION),ORACLE CERNER (FORMERLY CERNER CORPORATION)
ORCL,Oracle Corp,180571,ORACLE CORPORATION,ASHCROFT GROUP
ORCL,Oracle Corp,182527,ORACLE CORPORATION,"POLARIS GOVERNMENT RELATIONS, LLC"
ORCL,Oracle Corp,184542,ORACLE CORPORATION,CAPITOL COUNSEL LLC
ORCL,Oracle Corp,185415,ORACLE CORPORATION,HORIZON GOVERNMENT AFFAIRS
ORCL,Oracle Corp,190929,ORACLE CORPORATION,"CG CONSULTING GROUP, INC."
ORCL,Oracle Corp,194440,ORACLE CORPORATION,"CORLEY CONSULTING, LLC"
ORCL,Oracle Corp,199159,ORACLE CORPORATION,FIERCE GOVERNMENT RELATIONS
ORCL,Oracle Corp,199754,ORACLE CORPORATION,US POLICY STRATEGIES
ORCL,Oracle Corp,213253,ORACLE CORPORATION,A1.9 STRATEGIES LLC
ORCL,Oracle America,53686,"ORACLE AMERICA, INC.","MILLER STRATEGIES, LLC"
ORCL,Oracle America,54291,"ORACLE AMERICA, INC.",JEFF MILLER GROUP
ORCL,Oracle America,54530,ORACLE AMERICA,PAT WILLIAMS AND ASSOCIATES
ORCL,Oracle America,54644,"ORACLE AMERICA, INC","THE MCKEON GROUP, INC."
ORCL,Oracle America,59124,ORACLE AMERICAN INC.,CAPITOL CONSULTING GROUP LLC (DC)
ORCL,Oracle America,67650,"ORACLE AMERICA, INC.",TROUTMAN STRATEGIES
ORCL,Oracle America,68236,"ORACLE AMERICA, INC.","SIGHTLINE ADVOCACY, LLC"
ORCL,Oracle America,133745,ORACLE AMERICA INC,"MSP STRATEGIC COMMUNICATIONS, INC."
ORCL,Oracle America,164614,ORACLE AMERICA INC. FKA ORACLE CORPORATION,"MERCURY PUBLIC AFFAIRS, LLC"
ORCL,Oracle America,166933,"ORACLE AMERICA, INC.","SIGNAL GROUP CONSULTING, LLC"
ORCL,Oracle America,172645,"ORACLE AMERICA, INC.","NAVIGATORS GLOBAL LLC (FORMERLY DC NAVIGATORS, LLC)"
ORCL,Oracle America,176822,"ORACLE AMERICA, INC.",PUTALASTRATEGIES
ORCL,Oracle America,185388,"ORACLE AMERICA, INC.",ROBERTI ASSOCIATES
ORCL,Oracle America,190817,ORACLE AMERICAN INC.,COVE STRATEGIES
ORCL,Oracle America,195050,"ORACLE AMERICA, INC.","ROBERTI GLOBAL (FKA ROBERTI WHITE, LLC)"
ORCL,Oracle America,202435,"ORACLE AMERICA, INC.",KLEIN/JOHNSON GROUP
ORCL,Oracle America,206523,"ORACLE AMERICA, INC.","INNOVATIVE POLICY, PLLC"
ORCL,Oracle America,206633,"ORACLE AMERICA, INC.","BROWNSTEIN HYATT FARBER SCHRECK, LLP"
ORCL,Oracle America,206685,ORACLE AMERICA INC.,VENN STRATEGIES
ORCL,Oracle America,209622,ORACLE AMERICA INC.,SCHAERR JAFFE LLP
ORCL,Oracle America,210661,ORACLE AMERICA INC.,"THE CORMAC GROUP, LLC"
ORCL,Oracle America,212205,"ORACLE AMERICA, INC.","MEEKS, BUTERA & ISRAEL PLLC"
ORCL,Oracle America,212269,COVE STRATEGIES ON BEHALF OF ORACLE AMERICAN INC.,CAPITOL CONSULTING GROUP LLC (DC)
PANW,Palo Alto Networks,55399,"PALO ALTO NETWORKS, INC.",MAYER BROWN LLP
PANW,Palo Alto Networks,57205,"PALO ALTO NETWORKS, INC.",AMERICAN DEFENSE INTERNATIONAL
PANW,Palo Alto Networks,57757,"PALO ALTO NETWORKS, INC.","MEHLMAN CONSULTING, INC."
PANW,Palo Alto Networks,59185,"PALO ALTO NETWORKS, INC.","ROBERTI GLOBAL (FKA ROBERTI WHITE, LLC)"
PANW,Palo Alto Networks,64862,"PALO ALTO NETWORKS, INC.","MILLER STRATEGIES, LLC"
PANW,Palo Alto Networks,168120,"PALO ALTO NETWORKS, INC.","CORNERSTONE GOVERNMENT AFFAIRS, INC."
PANW,Palo Alto Networks,172733,PALO ALTO NETWORKS,"NAVIGATORS GLOBAL LLC (FORMERLY DC NAVIGATORS, LLC)"
PANW,Palo Alto Networks,184956,PALO ALTO NETWORKS,INVARIANT LLC
PANW,Palo Alto Networks,199618,"PALO ALTO NETWORKS, INC.","PALO ALTO NETWORKS, INC."
PANW,Palo Alto Networks,205816,"PALO ALTO NETWORKS, INC.",H&M STRATEGIES LLP
PANW,Palo Alto Networks,206354,"PALO ALTO NETWORKS, INC.",DLA PIPER LLP (US)
PEP,PepsiCo,52776,PEPSICO INC.,"CASSIDY & ASSOCIATES, INC."
PEP,PepsiCo,53154,"PEPSICO, INC.",FIERCE GOVERNMENT RELATIONS
PEP,PepsiCo,64326,"PEPSICO, INC.",BGR GOVERNMENT AFFAIRS
PEP,PepsiCo,65562,"GIBSON, DUNN & CRUTCHER LLP (O/B/O PEPSICO, INC.)","POLARIS GOVERNMENT RELATIONS, LLC"
PEP,PepsiCo,102705,PEPSICO,ACG ADVOCACY
PEP,PepsiCo,114471,PEPSICO,PRICEWATERHOUSECOOPERS
PEP,PepsiCo,115221,"PEPSICO, INC",COVINGTON & BURLING LLP
PEP,PepsiCo,116337,PEPSICO INC,DAVIS WRIGHT TREMAINE LLP
PEP,PepsiCo,117711,"PEPSICO, INC",THE DUBERSTEIN GROUP INC.
PEP,PepsiCo,123969,PEPSICO,HOGAN LOVELLS CADWALADER US LLP (FKA HOGAN LOVELLS US LLP)
PEP,PepsiCo,126416,PEPSICO RESTAURANTS INTL,"RED FLAG CONSULTING USA(FORMALLY KNOWN AS INTERNATIONAL BUSINESS-GOVERNMENT COUNSELLORS, INC)"
PEP,PepsiCo,126419,PEPSICO INC,"RED FLAG CONSULTING USA(FORMALLY KNOWN AS INTERNATIONAL BUSINESS-GOVERNMENT COUNSELLORS, INC)"
PEP,PepsiCo,129500,PEPSICO,"THE RUSSELL GROUP, INC."
PEP,PepsiCo,132085,PEPSICO,MCGUINESS & HOLCH
PEP,PepsiCo,132408,PEPSICO,"SCHNEIER & ASSOCIATES, ABRAHAM"
PEP,PepsiCo,132881,PEPSICO INC,"MILLER & CHEVALIER, CHTD"
PEP,PepsiCo,133866,PEPSICO,"MURRAY, MONTGOMERY & O'DONNELL"
PEP,PepsiCo,135034,PEPSICO,NOSSAMAN LLP
PEP,PepsiCo,138072,PEPSI-COLA INTL & PEPSICO FOODS INTERNAT,PEPSI-COLA INTL & PEPSICO FOODS INTL
PEP,PepsiCo,138074,PEPSICO INC,"PEPSICO, INC"
PEP,PepsiCo,151686,PEPSICO,WILMER CUTLER PICKERING HALE AND DORR LLP
PEP,PepsiCo,154881,PEPSICO,LAW OFFICES OF KEVIN G. CURTIN
PEP,PepsiCo,163472,PEPSICO,"C2 GROUP, LLC"
PEP,PepsiCo,177648,PEPSICO,"THE TIPTON GROUP, INC."
PEP,PepsiCo,178615,PEPSICO INC,ALLIANCE FOR AMERICAN ADVERTISING
PEP,PepsiCo,178951,PEPSICO,THE WASHINGTON TAX & PUBLIC POLICY GROUP
PEP,PepsiCo,182956,"PEPSICO, INC.",MONUMENT ADVOCACY
PEP,PepsiCo,183341,PEPSICO,THE WALTER GROUP
PEP,PepsiCo,184901,"PEPSICO, INC.",INVARIANT LLC
PEP,PepsiCo,193878,C2 GROUP (ON BEHALF OF PEPSICO),"BATES CAPITOL GROUP, INC."
PEP,PepsiCo,194807,"PEPSICO, INC",THE LUGAR GROUP (FKA LUGAR HELLMANN GROUP)
PEP,PepsiCo,197418,PEPSICO,FTI GOVERNMENT AFFAIRS
PEP,PepsiCo,200229,PEPSICO,"THEGROUP DC, LLC"
PFE,Pfizer,52095,"PFIZER, INC.","RUTLEDGE POLICY GROUP, LLC"
PFE,Pfizer,55035,"PFIZER, INC.","CGCN GROUP, LLC"
PFE,Pfizer,55337,PFIZER INC.,"HARBINGER STRATEGIES, LLC"
PFE,Pfizer,57633,PFIZER INC.,TODD STRATEGY GROUP
PFE,Pfizer,69278,PFIZER,"RESOLUTION PUBLIC AFFAIRS, LLC"
PFE,Pfizer,100542,PFIZER INC,AKIN GUMP STRAUSS HAUER & FELD
PFE,Pfizer,102916,"PFIZER, INC.",ACG ADVOCACY
PFE,Pfizer,104525,PFIZER INC,ARNOLD & PORTER KAYE SCHOLER LLP
PFE,Pfizer,106343,"PFIZER, INC",BGR GOVERNMENT AFFAIRS
PFE,Pfizer,109112,PFIZER,BOND & COMPANY
PFE,Pfizer,109730,PFIZER INC,"BROWNSTEIN HYATT FARBER SCHRECK, LLP"
PFE,Pfizer,111028,PFIZER,"CANFIELD & ASSOCIATES, INC."
PFE,Pfizer,113539,PFIZER,CLARK & WEINSTOCK
PFE,Pfizer,115144,PFIZER (FORMERLY WYETH),COVINGTON & BURLING LLP
PFE,Pfizer,115654,PFIZER INC.,CROWELL GLOBAL ADVISORS
PFE,Pfizer,116081,PFIZER,DAVIDSON & COMPANY
PFE,Pfizer,117631,PFIZER INC,DUANE MORRIS LLP
PFE,Pfizer,117689,PFIZER INC.,THE DUBERSTEIN GROUP INC.
PFE,Pfizer,121857,PFIZER INC,THE GORLIN GROUP
PFE,Pfizer,124276,PFIZER INC,HOGAN LOVELLS CADWALADER US LLP (FKA HOGAN LOVELLS US LLP)
PFE,Pfizer,125677,PFIZER,PALMETTO GROUP
PFE,Pfizer,126726,PFIZER,JEFFERSON GROUP
PFE,Pfizer,128007,PFIZER,KESSLER & ASSOCIATES BUSINESS SERVICES
PFE,Pfizer,129432,PFIZER,LENT SCRIVNER & ROTH LLC
PFE,Pfizer,130876,PFIZER,"MANATT, PHELPS, AND PHILLIPS"
PFE,Pfizer,131330,PFIZER INC,MAYER BROWN LLP
PFE,Pfizer,131581,PFIZER,"MGN, INC.  (FORMERLY MCCLURE, GERARD & NEUENSCHWANDER, INC.)"
PFE,Pfizer,134064,PFIZER INC,MWW GROUP
PFE,Pfizer,135429,PFIZER INC,"RYAN MACKINNON VASAPOLI AND BERZOK, LLP"
PFE,Pfizer,136072,PFIZER,"PARRY, ROMANI, DECONCINI & SYMMS"
PFE,Pfizer,136767,PFIZER INC,SQUIRE PATTON BOGGS
PFE,Pfizer,138225,PFIZER INC.,PFIZER INC.
PFE,Pfizer,138470,PFIZER INC,"PODESTA GROUP, INC."
PFE,Pfizer,142015,PFIZER,"ROPES & GRAY, LLP"
PFE,Pfizer,143771,"PFIZER, INC.",SIDLEY AUSTIN LLP
PFE,Pfizer,145509,PFIZER,STEELMAN HEALTH STRATEGIES
PFE,Pfizer,146065,PFIZER,STROOCK & STROOCK & LAVAN
PFE,Pfizer,149927,PFIZER,WASHINGTON COUNSEL
PFE,Pfizer,151300,PFIZER,"WILLIAMS AND JENSEN, PLLC"
PFE,Pfizer,151928,PFIZER,WINBURN & JENKINS
PFE,Pfizer,153573,PFIZER,"SHOOK, HARDY & BACON, LLP"
PFE,Pfizer,155655,PFIZER INC,OGR
PFE,Pfizer,156595,PFIZER INC,DUANE MORRIS GOVERNMENT AFFAIRS
PFE,Pfizer,156959,PFIZER INC,WINNING STRATEGIES WASHINGTON
PFE,Pfizer,157530,PFIZER INC.,BINGHAM MCCUTCHEN LLP
PFE,Pfizer,158192,PFIZER INC,BENNETT TURNER & COLEMAN LLP
PFE,Pfizer,159147,PFIZER,"TONIO BURGOS & ASSOCIATES, INC."
PFE,Pfizer,160048,"PFIZER, INC.",ERNST & YOUNG LLP (WASHINGTON COUNCIL ERNST & YOUNG)
PFE,Pfizer,161805,PFIZER,THE RABEN GROUP
PFE,Pfizer,162060,PFIZER,RICCHETTI INCORPORATED
PFE,Pfizer,162257,PFIZER,"CAPITOL HEALTH GROUP, LLC"
PFE,Pfizer,162889,PFIZER,"HC ASSOCIATES, INC."
PFE,Pfizer,164809,PFIZER,"MERCURY PUBLIC AFFAIRS, LLC"
PFE,Pfizer,165843,PFIZER,IBARRA STRATEGY GROUP
PFE,Pfizer,166469,"PFIZER, INC.","FEDERAL POLICY GROUP, LLC"
PFE,Pfizer,167525,PFIZER INC.,SINGER CONSULTING LLC
PFE,Pfizer,167911,PFIZER,"CORNERSTONE GOVERNMENT AFFAIRS, INC."
PFE,Pfizer,169073,PFIZER INC.,"NVG, LLC"
PFE,Pfizer,169411,"PFIZER, INC.",DLA PIPER LLP (US)
PFE,Pfizer,170652,PFIZER INC,FOLEY HOAG LLP
PFE,Pfizer,170866,PFIZER,"GREENLEE PARTNERS, LLC"
PFE,Pfizer,173008,PFIZER INC,FGS GLOBAL (US) LLC (FKA FGH HOLDINGS LLC)
PFE,Pfizer,175559,PFIZER INC.,"MEHLMAN CONSULTING, INC."
PFE,Pfizer,176441,PFIZER INC,THE MCMANUS GROUP
PFE,Pfizer,177492,"PFIZER, INC.","BOCKORNY GROUP, INC."
PFE,Pfizer,178500,PFIZER INC,"THE NICKLES GROUP, LLC"
PFE,Pfizer,178990,"PFIZER, INC.",THE WASHINGTON TAX & PUBLIC POLICY GROUP
PFE,Pfizer,181121,PFIZER,MRS. JOANNE SNOW NEUMANN
PFE,Pfizer,181129,PFIZER,"BOWLER, MARION KENNETH"
PFE,Pfizer,181307,PFIZER,"TARPLIN, DOWNS & YOUNG, LLC"
PFE,Pfizer,184050,PFIZER,"PARVEN POMPER STRATEGIES, INC."
PFE,Pfizer,184222,"PFIZER, INC.","AVOQ, LLC"
PFE,Pfizer,186261,PFIZER ANIMAL HEALTH,"WATSON GREEN LLC (FORMERLY WATSON/MULHERN, LLC)"
PFE,Pfizer,186386,"PFIZER, INC.",SC PARTNERS LLC
PFE,Pfizer,188017,PFIZER INC,"ALTRIUS GROUP, LLC"
PFE,Pfizer,189856,PFIZER (FORMERLY WYETH),MAGER & ASSOCIATES LLC
PFE,Pfizer,194402,PFIZER INC.,EMPIRE CONSULTING GROUP
PFE,Pfizer,195047,PFIZER INC.,"ROBERTI GLOBAL (FKA ROBERTI WHITE, LLC)"
PFE,Pfizer,197189,PFIZER INC.,BLOOM STRATEGIC COUNSEL
PFE,Pfizer,197494,PFIZER INC.,FTI GOVERNMENT AFFAIRS
PFE,Pfizer,197860,PFIZER,LINCOLN POLICY GROUP
PFE,Pfizer,198648,PFIZER AUSTRALIA PTY LTD,CAPITALHILL ADVISORY
PFE,Pfizer,199470,PFIZER INC.,CAPVIEW ASSOCIATES LLC (DBA CAPVIEW STRATEGIES)
PFE,Pfizer,201402,PFIZER INC.,"MILLER STRATEGIES, LLC"
PFE,Pfizer,210229,"PFIZER, INC.","MARSHALL & POPP, LLC"
PFE,Pfizer,212007,PFIZER,FEDERAL HEALTH POLICY STRATEGIES
PFE,Pfizer,212021,"PFIZER, INC.","THEGROUP DC, LLC"
PG,Procter & Gamble,60696,THE PROCTER & GAMBLE COMPANY,FTI GOVERNMENT AFFAIRS
PG,Procter & Gamble,63553,PROCTER & GAMBLE,"HARBINGER STRATEGIES, LLC"
PG,Procter & Gamble,64946,THE PROCTER & GAMBLE COMPANY,RIDGELINE ADVOCACY GROUP LLC
PG,Procter & Gamble,68446,THE PROCTER & GAMBLE COMPANY,BGR GOVERNMENT AFFAIRS
PG,Procter & Gamble,103745,PROCTER & GAMBLE INC (ALLIANCE FOR BETTER BONE HEALTH),JEFFREY ANDERS
PG,Procter & Gamble,114578,THE PROCTER & GAMBLE COMPANY,PRICEWATERHOUSECOOPERS
PG,Procter & Gamble,120900,PROCTER & GAMBLE CO,HEIDEPRIEM & MAGER INC
PG,Procter & Gamble,120957,PROCTER & GAMBLE CO,FOX BENNETT & TURNER
PG,Procter & Gamble,126423,PROCTER & GAMBLE CO,"RED FLAG CONSULTING USA(FORMALLY KNOWN AS INTERNATIONAL BUSINESS-GOVERNMENT COUNSELLORS, INC)"
PG,Procter & Gamble,126629,PROCTER AND GAMBLE COMPANY,JBC INTERNATIONAL
PG,Procter & Gamble,131420,PROCTER AND GAMBLE,MAYER BROWN LLP
PG,Procter & Gamble,135404,PROCTER & GAMBLE CO,"RYAN MACKINNON VASAPOLI AND BERZOK, LLP"
PG,Procter & Gamble,137756,THE PROCTER AND GAMBLE COMPANY,SQUIRE PATTON BOGGS
PG,Procter & Gamble,140464,THE PROCTER AND GAMBLE COMPANY,THE PROCTER AND GAMBLE COMPANY
PG,Procter & Gamble,149864,PROCTER & GAMBLE,WASHINGTON COUNSEL
PG,Procter & Gamble,152663,PROCTER & GAMBLE,THE ACCORD GROUP
PG,Procter & Gamble,160171,PROCTER & GAMBLE,ERNST & YOUNG LLP (WASHINGTON COUNCIL ERNST & YOUNG)
PG,Procter & Gamble,164575,PROCTER & GAMBLE,"MERCURY PUBLIC AFFAIRS, LLC"
PG,Procter & Gamble,173135,THE PROCTER & GAMBLE COMPANY,FGS GLOBAL (US) LLC (FKA FGH HOLDINGS LLC)
PG,Procter & Gamble,175478,PROCTER & GAMBLE,"MEHLMAN CONSULTING, INC."
PG,Procter & Gamble,178627,PROCTER & GAMBLE COMPANY,MCDONALD HOPKINS LLC
PG,Procter & Gamble,178932,PROCTER & GAMBLE COMPANY,THE WASHINGTON TAX & PUBLIC POLICY GROUP
PG,Procter & Gamble,188909,THE PROCTER AND GAMBLE COMPANY,THE MATTINGLEY GROUP
PG,Procter & Gamble,196882,THE PROCTER AND GAMBLE COMPANY,"REPUBLIC CONSULTING, LLC"
PG,Procter & Gamble,200208,THE PROCTER AND GAMBLE COMPANY,MUSTANG GOVERNMENT STRATEGIES LLC
PM,Philip Morris,100545,PHILIP MORRIS MANAGEMENT CORP,AKIN GUMP STRAUSS HAUER & FELD
PM,Philip Morris,103761,PHILIP MORRIS MANAGEMENT CORP,ANDREAE VICK & ASSOC
PM,Philip Morris,105498,PHILIP MORRIS COS,BAKER DONELSON BEARMAN CALDWELL & BERKOWITZ
PM,Philip Morris,106232,PHILIP MORRIS COS,BGR GOVERNMENT AFFAIRS
PM,Philip Morris,107335,PHILIP MORRIS,MICHAEL BARRETT
PM,Philip Morris,107577,PHILIP MORRIS MANAGEMENT CORP,BERGNER BOCKORNY CASTAGNETTI HAWKINS & BRAIN
PM,Philip Morris,108085,PHILIP MORRIS MANAGEMENT CORP,BKSH & ASSOCIATES
PM,Philip Morris,111361,PHILIP MORRIS COS,CARLTON LAW FIRM
PM,Philip Morris,113266,PHILIP MORRIS MANAGEMENT CORP,THE CHWAT GROUP
PM,Philip Morris,114999,PHILIP MORRIS MANAGEMENT CORP,COVINGTON & BURLING LLP
PM,Philip Morris,122944,PHILIP MORRIS MANAGEMENT CO,"HALL & ASSOC, G. STEWART"
PM,Philip Morris,123204,PHILIP MORRIS MANAGEMENT CORP,"HARRIS & ASSOC, WILLIAM D."
PM,Philip Morris,128032,ALTRIA (FORMERLY PHILIP MORRIS COS INC,KESSLER & ASSOCIATES BUSINESS SERVICES
PM,Philip Morris,129007,PHILIP MORRIS MANAGEMENT CORP,LAROCK ASSOC
PM,Philip Morris,133513,PHILIP MORRIS MANAGEMENT CORP,"MOLLOY, JAMES T."
PM,Philip Morris,133712,PHILIP MORRIS MANAGEMENT CO,"MOTLEY & CO, L.A."
PM,Philip Morris,133808,PHILIP MORRIS MANAGEMENT CORP,"MULTINATIONAL BUSINESS SERVICES, INC."
PM,Philip Morris,136235,PHILIP MORRIS MANAGMENT CORP,JIM PASCO AND ASSOCIATES
PM,Philip Morris,139414,PHILIP MORRIS MANAGEMENT CORP,POWELL GOLDSTEIN INTL CONSULTING
PM,Philip Morris,142061,PHILIP MORRIS MANAGEMENT CORP,ROSE & HEFNER CONSULTING CO.
PM,Philip Morris,145477,PHILIP MORRIS MANAGEMENT CORP,STANTON & ASSOC
PM,Philip Morris,146632,PHILIP MORRIS MANAGEMENT CORP,MICHAEL L. TINER
PM,Philip Morris,146895,PHILIP MORRIS MANAGEMENT CORP,TUTTLE TAYLOR AND HERON
PM,Philip Morris,149250,PHILIP MORRIS COS,VERNER LIIPFERT BERNHARD MCPHERSON & HAND
PM,Philip Morris,149576,PHILIP MORRIS MANAGEMENT CORP,VINSON & ELKINS LLP
PM,Philip Morris,149701,PHILIP MORRIS COS,WACHTELL LIPTON ROSEN & KATZ
PM,Philip Morris,151923,PHILIP MORRIS MANAGEMENT CORP,WINBURN & JENKINS
PM,Philip Morris,156235,PHILIP MORRIS MANAGEMENT CORP,OLDAKER & HARRIS
PM,Philip Morris,158235,PHILIP MORRIS MANAGEMENT CORP,"GCS, INC"
PM,Philip Morris,162379,PHILIP MORRIS,GATEWAY VENTURES
PM,Philip Morris,181988,PHILIP MORRIS USA BY ITS SERVICE CO ALTRIA CORPORATE SERVICES,JOHN WYMA AND ASSOCIATES
PYPL,PayPal,53514,"PAYPAL, INC.","MINDSET ADVOCACY, LLC"
PYPL,PayPal,57361,"PAYPAL, INC.","FRANKLIN SQUARE GROUP, LLC"
PYPL,PayPal,57400,PAYPAL,STERNHELL GROUP
PYPL,PayPal,100696,PAYPAL,AKIN GUMP STRAUSS HAUER & FELD
PYPL,PayPal,133321,PAYPAL,"ML STRATEGIES, LLC"
PYPL,PayPal,144072,"PAYPAL, INC.","SKADDEN, ARPS, SLATE, MEAGHER & FLOM LLP"
PYPL,PayPal,156161,PAYPAL,CAPITOL COUNSEL GROUP
PYPL,PayPal,157625,PAYPAL,I STREET ADVOCATES
PYPL,PayPal,162440,PAYPAL,POLICYCOUNSEL.COM
PYPL,PayPal,167242,PAYPAL INC,"TATE STRATEGIES, INC"
PYPL,PayPal,170192,PAYPAL,PR/STRATEGIES INTERNATIONAL LLC
PYPL,PayPal,171445,EBAY INC (FORMERLY FILED UNDER PAYPAL INC ),ERIS GROUP
PYPL,PayPal,171481,"PAYPAL, INC.",ERIS GROUP
PYPL,PayPal,175575,PAYPAL,"MEHLMAN CONSULTING, INC."
PYPL,PayPal,188444,EBAY INC (PAYPAL),VALERIE MORSE WHITE CONSULTING
PYPL,PayPal,192574,PAYPAL,THORN RUN PARTNERS
PYPL,PayPal,197370,"PAYPAL, INC.",GRAYROBINSON PA
PYPL,PayPal,197464,"PAYPAL, INC.",FTI GOVERNMENT AFFAIRS
PYPL,PayPal,200102,PAYPAL INC,"PAYPAL, INC."
PYPL,PayPal,210869,"PAYPAL, INC.",CAPITOL CHAMBERS STRATEGIES
QCOM,Qualcomm,57640,QUALCOMM INCORPORATED,"O'KEEFFE SHAHMORADI STRATEGIES, LLC"
QCOM,Qualcomm,65316,QUALCOMM INC.,"MERCURY PUBLIC AFFAIRS, LLC"
QCOM,Qualcomm,101229,QUALCOMM INCORPORATED,AKIN GUMP STRAUSS HAUER & FELD
QCOM,Qualcomm,103064,"PAUL, WEISS, RIFKIND, WHARTON & GARRISON LLP ON BEHALF OF QUALCOMM INCORPORATED",ACG ADVOCACY
QCOM,Qualcomm,104348,QUALCOMM INCORPORATED,ARENTFOX SCHIFF LLP
QCOM,Qualcomm,104776,QUALCOMM,ARTER & HADDEN
QCOM,Qualcomm,105129,QUALCOMM INCORPORATED,BAKER & HOSTETLER LLP
QCOM,Qualcomm,109856,QUALCOMM INCORPORATED,"BROWNSTEIN HYATT FARBER SCHRECK, LLP"
QCOM,Qualcomm,111675,QUALCOMM,CARMEN GROUP INCORPORATED
QCOM,Qualcomm,115082,QUALCOMM INCORPORATED,COVINGTON & BURLING LLP
QCOM,Qualcomm,118215,QUALCOMM INC,"DUTKO WORLDWIDE, LLC"
QCOM,Qualcomm,120364,QUALCOMM INC,FLEISCHMAN AND HARDING LLP
QCOM,Qualcomm,129461,QUALCOMM INC,LENT SCRIVNER & ROTH LLC
QCOM,Qualcomm,138440,QUALCOMM INC,"PODESTA GROUP, INC."
QCOM,Qualcomm,139289,QUALCOMM INC,POWELL GOLDSTEIN LLP
QCOM,Qualcomm,157388,QUALCOMM INCORPORATED,"TCH GROUP, LLC"
QCOM,Qualcomm,158699,QUALCOMM INC,QGA PUBLIC AFFAIRS (FORMERLY QUINN GILLESPIE & ASSOCIATES)
QCOM,Qualcomm,161352,QUALCOMM INCORPORATED,"QUALCOMM, INCORPORATED"
QCOM,Qualcomm,161481,QUALCOMM INC,"DCI GROUP, L.L.C."
QCOM,Qualcomm,162449,QUALCOMM INC,THE LOEFFLER GROUP
QCOM,Qualcomm,164473,QUALCOMM INC,"MERCURY STRATEGIES, LLC"
QCOM,Qualcomm,165079,QUALCOMM INC,CRISPIN & BRENNER PLLC
QCOM,Qualcomm,167669,QUALCOMM,SHIPP & ASSOCIATES
QCOM,Qualcomm,169333,QUALCOMM INCORPORATED,DLA PIPER LLP (US)
QCOM,Qualcomm,172671,QUALCOMM INCORPORATED,"NAVIGATORS GLOBAL LLC (FORMERLY DC NAVIGATORS, LLC)"
QCOM,Qualcomm,176669,QUALCOMM INCORPORATED,AKERMAN LLP
QCOM,Qualcomm,180749,"ARENT FOX LLP ON BEHALF OF QUALCOMM, INC.",LEVICK STRATEGIC COMMUNICATIONS
QCOM,Qualcomm,181825,QUALCOMM INCORPORATED,"THE MEECE GROUP, LLC"
QCOM,Qualcomm,182043,QUALCOMM INCORPORATED,"THE NORMANDY GROUP, LLC"
QCOM,Qualcomm,185623,"QUALCOMM, INC.",DOW LOHNES GOVERNMENT STRATEGIES LLC
QCOM,Qualcomm,188508,QUALCOMM INC,"STEPHEN M. PINKOS, LLC"
QCOM,Qualcomm,194792,"QUALCOMM, INCORPORATED",THE LUGAR GROUP (FKA LUGAR HELLMANN GROUP)
QCOM,Qualcomm,200324,"ARENT FOX LLP ON BEHALF OF QUALCOMM, INC.",SCRIVNER LEON GROUP LLC
QCOM,Qualcomm,210250,"QUALCOMM, INC.",TIBER CREEK GROUP
QCOM,Qualcomm,210404,QUALCOMM INCORPORATED,"CAPITOL TAX PARTNERS, LLP"
QCOM,Qualcomm,212345,QUALCOMM INCORPORATED,BGR GOVERNMENT AFFAIRS
QCOM,QUALCOMM,57640,QUALCOMM INCORPORATED,"O'KEEFFE SHAHMORADI STRATEGIES, LLC"
QCOM,QUALCOMM,65316,QUALCOMM INC.,"MERCURY PUBLIC AFFAIRS, LLC"
QCOM,QUALCOMM,101229,QUALCOMM INCORPORATED,AKIN GUMP STRAUSS HAUER & FELD
QCOM,QUALCOMM,103064,"PAUL, WEISS, RIFKIND, WHARTON & GARRISON LLP ON BEHALF OF QUALCOMM INCORPORATED",ACG ADVOCACY
QCOM,QUALCOMM,104348,QUALCOMM INCORPORATED,ARENTFOX SCHIFF LLP
QCOM,QUALCOMM,104776,QUALCOMM,ARTER & HADDEN
QCOM,QUALCOMM,105129,QUALCOMM INCORPORATED,BAKER & HOSTETLER LLP
QCOM,QUALCOMM,109856,QUALCOMM INCORPORATED,"BROWNSTEIN HYATT FARBER SCHRECK, LLP"
QCOM,QUALCOMM,111675,QUALCOMM,CARMEN GROUP INCORPORATED
QCOM,QUALCOMM,115082,QUALCOMM INCORPORATED,COVINGTON & BURLING LLP
QCOM,QUALCOMM,118215,QUALCOMM INC,"DUTKO WORLDWIDE, LLC"
QCOM,QUALCOMM,120364,QUALCOMM INC,FLEISCHMAN AND HARDING LLP
QCOM,QUALCOMM,129461,QUALCOMM INC,LENT SCRIVNER & ROTH LLC
QCOM,QUALCOMM,138440,QUALCOMM INC,"PODESTA GROUP, INC."
QCOM,QUALCOMM,139289,QUALCOMM INC,POWELL GOLDSTEIN LLP
QCOM,QUALCOMM,157388,QUALCOMM INCORPORATED,"TCH GROUP, LLC"
QCOM,QUALCOMM,158699,QUALCOMM INC,QGA PUBLIC AFFAIRS (FORMERLY QUINN GILLESPIE & ASSOCIATES)
QCOM,QUALCOMM,161352,QUALCOMM INCORPORATED,"QUALCOMM, INCORPORATED"
QCOM,QUALCOMM,161481,QUALCOMM INC,"DCI GROUP, L.L.C."
QCOM,QUALCOMM,162449,QUALCOMM INC,THE LOEFFLER GROUP
QCOM,QUALCOMM,164473,QUALCOMM INC,"MERCURY STRATEGIES, LLC"
QCOM,QUALCOMM,165079,QUALCOMM INC,CRISPIN & BRENNER PLLC
QCOM,QUALCOMM,167669,QUALCOMM,SHIPP & ASSOCIATES
QCOM,QUALCOMM,169333,QUALCOMM INCORPORATED,DLA PIPER LLP (US)
QCOM,QUALCOMM,172671,QUALCOMM INCORPORATED,"NAVIGATORS GLOBAL LLC (FORMERLY DC NAVIGATORS, LLC)"
QCOM,QUALCOMM,176669,QUALCOMM INCORPORATED,AKERMAN LLP
QCOM,QUALCOMM,180749,"ARENT FOX LLP ON BEHALF OF QUALCOMM, INC.",LEVICK STRATEGIC COMMUNICATIONS
QCOM,QUALCOMM,181825,QUALCOMM INCORPORATED,"THE MEECE GROUP, LLC"
QCOM,QUALCOMM,182043,QUALCOMM INCORPORATED,"THE NORMANDY GROUP, LLC"
QCOM,QUALCOMM,185623,"QUALCOMM, INC.",DOW LOHNES GOVERNMENT STRATEGIES LLC
QCOM,QUALCOMM,188508,QUALCOMM INC,"STEPHEN M. PINKOS, LLC"
QCOM,QUALCOMM,194792,"QUALCOMM, INCORPORATED",THE LUGAR GROUP (FKA LUGAR HELLMANN GROUP)
QCOM,QUALCOMM,200324,"ARENT FOX LLP ON BEHALF OF QUALCOMM, INC.",SCRIVNER LEON GROUP LLC
QCOM,QUALCOMM,210250,"QUALCOMM, INC.",TIBER CREEK GROUP
QCOM,QUALCOMM,210404,QUALCOMM INCORPORATED,"CAPITOL TAX PARTNERS, LLP"
QCOM,QUALCOMM,212345,QUALCOMM INCORPORATED,BGR GOVERNMENT AFFAIRS
RBLX,Roblox,54688,ROBLOX CORPORATION,"FRANKLIN SQUARE GROUP, LLC"
RBLX,Roblox,55762,ROBLOX CORPORATION,ROBLOX CORPORATION
RBLX,Roblox,212415,ROBLOX CORPORATION,"INSIGHT PUBLIC AFFAIRS, INC."
RGS,Regis Corporation,160549,STANDARD REGISTER CORPORATION,"PARK STRATEGIES, LLC"
RGS,Regis Corporation,189498,REGIS CORPORATION,JACKSON LEWIS PC
RHI,Robert Half,106503,"ROBERT HALF INTERNATIONAL, INC.",BGR GOVERNMENT AFFAIRS
RHI,Robert Half,124397,BGR HOLDING LLC ON BEHALF OF PROTIVITI / ROBERT HALF INTERNATIONAL,HOGAN LOVELLS CADWALADER US LLP (FKA HOGAN LOVELLS US LLP)
SBUX,Starbucks,53754,STARBUCKS,"HARBINGER STRATEGIES, LLC"
SBUX,Starbucks,53757,STARBUCKS CORPORATION,"MEHLMAN CONSULTING, INC."
SBUX,Starbucks,66606,STARBUCKS CORP.,DOGWOOD STRATEGIES
SBUX,Starbucks,69175,STARBUCKS CORPORATION,SUMMIT PUBLIC AFFAIRS
SBUX,Starbucks,110274,STARBUCKS,"BROWNSTEIN HYATT FARBER SCHRECK, LLP"
SBUX,Starbucks,114634,STARBUCKS,PRICEWATERHOUSECOOPERS
SBUX,Starbucks,132334,STARBUCKS,MCGUIREWOODS CONSULTING (A SUBSIDIARY OF MCGUIREWOODS LLP)
SBUX,Starbucks,139822,STARBUCKS COFFEE CORP,"K&L GATES, LLP"
SBUX,Starbucks,177649,STARBUCKS CORPORATION,"THE TIPTON GROUP, INC."
SBUX,Starbucks,179351,STARBUCKS CORPORATION,STARBUCKS CORPORATION
SBUX,Starbucks,181803,STARBUCKS CORPORATION,"THE PETRIZZO GROUP, INC."
SBUX,Starbucks,182921,STARBUCKS CORPORATION,MONUMENT ADVOCACY
SBUX,Starbucks,183998,STARBUCKS CORPORATION,"THE WHITAKER GROUP, INC"
SBUX,Starbucks,191358,"BROWNSTEIN HYATT FARBER SCHRECK, LLP ON BEHALF OF STARBUCKS",COZEN O'CONNOR PUBLIC STRATEGIES
SBUX,Starbucks,203064,STARBUCKS CORPORATION,LOP STRATEGIES
SCHW,Charles Schwab,54562,"CHARLES SCHWAB & CO., INC.","1607 STRATEGIES, LLC"
SCHW,Charles Schwab,59754,"CHARLES SCHWAB & CO., INC.",INVARIANT LLC
SCHW,Charles Schwab,102191,CHARLES SCHWAB & CO INC,ALSTON & BIRD LLP
SCHW,Charles Schwab,103759,CHARLES SCHWAB GOVERNMENT AFFAIRS,JEFFREY ANDERS
SCHW,Charles Schwab,106213,CHARLES SCHWAB & CO,BGR GOVERNMENT AFFAIRS
SCHW,Charles Schwab,108894,SCHWAB & CO CHARLES,THE RHOADS GROUP
SCHW,Charles Schwab,117938,CHARLES SCHWAB,"DUTKO WORLDWIDE, LLC"
SCHW,Charles Schwab,122678,CHARLES SCHWAB & CO,"GROOM LAW GROUP, CHARTERED"
SCHW,Charles Schwab,140163,"CHARLES SCHWAB & CO., INC.","K&L GATES, LLP"
SCHW,Charles Schwab,141156,CHARLES SCHWAB & CO,"THELEN (FORMERLY, THELEN REID BROWN RAYSMAN & STEINER LLP)"
SCHW,Charles Schwab,143001,CHARLES SCHWAB CORPORATION,THE CHARLES SCHWAB CORPORATION
SCHW,Charles Schwab,149122,"CHARLES SCHWAB & CO., INC.",VENABLE LLP
SCHW,Charles Schwab,149911,CHARLES SCHWAB & CO,WASHINGTON COUNSEL
SCHW,Charles Schwab,157483,CHARLES SCHWAB & CO INC,BINGHAM MCCUTCHEN LLP
SCHW,Charles Schwab,158241,CHARLES SCHWAB & COMPANY,"THE VELASQUEZ GROUP, L.L.C."
SCHW,Charles Schwab,160012,CHARLES SCHWAB & COMPANY,ERNST & YOUNG LLP (WASHINGTON COUNCIL ERNST & YOUNG)
SCHW,Charles Schwab,161437,CHARLES SCHWAB & CO INC,"LAWRENCE J. ROMANS & ASSOCIATES, LLC"
SCHW,Charles Schwab,169350,CHARLES SCHWAB CORPORATION,DLA PIPER LLP (US)
SCHW,Charles Schwab,180121,CHARLES SCHWAB,CAPITOL IDEAS
SCHW,Charles Schwab,181888,CHARLES SCHWAB & CO INC,"MCKINNON GROUP, LLC"
SCHW,Charles Schwab,201389,"CHARLES SCHWAB & CO., INC.","MILLER STRATEGIES, LLC"
SCHW,Charles Schwab,203277,CHARLES SCHWAB CORPORATION,ACUMENDC LLC
SCHW,Charles Schwab,207183,CHARLES SCHWAB CORPORATION,"STEWART STRATEGIES AND SOLUTIONS, LLC"
SFLY,Shutterfly,162754,SHUTTERFLY,VENN STRATEGIES
SGU,Star Group,61690,STARDUST GROUP,COVINGTON & BURLING LLP
SGU,Star Group,108113,STARWOOD CAPITAL GROUP,BKSH & ASSOCIATES
SGU,Star Group,114446,STARWOOD CAPITAL GROUP,PRICEWATERHOUSECOOPERS
SGU,Star Group,124852,NEW STARTS WORKING GROUP,HOLLAND & KNIGHT LLP
SGU,Star Group,126031,STARWOOD ENERGY GROUP GLOBAL LLC,HUNTON ANDREWS KURTH LLP
SGU,Star Group,135753,NEW STARTS WORKING GROUP,"OPPENHEIMER WOLFF & DONNELLY, LLP"
SGU,Star Group,152162,"STARWOOD ENERGY GROUP, LLC",WINSTON TAYLOR LLP (FORMERLY KNOWN AS WINSTON & STRAWN LLP)
SGU,Star Group,180941,STARWOOD ENERGY GROUP,WOLF BLOCK PUBLIC STRATEGIES
SGU,Star Group,199071,STARS GROUP INC (FKA AMAYA INC ),WEST FRONT STRATEGIES LLC
SGU,Star Group,202896,STARWOOD CAPITAL GROUP,"BUTERA, ISRAEL & BECKER PLLC"
SGU,Star Group,206300,MOUNTAIN STAR SPORTS GROUP,MARK SMITH PUBLIC AFFAIRS
SLB,Schlumberger,121653,SCHLUMBERGER LTD,"GIBSON, DUNN & CRUTCHER LLP"
SLB,Schlumberger,127714,SCHLUMBERGERSEMA,MR. THEODORE (TED) JONES
SLB,Schlumberger,137233,SCHLUMBERGER TECHNOLOGY CORPORATION,SQUIRE PATTON BOGGS
SLB,Schlumberger,139643,SCHLUMBERGER TECHNOLOGY CORP,"K&L GATES, LLP"
SLB,Schlumberger,174815,SCHLUMBERGER,IT POLICY SOLUTIONS
SQ,"Block, Inc.",45365,"RIOT PLATFORMS, INC. (F/K/A RIOT BLOCKCHAIN, INC.)",HOLLAND & KNIGHT LLP
SQ,"Block, Inc.",52956,"BLOCKCHAINS, INC.","BLOCKCHAINS, INC."
SQ,"Block, Inc.",52958,"BLOCKCHAINS, INC.","GRACE BAY STRATEGIES, LLC"
SQ,"Block, Inc.",53452,"H&R BLOCK, INC.","HARBINGER STRATEGIES, LLC"
SQ,"Block, Inc.",60625,"BLOCK, INC.",9TH STREET STRATEGIES
SQ,"Block, Inc.",61279,BLOCK INC.,ZERO ONE STRATEGIES
SQ,"Block, Inc.",61285,BILLMARI INC. / DBA BLACK BLOCKCHAIN SUMMIT,"CGCN GROUP, LLC"
SQ,"Block, Inc.",63460,"BLOCKCHAIN (US), INC.",BALLARD PARTNERS
SQ,"Block, Inc.",63484,BLOCK INC.,"CROSSROADS STRATEGIES, LLC"
SQ,"Block, Inc.",65946,"BLOCKCHAIN GAME PARTNERS, INC DBA GALA GAMES","CORCORAN & ASSOCIATES, INC. DBA CORCORAN PARTNERS"
SQ,"Block, Inc.",66115,"BLOCKRATIZE, INC.","ADVOCUS PARTNERS, LLC"
SQ,"Block, Inc.",73265,"BLOCK, INC.","RESONANT TAX STRATEGIES, LLP"
SQ,"Block, Inc.",74961,"BLOCK, INC.",BGR GOVERNMENT AFFAIRS
SQ,"Block, Inc.",107267,"CG BLOCKCHAIN, INC.",BEN BARNES GROUP LP
SQ,"Block, Inc.",115264,"H&R BLOCK, INC",COVINGTON & BURLING LLP
SQ,"Block, Inc.",122803,"H&R BLOCK MANAGEMENT, LLC, A SUBSIDIARY OF H&R BLOCK, INC.","H&R BLOCK MANAGEMENT, LLC, A SUBSIDIARY OF H&R BLOCK, INC."
SQ,"Block, Inc.",126014,ROOM BLOCK INC,HUNTON ANDREWS KURTH LLP
SQ,"Block, Inc.",126137,SPECTRA OPTICS INC (FORMERLY KNOWN AS BLOCK ENGINEERING LLC),"HURT, NORTON & ASSOCIATES, INC."
SQ,"Block, Inc.",135322,H&R BLOCK INC.,JOHN T. O'ROURKE
SQ,"Block, Inc.",172570,BLOCKCHAIN (US) INC.,RICH FEUER ANDERSON
SQ,"Block, Inc.",181404,"BLOCK, INC. (FORMERLY REPORTED AS SQUARE, INC.)","PORTERFIELD, FETTIG & SEARS, LLC"
SQ,"Block, Inc.",181916,"H&R BLOCK, INC.","MCKINNON GROUP, LLC"
SQ,"Block, Inc.",185648,"BLOCK COMMUNICATIONS, INC.",DOW LOHNES GOVERNMENT STRATEGIES LLC
SQ,"Block, Inc.",198832,"H & R BLOCK, INC.","O'ROURKE & NAPPI, LLP"
SQ,"Block, Inc.",201231,HRB TAX GROUP INC (FORMERLY KNOWN AS H&R BLOCK INC ),BALLARD PARTNERS
SQ,"Block, Inc.",204575,"BLOCK, INC.","CAPITOL TAX PARTNERS, LLP"
SQ,"Block, Inc.",205583,BLOCK INC FORMERLY REPORTED AS SQUARE INC,FS VECTOR LLC
SQ,"Block, Inc.",205820,BLOCK INC.,BLOCK INC.
SQ,"Block, Inc.",210881,"SEVES GLASS BLOCK, INC.",SMITH GARSON
SQ,"Block, Inc.",212890,"BLOCK, INC.","AVOQ, LLC"
SQ,"Block, Inc.",212924,"BLOCK, INC",FORBES-TATE
SQ,"Block, Inc.",213660,BLOCKCHAINS INC.,PAUL HASTINGS LLP
SQ,"Square, Inc.",53993,"DEWEY SQUARE GROUP ON BEHALF OF BIRD RIDES, INC.",AVENUE SOLUTIONS
SQ,"Square, Inc.",60722,"DATA SQUARED USA, INC. DBA DATA2","ADAMS AND REESE, LLP"
SQ,"Square, Inc.",69734,"LAFAYETTE SQUARE FOUNDATION, INC.","MINDSET ADVOCACY, LLC"
SQ,"Square, Inc.",130548,H SQUARED INC,THE PMA GROUP
SQ,"Square, Inc.",144640,"SQUARE, INC.","THE SMITH-FREE GROUP, LLC"
SQ,"Square, Inc.",166733,LIBERTY SQUARE DC LLC (FOR UNIV OF MASS INSTITUTE FOR COMMUNITY INCLUSION),LIBERTY SQUARE GROUP
SQ,"Square, Inc.",167040,"H SQUARED, INC (DBA QUANTICO TACTICAL)","SIGNAL GROUP CONSULTING, LLC"
SQ,"Square, Inc.",172823,SQUARELOOP INC,"GAGE, LLC"
SQ,"Square, Inc.",173518,LIBERTY SQUARE GROUP INC (ON BEHALF OF GENCORP INC),"LIBERTY SQUARE DC, LLC"
SQ,"Square, Inc.",181404,"BLOCK, INC. (FORMERLY REPORTED AS SQUARE, INC.)","PORTERFIELD, FETTIG & SEARS, LLC"
SQ,"Square, Inc.",187755,"SQUARE, INC.","FRANKLIN SQUARE GROUP, LLC"
SQ,"Square, Inc.",190610,"H SQUARED, INC (DBA QUANTICO TACTICAL)","CAPITOLINE CONSULTING, LLC"
SQ,"Square, Inc.",205583,BLOCK INC FORMERLY REPORTED AS SQUARE INC,FS VECTOR LLC
SQ,"Block, Inc",45365,"RIOT PLATFORMS, INC. (F/K/A RIOT BLOCKCHAIN, INC.)",HOLLAND & KNIGHT LLP
SQ,"Block, Inc",52956,"BLOCKCHAINS, INC.","BLOCKCHAINS, INC."
SQ,"Block, Inc",52958,"BLOCKCHAINS, INC.","GRACE BAY STRATEGIES, LLC"
SQ,"Block, Inc",53452,"H&R BLOCK, INC.","HARBINGER STRATEGIES, LLC"
SQ,"Block, Inc",60625,"BLOCK, INC.",9TH STREET STRATEGIES
SQ,"Block, Inc",61279,BLOCK INC.,ZERO ONE STRATEGIES
SQ,"Block, Inc",61285,BILLMARI INC. / DBA BLACK BLOCKCHAIN SUMMIT,"CGCN GROUP, LLC"
SQ,"Block, Inc",63460,"BLOCKCHAIN (US), INC.",BALLARD PARTNERS
SQ,"Block, Inc",63484,BLOCK INC.,"CROSSROADS STRATEGIES, LLC"
SQ,"Block, Inc",65946,"BLOCKCHAIN GAME PARTNERS, INC DBA GALA GAMES","CORCORAN & ASSOCIATES, INC. DBA CORCORAN PARTNERS"
SQ,"Block, Inc",66115,"BLOCKRATIZE, INC.","ADVOCUS PARTNERS, LLC"
SQ,"Block, Inc",73265,"BLOCK, INC.","RESONANT TAX STRATEGIES, LLP"
SQ,"Block, Inc",74961,"BLOCK, INC.",BGR GOVERNMENT AFFAIRS
SQ,"Block, Inc",107267,"CG BLOCKCHAIN, INC.",BEN BARNES GROUP LP
SQ,"Block, Inc",115264,"H&R BLOCK, INC",COVINGTON & BURLING LLP
SQ,"Block, Inc",122803,"H&R BLOCK MANAGEMENT, LLC, A SUBSIDIARY OF H&R BLOCK, INC.","H&R BLOCK MANAGEMENT, LLC, A SUBSIDIARY OF H&R BLOCK, INC."
SQ,"Block, Inc",126014,ROOM BLOCK INC,HUNTON ANDREWS KURTH LLP
SQ,"Block, Inc",126137,SPECTRA OPTICS INC (FORMERLY KNOWN AS BLOCK ENGINEERING LLC),"HURT, NORTON & ASSOCIATES, INC."
SQ,"Block, Inc",135322,H&R BLOCK INC.,JOHN T. O'ROURKE
SQ,"Block, Inc",172570,BLOCKCHAIN (US) INC.,RICH FEUER ANDERSON
SQ,"Block, Inc",181404,"BLOCK, INC. (FORMERLY REPORTED AS SQUARE, INC.)","PORTERFIELD, FETTIG & SEARS, LLC"
SQ,"Block, Inc",181916,"H&R BLOCK, INC.","MCKINNON GROUP, LLC"
SQ,"Block, Inc",185648,"BLOCK COMMUNICATIONS, INC.",DOW LOHNES GOVERNMENT STRATEGIES LLC
SQ,"Block, Inc",198832,"H & R BLOCK, INC.","O'ROURKE & NAPPI, LLP"
SQ,"Block, Inc",201231,HRB TAX GROUP INC (FORMERLY KNOWN AS H&R BLOCK INC ),BALLARD PARTNERS
SQ,"Block, Inc",204575,"BLOCK, INC.","CAPITOL TAX PARTNERS, LLP"
SQ,"Block, Inc",205583,BLOCK INC FORMERLY REPORTED AS SQUARE INC,FS VECTOR LLC
SQ,"Block, Inc",205820,BLOCK INC.,BLOCK INC.
SQ,"Block, Inc",210881,"SEVES GLASS BLOCK, INC.",SMITH GARSON
SQ,"Block, Inc",212890,"BLOCK, INC.","AVOQ, LLC"
SQ,"Block, Inc",212924,"BLOCK, INC",FORBES-TATE
SQ,"Block, Inc",213660,BLOCKCHAINS INC.,PAUL HASTINGS LLP
SQ,"Square, Inc",53993,"DEWEY SQUARE GROUP ON BEHALF OF BIRD RIDES, INC.",AVENUE SOLUTIONS
SQ,"Square, Inc",60722,"DATA SQUARED USA, INC. DBA DATA2","ADAMS AND REESE, LLP"
SQ,"Square, Inc",69734,"LAFAYETTE SQUARE FOUNDATION, INC.","MINDSET ADVOCACY, LLC"
SQ,"Square, Inc",130548,H SQUARED INC,THE PMA GROUP
SQ,"Square, Inc",144640,"SQUARE, INC.","THE SMITH-FREE GROUP, LLC"
SQ,"Square, Inc",166733,LIBERTY SQUARE DC LLC (FOR UNIV OF MASS INSTITUTE FOR COMMUNITY INCLUSION),LIBERTY SQUARE GROUP
SQ,"Square, Inc",167040,"H SQUARED, INC (DBA QUANTICO TACTICAL)","SIGNAL GROUP CONSULTING, LLC"
SQ,"Square, Inc",172823,SQUARELOOP INC,"GAGE, LLC"
SQ,"Square, Inc",173518,LIBERTY SQUARE GROUP INC (ON BEHALF OF GENCORP INC),"LIBERTY SQUARE DC, LLC"
SQ,"Square, Inc",181404,"BLOCK, INC. (FORMERLY REPORTED AS SQUARE, INC.)","PORTERFIELD, FETTIG & SEARS, LLC"
SQ,"Square, Inc",187755,"SQUARE, INC.","FRANKLIN SQUARE GROUP, LLC"
SQ,"Square, Inc",190610,"H SQUARED, INC (DBA QUANTICO TACTICAL)","CAPITOLINE CONSULTING, LLC"
SQ,"Square, Inc",205583,BLOCK INC FORMERLY REPORTED AS SQUARE INC,FS VECTOR LLC
SUNE,SunEdison,138137,"SUNEDISON, INC.",ASHURST PERKINS COIE US LLP (NAME CHANGE EFFECTIVE 6.26.26)
SUNE,SunEdison,138712,SUNEDISON,"PODESTA GROUP, INC."
SUNE,SunEdison,188660,SUNEDISON,"GLOBAL STRATEGIC PARTNERS, LLC"
SUNE,SunEdison,196348,SUNEDISON (FORMERLY KNOWN AS FIRST WIND),FOUNDERS POLICY GROUP
SUNE,SunEdison,197249,SUNEDISON SEMICONDUCTOR LIMITED,"BANNER PUBLIC AFFAIRS, LLC"
T,AT&T,50760,NATIONAL ATHLETIC TRAINERS ASSOCIATION,VENABLE LLP
T,AT&T,51934,THE CENTER AT WEST PARK LNC.,"DAVIDOFF HUTCHER & CITRON, LLP"
T,AT&T,52356,THE ATHLETE SURVIVORS' ASSIST (FKA THE ARMY OF SURVIVORS),UNCORKED ADVOCATES
T,AT&T,53082,CARIBBEAN TRANSMISSION DEVELOPMENT COMPANY (FKA ATABEY CAPITAL MANAGEMENT),PRIME POLICY GROUP
T,AT&T,54165,"AT&T SERVICES, INC. AND ITS AFFILIATES",HSA STRATEGIES
T,AT&T,54526,THE UNIVERSITY OF TEXAS AT ARLINGTON,"LSN PARTNERS, LLC"
T,AT&T,55052,"AT&T SERVICES, INC.",BAKER & HOSTETLER LLP
T,AT&T,55681,MID-ATLANTIC CENTER FOR THE ARTS,WINNING STRATEGIES WASHINGTON
T,AT&T,55758,AMERICAN TRADE ASSOCIATION FOR CANNABIS AND HEMP (ATACH),THE VOGEL GROUP
T,AT&T,57178,METROPOLITAN ATLANTA RAPID TRANSIT AUTHORITY,CARDINAL INFRASTRUCTURE LLC
T,AT&T,58187,"AT&T, INC.",HB STRATEGIES
T,AT&T,59535,"UNIVERSITY AT ALBANY, SUNY DBA THE RESEARCH FOUNDATION","LEWIS-BURKE ASSOCIATES, LLC"
T,AT&T,60777,"AT&T SERVICES, INC.",ORIGIN ADVOCACY LLC
T,AT&T,61027,"HB STRATEGIES (FKA HUSCH BLACKWELL STRATEGIES) (ON BEHALF OF AT&T, INC.",EAST CAPITOL ADVISORS LLC
T,AT&T,61547,THE IVY AT GREAT FALLS,STONINGTON GLOBAL
T,AT&T,61655,"AT&T SERVICES, INC.",COZEN O'CONNOR PUBLIC STRATEGIES
T,AT&T,61778,AMERICAN TRADE ASSOCIATION FOR CANNABIS AND HEMP (ATACH),"THE RUSSELL GROUP, INC."
T,AT&T,63061,THE UNIVERSITY OF TEXAS AT SAN ANTONIO,"CORNERSTONE GOVERNMENT AFFAIRS, INC."
T,AT&T,63532,THE NATIONAL ALLIANCE FOR CARE AT HOME,I STREET ADVOCATES
T,AT&T,63771,THE NATIONAL ALLIANCE FOR CARE AT HOME,"THE NICKLES GROUP, LLC"
T,AT&T,63982,NORTON ROSE FULLBRIGHT OBO ATELIERE CREATIVE TECHNOLOGIES,"BROWNSTEIN HYATT FARBER SCHRECK, LLP"
T,AT&T,64736,AT&T,MR. BRIAN KELLY
T,AT&T,65001,THE ATACAMA GROUP,HOLLINGER GROUP CONSULTING
T,AT&T,65840,AMALGAMATED TRANSIT UNION (ATU),"CASSIDY & ASSOCIATES, INC."
T,AT&T,67979,AIRCRAFT TRANSPORT SERVICE (ATS),THE VOGEL GROUP
T,AT&T,71103,THE CHARTER INSTITUTE AT ERSKINE,"TIDAL STRATEGIES, LLC"
T,AT&T,71586,AT&T,POTOMAC STRATEGIC CONSULTING LLC
T,AT&T,72006,ATRIUM THERAPEUTICS,FEROX STRATEGIES
T,AT&T,73044,ADVANCED TECHNOLOGY INTERNATIONAL (ATI),GREER STRATEGIC PARTNERS
T,AT&T,73513,ARNOLD & PORTER SCHOLER KAYE LLP ON BEHALF OF NORC AT THE UNIVERSITY OF CHICAGO,MCGINLEY LLC
T,AT&T,100145,"AT&T SERVICES, INC","ADAMS AND REESE, LLP"
T,AT&T,100469,"AT&T SERVICES, INC. (FKA AT&T)",AKIN GUMP STRAUSS HAUER & FELD
T,AT&T,101155,PASSAMAQUODDY TRIBE AT PLEASANT POINT,AKIN GUMP STRAUSS HAUER & FELD
T,AT&T,101863,"ATI, INC. (F/K/A ALLEGHENY TECHNOLOGIES INCORPORATED)","ATI, INC. (F/K/A ALLEGHENY TECHNOLOGIES INCORPORATED)"
T,AT&T,101962,AT&T,"ALPINE GROUP PARTNERS, LLC."
T,AT&T,102332,"AT&T SERVICES, INC.",ALSTON & BIRD LLP
T,AT&T,102594,AT&T,ALVARADO & BENNETT
T,AT&T,104637,"AT&T SERVICES, INC.",ARNOLD & PORTER KAYE SCHOLER LLP
T,AT&T,104666,NORC AT THE UNIVERSITY OF CHICAGO,ARNOLD & PORTER KAYE SCHOLER LLP
T,AT&T,104905,AT&T,AT&T
T,AT&T,104908,ATLANTA COMM FOR THE OLYMPIC GAMES,ATLANTA COMM FOR THE OLYMPIC GAMES
T,AT&T,104915,ATU TELECOMMUNICATIONS,ATU TELECOMMUNICATIONS
T,AT&T,106454,AT&T SERVICES,BGR GOVERNMENT AFFAIRS
T,AT&T,106908,ATLANTIC COAST TECHNOLOGIES INC,"BARNES & THORNBURG, LLP"
T,AT&T,107143,ATTORNEY'S TITLE GUARANTEE FUND,BEN BARNES GROUP LP
T,AT&T,108021,AT&T,BKSH & ASSOCIATES
T,AT&T,108272,OFFICE OF THE DEPUTY MILITARY ATTACHE OF THE IRAQI EMBASSY,BKSH & ASSOCIATES
T,AT&T,108593,TELE ATLAS,BLANK ROME GOVERNMENT RELATIONS
T,AT&T,108803,AT&T,BOESCH & CO
T,AT&T,108842,AT&T,THE RHOADS GROUP
T,AT&T,109754,AT&T CORP,"BROWNSTEIN HYATT FARBER SCHRECK, LLP"
T,AT&T,109884,AT&T SERVICES INC.,"BROWNSTEIN HYATT FARBER SCHRECK, LLP"
T,AT&T,110428,AT&T LOCAL,BROYDRICK & ASSOCIATES
T,AT&T,110718,AT&T,"LAW OFFICE OF JOHN BRYANT, P.C."
T,AT&T,111065,ADVANCED TECHNOLOGY SYSTEMS (ATS),CAPITAL PARTNERSHIPS (VA) INC.
T,AT&T,111199,NATIONAL ATHLETIC TRAINERS ASSOCIATION,"CAPITOL ASSOCIATES, INC."
T,AT&T,111340,AT&T,CAPSTONE NATIONAL PARTNERS
T,AT&T,111476,AT&T,CARMEN GROUP INCORPORATED
T,AT&T,111802,AT&T,"CASSIDY & ASSOCIATES, INC."
T,AT&T,112186,AT&T (FORMERLY SBC TELECOMMUNICATIONS),"CASSIDY & ASSOCIATES, INC."
T,AT&T,112673,AT GOVERNMENT STRATEGIES ON BEHALF OF THE ST LOUIS ECONOMIC DEVELOPMENT PARTNERS,"CASSIDY & ASSOCIATES, INC."
T,AT&T,113361,AT&T,CLARK & WEINSTOCK
T,AT&T,113809,COALITION FOR FAIR ATLANTIC SALMON TRADE,"COLLIER SHANNON SCOTT, PLLC"
T,AT&T,114315,ASSN FOR THE ERADICATION OF HEART ATTACKS,CFM STRATEGIC COMMUNICATIONS (CONKLING FISKUM & MCCORMICK)
T,AT&T,114662,AT&T,"INNOVATIVE FEDERAL STRATEGIES, LLC"
T,AT&T,114741,CITY OF NEWPORT BEACH - OFFICE OF THE CITY ATTORNEY,"INNOVATIVE FEDERAL STRATEGIES, LLC"
T,AT&T,115374,AT&T SERVICES INC,THE CRANE GROUP INC
T,AT&T,115954,HEBREW HOME FOR THE AGED AT RIVERDALE,"DAVIDOFF HUTCHER & CITRON, LLP"
T,AT&T,116215,ATTORNEYS TITLE GUARANTY FUND,DAVIS & HARMAN LLP
T,AT&T,116345,AT&T,DAVISON COHEN & CO
T,AT&T,116644,LUTHERAN THEOLOGICAL SEMINARY AT GETTYSBURG & ADAMS COUNTY HISTORICAL SOCIETY,"DELTA DEVELOPMENT GROUP, INC."
T,AT&T,116808,AT&T,DEWEY SQUARE GROUP
T,AT&T,116819,AT&T SERVICES,DEWEY SQUARE GROUP
T,AT&T,116838,AT&T CORP,DICKSTEIN SHAPIRO LLP
T,AT&T,116848,NATL ASSN OF ATHLETIC TRAINERS BD OF CERT,DICKSTEIN SHAPIRO LLP
T,AT&T,117535,NATIONAL ATHLETIC TRAINERS' ASSOCIATION,FAEGRE DRINKER BIDDLE & REATH LLP
T,AT&T,117550,NATIONAL OPINION RESEARCH CENTER AT THE UNIVERSITY OF CHICAGO,FAEGRE DRINKER BIDDLE & REATH LLP
T,AT&T,117821,AT&T WIRELESS,"DUTKO WORLDWIDE, LLC"
T,AT&T,117910,AT&T CORP,"DUTKO WORLDWIDE, LLC"
T,AT&T,118290,ATLANTIC TELE-NETWORK INC,"DUTKO WORLDWIDE, LLC"
T,AT&T,118756,METROPOLITAN ATLANTA RAPID TRANSIT AUTHORITY (MARTA),"ECKERT SEAMANS CHERIN & MELLOTT, LLC"
T,AT&T,118777,METROPOLITAN ATLANTA RAPID TRANSIT AUTHORITY,"EDINGTON, PEEL & ASSOCIATES, INC."
T,AT&T,118835,METROPOLITAN ATLANTA RAPID TRANSIT AUTHORITY,EDINGTON WADE & ASSOC
T,AT&T,118836,ATLANTA COMM FOR THE OLYMPIC GAMES (ACOG),EDINGTON WADE & ASSOC
T,AT&T,119053,AT&T,"EOP GROUP, INC."
T,AT&T,119599,AT&T,FEDERAL ASSOC
T,AT&T,119658,AT&T,"JACK FERGUSON ASSOC., INC."
T,AT&T,120400,OFFICE OF THE ATTORNEY GENERAL OF KENTUCKY,"FLINT GROUP, INC."
T,AT&T,120928,AT&T,FOWLER COMMUNICATIONS INC
T,AT&T,121607,AT&T CORP,"GIBSON, DUNN & CRUTCHER LLP"
T,AT&T,121775,ATLANTIC TELE-NETWORK INC,"GLOBAL USA, INC."
T,AT&T,121797,AT&T,"GOFF, DONALD L."
T,AT&T,122940,AT&T,"HALL & ASSOC, G. STEWART"
T,AT&T,122972,"THE HEART HOSPITAL AT DEACONESS GATEWAY, LLC","HALL, RENDER, KILLIAN, HEATH & LYMAN, P.C."
T,AT&T,123029,ATHLETICO PHYSICAL THERAPY,"HALL, RENDER, KILLIAN, HEATH & LYMAN, P.C."
T,AT&T,123200,AT&T GOVERNMENT AFFAIRS,"HARRIS & ASSOC, WILLIAM D."
T,AT&T,123502,AT&T,"MCGOVERN & SMITH, LLC"
T,AT&T,123629,AT&T,"HILL & KNOWLTON STRATEGIES, LLC"
T,AT&T,123761,COUNCIL OF ATHABASCAN TRIBAL GOVERNMENTS,"HOBBS, STRAUS, DEAN & WALKER, LLP"
T,AT&T,124381,ALLIANCE FOR CARE AT THE END OF LIFE D\B\A HOSPICE ACTION NETWORK,HOGAN LOVELLS CADWALADER US LLP (FKA HOGAN LOVELLS US LLP)
T,AT&T,125103,METROPOLITAN ATLANTA RAPID TRANSIT AUTHORITY,HOLLAND & KNIGHT LLP
T,AT&T,125232,AT&T SERVICES,HOLLAND & KNIGHT LLP
T,AT&T,125706,AT&T,PALMETTO GROUP
T,AT&T,125900,AT&T,"HUGHES, HUBBARD & REED"
T,AT&T,126240,MID ATLANTIC REGIONAL SPACEPORT/MID ATLANTIC INST FOR SCIENCE & TECHNOLOGY,"HYJEK & FIX, INC."
T,AT&T,127115,GREAT ATLANTIC & PACIFIC TEA COMPANY INC,TIBER CREEK GROUP
T,AT&T,127176,"AT&T SERVICES, INC.",TIBER CREEK GROUP
T,AT&T,127668,THE NATIONAL ATM COUNCIL,"JONES WALKER, LLP"
T,AT&T,127703,AT&T,"JONES, NEAL T. JR"
T,AT&T,127748,AMERICAN TELEPHONE & TELEGRAPH (AT&T),JSA-1
T,AT&T,128245,ATLANTA COMM FOR THE OLYMPIC GAMES,KING & SPALDING LLP
T,AT&T,128714,AT&T,"KOCH, P.C."
T,AT&T,128858,OFFICE OF THE INDIANA ATTORNEY GENERAL,KRIEG DEVAULT LLP
T,AT&T,129281,AT&T,DEWEY & LEBOEUF LLP
T,AT&T,129459,AT&T SERVICES INC,LENT SCRIVNER & ROTH LLC
T,AT&T,129972,ATLANTA COMM FOR THE OLYMPIC GAMES,LONG ALDRIDGE & NORMAN
T,AT&T,130014,AT&T,LONG LAW FIRM
T,AT&T,130112,PUBLIC INTEREST PROJECTS/ THE ATLANTIC PHILANTHROPIES,M+R STRATEGIC SERVICES
T,AT&T,130425,ATMOSPHERIC GLOW TECHNOLOGIES,THE PMA GROUP
T,AT&T,131125,TOWN OF ATLANTIC BEACH SC,MARLOWE & COMPANY
T,AT&T,131194,AT&T,"MATTS, DOROTHY SHARON"
T,AT&T,131310,AT&T SERVICES INC,MAYER BROWN LLP
T,AT&T,132063,AT&T,MCGRAIL & CO
T,AT&T,132608,VERNER LIIPFERT BERNHARD MCPHERSON & HAND (ATTNYS FOR THE GOVT OF PUERTO RICO),"MERRIGAN, EDWARD L."
T,AT&T,133111,AT & T CORPORATION,DENNY MILLER ASSOCIATES
T,AT&T,133247,AT&T WIRELESS SERVICES,"MINTZ LEVIN COHN FERRIS GLOVSKY AND POPEO, P.C."
T,AT&T,133286,AT&T CORP,"MINTZ LEVIN COHN FERRIS GLOVSKY AND POPEO, P.C."
T,AT&T,133315,AT&T WIRELESS,"ML STRATEGIES, LLC"
T,AT&T,134568,ATX TECHNOLOGIES,"NATIONAL STRATEGIES, INC."
T,AT&T,134847,AT&T,"THE OB-C GROUP, LLC"
T,AT&T,135434,AT&T BROADBAND & INTERNET SERVICES,"RYAN MACKINNON VASAPOLI AND BERZOK, LLP"
T,AT&T,137193,ALLIANCE FOR CARE AT THE END OF LIFE,SQUIRE PATTON BOGGS
T,AT&T,137272,"AT&T SERVICES, INC. AND AFFILIATES",SQUIRE PATTON BOGGS
T,AT&T,137423,"TSE US LLC, ATTN: BETFAIR US",SQUIRE PATTON BOGGS
T,AT&T,137683,"THE ADVOCACY GROUP AT CARDENAS PARTNERS LLC ON BEHALF OF OCALA, FL",SQUIRE PATTON BOGGS
T,AT&T,137827,AT&T,PAUL HASTINGS LLP
T,AT&T,138123,AT&T WIRELESS,ASHURST PERKINS COIE US LLP (NAME CHANGE EFFECTIVE 6.26.26)
T,AT&T,138146,AT&T,"PETERS, EUGENE F."
T,AT&T,140368,TRANS-ATLANTIC BUSINESS COUNCIL,"K&L GATES, LLP"
T,AT&T,140723,AT&T,RAFFAELLI SPEES SPRINGER & SMITH
T,AT&T,140748,ATTORNEYS TITLE GUARANTY FUND,"RAILSBACK, THOMAS F."
T,AT&T,141483,FINISHING TRADES INSTITUTE OF THE MID ATLANTIC REGION,"GRAY & OSCAR, LLC (FORMERLY BOB GRAY, LLC)"
T,AT&T,141541,AT&T,"RINALDO, MATTHEW J."
T,AT&T,141730,GRAVEYARD OF THE ATLANTIC MUSEUM,"ROBERTSON, MONAGLE & EASTAUGH LLC"
T,AT&T,141993,AT&T,"ROONEY, FRED B."
T,AT&T,142124,AT&T,THE ROTH GROUP
T,AT&T,142757,ANDEAN TRADE PROMOTION ACT (ATPDEA) COALITION,"SANDLER, TRAVIS & ROSENBERG, P.A."
T,AT&T,142919,AT&T SERVICES INC AND ITS AFFILIATES,"AT&T SERVICES, INC. AND ITS AFFILIATES"
T,AT&T,143435,INTL COUNSEL BUREAU KUWAITI COUNSEL FOR THE FAMILIES OF KUWAITI CITIZENS AT GT,"SHEARMAN & STERLING, LLP"
T,AT&T,143490,TURKEY/US ATLANTIC & GULF RATE AGREEMENT,SHER & BLACKWELL LLP
T,AT&T,143515,AT&T,SHER & BLACKWELL LLP
T,AT&T,143664,AT&T,SIDLEY AUSTIN LLP
T,AT&T,143927,AT&T,"SIMPSON & ASSOC, BILL"
T,AT&T,143994,BELL ATLANTIC TELECOMMUNICATIONS,"SKADDEN, ARPS, SLATE, MEAGHER & FLOM LLP"
T,AT&T,144773,AT&T,DENTONS US LLP
T,AT&T,146436,AT&T BROADBAND & INTERNET SERVICES,AT&T BROADBAND & INTERNET SERVICES
T,AT&T,146595,AT&T,"TIMMONS AND COMPANY, INC."
T,AT&T,146662,AT&T,TONGOUR & SCOTT
T,AT&T,147236,AT&T CORPORATION,"VALIS & KEELEN, LLC"
T,AT&T,147837,ATLANTIC TRANSPORTATION & EQUIPMENT (ATEL),VAN SCOYOC ASSOCIATES
T,AT&T,148278,THE IMPLEMENTATION GROUP (AT&T),VAN SCOYOC ASSOCIATES
T,AT&T,149009,ALLIANCE TO PREVENT FRAUDULENT ATTACKS ON PATENTS,VENABLE LLP
T,AT&T,149809,AT&T CAPITAL CORP,WASHINGTON COUNSEL
T,AT&T,149930,AT&T CORP,WASHINGTON COUNSEL
T,AT&T,149934,AT&T,THE WASHINGTON GROUP
T,AT&T,150679,THE UNIVERSITY OF TEXAS SOUTHWESTERN MEDICAL CENTER AT DALLAS,"WEXLER | WALKER, A UNIT OF HILL+KNOWLTON STRATEGIES, LLC"
T,AT&T,150792,AT&T,"WHITE, THOMAS R."
T,AT&T,150982,AT&T SERVICES,WILEY REIN LLP
T,AT&T,151619,AT&T,"WILLIAMS, THOMAS C."
T,AT&T,151774,AT&T INC,WILMER CUTLER PICKERING HALE AND DORR LLP
T,AT&T,152208,AT&T,WISE & ASSOC
T,AT&T,152221,ASSN OF TRIAL LAWYERS OF AMERICA (ATLA),WISE & ASSOC
T,AT&T,152398,ASSN OF TRIAL LAWYERS OF AMERICA (ATLA),LAW OFFICES OF BERNARD WUNDER (FKA WUNDER & LILLEY)
T,AT&T,152404,"AT&T SERVICES, INC (FORMERLY SBC COMMUNICATIONS, INC.)",LAW OFFICES OF BERNARD WUNDER (FKA WUNDER & LILLEY)
T,AT&T,152505,AT&T,"TIMMONS, JOHN W."
T,AT&T,152575,AT&T,WINSTEAD PC
T,AT&T,152611,AT&T,"O'NEILL, ATHY & CASEY, P.C."
T,AT&T,152878,UNIV AT ALBANY CENTER FOR ENVIRONMENTAL SCIENCES & TECHNOLOGY MANANGEMENT,CASCADE ASSOCIATES
T,AT&T,153012,JOHNSON MADIGAN PECK ETAL (GREAT ATLANTIC & PACIFIC TEA COMPANY INC),"THE ICKES AND ENRIGHT GROUP, INC."
T,AT&T,153278,AT&T,"BOEL, JANINA Z."
T,AT&T,153634,ALLIANT TECHSYSTEMS (ATK),BUTZEL LONG TIGHE PATTON PLLC
T,AT&T,153866,"AT&T SERVICES, INC.",VALENTE & ASSOCIATES
T,AT&T,154319,AT&T,"WILLIAMS & ASSOC, PAT"
T,AT&T,154530,AT&T CORP,BUSINESS-GOVERNEMENT ASSOC
T,AT&T,154538,AT&T,ALEXANDER STRATEGY GROUP
T,AT&T,154653,"AMATEUR ATHLETIC UNION OF THE UNITED STATES, INC.",PAULEY MANAGEMENT INC.
T,AT&T,154907,AT&T,"PAXTON & ASSOC, JAMES M."
T,AT&T,155611,AT&T SERVICES,"JEFFERSON BUSINESS CONSULTING, LLC"
T,AT&T,155816,"AT&T SERVICES, INC.",OGR
T,AT&T,156084,AIRBORNE TACTICAL ADVANTAGE CO (ATAC),"CARTER GROUP, LLC"
T,AT&T,156636,LUTHERAN THEOLOGICAL SEMINARY AT PHILADELPHIA,DUANE MORRIS GOVERNMENT AFFAIRS
T,AT&T,156748,AT&T,WALLMAN STRATEGIC CONSULTING
T,AT&T,157314,AT&T,ANDERSON & BAKER
T,AT&T,157348,AT&T CORPORATION,"AON CONSULTING, INC."
T,AT&T,157442,"AT&T SERVICES, INC.","TCH GROUP, LLC"
T,AT&T,157938,AT&T,"CAPITOL CITY GROUP, LTD."
T,AT&T,157943,AT&T SERVICES,"CAPITOL CITY GROUP, LTD."
T,AT&T,158391,MID-ATLANTIC SPORTS NETWORK (TCR SPORTS BROADCASTING),"WOMBLE CARLYLE SANDRIDGE & RICE, LLP"
T,AT&T,158722,AT&T,QGA PUBLIC AFFAIRS (FORMERLY QUINN GILLESPIE & ASSOCIATES)
T,AT&T,159988,AT&T CORP,ERNST & YOUNG LLP (WASHINGTON COUNCIL ERNST & YOUNG)
T,AT&T,160460,AT&T,"MARTIN, FISHER, THOMPSON & ASSOCIATES"
T,AT&T,160547,NATIONAL SEPTEMBER 11TH MEMORIAL AND MUSEUM AT THE WORLD TRADE CENTER,"PARK STRATEGIES, LLC"
T,AT&T,160983,UNIV OF TEXAS AT DALLAS,STRATEGIC MARKETING INNOVATIONS
T,AT&T,161444,AT&T,"DCI GROUP, L.L.C."
T,AT&T,161821,AT&T FORMERLY SBC COMMUNICATIONS INC,"PLATINUM ADVISORS, LLC"
T,AT&T,162033,AT&T,RICCHETTI INCORPORATED
T,AT&T,162352,AT&T BROADBAND,POTOMAC-HUDSON GROUP
T,AT&T,162444,AT&T,THE LOEFFLER GROUP
T,AT&T,162854,AT&T,"TURETSKY, DAVID LLC"
T,AT&T,163623,AT&T WIRELESS SERVICES,"THE CORMAC GROUP, LLC"
T,AT&T,163772,ATHLETICO PHYSICAL THERAPY,"THE CORMAC GROUP, LLC"
T,AT&T,163863,ATLANTIC BANK & TRUST COMPANY,MORRISON PUBLIC AFFAIRS GROUP
T,AT&T,163963,ATX GROUP INC (FORMERLY ATX TECHNOLOGIES INC ),"ATX GROUP, INC. (FORMERLY ATX TECHNOLOGIES, INC.)"
T,AT&T,164056,REACTIVE ATOM PLASMA TECHNOLOGY (RAPT) INDUSTRIES,CAPITAL TECHNOLOGY GROUP
T,AT&T,164476,AT&T SERVICES INC AND ITS AFFILIATES,"MERCURY STRATEGIES, LLC"
T,AT&T,165227,AT&T SERVICES INC,"E-COPERNICUS, LLC"
T,AT&T,165441,AT&T WIRELESS SERVICES,AT&T WIRELESS SERVICES
T,AT&T,165669,ORBITAL ATK INC FKA: ALLIANT TECHSYSTEMS OPERATIONS LLC,CAPITOL HILL CONSULTING GROUP
T,AT&T,167080,ADVANCED TECHNICAL PRODUCTS (ATP),JOHNSON/MURPHY & ASSOC
T,AT&T,167092,ALLIANT TECHSYSTEMS INC (ATK),"FEDOR, JOHN D"
T,AT&T,167269,AT&T CORP,"SIBLEY, DAVID"
T,AT&T,167280,UNIV OF TEXAS HEALTH SCIENCE CENTER AT HOUSTON,JAMES LEE WITT ASSOCIATES
T,AT&T,167319,AT&T SERVICES INC,LOTT & ASSOCIATES
T,AT&T,167662,AT&T,SHIPP & ASSOCIATES
T,AT&T,167664,AT&T WIRELESS,SHIPP & ASSOCIATES
T,AT&T,167708,ATX TECHNOLOGIES INC,JOHN LOGAN
T,AT&T,167906,ATK (FORMERLY KNOW AS ALLIANT TECHSYSTEMS INC),"CORNERSTONE GOVERNMENT AFFAIRS, INC."
T,AT&T,168101,HONEYWELL INTERNATIONAL ON BEHALF OF ADVANCED TURBINE ENGINE COMPANY (ATEC),"CORNERSTONE GOVERNMENT AFFAIRS, INC."
T,AT&T,169475,JAMES LEE SORENSON GLOBAL IMPACT INVESTING CENTER AT THE UNIVERSITY OF UTAH,DLA PIPER LLP (US)
T,AT&T,169684,AT&T (FORMERLY SBC),"CGCN GROUP, LLC"
T,AT&T,169760,ATG AMERICAS TRADING GROUP S.A.,"CGCN GROUP, LLC"
T,AT&T,170194,AT&T SERVICES INC,PR/STRATEGIES INTERNATIONAL LLC
T,AT&T,170305,ATTORNEYS' TITLE GUARANTY FUND,MCAPITOL MANAGEMENT
T,AT&T,171058,ORGANIZING COMMITTEE FOR THE OLYMPIC GAMES - ATHENS 2004 SA,TARGET SYSTEMS DEVELOPMENT INC (TSD)
T,AT&T,171065,UNIV OF TEXAS HEALTH SCIENCE CENTER AT HOUSTON,MICHAEL A. ANDREWS
T,AT&T,171560,"AT&T SERVICES, INC.",OWEN EVANS INGOLS
T,AT&T,171563,BRACY TUCKER BROWN FOR HARTSFIELD-JACKSON ATLANTA INTERNATIONAL AIRPORT,"THE COLLETTE GROUP, LLC"
T,AT&T,172081,AT&T,STANTON PARK GROUP
T,AT&T,172246,ATLANTIC COAST TECHNOLOGIES,PHOENIX CONSULTING
T,AT&T,172303,AT&T,DELLUMS BRAUER HALTERMAN & ASSOC
T,AT&T,172681,"AT&T SERVICES, INC.","NAVIGATORS GLOBAL LLC (FORMERLY DC NAVIGATORS, LLC)"
T,AT&T,172759,AT&T CORP,"GAGE, LLC"
T,AT&T,172765,ANDERSON & BAKER (AT&T),"GAGE, LLC"
T,AT&T,172883,ATHALIE DESHOMMES TIENNA,"LAROSE, JOSUE"
T,AT&T,172934,ALLIANT TECHSYSTEMS (ATK),"WAYPOINT CONSULTING, LLC"
T,AT&T,173198,AT&T,TELEMEDIA POLICY CORP.
T,AT&T,173294,AT&T SERVICES INC,BATES CAPITOL GROUP LLC
T,AT&T,173723,AT&T,J.C. WATTS COMPANIES
T,AT&T,173770,ATX TECHNOLOGIES,"MCLEAN, CHRISTOPHER A."
T,AT&T,174774,AT&T,"CAPITOL HILL STRATEGIES,  LLC"
T,AT&T,174797,AT&T,KEYSTONE MARKET STRATEGIES LLC
T,AT&T,175029,AT&T,"DELLUMS & ASSOCIATES, LLC"
T,AT&T,176170,THE RANCH AT ROCK CREEK,KAPLAN KIRSCH LLP (FORMERLY KAPLAN KIRSCH & ROCKWELL LLP)
T,AT&T,176417,AT&T,HICKS PARTNERS
T,AT&T,176579,AT&T SERVICES INC,DAVID LEACH
T,AT&T,176960,AT&T,BROWN RUDNICK LLP
T,AT&T,177190,AT&T CORP,"THE JOSEPH GROUP, LLC"
T,AT&T,177363,AT&T,RLF3 CONSULTING
T,AT&T,178537,"AT&T SERVICES, INC.","THE NICKLES GROUP, LLC"
T,AT&T,178589,AT&T SERVICES INC,"CLYBURN CONSULTING, LLC"
T,AT&T,179232,LIVINGSTON GROUP (ATK THIOKOL),"CROSBY GROUP, LLC"
T,AT&T,179464,AT&T SERVICES,PAULA TIMMONS
T,AT&T,180148,ATK THIOKOL,"CHANG-DIAZ, FRANKLIN"
T,AT&T,180149,ATK THIOKOL,"JONES, THOMAS"
T,AT&T,180151,ATK THIOKOL,"BLAHA, JOHN"
T,AT&T,180153,ATK THIOKOL,"BOLDEN, CHARLES"
T,AT&T,180179,ATK THIOKOL INC,"BURSCH, DANIEL"
T,AT&T,180201,ATK THIOKOL INC,"BARRY, DANIEL"
T,AT&T,180358,ATK THIOLOL INC,"WEBER, MARYELLEN"
T,AT&T,180566,UNIV OF TEXAS AT AUSTIN,"SMITH, CARL MICHAEL"
T,AT&T,180580,AT&T,ASHCROFT GROUP
T,AT&T,180653,CG TECHNOLOGIES INC. ON BEHALF OF GENERAL ATOMICS ELECTROMAGNETIC SYSTEMS,MAYNOR LLC
T,AT&T,180860,THE OLDAKER GROUP ON BEHALF OF GENERAL ATOMICS,"HAMMER ASSOCIATES, LLC"
T,AT&T,180897,AT&T GLOBAL PUBLIC SECTOR,MS. DIANE NEWBERG
T,AT&T,181189,AT&T SERVICES INC,DUNKEL GOVERNMENT RELATIONS
T,AT&T,181598,"THE NATIONAL ATM COUNCIL, INC.","MONUMENT STRATEGIES, LLC"
T,AT&T,181859,"AT&T SERVICES, INC.",FIDELIS GOVERNMENT RELATIONS
T,AT&T,181936,"AT&T SERVICES, INC.","MCKINNON GROUP, LLC"
T,AT&T,182278,ATI INC. (FORMERLY ALLEGHENY TECHNOLOGIES INC.),KELLEY DRYE & WARREN LLP
T,AT&T,182502,AT&T SERVICES INC,"POLARIS GOVERNMENT RELATIONS, LLC"
T,AT&T,182732,"TRADEPOINT ATLANTIC, LLC","FEDERAL ADVOCATES, INC."
T,AT&T,183742,STATE UNIVERSITY OF NEW YORK COLLEGE OF TECHNOLOGY AT DELHI,MICHAEL BROWER
T,AT&T,183754,STATE UNIVERSITY OF NEW YORK COLLEGE OF AGRICULTURE & TECHNOLOGY AT COBLESKILL,MICHAEL BROWER
T,AT&T,184541,"AT&T SERVICES, INC.",CAPITOL COUNSEL LLC
T,AT&T,184734,LUTHERAN THEOLOGICAL SEMINARY AT PHILADELPHIA,"MISSION GOVERNMENT RELATIONS (FORMERLY KNOWN AS MUROFF LAW FIRM, LLC)"
T,AT&T,184763,CECILE BUONOCORE & OTHER AMERICAN VICTIMS OF THE ROME AIRPORT ATTACK,"HEIDEMAN NUDELMAN & KALIK, PC"
T,AT&T,184773,AT&T SERVICES INC (FKA AT&T CORPORATION),"MATTOON & ASSOCIATES, LLC"
T,AT&T,185385,"AT&T SERVICES, INC.",ROBERTI ASSOCIATES
T,AT&T,186432,"CONSUMR ATTORNEY SERVICES (CAS) THE MCCANN LAW GROUP, LLP",KNA SERVICES INC
T,AT&T,187075,"AT&T SERVICES, INC.","THE KEELEN GROUP, LLC"
T,AT&T,187341,AT&T LOUISIANA,"SABISTON CONSULTANTS, LLC"
T,AT&T,187820,THE UNIVERSITY OF TEXAS AT AUSTIN,THE UNIVERSITY OF TEXAS AT AUSTIN
T,AT&T,187859,AT&T,BREAUX LOTT LEADERSHIP GROUP
T,AT&T,188104,AT&T SERVICES,WHW CONSULTING LLC
T,AT&T,188218,DLA PIPER LLP (US) (FOR THE ATLANTIC COAST CONFERENCE),"TCK INTERNATIONAL, LLC"
T,AT&T,188898,NATIONAL ATHLETIC TRAINERS' ASSOCIATION,NATIONAL ATHLETIC TRAINERS' ASSOCIATION
T,AT&T,191323,AMERICAN LUNG ASSOCIATION OF THE MID-ATLANTIC,COZEN O'CONNOR PUBLIC STRATEGIES
T,AT&T,191849,CTIA - THE WIRELESS ASSOCIATION (ON BEHALF OF AT&T VERIZON AND T-MOBILE),"LES BROWNLEE & ASSOCIATES, LLC"
T,AT&T,192131,"AT&T SERVICES, INC.","CROSSROADS STRATEGIES, LLC"
T,AT&T,192197,NATIONAL ATHLETIC TRAINERS' ASSOCIATION,"CROSSROADS STRATEGIES, LLC"
T,AT&T,192314,AT&T,PRIME POLICY GROUP
T,AT&T,193050,"HAGER ENVIRONMENTAL & ATMOSPHERIC TECHNOLOGIES, LLC (HEAT)",THE INGRAM GROUP LLC
T,AT&T,193121,"ALLEGHENY TECHNOLOGIES, INC. (ATI)",RIDGE POLICY GROUP
T,AT&T,194011,"THEODORE (TED) L. JONES, ATTORNEY AT LAW (ON BEHALF OF ST. BERNARD PORT)","TAUZIN CONSULTANTS, LLC"
T,AT&T,194412,"AT&T SERVICES, INC.","THE GIBSON GROUP, LLC"
T,AT&T,195042,"AT&T SERVICES, INC.","ROBERTI GLOBAL (FKA ROBERTI WHITE, LLC)"
T,AT&T,195828,AT&T,"PURPLE ADVOCACY, LLC"
T,AT&T,196371,ALLIANCE TO PREVENT FRAUDULENT ATTACKS ON PATENTS,ALLEN AND ASSOCIATES
T,AT&T,197930,"AT&T SERVICES, INC.","JONES GROUP INTERNATIONAL, LLC"
T,AT&T,198063,THE DOCTORS HOSPITAL AT RENAISSANCE,THE D MAJOR GROUP
T,AT&T,198112,AT&T,CLOAKROOM ADVISORS LLC
T,AT&T,199722,"THE COUNCIL OF PARENT ATTORNEYS AND ADVOCATES, INC.","THE MCKEON GROUP, INC."
T,AT&T,199786,TOWN OF ATLANTIC BEACH,"WARWICK GROUP CONSULTANTS, LLC"
T,AT&T,200419,AT&T SERVICES INC,FARRAGUT PARTNERS LLP
T,AT&T,200708,AT&T,PJM STRATEGIES LLC
T,AT&T,200832,AT&T SERVICES INC.,CARPENTER STRATEGIC CONSULTING LLC
T,AT&T,201146,FIDELIS GOVERNMENT RELATIONS (ON BEHALF OF AT&T),SEXTONS CREEK
T,AT&T,201480,THE MISSION AT KERN COUNTY,"MERCHANT MCINTYRE & ASSOCIATES, LLC"
T,AT&T,202456,AT&T SERVICES INC,HB STRATEGIES
T,AT&T,202856,AT&T SERVICES,"O'KEEFFE SHAHMORADI STRATEGIES, LLC"
T,AT&T,203001,THE CITY OF ATLANTIS,"THE MERCHANT STRATEGY, INC."
T,AT&T,203050,ALTASEA AT THE PORT OF LOS ANGELES,VECTIS DC
T,AT&T,203391,"AT&T SERVICES, INC.","GONRING, SPAHN & ASSOCIATES, INC."
T,AT&T,203822,ATHLETICO PHYSICAL THERAPY,AKIN GUMP STRAUSS HAUER & FELD
T,AT&T,204333,TRADEPOINT ATLANTIC,NOSSAMAN LLP
T,AT&T,205125,"ATOSSA THERAPEUTICS, INC.","DESIMONE CONSULTING, LLC"
T,AT&T,206515,ATTWILL VASCULAR TECHNOLOGIES LP/ATTWILL MEDICAL SOLUTIONS,GRASSROOTS POLITICAL CONSULTING LLC
T,AT&T,207126,THE PICARD GROUP OBO UNIVERSITY OF LOUISIANA AT LAFAYETTE FOUNDATION,"CJ LAKE, LLC"
T,AT&T,208637,"THE UNIVERSITY OF TEXAS HEALTH SCIENCE CENTER AT SAN ANTONIO, STRONG STAR","MCALLISTER & QUINN, LLC"
T,AT&T,209444,FINISHING TRADES INSTITUTE OF THE MID ATLANTIC REGION,"OSCAR POLICY GROUP, LLC"
T,AT&T,210138,AT&T,DUFFY&SHANLEY
T,AT&T,210251,THE GLOBAL ATLANTIC FINANCIAL GROUP LLC,RICH FEUER ANDERSON
T,AT&T,210518,ACADEMY OF TRUCK ACCIDENT ATTORNEYS,PILLSBURY WINTHROP SHAW PITTMAN LLP
T,AT&T,210631,AMERICAN TYPE CULTURE COLLECTION (ATCC),G2G CONSULTING
T,AT&T,210848,TYTO ATHENE,SQUIRE PATTON BOGGS
T,AT&T,213130,TESTING AT HOME COALITION FKA AT-HOME COVID TESTING (ACT) COALITION,MCDERMOTT+
T,AT&T,213161,GENESIS AT THE CROSSROADS,"PAUL MARCONE & ASSOCIATES, LLC"
TEM,Tempus AI,63887,"TEMPUS AI, INC.",VALCOUR LLC
TEM,Tempus Labs,57637,"TEMPUS LABS, INC.",ALSTON & BIRD LLP
TEM,Tempus Labs,57716,"TEMPUS LABS, INC.",CAPITOL COUNSEL LLC
TEM,Tempus Labs,212125,TEMPUS LABS INC,TEMPUS LABS INC
TGT,Target Corporation,51873,TARGET CORPORATION,"CORNERSTONE GOVERNMENT AFFAIRS, INC."
TGT,Target Corporation,51875,CORNERSTONE GOVERNMENT AFFAIRS OBO TARGET CORPORATION,"JGB & ASSOCIATES, LLC"
TGT,Target Corporation,59432,TARGET CORPORATION,"STEWART STRATEGIES AND SOLUTIONS, LLC"
TGT,Target Corporation,63307,TARGET CORPORATION,AKIN GUMP STRAUSS HAUER & FELD
TGT,Target Corporation,116357,TARGET CORPORATION,TARGET CORPORATION
TGT,Target Corporation,118057,TARGET CORPORATION,"DUTKO WORLDWIDE, LLC"
TGT,Target Corporation,120259,TARGET CORPORATION,"FLACK ASSOCIATES, LLC"
TGT,Target Corporation,149029,TARGET CORPORATION,VENABLE LLP
TGT,Target Corporation,155969,TARGET CORPORATION,OGR
TGT,Target Corporation,177534,TARGET CORPORATION,"BOCKORNY GROUP, INC."
TGT,Target Corporation,186610,TARGET CORPORATION,JST STRATEGIES LLC (FORMERLY JOCHUM SHORE & TROSSEVIN PC)
TGT,Target Corporation,204783,TARGET HOSPITALITY CORPORATION,"WHITMER & WORRALL, LLC"
TGT,Target Corporation,205152,TARGET CORPORATION,FORBES-TATE
TGT,Target Corp,51873,TARGET CORPORATION,"CORNERSTONE GOVERNMENT AFFAIRS, INC."
TGT,Target Corp,51875,CORNERSTONE GOVERNMENT AFFAIRS OBO TARGET CORPORATION,"JGB & ASSOCIATES, LLC"
TGT,Target Corp,58784,TARGET HOSPITALITY CORP.,"CORNERSTONE GOVERNMENT AFFAIRS, INC."
TGT,Target Corp,59432,TARGET CORPORATION,"STEWART STRATEGIES AND SOLUTIONS, LLC"
TGT,Target Corp,63307,TARGET CORPORATION,AKIN GUMP STRAUSS HAUER & FELD
TGT,Target Corp,116357,TARGET CORPORATION,TARGET CORPORATION
TGT,Target Corp,118057,TARGET CORPORATION,"DUTKO WORLDWIDE, LLC"
TGT,Target Corp,120259,TARGET CORPORATION,"FLACK ASSOCIATES, LLC"
TGT,Target Corp,149029,TARGET CORPORATION,VENABLE LLP
TGT,Target Corp,155969,TARGET CORPORATION,OGR
TGT,Target Corp,177534,TARGET CORPORATION,"BOCKORNY GROUP, INC."
TGT,Target Corp,186610,TARGET CORPORATION,JST STRATEGIES LLC (FORMERLY JOCHUM SHORE & TROSSEVIN PC)
TGT,Target Corp,204783,TARGET HOSPITALITY CORPORATION,"WHITMER & WORRALL, LLC"
TGT,Target Corp,205152,TARGET CORPORATION,FORBES-TATE
TGT,Target Corp,211572,"ANKURA CONSULTING GROUP, LLC ON BEHALF OF TARGET CORP.",MLJ STRATEGIES
TMO,Thermo Fisher,63649,THERMO FISHER SCIENTIFIC,"MANATT, PHELPS, AND PHILLIPS"
TMO,Thermo Fisher,116905,THERMO FISHER SCIENTIFIC (FORMERLY THERMO ELECTRON CORP),DICKSTEIN SHAPIRO LLP
TMO,Thermo Fisher,124599,THERMO FISHER SCIENTIFIC,HOGAN LOVELLS CADWALADER US LLP (FKA HOGAN LOVELLS US LLP)
TMO,Thermo Fisher,125449,"THERMO FISHER SCIENTIFIC, INC.",HOLLAND & KNIGHT LLP
TMO,Thermo Fisher,128567,THERMO FISHER SCIENTIFIC,"KINGHORN, HILBERT & ASSOCIATES"
TMO,Thermo Fisher,142677,THERMO FISHER SCIENTIFIC,FAEGRE BAKER DANIELS CONSULTING
TMO,Thermo Fisher,143818,THERMO FISHER SCIENTIFIC,SIDLEY AUSTIN LLP
TMO,Thermo Fisher,145601,THERMO FISHER SCIENTIFIC,STEPTOE LLP
TMO,Thermo Fisher,160290,THERMO FISHER SCIENTIFIC INC,ERNST & YOUNG LLP (WASHINGTON COUNCIL ERNST & YOUNG)
TMO,Thermo Fisher,170710,THERMO FISHER SCIENTIFIC,FOLEY HOAG LLP
TMO,Thermo Fisher,174950,THERMO FISHER SCIENTIFIC,"BECKER & POLIAKOFF, P.A."
TMO,Thermo Fisher,178356,THERMO FISHER SCIENTIFIC,"WHITMER & WORRALL, LLC"
TMO,Thermo Fisher,182940,THERMO FISHER SCIENTIFIC INC,MONUMENT ADVOCACY
TMO,Thermo Fisher,185030,THERMO FISHER SCIENTIFIC INC,GORDON THOMAS HONEYWELL GOVERNMENTAL AFFAIRS
TMO,Thermo Fisher,187246,THERMO FISHER SCIENTIFIC INC,THERMO FISHER SCIENTIFIC INC.
TMO,Thermo Fisher,189511,THERMO FISHER SCIENTIFIC,"ELLSWORTH GOVERNMENT RELATIONS, LLC"
TMO,Thermo Fisher,190727,THERMO FISHER SCIENTIFIC FORMERLY PATHEON INC,NWG ADVOCACY LLC
TMO,Thermo Fisher,201403,THERMO FISHER SCIENTIFIC INC.,"MILLER STRATEGIES, LLC"
TMO,Thermo Fisher,203728,THERMO FISHER SCIENTIFIC INC,BLUEBIRD STRATEGIES
TMO,Thermo Fisher,204124,BLUEBIRD STRATEGIES (ON BEHALF OF THERMO FISHER SCIENTIFIC),FAEGRE DRINKER BIDDLE & REATH LLP
TMO,Thermo Fisher,204404,BLUEBIRD STRATEGIES (ON BEHALF OF THERMO FISHER SCIENTIFIC),FAEGRE BAKER DANIELS CONSULTING
TMO,Thermo Fisher,206589,HAMILTON PLACE STRATEGIES (ON BEHALF OF THERMO FISHER SCIENTIFIC),TIBER CREEK GROUP
TMO,Thermo Fisher,209867,THERMO FISHER SCIENTIFIC INC,"W STRATEGIES, LLC"
TMO,Thermo Fisher Scientific,63649,THERMO FISHER SCIENTIFIC,"MANATT, PHELPS, AND PHILLIPS"
TMO,Thermo Fisher Scientific,116905,THERMO FISHER SCIENTIFIC (FORMERLY THERMO ELECTRON CORP),DICKSTEIN SHAPIRO LLP
TMO,Thermo Fisher Scientific,124599,THERMO FISHER SCIENTIFIC,HOGAN LOVELLS CADWALADER US LLP (FKA HOGAN LOVELLS US LLP)
TMO,Thermo Fisher Scientific,125449,"THERMO FISHER SCIENTIFIC, INC.",HOLLAND & KNIGHT LLP
TMO,Thermo Fisher Scientific,128567,THERMO FISHER SCIENTIFIC,"KINGHORN, HILBERT & ASSOCIATES"
TMO,Thermo Fisher Scientific,142677,THERMO FISHER SCIENTIFIC,FAEGRE BAKER DANIELS CONSULTING
TMO,Thermo Fisher Scientific,143818,THERMO FISHER SCIENTIFIC,SIDLEY AUSTIN LLP
TMO,Thermo Fisher Scientific,145601,THERMO FISHER SCIENTIFIC,STEPTOE LLP
TMO,Thermo Fisher Scientific,160290,THERMO FISHER SCIENTIFIC INC,ERNST & YOUNG LLP (WASHINGTON COUNCIL ERNST & YOUNG)
TMO,Thermo Fisher Scientific,170710,THERMO FISHER SCIENTIFIC,FOLEY HOAG LLP
TMO,Thermo Fisher Scientific,174950,THERMO FISHER SCIENTIFIC,"BECKER & POLIAKOFF, P.A."
TMO,Thermo Fisher Scientific,178356,THERMO FISHER SCIENTIFIC,"WHITMER & WORRALL, LLC"
TMO,Thermo Fisher Scientific,182940,THERMO FISHER SCIENTIFIC INC,MONUMENT ADVOCACY
TMO,Thermo Fisher Scientific,185030,THERMO FISHER SCIENTIFIC INC,GORDON THOMAS HONEYWELL GOVERNMENTAL AFFAIRS
TMO,Thermo Fisher Scientific,187246,THERMO FISHER SCIENTIFIC INC,THERMO FISHER SCIENTIFIC INC.
TMO,Thermo Fisher Scientific,189511,THERMO FISHER SCIENTIFIC,"ELLSWORTH GOVERNMENT RELATIONS, LLC"
TMO,Thermo Fisher Scientific,190727,THERMO FISHER SCIENTIFIC FORMERLY PATHEON INC,NWG ADVOCACY LLC
TMO,Thermo Fisher Scientific,201403,THERMO FISHER SCIENTIFIC INC.,"MILLER STRATEGIES, LLC"
TMO,Thermo Fisher Scientific,203728,THERMO FISHER SCIENTIFIC INC,BLUEBIRD STRATEGIES
TMO,Thermo Fisher Scientific,204124,BLUEBIRD STRATEGIES (ON BEHALF OF THERMO FISHER SCIENTIFIC),FAEGRE DRINKER BIDDLE & REATH LLP
TMO,Thermo Fisher Scientific,204404,BLUEBIRD STRATEGIES (ON BEHALF OF THERMO FISHER SCIENTIFIC),FAEGRE BAKER DANIELS CONSULTING
TMO,Thermo Fisher Scientific,206589,HAMILTON PLACE STRATEGIES (ON BEHALF OF THERMO FISHER SCIENTIFIC),TIBER CREEK GROUP
TMO,Thermo Fisher Scientific,209867,THERMO FISHER SCIENTIFIC INC,"W STRATEGIES, LLC"
TSLA,Tesla,52693,TESLA INC.,ICE MILLER STRATEGIES LLC
TSLA,Tesla,53511,TESLA INC.,ERNST & YOUNG LLP (WASHINGTON COUNCIL ERNST & YOUNG)
TSLA,Tesla,55325,"TESLA, INC.",PIONEER PUBLIC AFFAIRS
TSLA,Tesla,58111,"TESLA, INC.","BROWNSTEIN HYATT FARBER SCHRECK, LLP"
TSLA,Tesla,61446,TESLA INC.,AKIN GUMP STRAUSS HAUER & FELD
TSLA,Tesla,66703,"TESLA, INC.",RICH FEUER ANDERSON
TSLA,Tesla,69075,"TESLA, INC.","CONTINENTAL STRATEGY, LLC"
TSLA,Tesla,69190,"TESLA, INC.",CAPITOL CONSULTING GROUP LLC (DC)
TSLA,Tesla,113049,"TESLA MOTORS, INC.","CHAMBERS, CONLON & HARTWELL, LLC"
TSLA,Tesla,125519,"TESLA, INC.",HOLLAND & KNIGHT LLP
TSLA,Tesla,140028,TESLA MOTORS,"K&L GATES, LLP"
TSLA,Tesla,145772,"TESLA, INC.",STEPTOE LLP
TSLA,Tesla,161106,TESLA LABORATORIES,STRATEGIC MARKETING INNOVATIONS
TSLA,Tesla,166887,"TESLA MOTORS, INC.","SIGNAL GROUP CONSULTING, LLC"
TSLA,Tesla,175236,TESLA MOTORS,CAUTHEN FORBES & WILLIAMS
TSLA,Tesla,175684,"TESLA, INC.","MEHLMAN CONSULTING, INC."
TSLA,Tesla,190379,TESLA INC,TESLA INC.
TSLA,Tesla,196313,TESLA INC,RUBIN AND RUDMAN LLP
TSLA,Tesla,196354,"TESLA MOTORS, INC.",FOUNDERS POLICY GROUP
TSLA,Tesla,199077,TESLA INC,WEST FRONT STRATEGIES LLC
TSLA,Tesla,200110,"TESLA, INC",BURTON STRATEGY GROUP
TSLA,Tesla,202294,"TESLA, INC.","TAI GINSBERG & ASSOCIATES, LLC"
TSLA,Tesla,203333,"TESLA, INC.",FULCRUM PUBLIC AFFAIRS LLC
TSLA,Tesla,206929,TESLA,"CASSIDY & ASSOCIATES, INC."
TXN,Texas Instruments,100807,TEXAS INSTRUMENTS INC,AKIN GUMP STRAUSS HAUER & FELD
TXN,Texas Instruments,113553,TEXAS INSTRUMENTS INCORPORATED,CLARK & WEINSTOCK
TXN,Texas Instruments,133216,TEXAS INSTRUMENTS,"MILLER, GRANT"
TXN,Texas Instruments,142292,TEXAS INSTRUMENTS,GOLINHARRIS
TXN,Texas Instruments,146475,TEXAS INSTRUMENTS INCORPORATED,TEXAS INSTRUMENTS INCORPORATED
TXN,Texas Instruments,175481,TEXAS INSTRUMENTS INCORPORATED,"MEHLMAN CONSULTING, INC."
TXN,Texas Instruments,183650,"TEXAS INSTRUMENTS, INC",THE MONDELLO GROUP LLC
TXN,Texas Instruments,184732,TEXAS INSTRUMENTS,"PENDULUM STRATEGIES, LLC"
TXN,Texas Instruments,187579,TEXAS INSTRUMENTS INC,"IDENTITY MATTERS, LLC"
UBER,Uber Technologies,63030,UBER TECHNOLOGIES INC.,"THEGROUP DC, LLC"
UBER,Uber Technologies,63286,"UBER TECHNOLOGIES, INC.","MILLER STRATEGIES, LLC"
UBER,Uber Technologies,63915,"UBER TECHNOLOGIES, INC.",JEFFRIES STRATEGIES LLC
UBER,Uber Technologies,71705,UBER TECHNOLOGIES,AXADVOCACY GOVERNMENT RELATIONS
UBER,Uber Technologies,113060,"UBER TECHNOLOGIES, INC.","CHAMBERS, CONLON & HARTWELL, LLC"
UBER,Uber Technologies,127258,"UBER TECHNOLOGIES, INC.",TIBER CREEK GROUP
UBER,Uber Technologies,131449,"UBER TECHNOLOGIES, INC.",MAYER BROWN LLP
UBER,Uber Technologies,163115,"UBER TECHNOLOGIES, INC.","CAPITOL TAX PARTNERS, LLP"
UBER,Uber Technologies,183181,"THE DOERRER GROUP ON BEHALF OF UBER TECHNOLOGIES, INC.","FEDERAL HILL GROUP, LLC"
UBER,Uber Technologies,183490,UBER TECHNOLOGIES INC.,ULMAN PUBLIC POLICY & FEDERAL RELATIONS
UBER,Uber Technologies,184897,UBER TECHNOLOGIES INC.,INVARIANT LLC
UBER,Uber Technologies,187764,UBER TECHNOLOGIES,"FRANKLIN SQUARE GROUP, LLC"
UBER,Uber Technologies,189416,"UBER TECHNOLOGIES, INC.",THE DOERRER GROUP LLC
UBER,Uber Technologies,198701,"UBER TECHNOLOGIES, INC.","UBER TECHNOLOGIES, INC."
UBER,Uber Technologies,200010,"UBER TECHNOLOGIES, INC.",WALDO LAW OFFICES PLLC
UBER,Uber Technologies,201213,"UBER TECHNOLOGIES, INC.",BALLARD PARTNERS
UBER,Uber Technologies,202297,"UBER TECHNOLOGIES, INC.","TAI GINSBERG & ASSOCIATES, LLC"
UBER,Uber Technologies,205141,"UBER TECHNOLOGIES, INC.",FORBES-TATE
UBER,Uber Technologies,206594,UBER TECHNOLOGIES INC.,"BROWNSTEIN HYATT FARBER SCHRECK, LLP"
UBER,Uber Technologies,208239,"THE DOERRER GROUP ON BEHALF OF UBER TECHNOLOGIES, INC.",SUMMIT STRATEGIES GOVERNMENT AFFAIRS LLC
UBER,Uber Technologies,209013,UBER TECHNOLOGIES. INC.,TREMONT STRATEGIES GROUP LLC (F/K/A ADS VENTURES)
UBER,Uber Technologies,209071,TREMONT STRATEGIES GROUP ON BEHALF OF UBER TECHNOLOGIES,MS. ALEXIS TKACHUK
UNH,UnitedHealth,59327,"UNITEDHEALTH GROUP, INC.",AXADVOCACY GOVERNMENT RELATIONS
UNH,UnitedHealth,63219,"UNITEDHEALTH GROUP, INC.","GUIDEPOSTSTRATEGIES, LLC"
UNH,UnitedHealth,64033,"UNITEDHEALTH GROUP, INC.",ALSTON & BIRD LLP
UNH,UnitedHealth,65846,UNITEDHEALTH GROUP,"CASSIDY & ASSOCIATES, INC."
UNH,UnitedHealth,117861,"UNITEDHEALTH GROUP, INC. (FORMERLY UNITED HEALTH CARE)","DUTKO WORLDWIDE, LLC"
UNH,UnitedHealth,123162,UNITEDHEALTH GROUP INC,THE CAPITOL ALLIANCE
UNH,UnitedHealth,124367,UNITEDHEALTH GROUP,HOGAN LOVELLS CADWALADER US LLP (FKA HOGAN LOVELLS US LLP)
UNH,UnitedHealth,137658,UNITEDHEALTH GROUP INC,SQUIRE PATTON BOGGS
UNH,UnitedHealth,139311,UNITEDHEALTHCARE SERVICES,POWELL GOLDSTEIN LLP
UNH,UnitedHealth,147127,UNITEDHEALTH GROUP INC,"UNITEDHEALTH GROUP, INC."
UNH,UnitedHealth,153401,"UNITEDHEALTH GROUP , INC.","FIERCE, ISAKOWITZ & BLALOCK"
UNH,UnitedHealth,153847,UNITEDHEALTH GROUP INC,VALENTE & ASSOCIATES
UNH,UnitedHealth,153979,OVATIONS / UNITEDHEALTH GROUP,"VIOHL & ASSOCIATES, INC."
UNH,UnitedHealth,153982,INGENIX / UNITEDHEALTH GROUP,"VIOHL & ASSOCIATES, INC."
UNH,UnitedHealth,153984,UNITEDHEALTH GROUP,"VIOHL & ASSOCIATES, INC."
UNH,UnitedHealth,155831,UNITEDHEALTH GROUP,OGR
UNH,UnitedHealth,157449,"UNITEDHEALTH GROUP, INC.","TCH GROUP, LLC"
UNH,UnitedHealth,159387,UNITEDHEALTH GROUP COMPANY,SQUIRE PATTON BOGGS (US) LLP (F.K.A. SQUIRE SANDERS (US) LLP)
UNH,UnitedHealth,160316,UNITEDHEALTH GROUP,ERNST & YOUNG LLP (WASHINGTON COUNCIL ERNST & YOUNG)
UNH,UnitedHealth,163026,UNITEDHEALTH GROUP INC,"CAPITOL TAX PARTNERS, LLP"
UNH,UnitedHealth,165764,UNITEDHEALTH GROUP INC,AVENUE SOLUTIONS
UNH,UnitedHealth,173034,UNITEDHEALTH GROUP,FGS GLOBAL (US) LLC (FKA FGH HOLDINGS LLC)
UNH,UnitedHealth,175270,UNITEDHEALTH GROUP INC,CAUTHEN FORBES & WILLIAMS
UNH,UnitedHealth,178558,"UNITEDHEALTH GROUP, INC.","THE NICKLES GROUP, LLC"
UNH,UnitedHealth,179633,UNITEDHEALTH GROUP,BOSE PUBLIC AFFAIRS GROUP
UNH,UnitedHealth,184098,UNITEDHEALTH GROUP INC,"AVOQ, LLC"
UNH,UnitedHealth,185516,"UNITEDHEALTH GROUP, INC.",GEPHARDT GROUP GOVERNMENT AFFAIRS
UNH,UnitedHealth,191138,UNITEDHEALTH GROUP,STERNHELL GROUP
UNH,UnitedHealth,193503,"UNITEDHEALTH GROUP, INC.","W STRATEGIES, LLC"
UNH,UnitedHealth,196530,"CAUTHEN FORBES & WILLIAMS ON BEHALF OF UNITEDHEALTH GROUP, INC.",FORBES-TATE
UNH,UnitedHealth,196567,UNITEDHEALTH GROUP,FORBES-TATE
UNH,UnitedHealth,199144,"UNITEDHEALTH GROUP, INC.",FIERCE GOVERNMENT RELATIONS
UNH,UnitedHealth,201344,UNITEDHEALTH GROUP,MWR CONSULTING
UNH,UnitedHealth,202093,UNITEDHEALTH GROUP,SPLITOAK STRATEGIES LLC
UNH,UnitedHealth,207817,"UNITEDHEALTH GROUP, INC.",PENN AVENUE PARTNERS
UNH,UnitedHealth,212016,"UNITEDHEALTH GROUP, INC.","THEGROUP DC, LLC"
UNP,Union Pacific,60910,UNION PACIFIC CORPORATION,"RESOLUTION PUBLIC AFFAIRS, LLC"
UNP,Union Pacific,67747,UNION PACIFIC CORPORATION,EMERGENT STRATEGIES
UNP,Union Pacific,68346,UNION PACIFIC RAILROAD COMPANY,SQUIRE PATTON BOGGS
UNP,Union Pacific,71629,UNION PACIFIC RAILROAD,AUSTIN LEGAL AND PUBLIC AFFAIRS PLLC
UNP,Union Pacific,105509,UNION PACIFIC CO,BAKER DONELSON BEARMAN CALDWELL & BERKOWITZ
UNP,Union Pacific,106051,UNION PACIFIC RAILROAD,BALL JANIK LLP
UNP,Union Pacific,108489,UNION PACIFIC RAILROAD,BLANK ROME GOVERNMENT RELATIONS
UNP,Union Pacific,110606,UNION PACIFIC,BRYAN CAVE LEIGHTON PAISNER LLP
UNP,Union Pacific,111926,UNION PACIFIC RESOURCES,"CASSIDY & ASSOCIATES, INC."
UNP,Union Pacific,112988,UNION PACIFIC CORP,"CHAMBERS, CONLON & HARTWELL, LLC"
UNP,Union Pacific,115027,UNION PACIFIC CORPORATION,COVINGTON & BURLING LLP
UNP,Union Pacific,116535,UNION PACIFIC RAILROAD,DELAY GROUP
UNP,Union Pacific,116767,UNION PACIFIC CORP,DEWEY BALLANTINE LLP
UNP,Union Pacific,116768,UNION PACIFIC RESOURCES,DEWEY BALLANTINE LLP
UNP,Union Pacific,117870,UNION PACIFIC,"DUTKO WORLDWIDE, LLC"
UNP,Union Pacific,118523,UNION PACIFIC RAILROAD,DYER ELLIS & JOSEPH
UNP,Union Pacific,118558,UNION PACIFIC,DYKEMA GOSSETT PLLC
UNP,Union Pacific,118776,PACIFIC UNION COLLEGE,"EDINGTON, PEEL & ASSOCIATES, INC."
UNP,Union Pacific,119150,UNION PACIFIC CO,"EPPARD ASSOC, ANN"
UNP,Union Pacific,120981,PACIFIC UNION COLLEGE,FRANKLIN GROUP/PUBLIC AFFAIRS
UNP,Union Pacific,121113,UNION PACIFIC CORP,FULBRIGHT & JAWORSKI L.L.P.
UNP,Union Pacific,121300,UNION PACIFIC RESOURCES,GARDERE WYNNE SEWELL LLP
UNP,Union Pacific,123619,UNION PACIFIC,"HILL & KNOWLTON STRATEGIES, LLC"
UNP,Union Pacific,133516,UNION PACIFIC CORP,"MOLLOY, JAMES T."
UNP,Union Pacific,135411,UNION PACIFIC CO,"RYAN MACKINNON VASAPOLI AND BERZOK, LLP"
UNP,Union Pacific,136257,UNION PACIFIC RAILROAD CO,PATTON & CO
UNP,Union Pacific,136692,UNION PACIFIC RAILROAD COMPANY,SQUIRE PATTON BOGGS
UNP,Union Pacific,137815,UNION PACIFIC CORP,PAUL HASTINGS LLP
UNP,Union Pacific,139215,UNION PACIFIC CORP,THE POTOMAC GROUP
UNP,Union Pacific,139314,UNION PACIFIC,POWELL GOLDSTEIN LLP
UNP,Union Pacific,140736,UNION PACIFIC RAILROAD,RAFFAELLI SPEES SPRINGER & SMITH
UNP,Union Pacific,144027,UNION PACIFIC,"SKADDEN, ARPS, SLATE, MEAGHER & FLOM LLP"
UNP,Union Pacific,146191,UNION PACIFIC,"SULLIVAN ASSOC, RICHARD J."
UNP,Union Pacific,146581,UNION PACIFIC CORPORATION,"TIMMONS AND COMPANY, INC."
UNP,Union Pacific,147110,UNION PACIFIC RESOURCES GROUP,UNION PACIFIC RESOURCES GROUP
UNP,Union Pacific,147113,UNION PACIFIC CORPORATION,UNION PACIFIC CORPORATION
UNP,Union Pacific,147798,UNION PACIFIC,VAN SCOYOC ASSOCIATES
UNP,Union Pacific,149875,UNION PACIFIC,WASHINGTON COUNSEL
UNP,Union Pacific,152024,UNION PACIFIC CORP,WINSTON TAYLOR LLP (FORMERLY KNOWN AS WINSTON & STRAWN LLP)
UNP,Union Pacific,152435,UNION PACIFIC,ZANE & ASSOC
UNP,Union Pacific,153416,UNION PACIFIC,"FIERCE, ISAKOWITZ & BLALOCK"
UNP,Union Pacific,173494,UNION PACIFIC CORP,"THE ALLBAUGH COMPANY, LLC"
UNP,Union Pacific,179780,UNION PACIFIC,BRYAN CAVE STRATEGIES LLC
UNP,Union Pacific,184107,UNION PACIFIC COMPANY,"AVOQ, LLC"
UNP,Union Pacific,192324,UNION PACIFIC CORPORATION,PRIME POLICY GROUP
UNP,Union Pacific,195361,UNION PACIFIC,"STEWART STRATEGIES AND SOLUTIONS, LLC"
UNP,Union Pacific,199140,UNION PACIFIC,FIERCE GOVERNMENT RELATIONS
UNP,Union Pacific,208766,UNION PACIFIC RAILROAD COMPANY,TIBER CREEK GROUP
UPS,United Parcel Service,52385,CORNERSTONE GOVERNMENT AFFAIRS OBO UNITED PARCEL SERVICE,"JGB & ASSOCIATES, LLC"
UPS,United Parcel Service,69277,UNITED PARCEL SERVICE,"CORNERSTONE GOVERNMENT AFFAIRS, INC."
UPS,United Parcel Service,100345,UNITED PARCEL SERVICE,THE ADVOCACY GROUP
UPS,United Parcel Service,100681,UNITED PARCEL SERVICE,AKIN GUMP STRAUSS HAUER & FELD
UPS,United Parcel Service,104555,UNITED PARCEL SERVICE,ARNOLD & PORTER KAYE SCHOLER LLP
UPS,United Parcel Service,104753,UNITED PARCEL SERVICE,ARTER & HADDEN
UPS,United Parcel Service,108199,UNITED PARCEL SERVICE,BKSH & ASSOCIATES
UPS,United Parcel Service,113761,UNITED PARCEL SERVICE,COLE HARRIS & CARR
UPS,United Parcel Service,113866,UNITED PARCEL SERVICE OF AMERICA,"COLLIER SHANNON SCOTT, PLLC"
UPS,United Parcel Service,114523,UNITED PARCEL SERVICE,PRICEWATERHOUSECOOPERS
UPS,United Parcel Service,119586,UNITED PARCEL SERVICE,FEDERAL ACCESS
UPS,United Parcel Service,120521,UNITED PARCEL SERVICE,"FLYNN & ASSOCIATES, INC."
UPS,United Parcel Service,122094,UNITED PARCEL SERVICE (UPS),"GREENBERG TRAURIG, LLP"
UPS,United Parcel Service,122955,UNITED PARCEL SERVICE,"HALL & ASSOC, G. STEWART"
UPS,United Parcel Service,124044,UNITED PARCEL SERVICE (UPS),HOGAN LOVELLS CADWALADER US LLP (FKA HOGAN LOVELLS US LLP)
UPS,United Parcel Service,131186,UNITED PARCEL SERVICE OF AMERICA,"MATHIS & ASSOC, DAWSON"
UPS,United Parcel Service,132184,UNITED PARCEL SERVICE,MCGUIREWOODS CONSULTING (A SUBSIDIARY OF MCGUIREWOODS LLP)
UPS,United Parcel Service,133342,UNITED PARCEL SERVICE OF AMERICA INC,"ML STRATEGIES, LLC"
UPS,United Parcel Service,134883,UNITED PARCEL SERVICE,"THE OB-C GROUP, LLC"
UPS,United Parcel Service,135251,UNITED PARCEL SERVICE OF AMERICA,BARTLEY O'HARA
UPS,United Parcel Service,142933,UNITED PARCEL SERVICE OF AMERICA,"SCHLEY, WAYNE ARTHUR"
UPS,United Parcel Service,143731,UNITED PARCEL SERVICE,SIDLEY AUSTIN LLP
UPS,United Parcel Service,145911,UNITED PARCEL SERVICE,BRADLEY ARANT BOULT CUMMINGS LLP
UPS,United Parcel Service,146067,UNITED PARCEL SERVICE OF AMERICA,"STRUNK, DOROTHY L."
UPS,United Parcel Service,146249,UNITED PARCEL SERVICE OF AMERICA,"SWEENEY, DAVID A."
UPS,United Parcel Service,147131,UPS (UNITED PARCEL SERVICE),UPS (UNITED PARCEL SERVICE)
UPS,United Parcel Service,150490,UNITED PARCEL SERVICE,"WEXLER | WALKER, A UNIT OF HILL+KNOWLTON STRATEGIES, LLC"
UPS,United Parcel Service,154223,UNITED PARCEL SERVICE,"LIEBMAN & ASSOCIATES, INC."
UPS,United Parcel Service,154585,UNITED PARCEL SERVICE,ALEXANDER STRATEGY GROUP
UPS,United Parcel Service,155022,UNITED PARCEL SERVICE,PAUL SMITH (DBA AS POLICY CONS SERVICES
UPS,United Parcel Service,155839,UNITED PARCEL SERVICE (UPS),OGR
UPS,United Parcel Service,157677,UNITED PARCEL SERVICE,"GERCHICK-MURPHY ASSOCIATES, LLC"
UPS,United Parcel Service,163566,UNITED PARCEL SERVICE,"C2 GROUP, LLC"
UPS,United Parcel Service,165783,UNITED PARCEL SERVICE (UPS),AVENUE SOLUTIONS
UPS,United Parcel Service,166382,UNITED PARCEL SERVICE,"FEDERAL POLICY GROUP, LLC"
UPS,United Parcel Service,172692,UNITED PARCEL SERVICE,"NAVIGATORS GLOBAL LLC (FORMERLY DC NAVIGATORS, LLC)"
UPS,United Parcel Service,173274,UNITED PARCEL SERVICE,BATES CAPITOL GROUP LLC
UPS,United Parcel Service,176816,"UNITED PARCEL SERVICE (""UPS"")",PUTALASTRATEGIES
UPS,United Parcel Service,181414,UNITED PARCEL SERVICE,"ADUSTON CONSULTING, LLC"
UPS,United Parcel Service,182647,UNITED PARCEL SERVICE,"ROBERTI ASSOCIATES GLOBAL, LLC FORMERLY KNOWN AS VAR II, LLC"
UPS,United Parcel Service,188884,UNITED PARCEL SERVICE 55 GLENLAKE PARKWAY N E ATLANTA GA 30328,MR. JAMES     T. BRUCE III
UPS,United Parcel Service,188936,UNITED PARCEL SERVICE,RAFFANIELLO & ASSOCIATES
UPS,United Parcel Service,193874,C2 GROUP (ON BEHALF OF UNITED PARCEL SERVICE),"BATES CAPITOL GROUP, INC."
UPS,United Parcel Service,193884,UNITED PARCEL SERVICE,"BATES CAPITOL GROUP, INC."
UPS,United Parcel Service,194378,UNITED PARCEL SERVICE,ADC STRATEGIES LLC
UPS,United Parcel Service,196540,UNITED PARCEL SERVICE,FORBES-TATE
UPS,United Parcel Service,196867,UNITED PARCEL SERVICE,"REPUBLIC CONSULTING, LLC"
UPS,United Parcel Service,199112,UPS (UNITED PARCEL SERVICE),FIERCE GOVERNMENT RELATIONS
UPS,United Parcel Service,199967,UPS (UNITED PARCEL SERVICE),THE CHERTOFF GROUP
UPS,United Parcel Service,199984,DOTCHIN & ASSOCIATES ON BEHALF OF UNITED PARCEL SERVICE,"NEXA STRATEGIES, LLC"
UPS,United Parcel Service,202373,UNITED PARCEL SERVICE,BLACK DIAMOND STRATEGIES LLC
UPS,United Parcel Service,203196,UNITED PARCEL SERVICE,"DOTCHIN & ASSOCIATES, LLC"
UPS,United Parcel Service,206903,RAFFANIELLO & ASSOCIATES ON BEHALF OF UNITED PARCEL SERVICE,CAPITOL COUNSEL LLC
UPS,United Parcel Service,211868,UPS (UNITED PARCEL SERVICE),"BECKER & POLIAKOFF, P.A."
V,Visa U.S.A.,56957,VISA U.S.A. INC.,FORBES-TATE
V,Visa U.S.A.,101000,"VISA, U.S.A., INC.",AKIN GUMP STRAUSS HAUER & FELD
V,Visa U.S.A.,164867,VISA U.S.A. INC.,"MERCURY PUBLIC AFFAIRS, LLC"
V,Visa U.S.A.,172548,VISA U.S.A. INC.,RICH FEUER ANDERSON
V,Visa U.S.A.,176269,"VISA U.S.A., INC.",NELSON MULLINS RILEY & SCARBOROUGH
V,Visa U.S.A.,187913,VISA U.S.A. INC.,BREAUX LOTT LEADERSHIP GROUP
V,Visa U.S.A.,188445,VISA U.S.A. INC.,VALERIE MORSE WHITE CONSULTING
V,Visa Inc,56957,VISA U.S.A. INC.,FORBES-TATE
V,Visa Inc,60475,VISA INC.,"PHRONESISDC, LLC"
V,Visa Inc,73897,"VISA, INC.",FULCRUM PUBLIC AFFAIRS LLC
V,Visa Inc,74164,"FULCRUM PUBLIC AFFAIRS ON BEHALF OF VISA, INC.","K&L GATES, LLP"
V,Visa Inc,101000,"VISA, U.S.A., INC.",AKIN GUMP STRAUSS HAUER & FELD
V,Visa Inc,129803,VISA USA INC,LMRC
V,Visa Inc,131374,VISA INC.,MAYER BROWN LLP
V,Visa Inc,133671,VISA INC (FKA VISA U S A INC ),"MORRISON & FOERSTER, LLP"
V,Visa Inc,135019,VISA USA INC,NOSSAMAN LLP
V,Visa Inc,146602,VISA USA INC,"TIMMONS AND COMPANY, INC."
V,Visa Inc,148690,VISA USA INC,VENABLE LLP
V,Visa Inc,149301,VISA USA INC,VERNER LIIPFERT BERNHARD MCPHERSON & HAND
V,Visa Inc,149631,"VISA, INC.",VISA INC.
V,Visa Inc,150492,VISA USA INC,"WEXLER | WALKER, A UNIT OF HILL+KNOWLTON STRATEGIES, LLC"
V,Visa Inc,158239,VISA INC,"THE VELASQUEZ GROUP, L.L.C."
V,Visa Inc,164867,VISA U.S.A. INC.,"MERCURY PUBLIC AFFAIRS, LLC"
V,Visa Inc,166448,VISA USA INC,"FEDERAL POLICY GROUP, LLC"
V,Visa Inc,167430,VISA USA INC,"FLANAGAN CONSULTING, LLC"
V,Visa Inc,172548,VISA U.S.A. INC.,RICH FEUER ANDERSON
V,Visa Inc,173086,"VISA, INC",FGS GLOBAL (US) LLC (FKA FGH HOLDINGS LLC)
V,Visa Inc,173607,VISA INC.,SUNDQUIST GROUP (FORMERLY KNOWN AS SUNDQUIST ANTHONY)
V,Visa Inc,176269,"VISA U.S.A., INC.",NELSON MULLINS RILEY & SCARBOROUGH
V,Visa Inc,179395,"VISA USA, INC.","MINDSET ADVOCACY, LLC"
V,Visa Inc,179574,VISA INC,MR. JONATHAN BAND
V,Visa Inc,184046,VISA INC,"PARVEN POMPER STRATEGIES, INC."
V,Visa Inc,184323,"VISA, INC",HOLLIER & ASSOCIATES
V,Visa Inc,185461,VISA INC.,GEPHARDT GROUP GOVERNMENT AFFAIRS
V,Visa Inc,187913,VISA U.S.A. INC.,BREAUX LOTT LEADERSHIP GROUP
V,Visa Inc,188445,VISA U.S.A. INC.,VALERIE MORSE WHITE CONSULTING
V,Visa Inc,192163,"VISA, INC.","CROSSROADS STRATEGIES, LLC"
V,Visa Inc,193001,"VISA, INC.",THE INGRAM GROUP LLC
V,Visa Inc,194388,"VISA, INC.",EMPIRE CONSULTING GROUP
V,Visa Inc,194806,VISA INC,THE LUGAR GROUP (FKA LUGAR HELLMANN GROUP)
V,Visa Inc,195825,VISA INC,CREATIVE RESPONSE CONCEPTS INC
V,Visa Inc,210419,"VISA, INC.","535 GROUP, LLC"
V,Visa Inc,212092,"VISA, INC.","NORTH SOUTH GOVERNMENT STRATEGIES F/K/A JDM PUBLIC STRATEGIES, LLC"
V,Visa U.S.A,56957,VISA U.S.A. INC.,FORBES-TATE
V,Visa U.S.A,101000,"VISA, U.S.A., INC.",AKIN GUMP STRAUSS HAUER & FELD
V,Visa U.S.A,164867,VISA U.S.A. INC.,"MERCURY PUBLIC AFFAIRS, LLC"
V,Visa U.S.A,172548,VISA U.S.A. INC.,RICH FEUER ANDERSON
V,Visa U.S.A,176269,"VISA U.S.A., INC.",NELSON MULLINS RILEY & SCARBOROUGH
V,Visa U.S.A,187913,VISA U.S.A. INC.,BREAUX LOTT LEADERSHIP GROUP
V,Visa U.S.A,188445,VISA U.S.A. INC.,VALERIE MORSE WHITE CONSULTING
VSNT,Versant Media,72347,VERSANT MEDIA GROUP,TRACTION STRATEGIC
VSNT,Versant Media,73840,"VERSANT MEDIA GROUP, INC.","VERSANT MEDIA GROUP, INC."
VST,Vistra,64027,VISTRA CORP.,ARENTFOX SCHIFF LLP
VST,Vistra,64357,VISTRA CORP.,"GREENBERG TRAURIG, LLP"
VST,Vistra,102141,VISTRA CORPORATE SERVICES COMPANY,"ALPINE GROUP PARTNERS, LLC."
VST,Vistra,109379,VISTRA ENERGY (FKA ENERGY FUTURE HOLDINGS),BRACEWELL LLP
VST,Vistra,125964,VISTRA ENERGY CORP (FORMERLY ENERGY FUTURE HOLDINGS),HUNTON ANDREWS KURTH LLP
VST,Vistra,132250,VISTRA ENERGY (FORMERLY ENERGY FUTURE HOLDINGS),MCGUIREWOODS CONSULTING (A SUBSIDIARY OF MCGUIREWOODS LLP)
VST,Vistra,140658,VISTRA CORPORATE SERVICES COMPANY F/K/A VISTRA ENERGY,"PUBLIC STRATEGIES WASHINGTON, INC."
VST,Vistra,146477,VISTRA CORPORATE SERVICES COMPANY (FKA VISTRA CORP.),VISTRA CORPORATE SERVICES COMPANY (FKA VISTRA CORP.)
VZ,Verizon,45040,"VERIZON COMMUNICATIONS, INC.","MARSHALL & POPP, LLC"
VZ,Verizon,51032,VERIZON COMMUNICATIONS,AKIN GUMP STRAUSS HAUER & FELD
VZ,Verizon,58772,VERIZON COMMUNICATIONS INC.,"BROWNSTEIN HYATT FARBER SCHRECK, LLP"
VZ,Verizon,60474,VERIZON COMMUNICATIONS,"PHRONESISDC, LLC"
VZ,Verizon,61079,VERIZON,"NEALE CREEK, LLC"
VZ,Verizon,65254,"VERIZON COMMUNICATIONS, INC.","ALPINE GROUP PARTNERS, LLC."
VZ,Verizon,65739,"VERIZON COMMUNICATIONS, INC.",ALPINE ADVISORS
VZ,Verizon,69093,VERIZON COMMUNICATIONS INC. AND VARIOUS SUBSIDIARIES,"CONVERGENCE STRATEGIES, LLC"
VZ,Verizon,73512,"VERIZON COMMUNICATIONS, INC.",MCGINLEY LLC
VZ,Verizon,75089,"VERIZON COMMUNICATIONS INC, AND VARIOUS SUBSIDIARIES",TRACTION STRATEGIC
VZ,Verizon,102208,VERIZON WIRELESS,ALSTON & BIRD LLP
VZ,Verizon,102231,VERIZON COMMUNICATIONS,ALSTON & BIRD LLP
VZ,Verizon,102681,VERIZON,ACG ADVOCACY
VZ,Verizon,105028,VERIZON BUSINESS,"BAKER BOTTS, L.L.P."
VZ,Verizon,105230,VERIZON SERVICES CORP,BAKER & HOSTETLER LLP
VZ,Verizon,105640,VERIZON,BAKER DONELSON BEARMAN CALDWELL & BERKOWITZ
VZ,Verizon,106435,VERIZON COMMUNICATIONS INC,BGR GOVERNMENT AFFAIRS
VZ,Verizon,106453,VERIZON WIRELESS,BGR GOVERNMENT AFFAIRS
VZ,Verizon,107489,VERIZON COMMUNICATIONS INC AND VARIOUS SUBSIDIARIES,VERIZON COMMUNICATIONS INC. AND VARIOUS SUBSIDIARIES
VZ,Verizon,107867,VERIZON,"BIRCH, HORTON, BITTNER & CHEROT"
VZ,Verizon,107939,VERIZON WIRELESS,"BIRCH, HORTON, BITTNER & CHEROT"
VZ,Verizon,109027,VERIZON COMMUNICATIONS,THE RHOADS GROUP
VZ,Verizon,110066,VERIZON COMMUNICATIONS INC.,"BROWNSTEIN HYATT FARBER SCHRECK, LLP"
VZ,Verizon,110607,VERIZON,BRYAN CAVE LEIGHTON PAISNER LLP
VZ,Verizon,112195,VERIZON SERVICES GROUP,"CASSIDY & ASSOCIATES, INC."
VZ,Verizon,112614,VERIZON,"CASSIDY & ASSOCIATES, INC."
VZ,Verizon,113891,VERIZON,"COLLIER SHANNON SCOTT, PLLC"
VZ,Verizon,114626,VERIZON,PRICEWATERHOUSECOOPERS
VZ,Verizon,116265,VERIZON CORPORATE SERVICES,DAVIS MANAFORT INC
VZ,Verizon,116751,VERIZON,DEWEY BALLANTINE LLP
VZ,Verizon,120294,VERIZON COMMUNICATIONS INC,FLEISCHMAN AND HARDING LLP
VZ,Verizon,120298,VERIZON WIRELESS INC,FLEISCHMAN AND HARDING LLP
VZ,Verizon,122205,VERIZON INC,"GREENBERG TRAURIG, LLP"
VZ,Verizon,122756,VERIZON COMMUNICATIONS,"GROVE, WILLIAM ARTHUR JR."
VZ,Verizon,123062,VERIZON WIRELESS,TEMPLE STRATEGIES
VZ,Verizon,123066,VERIZON,TEMPLE STRATEGIES
VZ,Verizon,125116,VERIZON WIRELESS,HOLLAND & KNIGHT LLP
VZ,Verizon,125224,VERIZON CORPORATE RESOURCES GROUP,HOLLAND & KNIGHT LLP
VZ,Verizon,127043,VERIZON COMMUNICATIONS INC.,TIBER CREEK GROUP
VZ,Verizon,127083,VERIZON COMMUNICATIONS,TIBER CREEK GROUP
VZ,Verizon,128624,VERIZON,KIRKLAND & ELLIS LLP
VZ,Verizon,129526,VERIZON COMMUNICATIONS,"THE RUSSELL GROUP, INC."
VZ,Verizon,130700,VERIZON COMMUNICATIONS,"MANATT, PHELPS, AND PHILLIPS"
VZ,Verizon,131340,VERIZON COMMUNICATIONS INC AND VARIOUS SUBSIDIARIES,MAYER BROWN LLP
VZ,Verizon,131602,VERIZON WIRELESS,"MGN, INC.  (FORMERLY MCCLURE, GERARD & NEUENSCHWANDER, INC.)"
VZ,Verizon,132148,VERIZON,MCGUIREWOODS CONSULTING (A SUBSIDIARY OF MCGUIREWOODS LLP)
VZ,Verizon,132246,VERIZON WIRELESS,MCGUIREWOODS CONSULTING (A SUBSIDIARY OF MCGUIREWOODS LLP)
VZ,Verizon,133750,VERIZON SERVICES GROUP,"MSP STRATEGIC COMMUNICATIONS, INC."
VZ,Verizon,135046,VERIZON,NOSSAMAN LLP
VZ,Verizon,135117,VERIZON WIRELESS,NOSSAMAN LLP
VZ,Verizon,136160,VERIZON GOVERNMENT RELATIONS,"PARRY, ROMANI, DECONCINI & SYMMS"
VZ,Verizon,137121,VERIZON,SQUIRE PATTON BOGGS
VZ,Verizon,137836,VERIZON COMMUNICATIONS,PAUL HASTINGS LLP
VZ,Verizon,137970,VERIZON COMMUNICATION INC.,NIXON PEABODY LLP
VZ,Verizon,141831,VERIZON INC,"ROBISON INTERNATIONAL, INC."
VZ,Verizon,144039,VERIZON,"SKADDEN, ARPS, SLATE, MEAGHER & FLOM LLP"
VZ,Verizon,144494,VERIZON,"SMITH, COSTELLO & CRAWFORD"
VZ,Verizon,145345,VERIZON FEDERAL NETWORKS SYSTEMS LLC,THE SPECTRUM GROUP
VZ,Verizon,146024,LIVINGSTON GROUP (ON BEHALF OF VERIZON CORPORATION),"STRATEGIC PARTNERS, INC."
VZ,Verizon,146028,LIVINGSTON GROUP (ON BEHALF OF VERIZON WIRELESS INC ),"STRATEGIC PARTNERS, INC."
VZ,Verizon,146911,VERIZON COMMUNICATIONS INC AND VARIOUS SUBSIDIARIES,"TWENTY-FIRST CENTURY GROUP, INC."
VZ,Verizon,147045,VERIZON,UDWIN GROUP
VZ,Verizon,148696,VERIZON,VENABLE LLP
VZ,Verizon,148816,VERIZON COMMUNICATIONS,VENABLE LLP
VZ,Verizon,148825,VERIZON WIRELESS,VENABLE LLP
VZ,Verizon,149358,VERIZON,VERNER LIIPFERT BERNHARD MCPHERSON & HAND
VZ,Verizon,149710,VERIZON,"WALGREN & ASSOC, DOUG"
VZ,Verizon,150898,VERIZON WIRELESS,WILEY REIN LLP
VZ,Verizon,150957,VERIZON COMMUNICATIONS INC AND VARIOUS SUBSIDIARIES,WILEY REIN LLP
VZ,Verizon,151801,"VERIZON, INC.",WILMER CUTLER PICKERING HALE AND DORR LLP
VZ,Verizon,151895,VERIZON,NEW FRONTIERS COMMUNICATIONS CONSULTING
VZ,Verizon,151900,VERIZON COMMUNICATIONS,NEW FRONTIERS COMMUNICATIONS CONSULTING
VZ,Verizon,152112,VERIZON INC,WINSTON TAYLOR LLP (FORMERLY KNOWN AS WINSTON & STRAWN LLP)
VZ,Verizon,153010,TELESECTOR RESOURCES INC D/B/A VERIZON SERVICES GROUP INC,"THE ICKES AND ENRIGHT GROUP, INC."
VZ,Verizon,154123,VERIZON COMMUNICATIONS,"LIEBMAN & ASSOCIATES, INC."
VZ,Verizon,154431,VERIZON COMMUNICATIONS (FORMERLY VERIZON WIRELESS),CAPITOL SOLUTIONS
VZ,Verizon,154871,VERIZON,LAW OFFICES OF KEVIN G. CURTIN
VZ,Verizon,155726,VERIZON WIRELESS,OGR
VZ,Verizon,155729,VERIZON COMMUNICATIONS INC AND VARIOUS SUBSIDIARIES,OGR
VZ,Verizon,156230,VERIZON,BARBARA MORRIS
VZ,Verizon,156409,VERIZON COMMUNICATIONS INC,"THE LIVINGSTON GROUP, LLC"
VZ,Verizon,156414,VERIZON WIRELESS INC,"THE LIVINGSTON GROUP, LLC"
VZ,Verizon,156665,VERIZON,CHOATE
VZ,Verizon,156761,VERIZON WIRELESS,GRIFFIN & ASSOC
VZ,Verizon,157353,VERIZON,"AON CONSULTING, INC."
VZ,Verizon,157389,VERIZON,"TCH GROUP, LLC"
VZ,Verizon,157699,VERIZON COMMUNICATIONS,"MOLINARI, SUSAN"
VZ,Verizon,158204,VERIZON COMMUNICATIONS,"LEMUNYON GROUP, LLC"
VZ,Verizon,158614,VERIZON WIRELESS,QGA PUBLIC AFFAIRS (FORMERLY QUINN GILLESPIE & ASSOCIATES)
VZ,Verizon,158680,VERIZON COMMUNICATIONS,QGA PUBLIC AFFAIRS (FORMERLY QUINN GILLESPIE & ASSOCIATES)
VZ,Verizon,159921,VERIZON WIRELESS,VERIZON WIRELESS
VZ,Verizon,160090,VERIZON,ERNST & YOUNG LLP (WASHINGTON COUNCIL ERNST & YOUNG)
VZ,Verizon,161540,VERIZON,"DCI GROUP, L.L.C."
VZ,Verizon,162636,VERIZON,STEWART PARTNERS LLC
VZ,Verizon,163006,VERIZON COMMUNICATIONS INC AND VARIOUS SUBSIDIARIES,"CAPITOL TAX PARTNERS, LLP"
VZ,Verizon,163022,VERIZON COMMUNICATIONS,"CAPITOL TAX PARTNERS, LLP"
VZ,Verizon,164355,VERIZON COMMUNICATIONS,MJWT CONSULTING
VZ,Verizon,164472,VERIZON COMMUNICATIONS INC AND ITS SUBSIDIARIES,"MERCURY STRATEGIES, LLC"
VZ,Verizon,164480,VERIZON WIRELESS,"MERCURY STRATEGIES, LLC"
VZ,Verizon,164652,VERIZON COMMUNICATIONS,"MERCURY PUBLIC AFFAIRS, LLC"
VZ,Verizon,165528,VERIZON,POLICY ADVOCATES
VZ,Verizon,165560,VERIZON COMMUNICATIONS INC AND VARIOUS SUBSIDIARIES,CAPITOL HILL CONSULTING GROUP
VZ,Verizon,165611,VERIZON WIRELESS,CAPITOL HILL CONSULTING GROUP
VZ,Verizon,165839,VERIZON SERVICES GROUP,IBARRA STRATEGY GROUP
VZ,Verizon,166323,VERIZON WIRELESS,TRAMMELL & SARVIS
VZ,Verizon,167517,VERIZON COMMUNICATIONS,SINGER CONSULTING LLC
VZ,Verizon,169352,VERIZON COMMUNICATIONS,DLA PIPER LLP (US)
VZ,Verizon,169384,VERIZON WIRELESS,DLA PIPER LLP (US)
VZ,Verizon,169704,VERIZON COMMUNICATIONS INC AND VARIOUS SUBSIDIARIES,"CGCN GROUP, LLC"
VZ,Verizon,170396,VERIZON,"NEEL, ROY MEEKS"
VZ,Verizon,170810,VERIZON,GRASSROOTS IMPACT INC
VZ,Verizon,171606,VERIZON WIRELESS,BLUEWATER STRATEGIES
VZ,Verizon,171607,VERIZON COMMUNICATIONS,BLUEWATER STRATEGIES
VZ,Verizon,171784,VERIZON,MR. STEVEN ELMENDORF
VZ,Verizon,172403,VERIZON WIRELESS,TRAMMELL AND COMPANY
VZ,Verizon,172418,VERIZON COMMUNICATIONS,TRAMMELL AND COMPANY
VZ,Verizon,173000,VERIZON SERVICES CORPORATION,FGS GLOBAL (US) LLC (FKA FGH HOLDINGS LLC)
VZ,Verizon,174530,VERIZON WIRELESS,SARVIS GROUP
VZ,Verizon,174780,VERIZON COMMUNICATIONS INC AND VARIOUS SUBSIDIARIES,"CAPITOL HILL STRATEGIES,  LLC"
VZ,Verizon,175032,VERIZON,"DELLUMS & ASSOCIATES, LLC"
VZ,Verizon,175156,VERIZON,DARLENE RICHESON & ASSOCIATES
VZ,Verizon,175176,"THE LIVINGSTON GROUP, LLC (VERIZON COMMUNICATIONS, INC.)","CAPITOL IMPACT, LLC"
VZ,Verizon,175177,LIVINGSTON GROUP LLC (VERIZON WIRELESS),"CAPITOL IMPACT, LLC"
VZ,Verizon,175291,VERIZON CORPORATION,CAUTHEN FORBES & WILLIAMS
VZ,Verizon,175547,VERIZON COMMUNICATIONS INC.,"MEHLMAN CONSULTING, INC."
VZ,Verizon,176569,VERIZON COMMUNICATIONS INC,DAVID LEACH
VZ,Verizon,177227,MICKEY IBARRA & ASSOC (VERIZON COMMUNICATIONS),"MOORE, MICHELLE MINGUEZ"
VZ,Verizon,177295,VERIZON WIRELESS,WESTNER ASSOCIATES
VZ,Verizon,177297,VERIZON COMMUNICATIONS,WESTNER ASSOCIATES
VZ,Verizon,177860,LIEBMAN & ASSOC (ON BEHALF OF VERIZON),"KING, MARCUS D."
VZ,Verizon,179438,VERIZON COMMUNICATIONS INC,"MINDSET ADVOCACY, LLC"
VZ,Verizon,179764,VERIZON COMMUNICATIONS,"FIELDS CONSULTING, LLC"
VZ,Verizon,179782,VERIZON,BRYAN CAVE STRATEGIES LLC
VZ,Verizon,179810,VERIZON WIRELESS,BRYAN CAVE STRATEGIES LLC
VZ,Verizon,182036,VERIZON COMMUNICATIONS,"THE NORMANDY GROUP, LLC"
VZ,Verizon,182040,VERIZON WIRELESS,"THE NORMANDY GROUP, LLC"
VZ,Verizon,182422,VERIZON COMMUNICATIONS,KELLEY DRYE & WARREN LLP
VZ,Verizon,182508,VERIZON COMMUNICATIONS INC AND VARIOUS SUBSIDIARIES,"POLARIS GOVERNMENT RELATIONS, LLC"
VZ,Verizon,182511,VERIZON WIRELESS,"POLARIS GOVERNMENT RELATIONS, LLC"
VZ,Verizon,182560,VERIZON COMMUNICATIONS,"KEN CUNNINGHAM GROUP, LLC"
VZ,Verizon,183288,VERIZON COMMUNICATIONS,THE FRITTS GROUP
VZ,Verizon,183289,VERIZON WIRELESS,THE FRITTS GROUP
VZ,Verizon,183290,VERIZON AND AFFILIATES,THE FRITTS GROUP
VZ,Verizon,184101,VERIZON WIRELESS,"AVOQ, LLC"
VZ,Verizon,184110,VERIZON COMMUNICATIONS INC AND VARIOUS SUBSIDIARIES,"AVOQ, LLC"
VZ,Verizon,185396,VERIZON,HORIZON GOVERNMENT AFFAIRS
VZ,Verizon,186156,VERIZON COMMUNICATIONS INC.,CREATIVE GOVERNMENT SOLUTIONS LLC
VZ,Verizon,186544,VERIZON NEW YORK,FEDERAL STRATEGY GROUP
VZ,Verizon,186545,VERIZON,FEDERAL STRATEGY GROUP
VZ,Verizon,186554,VERIZON WIRELESS,FEDERAL STRATEGY GROUP
VZ,Verizon,188184,DLA PIPER LLP (US) (FOR VERIZON COMMUNICATIONS),"TCK INTERNATIONAL, LLC"
VZ,Verizon,188781,VERIZON,ROBERT GARCIA ASSOCIATES
VZ,Verizon,189018,VERIZON WIRELESS,JIM ENGLISH CONSULTING LLC
VZ,Verizon,190815,VERIZON COMMUNICATIONS,COVE STRATEGIES
VZ,Verizon,190874,"VERIZON COMMUNICATIONS, INC.",PETER MIRIJANIAN PUBLIC AFFAIRS
VZ,Verizon,190933,VERIZON COMMUNICATIONS,BILL ANAYA
VZ,Verizon,190935,VERIZON COMMUNICATIONS,THE NUSSLE GROUP
VZ,Verizon,190983,VERIZON SERVICES CORP.,"FERGUSON STRATEGIES, LLC"
VZ,Verizon,191849,CTIA - THE WIRELESS ASSOCIATION (ON BEHALF OF AT&T VERIZON AND T-MOBILE),"LES BROWNLEE & ASSOCIATES, LLC"
VZ,Verizon,192136,VERIZON COMMUNICATIONS INC AND VARIOUS SUBSIDIARIES,"CROSSROADS STRATEGIES, LLC"
VZ,Verizon,192967,VERIZON COMMUNICATIONS,SCHMITZ GLOBAL PARTNERS LLP
VZ,Verizon,194384,VERIZON COMMUNICATIONS INC AND VARIOUS SUBSIDIARIES,EMPIRE CONSULTING GROUP
VZ,Verizon,194586,VERIZON COMMUNICATIONS,HEARTLAND STRATEGIES LLC
VZ,Verizon,196229,VERIZON COMMUNICATIONS INC.,DALY CONSULTING GROUP
VZ,Verizon,196539,CAUTHEN FORBES & WILLIAMS ON BEHALF OF VERIZON,FORBES-TATE
VZ,Verizon,196566,VERIZON COMMUNICATIONS INC AND VARIOUS SUBSIDIARIES,FORBES-TATE
VZ,Verizon,197931,VERIZON COMMUNICATIONS INC.,"JONES GROUP INTERNATIONAL, LLC"
VZ,Verizon,198102,VERIZON COMMUNICATIONS,"D&D STRATEGIES, LLC"
VZ,Verizon,198364,VERIZON,MR. ROGER MOTT
VZ,Verizon,199193,VERIZON COMMUNICATIONS INC.,FIERCE GOVERNMENT RELATIONS
VZ,Verizon,200831,VERIZON INC.,CARPENTER STRATEGIC CONSULTING LLC
VZ,Verizon,201150,VERIZON COMMUNICATIONS INC AND VARIOUS SUBSIDIARIES,SEXTONS CREEK
VZ,Verizon,202804,VERIZON COMMUNICATIONS INC. AND ITS SUBSIDIARIES,KELSAY STRATEGIES LLC
VZ,Verizon,203122,VERIZON COMMUNICATIONS,"RESOLUTION PUBLIC AFFAIRS, LLC"
VZ,Verizon,203764,VERIZON,HILLNORTH LLC
VZ,Verizon,207186,VERIZON COMMUNICATIONS INC.,CAPITOL CONSULTING GROUP LLC (DC)
VZ,Verizon,208257,VERIZON,THE RABEN GROUP
VZ,Verizon,213094,VERIZON COMMUNICATIONS,"PARK STRATEGIES, LLC"
VZ,Verizon,213604,"VERIZON COMMUNICATIONS, INC.",CAPITOL COUNSEL LLC
VZ,Verizon Communications,45040,"VERIZON COMMUNICATIONS, INC.","MARSHALL & POPP, LLC"
VZ,Verizon Communications,51032,VERIZON COMMUNICATIONS,AKIN GUMP STRAUSS HAUER & FELD
VZ,Verizon Communications,58772,VERIZON COMMUNICATIONS INC.,"BROWNSTEIN HYATT FARBER SCHRECK, LLP"
VZ,Verizon Communications,60474,VERIZON COMMUNICATIONS,"PHRONESISDC, LLC"
VZ,Verizon Communications,65254,"VERIZON COMMUNICATIONS, INC.","ALPINE GROUP PARTNERS, LLC."
VZ,Verizon Communications,65739,"VERIZON COMMUNICATIONS, INC.",ALPINE ADVISORS
VZ,Verizon Communications,69093,VERIZON COMMUNICATIONS INC. AND VARIOUS SUBSIDIARIES,"CONVERGENCE STRATEGIES, LLC"
VZ,Verizon Communications,73512,"VERIZON COMMUNICATIONS, INC.",MCGINLEY LLC
VZ,Verizon Communications,75089,"VERIZON COMMUNICATIONS INC, AND VARIOUS SUBSIDIARIES",TRACTION STRATEGIC
VZ,Verizon Communications,102231,VERIZON COMMUNICATIONS,ALSTON & BIRD LLP
VZ,Verizon Communications,106435,VERIZON COMMUNICATIONS INC,BGR GOVERNMENT AFFAIRS
VZ,Verizon Communications,107489,VERIZON COMMUNICATIONS INC AND VARIOUS SUBSIDIARIES,VERIZON COMMUNICATIONS INC. AND VARIOUS SUBSIDIARIES
VZ,Verizon Communications,109027,VERIZON COMMUNICATIONS,THE RHOADS GROUP
VZ,Verizon Communications,110066,VERIZON COMMUNICATIONS INC.,"BROWNSTEIN HYATT FARBER SCHRECK, LLP"
VZ,Verizon Communications,120294,VERIZON COMMUNICATIONS INC,FLEISCHMAN AND HARDING LLP
VZ,Verizon Communications,122756,VERIZON COMMUNICATIONS,"GROVE, WILLIAM ARTHUR JR."
VZ,Verizon Communications,127043,VERIZON COMMUNICATIONS INC.,TIBER CREEK GROUP
VZ,Verizon Communications,127083,VERIZON COMMUNICATIONS,TIBER CREEK GROUP
VZ,Verizon Communications,129526,VERIZON COMMUNICATIONS,"THE RUSSELL GROUP, INC."
VZ,Verizon Communications,130700,VERIZON COMMUNICATIONS,"MANATT, PHELPS, AND PHILLIPS"
VZ,Verizon Communications,131340,VERIZON COMMUNICATIONS INC AND VARIOUS SUBSIDIARIES,MAYER BROWN LLP
VZ,Verizon Communications,137836,VERIZON COMMUNICATIONS,PAUL HASTINGS LLP
VZ,Verizon Communications,146911,VERIZON COMMUNICATIONS INC AND VARIOUS SUBSIDIARIES,"TWENTY-FIRST CENTURY GROUP, INC."
VZ,Verizon Communications,148816,VERIZON COMMUNICATIONS,VENABLE LLP
VZ,Verizon Communications,150957,VERIZON COMMUNICATIONS INC AND VARIOUS SUBSIDIARIES,WILEY REIN LLP
VZ,Verizon Communications,151900,VERIZON COMMUNICATIONS,NEW FRONTIERS COMMUNICATIONS CONSULTING
VZ,Verizon Communications,154123,VERIZON COMMUNICATIONS,"LIEBMAN & ASSOCIATES, INC."
VZ,Verizon Communications,154431,VERIZON COMMUNICATIONS (FORMERLY VERIZON WIRELESS),CAPITOL SOLUTIONS
VZ,Verizon Communications,155729,VERIZON COMMUNICATIONS INC AND VARIOUS SUBSIDIARIES,OGR
VZ,Verizon Communications,156409,VERIZON COMMUNICATIONS INC,"THE LIVINGSTON GROUP, LLC"
VZ,Verizon Communications,157699,VERIZON COMMUNICATIONS,"MOLINARI, SUSAN"
VZ,Verizon Communications,158204,VERIZON COMMUNICATIONS,"LEMUNYON GROUP, LLC"
VZ,Verizon Communications,158680,VERIZON COMMUNICATIONS,QGA PUBLIC AFFAIRS (FORMERLY QUINN GILLESPIE & ASSOCIATES)
VZ,Verizon Communications,163006,VERIZON COMMUNICATIONS INC AND VARIOUS SUBSIDIARIES,"CAPITOL TAX PARTNERS, LLP"
VZ,Verizon Communications,163022,VERIZON COMMUNICATIONS,"CAPITOL TAX PARTNERS, LLP"
VZ,Verizon Communications,164355,VERIZON COMMUNICATIONS,MJWT CONSULTING
VZ,Verizon Communications,164472,VERIZON COMMUNICATIONS INC AND ITS SUBSIDIARIES,"MERCURY STRATEGIES, LLC"
VZ,Verizon Communications,164652,VERIZON COMMUNICATIONS,"MERCURY PUBLIC AFFAIRS, LLC"
VZ,Verizon Communications,165560,VERIZON COMMUNICATIONS INC AND VARIOUS SUBSIDIARIES,CAPITOL HILL CONSULTING GROUP
VZ,Verizon Communications,167517,VERIZON COMMUNICATIONS,SINGER CONSULTING LLC
VZ,Verizon Communications,169352,VERIZON COMMUNICATIONS,DLA PIPER LLP (US)
VZ,Verizon Communications,169704,VERIZON COMMUNICATIONS INC AND VARIOUS SUBSIDIARIES,"CGCN GROUP, LLC"
VZ,Verizon Communications,171607,VERIZON COMMUNICATIONS,BLUEWATER STRATEGIES
VZ,Verizon Communications,172418,VERIZON COMMUNICATIONS,TRAMMELL AND COMPANY
VZ,Verizon Communications,174780,VERIZON COMMUNICATIONS INC AND VARIOUS SUBSIDIARIES,"CAPITOL HILL STRATEGIES,  LLC"
VZ,Verizon Communications,175176,"THE LIVINGSTON GROUP, LLC (VERIZON COMMUNICATIONS, INC.)","CAPITOL IMPACT, LLC"
VZ,Verizon Communications,175547,VERIZON COMMUNICATIONS INC.,"MEHLMAN CONSULTING, INC."
VZ,Verizon Communications,176569,VERIZON COMMUNICATIONS INC,DAVID LEACH
VZ,Verizon Communications,177227,MICKEY IBARRA & ASSOC (VERIZON COMMUNICATIONS),"MOORE, MICHELLE MINGUEZ"
VZ,Verizon Communications,177297,VERIZON COMMUNICATIONS,WESTNER ASSOCIATES
VZ,Verizon Communications,179438,VERIZON COMMUNICATIONS INC,"MINDSET ADVOCACY, LLC"
VZ,Verizon Communications,179764,VERIZON COMMUNICATIONS,"FIELDS CONSULTING, LLC"
VZ,Verizon Communications,182036,VERIZON COMMUNICATIONS,"THE NORMANDY GROUP, LLC"
VZ,Verizon Communications,182422,VERIZON COMMUNICATIONS,KELLEY DRYE & WARREN LLP
VZ,Verizon Communications,182508,VERIZON COMMUNICATIONS INC AND VARIOUS SUBSIDIARIES,"POLARIS GOVERNMENT RELATIONS, LLC"
VZ,Verizon Communications,182560,VERIZON COMMUNICATIONS,"KEN CUNNINGHAM GROUP, LLC"
VZ,Verizon Communications,183288,VERIZON COMMUNICATIONS,THE FRITTS GROUP
VZ,Verizon Communications,184110,VERIZON COMMUNICATIONS INC AND VARIOUS SUBSIDIARIES,"AVOQ, LLC"
VZ,Verizon Communications,186156,VERIZON COMMUNICATIONS INC.,CREATIVE GOVERNMENT SOLUTIONS LLC
VZ,Verizon Communications,188184,DLA PIPER LLP (US) (FOR VERIZON COMMUNICATIONS),"TCK INTERNATIONAL, LLC"
VZ,Verizon Communications,190815,VERIZON COMMUNICATIONS,COVE STRATEGIES
VZ,Verizon Communications,190874,"VERIZON COMMUNICATIONS, INC.",PETER MIRIJANIAN PUBLIC AFFAIRS
VZ,Verizon Communications,190933,VERIZON COMMUNICATIONS,BILL ANAYA
VZ,Verizon Communications,190935,VERIZON COMMUNICATIONS,THE NUSSLE GROUP
VZ,Verizon Communications,192136,VERIZON COMMUNICATIONS INC AND VARIOUS SUBSIDIARIES,"CROSSROADS STRATEGIES, LLC"
VZ,Verizon Communications,192967,VERIZON COMMUNICATIONS,SCHMITZ GLOBAL PARTNERS LLP
VZ,Verizon Communications,194384,VERIZON COMMUNICATIONS INC AND VARIOUS SUBSIDIARIES,EMPIRE CONSULTING GROUP
VZ,Verizon Communications,194586,VERIZON COMMUNICATIONS,HEARTLAND STRATEGIES LLC
VZ,Verizon Communications,196229,VERIZON COMMUNICATIONS INC.,DALY CONSULTING GROUP
VZ,Verizon Communications,196566,VERIZON COMMUNICATIONS INC AND VARIOUS SUBSIDIARIES,FORBES-TATE
VZ,Verizon Communications,197931,VERIZON COMMUNICATIONS INC.,"JONES GROUP INTERNATIONAL, LLC"
VZ,Verizon Communications,198102,VERIZON COMMUNICATIONS,"D&D STRATEGIES, LLC"
VZ,Verizon Communications,199193,VERIZON COMMUNICATIONS INC.,FIERCE GOVERNMENT RELATIONS
VZ,Verizon Communications,201150,VERIZON COMMUNICATIONS INC AND VARIOUS SUBSIDIARIES,SEXTONS CREEK
VZ,Verizon Communications,202804,VERIZON COMMUNICATIONS INC. AND ITS SUBSIDIARIES,KELSAY STRATEGIES LLC
VZ,Verizon Communications,203122,VERIZON COMMUNICATIONS,"RESOLUTION PUBLIC AFFAIRS, LLC"
VZ,Verizon Communications,207186,VERIZON COMMUNICATIONS INC.,CAPITOL CONSULTING GROUP LLC (DC)
VZ,Verizon Communications,213094,VERIZON COMMUNICATIONS,"PARK STRATEGIES, LLC"
VZ,Verizon Communications,213604,"VERIZON COMMUNICATIONS, INC.",CAPITOL COUNSEL LLC
WFC,Wells Fargo,57568,WELLS FARGO & COMPANY,EMERGENT STRATEGIES
WFC,Wells Fargo,65438,WELLS FARGO & COMPANY,GEOFFREY P. GRAY
WFC,Wells Fargo,73518,WELLS FARGO & COMPANY,HAAS STRATEGIES LLC
WFC,Wells Fargo,110183,INDEPENDENT DIRECTORS OF THE BOARD OF DIRECTORS OF WELLS FARGO &AMP; COMPANY,"BROWNSTEIN HYATT FARBER SCHRECK, LLP"
WFC,Wells Fargo,111029,WELLS FARGO BANK,"CANFIELD & ASSOCIATES, INC."
WFC,Wells Fargo,113199,WELLS FARGO HOME MORTGAGE,CHESAPEAKE ENTERPRISES
WFC,Wells Fargo,113657,WELLS FARGO SECURITIES LLC,CLEARY GOTTLIEB STEEN & HAMILTON LLP
WFC,Wells Fargo,115194,WELLS FARGO & CO,COVINGTON & BURLING LLP
WFC,Wells Fargo,116308,WELLS FARGO,DAVIS POLK & WARDWELL LLP
WFC,Wells Fargo,124013,WELLS FARGO,HOGAN LOVELLS CADWALADER US LLP (FKA HOGAN LOVELLS US LLP)
WFC,Wells Fargo,128123,WELLS FARGO,KILPATRICK TOWNSEND & STOCKTON
WFC,Wells Fargo,131418,WELLS FARGO & COMPANY,MAYER BROWN LLP
WFC,Wells Fargo,133630,"WELLS FARGO ADVISORS, LLC","MORGAN, LEWIS & BOCKIUS, LLP"
WFC,Wells Fargo,134745,WELLS FARGO & COMPANY,WELLS FARGO & COMPANY
WFC,Wells Fargo,138634,WELLS FARGO,"PODESTA GROUP, INC."
WFC,Wells Fargo,146150,WELLS FARGO BANK,SULLIVAN & CROMWELL LLP
WFC,Wells Fargo,152196,WELLS FARGO & COMPANY,WINSTON TAYLOR LLP (FORMERLY KNOWN AS WINSTON & STRAWN LLP)
WFC,Wells Fargo,156005,WELLS FARGO & COMPANY,OGR
WFC,Wells Fargo,160828,WELLS FARGO CO,DOREMUS & ASSOCIATES
WFC,Wells Fargo,174789,WELLS FARGO & COMPANY,"CAPITOL HILL STRATEGIES,  LLC"
WFC,Wells Fargo,179371,WELLS FARGO/WACHOVIA,"MINDSET ADVOCACY, LLC"
WFC,Wells Fargo,179426,WELLS FARGO & COMPANY,"MINDSET ADVOCACY, LLC"
WFC,Wells Fargo,191986,"WELLS FARGO BANK, N.A.",SPIRIT ROCK CONSULTING
WFC,Wells Fargo,194234,WELLS FARGO & COMPANY,"NORTH SOUTH GOVERNMENT STRATEGIES F/K/A JDM PUBLIC STRATEGIES, LLC"
WFC,Wells Fargo,194808,WELLS FARGO & COMPANY,THE LUGAR GROUP (FKA LUGAR HELLMANN GROUP)
WFC,Wells Fargo,202356,WELLS FARGO & COMPANY,COGENT STRATEGIES LLC
WFC,Wells Fargo,202413,WELLS FARGO & COMPANY,"FEDERAL STREET STRATEGIES, LLC"
WFC,Wells Fargo,203121,WELLS FARGO & COMPANY,"RESOLUTION PUBLIC AFFAIRS, LLC"
WFC,Wells Fargo,205263,THE INDEPENDENT DIRECTORS OF THE BOARD OF DIRECTORS OF WELLS FARGO & COMPANY,"HARBINGER STRATEGIES, LLC"
WFC,Wells Fargo,208926,WELLS FARGO & COMPANY,"RMP STRATEGIES, LLC"
WFC,Wells Fargo,209548,WELLS FARGO,"CGCN GROUP, LLC"
WFC,Wells Fargo,209822,WELLS FARGO & COMPANY,"535 GROUP, LLC"
WMT,Walmart,56643,WALMART INC.,FGS GLOBAL (US) LLC (FKA FGH HOLDINGS LLC)
WMT,Walmart,59538,WALMART INC.,"GUIDEPOSTSTRATEGIES, LLC"
WMT,Walmart,63446,WALMART,MVP STRATEGIES
WMT,Walmart,63449,MVP STRATEGIES (OBO WALMART),"DAVID T. MURRAY, LLC"
WMT,Walmart,64836,WALMART INC.,S-3 GROUP
WMT,Walmart,74534,WALMART INC.,"PERCEPTION PARTNERS, LLC"
WMT,Walmart,74696,WALMART,STATESMEN CAPITOL STRATEGIES LLC
WMT,Walmart,102066,WALMART INC,"ALPINE GROUP PARTNERS, LLC."
WMT,Walmart,115265,WALMART INC,COVINGTON & BURLING LLP
WMT,Walmart,124339,WALMART INC,HOGAN LOVELLS CADWALADER US LLP (FKA HOGAN LOVELLS US LLP)
WMT,Walmart,149707,WALMART INC,WALMART INC.
WMT,Walmart,175513,WALMART INC,"MEHLMAN CONSULTING, INC."
WMT,Walmart,178530,WALMART INC,"THE NICKLES GROUP, LLC"
WMT,Walmart,183484,WALMART INC,ULMAN PUBLIC POLICY & FEDERAL RELATIONS
WMT,Walmart,184452,WALMART INC,CAPITOL COUNSEL LLC
WMT,Walmart,190813,WALMART INC.,COVE STRATEGIES
WMT,Walmart,194403,WALMART INC.,EMPIRE CONSULTING GROUP
WMT,Walmart,195539,WALMART STORES,"PORTER GORDON SILVER COMMUNICATIONS, LLC"
WMT,Walmart,196162,WALMART INC,PENN AVENUE PARTNERS
WMT,Walmart,198271,WALMART INC,"THE SIMMONS & RUSSELL GROUP, LLC"
WMT,Walmart,202675,WALMART INC.,FEROX STRATEGIES
WMT,Walmart,209592,WALMART INC.,CAPITOL CONSULTING GROUP LLC (DC)
WMT,Wal-Mart,102478,"WAL-MART STORES, INC.",ALSTON & BIRD LLP
WMT,Wal-Mart,110664,"WAL-MART STORES, INC.",BRYAN CAVE LEIGHTON PAISNER LLP
WMT,Wal-Mart,112246,WAL-MART STORES,"CASSIDY & ASSOCIATES, INC."
WMT,Wal-Mart,118130,WAL-MART STORES INC,"DUTKO WORLDWIDE, LLC"
WMT,Wal-Mart,121658,WAL-MART STORES,"GIBSON, DUNN & CRUTCHER LLP"
WMT,Wal-Mart,122262,WAL-MART STORES INC,"GREENBERG TRAURIG, LLP"
WMT,Wal-Mart,128649,WAL-MART STORES,K&L GATES LLP
WMT,Wal-Mart,132822,WAL-MART STORES INC,"MILLER & CHEVALIER, CHTD"
WMT,Wal-Mart,133202,WAL-MART STORES INC,"MILLER HAMILTON SNIDER & ODOM, LLC"
WMT,Wal-Mart,136697,WAL-MART STORES INC,SQUIRE PATTON BOGGS
WMT,Wal-Mart,138506,WAL-MART,"PODESTA GROUP, INC."
WMT,Wal-Mart,139936,WAL-MART STORES INC,"K&L GATES, LLP"
WMT,Wal-Mart,142750,WAL-MART STORES INC,"SANDLER, TRAVIS & ROSENBERG, P.A."
WMT,Wal-Mart,144761,WAL-MART STORES,DENTONS US LLP
WMT,Wal-Mart,153109,WAL-MART STORES,LEGISLATIVE STRATEGIES GROUP
WMT,Wal-Mart,161592,WAL-MART STORES INC,"GREEN STRATEGIES, INC."
WMT,Wal-Mart,162653,WAL-MART STORES INC,STEWART PARTNERS LLC
WMT,Wal-Mart,167980,WAL-MART,"CORNERSTONE GOVERNMENT AFFAIRS, INC."
WMT,Wal-Mart,173756,"WAL-MART STORES, INC",J.C. WATTS COMPANIES
WMT,Wal-Mart,178970,WAL-MART STORES INC,THE WASHINGTON TAX & PUBLIC POLICY GROUP
WMT,Wal-Mart,181252,WAL-MART 701 8TH STREET NW #200 WASHINGTON DC 20001,"D&P CREATIVE STRATEGIES, LLC"
WMT,Wal-Mart,185782,WAL-MART STORES INC,"THE H2 GROUP, LLC"
WMT,Wal-Mart,191476,"WAL-MART STORES, INC.","SHERIDAN ENERGY & ENVIRONMENTAL CONSULTING, LLC"
WMT,Wal-Mart,192387,"WAL-MART STORES, INC.",PRIME POLICY GROUP
WMT,Wal-Mart,197470,"WAL-MART STORES, INC.",FTI GOVERNMENT AFFAIRS
WMT,Wal-Mart,197807,"WAL-MART STORES, INC.",LINCOLN POLICY GROUP
WMT,Wal-Mart,200224,"WAL-MART STORES, INC.","THEGROUP DC, LLC"
ZTS,Zoetis,129530,ZOETIS,"THE RUSSELL GROUP, INC."
ZTS,Zoetis,151517,ZOETIS,"WILLIAMS AND JENSEN, PLLC"
ZTS,Zoetis,184948,ZOETIS INC.,INVARIANT LLC
ZTS,Zoetis,197219,ZOETIS INC.,ZOETIS INC.
