date,copy_stock,copy_options,SPY,QQQ
2014-12-18,1.0,1.0,1.0,1.0
2014-12-19,0.9997807831331421,0.9997807831331421,1.0042549439972825,1.0043998627969648
2014-12-22,0.9997807831331421,0.9997807831331421,1.0088743273248721,1.0069033779243197
2014-12-23,0.9997807831331421,0.9997807831331421,1.010235729300553,1.003340821865393
2014-12-24,1.0,1.0,1.010332985163348,1.004207266237527
2014-12-26,0.9997807831331421,0.9997807831331421,1.0135911466187064,1.0113321382100446
2014-12-29,0.9997807831331421,0.9997807831331421,1.0149528187495616,1.0111394616021616
2014-12-30,0.9997807831331421,0.9997807831331421,1.0095064904330397,1.0043998627969648
2014-12-31,1.0,1.0,0.999489406720326,0.9940977079328409
2015-01-02,0.9997807831331421,0.9997807831331421,0.9989541392680542,0.9911132617460087
2015-01-05,1.0,1.0,0.9809134468747503,0.9765749431555978
2015-01-06,0.9997807831331421,0.9997807831331421,0.9716741399092225,0.9634806985187435
2015-01-07,0.9997807831331421,0.9997807831331421,0.9837824948272038,0.9759007751491202
2015-01-08,0.9997807831331421,0.9997807831331421,1.0012397420954622,0.994579359428326
2015-01-09,0.9997807831331421,0.9997807831331421,0.9932163135183217,0.9880321970856762
2015-01-12,0.9997807831331421,0.9997807831331421,0.9854358444947193,0.9777303624153337
2015-01-13,0.9992808927415754,0.9897829753018108,0.9826640524050609,0.9774413074792865
2015-01-14,0.9892029621447207,0.9299289938307059,0.9767318049814633,0.9720495643963727
2015-01-15,0.9904625926799827,0.9361744313638629,0.9677838153456965,0.9594371313518941
2015-01-16,0.9991755985482252,0.9861125365853217,0.9804757954921728,0.9707017887225349
2015-01-20,0.9945566578140117,0.954607171304979,0.9825665263870915,0.9784039700826941
2015-01-21,0.9885730582456138,0.9194499822233677,0.9875267554930877,0.9834106000951776
2015-01-22,0.9988609568088372,0.9784664486084451,1.0022122106716878,1.0016076129273437
2015-01-23,0.9943466898476426,0.9507837586000343,0.9967175245789429,1.0038221531670968
2015-01-26,0.9969712451115167,0.9630105613515191,0.999051485182574,1.0026669740526968
2015-01-27,0.9864733785819241,0.9015784666143923,0.9858736759807466,0.9766710813384261
2015-01-28,0.9728262584512248,0.8240065221738517,0.9732304138173926,0.9716642912290518
2015-01-29,0.9786002445791573,0.854762348456012,0.9822264010224833,0.9810036233928774
2015-01-30,0.9548752824830792,0.7263563317635547,0.9698751766026888,0.9733973400702105
2015-02-02,0.9650577982214769,0.7767512650328253,0.9818860055027007,0.9818703079103474
2015-02-03,0.9878380374161083,0.9025480675943621,0.9960853614707752,0.9913058583054465
2015-02-04,1.0632120171372939,1.4705464977061433,0.9922921126665946,0.9904391737879765
2015-02-05,1.0774890411670999,1.5629842170820314,1.0023094665344827,0.9990085199562775
2015-02-06,1.0709803001040898,1.518484440254803,0.9995379445999988,0.9929424487699956
2015-02-09,1.0679361634333815,1.4918015167200935,0.9950641749114274,0.989765005781499
2015-02-10,1.069930637535197,1.4861255173174692,1.005664883852636,1.0051699288409346
2015-02-11,1.0694058505664883,1.4810779270699364,1.0062486891845808,1.008828943276471
2015-02-12,1.0873568265346338,1.6131002629276125,1.0159250171706127,1.0205752521425966
2015-02-13,1.0935503940694007,1.6563687001398673,1.0201071993742485,1.0293367145796637
2015-02-17,1.093025695732168,1.648693384124015,1.021711741006917,1.0302993771830713
2015-02-18,1.0902964666952752,1.6290500010414415,1.0218091769731616,1.0317436112335185
2015-02-19,1.090611108434663,1.6291815834389818,1.0210800281573733,1.0368464594772757
2015-02-20,1.097539874061887,1.678175273606388,1.0272066072031114,1.043778574793465
2015-02-23,1.1021587261646244,1.7077771203481924,1.0270611736675428,1.044837935918818
2015-02-24,1.0987992387027212,1.6785008076145964,1.0299788495513937,1.0456079219143426
2015-02-25,1.1082472654004687,1.7477917427220881,1.0291036368379634,1.0430085887979406
2015-02-26,1.0976446364663814,1.6660418330596034,1.0278873982426766,1.0483038735042447
2015-02-27,1.09260575979943,1.626813628473011,1.0243863672855051,1.0436824366106368
2015-03-02,1.111606752862372,1.7701518264145846,1.03085379210965,1.0531176668119546
2015-03-03,1.1164356615629545,1.8054362981249215,1.0266237023884148,1.048207575224526
2015-03-04,1.1082472654004685,1.7458803884139436,1.0222952761836872,1.0441638479607858
2015-03-05,1.102578750728838,1.703051091102436,1.0234134484506556,1.0459930349847728
2015-03-06,1.089876442131061,1.6141784164479813,1.0090203011707894,1.0341507480327095
2015-03-09,1.1049930721319154,1.7254327403653076,1.013202213219251,1.0371355944617682
2015-03-10,1.0822129215687597,1.5745767954560603,0.9967659724068908,1.0178794606495851
2015-03-11,1.080113419168022,1.5591968203344544,0.9944316515963605,1.0120060660711863
2015-03-12,1.1250437277637508,1.9223595054109088,1.0070751839148888,1.0186493665966643
2015-03-13,1.1173803844644012,1.859938839152226,1.0008995266791292,1.0142205262624941
2015-03-16,1.1271434074274405,1.9307790075646079,1.014272117761721,1.0273149309962388
2015-03-17,1.1228391970640905,1.898902483439281,1.0112570059116255,1.028951521460788
2015-03-18,1.133441825998178,1.97593544854925,1.0234134484506556,1.0390609997170288
2015-03-19,1.1271434074274405,1.9248526326554463,1.018746067553742,1.0406016921440857
2015-03-20,1.1382709119617123,2.005968723418142,1.0277379123794916,1.0473369683332352
2015-03-23,1.136066381262052,1.9839824176439707,1.0257357023300613,1.045311022230654
2015-03-24,1.124413823864644,1.8996974425624031,1.019971761580134,1.0415471443317497
2015-03-25,1.102263577200595,1.7443376910578265,1.0050252464513092,1.0177110387206336
2015-03-26,1.1047832814284984,1.7617025312456007,1.0026320318127528,1.0142370162422298
2015-03-27,1.1073025424990222,1.7785243495132141,1.0049277204333398,1.0182901892225176
2015-03-30,1.1140209856339736,1.824119833882794,1.0171876324041766,1.0299668559412156
2015-03-31,1.1011089749642553,1.7330355644610067,1.0082978161826373,1.0190620163322843
2015-04-01,1.1068826951977602,1.7720508857276027,1.0047323081905015,1.0137545642622916
2015-04-02,1.1127614437301874,1.8119266823178992,1.008346714269209,1.0144304132861208
2015-04-06,1.1088770806680994,1.7783344303178414,1.0151360740095503,1.022729435854579
2015-04-07,1.1067775782673617,1.7558275943624793,1.0124494708515623,1.0209920643973733
2015-04-08,1.1165406012304007,1.8267108486094925,1.0158689149460558,1.0290984103579486
2015-04-09,1.1208446343307985,1.8564514821264682,1.0203623159106359,1.0355641634317088
2015-04-10,1.1227340801336918,1.8677694964410854,1.0259306643142754,1.0398102531652156
2015-04-13,1.1181151393994782,1.8302279254720257,1.0212905690899796,1.0372044361247428
2015-04-14,1.1196900320944592,1.8412294181535367,1.0232440611562876,1.0342130257231676
2015-04-15,1.123049165030459,1.8649283803211547,1.0278357986043603,1.0406784586031466
2015-04-16,1.1348066620953137,1.9512455765366865,1.0275425901883783,1.0392311026633319
2015-04-17,1.1200047624653233,1.8434549644118237,1.0157221306346151,1.023018891032853
2015-04-20,1.1360663812620517,1.964539223625593,1.0250028613935558,1.0383626570800648
2015-04-21,1.1303975120645178,1.9206888324210325,1.023781940108579,1.0428015034699
2015-04-22,1.133127095627314,1.9390104712971747,1.0288125896633769,1.0484956695792294
2015-04-23,1.1442545115301102,2.0234911968393927,1.0314013966482207,1.052451743795345
2015-04-24,1.1498185296916736,2.064741850198573,1.0337947013385018,1.066734227554516
2015-04-27,1.1564321217906541,2.113898114882445,1.0294963524098606,1.0640321122343241
2015-04-28,1.1539125061942266,2.090134492726978,1.032769192296363,1.0619090673675708
2015-04-29,1.1527577266949354,2.074330418322661,1.0285193812473947,1.055250237443701
2015-04-30,1.1413153145268482,1.9869744761344876,1.018213321549765,1.0386519521614481
2015-05-01,1.160211102027916,2.1234124467868285,1.0292519520287258,1.0523555255640713
2015-05-04,1.165564886328683,2.162706094184359,1.0321828655161238,1.0540924967790506
2015-05-05,1.163255593224528,2.135976476275162,1.0203623159106359,1.0369151410433595
2015-05-06,1.151813003793489,1.9891686261916786,1.0161618532068635,1.029774019236442
2015-05-07,1.1469842723558583,1.9486283516552738,1.0202161619612689,1.035950237083483
2015-05-08,1.155907157558994,2.021366104772176,1.0336479170270612,1.048881423037222
2015-05-11,1.1400555953601104,1.8894466089140844,1.0287148835419577,1.0448284902022704
2015-05-12,1.1467739498635858,1.9441445206428474,1.0256381763120919,1.0400994681981535
2015-05-13,1.146249428789305,1.9390497097250605,1.0258330482445812,1.0422227532102428
2015-05-14,1.1540175344931494,2.0024665543200544,1.0365300224796121,1.0574700608808452
2015-05-15,1.1579018975552373,2.0340900802246487,1.037653147591445,1.0574700608808452
2015-05-18,1.158216627926101,2.034839180422182,1.0408770893913755,1.0621019040723445
2015-05-19,1.1606311265921303,2.054488110812403,1.0405354331474455,1.0609442434561396
2015-05-20,1.156851791828965,2.022548067142095,1.03980259221094,1.061619612189297
2015-05-21,1.1588463545622563,2.0385805483366455,1.0428309416645827,1.0671200610609541
2015-05-22,1.1574817843595475,2.0264642652111675,1.0403398408011577,1.0660587787729134
2015-05-26,1.1488737181587516,1.9525368283001978,1.0291544260107564,1.0538028815038862
2015-05-27,1.158636652490315,2.0333300953367743,1.0389231470664435,1.070787240437913
2015-05-28,1.1603163075897909,2.0463259862028527,1.0377511238680386,1.0683745802959952
2015-05-29,1.1586366524903153,2.0316845274881445,1.0313036905268016,1.0620056057926257
2015-06-01,1.1648301313936062,2.0822570422709816,1.0334034265942014,1.0655760866476391
2015-06-02,1.1626257779568978,2.0632286506312862,1.032378187707237,1.06219860259429
2015-06-03,1.1670346620932666,2.099865823248988,1.0351135088483474,1.0653834100397561
2015-06-04,1.1579018975552378,2.022162942472004,1.0263701167313493,1.0572770640791807
2015-06-05,1.1579018975552378,2.0218236807946837,1.0246118568044298,1.0547680256090985
2015-06-08,1.1472991799896746,1.9314530411277324,1.0183109376194592,1.044056262850277
2015-06-09,1.139215900757587,1.8639966965346881,1.0181645135149178,1.0423194517321883
2015-06-10,1.1547523780597033,1.9926434045939971,1.0303755273991828,1.0566016152975781
2015-06-11,1.1612609418597617,2.046603522874321,1.0336969952170827,1.0581457498077838
2015-06-12,1.1542276797224706,1.9867052338225508,1.0257844203131836,1.0494605735391058
2015-06-15,1.156642001125548,2.00517866903869,1.0213884553148482,1.0442492596519413
2015-06-16,1.165880148488403,2.082986626462334,1.0269565335633135,1.0499428654221534
2015-06-17,1.170394060923694,2.120655472638196,1.0286169973170889,1.0528378974955643
2015-06-18,1.1885550934896845,2.2761717486927053,1.0393139715521198,1.0681815034458855
2015-06-19,1.1822566749189467,2.221357009460955,1.0347003515349182,1.0629005474112934
2015-06-22,1.1918092867582377,2.302613180312849,1.0400012463158714,1.0707353690453463
2015-06-23,1.2010475227525683,2.382852098131459,1.0407375092179196,1.071605735791301
2015-06-24,1.194328902354665,2.3237499392162237,1.0331788375925248,1.0660926392652834
2015-06-25,1.2014673700538303,2.38559377078817,1.0300374732242452,1.0639647114433655
2015-06-26,1.2071360619884128,2.434844027280846,1.0298412505158838,1.0569037181302123
2015-06-29,1.186770498722762,2.2559444396125556,1.008245135923623,1.0319487753988714
2015-06-30,1.198213088153801,2.355402829630507,1.010355678198,1.0356246800563702
2015-07-01,1.2156352887368231,2.4458333022562764,1.018454390017082,1.043846055632869
2015-07-02,1.2139457069120485,2.430707075128662,1.0175217243032226,1.0441361511987055
2015-07-06,1.2216536318437674,2.4969350771030663,1.014625660833326,1.0417179677140604
2015-07-07,1.2364359439175878,2.6271266967541216,1.0210065459499282,1.044329948484823
2015-07-08,1.2162687378949653,2.4492161292390064,1.0038768168048045,1.0261453431616814
2015-07-09,1.2205975878086108,2.4867931820417515,1.0056927098356025,1.025564991933118
2015-07-10,1.2294671168632643,2.564594015373814,1.0183560535335892,1.0412343950558878
2015-07-13,1.2464668998322237,2.714359441242177,1.0295957695140512,1.059514978464967
2015-07-14,1.2443551662878138,2.6954228550954267,1.0340620649094634,1.0664792732561745
2015-07-15,1.249106522446998,2.737561648350026,1.0337187877344869,1.0676401358101923
2015-07-16,1.257236776361304,2.809679306345856,1.0420138123136549,1.0827291076559533
2015-07-17,1.2550194827291163,2.7897955075715974,1.0428970396305934,1.0986883661992237
2015-07-20,1.2626217589415818,2.857503591197469,1.0434368997208308,1.1024608092817774
2015-07-21,1.2597707502568245,2.8320818903621046,1.039313881500395,1.1017837595312683
2015-07-22,1.2599821363268078,2.8337629596122973,1.0374490903830251,1.0893062881655977
2015-07-23,1.2543859449394983,2.783514577336739,1.0316081554083851,1.0852435894203172
2015-07-24,1.255547371799481,2.793679957415579,1.0209082094664355,1.0746040303591733
2015-07-27,1.2485784561136817,2.7306716435778102,1.0149695683703763,1.0657055249837202
2015-07-28,1.250795838377345,2.7508541638362636,1.0274363291531023,1.0748945261672365
2015-07-29,1.26536703027561,2.881237881978413,1.0345040387748319,1.078956744621845
2015-07-30,1.2673731151007663,2.899651644532871,1.034749789931839,1.0840833672538621
2015-07-31,1.2670563462059574,2.896545529262605,1.0331788375925248,1.0828254859841175
2015-08-03,1.2788824440331459,3.0026003415190576,1.0296941960492687,1.0794405574253538
2015-08-04,1.2849009644030422,3.057153508121301,1.027681810154935,1.0774093281253814
2015-08-05,1.167064619532115,2.058142390794729,1.0310683853698726,1.0857277224176072
2015-08-06,1.146158138369145,1.8884359203529197,1.0226264864275392,1.0683171855607014
2015-08-07,1.1546054270726875,1.9568263221820597,1.0206627284646028,1.0669629259627926
2015-08-10,1.1720270958668546,2.09821202827589,1.033522204819226,1.0791504618595174
2015-08-11,1.1403509154377558,1.8482812593604956,1.0241969885082292,1.0653187308959382
2015-08-12,1.1296864217335016,1.7631711791082916,1.0254237631553187,1.0689943153596557
2015-08-13,1.1352827017522868,1.8058398323119251,1.0241478202664829,1.0672531816255197
2015-08-14,1.131481475014578,1.774281886484726,1.0278780328632964,1.0688976968861554
2015-08-17,1.151437560861645,1.9343914448325306,1.0336202711475444,1.0777962022616088
2015-08-18,1.1291587099260887,1.7602096409768069,1.0306266816596785,1.0722828655902552
2015-08-19,1.123984670258414,1.717063608464011,1.0224787115471257,1.065222352567774
2015-08-20,1.0560915416277332,1.2748927796760938,1.0011281680084223,1.0357211384329796
2015-08-21,1.04363226053683,1.191507678185518,0.9709917279386107,0.9904543829925871
2015-08-24,1.0068876005278347,0.9731729567089511,0.9301063537885526,0.9523450792419572
2015-08-25,1.0124837032836682,1.0044012904775632,0.9191610168964952,0.9487665134939666
2015-08-26,1.0477500789063958,1.2466846567767018,0.9544514773840946,0.9965479908440589
2015-08-27,1.0787928101773523,1.4693993620143615,0.9780596176637899,1.0217930291412363
2015-08-28,1.082066413739124,1.489880301895185,0.9781086958538114,1.0215996320973453
2015-08-31,1.0757308585799912,1.4382045390106581,0.9702065669499904,1.008928763687784
2015-09-01,1.0507064704159792,1.2730393126216384,0.9412476432337971,0.977396800543689
2015-09-02,1.0758365072992446,1.4494598534192973,0.959114175591318,1.0049631637066754
2015-09-03,1.0768925513344014,1.454370201393368,0.9598009100447206,1.0000299381185493
2015-09-04,1.0661224975423693,1.3781429851317477,0.9452726851776392,0.9881328980298877
2015-09-08,1.0982212728484821,1.6067033776501052,0.9690284202342984,1.0159894368071556
2015-09-09,1.0760478047377517,1.4493419571864161,0.9560708775513568,1.0045760494251121
2015-09-10,1.0833332234239323,1.497832430574675,0.9612736159522668,1.0155057841005377
2015-09-11,1.1031838378146974,1.6423507521460217,0.9656420251228103,1.021115899342282
2015-09-14,1.096215188023326,1.585213868633679,0.9620591371477863,1.0180207461555733
2015-09-15,1.0920971037593323,1.5530277460853885,0.9740841942203182,1.0300142446208445
2015-09-16,1.09769311788369,1.5912049353694253,0.9825259130592021,1.0358178369549251
2015-09-17,1.100227446305114,1.6032564210318205,0.9803173044565068,1.036204631042707
2015-09-18,1.0858673745824046,1.4988225853535277,0.9642977329748434,1.0214669918234516
2015-09-21,1.0918861608467283,1.5345284227010083,0.9692806551154918,1.0246666882797468
2015-09-22,1.0821717965639495,1.4618618363945208,0.9566996186939817,1.0093470968630216
2015-09-23,1.0724578754385499,1.3913291819686426,0.9551704503549794,1.0101227662981636
2015-09-24,1.0624268308924378,1.3192899494190515,0.9517166065016085,1.0064383765054612
2015-09-25,1.0590480217687919,1.2933233338005294,0.9514698647756284,0.9979057725735615
2015-09-28,1.0399366825183745,1.157943880160957,0.9275906688042544,0.969496499281365
2015-09-29,1.0497565182574553,1.2200459519087354,0.9281331403945112,0.9644548880982771
2015-09-30,1.0791096677036367,1.4292471590664824,0.9454503572306897,0.9866582455702191
2015-10-01,1.0840724099328038,1.4628512285847788,0.9479175943870399,0.9911190252340717
2015-10-02,1.0875568677757035,1.484817613513052,0.9620772375444732,1.0084743286637072
2015-10-05,1.096531691023707,1.5420043734501954,0.979197421206767,1.0229213920264544
2015-10-06,1.0956870330585335,1.5311035069110348,0.9758425441989624,1.0180734180325934
2015-10-07,1.0916745088823179,1.4988885770308387,0.9838349949827682,1.0241816747495585
2015-10-08,1.1045565621131872,1.5930330577200602,0.9927158060318266,1.0282542995020587
2015-10-09,1.1145873407648714,1.6654557912649877,0.9933078961224537,1.0329082360644661
2015-10-12,1.1229288034862088,1.7237836730428044,0.9942452445260033,1.0354291217044556
2015-10-13,1.125462866013205,1.7410632083578879,0.9879793554619838,1.02873875269313
2015-10-14,1.1163823054144721,1.6683839325099856,0.9832428148404162,1.0270907153009001
2015-10-15,1.1391893113148206,1.8483579450242933,0.9983402566600229,1.0439615655394645
2015-10-16,1.1428848007017998,1.8754163213026906,1.0028791337456322,1.0483246861000277
2015-10-19,1.155872236757495,1.9751566548506572,1.0033723470424176,1.054336164246602
2015-10-20,1.1597791122144576,2.0052788977178797,1.0020900104811203,1.0489063981521616
2015-10-21,1.1624186461977557,2.0249291230280795,0.9958732896588471,1.0425069251911256
2015-10-22,1.195784497083105,2.3053804424340933,1.0126975633534145,1.06374129623248
2015-10-23,1.1940951811527578,2.289431732577991,1.0237982394707696,1.0935076308181713
2015-10-26,1.1986355057678626,2.3232791513729825,1.0212821942795722,1.0941868418767038
2015-10-27,1.201275039751161,2.3435504234919278,1.0193087107303564,1.096416671369513
2015-10-28,1.207293471489581,2.393972479757859,1.0309029603513962,1.1055309873535464
2015-10-29,1.2146849820523946,2.4564528845398166,1.0303106901573194,1.1037852908580272
2015-10-30,1.2009582708563515,2.337816810458456,1.0258703296586527,1.0988406183422208
2015-11-02,1.2146849820523946,2.4516851727160627,1.038007591180298,1.1112511692076044
2015-11-03,1.219964227281943,2.46937886023807,1.041016849668281,1.1151298365770965
2015-11-04,1.1957844970831049,2.254190167436651,1.0378594560929852,1.1152267752443779
2015-11-05,1.1931449630998063,2.2298483270732654,1.0368234109990437,1.1122208760742
2015-11-06,1.2213366856860055,2.4811183468390934,1.0362805792018879,1.1129967056062329
2015-11-09,1.2292559080562317,2.5494937754879268,1.0266104647848677,1.1011677867445377
2015-11-10,1.2398148416727084,2.644873844502399,1.0289788251473764,1.0983556048120322
2015-11-11,1.2303117748284367,2.5590130383512713,1.0249329812551031,1.0969983033732014
2015-11-12,1.2270386144240442,2.529196533403813,1.0106253831138068,1.086332728567329
2015-11-13,1.2125728939820812,2.3985460743921996,0.999277785167022,1.0650016590040292
2015-11-16,1.2239764855637316,2.4993680449154367,1.0144739236770208,1.0803214105176453
2015-11-17,1.2261937791959188,2.5195553185898265,1.0137335183956313,1.0809998210917247
2015-11-18,1.2474171178851738,2.709330448516843,1.0298172067053595,1.1017493386997812
2015-11-19,1.253435549623594,2.763485002777392,1.028929206647006,1.1025253283287044
2015-11-20,1.2677955327148274,2.894061393001473,1.0326792306232777,1.1099910465813911
2015-11-23,1.2609323543797577,2.8316082138090297,1.031494780286849,1.1067911099797598
2015-11-24,1.2454108557970658,2.690753577922055,1.0328767140557864,1.1058215632100548
2015-11-25,1.2530131320095315,2.760197220754927,1.0327283088132992,1.1067911099797598
2015-11-27,1.2156352887368216,2.419571185835582,1.0339124889945537,1.1083422887531533
2015-11-30,1.1981075280660218,2.2599779738899795,1.0296201735314747,1.1055309873535464
2015-12-01,1.218380294176422,2.444775294059621,1.0394380628289084,1.1165842367800993
2015-12-02,1.2037036308218554,2.311006233064988,1.028830509956614,1.1096997502888748
2015-12-03,1.181424602623347,2.1081739483760797,1.014424035021476,1.0908900466562363
2015-12-04,1.2062376933488517,2.334053106304636,1.0342083089105552,1.1163901193002004
2015-12-07,1.2019085775407785,2.2946709661921787,1.0279429601568846,1.1113485081171124
2015-12-08,1.1876542431687986,2.1650577721061794,1.0210353625018675,1.1114452866875033
2015-12-09,1.1769898380960204,2.0676628315475156,1.0130919899080832,1.0945743564004935
2015-12-10,1.1769898380960204,1.9991755374053937,1.0157069118931223,1.0995193491100814
2015-12-11,1.1480857843381425,1.737704604906578,0.9960212446427104,1.0742128336068988
2015-12-14,1.1620065984663712,1.863137612289791,1.0010536952320044,1.0823575227727822
2015-12-15,1.1918669858490363,2.133674643401468,1.0115627315173563,1.088950632923045
2015-12-16,1.2091881465495506,2.290285462724397,1.0263639031623375,1.1051429124906393
2015-12-17,1.190273126018216,2.1188627101387403,1.010723989752474,1.089047971832553
2015-12-18,1.1446852605029048,1.7064587389276535,0.9927176070663228,1.0681572487669537
2015-12-21,1.1326773795186782,1.5974892694706961,1.0009070009722885,1.080022589671269
2015-12-22,1.1342711507180223,1.6119386071486,1.0099890776262979,1.0871220862866207
2015-12-23,1.1217321899302994,1.498585286180069,1.022496541788638,1.0951944116579353
2015-12-24,1.1249201754863676,1.5271494939791332,1.0208090625174193,1.0949993335966928
2015-12-28,1.1396910540997989,1.660314490434834,1.01847663279311,1.0944161006240978
2015-12-29,1.1378844787268572,1.644001618594051,1.0293456958742533,1.1116304387415263
2015-12-30,1.1300206510290585,1.5726754350645324,1.0220497051301296,1.1016130161974027
2015-12-31,1.1166315371246571,1.451274231230901,1.0118257726055269,1.0879001571751223
2016-01-04,1.094315726863657,1.249126958810109,0.9976809879826873,1.0649475462549935
2016-01-05,1.0722126321447787,1.0492612528220944,0.9993685573056308,1.0630999480885832
2016-01-06,1.0664743645016272,0.9972477700928504,0.9867622163494489,1.0528881679192248
2016-01-07,1.0573353957602867,0.9144766502040276,0.9630881582071926,1.0199183746003082
2016-01-08,1.0546791104280462,0.8902894023239856,0.9525169862317217,1.0115543526942505
2016-01-11,1.0617986996228481,0.9544701145467896,0.953459647687035,1.0146667963451481
2016-01-12,1.0781635266985754,1.1026009305039575,0.9611526764858467,1.0264347182915101
2016-01-13,1.0464962980485413,0.8158780234332855,0.9371809073413678,0.9910334534460256
2016-01-14,1.0531912538423833,0.8764386538980247,0.9525663345769176,1.0121379859090722
2016-01-15,0.9978270706426505,0.37518000383685085,0.9321183794759872,0.980724574512495
2016-01-19,0.9985709546197441,0.37545970199456913,0.9333590220886975,0.982864109358984
2016-01-20,0.9833753539738772,0.36974620145288933,0.9213978116890561,0.9798494849082665
2016-01-21,0.9991025662120957,0.3756595863684514,0.9265599367620768,0.9808215932282217
2016-01-22,1.0297067489403782,0.3871666678370126,0.9455683249901912,1.0092204602225268
2016-01-25,1.0125982151505093,0.3807339101360295,0.9312747749179652,0.9942430759095404
2016-01-26,1.023011881778012,0.38464941774271916,0.9439799026162637,1.0031904108366383
2016-01-27,1.0022904631366878,0.37685822610833103,0.9337065316947402,0.9781959241733097
2016-01-28,0.9938953783724407,0.37370169926442376,0.9385706756103639,0.9920062021535433
2016-01-29,1.018230036391124,0.3828514581328997,0.9614502974363445,1.0127212989301124
2016-02-01,1.011110535827798,0.3801745471457637,0.9611030579854762,1.0154450273305404
2016-02-02,0.9895386095438918,0.37206356717330047,0.9437817888216813,0.9934650050210387
2016-02-03,1.0110042666882135,0.38013459026608964,0.9494396486397823,0.9886993208289657
2016-02-04,1.0140856285787934,0.3812931731507831,0.950929194219868,0.988602061967903
2016-02-05,0.997827070642651,0.37518000383685085,0.9328130384811733,0.9542711248847803
2016-02-08,0.9789122273742681,0.3680680791569212,0.9202567662839859,0.9396828560644902
2016-02-09,0.9810374329030123,0.3688671501000604,0.9203062046809066,0.9367647700388275
2016-02-10,0.9441633709392264,0.3550026127307312,0.9195123987267046,0.9403632678497026
2016-02-11,0.9596780448982752,0.3608360838869452,0.9075511883270632,0.9390019639886059
2016-02-12,0.9686044753604462,0.36419239512922263,0.926261865552955,0.9532984562257077
2016-02-16,0.9873071348755632,0.371224539350487,0.9418957454972562,0.9747921842298959
2016-02-17,1.014829601187363,0.381572904633672,0.9572812627845309,0.9968689050613432
2016-02-18,1.0104801285124394,0.3739168266505767,0.9533604106862941,0.9854904988499039
2016-02-19,1.0082722860433364,0.37058052321129714,0.9529138441829602,0.9884076242942229
2016-02-22,1.0180273382450884,0.37628917995491545,0.9667112993032068,1.0044550161757897
2016-02-23,0.9971176044568327,0.34820759615342006,0.9545019063499883,0.9879214900857999
2016-02-24,1.0095403811314516,0.3670619893740941,0.958869775210183,0.997355279415102
2016-02-25,1.0157032592531516,0.3753604399009726,0.9704832959003322,1.0071779440917643
2016-02-26,1.016413872049362,0.3759894572812079,0.9682495628664148,1.0059136589463944
2016-02-29,1.0148611670015453,0.3721756401458813,0.9606564014304176,0.9968689050613432
2016-03-01,1.0522217227014234,0.43309960326751573,0.9832384923576253,1.0288657895758513
2016-03-02,1.0529960323747947,0.43509355220614143,0.9876556195112911,1.0292551452138834
2016-03-03,1.0627775877956789,0.4462957451504645,0.991526582953983,1.027309647798848
2016-03-04,1.075385195675938,0.468174483599966,0.9947528660987585,1.027698763291544
2016-03-07,1.0670230995908696,0.45164284023892226,0.9955465820012357,1.0213772575162487
2016-03-08,1.056896502258268,0.4333858029708314,0.9846776089718173,1.0129158967006833
2016-03-09,1.0574008009912572,0.43401223453820076,0.9895413926805418,1.0194322403918852
2016-03-10,1.0567409089056108,0.43410203042279444,0.9903354687899183,1.0178762587117725
2016-03-11,1.0678688508371645,0.4486489988931734,1.0063166782368125,1.0356737497533508
2016-03-14,1.0716827147592796,0.4517403247496666,1.0050264171237318,1.037424489300925
2016-03-15,1.0886948210895173,0.4804217130452767,1.0033885563528835,1.0370351336628927
2016-03-16,1.1012081816303332,0.5013818133381747,1.009195181620371,1.0462748855607413
2016-03-17,1.1017735016499368,0.497729765384957,1.015597949306102,1.0456908521036932
2016-03-18,1.1021152538490633,0.4986702066332749,1.019588861646241,1.0473301642153832
2016-03-21,1.100718570483938,0.4951717583494029,1.021035092346693,1.051426803501479
2016-03-22,1.1062469390147764,0.503546358959269,1.020486677342599,1.0546456315362056
2016-03-23,1.099758530561361,0.49323132367978806,1.013752159102667,1.045964217544458
2016-03-24,1.0964248807224501,0.48612299181127405,1.0133030711510385,1.0462567145636539
2016-03-28,1.093765116805047,0.477267679898673,1.0139014648624023,1.044793509031666
2016-03-29,1.1156713519698844,0.5167981164085674,1.0232806221565605,1.0615711028314336
2016-03-30,1.1334442646238456,0.5464889062239785,1.0277701508969737,1.0667411917692589
2016-03-31,1.1291660241769441,0.5364030978163574,1.025275628068006,1.065180407182427
2016-04-01,1.1374891664356876,0.5514961084255174,1.0322596796373869,1.076495575122064
2016-04-04,1.1466842041635033,0.5666933061538209,1.0289174999227806,1.072398935835968
2016-04-05,1.1322514221832156,0.5453974592687686,1.0186406169839894,1.0620590781540988
2016-04-06,1.1431607620771989,0.5613054690931526,1.0297655170153184,1.0795194851924386
2016-04-07,1.1196552815106389,0.5221589523663033,1.017443649457812,1.0640098587665254
2016-04-08,1.1211652319525762,0.5154288828875776,1.02018716530588,1.06322962657
2016-04-11,1.1240488046002002,0.5200164397881468,1.0177926899431764,1.059327585054475
2016-04-12,1.1383818716016219,0.5430705319710385,1.0272714444449746,1.0682045573981374
2016-04-13,1.1561478263424876,0.5702031537618693,1.0376477444879564,1.081860341878905
2016-04-14,1.1551682748445402,0.5671625553544605,1.0376975430917765,1.0819580009821945
2016-04-15,1.1354148395685775,0.5304548720052067,1.0365501040142446,1.079226667979461
2016-04-18,1.1197969827353609,0.4930743440931804,1.0438337576720693,1.0849819911010143
2016-04-19,1.1168633628143843,0.4847961615114262,1.047125958679406,1.0783488567280919
2016-04-20,1.1199026911849133,0.4883714443183707,1.0481239118937526,1.079226667979461
2016-04-21,1.1091183454376379,0.4703616000520485,1.0424868540240828,1.079324487179641
2016-04-22,1.1081029128863293,0.4545962701106978,1.0424868540240828,1.063034388411867
2016-04-25,1.1042702651235745,0.4433145418853643,1.0406907723727432,1.063034388411867
2016-04-26,1.0984504518056681,0.43223128058307714,1.0422370505394594,1.0578645396193775
2016-04-27,1.0420173336493102,0.3353180699454519,1.0443825328830627,1.0493785238826538
2016-04-28,1.0136493954255164,0.2997388571576637,1.0349036883295395,1.0366977294658728
2016-04-29,1.0027516600501563,0.2797027953752225,1.0293165191154148,1.031234983411961
2016-05-02,1.0038235998662342,0.2777620773646584,1.0374977183144227,1.0409894468132113
2016-05-03,1.0162687792946095,0.2956745604235882,1.028468502022877,1.031332882660586
2016-05-04,1.0074136155156452,0.2812592504656892,1.0227314867386679,1.0246997482876636
2016-05-05,1.0062991097024576,0.27048100793674945,1.0225320221682133,1.0244069310746864
2016-05-06,1.0028019766022613,0.26054824464356496,1.0262733111271782,1.0298696771285982
2016-05-09,1.0030639993743642,0.2598237810416386,1.0271215083231657,1.0327956879503475
2016-05-10,1.0108384713215044,0.26846791546761695,1.0398926439357503,1.0469396078506712
2016-05-11,0.9952023582837422,0.2546341529224664,1.0301646262596773,1.0374779616623981
2016-05-12,0.9750777392709995,0.23197023143344656,1.0304639581929464,1.0328932670051916
2016-05-13,0.974555922057342,0.23282204231068507,1.0214842703500464,1.0290892848351822
2016-05-16,1.0038442366513705,0.27411700519052823,1.0315614185632085,1.0419647570709794
2016-05-17,0.9996689686255997,0.2675438660835544,1.021933358301675,1.028894286822385
2016-05-18,1.0074225477631684,0.27879633045799534,1.0222328703383936,1.0326008500344408
2016-05-19,1.0032099838369855,0.2737475711756356,1.0186905056395343,1.0272358431322637
2016-05-20,1.0146116383185868,0.28748873561435867,1.0251263223082707,1.0385510110719007
2016-05-23,1.024199301669711,0.30012058216164905,1.0237290797461154,1.0371853045463115
2016-05-24,1.0377206192680426,0.32016602482306944,1.0369990118624237,1.0579623588195577
2016-05-25,1.0531734711985736,0.34326890632883345,1.044033132190799,1.0655707234018028
2016-05-26,1.06003486717286,0.35366479699919323,1.044332554175793,1.0686918122847948
2016-05-27,1.059923892309801,0.35279913884543707,1.0488223530713807,1.074252217441996
2016-05-31,1.053952417008772,0.3375157853322997,1.0468271670564855,1.0763006571577118
2016-06-01,1.0403108814105988,0.31851454422621683,1.0489722891931896,1.0763979160187747
2016-06-02,1.0338302592874684,0.308099822327109,1.0521646228377117,1.0786412736988424
2016-06-03,1.035451938910748,0.30925902063689564,1.04902190769356,1.0735690840096426
2016-06-06,1.042077568627667,0.31779696784516176,1.0543597236816855,1.0774708053313866
2016-06-07,1.0452946590292043,0.3228114328690715,1.0560062294181154,1.0747395523770986
2016-06-08,1.0440539836532894,0.32089585525355635,1.0594486367024356,1.0765929940800172
2016-06-09,1.05004637130291,0.33051671114755804,1.0580010552261114,1.0748376117226146
2016-06-10,1.0416229726112587,0.3181883139660582,1.0479744260305677,1.0626444724347175
2016-06-13,1.0279308377257497,0.298002996232117,1.0398926439357503,1.053767740236391
2016-06-14,1.0300302385130227,0.2977399507111668,1.0378471190066862,1.053767740236391
2016-06-15,1.0271546803922407,0.29224216692392946,1.0364003479958854,1.050744230408243
2016-06-16,1.0310449857120332,0.2975853993596216,1.0394934446396666,1.053865319291235
2016-06-17,1.0114141409567956,0.27063346758122897,1.0356221209900756,1.0415124833549263
2016-06-20,1.0102267202160327,0.2670994012183082,1.042291801988144,1.0480657293794204
2016-06-21,1.0169296624338984,0.2772170721531243,1.0452503613550588,1.0513907817010855
2016-06-22,1.0128268574038106,0.27179077069940066,1.0435453219975022,1.0488481228839694
2016-06-23,1.018632039663767,0.27927993443831356,1.0571348476851619,1.0638119790096967
2016-06-24,0.9892281705275667,0.2465673090370858,1.01917417345349,1.0199955413015958
2016-06-27,0.9748609830528506,0.2264904241595667,1.000920958989634,0.9997507291412763
2016-06-28,0.9915587011825043,0.24548802118893095,1.018973898417512,1.0216583876562095
2016-06-29,1.0006934889472503,0.2564026973788848,1.0363241642366958,1.0397521379939139
2016-06-30,1.0124331787500083,0.27176308202930927,1.050465436842268,1.051782218598696
2016-07-01,1.0156523552215988,0.2748716406818343,1.0526720643070173,1.0570638150208507
2016-07-05,1.0064834603731239,0.26151977833085577,1.045099794871176,1.0506082280996458
2016-07-06,1.012510890461071,0.26817023858544237,1.0513683854869398,1.0592154371825828
2016-07-07,1.0172269925056903,0.27196267077203656,1.0507165010510386,1.0623447710554428
2016-07-08,1.0258400242926546,0.2824954437329365,1.066361727512666,1.0787759151838692
2016-07-11,1.0289690059715433,0.2857277477874202,1.0701229179028142,1.084937484165417
2016-07-12,1.033500769027587,0.2909477157445012,1.0778954623746333,1.0904144788425956
2016-07-13,1.0278994670352766,0.28187366406023223,1.0777451660459252,1.0877737606799636
2016-07-14,1.0457554590033753,0.3100807660574997,1.0837628725563677,1.0952068992154051
2016-07-15,1.0451836708186995,0.30796082757071797,1.0823086272524076,1.0934465538543927
2016-07-18,1.055402003405322,0.32109650638488163,1.0852168477051534,1.1006838138441384
2016-07-19,1.055020155259142,0.32128407250112445,1.084113804127953,1.0966740271212139
2016-07-20,1.0545795354500864,0.3220167815272269,1.0886269264202666,1.1094864211820994
2016-07-21,1.0492871512406499,0.3135240711561377,1.0845146243550834,1.1069437623649834
2016-07-22,1.0421962048927669,0.3026220482876254,1.0893789483741567,1.1115402241436518
2016-07-25,1.0298278740701179,0.283969955251174,1.0864202089037922,1.1116380433438318
2016-07-26,1.0231253171310686,0.2745984581440183,1.0869219771144347,1.1129092927039443
2016-07-27,1.0803981060479018,0.3640016895737392,1.0857685946230655,1.1206358087914805
2016-07-28,1.0926244196089558,0.3816744527841693,1.087022474839323,1.1245482566048972
2016-07-29,1.0914139706796515,0.37896043048458283,1.0887773128006997,1.1269932563187242
2016-08-01,1.1079594672359745,0.4084837093315939,1.0878747243629268,1.1329591868999118
2016-08-02,1.092684278400576,0.3832270167649326,1.080904360655717,1.1243524581076467
2016-08-03,1.1065960849236254,0.4046620857016837,1.084063555265509,1.1280690273753675
2016-08-04,1.1125999439913454,0.4057111959482267,1.0852168477051534,1.1312967407875245
2016-08-05,1.128086060396736,0.4318055212144422,1.0940930661162465,1.1421527508448113
2016-08-08,1.136351328925282,0.4462315941347964,1.0934411816803453,1.1408813413878078
2016-08-09,1.141626232675568,0.454146743018632,1.0940930661162465,1.1435219795019946
2016-08-10,1.1353368265448833,0.4403413752977563,1.0913851206994787,1.1405880438841587
2016-08-11,1.134976534582072,0.4375361993515099,1.0964494495993553,1.1454781233602576
2016-08-12,1.136500840507716,0.44143209003377426,1.0954969725060377,1.1462605168648066
2016-08-15,1.1485949519395564,0.46072116807392016,1.098656077064105,1.151150756437796
2016-08-16,1.1476072971440028,0.45897977985165783,1.0929898424355966,1.1447935490558887
2016-08-17,1.145797642044161,0.45566958544807484,1.095045633261289,1.1468475121143316
2016-08-18,1.1446935153696063,0.4533487819503304,1.0975028746761852,1.1471407295695355
2016-08-19,1.1470187302451467,0.45791193703500854,1.095898242991792,1.1468475121143316
2016-08-22,1.1385407039292672,0.44250576305631956,1.0958479040776232,1.1477273245768338
2016-08-23,1.1425651246107027,0.44874225598935125,1.0980546215940974,1.1497814477321675
2016-08-24,1.134497206590211,0.4337533460913828,1.092438275621134,1.1423486293905072
2016-08-25,1.130108864459614,0.4257318893735242,1.0916859835120696,1.1404902246839788
2016-08-26,1.1235029746705043,0.4144609043683756,1.089629742427753,1.1421527508448113
2016-08-29,1.121927040479199,0.41172644514059376,1.09499529434712,1.1437175378539093
2016-08-30,1.1144212408163607,0.397468560782743,1.0931902075232993,1.140000888537743
2016-08-31,1.1150009033366015,0.3987719613000225,1.0900812617759514,1.1388276985231462
2016-09-01,1.120314889708281,0.409083300062965,1.090131240483221,1.1417616341409822
2016-09-02,1.1298182091012599,0.4262628825302447,1.095045633261289,1.1454781233602576
2016-09-06,1.1284676039071744,0.4246983931329399,1.0983553943549635,1.1526178042951594
2016-09-07,1.1345831309535273,0.43634804352097273,1.098255076733525,1.1533027788417551
2016-09-08,1.1086333555833536,0.38901771770824445,1.0957476765079093,1.146554134562237
2016-09-09,1.0837793595003058,0.3493269873450758,1.0695211022259075,1.1177017130767541
2016-09-12,1.1067290258865068,0.3879500453842366,1.0848658260818431,1.1377514471758308
2016-09-13,1.1285935995394856,0.43085372219601004,1.069270398224036,1.1275801715198037
2016-09-14,1.1633854593552815,0.49854510648736194,1.0688693078417313,1.1329591868999118
2016-09-15,1.1989156606726934,0.5669721342057812,1.0795504329731955,1.1505640813820524
2016-09-16,1.1929745297193455,0.5545450651664572,1.0753768957351413,1.150015109144054
2016-09-19,1.180926990378522,0.5305644676900821,1.075578701650441,1.1450143226680787
2016-09-20,1.18138372842121,0.5308109520840218,1.0756293107197843,1.1471713080756474
2016-09-21,1.1808138785806654,0.5299114209482662,1.0877253285514668,1.1584472522770781
2016-09-22,1.1916865668656864,0.5486644211566448,1.0945794354819465,1.1676635499804482
2016-09-23,1.1740703526278244,0.5139611476951559,1.0885821707130359,1.1602119202541379
2016-09-26,1.1736189277342681,0.5154616124611887,1.0797619644747747,1.1505051657262975
2016-09-27,1.1755622802675816,0.5195800520140427,1.0864651447144726,1.1618787690310175
2016-09-28,1.1841755002146315,0.5351971294312929,1.0918577121512825,1.1638396357475544
2016-09-29,1.167072398101773,0.5031199090359572,1.0819793080947766,1.155407652711421
2016-09-30,1.1764682177416024,0.5191743352126005,1.0901444780867682,1.164035674390141
2016-10-03,1.1711207782468873,0.5092928806215298,1.0875233425327173,1.162369065758597
2016-10-04,1.175626428855731,0.5179294168855239,1.0819793080947766,1.1606040775877562
2016-10-05,1.1759920983514467,0.5187268299316122,1.0867677185098348,1.1647221698571977
2016-10-06,1.1840018464798354,0.5336755259810427,1.0875233425327173,1.1641338938325474
2016-10-07,1.1850904153744275,0.5364627295961922,1.0837939404014272,1.1615847510913604
2016-10-10,1.2034557046502126,0.5724195648077899,1.0894389228228802,1.1689382414237097
2016-10-11,1.204585617849749,0.5763170039801386,1.0756790192718795,1.1522699938002479
2016-10-12,1.2137440665493116,0.5951300820665839,1.0770908502134542,1.1512897205388701
2016-10-13,1.2099477907783036,0.5879128963107882,1.073562983842289,1.1471713080756474
2016-10-14,1.2160841297221303,0.5997955840763473,1.0741173422602208,1.14854413891287
2016-10-17,1.214500563318609,0.597770013528615,1.0703880301806554,1.1454063999532518
2016-10-18,1.2147356347737428,0.5970820559344591,1.0770908502134542,1.1556038514508982
2016-10-19,1.2124064795048166,0.5908007733906583,1.0799635902866247,1.1555053918631555
2016-10-20,1.211831885599446,0.5894893694951082,1.077947782426748,1.1541328011712688
2016-10-21,1.2090152422783724,0.5814332276366017,1.078451801930511,1.1584472522770781
2016-10-24,1.2191805054517728,0.6007031564638183,1.0830383163785446,1.1723703185167664
2016-10-25,1.2235684393358601,0.6104306037655423,1.0794091418169682,1.1686443035324978
2016-10-26,1.2001201718549133,0.5615569517129276,1.0772424072663096,1.1607022169817174
2016-10-27,1.190455813943108,0.5409922202393641,1.0743693970379646,1.155407652711421
2016-10-28,1.1832097877000944,0.5268041772735353,1.071193903065982,1.1481517414339157
2016-10-31,1.1801670533808462,0.5230842669004563,1.0712444220836006,1.1470735689239127
2016-11-01,1.160683966147058,0.48522751158227584,1.0634831340773827,1.138445066954521
2016-11-02,1.1619483107139321,0.48767626840329137,1.0570820773744232,1.1293265884513308
2016-11-03,1.1530189552867702,0.4562200746655387,1.0522436882520951,1.118247083134713
2016-11-04,1.1429236667238354,0.4379030450050696,1.0510846325020629,1.1143250295078582
2016-11-07,1.1600434064463512,0.46758822146903,1.074268629157902,1.1407984111984573
2016-11-08,1.1661741183072392,0.4797406917107511,1.0791067481250556,1.148249640682541
2016-11-09,1.164377844105324,0.4760666305210939,1.0905477297104684,1.1535448453404
2016-11-10,1.1356305384580445,0.41978845785849017,1.0932691828859578,1.1349153307581747
2016-11-11,1.1453012148385864,0.4326669138956775,1.090749085367144,1.1354057075341997
2016-11-14,1.120979552088687,0.38454910107904566,1.0916061976838876,1.1239336446417372
2016-11-15,1.1332728030120345,0.40922256786500955,1.1001234699198872,1.1395237998036412
2016-11-16,1.1618080413494574,0.4623356920642802,1.0980573231458417,1.1462890141113402
2016-11-17,1.1619908824429659,0.4617109564683168,1.1037016752052211,1.154623257995739
2016-11-18,1.1615098603045064,0.4630717969018365,1.1012321867557506,1.1503090470352657
2016-11-21,1.176324467681678,0.4934141165523626,1.1095482834385242,1.162271246558417
2016-11-22,1.177394442194416,0.4951621295782209,1.1117152881443573,1.1658006625609818
2016-11-23,1.1727554135407552,0.4848538951541375,1.1123202556316323,1.161094454363781
2016-11-25,1.1790846821588068,0.49563342164200724,1.1164529093866227,1.1648201491542682
2016-11-28,1.1769382393995833,0.491107899816721,1.1112113586923194,1.162172626873784
2016-11-29,1.1767051955720367,0.4892785005440681,1.1133788136567764,1.1661929799914907
2016-11-30,1.167925819855599,0.4722943905446238,1.110707159085107,1.152073875109216
2016-12-01,1.1578317496825306,0.4529383839006128,1.1066250243477351,1.1321699892775108
2016-12-02,1.1615499581404993,0.4606205490758758,1.1071795628691163,1.1344251140790407
2016-12-05,1.1562404002247277,0.4467000932293904,1.113832043987746,1.1432498147879095
2016-12-06,1.165012197746323,0.46258059644350136,1.1173601805140856,1.1459946759779018
2016-12-07,1.1778435853032052,0.48389263931610677,1.1319762058128569,1.1605060982906856
2016-12-08,1.1904742705134084,0.5046225727717708,1.1347479078507905,1.1625650243527383
2016-12-09,1.209272619482727,0.539133329853398,1.1416023749881694,1.1716835829043737
2016-12-12,1.2021710539795425,0.5265023642874362,1.1402919422887312,1.166389178730968
2016-12-13,1.219742091771408,0.5617643548625562,1.1479024837076168,1.1810965596378928
2016-12-14,1.2196763070950243,0.5615300019688185,1.1384270611196365,1.1786453161453312
2016-12-15,1.2263549248747647,0.5736073811696826,1.1431144334994578,1.1805081235163521
2016-12-16,1.2274714706100487,0.5764659186447081,1.1408786292758697,1.1761318750107566
2016-12-19,1.2354272087029958,0.5893730304726659,1.143362886208209,1.1809507113705215
2016-12-20,1.2386674241554378,0.5954163764416485,1.1477734395859638,1.1854744891608402
2016-12-21,1.2396826242945864,0.5973289445844874,1.1445794850103952,1.1845892334040562
2016-12-22,1.2319175545222583,0.582514376432205,1.1426023993921868,1.1812459300368583
2016-12-23,1.2337373436638925,0.5866945158658187,1.1442754703874358,1.1820323259636731
2016-12-27,1.2405384958124943,0.6002602563747508,1.1471144410638026,1.1881293758982936
2016-12-28,1.234727078761795,0.5905257823506366,1.137633885527508,1.178885541529734
2016-12-29,1.2344857626838044,0.5896579733521147,1.137380570025617,1.1772138097976896
2016-12-30,1.2254737449578017,0.5725576311749973,1.133223512253203,1.1651181695161912
2017-01-03,1.2311360005855665,0.5795742335356968,1.1418927918006825,1.1755418379203093
2017-01-04,1.232240022392254,0.5783199647329991,1.1486857536100161,1.181933946424376
2017-01-05,1.238053249497872,0.5895900321899632,1.1477734395859638,1.1886212735947796
2017-01-06,1.2527360958060163,0.6149101256775379,1.1518801584442089,1.1990451821442336
2017-01-09,1.2620547072934094,0.6346954865838383,1.1480774542089232,1.2029784425534333
2017-01-10,1.2629945893106573,0.6367618030077614,1.1480774542089232,1.2056335694362228
2017-01-11,1.2702668163627238,0.6490513332317117,1.1513221079055598,1.2088789735547953
2017-01-12,1.2629898321417943,0.638759855397868,1.1484326182115745,1.20701008250193
2017-01-13,1.2617259470741433,0.6350812267954394,1.1510688824553936,1.211140582280396
2017-01-17,1.2704436146609195,0.6527204570206785,1.1470129527699415,1.2075021402953068
2017-01-18,1.2705253250158095,0.652531806944756,1.1495478187716242,1.209960348002611
2017-01-19,1.2675793499832018,0.6483336768175447,1.1452892727053492,1.2093703909606093
2017-01-20,1.2703166325250135,0.6527204481899881,1.1494972097022809,1.2120255178433987
2017-01-23,1.2700014356864702,0.6529373015460751,1.1465060516109848,1.2130092331879254
2017-01-24,1.2700362062059831,0.652455676365947,1.1538570639589674,1.221171132769552
2017-01-25,1.2878640267517876,0.6672818918122241,1.163844340550769,1.2334636922265354
2017-01-26,1.2881940033446249,0.6676511125332242,1.1626274715934086,1.234741905801391
2017-01-27,1.2900190974939145,0.6683166321706048,1.1608027534935792,1.2371018140178436
2017-01-30,1.289022154109291,0.6664487490514709,1.1536032981984523,1.2274648617343216
2017-01-31,1.2862813901797874,0.6642530772565723,1.15350235021494,1.2250064138816812
2017-02-01,1.3554530163658374,0.7217963026193331,1.1539586423045534,1.2334636922265354
2017-02-02,1.3525355846107106,0.7197842648651739,1.1547188589654012,1.2323819175364932
2017-02-03,1.3571414240083823,0.7238749376404076,1.1626781707144767,1.2359217398369493
2017-02-06,1.3676076948219347,0.733034922195694,1.1605995067506825,1.2373971127326258
2017-02-07,1.3783956755976718,0.7424435511965511,1.16065056607865,1.2419204102322725
2017-02-08,1.3832229244541945,0.7464358128123438,1.1621715397106944,1.2439859803152868
2017-02-09,1.3930477161952934,0.7518045544263173,1.169066079865614,1.2485094379118242
2017-02-10,1.3897989198670153,0.7492985807637054,1.1736793396759164,1.2526395374480637
2017-02-13,1.4010551818975687,0.7584818895255264,1.1800673388787786,1.2597200625818745
2017-02-14,1.417820224430299,0.7721288890673458,1.1847820869829422,1.2639487017543016
2017-02-15,1.4209084363293418,0.7614714762705336,1.1909672897015318,1.2714219445608481
2017-02-16,1.4230648337001044,0.7626270997064689,1.1899533072801687,1.2710289066943314
2017-02-17,1.4210412926265776,0.7615426745815587,1.1918289946562406,1.2765358394900594
2017-02-21,1.4219901793447953,0.7620511874115629,1.1989265113988825,1.282829328309493
2017-02-22,1.4271962922567043,0.764841167668773,1.1978620099599009,1.2833213861028694
2017-02-23,1.4428464764824904,0.7732281745874603,1.198672925741817,1.2785024696946592
2017-02-24,1.4524017390915098,0.778348884507263,1.2001938993738615,1.2809613177895263
2017-02-27,1.4561383630483256,0.7803513587609978,1.2020695867499334,1.282534830079164
2017-02-28,1.4486685214457324,0.7763482357115438,1.198825203208471,1.278601009330847
2017-03-01,1.4587821155150416,0.7817681580720954,1.2156057117647805,1.292564900277648
2017-03-02,1.4513367118891565,0.7777781314486498,1.2079505947421139,1.2860747324280655
2017-03-03,1.457954072359442,0.7813244058724542,1.208711171609861,1.2884350408867447
2017-03-06,1.4510248551591727,0.7776110059685738,1.2051116240657471,1.2855833150222515
2017-03-07,1.4522817135176334,0.7782845622408923,1.201511716314734,1.2834200057875027
2017-03-08,1.4527187114074487,0.7785187514537767,1.1992813151946347,1.2856814544162127
2017-03-09,1.4572299247282157,0.7809363317702186,1.20080192861978,1.286664849566958
2017-03-10,1.4544165779857159,0.7794286460935775,1.2050099556684364,1.2920733227749435
2017-03-13,1.4615998963241583,0.7832782199857737,1.205618345121254,1.2942367120581375
2017-03-14,1.4692744843328054,0.7873910675917809,1.2010046350523278,1.2910899276241983
2017-03-15,1.465869942012056,0.7855665574398786,1.211397684716124,1.2990552282241212
2017-03-16,1.4664939427392454,0.7859009623478783,1.2090150061293707,1.2981701325642279
2017-03-17,1.467746797793918,0.7865723732309744,1.206891496406621,1.297717138412167
2017-03-20,1.4784341718536826,0.7922997869718399,1.2055679161553605,1.2988994539495302
2017-03-21,1.4602602516073782,0.7825602981168602,1.1900891052811824,1.2791907262275128
2017-03-22,1.4631486920290993,0.7841082268473909,1.1928895338193304,1.2878627745511584
2017-03-23,1.4669275638025332,0.786133341903634,1.1916165626374133,1.2846110466054055
2017-03-24,1.465570886520921,0.7854062922035701,1.1907509854585376,1.287271936976258
2017-03-27,1.4746841426390642,0.7902901287777556,1.1895289835528629,1.2893406289486398
2017-03-28,1.4823006400488115,0.7943718453601369,1.1981850254967952,1.2972244402312278
2017-03-29,1.4761452166820588,0.7910731251904829,1.1993052689534343,1.3032354380871303
2017-03-30,1.4846767973900146,0.7956452391919951,1.2031239123440112,1.305403230034817
2017-03-31,1.4867412895127154,0.7967516101756758,1.200323123598964,1.3045168535997986
2017-04-03,1.4821342675987885,0.7942826855860862,1.198235904721313,1.3037282163165147
2017-04-04,1.4803655204119255,0.7933348056966478,1.1989998135028779,1.3057974686280136
2017-04-05,1.4771237639478336,0.7915975332466381,1.1954355662348897,1.3004765684192072
2017-04-06,1.4800992995542406,0.7931921366939647,1.1987960264496325,1.3011661057271862
2017-04-07,1.4716554292790778,0.7886670271235865,1.1975741145956826,1.3004765684192072
2017-04-10,1.472778528824974,0.7892689014226943,1.198286603842381,1.3009692666001464
2017-04-11,1.479566588827006,0.7929066545238819,1.196861265142085,1.29535234724055
2017-04-12,1.482853981163397,0.7946683834512845,1.1916165626374133,1.2901291061350328
2017-04-13,1.4810814446425338,0.7937184728400338,1.1838771572003244,1.2850052851986022
2017-04-17,1.4893717324773692,0.798161276862373,1.1943660218993188,1.2956474858584415
2017-04-18,1.4931926423005828,0.8002089203060949,1.1908016845796057,1.2936768532315757
2017-04-19,1.4899376903455264,0.798464576330765,1.1886123470460197,1.2957465057853013
2017-04-20,1.507171312041836,0.807700154795256,1.198286603842381,1.3065861859597427
2017-04-21,1.5009871601273657,0.8043860388625237,1.194467870400079,1.306290487002734
2017-04-24,1.495809083014684,0.801611083121236,1.207604616015393,1.3220573891319027
2017-04-25,1.5165969331531761,0.8127513892301509,1.2146311719988845,1.3316163742296838
2017-04-26,1.5199185709015595,0.8145314704339974,1.2138675333724938,1.329743800948334
2017-04-27,1.5243839385831894,0.8169244818580168,1.2148859283283726,1.337725911721774
2017-04-28,1.5216831050177961,0.8154770925191839,1.2122381374637778,1.3400907829418365
2017-05-01,1.5150859806827461,0.8119416627348918,1.2152928720727898,1.3520147193081253
2017-05-02,1.5128050279157488,0.810719289479599,1.2157513254037986,1.354280570601328
2017-05-03,1.4756860888968133,0.7908270764631417,1.2142746572203609,1.3499453068997358
2017-05-04,1.4859473318317538,0.7963261245413026,1.2157006262827306,1.3504376048384483
2017-05-05,1.494354566910313,0.8008316011384872,1.2204866053012189,1.3553647467447298
2017-05-08,1.4856063452757329,0.79614338825122,1.2202829983514232,1.3583210959272551
2017-05-09,1.4954780607083247,0.8014336867191475,1.2191630250499585,1.3630516388518332
2017-05-10,1.4688297253793288,0.7871527191885843,1.2213520924283698,1.3638396357475544
2017-05-11,1.4656003759019702,0.7854220957007892,1.218857209392503,1.3627562600886056
2017-05-12,1.4704235599638191,0.7880068625963875,1.2168207796876447,1.3658107486650921
2017-05-15,1.4655247922148926,0.7853815900493979,1.223541790168855,1.3701463325604657
2017-05-16,1.452984982094617,0.7786614471603138,1.222421546712216,1.3758621117500311
2017-05-17,1.4260587228988468,0.7642315389297641,1.2007309678606295,1.340878859886003
2017-05-18,1.4315190439338228,0.7671577505089955,1.2055679161553605,1.3526057970283616
2017-05-19,1.4435090150062915,0.7735832320808969,1.2134093501966594,1.3583210959272551
2017-05-22,1.4547447173766312,0.7796044975277971,1.2195701488978254,1.3697521740157144
2017-05-23,1.4542403114604885,0.7793341840383532,1.222268818986938,1.3711318890192346
2017-05-24,1.4649609214320225,0.7850794090597721,1.225120036697879,1.3774387459290363
2017-05-25,1.4637576238501033,0.7844345562580927,1.230975650103663,1.3891655229745041
2017-05-26,1.477042392271284,0.7915539257846201,1.2307211639293494,1.391629574218317
2017-05-30,1.4801506884191864,0.7932196762270227,1.2296516195937786,1.3928115695618988
2017-05-31,1.4778823524057605,0.7920040643489745,1.2293459840397727,1.392318951429405
2017-06-01,1.4833254605935768,0.7949210514829125,1.2391225395955183,1.3977387114681805
2017-06-02,1.4710357412814827,0.7883349334275462,1.2432465483849269,1.413703253208842
2017-06-05,1.4651631293452643,0.7851877732261554,1.2423305422401574,1.413407234058052
2017-06-06,1.461125143629647,0.7830237977964832,1.2383589910208526,1.4077903947469008
2017-06-07,1.4667851137400798,0.7860570022489614,1.240649996951749,1.4133086143734188
2017-06-08,1.4528299499756954,0.7785783647227361,1.2412609078528616,1.4147867889646815
2017-06-09,1.4512296237238116,0.7777207424000163,1.239376935718107,1.3794095386527927
2017-06-12,1.473232677193947,0.789512281657568,1.2391225395955183,1.37201882579337
2017-06-13,1.4664905698159458,0.7858991547825079,1.2451816698993734,1.3831537246341485
2017-06-14,1.4615006853231887,0.7832250523463685,1.2436030631634505,1.3771430469720274
2017-06-15,1.4646129918010826,0.784892951943369,1.2412102987835183,1.3710337496252731
2017-06-16,1.4550205857322462,0.7797523366697399,1.241481354475197,1.3650845491691572
2017-06-19,1.4595145932320572,0.7821606963062637,1.251816771035115,1.38791020325501
2017-06-20,1.4395007284385624,0.7714351725634734,1.243374511885882,1.3770407450589097
2017-06-21,1.4524896449390117,0.7783959936620535,1.2430672554008297,1.390676837622129
2017-06-22,1.4468790702743624,0.7753892604599809,1.2425046122242154,1.3902817184960339
2017-06-23,1.4474576378698873,0.775699317540242,1.2439884845456382,1.395617907957896
2017-06-26,1.459260904601357,0.7820247433826314,1.2448071447758877,1.3890963611177485
2017-06-27,1.4515582807934826,0.7778968712607017,1.2347783543389488,1.3638990316939812
2017-06-28,1.4778347862625534,0.7919785734303738,1.2458304025249063,1.3835627721897292
2017-06-29,1.4558196243020594,0.7801805451762107,1.2348812834604068,1.3595511203380286
2017-06-30,1.462686854584535,0.7838607260009476,1.2371836359086295,1.3600453394394287
2017-07-03,1.4707572204219588,0.7881856727963525,1.2392805803725602,1.3457179485024338
2017-07-05,1.4583330312934526,0.7815274917374887,1.2421462063594708,1.3589584416488858
2017-07-06,1.435554975406018,0.7693206250600095,1.230787802205709,1.3467062266083434
2017-07-07,1.4387438962438708,0.7710295826508186,1.2387697169377119,1.361231177108386
2017-07-10,1.4452635748115985,0.7745235088862078,1.2400996008097092,1.3701250396740108
2017-07-11,1.462555181031705,0.783790161528181,1.2391789119752494,1.373978411734782
2017-07-12,1.4762645872741214,0.7911370964490356,1.2484908006309745,1.3902817184960339
2017-07-13,1.4730066779383026,0.7893911675995244,1.250588645612153,1.393345172498396
2017-07-14,1.4857480857483771,0.7962193476333949,1.2564215659832851,1.4043130902822387
2017-07-17,1.4808862463977306,0.7936138651877486,1.2562679377407588,1.4050050290435772
2017-07-18,1.4959851192806493,0.8017054217794447,1.2569334199871065,1.4143919900323676
2017-07-19,1.5063452083431317,0.8072574419596344,1.2637380885206655,1.422692053230615
2017-07-20,1.5129720289147386,0.8108087860959796,1.2643011819559036,1.4245698296609108
2017-07-21,1.5142050216354954,0.8114695526614387,1.2631754453440511,1.4239768307779868
2017-07-24,1.5121912469196719,0.8103903613732966,1.2628684590141732,1.4304986978119159
2017-07-25,1.5067221909336768,0.807459468692963,1.2659384123646782,1.4268422449266296
2017-07-26,1.5168466588001506,0.8128852183722692,1.2659895617443704,1.4314866557240442
2017-07-27,1.5394668956325464,0.8250075090800717,1.2648125857011008,1.4224946537644583
2017-07-28,1.541677214162548,0.8261920291174193,1.2633288934831277,1.4213089761923916
2017-07-31,1.5427605848436325,0.8267726125320726,1.262612802167437,1.4152814883567535
2017-08-01,1.5551464219225697,0.8334102405482092,1.2654265583608568,1.4185420216314915
2017-08-02,1.5290211384998438,0.8194095789804019,1.2660410713309618,1.4223960340798252
2017-08-03,1.522435864696453,0.8158804999514482,1.2635848204850384,1.4168626052486966
2017-08-04,1.505552446936991,0.8068325974145318,1.265887262984986,1.4194313598589867
2017-08-07,1.4943192441594109,0.8008126715110815,1.2682409449163505,1.428423682012354
2017-08-08,1.5049696767661902,0.8065202881545259,1.2651196620827037,1.4259533869898062
2017-08-09,1.4521335952412437,0.7782051849638613,1.2650688729099107,1.4240751302688388
2017-08-10,1.4257617186981772,0.7640723729896078,1.247211795983495,1.3935432123521154
2017-08-11,1.4349023703617199,0.768970890964695,1.2490534438075886,1.4041161711067538
2017-08-14,1.4316127979136744,0.7672079937052607,1.2614358261241674,1.4221979942261056
2017-08-15,1.4293630493791527,0.7660023429440862,1.2612823779850908,1.4231862723320154
2017-08-16,1.4389947793833768,0.7711640320985982,1.2634823416222043,1.4256568875483442
2017-08-17,1.42506119936677,0.7636969614037488,1.2437838870268694,1.3965072461853913
2017-08-18,1.4198536425407038,0.760906207346189,1.2418394001330424,1.3955186478857005
2017-08-21,1.4218302651269124,0.761965488634319,1.2428116886058183,1.3937401315276006
2017-08-22,1.4490363540885958,0.776545358945117,1.255807593323529,1.4149849889152915
2017-08-23,1.4354667454748888,0.7692733422272868,1.251305187186468,1.409945458991782
2017-08-24,1.437424428869294,0.7703224739139554,1.2483884118198652,1.4057955874895487
2017-08-25,1.441460298191102,0.7724853151582871,1.251305187186468,1.4028307531718196
2017-08-28,1.4424553703043699,0.7730185789574968,1.2513562465144354,1.4071786645277722
2017-08-29,1.4438172069848603,0.773748393603549,1.2527887893527163,1.412712413552682
2017-08-30,1.4542302631183222,0.779328799084791,1.2587241885866822,1.4293130202398492
2017-08-31,1.4379744387958278,0.770617226805847,1.2662966381259733,1.444628208992082
2017-09-01,1.4397737318819686,0.7715814763855641,1.2680873166738242,1.442652773458497
2017-09-05,1.439416328373139,0.7713899421736934,1.2589800255368682,1.4297076590752724
2017-09-06,1.4409222494202851,0.7721969723056838,1.2632778341551605,1.434056050721897
2017-09-07,1.3911898994416738,0.7455451733660944,1.2631242059126342,1.4374150435843773
2017-09-08,1.3935088462409992,0.7467879078010006,1.2616405136946611,1.424964468496334
2017-09-11,1.4036974413330487,0.7522480235604003,1.275097123036501,1.4413676757173441
2017-09-12,1.410218043776692,0.7557424449052136,1.2793946614996188,1.4448260887489108
2017-09-13,1.4232419324830299,0.7627220077724859,1.2800090844179988,1.4468021646700584
2017-09-14,1.423447597188491,0.7628322244499861,1.2795997993287365,1.4383043818118726
2017-09-15,1.4293865265933734,0.7660149244929846,1.2813223087209062,1.443245292050749
2017-09-18,1.4262742836453959,0.7643470589419634,1.2840470938102138,1.4413534270940773
2017-09-19,1.4289043122770249,0.7657565035856548,1.285332852337054,1.4438296457015787
2017-09-20,1.437199844953087,0.7702021183429363,1.2857956281508536,1.439373348750664
2017-09-21,1.4327733756446661,0.7678299527390381,1.2823503392113396,1.4305595346303583
2017-09-22,1.4327185608218544,0.7678005772191377,1.2826075269373975,1.4291729354605407
2017-09-25,1.4316637439766984,0.767235295938698,1.2799854908660986,1.4141209459965172
2017-09-26,1.4221596467890703,0.7621420058075074,1.2807566938373733,1.417785403726335
2017-09-27,1.4337237081025926,0.7683392403477138,1.2857442986677117,1.4305595346303583
2017-09-28,1.423773176473884,0.7630067039116832,1.2872867046102612,1.430064034753833
2017-09-29,1.4329404384657822,0.7679194824861864,1.2918118037819744,1.4403635480192614
2017-10-02,1.4536362874185143,0.7790104847293852,1.2974165330824372,1.4416499265355394
2017-10-03,1.4698184534821341,0.7876825832029165,1.3001929178100609,1.4447205848979803
2017-10-04,1.469010947147614,0.7872498367817371,1.3017355939077846,1.4461063835833445
2017-10-05,1.4696835675071447,0.7876102971780907,1.3094486141895043,1.4602679141416386
2017-10-06,1.4692138855997385,0.7873585924473243,1.3079573576266472,1.4622486328726145
2017-10-09,1.4663109878867466,0.7858029159867884,1.3057980973691479,1.4605653741644444
2017-10-10,1.4688213421055534,0.7871482265529605,1.3092430261017627,1.461654513311456
2017-10-11,1.4632375383345948,0.7841558399980175,1.311299717444703,1.4660117102870658
2017-10-12,1.4519714917019217,0.7781183129190201,1.3093456850680463,1.4633380922134076
2017-10-13,1.4572543359081593,0.7809494138357145,1.310939690648912,1.4689826282866392
2017-10-16,1.4699835943322532,0.7877710829568183,1.3126877747309278,1.4740330447987122
2017-10-17,1.467611025597896,0.7864996122761522,1.3136135965137015,1.4759145034574925
2017-10-18,1.4646926002107603,0.7849356144624235,1.3148989047819177,1.4741321447740172
2017-10-19,1.4697862966170647,0.787665350188536,1.3152587514742593,1.4686854884576146
2017-10-20,1.4780018721520465,0.7920681155399726,1.3220462201283796,1.4726467658226758
2017-10-23,1.470071043243319,0.7878179472372361,1.316904356693441,1.4630411124812737
2017-10-24,1.4669805797515791,0.78616175339867,1.3192183258141643,1.4655168507981031
2017-10-25,1.4630466750492848,0.7840535554707988,1.3126877747309278,1.459971254603286
2017-10-26,1.4835500786955216,0.7950414253742274,1.314384889536701,1.4553169177986518
2017-10-27,1.4910474356951844,0.7990592940536538,1.3251316623755518,1.497700808529322
2017-10-30,1.4931417116862593,0.8001816263516881,1.3201952069249057,1.5010678062363343
2017-10-31,1.504223624038902,0.806120475008866,1.322251988319571,1.5067118620188937
2017-11-01,1.5116552429470498,0.8101031143376086,1.3240006127119357,1.5062171626268217
2017-11-02,1.4998437421376543,0.8037732758143497,1.3245145379054275,1.503345184505663
2017-11-03,1.5110966076077759,0.8098037390466906,1.3289367079556826,1.5178033746023094
2017-11-06,1.537352011488842,0.8238741327766639,1.3309933992986231,1.5229527309927968
2017-11-07,1.544719801028033,0.8278225656480682,1.330068207877923,1.5238433499954172
2017-11-08,1.5391930124544082,0.8248607338040228,1.3323302171534308,1.5299837061389554
2017-11-09,1.5687667070118752,0.8407094150263141,1.327496960979417,1.5219623716273087
2017-11-10,1.605384193844325,0.8603328974708646,1.3270856947522087,1.5218632716520037
2017-11-13,1.6122843318757263,0.8640307137121523,1.328319673537283,1.5237450505045653
2017-11-14,1.5915556573232588,0.8529221200765378,1.3252347716004595,1.5181994543097483
2017-11-15,1.6064658307846755,0.8609125517657499,1.3186013814474897,1.5110693791882848
2017-11-16,1.617277398208413,0.8667065213111904,1.3298106599449657,1.5303796257495037
2017-11-17,1.6372209736275953,0.8773943766495605,1.3259027752951018,1.5245367296287713
2017-11-20,1.6389786059344218,0.8783363000228058,1.3281653248809584,1.5233488107002358
2017-11-21,1.669191171375768,0.8945273551396108,1.3368554964285937,1.5398863392124913
2017-11-22,1.6733172556539104,0.8967385430009558,1.3356725769714866,1.5417677978712716
2017-11-24,1.6726217404507453,0.8963658131508248,1.338757568960035,1.5474126541382844
2017-11-27,1.599345444230643,0.8570967033111355,1.3380892951102183,1.5467195946987116
2017-11-28,1.6212679383662971,0.868845070444582,1.351664142366734,1.5506807119668824
2017-11-29,1.6100189599113202,0.8628166902818358,1.3508412497054183,1.523646110626151
2017-11-30,1.6059496068445074,0.8606359049419605,1.362668012879918,1.536420241530174
2017-12-01,1.6014266890530147,0.8582120521449181,1.3598394882036293,1.5298849263574315
2017-12-04,1.6468527667336246,0.8825560996206249,1.3581945133465212,1.5122579385043828
2017-12-05,1.6186201036576553,0.8674260834409449,1.353309657534191,1.513247817579199
2017-12-06,1.5980537568099265,0.8564044819814668,1.3535664850533498,1.52008123316231
2017-12-07,1.6064254082675526,0.8608908891497775,1.3578346666541794,1.5252305895527973
2017-12-08,1.5980512049044628,0.8564031144033943,1.3652386294163505,1.531964584966822
2017-12-11,1.6308304075914135,0.8739696424236545,1.3693525524125802,1.5438477766744434
2017-12-12,1.635825277863009,0.8766464167619903,1.3717693606030368,1.5417677978712716
2017-12-13,1.6198661171575868,0.8680938279028587,1.3716151019984368,1.544738715870845
2017-12-14,1.6627440395482371,0.8910723070415765,1.3660101025427995,1.543650057014505
2017-12-15,1.6712194858496843,0.8956143383521139,1.377385346369101,1.5611773045046862
2017-12-18,1.6752704530805078,0.8977852706364964,1.3861196432618932,1.5742665060894854
2017-12-19,1.6765571137506285,0.8984747981070115,1.3807965057049119,1.5649383006595592
2017-12-20,1.6394089140067898,0.8785669041312334,1.3800728500443369,1.5632513597229043
2017-12-21,1.6399986754383997,0.8788829600406035,1.382914972531072,1.563450200061077
2017-12-22,1.6223608915834444,0.8694307891851265,1.3825536850111335,1.561663678858445
2017-12-26,1.6149905935937676,0.8654810120233752,1.3808999751367188,1.5532291342720614
2017-12-27,1.6160099241292487,0.8660272760244995,1.3815714908486285,1.5534266938351091
2017-12-28,1.6116143817355575,0.8636716842988424,1.3844141536457126,1.5553127953037178
2017-12-29,1.6041347450245538,0.8596633120049818,1.3791943054170885,1.5456868096572045
2018-01-02,1.6692605569028187,0.8945645391680566,1.38906532523216,1.572778085297222
2018-01-03,1.6858518318338527,0.9034558809969373,1.3978517620736175,1.5880607743806552
2018-01-04,1.6928214619716555,0.9071909383830434,1.403743216065876,1.5908387756270095
2018-01-05,1.714698482074053,0.9189149357693968,1.4130975190839867,1.6068166054095938
2018-01-08,1.6921266313811167,0.9068185754200208,1.4156820936377645,1.6130672683107816
2018-01-09,1.6923285441790532,0.9069267814327319,1.4188864041616864,1.6131663682860868
2018-01-10,1.6863833376164687,0.9037407174315639,1.4167159774903106,1.6093957663177756
2018-01-11,1.7183453736803282,0.9208693220368209,1.427051664205403,1.6204110727812473
2018-01-12,1.7258103498195227,0.924869837661685,1.4363546377403718,1.6323190795069176
2018-01-16,1.686273365485559,0.9036817828522966,1.4314452878588932,1.6276552969857359
2018-01-17,1.7085037615210799,0.9155951560538635,1.4450890246848886,1.6452198470514354
2018-01-18,1.6921705151692474,0.9068420929473135,1.4426605998219317,1.6455179474618038
2018-01-19,1.7161000901526002,0.9196660640936686,1.4492234794743752,1.6506775500532922
2018-01-22,1.7482646724239794,0.9369032141587943,1.461007558131315,1.6683418404818595
2018-01-23,1.737418987199928,0.9310909607246048,1.4641084892751548,1.6821353082885762
2018-01-24,1.7318801525741123,0.9281226733448535,1.4635397225812534,1.671219421994191
2018-01-25,1.7401287674906891,0.932543144655404,1.464160178965196,1.6706240216579074
2018-01-26,1.7676723508910905,0.9473038798142901,1.4811118758503696,1.6962263962149893
2018-01-29,1.754811621296855,0.9404117546782487,1.4712919153632655,1.687989891482325
2018-01-30,1.738750106550569,0.9318043138099333,1.4562007771643954,1.674097483797194
2018-01-31,1.7350123272205253,0.9298012203862822,1.4569247029801449,1.6810439277850955
2018-02-01,1.733005951354143,0.928725994176158,1.4552707229505555,1.6667541596174005
2018-02-02,1.7037828833724298,0.9130652153756079,1.4235895355933494,1.6335098801794847
2018-02-05,1.6316565910322245,0.8744123979934426,1.3640513874764526,1.5691067434011063
2018-02-06,1.6546998490614486,0.8867613877389925,1.3909262441253631,1.6106861472563194
2018-02-07,1.6385877899824512,0.8781268599263933,1.383380449896616,1.589846815292615
2018-02-08,1.5774634893704926,0.845370061365023,1.331491655491998,1.5227639767587344
2018-02-09,1.5987252542040107,0.8567643405753853,1.3514927739344202,1.5490610117242956
2018-02-12,1.6056254478293335,0.860462186609716,1.37133846309982,1.5765485271686424
2018-02-13,1.6352251857527913,0.8763248245936401,1.374749532383906,1.5846865723135641
2018-02-14,1.638417206287354,0.8780354433264125,1.3933036997120776,1.6143576492493257
2018-02-15,1.668634398950393,0.8942289781929633,1.4110823415861837,1.6443268265954556
2018-02-16,1.682887875164169,0.9018674827559521,1.411495498899613,1.6369827019312089
2018-02-20,1.6842274360821943,0.9025853597167212,1.4026583629370875,1.6402582843136666
2018-02-21,1.6652775573228216,0.8924300310656197,1.3956806149884433,1.6355943416955943
2018-02-22,1.6751829745731381,0.8977383904952809,1.3974901143467797,1.6353955013574215
2018-02-23,1.6985869024896496,0.9102806649201929,1.4197644985303108,1.668837340358385
2018-02-26,1.7450577643811906,0.9351846171407382,1.4362512583602896,1.6909673734544146
2018-02-27,1.6791126693262473,0.8860133967577943,1.4183174573643356,1.6700284612247331
2018-02-28,1.6724107589209414,0.879060272265253,1.40395015492949,1.659311575365411
2018-03-01,1.6470096350560892,0.8324797393881984,1.3835357891219138,1.6322196593378313
2018-03-02,1.6573871057000504,0.8496134828638906,1.3906676155717081,1.647204728301568
2018-03-05,1.6661664506752745,0.859804894211531,1.4067407678296338,1.665463938775747
2018-03-06,1.6687139516791163,0.8594052421161614,1.4103070862872926,1.672509802932735
2018-03-07,1.6532493701759263,0.8335482187763102,1.4097900092834323,1.6763793447794606
2018-03-08,1.6700357094520195,0.8627587667614094,1.4166125080585037,1.6856090906216443
2018-03-09,1.6952683164993565,0.909422164143935,1.4412648881390981,1.7183567495048002
2018-03-12,1.710200352170121,0.9359479114136826,1.439455748987661,1.727485634305882
2018-03-13,1.691972966641798,0.9075689103727653,1.430153315763041,1.7039672409742377
2018-03-14,1.682682410310307,0.8854315614771422,1.4228146405013575,1.7036694607576506
2018-03-15,1.6826047043731909,0.8875012272388927,1.4212637696966761,1.7021808798684963
2018-03-16,1.6768196325778235,0.8773948897905613,1.4228046447599036,1.6971198969616412
2018-03-19,1.6520603803480374,0.8345951552130657,1.403554377598949,1.660909982721543
2018-03-20,1.6533453482325142,0.834413157548745,1.4059410184615941,1.6663764910523848
2018-03-21,1.6240379358594192,0.7769340295429409,1.4032425284759313,1.6591204196779892
2018-03-22,1.6009378683992912,0.7393831620966369,1.368165490576132,1.6181695562154215
2018-03-23,1.5631181044746119,0.6814976611531047,1.339003410168767,1.575528709975277
2018-03-26,1.6298136841236,0.8014810432442325,1.37563735233881,1.634072620750078
2018-03-27,1.5908484394663802,0.7377284990380714,1.35223543050893,1.5811946990318542
2018-03-28,1.5719424384275105,0.7070499900744212,1.3482396553756513,1.5630044903175402
2018-03-29,1.5883261031441394,0.7281342591153923,1.365467090642194,1.591631095138778
2018-04-02,1.573992808042437,0.7083367914829573,1.335994061629059,1.5457092232218939
2018-04-03,1.5890436409400275,0.7331414324226933,1.3531174871534462,1.5631039104866264
2018-04-04,1.6178462554823283,0.7804499390227865,1.3675945626408352,1.5877545090288643
2018-04-05,1.6303539811911834,0.7991954454642978,1.3783877121179635,1.5967993429623608
2018-04-06,1.5903910306591489,0.7344280947458184,1.3476690876472537,1.556842521093766
2018-04-09,1.6013077142221752,0.7557344392414616,1.354310852610631,1.5677756978523403
2018-04-10,1.631576929047867,0.8052742364285841,1.3758447414610477,1.6023655916560702
2018-04-11,1.6238061051139838,0.7924527351603473,1.3686323187175482,1.5931220774812918
2018-04-12,1.636907101594217,0.8170218000992566,1.3798922963360924,1.6123047268206718
2018-04-13,1.6398052462535464,0.8244497395842594,1.3758447414610477,1.6039559941676702
2018-04-16,1.6474755183686391,0.8387998026231129,1.3871567689765325,1.6161816331243668
2018-04-17,1.6718832031597315,0.8740122789742641,1.4019972031735308,1.6509702071693788
2018-04-18,1.6885468470712195,0.8800541061427811,1.4030348691985188,1.6543498525307516
2018-04-19,1.6501621014853396,0.8323172571860036,1.3952516986231722,1.6391419286952464
2018-04-20,1.595195955374162,0.767659547012702,1.3834209731727807,1.6131998285362301
2018-04-23,1.5976773918679372,0.7657365239335638,1.3832134039470931,1.6091245621850343
2018-04-24,1.5813998118617802,0.7456838683661096,1.3645849439459532,1.5750316091298453
2018-04-25,1.5786232251453298,0.7472225853452155,1.3679580114021692,1.5769196317611418
2018-04-26,1.5975681151646477,0.7592395381056847,1.381864068902537,1.6101182835852257
2018-04-27,1.5964848730723837,0.74891369181969,1.3831613540501528,1.611112004985417
2018-04-30,1.6230295405197044,0.7768787433467362,1.3725239940569465,1.5996820475751925
2018-05-01,1.6590610107965507,0.8165968667415797,1.3749626848165317,1.6179705557803583
2018-05-02,1.6917605103168625,0.8765042459202577,1.3657262595061979,1.6084284609045394
2018-05-03,1.6706099401170382,0.8670432144695566,1.3627168209147653,1.60823042105082
2018-05-04,1.6748281138279566,0.9082878770435241,1.3803594846844078,1.6387444081157916
2018-05-07,1.69021642356406,0.9231133902947717,1.3850291168744415,1.6523616092459157
2018-05-08,1.714855295706843,0.9403277600521266,1.3850291168744415,1.6506721067590107
2018-05-09,1.7481643367348367,0.9651743980426313,1.3984164764399023,1.6686623544569172
2018-05-10,1.7773893444721387,0.9961334612582187,1.4114928873995936,1.6859576215525636
2018-05-11,1.7563434095094248,0.9747545520648759,1.4157998812938164,1.6843673791378542
2018-05-14,1.720623165003279,0.9524014531012509,1.4164743687126449,1.6872499236537952
2018-05-15,1.70383752070869,0.9332154356406364,1.4067190653639543,1.6685630943847216
2018-05-16,1.7457625930141587,0.9654744620316078,1.412634293011563,1.6795964917968353
2018-05-17,1.7343067562774483,0.9517080023449604,1.4114408375026533,1.673135461581349
2018-05-18,1.7218805827254715,0.9409187512108075,1.4079122507176898,1.664488148227307
2018-05-21,1.7250554533362794,0.9503682114718599,1.4184981011243047,1.6738312426680626
2018-05-22,1.7225606500062884,0.946179531035741,1.4145541957845167,1.671644639335726
2018-05-23,1.7167138119822176,0.9503041739073812,1.4184459611756397,1.6857586211175004
2018-05-24,1.7267927332551292,0.9540487370341988,1.4155402621711886,1.6852615202720687
2018-05-25,1.7227747724711833,0.954364265716358,1.412167825077046,1.686951342952755
2018-05-29,1.7116339425432694,0.9439159006659518,1.3959263661454502,1.6794967514339678
2018-05-30,1.7287247364058533,0.9504192966071079,1.4145541957845167,1.6915237101493823
2018-05-31,1.71300950686603,0.9380961427412313,1.4058886083577546,1.6904310488707766
2018-06-01,1.7181346353625946,0.9615920974552176,1.419691826788389,1.7169688695598577
2018-06-04,1.7351435740060879,0.9800988194777898,1.4264367910283988,1.7324752139995125
2018-06-05,1.7645199096453006,1.004719198367353,1.427474907312011,1.7378424622581585
2018-06-06,1.7794762934721677,1.0166056745056415,1.4394088320390348,1.7479807579547142
2018-06-07,1.7525440715403953,0.9991425807443957,1.4392537629689117,1.7337670358100723
2018-06-08,1.7399691714908694,0.9814766829275405,1.4435085268627448,1.7338669362698305
2018-06-11,1.742090658208317,0.9793639620031551,1.4454287898425977,1.7385380832479818
2018-06-12,1.7659785700966393,0.9983714924133926,1.4472964626151614,1.7476826575443458
2018-06-13,1.7841522361500528,0.9979552657155557,1.4426781599082696,1.7475833974721502
2018-06-14,1.9044843052634788,1.0613675845505848,1.4463105763319393,1.7652752245659074
2018-06-15,1.9873652389492287,1.0924310229995815,1.4444653264388532,1.7591127750514612
2018-06-18,2.047246697125917,1.1228065912709857,1.4414947001408138,1.7580971203772524
2018-06-19,1.9734401590191082,1.0652543199285514,1.4359699367719825,1.7531169864001694
2018-06-20,1.9164595695142643,1.040286016123084,1.438419433738545,1.765567881681994
2018-06-21,1.8682596007108712,1.0085037981830087,1.429402194326399,1.7502278779117122
2018-06-22,1.8150421532765422,0.9770826435448473,1.432008651449306,1.7463436071510479
2018-06-25,1.7684397745797977,0.935028849408116,1.412514254062391,1.7069980352109095
2018-06-26,1.7840945488454278,0.9573106664954719,1.4156418405167743,1.7139705749919851
2018-06-27,1.7413905247892145,0.9331763142027274,1.4039143143430155,1.6906615883932956
2018-06-28,1.805284063576159,0.9749088922646476,1.411941525092598,1.7052049500357616
2018-06-29,1.7782926403358719,0.9582809627691582,1.4139735422629405,1.7097867629489367
2018-07-02,1.7979154571594549,0.9813718943943659,1.4169975692337922,1.7212420156678823
2018-07-03,1.761381785179299,0.9418414570779015,1.4119934849378135,1.701320359081316
2018-07-05,1.7561549537723302,0.9482043606211392,1.4235125413686367,1.7224371389564965
2018-07-06,1.7652366861004676,0.969000723931879,1.4355529972861112,1.7492323954457238
2018-07-09,1.788719225869776,0.9975321086814843,1.4484792920205436,1.7649699197954603
2018-07-10,1.7742110453046838,0.9884795016507364,1.4536913057491092,1.766265263737614
2018-07-11,1.758562044259881,0.9646639543070307,1.4430583582904184,1.757300318152546
2018-07-12,1.8108862788149884,1.011796186472949,1.4561404425087725,1.7875816844354204
2018-07-13,1.8081819242473154,1.0122086727115789,1.4572877915345797,1.789075388425075
2018-07-16,1.8093695200004483,1.0100215028920503,1.4559847430765758,1.7847924764067213
2018-07-17,1.7960629963150898,1.0064774631219087,1.461874486086063,1.795650247529805
2018-07-18,1.7816990179422216,0.9922654191870286,1.4649493922814325,1.7922635579052442
2018-07-19,1.792184977066153,1.006974417943349,1.4594243587574267,1.7832981320295043
2018-07-20,1.781621956590254,0.9985871694472995,1.457756870969116,1.7828996508687058
2018-07-23,1.8029285806532842,1.0105906877011381,1.4604667975238297,1.7885778072889713
2018-07-24,1.7799339201695035,1.0073369856814074,1.4678158287338665,1.7959486681339547
2018-07-25,1.803726868412355,1.0311633368149364,1.480325454137602,1.8210500995202297
2018-07-26,1.7890170246054367,1.0195567753900705,1.4768331581977372,1.7934586811938584
2018-07-27,1.7560711138020664,0.981931060843745,1.4668260702264775,1.7692533121044856
2018-07-30,1.6915101010011235,0.9412596579165293,1.4591642893761747,1.744251781177969
2018-07-31,1.6681451366820759,0.9314423737705846,1.4663567206367665,1.7575990589504769
2018-08-01,1.7407614253647503,1.0399290745711212,1.4639067734115798,1.7642731781274028
2018-08-02,1.8184235047567539,1.117540316499075,1.4718816641090475,1.7882785862003685
2018-08-03,1.8256386948192882,1.1250220252746779,1.4781885267078558,1.7937572618948987
2018-08-06,1.8418026862869334,1.140101655954711,1.4836092803345313,1.804315651832489
2018-08-07,1.8670392393964517,1.1409456625804468,1.4885090847331799,1.8108893902589847
2018-08-08,1.864379856763612,1.1403742979806408,1.4878835854526482,1.8130809565949313
2018-08-09,1.945732718233526,1.193102021692288,1.485850937920232,1.8119855736691846
2018-08-10,1.8534199731279781,1.1347204018003605,1.475895179432114,1.7981399142761199
2018-08-13,1.8094811106920932,1.1199860057501836,1.4703700558563833,1.7961478286659087
2018-08-14,1.8099814193446764,1.1257658541765776,1.4797514644436618,1.8074034405622283
2018-08-15,1.8112201771309038,1.129417257233515,1.4687026581197975,1.785290057542825
2018-08-16,1.804186942607326,1.145045839967101,1.4805863339843772,1.7911670543012632
2018-08-17,1.802941979792572,1.1711068919548264,1.485798257661218,1.791565855655843
2018-08-20,1.7968340542437669,1.154389446571638,1.4889780741159915,1.7899724113033209
2018-08-21,1.8129484260802458,1.1601499844604817,1.4924706402110308,1.7965459896329259
2018-08-22,1.807779267424268,1.1574471167645075,1.4915842610837238,1.803518689510892
2018-08-23,1.8166642497203074,1.1647943086843933,1.4896034833447984,1.8009289622079283
2018-08-24,1.7855812163851457,1.1527089840048421,1.4985688529634538,1.8176629296049969
2018-08-27,1.8026070128875453,1.172623716146928,1.510400568982818,1.8361899821772136
2018-08-28,1.8053300138623496,1.1850673372800606,1.5111300780055055,1.8388797700368262
2018-08-29,1.8163056329513818,1.211373690874103,1.519261208445519,1.8600970907593275
2018-08-30,1.816515480515547,1.2242983434863333,1.513110855744431,1.8568095011100718
2018-08-31,1.8315087982949467,1.2484249922590782,1.5131629056413713,1.8592000678810816
2018-09-04,1.8364459908350148,1.25534786935838,1.5105569888288133,1.8512315653433458
2018-09-05,1.8181178984357564,1.2363402456263928,1.506491243505357,1.8273247769550132
2018-09-06,1.7813655727017044,1.1933427293180605,1.5019562386439147,1.810989290718743
2018-09-07,1.801188422325574,1.1816001604411583,1.4990376622428156,1.8040167509376674
2018-09-10,1.7926330862241249,1.1596166266847596,1.5016431287967495,1.8100930683249503
2018-09-11,1.8244255273765289,1.2380856769257056,1.506595613454412,1.824038307983992
2018-09-12,1.8056707724256889,1.2211580563037145,1.5069597826295447,1.8186595327492199
2018-09-13,1.8091493680104231,1.2309988048992229,1.51587292224781,1.8380828077152294
2018-09-14,1.8012309174270758,1.2053372902516708,1.5161344324566588,1.8327043526742384
2018-09-17,1.7651500488428842,1.1290798791775596,1.5081069515519019,1.8063075773458097
2018-09-18,1.7823397822538842,1.170087500155192,1.5162898617336813,1.821249099955293
2018-09-19,1.766828265406126,1.1490721405106583,1.5179061100905749,1.8198549762316154
2018-09-20,1.7933187570849392,1.1841246345588756,1.53020717569965,1.8399759534470261
2018-09-21,1.7720119766697358,1.1420305334461993,1.528808852516797,1.8299156249362114
2018-09-24,1.7883062743926266,1.157645151819467,1.5237302954444003,1.835004304605147
2018-09-25,1.8216005399936657,1.215239381385938,1.522315943054531,1.837498774258181
2018-09-26,1.8203205874304407,1.2108258551538302,1.5177611268136304,1.838796679750585
2018-09-27,1.845356602416772,1.259103646640763,1.5220022028452924,1.854363540814901
2018-09-28,1.8376564488759248,1.2434527666115078,1.5221590729499117,1.8539645793634307
2018-10-01,1.8297393262578763,1.2371373497669964,1.527447630644566,1.857755993927525
2018-10-02,1.8203374918296986,1.201956135227071,1.5265571991896425,1.8535654578150698
2018-10-03,1.817189876754977,1.1859211643551426,1.5273948603338272,1.8555607453630938
2018-10-04,1.7626347802190545,1.1179927311108193,1.5154568832791868,1.8199367857427315
2018-10-05,1.738722671735636,1.0845229597740664,1.506975271526212,1.797683638137801
2018-10-08,1.708360630081345,1.045961326102465,1.506975271526212,1.7867072352187543
2018-10-09,1.7157122009823014,1.0552352198695596,1.5047768387684202,1.7924945777184351
2018-10-10,1.6419099317849943,0.9592692234974813,1.4571304711713362,1.7136619081868347
2018-10-11,1.623658641846159,0.928123951846862,1.4250347757248285,1.6924069646950335
2018-10-12,1.6843680658206173,1.026954601990444,1.4448262537518926,1.7395071497270147
2018-10-15,1.6656205796811432,0.9957252645641833,1.4367106122085465,1.7184516869609487
2018-10-16,1.718562916129574,1.0831932810086071,1.4681252464603143,1.7684457833881064
2018-10-17,1.7222176019568667,1.0918275104490205,1.4683869367726128,1.769144766412633
2018-10-18,1.6736934655082054,1.0256845388795455,1.447181916821203,1.7281313050658258
2018-10-19,1.6655767146962523,1.0148320318072535,1.4463964856774083,1.7265351390661627
2018-10-22,1.6793039085569765,1.0391020330516054,1.43990465683584,1.735416033783646
2018-10-23,1.6726102276148558,1.0185084044306303,1.4325740862293892,1.7290296087191968
2018-10-24,1.5844618387394829,0.8986677573885273,1.3891692449225912,1.6498969176145404
2018-10-25,1.6530350168998715,1.0547253759880122,1.4140916000741666,1.7069761019368923
2018-10-26,1.5736971417384522,0.9509040982996136,1.3892215649747057,1.6630696897762527
2018-10-29,1.5306819953656485,0.8895144200272038,1.3815250241586265,1.6288417750422555
2018-10-30,1.5429725498061173,0.8938501233267777,1.4019969330183564,1.655684740404893
2018-10-31,1.5919421769994362,0.9714875241071503,1.4169714542335972,1.6946022132594647
2018-11-01,1.6272214971136316,1.0363520540774651,1.4320507056047924,1.7169551012272628
2018-11-02,1.5804507058611255,0.9813864756383583,1.4235686435931936,1.6902120363243835
2018-11-05,1.5489817919987612,0.9344116128116235,1.4314223246690667,1.6860202194368032
2018-11-06,1.5618658592684174,0.9535828657322003,1.4404805376160013,1.6987933897594825
2018-11-07,1.6286331685660196,1.079004575285977,1.4713195612427823,1.7520801989363963
2018-11-08,1.6206577412384142,1.0670654674719948,1.4686489872918105,1.740904475388505
2018-11-09,1.6023208586147035,1.0177855388099182,1.4543029370640201,1.7115667201790523
2018-11-12,1.5362445992078564,0.9235721222846494,1.4271289285852902,1.6597764967358246
2018-11-13,1.5262953460315092,0.9101670239126977,1.4244587148412176,1.6611730219128618
2018-11-14,1.5004898301503407,0.8727016005086106,1.414720071061617,1.648500072243722
2018-11-15,1.522043440530581,0.9027941285738018,1.4294849518614998,1.6773388054450553
2018-11-16,1.5027594399642696,0.8739383602713233,1.433202467165115,1.6714514023887257
2018-11-19,1.4329464543809496,0.7851927023796657,1.4089608130013798,1.6171667092924638
2018-11-20,1.4063922520877552,0.7536192565543528,1.3828859758756833,1.5882283958251533
2018-11-21,1.4223611055966765,0.7779926230598101,1.3875984726867265,1.6003025831233062
2018-11-23,1.406609487365086,0.7536727706906766,1.3783310695830577,1.5887270976394914
2018-11-26,1.4663523800042544,0.8536660198315746,1.4005835711974601,1.6254490017358505
2018-11-27,1.4645830286547428,0.8504491962119094,1.4052954376464297,1.6309376034376004
2018-11-28,1.5381527670329807,0.9769005440785492,1.4376526433017862,1.6834260094209015
2018-11-29,1.535152396661916,0.971268149173314,1.4345111888817819,1.6779375678160422
2018-11-30,1.5422351825530254,0.9871730863254762,1.4432548511539542,1.6901116555739533
2018-12-03,1.6032957699053316,1.0971237292486253,1.4623661685035267,1.7196495318967038
2018-12-04,1.5192014842230002,0.9793725644404072,1.4149818514256405,1.653689452856869
2018-12-06,1.5349956892802938,1.008344637804565,1.412835378513064,1.665364838800442
2018-12-07,1.4781868909226021,0.9272575901913076,1.3800065719748766,1.6103810025827632
2018-12-10,1.4901797217928607,0.9451473650463351,1.3826244656668343,1.6272457691394833
2018-12-11,1.4916831792421348,0.9426432344597006,1.3829385660829725,1.6326343102845842
2018-12-12,1.5080649110312907,0.968644685399931,1.3899021759108214,1.6470033264131452
2018-12-13,1.5088018278917072,0.9659693943447597,1.3894310252866144,1.6475028287119364
2018-12-14,1.4595565407595223,0.8941433795058304,1.3637754689916342,1.6073875109216098
2018-12-17,1.4086313521992977,0.8172122955418182,1.3370202010332715,1.5709649880107441
2018-12-18,1.4297056323926403,0.8525583883585178,1.3355543390568108,1.5808439267444658
2018-12-19,1.3845316951649638,0.7882418821447217,1.3155534007178382,1.5420261942527618
2018-12-20,1.3493971009711496,0.7450154613169508,1.29413892045452,1.519673626478745
2018-12-21,1.281659284396776,0.6649604246649486,1.2676226497738037,1.4725739217374354
2018-12-24,1.253381316280398,0.6271062884307119,1.2341283609892686,1.436057101757984
2018-12-26,1.3556554147839301,0.8056522847578828,1.296482426540981,1.5257230475884005
2018-12-27,1.349666081957307,0.7949566379781483,1.3064360237877035,1.5316271007213567
2018-12-28,1.3596875744608163,0.8064223821523394,1.3047507958096052,1.5308266162681654
2018-12-31,1.3743131815743324,0.826868576692974,1.3161789900500949,1.543736029044778
2019-01-02,1.402855860848314,0.8726188281329518,1.3175481364741093,1.5499407441383526
2019-01-03,1.3524252877261445,0.8126544278102856,1.2861075673255962,1.499303538501501
2019-01-04,1.4165204458936074,0.9173775056276665,1.3291869616989302,1.5634503601579677
2019-01-07,1.4520518660544646,0.9744019818154317,1.3396669112771684,1.5820643453418008
2019-01-08,1.4769806736849254,1.014843497075837,1.352253530905617,1.5963747660083882
2019-01-09,1.4826798482422912,1.022060050328774,1.358573270901073,1.6093845595354308
2019-01-10,1.4832776843569242,1.0190475620227935,1.3633657336437477,1.6139879855288422
2019-01-11,1.472802639469371,0.983288145508064,1.3638924461821627,1.608083452105214
2019-01-14,1.4539862810870368,0.9524464640528685,1.3555713966545244,1.5938729318983849
2019-01-15,1.4961232209246438,1.0191639418139784,1.3711076605291312,1.624995607341563
2019-01-16,1.502956320159138,1.027588284545614,1.374425526278039,1.6246959059622883
2019-01-17,1.5110793898392076,1.0338416757692641,1.3848526154938134,1.6375047778915799
2019-01-18,1.520155989800843,1.0426272950431152,1.4032850328900417,1.6537166693282774
2019-01-22,1.4718006521642042,0.9621505222541619,1.3843259029553985,1.620592142364559
2019-01-23,1.4786186114916402,0.968233239932394,1.3872225967873686,1.6226938943448574
2019-01-24,1.4857597290010434,0.9808838309647743,1.3879599403101148,1.633202173955678
2019-01-25,1.5062786050987365,1.0103061762535543,1.399703945949514,1.6527165440524605
2019-01-28,1.484997590584753,0.9552311020979706,1.3890660456459585,1.6323013087520568
2019-01-29,1.4514112109261914,0.8847430565324752,1.3872225967873686,1.6168899017685503
2019-01-30,1.5131467664758531,0.9687848293994817,1.409183691020285,1.6580200737486326
2019-01-31,1.556673343228744,1.0335234472882002,1.4215597697161273,1.6828382937353688
2019-02-01,1.4995074266505508,0.948407309659127,1.4222446130833089,1.675733033631954
2019-02-04,1.5123229537211045,0.9569710541107724,1.4322507104855957,1.696548190965172
2019-02-05,1.5352798263505523,0.984987387696127,1.4382541888235183,1.7115596759158642
2019-02-06,1.5238018519618053,0.9623217288295224,1.4363581497576392,1.7064561072360993
2019-02-07,1.4995256473528222,0.9219085102245024,1.4226656949485215,1.683539037825692
2019-02-08,1.4877712543495485,0.8987358707818276,1.4244033330304593,1.686841676582668
2019-02-11,1.4864039475476865,0.8741920984905176,1.4251931767087698,1.685240067288723
2019-02-12,1.5174304487809906,0.9253403018247629,1.443520683845594,1.71015882812278
2019-02-13,1.5174742676132589,0.9212440967144658,1.4482079661736904,1.7113590745118945
2019-02-14,1.5092821360330186,0.8945104591350154,1.4449954609428108,1.7134609865890837
2019-02-15,1.501033634592911,0.8780334051326282,1.4607418154914,1.720666467346038
2019-02-19,1.5158014669834503,0.8939617083231931,1.4632692071999236,1.724068846465881
2019-02-20,1.5130610784446954,0.8880987720158693,1.4662191216012566,1.7237683446021532
2019-02-21,1.5092879294661836,0.8783919031148536,1.4610049466312955,1.7174640492426017
2019-02-22,1.512915867182329,0.874986607755389,1.470063249629955,1.730173501002807
2019-02-25,1.5171088741563858,0.8774254316084102,1.4720643790586876,1.7364782766530305
2019-02-26,1.5223224439839698,0.8806703463280097,1.471011674395656,1.738279526769601
2019-02-27,1.5242490975007446,0.8814796977958355,1.4703793311840387,1.737178540452682
2019-02-28,1.5191238182856586,0.8613842519673969,1.4676402278704865,1.7331756378960548
2019-03-01,1.540230322247349,0.8973852102539728,1.476804701852697,1.7451840253721553
2019-03-04,1.555360982487597,0.9097823261356817,1.4714319457953453,1.7454846873327738
2019-03-05,1.5531069871499832,0.9094904012441166,1.4694314467286864,1.7467856346661
2019-03-06,1.534370303412285,0.8828545674979128,1.4605308243001698,1.736878038588954
2019-03-07,1.504137323345387,0.8224874678688372,1.4483131465882688,1.7155624183756009
2019-03-08,1.5009076334962312,0.7979741763144333,1.4454161826011243,1.712960363612058
2019-03-11,1.5429607334178477,0.8628590772342533,1.4663767121196745,1.7485867246857798
2019-03-12,1.5505693618716818,0.8597814653726735,1.4719064283333705,1.7581941390929792
2019-03-13,1.5595653705262158,0.8779049997272872,1.4816491244405874,1.771403733539538
2019-03-14,1.5565380808573241,0.8704803420330913,1.480701239985235,1.7684014365493996
2019-03-15,1.575623879245877,0.8968254146961077,1.4880165017984681,1.7848136091962856
2019-03-18,1.5929318826413539,0.9229262528600216,1.4934125812525456,1.7890643417396208
2019-03-19,1.6026573260902877,0.9326936949017091,1.4937822435828916,1.7950795021146797
2019-03-20,1.626293425093387,0.9670178319641647,1.4892867714286409,1.8021975699693455
2019-03-21,1.6536497038269184,1.005626463924279,1.5061072629507664,1.8303699799118427
2019-03-22,1.610850050450043,0.9264564102017007,1.4771204231998818,1.790167089122337
2019-03-25,1.6133322739317149,0.9283181222399949,1.4760096351743477,1.7867584662237586
2019-03-26,1.6197475365325482,0.9133117077362181,1.4870116146013108,1.7950795021146797
2019-03-27,1.6085640920699307,0.8873281538682289,1.4792359183191233,1.7835504447291501
2019-03-28,1.6124596633666508,0.8423752157587531,1.4848429889644312,1.787660612202505
2019-03-29,1.621564864125634,0.8538967019275672,1.494205756844674,1.8011952033370595
2019-04-01,1.6455359483813368,0.8966743906602598,1.511926135252828,1.8250558838208883
2019-04-02,1.653053868620633,0.909437186323852,1.5126660002238685,1.8319736704653657
2019-04-03,1.660205179248941,0.9155063696365526,1.5150469678278506,1.8425013217999533
2019-04-04,1.659944106783342,0.903129634741875,1.5190668768233786,1.8417989767407235
2019-04-05,1.6741140762547473,0.9116785289014778,1.526418879740334,1.8513231407647908
2019-04-08,1.6865896914803076,0.9237250238213981,1.5275839689559285,1.8560347922562734
2019-04-09,1.6783024118550394,0.9076140860923427,1.5197541515871302,1.8495183685166263
2019-04-10,1.688695246814357,0.9244935104898654,1.524938069177555,1.8594438954455237
2019-04-11,1.6844210804933526,0.9164786523686169,1.524515186277846,1.8550329059146595
2019-04-12,1.6878001419180972,0.9183293294280933,1.5348298909410576,1.8630532798449622
2019-04-15,1.6885951919253914,0.9172639529508319,1.533824733588726,1.8633544220962526
2019-04-16,1.698015346993398,0.9301725579746232,1.5348298909410576,1.869770304988579
2019-04-17,1.701376190048257,0.9371047839445557,1.5310745539130222,1.876286888825117
2019-04-18,1.7010908280605141,0.9334845392764919,1.5340891254527689,1.8786931450914093
2019-04-22,1.7263565682450432,0.9753683801949777,1.535411444979882,1.8840067608916917
2019-04-23,1.7543434750085767,1.0230858975935446,1.5492176351174352,1.9079673418352787
2019-04-24,1.7363472478974877,0.9895883122601616,1.5457796403676307,1.9019521814602198
2019-04-25,1.7387046586182893,1.0040847215683,1.5448276135329373,1.9096725338174663
2019-04-26,1.7694399941309489,1.0669428922779574,1.5520211254142267,1.9113764450245287
2019-04-29,1.7650633879380226,1.0532144930604743,1.5544545031220482,1.9150857298837256
2019-04-30,1.7513843982615496,1.0217931776018698,1.5552482190245256,1.9002476298655946
2019-05-01,1.7541465965857528,1.0060374373276777,1.5435577041096635,1.8941325690307775
2019-05-02,1.744717639227948,0.9793218876383615,1.5402252499813367,1.8859111134058333
2019-05-03,1.788450777874539,1.0600272973521092,1.555300629128365,1.9159888364438158
2019-05-06,1.7746491746769046,1.0319414959078541,1.548900292839204,1.9042582170729725
2019-05-07,1.744271592985581,0.9715505158372137,1.5230338354047182,1.8671636074152076
2019-05-08,1.742070974962091,0.9651759780072402,1.5209179800785773,1.8624517958268345
2019-05-09,1.7261532324036442,0.9316091382006646,1.5163161568373258,1.8524258881475069
2019-05-10,1.7180653256243161,0.9098401146172205,1.5239330919286729,1.8547320838571504
2019-05-13,1.6500056246193597,0.7948345196672335,1.4856362546082844,1.7903676905263066
2019-05-14,1.6687785471417809,0.8186075136019719,1.499072062001693,1.810017982883241
2019-05-15,1.6963187486828246,0.8761012196259514,1.5078523753258635,1.8355830548648042
2019-05-16,1.7212282434296033,0.9272871546800477,1.5218174167059817,1.854030379185483
2019-05-17,1.6944952211011155,0.8718715123895413,1.5119790856670163,1.8350821116939973
2019-05-20,1.6803807533833477,0.8434071791385644,1.501981633230311,1.804102883064831
2019-05-21,1.6867145003923467,0.8519767566653595,1.515523161348647,1.8229510899996677
2019-05-22,1.6821957267972465,0.8477366470584431,1.5108676672794086,1.814829855028263
2019-05-23,1.6460799871827456,0.7805087457431358,1.4924068835898652,1.7870594483781586
2019-05-24,1.6504144866282058,0.7888269229957924,1.4957928284427293,1.7861576225931934
2019-05-28,1.6576531165070714,0.8072087307510195,1.481880917580249,1.779439476771342
2019-05-29,1.6447789535771389,0.7805743924843581,1.4719365956611818,1.7648021382540713
2019-05-30,1.6438093942338534,0.7789561321763174,1.4759567748118843,1.7722216685538088
2019-05-31,1.6083280992127058,0.7135805046649185,1.456067590663401,1.743949037957772
2019-06-03,1.5516906693401993,0.6162416755443023,1.4523651139978293,1.7055515598039934
2019-06-04,1.5843514122101139,0.6750623481886227,1.4838909621297376,1.7535742231198321
2019-06-05,1.5991300374751363,0.6922006624630106,1.4967449453291477,1.7666067504053453
2019-06-06,1.614042682155381,0.7100842785784646,1.5064771954362866,1.7806429250982694
2019-06-07,1.6552970906291682,0.7904498997725272,1.5215530248419389,1.8150309367229047
2019-06-10,1.6898253915812849,0.8629444316412144,1.5285354554802733,1.8361843787860412
2019-06-11,1.6964674287462682,0.8756974192971302,1.5281651627878536,1.8386914960934357
2019-06-12,1.69092546299803,0.8587489127934989,1.5254672131125397,1.8280637842021992
2019-06-13,1.706372236514589,0.8840977545474317,1.5317620087802233,1.838891457109843
2019-06-14,1.7035671470793867,0.8833623064097575,1.530069216457241,1.8310713643897287
2019-06-17,1.7185498271185429,0.9168253938169119,1.5306511307029644,1.842099638701342
2019-06-18,1.735410620311002,0.9454549782383324,1.546678716788136,1.8688678388160516
2019-06-19,1.7401272312866758,0.9503328964031301,1.5501698420555783,1.875885525920287
2019-06-20,1.750928896252411,0.9682437216647377,1.564980289028215,1.89333048360868
2019-06-21,1.747884728809391,0.9548871373885958,1.5627057625629586,1.8905231846313388
2019-06-24,1.749245406138217,0.9584711193130241,1.5607918032038424,1.8905835411591094
2019-06-25,1.7186605119887877,0.8986819168311191,1.5454835502964548,1.858129019682712
2019-06-26,1.7384645110640404,0.9319584588884963,1.5439425851815025,1.8667707296455816
2019-06-27,1.7457552607647262,0.9446473463944433,1.5494175499465137,1.873904326898639
2019-06-28,1.7407386908102462,0.9333558779317002,1.5573903694543108,1.8763158663623225
2019-07-01,1.7628798885854073,0.9772419905794225,1.5715288504564136,1.9016361501980998
2019-07-02,1.7742553873414177,1.0011408640622053,1.5756224217628363,1.9091715906466593
2019-07-03,1.7814004608739298,1.0148309902002197,1.5882192172361882,1.9235401264845484
2019-07-05,1.7845583877875224,1.0185841714717292,1.586412059222697,1.9196219151830687
2019-07-08,1.7823793861077897,1.0201831771353689,1.5776943318472698,1.906157766680395
2019-07-09,1.8081972391160606,1.0810911616765722,1.579661061517125,1.915702903397136
2019-07-10,1.8322778427379893,1.1335568846683675,1.5872088368838178,1.9347930167337273
2019-07-11,1.820512266261741,1.104247963028047,1.590930134359875,1.9333872059370332
2019-07-12,1.8308647423935571,1.12628893808866,1.5980523252751149,1.9445398755326724
2019-07-15,1.8411679279156745,1.1458070418395694,1.598584170761844,1.950769405644296
2019-07-16,1.8291915645923464,1.1231055857003551,1.59342834930956,1.9407217247878417
2019-07-17,1.8142343196026098,1.091444557653637,1.582585221125162,1.93117642797421
2019-07-18,1.8086427782099033,1.0732279325564218,1.5883782485822031,1.9333872059370332
2019-07-19,1.7911885461274635,1.041615458537024,1.5795557009990968,1.919219591696895
2019-07-22,1.8099856362621476,1.0835011410839013,1.58343548951082,1.9344918744824369
2019-07-23,1.8160192489003821,1.096436651698887,1.5947566122505106,1.9471523365941068
2019-07-24,1.8274835157879794,1.1133913871500642,1.6022517974099142,1.9608172465976408
2019-07-25,1.8099276666264792,1.0681798425750633,1.5945975809044957,1.9422290370132005
2019-07-26,1.7957718275407513,1.0246159260553815,1.6052814976394292,1.9622238578787883
2019-07-29,1.7767317466193062,0.9776382113342466,1.6023578783417407,1.9554921038212325
2019-07-30,1.7670077949119178,0.9561480707125956,1.5984244190020305,1.9470517957467859
2019-07-31,1.7523784270679437,0.9170826943126504,1.5809372745611352,1.9201244593227822
2019-08-01,1.7362064137272113,0.8860659262965513,1.567170527079049,1.9105786822184787
2019-08-02,1.7054491220155426,0.8205647148901773,1.555370329163368,1.8824451758204066
2019-08-05,1.6441709536378635,0.7166987497307375,1.508595662262447,1.8159287600856038
2019-08-06,1.6651833597148518,0.7540926765133751,1.529750793558312,1.8413497448655927
2019-08-07,1.6664476747669223,0.761232559174841,1.5306543725650577,1.8512968848747262
2019-08-08,1.7032072905445452,0.8316264478326144,1.5606855421685661,1.8915881491478643
2019-08-09,1.6737569924426081,0.7844957568556976,1.5500551161581702,1.873803946148209
2019-08-12,1.6554835151176923,0.7382261266705652,1.5311858578448876,1.852301492863481
2019-08-13,1.6956084154585227,0.8159675086121041,1.554997875229553,1.8928943796785815
2019-08-14,1.639660283663353,0.7139894810288175,1.5090206163518263,1.8363255842435842
2019-08-15,1.6455280126764054,0.7299379790210124,1.5130069360540002,1.8342158274187539
2019-08-16,1.667045740149847,0.766123272094384,1.5353316591517001,1.8636557244444338
2019-08-19,1.6905956757774778,0.8146285122043672,1.5538293640484158,1.8932965430678648
2019-08-20,1.6772621011317168,0.7845730360798899,1.5419230852009085,1.8786265447849038
2019-08-21,1.6936360045267898,0.8262223597756708,1.5544667501566225,1.8953055989484837
2019-08-22,1.6833320590124952,0.789453836039751,1.553988215290981,1.8891770899748528
2019-08-23,1.63553537252099,0.6925438419087013,1.514070266820559,1.8293925883944964
2019-08-26,1.6548776997983776,0.7320653849095478,1.5308130437041731,1.8570241910404177
2019-08-27,1.644903805775541,0.7130328569937708,1.524807133969681,1.8531053393513754
2019-08-28,1.649048095291695,0.7169851462812815,1.535544721532601,1.8597373530460635
2019-08-29,1.6721675080085314,0.7621459683671005,1.555157807092816,1.8881723218892073
2019-08-30,1.6652213715850033,0.7242778509836996,1.5544667501566225,1.8836502251162404
2019-09-03,1.6654650472094086,0.7271439360414917,1.545377649468078,1.8653631577830903
2019-09-04,1.6809108406126863,0.7524829999785004,1.5629177443231619,1.8922916148853286
2019-09-05,1.7133828086140346,0.8352768853632453,1.5830097249559174,1.9269564340338774
2019-09-06,1.7074283774324528,0.8109228372254844,1.5842324472753906,1.9250474387099072
2019-09-09,1.7123519686928186,0.8008947615933038,1.5850299453503098,1.9210285264642162
2019-09-10,1.710275397907615,0.7812170356075855,1.5846582118302932,1.915501981799385
2019-09-11,1.726368049839845,0.8014180175001575,1.5959263841557954,1.9334877467843539
2019-09-12,1.7353095565628252,0.8369200891397376,1.6014541192315455,1.941525571275736
2019-09-13,1.7282804936594018,0.8238282294911353,1.6003911486718856,1.9345925754266482
2019-09-16,1.7116985169001953,0.7673911246627754,1.595447669186704,1.9259515058513412
2019-09-17,1.7250623892672836,0.7976245473565539,1.5994877497685895,1.935195820510573
2019-09-18,1.7213133572433759,0.785108090309472,1.6004444592929732,1.9343916538288972
2019-09-19,1.721171642405404,0.7885765315483916,1.6003380181542477,1.9376070397804752
2019-09-20,1.6978886065163548,0.73167617673935,1.592776735028833,1.917109674775174
2019-09-23,1.6867146390463135,0.7083306541653684,1.5924032004743205,1.9179549863577436
2019-09-24,1.6509312015627182,0.6251076820585834,1.5799076231396552,1.8924835710572039
2019-09-25,1.674763997568296,0.6790469678181117,1.5892530110370096,1.9137265072822072
2019-09-26,1.6571557735381082,0.6292668684554726,1.5859416290122883,1.9066792022532035
2019-09-27,1.6437796416784973,0.5989650662666871,1.5773978815691945,1.8830191231733444
2019-09-30,1.6608884445022065,0.6213761028479118,1.5847131433824275,1.9009398888207143
2019-10-01,1.6591141196061663,0.6183088956829416,1.5658638765520527,1.8854362660282002
2019-10-02,1.6334105641898815,0.5709152935881288,1.538202868345549,1.8530163254801806
2019-10-03,1.6456566025189696,0.5946138325437467,1.5508056072327383,1.8733539137886248
2019-10-04,1.665183582769226,0.6297269707820707,1.571791081079061,1.9009398888207143
2019-10-07,1.6635773447389646,0.6149515744155596,1.5650092856836038,1.8952016960664595
2019-10-08,1.6392382725587284,0.5623503669314887,1.5407127900194593,1.8668096331900066
2019-10-09,1.6510338477863824,0.5900808140934862,1.5553440340597235,1.885032821863792
2019-10-10,1.658320202936621,0.5967841348186753,1.5658638765520527,1.8996312568366376
2019-10-11,1.6783574578228642,0.6293846149611222,1.5820969606732411,1.924096623276407
2019-10-14,1.6812953096760566,0.6338992622230721,1.5803348285221548,1.9238955415817653
2019-10-15,1.7019512570107,0.6912108750181082,1.5959804151906813,1.948360747924644
2019-10-16,1.7028076402468508,0.6980956127620755,1.5934177232060323,1.9435277429900575
2019-10-17,1.7125487234758798,0.7195101939911516,1.5981166222066292,1.948662530563497
2019-10-18,1.6865555125695977,0.6569517926985495,1.591121404223372,1.9299361573624358
2019-10-21,1.7113687415712195,0.7132610343702402,1.6019081600280385,1.9470517957467859
2019-10-22,1.6937807705355943,0.6671041148542346,1.5966750741958673,1.9315470522760374
2019-10-23,1.697981722686919,0.6696020478446109,1.6013210227822758,1.935272346824298
2019-10-24,1.7095209267507463,0.7027814927067518,1.6039366651811133,1.954099741163352
2019-10-25,1.706917032295874,0.6784022858344805,1.61050521809222,1.9697047052876402
2019-10-28,1.728259152478833,0.7159003897980823,1.6195833324703377,1.9891364653888532
2019-10-29,1.7119595215793952,0.6810351600216911,1.619101555742603,1.9737319425716444
2019-10-30,1.7269466689044546,0.7185054559926771,1.6240684486762351,1.9832967712059337
2019-10-31,1.7299844855216728,0.7139789988553873,1.6197432643336005,1.984203399897618
2019-11-01,1.7518003721273818,0.7483924817571262,1.634747862824928,2.0022242261016365
2019-11-04,1.7643491274895289,0.7744049154554833,1.6413160555291353,2.0146083609800653
2019-11-05,1.762418245153773,0.7662568542995463,1.6395006127569616,2.015715591075719
2019-11-06,1.7576460479986535,0.7507644568936184,1.639873787104575,2.011184688973767
2019-11-07,1.7597999664177468,0.7397418052369726,1.6456408796648707,2.0179302113639173
2019-11-08,1.7559301684973274,0.7355437918850432,1.6496995109020671,2.0259850061257074
2019-11-11,1.746856973051746,0.707353249869828,1.6465493214647562,2.0232665609226705
2019-11-12,1.7510592623855,0.7196181060437082,1.6500199149389418,2.02910625510559
2019-11-13,1.7398074879106595,0.6738270361869159,1.6505544619774153,2.029609439632866
2019-11-14,1.737725648158933,0.6754814770697859,1.6529568618919022,2.027998224525483
2019-11-15,1.738653928131119,0.6584089084896537,1.6649184324984427,2.0428989224278533
2019-11-18,1.750706614131743,0.6845883918729226,1.6661465579214045,2.0445099774383455
2019-11-19,1.7473380450636584,0.6839773633068534,1.665666041917817,2.047530045183345
2019-11-20,1.7375178353483456,0.6659476087626155,1.6594715638715722,2.035247411733581
2019-11-21,1.7314176486190023,0.6473439798681526,1.6568018904378485,2.0307166697285197
2019-11-22,1.7397584603743268,0.665577440609253,1.6604862667067337,2.032025461809487
2019-11-25,1.762084741676601,0.7214051852798471,1.6733551984924622,2.056088344666192
2019-11-26,1.7713635030462167,0.7601667619823752,1.6771470965207707,2.060014881005985
2019-11-27,1.7892698522822785,0.8087081790996332,1.6846226504041657,2.0744123943810795
2019-11-29,1.7769083988528134,0.771338085396909,1.6783750418402827,2.0649481065941107
2019-12-02,1.7582868759186554,0.7212859558779968,1.6641175124579808,2.0438057112164283
2019-12-03,1.7441879661270203,0.6900155578140953,1.6529568618919022,2.0277974630246227
2019-12-04,1.740558103404688,0.6691989125320956,1.6631559401404572,2.0380665578808297
2019-12-05,1.7333084317201475,0.6380073441263252,1.6661465579214045,2.0420942754555056
2019-12-06,1.7489444130848926,0.6673747846567857,1.681364579000532,2.063941257248887
2019-12-09,1.739742841354586,0.6519182728081669,1.6760790830645214,2.0545786309874736
2019-12-10,1.7301873227487004,0.6271967389463672,1.6742094291540117,2.0528665548389884
2019-12-11,1.7387835405790626,0.6495774588809884,1.6789623591894949,2.063740335651136
2019-12-12,1.7432598306316596,0.6689360223129911,1.6934336713664961,2.0791438978870014
2019-12-13,1.7481365284731243,0.6753526356249129,1.6944481940982081,2.0859904414151442
2019-12-16,1.764780247818127,0.7024220600321103,1.7060886402540756,2.106931434904404
2019-12-17,1.7818351825306928,0.7513814642674637,1.706462354912038,2.108139846234941
2019-12-18,1.7812471838058663,0.7423037132917726,1.7065693363611125,2.109750741148543
2019-12-19,1.7975325132644933,0.7717209174863654,1.7135645543443698,2.1229398431931004
2019-12-20,1.7952468469139704,0.7628444046968356,1.7210773896418363,2.1314979825790568
2019-12-23,1.8015431752689992,0.7754310065188549,1.7237065397993954,2.1371279498352402
2019-12-24,1.7991326482502037,0.7660335319989764,1.723759850420483,2.1382380616749255
2019-12-26,1.8519780632579927,0.9436134850530593,1.7329363012820935,2.1571053201397485
2019-12-27,1.8511908279508695,0.9433988154520367,1.7325072948650975,2.1552893411092393
2019-12-30,1.8346230670972485,0.8855415025708304,1.7229556885179278,2.1411639924482295
2019-12-31,1.8398101157754794,0.8917279192646185,1.727140572273308,2.145199714867438
2020-01-02,1.8822419755173923,1.021506318249802,1.7432924297387176,2.181018512403707
2020-01-03,1.86347346855255,0.9627061370249098,1.7300921076056877,2.161040501711636
2020-01-06,1.892421474076518,1.0456809920495345,1.7366927189308268,2.1749649287748944
2020-01-07,1.8924913861018438,1.0526993743002235,1.7318097542047177,2.174662185554698
2020-01-08,1.8945110013549207,1.0348988321839934,1.7410391554805165,2.1910071175075156
2020-01-09,1.9074602563552114,1.0652860453951645,1.752844216189337,2.209573233721048
2020-01-10,1.8926165088057112,1.0214436668663958,1.7478002389792673,2.2039224538690814
2020-01-13,1.9105960226908325,1.0607542925369213,1.7598205233103843,2.2293487218464616
2020-01-14,1.8924301476360983,1.0034256773258061,1.757137882428288,2.2205709295265494
2020-01-15,1.8878863546240465,0.9856200999613792,1.7611082629751702,2.221478678896468
2020-01-16,1.9011131470957727,1.0269654757451827,1.7757580576707455,2.242768363413538
2020-01-17,1.8991015523111796,1.0031106555332399,1.7812854325395964,2.253867080357032
2020-01-21,1.9105802723666006,1.0087357716977268,1.777797188927348,2.2528584699460112
2020-01-22,1.904335992064463,0.9979268421973627,1.7780113319289466,2.258811352630612
2020-01-23,1.9136742293770197,1.016829829305426,1.7800506432889989,2.266075749043321
2020-01-24,1.8976270600756593,1.0081406616051038,1.764220630688061,2.2470056478180593
2020-01-27,1.8592438755551097,0.9761267935580734,1.7359411472355606,2.2005930789313695
2020-01-28,1.8897261393861797,1.0024583765562767,1.7541321359575728,2.2343936950642527
2020-01-29,1.894427622731855,1.0062084133207858,1.7526837440157252,2.238025973319053
2020-01-30,1.9016035344319044,1.0150308800877723,1.7583717711616376,2.2459971975039292
2020-01-31,1.957523073415498,1.0244266356785916,1.7264433918198274,2.2103801220498647
2020-02-03,1.959454281821827,1.0350675988891682,1.7392683783638485,2.2437774541152304
2020-02-04,2.0073542910923066,1.0746807221571155,1.765776904596231,2.295135095759954
2020-02-05,2.006548240123004,1.0731901238271173,1.7861680370588062,2.3027019151990786
2020-02-06,2.021228561995582,1.082785986891547,1.7921788095864384,2.3225789047531564
2020-02-07,2.031265609577565,1.0820767388816819,1.7826263027220206,2.312589819358676
2020-02-10,2.068894115526112,1.106945232547711,1.7959343267179235,2.3405393744294045
2020-02-11,2.0749821917169307,1.1093085958579776,1.7990468745342638,2.340942818593813
2020-02-12,2.091406337963157,1.1179574559875158,1.8106377922414856,2.3637455788243042
2020-02-13,2.090695324588105,1.1162442208211112,1.8087056424339576,2.360718947106789
2020-02-14,2.0899553327816145,1.1165052111740794,1.8116038671452495,2.367478718120206
2020-02-18,2.0854632235178876,1.1188671497878646,1.80693468521384,2.3683871078776875
2020-02-19,2.0973794960607055,1.129155418699365,1.815574247692132,2.391089007067077
2020-02-20,2.0938493479589795,1.1254130576321986,1.8081159837399003,2.368891252986307
2020-02-21,2.1153051617232994,1.120647829246191,1.789495268187094,2.323386273372645
2020-02-24,2.04189375192409,1.0549811291084583,1.7301459585371242,2.2337888490114217
2020-02-25,1.9790420264822994,0.9996599222755091,1.6777185647664161,2.1730476084126114
2020-02-26,1.9930722631785063,1.026294457741672,1.6715478603755212,2.1842471863972075
2020-02-27,1.9088917283944375,0.9520229996676463,1.596475519573688,2.0748731532323363
2020-02-28,1.9063067465846428,0.945167738306014,1.5897684671098231,2.0764880505682037
2020-03-02,1.9980769706110706,1.031424739055612,1.6586160724858752,2.1836421802474857
2020-03-03,1.9404720844116818,0.9725207179291997,1.6111253142692632,2.113618521929472
2020-03-04,2.0189751188220755,1.046009101419476,1.6788452919472416,2.2018032513277035
2020-03-05,1.9579842506434098,0.9883971716223278,1.623037896737507,2.13490788625276
2020-03-06,1.9366553756182079,0.9637458482086777,1.5962080659510016,2.0988872065373965
2020-03-09,1.7930450783573604,0.8397547403241673,1.4715523449514167,1.9530893696865343
2020-03-10,1.879522718541119,0.9266473062312918,1.5476977421060882,2.059435970649437
2020-03-11,1.79972138988472,0.8580939536652621,1.4722495254048973,1.9697376852471116
2020-03-12,1.6399782245682155,0.7197177226382843,1.3313892666808889,1.789129821367892
2020-03-13,1.8148638232337908,0.8564899750788225,1.4452048312029946,1.9406784986273693
2020-03-16,1.5961939868149977,0.6874063997504266,1.2870652674189527,1.7082090080916972
2020-03-17,1.6790063872198882,0.7599125758442101,1.3565563824204985,1.8377624538370623
2020-03-18,1.642708276911768,0.7313793656224375,1.2878699696318567,1.7818643042769484
2020-03-19,1.6758316501736676,0.7648302300737505,1.290606731600564,1.7925602174435968
2020-03-20,1.6117167734361082,0.7216393125800924,1.2349890753750046,1.7223345168495974
2020-03-23,1.6094549792050123,0.7414598492126624,1.2034126181737528,1.723578629786747
2020-03-24,1.7204415776744202,0.8220547460828938,1.3124458057463626,1.8570478853802321
2020-03-25,1.6900463905867307,0.7875335282409125,1.3320932010137303,1.8432965230557534
2020-03-26,1.778825571198912,0.8671506268772249,1.4098740275426802,1.9403656693030622
2020-03-27,1.7087976332943853,0.8119876486640959,1.3678800266084836,1.8736307213125383
2020-03-30,1.7604206464754792,0.8581409104821339,1.4123026325090868,1.9417810859131948
2020-03-31,1.7495359295062962,0.8520383050527388,1.3912516910588273,1.9251985701746697
2020-04-01,1.679514729654408,0.7912851772216976,1.3286386367465608,1.8433977042906367
2020-04-02,1.7040090450054,0.8064609362478078,1.3592975569237213,1.8808099461794279
2020-04-03,1.6741779378801802,0.7802070254060117,1.3396498014494544,1.8541157108281932
2020-04-06,1.7941112534886146,0.9139755382776282,1.4296292147246457,1.9866754559859627
2020-04-07,1.7813738114686724,0.8961160833087178,1.4310865217872495,1.985866486397568
2020-04-08,1.8145339490600954,0.9309422284870261,1.4791257850596804,2.0280307241942825
2020-04-09,1.82305061489218,0.9401402140577726,1.5016344838311677,2.030963058843212
2020-04-13,1.8451307722146086,0.9605272944233397,1.487924018677088,2.052904337705179
2020-04-14,1.9237125659888623,1.047880768807375,1.5318070346426285,2.1421874918700796
2020-04-15,1.9116513199329195,1.0377775035863714,1.4992590093823992,2.117617422063833
2020-04-16,1.9347359533047468,1.0660958644019736,1.5064923241260548,2.156242237802318
2020-04-17,1.944457251741645,1.075702198604634,1.5471907508954068,2.176869281289036
2020-04-20,1.9341060894725388,1.0618550073721058,1.5199322738988048,2.1510853568579704
2020-04-21,1.8655020652477066,0.9850758637780171,1.473781845554268,2.071712040126685
2020-04-22,1.906761928960787,1.028183651294935,1.5064923241260548,2.133188605744196
2020-04-23,1.9039875974412415,1.0234536701447783,1.5063841720045577,2.1286389723060397
2020-04-24,1.932961862577178,1.0504359815653952,1.527380632161307,2.16220792823817
2020-04-27,1.938912125237514,1.0522791781102887,1.549403681980893,2.179599733758871
2020-04-28,1.8966182233520992,1.001930667847439,1.5422786094104592,2.13854768906142
2020-04-29,1.9792357133113796,1.1008342229536336,1.5826533002291185,2.21438254431582
2020-04-30,1.9999611456936115,1.1235566638851575,1.5679179563949737,2.213472713686323
2020-05-01,1.952525410338906,1.0729211161047272,1.5264100546713026,2.1510853568579704
2020-05-04,1.9834399286012974,1.1090940482578406,1.5306199728061802,2.1761614929355244
2020-05-05,2.003188768431892,1.1299791370768457,1.544761695670376,2.200833384364217
2020-05-06,2.015823916498489,1.144657806043588,1.5342901209025452,2.21438254431582
2020-05-07,2.048365109936072,1.179977232595222,1.5528042152131762,2.24289676111983
2020-05-08,2.074735265507307,1.2116423244771082,1.5784968728187785,2.273635364122367
2020-05-11,2.104699947816835,1.2497332503884333,1.578821599338444,2.293958703807544
2020-05-12,2.0628264430061605,1.1996084715157673,1.547352483793166,2.24592963661608
2020-05-13,2.0303818009793226,1.1591894130063505,1.51998666514059,2.217820304848494
2020-05-14,2.041634503778674,1.1650016169704214,1.538176753345354,2.2429981024516037
2020-05-15,2.0668307887247823,1.1965905125720657,1.5452472545705527,2.257558274267587
2020-05-18,2.088310206571125,1.2162810122312122,1.592315670197805,2.2996210106356365
2020-05-19,2.0812921442247085,1.2126596789532758,1.5759597555239755,2.29385720237888
2020-05-20,2.1193410870355542,1.2449460650737445,1.6027324935169511,2.3396623636624887
2020-05-21,2.102358465418321,1.2204929789901735,1.5916671176757218,2.3141816627422918
2020-05-22,2.104508350329803,1.2228975461507816,1.5946905142844998,2.3221696971006853
2020-05-26,2.101512915781951,1.2051451865786451,1.6143379996035923,2.3159003028632927
2020-05-27,2.1092327165106335,1.211679700984537,1.63835785636912,2.328539311991617
2020-05-28,2.0990026985329098,1.2055390067144556,1.6353350000706905,2.3255065965922577
2020-05-29,2.105440644435572,1.2034860372326368,1.6426223458492324,2.3595814586988046
2020-06-01,2.125821758376408,1.2159184465934954,1.6492611391056908,2.3666591821370293
2020-06-02,2.134185128307734,1.2189672094977129,1.662916942862811,2.3825343898127147
2020-06-03,2.1393368283921252,1.2194759997142839,1.685047154234921,2.3932522362533803
2020-06-04,2.113882141542841,1.1817297054712759,1.680621111960499,2.3764670378513078
2020-06-05,2.148233438986471,1.2239131780460841,1.72369483307517,2.4235859542194937
2020-06-08,2.1649107802202403,1.2337091609063497,1.7445302807479588,2.4423934965441085
2020-06-09,2.188042204251605,1.2530359253432501,1.731521588685325,2.460088205381897
2020-06-10,2.2255538276559963,1.2991485707149153,1.7218599391304372,2.489613113856506
2020-06-11,2.1149608786525476,1.1603570705070128,1.6225962830790377,2.366254777391277
2020-06-12,2.1307524125014328,1.150511527389283,1.6420276442585857,2.3850621596190016
2020-06-15,2.152414623929091,1.1277633051829146,1.657357329476478,2.4140819624036465
2020-06-16,2.201830496624461,1.1764573351351575,1.689257792783597,2.455538251749959
2020-06-17,2.213860607690472,1.1913221372474585,1.6822409623863852,2.4633236034448047
2020-06-18,2.227218422412921,1.2112010867244731,1.6828880740808714,2.469997082234168
2020-06-19,2.223276042280928,1.199929167601606,1.6732710901814893,2.469592677488416
2020-06-22,2.2694761814434403,1.247473421408008,1.6840054358823164,2.499209961868923
2020-06-23,2.278142103766513,1.2465382360931152,1.6917574485608788,2.5204802746622255
2020-06-24,2.224730646816557,1.1956297201209654,1.6486032212042274,2.468519067739796
2020-06-25,2.242895236196783,1.2084908508928163,1.6662771329223793,2.4920185696383452
2020-06-26,2.1685865132327913,1.134891259436221,1.626700480488988,2.4331691939962066
2020-06-29,2.195653879817508,1.1592210743587323,1.6506090333226502,2.4597071747821784
2020-06-30,2.2389003990292777,1.2047795363216884,1.6717528181011891,2.5079206735916575
2020-07-01,2.2771599048670708,1.23103851241178,1.68346278418861,2.5371929491728396
2020-07-02,2.2853542281015327,1.247127330093342,1.692733429154372,2.5544120101485417
2020-07-06,2.341475310200284,1.3003774326134894,1.7188653590735983,2.6172117765671783
2020-07-07,2.32613771684525,1.2694613262796142,1.7011365158033123,2.599181984937284
2020-07-08,2.3648544793994777,1.3106570337296082,1.7141484497280393,2.6334175843220318
2020-07-09,2.3743236906237954,1.3245349425810067,1.704389724413806,2.655599488810628
2020-07-10,2.4099572444764155,1.349749663112041,1.7217925804402792,2.673732062644312
2020-07-13,2.3254242597909633,1.2718351234524643,1.7068837969841497,2.618731096059335
2020-07-14,2.33653414557264,1.2808001590939462,1.729003022045833,2.6372671140574275
2020-07-15,2.3386221073176365,1.2794030887369843,1.7448881463023547,2.642635643091199
2020-07-16,2.322710874673355,1.2559049806305544,1.7391412253284164,2.6246056913644136
2020-07-17,2.2952209925896176,1.2358258756677225,1.7441830412970907,2.6276444904456175
2020-07-20,2.3762673688446254,1.3257032886390527,1.7582784775747342,2.7021931272806303
2020-07-21,2.347129013713603,1.2890508155084346,1.7620194063268,2.6740346457676187
2020-07-22,2.3644085324934503,1.3076418172566706,1.7720490072292625,2.6834550670065522
2020-07-23,2.3002236444222826,1.2352842887552036,1.7509057627610722,2.6133627271224547
2020-07-24,2.285079309574307,1.219763520999794,1.7396294857803374,2.5885467484921874
2020-07-27,2.323369954759459,1.2555349019887003,1.7523145319440032,2.634734381247531
2020-07-28,2.3090432797641163,1.2326580936284748,1.7412012485851749,2.601207690894529
2020-07-29,2.3485311503854502,1.2584157908578368,1.7626159089519429,2.6311895158950196
2020-07-30,2.371832623302825,1.2777470322822748,1.7563272368015463,2.644965373043766
2020-07-31,2.3801163664381164,1.2727851133606016,1.770205828525847,2.6921659388261774
2020-08-03,2.429696346130184,1.3303592497130154,1.7825124773418604,2.728528425403054
2020-08-04,2.426395880781053,1.3169157558104874,1.7893976521173998,2.7386564748986086
2020-08-05,2.4445344783380936,1.3313379287301896,1.8005116558900267,2.7454429820927624
2020-08-06,2.4727988760680657,1.361017379940436,1.812546888807462,2.7818064292509828
2020-08-07,2.414760075484793,1.3154379349895637,1.8138488566447681,2.7496973968645824
2020-08-10,2.3740904263974474,1.2787962107385233,1.8192703306852422,2.7379482062544254
2020-08-11,2.331104209452283,1.23573302784514,1.804252404538643,2.686088660857551
2020-08-12,2.3648069294100895,1.2760835166445206,1.8294076334505778,2.7536482679317524
2020-08-13,2.3725835268781634,1.280700804934174,1.8261009341155465,2.7599279083701456
2020-08-14,2.364645429013757,1.2722829479218958,1.826154785046983,2.756687547303628
2020-08-17,2.3876504499309212,1.2916887530466343,1.8319562773661564,2.7886947580675825
2020-08-18,2.4076373864738847,1.3163630026214035,1.835913690464666,2.8155356421706417
2020-08-19,2.3885049804712484,1.2946530859694574,1.828269559752426,2.7965945790392346
2020-08-20,2.4370733670260862,1.3471193783036333,1.8339615491742303,2.835388617191124
2020-08-21,2.4230487243501435,1.3338336529254309,1.8404677862917682,2.8550389095480586
2020-08-24,2.4385108962912376,1.3487093773946526,1.859117678603413,2.8728656983206236
2020-08-25,2.463702365199595,1.3764728563924862,1.8656235555140517,2.8954540888145504
2020-08-26,2.560481056313602,1.4548116950201861,1.8843276589640323,2.957239641430994
2020-08-27,2.5673513609627823,1.4706231218134544,1.8884471651672003,2.948022543243171
2020-08-28,2.5780829800777196,1.4867281778848955,1.9006459320168911,2.963013375694971
2020-08-31,2.569228320948876,1.4685080989508765,1.8937603970344525,2.9868159410074977
2020-09-01,2.6148371817166374,1.5085391513048,1.9115965819607124,3.037866036525305
2020-09-02,2.6496102668047423,1.5620476844741438,1.93924624364989,3.066631605447617
2020-09-03,2.5375132706548116,1.4340821970304887,1.872508730289591,2.9111535101043153
2020-09-04,2.4594190724989753,1.3634497117762794,1.8572199285547626,2.872358831564863
2020-09-08,2.3817016398545365,1.2722813557102992,1.8064752413138583,2.7343028000545933
2020-09-09,2.443511818069808,1.3398270674598276,1.8421483315801763,2.8146246908629102
2020-09-10,2.3874093523848705,1.279541989661339,1.8101617788241389,2.7585104105004348
2020-09-11,2.361725978777469,1.2559063183957841,1.8110839084861954,2.7393660243179174
2020-09-14,2.379099225563466,1.270933862874396,1.834937709871173,2.7870732967591985
2020-09-15,2.406694801413771,1.3007842477622988,1.8442083548369348,2.826575923749053
2020-09-16,2.3672257531697514,1.2600966649361194,1.836889671058159,2.78150224515877
2020-09-17,2.3203141185446188,1.218390600403695,1.8207331309030594,2.7380497076830896
2020-09-18,2.300293058453716,1.1914972754632844,1.7997723312293348,2.7031047189759243
2020-09-21,2.3265674063187696,1.207046042057296,1.7797419459763493,2.7095870420778656
2020-09-22,2.3677491455820157,1.2530569209954863,1.7978670168358004,2.7599279083701456
2020-09-23,2.289108434640658,1.1756554522418488,1.7561728881452217,2.6756561070760023
2020-09-24,2.301423275039971,1.1921911537748757,1.7608539569043062,2.6881142067179056
2020-09-25,2.346588848518631,1.2314959241230585,1.7893216484616599,2.750609628947439
2020-09-28,2.3826142186856374,1.2637093669406267,1.8190408788904258,2.8077373226276543
2020-09-29,2.384717101927366,1.2611317758063385,1.8091346488509534,2.795075579740859
2020-09-30,2.411064725164949,1.2861157492722368,1.822850967367146,2.814218685148252
2020-10-01,2.440407978341007,1.314107388793586,1.8345539094200318,2.8588879589927823
2020-10-02,2.38190864500166,1.254129726841944,1.8171357446003409,2.7784629657868942
2020-10-05,2.4316386019495195,1.302042089002684,1.8493591333926294,2.8377183471436913
2020-10-06,2.389950180252996,1.2565158962990952,1.8230690726446364,2.7870732967591985
2020-10-07,2.430291253148113,1.2914820267195923,1.8548023999505077,2.8352874359562406
2020-10-08,2.4342673830089767,1.3041669529592224,1.8712408020042632,2.850379449642924
2020-10-09,2.476130571785972,1.3488896553091245,1.8879509801634962,2.8939331683534877
2020-10-12,2.5146836088641766,1.4035636700757335,1.9183234458040355,2.983270435267424
2020-10-13,2.555807357411977,1.430844455107519,1.90580427491747,2.983169574226322
2020-10-14,2.5146149977948267,1.4009516125035586,1.8938293766556573,2.9582524143611715
2020-10-15,2.5039616587476767,1.3890106918556608,1.8914889323278399,2.938399119146908
2020-10-16,2.5060166918648674,1.3937429674030943,1.8903459958365485,2.9222936921424845
2020-10-19,2.461534500410349,1.3410892538818346,1.8616058077599191,2.874587700476328
2020-10-20,2.4644594291151765,1.3521004714627014,1.8690633512983523,2.880766159679838
2020-10-21,2.466236342867688,1.3678894021084436,1.8655253991340086,2.8785379311559356
2020-10-22,2.4570749831111622,1.3698804365482022,1.8757586970379916,2.878436749921052
2020-10-23,2.458691478442656,1.380407046786646,1.882126614706221,2.8841083423688016
2020-10-26,2.397735351428603,1.3118285605981728,1.8473452166189737,2.840858167362888
2020-10-27,2.4166894381892843,1.3340322189085143,1.840976938743845,2.8630405521421562
2020-10-28,2.330483205835306,1.2322382106252345,1.7780538363430571,2.751419719214068
2020-10-29,2.3536784467539884,1.2647512444353946,1.7961255965814205,2.7995320367886647
2020-10-30,2.3136013160656272,1.256062833071617,1.7774006011312837,2.728528425403054
2020-11-02,2.3248827587120715,1.26625500345391,1.7973227442110473,2.7346053831778994
2020-11-03,2.3352347185211606,1.2880783898858315,1.8290562516203683,2.7819082508734287
2020-11-04,2.449862128918822,1.417632163741552,1.869934151477267,2.906088044484522
2020-11-05,2.5309089210346416,1.4882919178295744,1.9064031188874577,2.981852617203932
2020-11-06,2.5249045562313137,1.4829718452124916,1.905968349160074,2.9840808457278345
2020-11-09,2.4341380347273147,1.4412847251889427,1.9299172451664512,2.923104742990458
2020-11-10,2.3986573825835555,1.3945780955624918,1.9270872796625653,2.870739611612948
2020-11-11,2.458641158395166,1.443201228641149,1.941402802355645,2.9349567158044048
2020-11-12,2.4543027912481477,1.435256299964761,1.922569384628837,2.9211800581712053
2020-11-13,2.45782860896061,1.4533020046642662,1.9491863331378911,2.9468061270681014
2020-11-16,2.466938989215773,1.4639069529176254,1.973517228560913,2.9697995626953433
2020-11-17,2.472592648009388,1.4541953879303229,1.9629031919644324,2.9603791414564093
2020-11-18,2.4509913281420963,1.4232888586972328,1.93927956278807,2.9385009407693534
2020-11-19,2.479590648081178,1.44841622873979,1.9474449128835112,2.961494056202814
2020-11-20,2.476821139275065,1.4331757369727551,1.9341084325425681,2.9412363562427983
2020-11-23,2.499014600125144,1.4466392675279687,1.9457025921118831,2.9413375374776813
2020-11-24,2.5399878356643977,1.4963462162804637,1.9770551807252568,2.9826630276643424
2020-11-25,2.5604519132202497,1.5104966057656026,1.974006929840431,3.0009960428051055
2020-11-27,2.569823242292821,1.5259812325400643,1.979504407536645,3.028647657562357
2020-11-30,2.5713837584582855,1.5109859305156137,1.9707412940919136,3.0348270773472104
2020-12-01,2.5868057242308615,1.5418258060951915,1.9922960749424863,3.0737222967339832
2020-12-02,2.563205771806459,1.5383574280672871,1.996486902111704,3.0776725274135908
2020-12-03,2.6066170283538845,1.5574529860747863,1.9959428095904006,3.0820281234202938
2020-12-04,2.6353160578468264,1.5757325591262226,2.013142869132601,3.0945877244908617
2020-12-07,2.6512428714523817,1.5794342424148229,2.009006253101719,3.1121109695587768
2020-12-08,2.680905434323745,1.5960811122339122,2.0148850098007793,3.1226450247689903
2020-12-09,2.611094589630454,1.5317357777557397,1.9968136097693154,3.051944636894248
2020-12-10,2.647063451109809,1.5456686824698846,1.9961600143506428,3.0642006942601663
2020-12-11,2.6607663937122723,1.5601716629713884,1.993819750126275,3.0574138668722313
2020-12-14,2.678601584694287,1.5633794924727789,1.9848934629561874,3.079597852620406
2020-12-15,2.6841616541103015,1.5710996000302044,2.0117281565358325,3.112516014692092
2020-12-16,2.7335657643415354,1.611371900080536,2.0148850098007793,3.1296335742391297
2020-12-17,2.759174240020173,1.6206810075709015,2.0261521015055837,3.1500942770564744
2020-12-18,2.7940582552229416,1.6302331312082023,2.0180618545486344,3.14057331497022
2020-12-21,2.817030962255864,1.6545425739417694,2.010846370046491,3.1346987196651415
2020-12-22,2.8701001491008054,1.68061295892821,2.007457183331534,3.143221637735157
2020-12-23,2.846106346346061,1.6641619529395906,2.009261639793281,3.1273918975764134
2020-12-24,2.8441089612286037,1.669392791084411,2.0170779494033577,3.141192249549427
2020-12-28,2.8270097697018532,1.6806037100558695,2.0344064227051377,3.1728504490917904
2020-12-29,2.7935688529338605,1.6522723698259971,2.0305250132623676,3.1756931294819624
2020-12-30,2.789442221041456,1.6366837828506062,2.0334219772495126,3.175793350135502
2020-12-31,2.8112621194459972,1.658761370393342,2.043753791740438,3.1836070389799906
2021-01-04,2.7536268758393856,1.6026285406875551,2.015929970015477,3.1386543936390305
2021-01-05,2.7888569033958923,1.6290274888713088,2.0298143250501655,3.164529893491541
2021-01-06,2.737541889583909,1.5815132302289363,2.04194969548559,3.120694084059673
2021-01-07,2.822240778227985,1.6639464359180547,2.0722883016776006,3.1961903343903733
2021-01-08,2.8546019110693748,1.696824760430777,2.0840955236278167,3.2372872062172027
2021-01-11,2.845437123727288,1.6675401079480212,2.070047094350524,3.1905072149664977
2021-01-12,2.835706707706335,1.6488795942936967,2.070484025319303,3.1854337445021725
2021-01-13,2.8382590739499607,1.6609980224136853,2.076059848016102,3.2069456435034485
2021-01-14,2.8221359478141093,1.6378479719030665,2.0687897921687237,3.189797345353408
2021-01-15,2.791757698180523,1.6170866685607204,2.053701985883672,3.164529893491541
2021-01-19,2.8402189376000235,1.6818400581110242,2.069827728348886,3.2106999155889144
2021-01-20,2.929871219508226,1.7880176700657626,2.0984715610799687,3.2853841544902975
2021-01-21,2.923409588279974,1.7881991702210438,2.1003848000252865,3.3116659802512483
2021-01-22,2.937383035339155,1.7938557969041913,2.0929501296249553,3.302127087313242
2021-01-25,2.942707217027273,1.8096311961704403,2.101204630927959,3.3294239273608386
2021-01-26,2.935062545444572,1.8071411867520317,2.09792530731727,3.334294715161616
2021-01-27,2.8686300332538437,1.741723931658706,2.046651115934482,3.241346302782444
2021-01-28,2.9146863359859805,1.7892669510660846,2.0642522658589866,3.2605239891182145
2021-01-29,2.852844133512088,1.7180587091001194,2.0229271691366804,3.19192759458024
2021-02-01,2.9207408599662164,1.7957524022339062,2.0565996702846148,3.271686264527292
2021-02-02,2.975700282450702,1.8447829566306482,2.0856809742948252,3.3250606467033847
2021-02-03,3.000074473447931,1.8824043023186916,2.0873202758932705,3.3118693033023585
2021-02-04,3.055925766850549,1.9251750780138113,2.111044582897971,3.351037327790779
2021-02-05,3.073024107550524,1.9409977942185894,2.1193527550289613,3.362401965669623
2021-02-08,3.1168254785207687,1.981137570824427,2.1346590267984027,3.3849295193451074
2021-02-09,3.1066764485942744,1.9708855864937604,2.133237830477448,3.3842193295382366
2021-02-10,3.0902247785762476,1.9503602186410591,2.132307776263608,3.376507782509975
2021-02-11,3.1159390010447114,1.9713538520319052,2.135752434841048,3.3950761400799765
2021-02-12,3.1412724158312098,1.9885778114367259,2.1463021745060145,3.414052744721105
2021-02-16,3.150683582305685,1.9892707805672998,2.1444435069059318,3.4048177156815305
2021-02-17,3.1340161982602375,1.9759355975014208,2.144935549530295,3.388481428960807
2021-02-18,3.106083597288697,1.9482095900141214,2.1358070061862833,3.3736660627011466
2021-02-19,3.0844057213566525,1.926491740372914,2.132035099640883,3.3589518776763696
2021-02-22,3.0109940244656146,1.8608851892026748,2.115635780035695,3.2718886269970584
2021-02-23,2.991752804935507,1.850124815672503,2.118205315951429,3.2621473715892857
2021-02-24,3.018653901046759,1.8798680212531342,2.1415463628153377,3.2890375655346618
2021-02-25,2.9225455535455755,1.7805103074826816,2.08994438315424,3.1743736109093224
2021-02-26,2.930613113015112,1.7887443585008895,2.079175637694535,3.1876667759327946
2021-03-01,3.0227051515131445,1.8836414544270692,2.1295750666225173,3.283558089355678
2021-03-02,2.99200975888283,1.851039530269379,2.1129574616363893,3.2308938969864562
2021-03-03,2.910347851233761,1.7727028504815614,2.0849699258757237,3.1371321924028424
2021-03-04,2.8381444684253156,1.7177319947869738,2.05916884599345,3.0857875186062604
2021-03-05,2.8611664796580034,1.7524384035098501,2.097050905069363,3.1322617247958466
2021-03-08,2.8181794670264897,1.7115473060021469,2.086609767784518,3.043575411839245
2021-03-09,2.9182567873486405,1.806193133127834,2.116401399800031,3.1636173412149033
2021-03-10,2.915923102208062,1.7976234924995076,2.1295750666225173,3.154586916001564
2021-03-11,2.9872856647216364,1.8668184385013726,2.1511671288871614,3.2272408061358733
2021-03-12,2.9639743971823997,1.8410849785900363,2.1540642729777555,3.2010614423849315
2021-03-15,2.9910322027126166,1.8623260489731541,2.1669103316253824,3.2352565372563475
2021-03-16,2.976344866911083,1.8527646930607766,2.1641772617773922,3.253015124753501
2021-03-17,3.02238950592364,1.8843487308626152,2.17155664041869,3.2664094710118565
2021-03-18,2.9456123324790697,1.8035959345490316,2.1399609121483287,3.1663572394012856
2021-03-19,2.972264622127554,1.8186368102262316,2.136001698015323,3.1775195148103634
2021-03-22,2.996678246959618,1.842184012687154,2.153057134487478,3.237107897699688
2021-03-23,2.97048242716213,1.8193404131440725,2.1361112009126924,3.2229854307827095
2021-03-24,2.9005918304351614,1.7620700076572653,2.1252522236247278,3.1686296546670043
2021-03-25,2.882611391104668,1.7552178979052502,2.1372082110243302,3.1631418534497078
2021-03-26,2.8962602878623644,1.7611897838003339,2.171649213591795,3.2105910497032806
2021-03-29,2.8714162082537777,1.7441799580299002,2.1705523835836065,3.2096762560701735
2021-03-30,2.891193255142099,1.7588913286244403,2.164793755885443,3.1935208788358715
2021-03-31,2.9352039081607324,1.7968046495352863,2.1735685760543997,3.242391095090749
2021-04-01,2.9989180062084686,1.846651706487626,2.197041098436531,3.297662945614686
2021-04-05,3.0479847829618336,1.8956983894841293,2.228575591534021,3.36349991014562
2021-04-06,3.050302568666687,1.8972019709766845,2.227259035317296,3.361162175348521
2021-04-07,3.0488757495062058,1.8972012467498598,2.229836495784814,3.3692915752613484
2021-04-08,3.08991704617165,1.9303703062751338,2.2404211755190064,3.4044437293449996
2021-04-09,3.0927742609704856,1.9356239481422173,2.2567099116061273,3.425070292541046
2021-04-12,3.092337542555573,1.9310703303559031,2.2575324440605438,3.420599106579302
2021-04-13,3.1629167715884883,1.9907960899542485,2.2642232872139427,3.4605285518795976
2021-04-14,3.104118675676416,1.9451392220372414,2.2564907257079394,3.4189731625579802
2021-04-15,3.139672956258515,1.9743992355812823,2.2807304887854536,3.4707901221819446
2021-04-16,3.1330983604463283,1.9704834144402419,2.288353727497537,3.4748543418476863
2021-04-19,3.103284923925657,1.9476438718784832,2.2771111298618814,3.443053335878874
2021-04-20,3.0716040867772176,1.9205142650155391,2.2604385933236193,3.4179578280775527
2021-04-21,3.0999470270499963,1.9440695093025493,2.2818274988970915,3.4472190569732803
2021-04-22,3.1001222141706495,1.9349576813892586,2.2609870083277133,3.4056643080392255
2021-04-23,3.1400632974685943,1.9678531430974762,2.2855019694762473,3.448539215933483
2021-04-26,3.178383044833499,1.9968291652981667,2.2902734501670414,3.470993445233055
2021-04-27,3.1607965235252724,1.9781171248578564,2.289779606508182,3.455957145264314
2021-04-28,3.1414356646327843,1.9674663565291022,2.289121508503269,3.444271993410412
2021-04-29,3.1385889640986253,1.965689252039751,2.303709347612175,3.4566679754587475
2021-04-30,3.135977787152637,1.963553848522438,2.288573093499175,3.4340110634956273
2021-05-03,3.129263160297763,1.953814700734097,2.2935093688463715,3.415722875484243
2021-05-04,3.0795499684369707,1.9101215696441791,2.2793593612234933,3.354253994517482
2021-05-05,3.0685429760817042,1.9011843959863826,2.280072210677091,3.3429761291533637
2021-05-06,3.0902431329175934,1.9176088425665958,2.2982804893302666,3.368173458577131
2021-05-07,3.1020695793297417,1.931187199839369,2.3150066966965155,3.3955039189717615
2021-05-10,3.0486525393208246,1.8812969826907713,2.292082949525378,3.3097521820205587
2021-05-11,3.068977375496483,1.8869040304193059,2.271627159924389,3.305180455211494
2021-05-12,2.973987268868838,1.8100265365527317,2.2233653788399517,3.219632681698964
2021-05-13,2.981666585058165,1.8177595214013285,2.2500736397979635,3.2445242260616123
2021-05-14,3.0434314511957106,1.8631840801517197,2.2846241452627973,3.316153175902056
2021-05-17,3.029350625165509,1.8480875565864474,2.278810946219399,3.2960363612058017
2021-05-18,3.0137594484576855,1.8338937524578542,2.259178049279726,3.273786095344903
2021-05-19,3.011955780549494,1.8309227729360913,2.25325444682171,3.277545490530869
2021-05-20,3.0610332673218905,1.8737765704088631,2.277495110416472,3.340944499611165
2021-05-21,3.0982166351527187,1.8917424910621383,2.2756301391956524,3.3224526683548885
2021-05-24,3.1578511753237515,1.9423906268492512,2.2988289043343606,3.378334167838376
2021-05-25,3.147969473619196,1.9362531768601599,2.29372837464111,3.383007075882324
2021-05-26,3.1804863925716975,1.9583888596187984,2.2982804893302666,3.394792768583547
2021-05-27,3.218844144263856,1.9833631217644898,2.2994870023392737,3.38209292263678
2021-05-28,3.2056591968449726,1.9706099114306506,2.303599664611356,3.3927608188475666
2021-06-01,3.2108522380029423,1.974696655341555,2.3015706191479324,3.3814829534834483
2021-06-02,3.2158253133962225,1.9732722621885557,2.3051903382784036,3.388087270416056
2021-06-03,3.18123224706815,1.9424470213886238,2.2966350642145343,3.352831373547271
2021-06-04,3.2104971166221614,1.972230309404886,2.3176398091299664,3.4097288478987484
2021-06-07,3.2065466287683946,1.968887336104235,2.3153910374580056,3.4198889167724307
2021-06-08,3.214562324157249,1.9632924336955786,2.3158845209099654,3.42151422040619
2021-06-09,3.215504294493585,1.963375070532416,2.312429416332447,3.422326552029288
2021-06-10,3.242520542509215,1.9826300784996338,2.323178530516143,3.4579884546127317
2021-06-11,3.2638935342035933,1.998574524560133,2.327017255441353,3.467031047189759
2021-06-14,3.2636215202801298,2.0055276131718554,2.3322272880319725,3.500254994322564
2021-06-15,3.2406673394229193,1.9835678560929892,2.327950011206937,3.477394439114552
2021-06-16,3.2195877690485952,1.9685574582870637,2.314951945247831,3.464694272974004
2021-06-17,3.2397090405884397,1.9851586750642716,2.314184704552448,3.5086869773586975
2021-06-18,3.2125118929667438,1.963129459544113,2.2829652123883437,3.481153834300519
2021-06-21,3.2391830743254793,1.9843381294170268,2.315648045080614,3.5027886877138044
2021-06-22,3.285471277453201,2.015991034103517,2.328027815897173,3.535440448559468
2021-06-23,3.30679147136017,2.0366792567511265,2.325222164358986,3.537169494978361
2021-06-24,3.3498549969974283,2.0713131461000835,2.338977205116847,3.5590393706271035
2021-06-25,3.3454648584269386,2.0663262068950408,2.347285557351287,3.554664883187305
2021-06-28,3.3930420733566895,2.09935648561826,2.3520174152831643,3.597896166760123
2021-06-29,3.3831198264423326,2.090705850048404,2.3532830022236473,3.6109162064881666
2021-06-30,3.3742502680130038,2.086489414656905,2.3552637799625726,3.605219638925478
2021-07-01,3.3691022089458746,2.084504477456653,2.36830417023234,3.6066445012521577
2021-07-02,3.396447300280124,2.1054816294094434,2.3864060077467895,3.648043315814731
2021-07-06,3.416876956331527,2.1074631430766826,2.382059210990201,3.6638096576047823
2021-07-07,3.394084087957039,2.087683569825188,2.3904776064323587,3.671541056647483
2021-07-08,3.357912618681987,2.0598059804279854,2.3710001387697077,3.6493657161314026
2021-07-09,3.3947103290346012,2.0917025225612513,2.3963100765448666,3.6721507056070335
2021-07-12,3.4319257312602724,2.136727596661198,2.4048936268503267,3.686493786039311
2021-07-13,3.4040825592978505,2.103648066473308,2.3966949576167056,3.686493786039311
2021-07-14,3.377834317769226,2.078905828811311,2.400271451919268,3.6931048270413256
2021-07-15,3.3246633795057146,2.023732297868855,2.3920733229959956,3.6671668894014657
2021-07-16,3.277479643185687,1.966651713843268,2.373310866028338,3.6374644334751394
2021-07-19,3.2704387575355405,1.959511409998765,2.338262194421854,3.6076611165077104
2021-07-20,3.2999945163471205,1.9899395781470872,2.3717702611202847,3.649569679570076
2021-07-21,3.3421408177717042,2.02966598262572,2.3909727108153653,3.6777454515472763
2021-07-22,3.366203235022862,2.0499899880488024,2.3959795867148133,3.7020561643906893
2021-07-23,3.3970372801499584,2.0718204719852706,2.4206298055540123,3.745286807575945
2021-07-26,3.392806430967626,2.074427787894274,2.4265721387707884,3.748235792301501
2021-07-27,3.354233691647836,2.0355463962155076,2.4155128864468463,3.7069384791675923
2021-07-28,3.3795790917982282,2.0543665007250733,2.4145228577842826,3.7211794177836426
2021-07-29,3.3868144512081706,2.0673796209995876,2.4245362493762794,3.7277907789794384
2021-07-30,3.3537039340400003,2.0300459668715702,2.4127616261504445,3.7083636616880535
2021-08-02,3.375593313391338,2.052962792268849,2.407699638595413,3.708666565005141
2021-08-03,3.3940550376297223,2.0673807605940873,2.4272871494657817,3.7311470501947777
2021-08-04,3.424395744520214,2.0931452462329734,2.415347911686994,3.7365391134714727
2021-08-05,3.462486956442822,2.1303229875217102,2.430643917559807,3.760239536967773
2021-08-06,3.4399539590866963,2.1032356525419638,2.434660224486343,3.743761404401944
2021-08-09,3.4429403200060844,2.1041937004021807,2.432679626850867,3.7506785506588587
2021-08-10,3.4237731320291047,2.081747310205448,2.435705905114839,3.731452835255897
2021-08-11,3.4086034755298664,2.0648734376943096,2.4417582815393333,3.725045117304993
2021-08-12,3.4279253859510725,2.090489575233207,2.4490758846974114,3.73847244352282
2021-08-13,3.4526866798305345,2.1092436221204336,2.453532904765168,3.751593024098184
2021-08-16,3.422992315515687,2.077534998727617,2.459310263222092,3.7532212094759747
2021-08-17,3.3604240731880903,2.0149558269211396,2.4431883029293195,3.720161841946746
2021-08-18,3.360952036978882,2.0060511293762007,2.416447803453826,3.684356492549291
2021-08-19,3.392143643253644,2.0320225383303328,2.4201892725162404,3.702158946594479
2021-08-20,3.4590679290161126,2.0992383410548685,2.4394470139703546,3.740505353840144
2021-08-23,3.534206329059833,2.1824664533155547,2.4609059797857293,3.7964515324674495
2021-08-24,3.5569889018994414,2.200458263959667,2.464812603711446,3.808047350256375
2021-08-25,3.5739985440499003,2.2171363148809067,2.469984454370746,3.8124202367272675
2021-08-26,3.5535561929760813,2.198092427327665,2.4554036392963754,3.788211985893863
2021-08-27,3.61294298128355,2.257017701199689,2.4773575293913073,3.8250349111282147
2021-08-30,3.6387720028844908,2.2947851115337214,2.4882516268519477,3.8679594490585703
2021-08-31,3.6302545503361174,2.2924169453968575,2.484565089341667,3.8648065008943413
2021-09-01,3.633268119543744,2.296517214601468,2.485885607834284,3.871214218845245
2021-09-02,3.6249449391707587,2.286699530405362,2.493533880925865,3.8693833508039064
2021-09-03,3.6463205379663255,2.310160740884542,2.4929283731282412,3.8812852738477326
2021-09-07,3.6481709558546322,2.3231310361263597,2.484015053406526,3.886777237584186
2021-09-08,3.6177570660717815,2.2992833786307063,2.480988775142554,3.873250331100382
2021-09-09,3.6176044439305968,2.2896610438773624,2.470369695649484,3.8599232255360945
2021-09-10,3.6147467327553313,2.2782960544842656,2.450891867779934,3.830628376293333
2021-09-13,3.5902885050445845,2.2584520508527315,2.457164150516415,3.827984216047552
2021-09-14,3.5777811625914784,2.247876724655787,2.443904214141561,3.817100829421966
2021-09-15,3.611221344967551,2.280182242653886,2.4643169590180904,3.845479604256496
2021-09-16,3.6087425780838167,2.277132102982874,2.4604105151958233,3.848124084696058
2021-09-17,3.577089916846917,2.2453362433248136,2.4364439690513833,3.802554425938578
2021-09-20,3.4550287713434895,2.1254960953409556,2.3958174936101546,3.723981433563593
2021-09-21,3.468778550689629,2.1321168605519727,2.393555034076023,3.72856372676744
2021-09-22,3.5418642595352106,2.203611035161481,2.4169034651813655,3.763390243775533
2021-09-23,3.602884066493488,2.2605003763201776,2.4462684321247283,3.798114618967399
2021-09-24,3.5973453896346594,2.257764529792141,2.450298426913435,3.8016780555592242
2021-09-27,3.5541513691701003,2.2254261480130113,2.44328790013696,3.771332650520095
2021-09-28,3.4295999869390754,2.108291803717029,2.394051759390076,3.664613023802005
2021-09-29,3.4163138694062734,2.095030386091022,2.398081033764984,3.658604907690134
2021-09-30,3.417067163877422,2.090412320950848,2.3687706381668567,3.6451631727521496
2021-10-01,3.4592919512379803,2.123137453892117,2.396921527756328,3.667769814291609
2021-10-04,3.3744415193210147,2.0335105182406794,2.3660105528014235,3.590785303265536
2021-10-05,3.427197934605407,2.085920769775061,2.3906294336403886,3.639256878262725
2021-10-06,3.452812079217554,2.1137062512738765,2.40056466033525,3.662576591353087
2021-10-07,3.48688234851081,2.1534345566783304,2.421319421662609,3.696180608504267
2021-10-08,3.460496739702963,2.126764228853953,2.4169034651813655,3.677749614066433
2021-10-11,3.4319640989900173,2.0997792416135965,2.3994058747403924,3.6495418227111047
2021-10-12,3.4347717920230263,2.104245354997124,2.39349956221354,3.6368137997115855
2021-10-13,3.4785972638828286,2.140676755451647,2.402110488243342,3.665937025087583
2021-10-14,3.5686144927874,2.2198583174661737,2.442515436441538,3.7334518050324057
2021-10-15,3.595151881677519,2.2669513696181016,2.4611168809252346,3.756974200786316
2021-10-18,3.6334344674716417,2.3093563718565493,2.468403506289978,3.7947535448453404
2021-10-19,3.6474565841460906,2.3192621975394263,2.4874469246390434,3.8234707645066797
2021-10-20,3.6244459322405422,2.2965518186831377,2.4972166362637034,3.8184808646192674
2021-10-21,3.6692457392661004,2.345784519471561,2.503730257622676,3.841799296934505
2021-10-22,3.674481946774695,2.3408210920596653,2.501135687327444,3.809519601262684
2021-10-25,3.733091899920604,2.422284675128486,2.5145492519448247,3.8485208047910597
2021-10-26,3.797934528627522,2.4959962743362967,2.5168117114789563,3.860639819218591
2021-10-27,3.79459553410702,2.4941728916155004,2.5056625875336533,3.8695998018000495
2021-10-28,3.844411148661056,2.5471660984835207,2.5298384138865524,3.91257332937894
2021-10-29,3.890738069112228,2.585034601300318,2.5349720826145328,3.931819857377685
2021-11-01,3.8993858929721483,2.618758708518274,2.5393327473367426,3.9452603115405442
2021-11-02,3.908973638518289,2.622284030718552,2.549599724585805,3.9617582961208124
2021-11-03,3.9408449151457092,2.6722397808292038,2.5651660657364985,4.003813828128783
2021-11-04,4.103369214269169,2.849694822494817,2.577253888861223,4.055137689329582
2021-11-05,4.086722530164796,2.8473814018093084,2.586196025134877,4.059007231176308
2021-11-08,4.127223731324656,2.86728836242603,2.5884037332203245,4.053507262595323
2021-11-09,4.141414020897477,2.838453298729817,2.5798484591564548,4.025605576494895
2021-11-10,4.025722890554488,2.743271425451192,2.559093697829096,3.9664430513346676
2021-11-11,4.061336074118185,2.7690488834411116,2.5599218134904507,3.977440106752607
2021-11-12,4.1061942656073915,2.7962650241484024,2.5792409702208854,4.019293276290811
2021-11-15,4.062828186291353,2.758485674211414,2.580124557744723,4.018375921107454
2021-11-16,4.1102138620425395,2.8047661645951836,2.590336423338201,4.046992279727691
2021-11-17,4.0845018809521285,2.784978206831646,2.5840436088084635,4.049128932830149
2021-11-18,4.185801572515285,2.9215363829267775,2.592819509598118,4.091083603797018
2021-11-19,4.239093518431997,2.9879925359350876,2.5881831064945393,4.113894208775151
2021-11-22,4.1425427503486,2.8999614035525636,2.5808966612332456,4.066135064941302
2021-11-23,4.107529161849507,2.8576511504826954,2.5843193471898322,4.04760160849346
2021-11-24,4.175314702152871,2.9192957012058196,2.5912189302413413,4.060636697329223
2021-11-26,4.072310632764763,2.8017612608636124,2.5334267950167897,3.983652186303151
2021-11-29,4.180931863369615,2.932365954281291,2.564503285041895,4.070105788022912
2021-11-30,4.0838885955310635,2.8558751287419644,2.514604183496959,4.010331692740446
2021-12-01,3.9508531204344153,2.722135613971048,2.486674280840172,3.942104481632284
2021-12-02,4.019845067532698,2.7770591578341532,2.5247602170210546,3.970515916232504
2021-12-03,3.907894586846495,2.649414996953017,2.502792098753603,3.901473811950993
2021-12-06,3.9101580462372274,2.64985843722415,2.532433524492133,3.9327365721734795
2021-12-07,4.075197886398897,2.8321952274238353,2.5848160725038856,4.051166005666629
2021-12-08,4.077694910084337,2.8353437027222697,2.59166072400326,4.069291855430907
2021-12-09,3.946153307870798,2.701149091143516,2.574163133562287,4.009414657750871
2021-12-10,3.9532948135599817,2.703179974525704,2.5983946118811185,4.052998794870656
2021-12-13,3.814372450969043,2.5506465705183885,2.5753775711230773,3.9944462388637603
2021-12-14,3.778184639569124,2.5247412619708274,2.5576586335425207,3.9531021774377852
2021-12-15,3.8823312792463334,2.652066617039838,2.597622328289146,4.043223598922068
2021-12-16,3.743016464466325,2.492768404786927,2.5747146103250245,3.9392531560100172
2021-12-17,3.7223219000078993,2.4712230785937117,2.5473127709825247,3.91959966171527
2021-12-20,3.6746171899376128,2.4171567159168155,2.5202255723665115,3.8815782511576007
2021-12-21,3.7983070702886637,2.54821606000539,2.5649820000109864,3.9684490653743647
2021-12-22,3.857137252143338,2.618900543046057,2.5906290914438346,4.016779755107791
2021-12-23,3.9001576354388505,2.67113933245582,2.6067483501848625,4.047061121390666
2021-12-27,3.9756093717435426,2.7486049971835462,2.6436391198740643,4.11394928210553
2021-12-28,3.933471894669095,2.712011484041669,2.6414785988924177,4.0948820626243005
2021-12-29,3.9106561402712585,2.6868463529615116,2.644857879917646,4.094270172308281
2021-12-30,3.8978072416353773,2.655121313459699,2.6375458599665063,4.082034927538146
2021-12-31,3.874170115214215,2.6239030608044773,2.630899142158264,4.05654430061073
2022-01-03,3.9241313877493695,2.6963207590922393,2.646131391409912,4.095595134175203
2022-01-04,3.8471589496282017,2.611924450585709,2.6452452824377795,4.042472104117412
2022-01-05,3.686105427778001,2.444695523636064,2.59445088664478,3.918284946049349
2022-01-06,3.711976530076399,2.4667524431994208,2.5920137267645162,3.9155309593365906
2022-01-07,3.6773610240474452,2.4267578698972705,2.581766380791463,3.873114889130902
2022-01-10,3.701164917283435,2.442595947858315,2.5785533352502346,3.8756639518236438
2022-01-11,3.7664676224209885,2.5170664197683674,2.602040265908335,3.933885107266918
2022-01-12,3.7771268447859554,2.532578741606518,2.6090743862367103,3.949484307903143
2022-01-13,3.6394564599770676,2.3896524588283543,2.5731250172786746,3.8506837137835817
2022-01-14,3.6557423429650715,2.402898876173537,2.5741779020451556,3.8746444548240597
2022-01-18,3.5809535825359764,2.3171647954404535,2.528590116877233,3.7781892801523482
2022-01-19,3.535788020970459,2.261093780602768,2.5023344558881178,3.7366902449362356
2022-01-20,3.47505543936014,2.1892797913195388,2.474638327508938,3.688157192733042
2022-01-21,3.322601298412736,2.0329013047896836,2.426059384249719,3.58588954034982
2022-01-24,3.3105566164705804,2.029225310705162,2.4363623821887055,3.6023052351283
2022-01-25,3.2136128632936014,1.9361680766589229,2.406616316345946,3.518798696971407
2022-01-26,3.2292062806068365,1.9499761376405098,2.4005790686112194,3.5132926447085775
2022-01-27,3.1829327820019935,1.9016663030211283,2.3887253799710018,3.477911872265095
2022-01-28,3.272204839146888,1.995402858097042,2.448050195551823,3.587011179165631
2022-01-31,3.4323876752882603,2.155625936047754,2.4921420414671984,3.70171771956388
2022-02-01,3.472845227747372,2.1891057593939944,2.508981533903259,3.726901921042615
2022-02-02,3.4289364254103987,2.174483406483918,2.533354033223143,3.757185208488177
2022-02-03,3.2823936775640417,2.0326910381492778,2.473807510295839,3.604854297821041
2022-02-04,3.352628723314526,2.1411508784191975,2.485439671693024,3.6503288590254823
2022-02-07,3.3388797893060116,2.1245315095971713,2.477463250116234,3.620964847925965
2022-02-08,3.3834935332941054,2.171046656900338,2.497847538647724,3.6616464284184786
2022-02-09,3.502747726918317,2.2692859835693753,2.5344061975758256,3.739239627822758
2022-02-10,3.448350233310544,2.2104331247811353,2.488873884270386,3.6546114508500542
2022-02-11,3.3242473666257784,2.078932025787472,2.4397962345591684,3.5386808096259856
2022-02-14,3.318084790844614,2.0811533126691453,2.431819812982379,3.5430649028792227
2022-02-15,3.455767958917519,2.215991905928353,2.4710375192406766,3.631159817921806
2022-02-16,3.401244537133936,2.1863595927770207,2.473807510295839,3.6302424627384493
2022-02-17,3.2567707211889383,2.043294368420204,2.4209629969358097,3.5222657552350682
2022-02-18,3.1901217284922074,1.9756020695737662,2.405287332991197,3.4820923222734397
2022-02-22,3.125653208513664,1.9151392796042124,2.379474906591597,3.4471197969010845
2022-02-23,3.0404755248272135,1.8258631302238741,2.3372662223454532,3.358820918419828
2022-02-24,3.1898609677018515,1.9775174758334284,2.3724398857459734,3.4716921080638
2022-02-25,3.248085859628197,2.0320461195672817,2.424785512550554,3.5255278894787123
2022-02-28,3.2760497766935743,2.056837483092099,2.4185816691249284,3.5360302455045796
2022-03-01,3.202859473750443,1.9852188812909828,2.38174637129821,3.481888679028548
2022-03-02,3.2549690719422095,2.034261379401574,2.42556085790117,3.5403128373291515
2022-03-03,3.177179680953429,1.9409629791200906,2.413485461914469,3.4897395103516646
2022-03-04,3.090962268733792,1.8588548180423707,2.3938768789404947,3.4391668237617408
2022-03-07,2.9339105084621395,1.7073777328494684,2.3233069442757226,3.312325899634459
2022-03-08,2.9474344172133597,1.715547460005234,2.305692826902845,3.2969313028244693
2022-03-09,3.0982777758241866,1.8593801313283016,2.3675099140195135,3.415612728823484
2022-03-10,3.070577412834568,1.8419760511929542,2.3568196936638435,3.3776832138810406
2022-03-11,3.004493017272902,1.7773118276977657,2.326852280681501,3.307636021320103
2022-03-14,2.920235961365541,1.6921457141760918,2.30984691296834,3.2441140578277974
2022-03-15,3.0338352170627076,1.808694438965924,2.3606413087613394,3.3458713213236653
2022-03-16,3.176749924997881,1.9563280366899884,2.41298693556592,3.4699585789319696
2022-03-17,3.259942822942044,2.035450121847771,2.443175335480947,3.5119670424540934
2022-03-18,3.375978626564455,2.1568543510275524,2.4699349259221,3.5838495857693076
2022-03-21,3.354243326740154,2.1359810383919102,2.469212530985673,3.573886115877329
2022-03-22,3.4189039128984753,2.1996495539761636,2.498106167201379,3.64412222276922
2022-03-23,3.352912535880642,2.1309605727672984,2.4659346482025812,3.59175196829121
2022-03-24,3.4564351380628056,2.2330774756474754,2.5031070996869893,3.6715842828079555
2022-03-25,3.426259869734704,2.2067940650927493,2.515330720812728,3.668520988902484
2022-03-28,3.480374726842618,2.2640159115344605,2.5332229179118193,3.725282380896919
2022-03-29,3.548183504428394,2.326028058252027,2.5645605579388744,3.7893931807529917
2022-03-30,3.486363050205078,2.2555400114539794,2.548725322337898,3.747537129470756
2022-03-31,3.4327733554881203,2.196076802441201,2.509496629769173,3.701087578202328
2022-04-01,3.4305843176740507,2.1892053476709,2.5166090950981332,3.694042994820465
2022-04-04,3.5134066341253756,2.2787409485279024,2.5381676581211483,3.770099264074618
2022-04-05,3.407678899140425,2.1681912774546794,2.506107262950766,3.686387161510146
2022-04-06,3.2912378816674734,2.040173763180061,2.4810480291774795,3.6063499229733833
2022-04-07,3.285830341364078,2.0281982157800913,2.493549549925982,3.614925352823529
2022-04-08,3.2174923411255847,1.9565139245823417,2.4868823003244835,3.56439172987492
2022-04-11,3.148608853371444,1.8824193885581533,2.444376085179566,3.4800683773819916
2022-04-12,3.1183744440729697,1.8538177827311617,2.435318682698155,3.465368280883591
2022-04-13,3.1786229219253275,1.916253590748637,2.4632118442512194,3.535807390632811
2022-04-14,3.081285262424323,1.8210321289110205,2.432540046677411,3.454953657953794
2022-04-18,3.0570179709673218,1.8087343482906109,2.4335408815469517,3.457608064400575
2022-04-19,3.1317442968683076,1.8831543127888128,2.4728246857712604,3.5348884344805476
2022-04-20,3.0110757657156197,1.7797322616942965,2.470990872447225,3.4833343539510113
2022-04-21,2.90726592832113,1.676743503460115,2.4340406686196485,3.411261295335937
2022-04-22,2.8315630601746924,1.5997829240318657,2.367252906396905,3.321933314041658
2022-04-25,2.8560844189467924,1.6268132211985777,2.3809769693614315,3.3646061796599303
2022-04-26,2.7184263000411684,1.50620425660492,2.312021842225956,3.237609641354948
2022-04-27,2.705376415285866,1.4885359085590835,2.318522856343455,3.233730173501003
2022-04-28,2.8210235065340274,1.6032827698512637,2.3770870950565297,3.34857920013192
2022-04-29,2.700663168231762,1.4842666179270094,2.289240736986918,3.197897607632139
2022-05-02,2.771250363768835,1.5385784252398256,2.303020451917377,3.2512892802724207
2022-05-03,2.778086661743077,1.5450183381425033,2.3135781161341265,3.2547605010552387
2022-05-04,2.8739556896191356,1.6259466818919592,2.3840331447980407,3.3648101430986035
2022-05-05,2.706324178608671,1.4835743650330984,2.2992978937171724,3.1953450228078033
2022-05-06,2.6544219328808496,1.4421514883714672,2.285573290442297,3.1570623341246122
2022-05-09,2.506904339779047,1.3248232560800284,2.2123958180339205,3.033536056021104
2022-05-10,2.5498070562272934,1.3625894314692923,2.217507694244497,3.070389719858458
2022-05-11,2.4398177184986847,1.2782510173033128,2.1822799998090905,2.9793272488510048
2022-05-12,2.434156770414651,1.2689304661831713,2.180001150861043,2.972283946244267
2022-05-13,2.578635023209643,1.3857732044255775,2.23212074783635,3.0824366906852028
2022-05-16,2.530337886631522,1.345172969077028,2.223063885665287,3.046704985857441
2022-05-17,2.6096826520108123,1.4065204455114115,2.268793052041162,3.125619304803267
2022-05-18,2.4995542945341613,1.3114487296060027,2.1773341789790637,2.972180843846696
2022-05-19,2.5100684322934956,1.3144200572685438,2.163998959362268,2.9562556859411315
2022-05-20,2.4882576540199786,1.2949383431060457,2.1649439621624267,2.9470677253874045
2022-05-23,2.521383067119113,1.3206695319537245,2.205449948395859,2.9960701816739492
2022-05-24,2.437749442811244,1.2546343685789685,2.188614058028791,2.932366988501441
2022-05-25,2.5114391781028487,1.3055517162723616,2.20795014448349,2.973406545641422
2022-05-26,2.595629180281134,1.3707895979942266,2.2520682855025096,3.0557904844011596
2022-05-27,2.69200486393692,1.4484507582642678,2.3073544613290426,3.1555314876563294
2022-05-31,2.6740858740271927,1.432638253622068,2.294408445266877,3.147159701051076
2022-06-01,2.6626411551023854,1.4323536098218532,2.2758496853007397,3.12388417470253
2022-06-02,2.7889307861437396,1.5413468603405422,2.3191894192105003,3.209432268408841
2022-06-03,2.6957817226351,1.4634669561102795,2.2811281572022155,3.1259250898643858
2022-06-06,2.718132788243891,1.4726450288038846,2.288073486529928,3.1363387522128394
2022-06-07,2.7516839660120653,1.4758223232962353,2.310021433211022,3.163391924792885
2022-06-08,2.7372985300984873,1.445343857359555,2.2849065474718024,3.1406255065565682
2022-06-09,2.660760444178061,1.3659560431680389,2.230565194341978,3.0565057973085312
2022-06-10,2.5513379584255467,1.2665032292896947,2.165888604755686,2.9487010338656954
2022-06-13,2.4003750803720236,1.1423393419740104,2.083653189555549,2.811597899048504
2022-06-14,2.4027733510206306,1.1450096867841186,2.0773749634052305,2.816701467728269
2022-06-15,2.491196560067221,1.2126526593171594,2.1069906343504647,2.8870397164363872
2022-06-16,2.3703191661101135,1.113471863234576,2.0372574603126288,2.7705586621023044
2022-06-17,2.4122249154554103,1.1458019470334466,2.041649282931623,2.80424689021796
2022-06-21,2.4894417803512723,1.2006615457754664,2.093044683936006,2.874997228322581
2022-06-22,2.492206456572957,1.2023308989579469,2.0892504445628526,2.870803330175422
2022-06-23,2.5403042123464363,1.2421349377490067,2.1097305481295403,2.9135584855954826
2022-06-24,2.6539181113234807,1.3366638840745089,2.1768068360785753,3.013387221946722
2022-06-27,2.619092111503599,1.3070170966079981,2.168492000119949,2.9912935308448674
2022-06-28,2.5275010123044632,1.2393140504704192,2.1241834897546803,2.900159016236626
2022-06-29,2.5072566312324236,1.2244655035877796,2.122453596121076,2.902817265008783
2022-06-30,2.456811607699621,1.1845521871551186,2.105210131647517,2.8668146762420617
2022-07-01,2.480562954452528,1.2036814378006078,2.1274761410206406,2.885737488327936
2022-07-05,2.5550639996650677,1.2675298787383715,2.131494068878223,2.9351398666472948
2022-07-06,2.5473555134989883,1.2603380193212748,2.138692443552652,2.9539598965293794
2022-07-07,2.620081863172027,1.314730632827796,2.170724382377994,3.0171719124414094
2022-07-08,2.6212429649871827,1.3176892818735337,2.168938476571558,3.0209562827423158
2022-07-11,2.5435479096097175,1.260380779944594,2.1441618251107255,2.9564154626379886
2022-07-12,2.513008342105465,1.2354615614940614,2.125187926693213,2.9277750894841557
2022-07-13,2.501907747498647,1.2192277532532318,2.114027096023685,2.9217413578697826
2022-07-14,2.5021633074336096,1.2183916199709242,2.108893247192255,2.93217359145755
2022-07-15,2.569566396013956,1.264847976544093,2.1491843700102904,2.985361300659159
2022-07-18,2.5656855341145777,1.2017009352760075,2.131438056705391,2.9600970507351048
2022-07-19,2.659347204615193,1.2812821347156795,2.1890277556525692,3.0511300639146812
2022-07-20,2.7365431153796154,1.3506835036419143,2.2029789290670667,3.0995100634904245
2022-07-21,2.7799626160058866,1.3718980991554124,2.2254122545448882,3.144004191336597
2022-07-22,2.7024261795553466,1.2985099291696482,2.2047646547700532,3.0888729058826403
2022-07-25,2.685135828314446,1.2731204195299226,2.207443333376258,3.071279858570407
2022-07-26,2.6044289963189833,1.2103504609341806,2.1813272525605982,3.0109319760318947
2022-07-27,2.7568513163525084,1.3309929454438323,2.2379683466386258,3.1381731423857717
2022-07-28,2.797270284174644,1.2886884807916241,2.2660378294688686,3.1688585932206172
2022-07-29,2.8576980711757214,1.3189938165401807,2.299073664922395,3.2266490880280747
2022-08-01,2.8680276440148504,1.3130011140269588,2.292265214216394,3.2247064723570706
2022-08-02,2.8657792457797404,1.3080729856560007,2.2771428280690147,3.215090732911558
2022-08-03,2.9670401000785436,1.3939636117487089,2.3128016901628126,3.302646121432691
2022-08-04,2.9721434347987414,1.3917990802330564,2.3112392927373553,3.3180906684725597
2022-08-05,2.9461193168318713,1.357109768683717,2.307332488708189,3.2909859446937286
2022-08-08,2.9497176196631987,1.355705463913269,2.304653990205434,3.280348466892163
2022-08-09,2.9053281315458976,1.3082639208991258,2.295502213516422,3.2432191162091297
2022-08-10,2.996616523136953,1.3913495451850442,2.3437169876005077,3.333740139532445
2022-08-11,3.0013433788345436,1.4280902308849457,2.3437169876005077,3.3148179678341334
2022-08-12,3.069911342454963,1.5167209024670651,2.383393777551888,3.379359108132242
2022-08-15,3.0698064080304057,1.534710507470555,2.393215178866589,3.406669076124871
2022-08-16,3.0594048446091815,1.5266998312237445,2.3979025512464105,3.398690487483025
2022-08-17,3.015967884095021,1.4558044021083116,2.380882234946931,3.35992526677145
2022-08-18,3.0140786200301712,1.4448000856713341,2.3878023497916967,3.368005677035742
2022-08-19,2.9477864154054036,1.363625616029839,2.3557151192073214,3.3023387354026656
2022-08-22,2.8630953878479577,1.2629491732870664,2.306662683979051,3.2153981189415832
2022-08-23,2.864453843715574,1.2502609566257856,2.3010827189029106,3.2127389095880825
2022-08-24,2.8822041919440213,1.2639386536899742,2.308448949992386,3.222046302422226
2022-08-25,2.922271514614171,1.2936771416282153,2.341038308994303,3.279018702118522
2022-08-26,2.81146494148649,1.1916357339581614,2.2617965733337573,3.1446173624277414
2022-08-29,2.7864675610257517,1.162798083595094,2.2468409629807264,3.1136254861442145
2022-08-30,2.7738480465546567,1.1493777361155606,2.222175795555209,3.0789513813760085
2022-08-31,2.746793361347535,1.1258352610717388,2.2052669632910447,3.0610512682275313
2022-09-01,2.738142823733514,1.1198522270135152,2.2121870781358104,3.0623810330011723
2022-09-02,2.7096331029372474,1.09441347640575,2.188860979858221,3.0191154886937577
2022-09-06,2.6894161682678046,1.074110746364395,2.180601795865527,2.9974303648568115
2022-09-07,2.7437723037803146,1.1077035888945939,2.2197764573993655,3.057982210833997
2022-09-08,2.779614102792858,1.1225361670077691,2.2342855913007873,3.0738369261076803
2022-09-09,2.85811494543547,1.1746963607577516,2.268995128111636,3.1410372757592895
2022-09-12,2.8880741007509503,1.1862568129522029,2.2933816755005907,3.17837155046234
2022-09-13,2.7528268643763836,1.0866319263586923,2.193659836273357,3.004079829112579
2022-09-14,2.779579764985579,1.0992079122903562,2.2020301440944663,3.027911211865421
2022-09-15,2.7435989448180433,1.0712816129883145,2.1770301643561045,2.9774854942211024
2022-09-16,2.691677031037637,1.045318159694592,2.1604219247493566,2.959278635430162
2022-09-19,2.698475625159011,1.0485933651220225,2.177175687943398,2.9823239424499706
2022-09-20,2.6524196413577266,1.028570029946252,2.1521848934809666,2.958551795546665
2022-09-21,2.6048025576158986,1.008523609853316,2.1146426896144876,2.9055757344344797
2022-09-22,2.5631891043425745,0.9896692811552469,2.096879986895673,2.869814891972622
2022-09-23,2.5118636022106435,0.9644448480418982,2.0617472069782163,2.823089333664734
2022-09-26,2.487436269118801,0.9521127225963741,2.041350851515602,2.8114080241362074
2022-09-27,2.4972624301010904,0.9550597181733415,2.0361400985111837,2.812534786052519
2022-09-28,2.5582892024322232,0.9803293610499758,2.0762033904654493,2.868481925261168
2022-09-29,2.4828896392823614,0.9488757876451138,2.032833759383052,2.785791240858968
2022-09-30,2.444351980062559,0.9315343433456255,2.0013990435966513,2.738552732113475
2022-10-03,2.4917441156586495,0.9505114827857672,2.0542383339566412,2.8027999345203716
2022-10-04,2.5864133058525005,0.9912328069595884,2.1178924762594384,2.8909236670032703
2022-10-05,2.5705940837720007,0.983729879475409,2.112961243808831,2.8893854560780183
2022-10-06,2.5657532825596463,0.9802171791379898,2.0911647641288678,2.8666376090810157
2022-10-07,2.4599108338937548,0.9359039508701561,2.032833759383052,2.757406702536375
2022-10-10,2.4060632477115114,0.9098350131757978,2.0173124440947636,2.7298434612627562
2022-10-11,2.357667215806643,0.8874129686053179,2.0045369859993882,2.6923398040494106
2022-10-12,2.362718066043241,0.8877144237365187,1.997925028156923,2.6914179661531157
2022-10-13,2.412685223627723,0.910347358089562,2.0506526543781485,2.7545384066437006
2022-10-14,2.337313025813813,0.8810449470561599,2.0039206719947873,2.671743979456367
2022-10-17,2.46953182546813,0.93167789477382,2.055415309999911,2.7599692133679303
2022-10-18,2.502637170992373,0.921540679980808,2.0795657417664133,2.7817945820810754
2022-10-19,2.4862944918708867,0.9054468937624971,2.064828777001222,2.7716498825088944
2022-10-20,2.4886737326045276,0.9345984961063615,2.047514892078861,2.7575094847401647
2022-10-21,2.545942953263248,0.9726033771265675,2.0972722522089464,2.822167175574658
2022-10-24,2.5494618418303,0.9561996947209718,2.1229353728488105,2.853214765576127
2022-10-25,2.631166984017521,1.0221705911786712,2.1568355247570654,2.912236405472592
2022-10-26,2.566731547367699,0.9516576915974216,2.140586051221961,2.8478861006681244
2022-10-27,2.5468483291030277,0.9434542231440206,2.129155425584902,2.7960374418598137
2022-10-28,2.590737660861775,0.9854569949164793,2.1798091605837477,2.881597702929813
2022-10-31,2.564865859483643,0.9563642956411191,2.164063976707581,2.8480913448819227
2022-11-01,2.5309572183172278,0.9151550947153116,2.154594137326539,2.8189898926830517
2022-11-02,2.43425526604122,0.8395360706156463,2.1005218587504477,2.722362773950795
2022-11-03,2.3744782143325525,0.8048124582455707,2.07889341558898,2.669182589303046
2022-11-04,2.371854360271963,0.7896035719178658,2.108815262398569,2.712116252756168
2022-11-07,2.385448020312603,0.8012234128788969,2.1289872089629562,2.741933978443754
2022-11-08,2.402101935985264,0.8099434504747338,2.140473846772848,2.761915991558091
2022-11-09,2.291162720616682,0.7617187406485649,2.096375156926387,2.6981814193950178
2022-11-10,2.4732920939373684,0.9179151666250346,2.21157994940714,2.897275671236232
2022-11-11,2.566423522981225,0.9645448283402487,2.2329848841876285,2.9506619005822325
2022-11-14,2.5558236187667385,0.9534516144537232,2.2139895534596117,2.924838912509851
2022-11-15,2.596646513022236,0.9966213934885552,2.232872679738515,2.9653146084010045
2022-11-16,2.548565333724699,0.9282091327468898,2.215839035783764,2.924838912509851
2022-11-17,2.5048380374837858,0.8819363691910076,2.2090588613193534,2.9183838058793183
2022-11-18,2.4822483283672754,0.8611381747004077,2.2190888224287146,2.9184869082768894
2022-11-21,2.4517241587890766,0.8351678421884486,2.21102018788572,2.8884639383755046
2022-11-22,2.486787511142016,0.861629555383713,2.2407734578664638,2.9300654356016262
2022-11-23,2.5205473677838937,0.8826577159030288,2.254894108627054,2.95947363344296
2022-11-25,2.513921855198594,0.8733030550209769,2.2543896388646676,2.9400045707662277
2022-11-28,2.477290374548167,0.8496925711140747,2.2184163161478323,2.8968661433899796
2022-11-29,2.46219094300569,0.836506405782964,2.2146060475676626,2.874937352085482
2022-11-30,2.5352449169874376,0.9067803244288926,2.2843674978470885,3.005993307149487
2022-12-01,2.5377398974532173,0.8675268794982024,2.2826867724552304,3.0096822597035726
2022-12-02,2.52046736728348,0.8542274078812037,2.2800529396079816,2.9976935641450204
2022-12-05,2.444456010418916,0.8139185215308415,2.2390365401983243,2.947382475874399
2022-12-06,2.40566583431338,0.7980665382732646,2.206761101509096,2.8863115957777645
2022-12-07,2.395690386260964,0.7920955333752335,2.203007205308657,2.874527504045448
2022-12-08,2.4032029575106875,0.7931295350277184,2.2202650780581856,2.9085474529185062
2022-12-09,2.3930461977794284,0.7889298403771454,2.2036795314860904,2.890000228138069
2022-12-12,2.4201773293856714,0.797687604105315,2.235450140206033,2.9262743412313132
2022-12-13,2.444499502095654,0.8076273686153195,2.252372840435818,2.9577324196603785
2022-12-14,2.4336513980672603,0.8026538110196536,2.237971948707618,2.9358039485496623
2022-12-15,2.329441369858818,0.7658624239514847,2.1832273439540937,2.8372297314334634
2022-12-16,2.2993472905770003,0.7540615802193478,2.1574518387616664,2.810179120403668
2022-12-19,2.2519718388325427,0.7359045794706801,2.1391572905561227,2.770684498258346
2022-12-20,2.247588462015983,0.7343320538512602,2.142084692026253,2.7685283133352305
2022-12-21,2.263936124059467,0.7393898825083483,2.1741139292998506,2.808688938545608
2022-12-22,2.2051425818282184,0.7181992461404269,2.143097773930368,2.73997375211478
2022-12-23,2.2033639377837684,0.716592077165913,2.155425494849987,2.74613716221057
2022-12-27,2.172690280650601,0.7050106894804599,2.1469255125451507,2.7073111046805525
2022-12-28,2.1396318808885515,0.6934486412115037,2.1202435466907836,2.671567232489102
2022-12-29,2.214692585000649,0.7201293191811724,2.1584087283894995,2.736686642756196
2022-12-30,2.224122528106459,0.7224417137061879,2.1527234027953317,2.7350434082706854
2023-01-03,2.2424511336211563,0.7275695374295961,2.1436607773138814,2.7165554193397843
2023-01-04,2.267302840373921,0.7315238959188152,2.1602099429891535,2.729496691397634
2023-01-05,2.2267510645980404,0.7162904973829326,2.1355546812533652,2.6867681120614195
2023-01-06,2.2671102083290715,0.7296125894374376,2.1845275107569035,2.7609272331615093
2023-01-09,2.293958075757357,0.7352315903790552,2.183289479644213,2.778799489451016
2023-01-10,2.3368378573676565,0.7497083859934237,2.198600253999895,2.8023202842360195
2023-01-11,2.3796639774858317,0.7659358733022463,2.22640768631094,2.8508017852404275
2023-01-12,2.4025860805394768,0.7729557461098179,2.2345137823714563,2.8662079090265427
2023-01-13,2.4112076194096423,0.7700682348962749,2.243182341505137,2.8859289642091395
2023-01-17,2.4174774249104036,0.6578358433116729,2.2390732813020473,2.891783707499779
2023-01-18,2.3817547851016068,0.6439783779636915,2.2037225762105495,2.8541907162214573
2023-01-19,2.359139400248827,0.6364020275225356,2.18767968133216,2.8261503862137367
2023-01-20,2.444202547199442,0.6647552096174629,2.228434390429519,2.9034928738872767
2023-01-23,2.477005351529271,0.676282134823806,2.255172368456718,2.967996871706757
2023-01-24,2.4540195191999947,0.6698857722794874,2.252752318404168,2.961936884202319
2023-01-25,2.4413212568601472,0.6637202824289687,2.25359610306564,2.9553629856789327
2023-01-26,2.4972635269817354,0.6841234450235109,2.278364109560891,3.01298537875122
2023-01-27,2.5235776201468347,0.6881090005813337,2.2835993566344572,3.042977610049602
2023-01-30,2.474342042575179,0.6705120357829817,2.2549475993515915,2.981452054783555
2023-01-31,2.532032348382405,0.6892006672330397,2.288102483185317,3.0261325354104303
2023-02-01,2.5831252411347396,0.7065027919733499,2.3124202310565165,3.090841457249928
2023-02-02,2.708177413369552,0.745751295071561,2.3460815657905743,3.201771311998021
2023-02-03,2.6238911929928075,0.7255968792743805,2.3211451625699286,3.144868394352262
2023-02-06,2.58286436610268,0.7126103591858848,2.3069598546709242,3.1182657344224727
2023-02-07,2.661761523175365,0.745724819447206,2.3371316850685866,3.182873154833305
2023-02-08,2.615439144790772,0.7327094425581346,2.311575906084696,3.1262779434113526
2023-02-09,2.573233635445205,0.7191155291162029,2.2915361554523304,3.0986471412498844
2023-02-10,2.550169042459997,0.7120641427325743,2.2968839671819095,3.078310673619675
2023-02-13,2.6042234212873296,0.7326997745784694,2.323847254624584,3.127612831285494
2023-02-14,2.623089424570921,0.7391373982949848,2.3227779804441875,3.150723457836683
2023-02-15,2.6470739942406927,0.7426716558648863,2.3303207129142907,3.1748615862319878
2023-02-16,2.581727468618103,0.7200933603617703,2.298235103260962,3.1152866514814765
2023-02-17,2.534981082482202,0.7032774002711701,2.2924930450801635,3.093305668590631
2023-02-21,2.4852687293863442,0.6864763974552739,2.246503809323037,3.020072868099774
2023-02-22,2.5055583091429905,0.6906360636946146,2.243407290713713,3.022331515032898
2023-02-23,2.512209877503237,0.6950681283675019,2.2553414855959115,3.048728610555108
2023-02-24,2.4715818846879785,0.680821825845565,2.2312488670367374,2.9976810765875506
2023-02-27,2.4878123178049236,0.6862282577370004,2.2388481519900214,3.0191475080718853
2023-02-28,2.486478701998319,0.6846894703707967,2.2305734791006606,3.015244986265688
2023-03-01,2.4664493020795994,0.6784109217768763,2.222017304519543,2.991004395860375
2023-03-02,2.504110362907904,0.6939777111131219,2.2392985907175222,3.0157585770908555
2023-03-03,2.548340832242638,0.707654347857547,2.275211578778735,3.0781051092120952
2023-03-06,2.5591978203657333,0.7135752171502335,2.276788204376712,3.0815974627844773
2023-03-07,2.528420443294326,0.7019957614925172,2.241887577805816,3.0437992272923573
2023-03-08,2.5432525118914397,0.7059272431172997,2.2455470997986535,3.059000747252237
2023-03-09,2.489450222622838,0.6896452723712626,2.2041170027652184,3.006000671606456
2023-03-10,2.4501237876723794,0.6760936040068438,2.1723127147001966,2.963785362901628
2023-03-13,2.4774462614418566,0.6865817338084432,2.1692167364012214,2.9857663457924737
2023-03-14,2.5554431941826348,0.7136934231771415,2.205073712289602,3.054379070213293
2023-03-15,2.5883020088546025,0.7260025656959371,2.1912822906349176,3.0704015670283655
2023-03-16,2.6782383634539793,0.7582291414173316,2.22972915412884,3.1513395106718587
2023-03-17,2.6853482006198997,0.7641044488960885,2.2036571986583375,3.136446017129567
2023-03-20,2.6600887568352474,0.7520785071690677,2.2248469098165295,3.147577553935642
2023-03-21,2.712838558442986,0.7666669670800823,2.254060589862211,3.1925318002455088
2023-03-22,2.6788290061355693,0.7569106652171684,2.2156364194029408,3.1491199273800503
2023-03-23,2.712949006129561,0.7718052917464563,2.221626299930417,3.186462847315195
2023-03-24,2.7094746190562584,0.7735646262305669,2.2362047736599426,3.198189624360663
2023-03-27,2.6859521487571674,0.7629435914807169,2.24038605534633,3.1762781235203543
2023-03-28,2.657057524875586,0.7537931088281407,2.2353570267225793,3.159407433378681
2023-03-29,2.6997470077629164,0.7678095231246723,2.2678475089306547,3.217015737924592
2023-03-30,2.7233521309321884,0.7759313287273977,2.281126536271169,3.24746616652398
2023-03-31,2.7823213637902735,0.7963896869924196,2.3132786040974076,3.301473891999438
2023-04-03,2.774658218048762,0.7941025550914601,2.3220930470252807,3.2934495156468695
2023-04-04,2.783933231363914,0.7952244434386059,2.309209706963583,3.2823391116303586
2023-04-05,2.7292544226005204,0.7789714622940063,2.3031638142632747,3.2499345403838404
2023-04-06,2.774497794438722,0.7977609637674253,2.31214809474414,3.2718463614179303
2023-04-10,2.7593820763733814,0.7910717156342403,2.3145213178997883,3.26999500097459
2023-04-11,2.7296470570990987,0.7792715494775179,2.3151428549044284,3.2490088601621703
2023-04-12,2.739058230449208,0.7852397711597373,2.3057065147650158,3.2203073299961136
2023-04-13,2.8068244631468287,0.806221110532289,2.336332566062621,3.283368214443381
2023-04-14,2.7993186697779397,0.8008752731643378,2.330625267847599,3.2771961591154968
2023-04-17,2.802543444248233,0.8035795644825712,2.3389883715307236,3.2799735199742885
2023-04-18,2.7920208222274754,0.8004247003368172,2.340513667645559,3.280178764188087
2023-04-19,2.7835083992021445,0.7953438270787655,2.3401185206770916,3.2786357503561154
2023-04-20,2.744304379157289,0.7815913606465377,2.327347925374856,3.253638542045646
2023-04-21,2.769069061229702,0.7854519590350693,2.3291563441124947,3.2570329163209575
2023-04-24,2.738496270888111,0.7734567616502114,2.331586119751324,3.2502441677703344
2023-04-25,2.656914418044456,0.7469222443510898,2.294575040957776,3.1889312211750553
2023-04-26,2.7394320764170694,0.7855251182997899,2.2848555781955597,3.2082712457579325
2023-04-27,2.81362265425113,0.810602412672841,2.330342505431695,3.295507401079133
2023-04-28,2.78691923836411,0.8090876329567527,2.3502327702008756,3.318241479743541
2023-05-01,2.7587853030750837,0.802779075174938,2.3478595470452275,3.314435656459289
2023-05-02,2.739654668902031,0.7946857275570808,2.321471329917191,3.285528241691872
2023-05-03,2.7385979440281676,0.793544212136945,2.3055370374189232,3.264028830248066
2023-05-04,2.7351135050184228,0.7927451893348513,2.289206877538389,3.2525072974163964
2023-05-05,2.7984726607023185,0.8149560117867545,2.331586119751324,3.3216371347939773
2023-05-08,2.8375928021154535,0.8256508176362233,2.332207656755964,3.3298661149727815
2023-05-09,2.8218641441649437,0.8184141333805274,2.321980122162369,3.308777191956572
2023-05-10,2.887549077460361,0.8391249550822184,2.3328291937606043,3.3447829826611066
2023-05-11,2.8978003196640847,0.8383190721754773,2.3287608369371284,3.355686861688694
2023-05-12,2.8864190181094966,0.836086346927485,2.325709524293659,3.3436514178380756
2023-05-15,2.9126292729511047,0.8436247915063432,2.3337333130776985,3.3617570953941325
2023-05-16,2.926480879414196,0.8471374695443243,2.3181377951681665,3.3655632388721655
2023-05-17,2.967691030540035,0.8592848132335542,2.3462771581368624,3.4063005330826215
2023-05-18,3.020628007389466,0.8764363065068312,2.368879600753877,3.46956730213125
2023-05-19,3.020718334987909,0.8785634952209729,2.365432600831592,3.4617481699924793
2023-05-22,3.0470617111155933,0.890532474911246,2.3663934527353168,3.473372485027939
2023-05-23,2.9964558379866673,0.8698856251426773,2.339836118468087,3.42934327855218
2023-05-24,3.007194580052218,0.8701230092708253,2.3228842414794633,3.4117527927901965
2023-05-25,3.0521791372492615,0.8957020874813053,2.342999995767569,3.49477039504308
2023-05-26,3.1262783386489765,0.9185236875598922,2.3733432846492697,3.5840634752152
2023-05-30,3.1401709055379055,0.9197334506921672,2.374247584069814,3.6003171519403545
2023-05-31,3.130526370599529,0.9157854057723422,2.361081841799111,3.579845562534446
2023-06-01,3.1526732029880753,0.9233921421744444,2.383514807070033,3.621199870161422
2023-06-02,3.150297819078953,0.9229800549048583,2.41798300525839,3.648358386495507
2023-06-05,3.1749362796247165,0.9299202478512771,2.4133494838100056,3.6509301829467193
2023-06-06,3.1774380696447704,0.9274163081845361,2.4186043621595807,3.6503131695302
2023-06-07,3.0871277438008193,0.8971552089349657,2.410241438579906,3.588383529712182
2023-06-08,3.112975714875169,0.9032035593887555,2.424820092412881,3.632926967400671
2023-06-09,3.1117896214528313,0.904936840453632,2.429170851445362,3.646815372663536
2023-06-12,3.158959582865611,0.9200128135695372,2.451208309540917,3.7084353850950595
2023-06-13,3.177821055362649,0.9277532836813671,2.4673684517650094,3.736931671047318
2023-06-14,3.1922832262709915,0.9349447862095005,2.4703068395455667,3.764089867187622
2023-06-15,3.2680115117169244,0.9664403831843219,2.5009328908431714,3.808941331293699
2023-06-16,3.2177290763147144,0.9479126192643447,2.492414537986474,3.7849719450211268
2023-06-20,3.186988288218579,0.9368736842168304,2.4794829302002777,3.779553946048148
2023-06-21,3.1226646833821374,0.916546028648488,2.466779153277851,3.7280478945858033
2023-06-22,3.1873582058551677,0.9321169011047847,2.4756832877236357,3.7720345152886527
2023-06-23,3.1539657842491096,0.9214717199940529,2.45696729744598,3.7346400441547223
2023-06-26,3.0982773931855014,0.9047601145175747,2.4469286913710366,3.6845758252894654
2023-06-27,3.140591543650045,0.9172873497751137,2.4737547399851,3.7479287264652568
2023-06-28,3.160787283251049,0.9241660701093007,2.4750024966840702,3.755243873592298
2023-06-29,3.1485243927521966,0.9214463285164392,2.484757259722412,3.747722841863896
2023-06-30,3.192442808383839,0.9336599019360029,2.514079362044765,3.8055133366713534
2023-07-03,3.1797497783303226,0.9292517243074325,2.5169720035491188,3.8144752404154993
2023-07-05,3.1852878567627765,0.9308622202231652,2.513228553348758,3.814372778405491
2023-07-06,3.1735626340304,0.9301658517283385,2.493548469305284,3.7853231975991872
2023-07-07,3.1644145954671603,0.9247216909495966,2.4872529532238024,3.7727549512965246
2023-07-10,3.144926350242647,0.9205575600644101,2.493548469305284,3.773991219486033
2023-07-11,3.1622593791723026,0.9242552675916785,2.5094287307686662,3.792636743757322
2023-07-12,3.1763474860984746,0.9273115139208161,2.5296190478849145,3.8405386940176194
2023-07-13,3.248685964438986,0.9473545158028447,2.5496966202417006,3.9057451969932204
2023-07-14,3.2474340030183835,0.9470288461098335,2.548108828229847,3.9049206980064337
2023-07-17,3.2507384431000923,0.9495207853585191,2.5569560499855513,3.9413869273684434
2023-07-18,3.296873347149809,0.9679397348856198,2.5759558832998084,3.9736310815305425
2023-07-19,3.31354677389373,0.9693440849594872,2.5816844337218856,3.972703800339966
2023-07-20,3.2117753191093383,0.9416058311726275,2.564556595662983,3.881124856763313
2023-07-21,3.207315865483992,0.9394999715375563,2.564556595662983,3.8694842118450086
2023-07-24,3.2086168649270994,0.941621360911195,2.576012615886439,3.87566555279255
2023-07-25,3.2363746125521473,0.9512929559967941,2.5830458356975665,3.9019342506084684
2023-07-26,3.2273415564039394,0.946876133200486,2.5834424234936306,3.8889542351030846
2023-07-27,3.1905202658016836,0.9335555152144155,2.566314045124379,3.879682703972444
2023-07-28,3.2552671507508437,0.9510729128679478,2.5914395569671265,3.950349791693933
2023-07-31,3.279920425638585,0.9566914344629392,2.596373490969478,3.9524105588702283
2023-08-01,3.281623492936314,0.9596957171156961,2.5889438634657362,3.9432424503309402
2023-08-02,3.1743188123492994,0.9277705187269323,2.552929477162387,3.8567110415223294
2023-08-03,3.182696822776164,0.9294391793392976,2.5456131347284567,3.850530020768569
2023-08-04,3.2098998744263594,0.9256363053696257,2.534100021711471,3.832502790688925
2023-08-07,3.2503096061162955,0.9358563931555572,2.5562190666697044,3.8649515486772597
2023-08-08,3.2055210242133274,0.9234425722669021,2.545102901655682,3.8320907012924224
2023-08-09,3.1740120694455656,0.9150922257593582,2.528088168563141,3.789958642970726
2023-08-10,3.18742556345147,0.9186720543329371,2.5289957098457783,3.796962881936148
2023-08-11,3.1852879587620246,0.9177757349260417,2.5275212029037357,3.7727549512965246
2023-08-14,3.2296574409345555,0.929988264243983,2.541472916628582,3.8150935346071444
2023-08-15,3.18727780050294,0.9194680333244207,2.5118678717868757,3.7746091934838963
2023-08-16,3.160267114598135,0.9137841506806046,2.4934350041320235,3.7346400441547223
2023-08-17,3.1277734432806463,0.9039859265885591,2.474435711128115,3.693847036226324
2023-08-18,3.1239962175924383,0.9036044936316735,2.4756265551370054,3.689211270661004
2023-08-21,3.1805122978680442,0.9210185295329416,2.4917333867400098,3.748649802860691
2023-08-22,3.1800355084557013,0.9214981796909276,2.4849843701723833,3.7432936012874993
2023-08-23,3.2210462018204113,0.9340107411729827,2.5126614075859033,3.8023203642844647
2023-08-24,3.136616423800874,0.909996826042675,2.4778384056017937,3.7210426950390376
2023-08-25,3.1718151711545994,0.9201607147043791,2.495306639180479,3.7498860710501996
2023-08-28,3.1621719085430655,0.9173716610162652,2.51113034816068,3.7781117932572794
2023-08-29,3.2182022909173664,0.9341192908206758,2.5474282172937315,3.8606250903046524
2023-08-30,3.232020161965456,0.9384192477184106,2.557920684061718,3.882155560545242
2023-08-31,3.2930879681128373,0.9542033686841799,2.5541774139648075,3.893795244882203
2023-09-01,3.288067667100359,0.9526532193267561,2.5589411502072674,3.889674350917175
2023-09-05,3.3142987886236592,0.9630469454751491,2.5478817177798754,3.894620064062771
2023-09-06,3.3020982997789647,0.9612922273844445,2.5307538797209728,3.8603161033057205
2023-09-07,3.3073582912887107,0.9593923662385108,2.5229838566974485,3.8327086752902857
2023-09-08,3.331771552939688,0.9676292886786704,2.5267834991740905,3.8380655172510405
2023-09-11,3.3828468563056786,0.9788822880349966,2.5434016444705674,3.883288726337179
2023-09-12,3.3340706739474912,0.964271573696748,2.529449390435372,3.8402287464373437
2023-09-13,3.3665223999115628,0.9711953592338356,2.532398404319457,3.854856158947395
2023-09-14,3.3952140735373355,0.9810547252566723,2.5542339664479883,3.8863785963264967
2023-09-15,3.3240093715527905,0.9617429844676569,2.5234600502182447,3.819832082376254
2023-09-18,3.3197681314468253,0.9606399673105545,2.524939960263776,3.8238140122402076
2023-09-19,3.3040347290256364,0.9583352130555072,2.5197036325695117,3.81566444011916
2023-09-20,3.247591913893768,0.9414864274755675,2.4965387268793324,3.7606791630294656
2023-09-21,3.1991095795713775,0.9328601041250307,2.4552754056402457,3.69176641703559
2023-09-22,3.188003358419583,0.9290472967242999,2.4497546945990307,3.6922825694110077
2023-09-25,3.1941488304796755,0.9285531369744277,2.4600560716069704,3.7098202231990802
2023-09-26,3.1419642762416493,0.917092516944286,2.4239147123716394,3.654111948551263
2023-09-27,3.1612582480261713,0.9233876279113312,2.4248822281030002,3.6626748908439386
2023-09-28,3.1814784024233176,0.9300195338837549,2.4389402028631224,3.693313913580499
2023-09-29,3.1956388943702336,0.9336140871743217,2.433021102991347,3.69599585669247
2023-10-02,3.2445030215681627,0.9476674661864104,2.432053587259986,3.726842044805516
2023-10-03,3.1559617416664283,0.9233225113541238,2.399498087706598,3.661437021685524
2023-10-04,3.2053067132072024,0.9375026989546003,2.416971184078423,3.7112639769588553
2023-10-05,3.2076601321663922,0.9395772123445697,2.4160604009336923,3.700329039134484
2023-10-06,3.3024033943443305,0.9690678630640336,2.444745837561637,3.762329441778164
2023-10-09,3.339379090293605,0.9810434359130851,2.4603975477474505,3.781518014702498
2023-10-10,3.3488055059921247,0.9823051803537154,2.4732032632223624,3.8024590081917577
2023-10-11,3.398855162571836,0.9963113268505619,2.4833342623669608,3.8295906282482157
2023-10-12,3.383165870017133,0.9904458040676268,2.468195126598767,3.8162836948921486
2023-10-13,3.343744347029066,0.9801836700376179,2.4559007248173277,3.768312902968877
2023-10-16,3.3890901063541845,0.9923786057220546,2.481740887148169,3.810918848086862
2023-10-17,3.3851409663495073,0.9922871984830571,2.481627061768009,3.7984370541051447
2023-10-18,3.356261863635584,0.9866498257657966,2.448558807693551,3.7486094584442506
2023-10-19,3.3542021113737848,0.9859178081631692,2.427044910326042,3.7135331902867614
2023-10-20,3.287027271149197,0.9673653844794567,2.3972215801033956,3.6581351834130014
2023-10-23,3.303681761203225,0.9715687879190733,2.393066233313753,3.6691738640225062
2023-10-24,3.3499577691819997,0.9842094841886534,2.411108816793278,3.7048674657902962
2023-10-25,3.267140996381204,0.9683935850223887,2.376503739983209,3.6141885869328116
2023-10-26,3.1874824684887084,0.9425057574144995,2.348046134219034,3.5452761611327177
2023-10-27,3.221513955170783,0.9440192424109219,2.3374031009671645,3.5622976625453724
2023-10-30,3.2896942660527824,0.9614005983905364,2.365348492520619,3.6024275491527473
2023-10-31,3.304651254107719,0.9658879268145403,2.3802039653556606,3.6196555755543254
2023-11-01,3.3636374730349226,0.9816920598736122,2.405587565441714,3.6824820781536984
2023-11-02,3.4023488629082284,0.9932396568331225,2.4516893658548535,3.7493311752272476
2023-11-03,3.446945047586401,1.0077680018247188,2.4740573137804622,3.7933811942987896
2023-11-06,3.460585040768314,1.0115283020493178,2.4797487628919175,3.808855839554098
2023-11-07,3.512305807050473,1.025322202095831,2.486806116565294,3.8448593889021634
2023-11-08,3.528491326743651,1.031790235322322,2.488627502751305,3.847335447412774
2023-11-09,3.4967506192070674,1.0229048126624243,2.469219194813309,3.8177277688457054
2023-11-10,3.5740417241484295,1.045897584370794,2.507750887032002,3.903558273467102
2023-11-13,3.5778727699722968,1.0476658041218851,2.50536073415209,3.891385466484316
2023-11-14,3.6407086583363553,1.064639129882126,2.5539666929287512,3.9751529625729494
2023-11-15,3.6255939322285933,1.0629451317641487,2.559373578589806,3.9781451734589774
2023-11-16,3.6491409841282314,1.0722415609970717,2.5625037765442094,3.9815494737415085
2023-11-17,3.646210336128624,1.067203785038872,2.565691067292142,3.9824777155134288
2023-11-20,3.6905650239843943,1.0817943087337811,2.585440671267169,4.030964019424556
2023-11-21,3.6756548997344813,1.0787960223284971,2.5798059547423446,4.0075460068433415
2023-11-22,3.713650221376983,1.0885591533296533,2.5897662158167027,4.023949214064352
2023-11-24,3.71280173547671,1.0881661276481713,2.5913597711389444,4.018275380260134
2023-11-27,3.71630712831062,1.0883466535098816,2.5866927504489303,4.01476765738625
2023-11-28,3.7380373735623276,1.0969617565744632,2.589254181709432,4.0252908260079
2023-11-29,3.7959597751746834,1.1155170852725944,2.58743297562687,4.0213697329623885
2023-11-30,3.800208000515927,1.1171606044793672,2.5976207073580992,4.011259934512367
2023-12-01,3.786648447742475,1.1108049674632645,2.6129876739900633,4.022711344905937
2023-12-04,3.752155007177577,1.101299279765674,2.599271175370421,3.9853661836143233
2023-12-05,3.7889905009741915,1.1113232982781036,2.598758781056251,3.9953735200543368
2023-12-06,3.7543872208544595,1.1023241846170375,2.588286665978071,3.9722648146658357
2023-12-07,3.8044497042832846,1.1159381310394927,2.608036089849649,4.0277656037433855
2023-12-08,3.8172970566950823,1.120070368942665,2.6192487903126676,4.045716627703086
2023-12-11,3.8093939532495136,1.118770336320643,2.6294359817335478,4.080275462710032
2023-12-12,3.833730071792177,1.1252778069627127,2.6414450996507886,4.112771929571776
2023-12-13,3.85745464190019,1.1312298866638162,2.6778713825434193,4.165074943355719
2023-12-14,3.8252395363090193,1.1209026627870649,2.686465919159306,4.1614644382780455
2023-12-15,3.886872402314015,1.1385292576677104,2.6820425784366284,4.1815812529743
2023-12-18,3.9245014715504887,1.1460488987010455,2.697129484204432,4.207919112646974
2023-12-19,3.9285142584916772,1.1477898479249788,2.7135295242234188,4.229420125059686
2023-12-20,3.895269845281711,1.1386231438030157,2.675928066322015,4.166572169476967
2023-12-21,3.9379149144843684,1.1507899670598694,2.7013004999941916,4.215052069512469
2023-12-22,3.9383033111462025,1.14322649914948,2.7067297184829995,4.221357645647146
2023-12-26,3.9579346429870856,1.0419774358522285,2.7181587231890125,4.247199204958841
2023-12-27,3.9545586090742475,1.0414410975700483,2.7230735662257044,4.255845077440867
2023-12-28,3.9585556937909954,1.0428152846822674,2.724101956923037,4.253777266001384
2023-12-29,3.953372347898066,1.0422573081678863,2.7162157671745075,4.2353677245468955
2024-01-02,3.8806311515144896,1.0188770658079829,2.7010150360265435,4.163696509127324
2024-01-03,3.85654906157075,1.0113101939735483,2.6789568660342815,4.119637524629906
2024-01-04,3.8470363502404448,1.0124242888124735,2.670327569452618,4.0984368539840315
2024-01-05,3.890580617992906,1.0275243196436237,2.67398493020406,4.103297075390026
2024-01-08,4.043266083525824,1.0775739402696238,2.712158576764908,4.188103600298901
2024-01-09,4.098693931713723,1.0944479673919754,2.7080441134583295,4.196377407607084
2024-01-10,4.174286768131559,1.1179636442501675,2.723359390400252,4.224818940422744
2024-01-11,4.197747768732253,1.1249964287850365,2.722159000908532,4.233609540493907
2024-01-12,4.206193143168678,1.1274970731359637,2.724044864129507,4.2357817351060865
2024-01-16,4.259176122471905,1.1483414654404207,2.7140442598824337,4.2353677245468955
2024-01-17,4.223821932779324,1.1382096626178742,2.698957714321529,4.2114771059445175
2024-01-18,4.289073429782766,1.1586924590227985,2.722958840328296,4.271255683939921
2024-01-19,4.403998744831516,1.1971592294511186,2.7569041982024056,4.355958786257443
2024-01-22,4.419540167421747,1.2024502394957135,2.762733066245921,4.3616473489756
2024-01-23,4.43745791572136,1.207361116722192,2.77079035427159,4.379745982268469
2024-01-24,4.496806629992007,1.2279832117933374,2.7738195141907562,4.404050611430037
2024-01-25,4.517383858080056,1.2339867739539445,2.7889056995447614,4.409427945792793
2024-01-26,4.502378169760582,1.2270740224834593,2.785362884587278,4.383158927783095
2024-01-29,4.584210317857291,1.2531279916483826,2.8074208744760902,4.4280443324299865
2024-01-30,4.587112474533185,1.2563798642357038,2.8052497273909163,4.398568893894585
2024-01-31,4.466832514880116,1.2207453077015806,2.759475715256086,4.312417555104349
2024-02-01,4.558139884583458,1.2484127631451871,2.7955922202153696,4.363198687845884
2024-02-02,4.710040065749748,1.292113810250266,2.825022384607495,4.436938995480064
2024-02-05,4.790937136627686,1.3251639245477524,2.814735956185874,4.431147330364336
2024-02-06,4.7544721620188435,1.312383303747257,2.8229081502124007,4.422252667314258
2024-02-07,4.860681497397497,1.3472775449450656,2.846452173664031,4.467758607509265
2024-02-08,4.848764215828163,1.3430456090337777,2.8477092957423813,4.476032735011229
2024-02-09,4.970965098124113,1.3819684174950417,2.864167509175595,4.520090438733521
2024-02-12,4.9390847268166365,1.3744625412873748,2.8629100268903453,4.502405815999843
2024-02-13,4.895848005327194,1.3641815223924194,2.8234788980442476,4.432180915890297
2024-02-14,4.98755426089184,1.3938924725552808,2.8491382365116698,4.4804802266331585
2024-02-15,4.930768482802496,1.374874380791577,2.8687961678308405,4.493821740917603
2024-02-16,4.8664601466662685,1.3562763424454307,2.8545098218965994,4.453072919731021
2024-02-20,4.748330629561918,1.3150935437118858,2.8387945351930695,4.419460897735309
2024-02-21,4.646731244376918,1.2792075346852732,2.84136605224675,4.401774994226506
2024-02-22,5.044914048522055,1.4203680363544864,2.9001694683409203,4.530640183439017
2024-02-23,5.059943404804097,1.4251822306474822,2.902169697252405,4.517298348960791
2024-02-26,5.052818899322675,1.4182764348393109,2.891539991655807,4.5149199495534695
2024-02-27,5.074549125865542,1.3093649363283184,2.8969119372476357,4.525778681257897
2024-02-28,5.046153816541545,1.300976686515044,2.893083658322504,4.501681537666596
2024-02-29,5.103812138249388,1.3137870732108052,2.9034837320208355,4.540258164240998
2024-03-01,5.15076504893403,1.325895910185997,2.930742389120887,4.608620176931079
2024-03-04,5.190437470817026,1.3390082649919297,2.927599583925011,4.592175664712284
2024-03-05,5.132299544128168,1.3228143936860297,2.898340878016924,4.509748179598293
2024-03-06,5.206009134268762,1.3424811242612655,2.9130274138162218,4.5380862898226
2024-03-07,5.342868338882743,1.3853134941212548,2.9419433828596806,4.606965415469442
2024-03-08,5.204994650534008,1.3400172126365872,2.9242853202450956,4.540465329617485
2024-03-11,5.156427885531966,1.3275578656270735,2.9217710760883944,4.523607447227062
2024-03-12,5.346972045934759,1.3853361332465683,2.9532012892885544,4.588453412004945
2024-03-13,5.345940318735506,1.3850403035790382,2.94857245052986,4.553185667966253
2024-03-14,5.312077766339678,1.369893178107929,2.9427434023828947,4.541706400713712
2024-03-15,5.240291449102671,1.3504782677103,2.92253705605963,4.487719167640256
2024-03-18,5.293831621454949,1.3664602345477932,2.9399056924306755,4.530520751158601
2024-03-19,5.321276039458775,1.37233916836821,2.9562432365526434,4.541808542529939
2024-03-20,5.376085769515029,1.3875613151251585,2.9835867223774666,4.59565905285879
2024-03-21,5.419028379591884,1.4026368213577196,2.9934464857269365,4.617406614483085
2024-03-22,5.481929027020077,1.4221851706475688,2.9877712459259476,4.622688531099021
2024-03-25,5.477581785212712,1.4201403171844784,2.9795165645194945,4.605911657735262
2024-03-26,5.431625149652482,1.4061413846815736,2.974013503616342,4.590999592953655
2024-03-27,5.373659522831087,1.384771070209264,2.9990066394236186,4.606636576456071
2024-03-28,5.377021986373834,1.38594596926957,2.998433550246926,4.598145357570401
2024-04-01,5.39015621177142,1.3871537176894608,2.9932173941390197,4.607879248521205
2024-04-02,5.345036808890432,1.3716417677758181,2.974186222824528,4.568112781855579
2024-04-03,5.329601302260258,1.364160890859516,2.9774523988833947,4.578365066538269
2024-04-04,5.209517323995538,1.3274262822986551,2.9411098640948374,4.508358858781334
2024-04-05,5.307268020086906,1.3547144186012487,2.971834612082834,4.5614847705831565
2024-04-08,5.288760552338359,1.3480161095420393,2.9734971470262805,4.562831505627206
2024-04-09,5.2737393222815845,1.3452545748883034,2.9769367627071315,4.579711481388537
2024-04-10,5.304648205504368,1.3557504997109946,2.947128381070803,4.539737849346425
2024-04-11,5.4202040360492605,1.3900879717133277,2.9693700764782283,4.612228760846064
2024-04-12,5.314584500023188,1.3580477603176486,2.9283835742412085,4.538701702270214
2024-04-15,5.205649149847796,1.3242986533184016,2.8916968617604266,4.464035074026801
2024-04-16,5.2394980324291165,1.336220858376332,2.886422712341742,4.4644494047797725
2024-04-17,5.152951573413298,1.3105313379630106,2.869340440455593,4.409977398321464
2024-04-18,5.154320487355814,1.3141527798753947,2.8634359289632374,4.384812728663387
2024-04-19,4.931070935722838,1.2445857192186627,2.838442613052511,4.294094465970805
2024-04-22,5.0375678952016205,1.2770224161861352,2.8645826476269702,4.337279001251558
2024-04-23,5.16983560810823,1.320023645865385,2.8985755528117796,4.402003612586337
2024-04-24,5.11742220125723,1.3044936326016865,2.8971995624566795,4.416915997561724
2024-04-25,5.126883880669569,1.3102848875181643,2.8861934406503753,4.395582446496619
2024-04-26,5.334536201393789,1.370566480804232,2.9135371065786475,4.463413898091125
2024-04-29,5.319455020607302,1.365763287277079,2.923854873000503,4.4815365459175895
2024-04-30,5.2005607789771275,1.3340464963840166,2.8775376688616174,4.397032604132021
2024-05-01,5.153751965378036,1.3132368541138377,2.8681939018953098,4.365239282813959
2024-05-02,5.268830039796944,1.347373907304693,2.8950213913369702,4.420954281531182
2024-05-03,5.368004218711303,1.3773949953918718,2.930906103156592,4.509809336610517
2024-05-06,5.489048255364753,1.414398542535558,2.961173388382553,4.559206591829375
2024-05-07,5.457769852096728,1.405729327672971,2.9644404649586678,4.559931510550185
2024-05-08,5.445856939343716,1.4008347710590898,2.9647270095470137,4.557239001043431
2024-05-09,5.412680094317135,1.3859588566974723,2.981809461536612,4.567180697758284
2024-05-10,5.442172015662608,1.3971765579189832,2.985650527806667,4.577950735785297
2024-05-13,5.462229677524532,1.4054128632720846,2.986051438085522,4.588513608435825
2024-05-14,5.51091160342875,1.4193063852708054,2.999751727394698,4.618028430806324
2024-05-15,5.638864850362891,1.4636124364010519,3.036897883775462,4.690209074531906
2024-05-16,5.6295909234000385,1.4640198384524763,3.03064973490123,4.6806817085700265
2024-05-17,5.606312883312857,1.4551010937945248,3.035006437347548,4.6784035298162445
2024-05-20,5.686397151259178,1.4827918310818755,3.038502965718479,4.711025192446469
2024-05-21,5.685215018229837,1.4572307939361466,3.0459549260499736,4.720241650246729
2024-05-22,5.658601255735923,1.4477130373601343,3.0371842482603584,4.719309566149434
2024-05-23,5.828234716760134,1.5068926403332619,3.015000546163711,4.698079757869462
2024-05-24,5.925883879811737,1.5419431053028925,3.0349488042436694,4.74250728540913
2024-05-28,6.061841961710867,1.5796707459643653,3.0370693422595005,4.760422447665327
2024-05-29,6.078940670847523,1.584898362398001,3.0158025468248706,4.726868700937808
2024-05-30,5.862191934744794,1.514800585037492,2.995797015847933,4.676228453460034
2024-05-31,5.849572925257737,1.5130236809225879,3.023082508361978,4.667529749004097
2024-06-03,5.953890840634878,1.5461442187728598,3.025547043966584,4.692591316264603
2024-06-04,5.9836075099230674,1.5529645653193818,3.0289301071642543,4.705432687862695
2024-06-05,6.201867439824388,1.6214254206672474,3.064929184674385,4.800292977309868
2024-06-06,6.179931027353841,1.6113206265045008,3.0648715515705067,4.798636294685544
2024-06-07,6.184307837628043,1.6158865975776096,3.0611459316116583,4.794390204952037
2024-06-10,6.2654241862244495,1.6412542646968615,3.0706038841650254,4.8137558450374165
2024-06-11,6.281903596468136,1.646796614734596,3.0779989318064405,4.846791518226831
2024-06-12,6.412433630225003,1.6916230155600016,3.1032782519951634,4.9102731373026955
2024-06-13,6.479331471040269,1.7169264772625497,3.1095271212831936,4.936888284789955
2024-06-14,6.538530059204244,1.7346963169004728,3.1114185677111075,4.962466644813441
2024-06-17,6.545437475060501,1.7364855405530057,3.1361827920339165,5.023256714963896
2024-06-18,6.627912184158206,1.7638155850473154,3.144150568645124,5.024810295190649
2024-06-20,6.517248407657363,1.7223374262928737,3.135609342650325,4.98607901501989
2024-06-21,6.480044452000783,1.7103323760070688,3.1314057281361842,4.972719569883694
2024-06-24,6.275742918043159,1.6446155459110736,3.1212262811636378,4.916106747803771
2024-06-25,6.496736306153448,1.717491331479935,3.1332456649775065,4.972325411338942
2024-06-26,6.519367522912677,1.7204917799622945,3.1371564312825644,4.982594346098258
2024-06-27,6.524512930390947,1.724806787412964,3.1421017118022423,4.99545588990457
2024-06-28,6.476489044505382,1.7130050866681599,3.1297372497789007,4.969524356140336
2024-07-01,6.544988923209727,1.731158857581591,3.136179189964924,4.998672236437492
2024-07-02,6.5186942188386645,1.7198697035334132,3.1572847928121432,5.051156159707856
2024-07-03,6.640045150606975,1.7507352958407356,3.1713739254690503,5.093268045821331
2024-07-05,6.594641482808181,1.644793023288734,3.1896616297435085,5.146374425802495
2024-07-08,6.665812041152094,1.6686742187112042,3.193342584046851,5.158614153285568
2024-07-09,6.704619074817592,1.67725872878879,3.196447927725206,5.163074132464968
2024-07-10,6.795780873139659,1.7039813290104435,3.2280776955475456,5.216906711942067
2024-07-11,6.565244434329401,1.6349782952635334,3.2002430676156077,5.102499872923093
2024-07-12,6.6054609842473395,1.6474466412290079,3.2204294224559646,5.132476094532411
2024-07-15,6.609680069181956,1.6524825717454443,3.229285109073801,5.146271003211143
2024-07-16,6.536682230625509,1.628305418937372,3.248435148665042,5.1482417959349
2024-07-17,6.21782615751889,1.5237828242568296,3.2028887872905316,4.997115774466708
2024-07-18,6.277855313568619,1.5450110123098661,3.1782751294516056,4.973466581975411
2024-07-19,6.153111829711118,1.5098753159105462,3.1571695266043864,4.929383903138179
2024-07-22,6.278979613027756,1.5505446367215294,3.1897192628473867,5.002820667067709
2024-07-23,6.298098576364496,1.5581102820351158,3.1847159890169316,4.985187275339035
2024-07-24,5.956475807318263,1.4475170977542096,3.112542413236739,4.806367053340682
2024-07-25,5.865707618439812,1.4188891266535368,3.0963244578053186,4.753363775757088
2024-07-26,5.926811680114479,1.4397512626216873,3.1310022964090343,4.802114239537768
2024-07-29,5.888767985027945,1.4244583447124959,3.1328429536641553,4.811760397392502
2024-07-30,5.6432449423144995,1.3478065275029036,3.1169707968560063,4.7456880904323295
2024-07-31,6.061877366311475,1.4850219641051847,3.1676356982687284,4.8861311665820155
2024-08-01,5.711386538641351,1.3096351833503181,3.1227787728993657,4.7677814613404035
2024-08-02,5.574072499901224,1.2735953914618512,3.0646374170860002,4.654618575161688
2024-08-05,5.323334937701395,1.2061324874101422,2.975384451074853,4.515836023961701
2024-08-06,5.470254902024051,1.2477540366695021,3.0028158273830905,4.558985017732732
2024-08-07,5.266168904516552,1.1886059947802765,2.9827452790608397,4.509612417435032
2024-08-08,5.546588821693592,1.2749732744420377,3.0516984250583694,4.647565666741512
2024-08-09,5.58377874890448,1.291967552949672,3.065155034400209,4.6718366755560465
2024-08-12,5.701087640132676,1.321723665463429,3.0667662398605136,4.6818981247450955
2024-08-13,5.986258606890319,1.4026751180165424,3.117200608857722,4.798068911305122
2024-08-14,6.065506942997369,1.4268993290242205,3.1270346174138965,4.799625053082125
2024-08-15,6.284760260770278,1.491296355532291,3.1806334040209356,4.920878915919915
2024-08-16,6.328995993056363,1.4985018881166985,3.1877640597983077,4.927205624844156
2024-08-19,6.528766656961286,1.5542453870419006,3.21824404719827,4.991929275597592
2024-08-20,6.465134851339933,1.5449504040345063,3.2130106011592,4.981453495655571
2024-08-21,6.501318811462844,1.550014188091347,3.2240513028278315,5.004687396812551
2024-08-22,6.309808425992986,1.4949360799665947,3.198747848776859,4.925338254711751
2024-08-23,6.516615566836297,1.5523349201753727,3.2327355309616292,4.978756503435879
2024-08-26,6.373340018634442,1.5070288915323133,3.2250296247661696,4.930421330989515
2024-08-27,6.441511889918459,1.5283397369268268,3.229457648178537,4.945149604540668
2024-08-28,6.329284029859245,1.4969267479651531,3.2107099596937485,4.889035003984412
2024-08-29,6.110484031409355,1.4420043417349688,3.210997765006242,4.881878352779102
2024-08-30,6.228520933056323,1.4782211422855687,3.2416495710971427,4.940067168650467
2024-09-03,5.789712297039415,1.3534416902355402,3.1749396135646353,4.790082638012525
2024-09-04,5.7221122415267835,1.3354671958985473,3.1684414811023305,4.777635104765404
2024-09-05,5.743862550757978,1.3359452473020244,3.1607348544930725,4.782095083944803
2024-09-06,5.461843303256942,1.2490132445397994,3.1075391394062835,4.653996758838449
2024-09-09,5.611152897006253,1.2923639472312591,3.142331884010857,4.71384513907817
2024-09-10,5.72400821005098,1.329124477213953,3.156019025768211,4.757409103989734
2024-09-11,6.066510164928725,1.4242202179114123,3.188396943320274,4.86071866693723
2024-09-12,6.194799429053697,1.464416341302611,3.2152532493138732,4.908431382672793
2024-09-13,6.227090477986837,1.4743745331463776,3.232045734749583,4.930421330989515
2024-09-16,6.149422006065546,1.4498057823338375,3.2368191965783226,4.90863886824306
2024-09-17,6.097663996703021,1.4302087583613836,3.238141516105436,4.911232117677619
2024-09-18,6.0151942674531425,1.4049850218898898,3.228538400171675,4.889969009244394
2024-09-19,6.2144626229886,1.4614820359188738,3.283630964789866,5.013607995558912
2024-09-20,6.228183858426036,1.470554506020858,3.277954824471628,5.00406494010175
2024-09-23,6.245479291303086,1.4773352597966172,3.2861462895672644,5.017329287684907
2024-09-24,6.388331852709782,1.5156503887133403,3.2955484100512495,5.041530494255123
2024-09-25,6.459586119016271,1.533927562039658,3.2882801552383674,5.0462050032679775
2024-09-26,6.486548319796693,1.5437605860072352,3.3013171235425918,5.084117547940013
2024-09-27,6.376326524148463,1.5089953127209106,3.296528893230983,5.055864929455306
2024-09-30,6.378183018682464,1.511849826721464,3.309739481260641,5.069575627169563
2024-10-01,6.192494336643143,1.4541408927796535,3.280088690142731,4.998944080957796
2024-10-02,6.276813094619134,1.4803421740100955,3.2814733254634127,5.006007875966535
2024-10-03,6.406046806411155,1.517061270603355,3.2754740795565565,5.0022683327950075
2024-10-04,6.525938318058109,1.554119922761998,3.3052394164684253,5.061785312471107
2024-10-07,6.567296786072445,1.563027726364861,3.2753588133487996,5.007565618712444
2024-10-08,6.7882565707025915,1.6321936872563816,3.3063358862697143,5.082351359042493
2024-10-09,6.835343849440315,1.6528083980310035,3.3292367603027504,5.1223413209674495
2024-10-10,6.922798349913069,1.6763707974802915,3.3234104137075295,5.116525321124344
2024-10-11,6.9113870673463556,1.6685217361790479,3.3433118448905867,5.124522801199285
2024-10-14,7.001523558410735,1.6930325064468632,3.3706544301981616,5.16752482602471
2024-10-15,6.765341384800672,1.6242081906981667,3.344465227381956,5.098451342752634
2024-10-16,6.894479079671569,1.6576654239368005,3.35900173700772,5.099074760044779
2024-10-17,6.9707328072455805,1.6839125668778687,3.359290262734012,5.102606497452258
2024-10-18,6.990765987028064,1.6856733504321877,3.372211964830479,5.136052338875487
2024-10-21,7.159358205635974,1.729707393718616,3.3666745041684494,5.145919750633083
2024-10-22,7.147349114053079,1.7238423482871736,3.3648860769137183,5.151529225487265
2024-10-23,6.951645608569153,1.6616492602346473,3.3341395364083177,5.07258769007003
2024-10-24,6.974344278321775,1.6662935077879233,3.341350158117321,5.113720423600363
2024-10-25,7.020003680143068,1.680150521144466,3.3401967756259516,5.1448816823941845
2024-10-28,6.9813186193731385,1.6666488542328186,3.3505224665995903,5.145712265062816
2024-10-29,7.0807030933518,1.7001890555097838,3.355945381467661,5.195154347411053
2024-10-30,7.009399041341506,1.6747292030201355,3.3457922295987594,5.155891865757156
2024-10-31,6.744209118667975,1.6010429047755674,3.2802046767642867,5.025743019675508
2024-11-01,6.840387100168398,1.6206177325949211,3.294048148315911,5.062927763882702
2024-11-04,6.842696470360957,1.6208390554961165,3.2869535132284633,5.048178677735765
2024-11-05,7.020063744720061,1.6731845618605887,3.3266983822838,5.112577651994988
2024-11-06,7.297588940045043,1.75505149147335,3.409419176280664,5.251451778616419
2024-11-07,7.443766871560202,1.7973607610651101,3.435781278408505,5.334132216817618
2024-11-08,7.400859458083081,1.7886496997458976,3.4506639468644393,5.340364788770164
2024-11-11,7.330868446408959,1.7669838262582087,3.45395191544071,5.337249303278344
2024-11-12,7.402586482366586,1.7806857187796856,3.4432224325330227,5.327588416509672
2024-11-13,7.3394026451080165,1.760443397923876,3.444895233373097,5.320733067652544
2024-11-14,7.307389293195678,1.7459489337084106,3.4227443101042807,5.2837558090156165
2024-11-15,7.09302047330635,1.6847228370786498,3.3789035283976765,5.157865220031163
2024-11-18,7.054921601574163,1.676155527050738,3.3927480805699988,5.193700347450277
2024-11-19,7.273902118092317,1.7305111857229933,3.4051503643177603,5.229431411890476
2024-11-20,7.224224286411103,1.717547528212851,3.4063033866022305,5.22641966918379
2024-11-21,7.252893204317572,1.7292054786759687,3.4245903704628904,5.245219847051436
2024-11-22,7.1202750908621315,1.6904955646086028,3.4352045871628203,5.253633258848255
2024-11-25,6.9602677731258895,1.649943489319824,3.4468565599394636,5.261943248053722
2024-11-26,7.007918364895449,1.663219970798548,3.4648546578669324,5.2901955463446475
2024-11-27,6.889139543911087,1.6225545636405423,3.454355707374759,5.2485437786948665
2024-11-29,6.992072719200104,1.6522785777333033,3.4758143129832346,5.294661609205892
2024-12-02,7.046498796010149,1.6715309863647079,3.4820444515125044,5.352308977393118
2024-12-03,7.125681844829324,1.6935622203864957,3.4836599794555996,5.368719869264879
2024-12-04,7.324757402028547,1.7499949844223925,3.5052911241688114,5.435094759348358
2024-12-05,7.323799409094492,1.7476429770951434,3.4995231310912676,5.420032843877115
2024-12-06,7.332561806056921,1.7609308069077372,3.5061570615545863,5.468539640190243
2024-12-09,7.183441780811111,1.7160543406627207,3.48810097031634,5.425953226892916
2024-12-10,7.031804957042649,1.6681663365896249,3.4772562212008955,5.40746395718689
2024-12-11,7.297168908637547,1.7523029251459805,3.5041373814705428,5.504270704630442
2024-12-12,7.221050491133422,1.7305236559439179,3.486082010646095,5.468747766148073
2024-12-13,7.4306416482548805,1.8436774740066069,3.4853904133995526,5.510607339561903
2024-12-16,7.5983852510018,1.9234017037249043,3.500272721648588,5.589962245150765
2024-12-17,7.462931629261558,1.8753185872041926,3.4858514782305807,5.565346387633796
2024-12-18,7.2005584057462695,1.7808876119702088,3.3819606043515336,5.36456599534038
2024-12-19,7.226140046003674,1.7794121936414609,3.380922488067921,5.340676337319346
2024-12-20,7.3814810991562,1.8193497019354092,3.4215304128538393,5.387314162531164
2024-12-23,7.620153237112587,1.8944750842238116,3.4420197016964575,5.439800967545558
2024-12-24,7.7086601902237035,1.9261902795123143,3.480277636671728,5.513563368550646
2024-12-26,7.733769737042602,1.940361206531693,3.4805092497079397,5.509817741697275
2024-12-27,7.59350369059325,1.8999728073759157,3.443872245779253,5.4365753353929795
2024-12-30,7.54223507197656,1.8777446595355518,3.4045718720375797,5.364268215123793
2024-12-31,7.4027915940266755,1.8369998855430747,3.392186157807183,5.3187011179165635
2025-01-02,7.523528950379181,1.8655034155147203,3.383851690572548,5.308297381575329
2025-01-03,7.738617724469986,1.9196352090183948,3.4261608725435804,5.395168515985874
2025-01-06,7.9229966518891555,1.966094534468216,3.4458976891736843,5.457173401342493
2025-01-07,7.5663967710137445,1.8661484203922214,3.406945275296678,5.3597951079993615
2025-01-08,7.561886917364479,1.8638036303753176,3.411922614230388,5.360732315197158
2025-01-10,7.3795213104184905,1.813351724145075,3.3598312934966716,5.276669920635969
2025-01-13,7.286869111263616,1.7875622115132224,3.3650406056734927,5.259711817592007
2025-01-14,7.2565167936406345,1.7815917095554892,3.369670705156335,5.254717755185438
2025-01-15,7.458306551981445,1.8366281003174798,3.4309649519587557,5.375610439437948
2025-01-16,7.391568789338542,1.8254774446575797,3.4243666819784617,5.337947966109089
2025-01-17,7.576723984886809,1.8805068926944764,3.458746989683404,5.428043451897088
2025-01-21,7.725126635544233,1.9079431255375685,3.4904066546783805,5.4598796791818405
2025-01-22,7.812829467981454,1.7763126978358512,3.5100278448938287,5.52968896776329
2025-01-23,7.831216586414862,1.781331659587241,3.5291858090368526,5.541444562249073
2025-01-24,7.870305926417785,1.795113522328693,3.518883531511665,5.510129610440239
2025-01-27,7.166815273644771,1.5443531013444538,3.46910726051937,5.349704521176216
2025-01-28,7.404162214489792,1.620542069711516,3.498915101845349,5.428772212943273
2025-01-29,7.33769489533816,1.601840098036536,3.4832291720041075,5.418576602559869
2025-01-30,7.540995467818497,1.6750119400644292,3.501924270281607,5.441672180003338
2025-01-31,7.57371169979685,1.6877234558588319,3.4832878857286835,5.43376595515606
2025-02-03,7.517483457091209,1.6655610407573758,3.4598467013467866,5.390278516558221
2025-02-04,7.639403496611102,1.7050985731536557,3.483056632899371,5.456446561458995
2025-02-05,7.7211765576018125,1.7333306457180573,3.497178544384109,5.481207786952663
2025-02-06,7.726141378839472,1.7343251791330105,3.509333005785193,5.509817741697275
2025-02-07,7.612708219119818,1.6960971344600437,3.4772108351315913,5.440320962246352
2025-02-10,7.779821961461312,1.7505189091538738,3.500824918825124,5.506175857629037
2025-02-11,7.775277787903735,1.7476653877298653,3.5034872080174133,5.493067764611142
2025-02-12,7.774238495465937,1.747095528808906,3.4922008452434996,5.4962927563761586
2025-02-13,7.871742616199786,1.774680874166326,3.5290701826221964,5.5753607683369975
2025-02-14,7.849820921372227,1.7681109288203247,3.528896562896762,5.5987701356861175
2025-02-18,7.834887903456965,1.7571215541391798,3.5392564735258283,5.611461976788353
2025-02-19,7.820978193315095,1.7547104476819069,3.5475913009673627,5.613023882053419
2025-02-20,7.685937134890388,1.716319268496689,3.532832543684767,5.589198262788639
2025-02-21,7.344909079079136,1.6135800362831596,3.4724060353026176,5.47319717893269
2025-02-24,7.1466048939290445,1.5471129952141178,3.4566055596674174,5.408589758521858
2025-02-25,7.000093405984721,1.4980396636051652,3.439415405814946,5.3404448372154825
2025-02-26,7.18917881617655,1.5595491121798888,3.441151603069287,5.353345124469329
2025-02-27,6.849411500814129,1.4471194051543381,3.3862240132109482,5.204675629691089
2025-02-28,6.95526446034243,1.4782429176432912,3.439068166364078,5.286866171406936
2025-03-03,6.674474765524165,1.3869571967299006,3.3788156379142618,5.1711759957126056
2025-03-04,6.699729107859269,1.3973614424991336,3.3388215056846504,5.155570391200754
2025-03-05,6.732848425674535,1.4112543923900738,3.374706397607722,5.222778105309334
2025-03-06,6.448765805334619,1.3227881380263813,3.314801468815673,5.079103313325224
2025-03-07,6.614646481069272,1.3845586215060541,3.3333809406785164,5.116452316942214
2025-03-10,6.321702233937534,1.2923063819868064,3.244593542084638,4.918157909166627
2025-03-11,6.440597543868599,1.3287726660605566,3.2176223300901805,4.90640103390572
2025-03-12,6.58093763327507,1.3742738413649649,3.2346964973210963,4.961749410743382
2025-03-13,6.4479589004838225,1.3354702848273816,3.1915761294129736,4.872484827817796
2025-03-14,6.65130142994019,1.3946186823591902,3.2575008359051356,4.990255302509079
2025-03-17,6.671475960610922,1.3951486155759063,3.282620224230596,5.022610884107062
2025-03-18,6.543924764698776,1.3527889307755356,3.2471409252760695,4.936988185249713
2025-03-19,6.722593850381196,1.4076139031937278,3.2825045978159393,5.003051846977791
2025-03-20,6.646940414364139,1.380017935513316,3.2730120654002453,4.98609406412761
2025-03-21,6.653257087388049,1.3827497796736656,3.2740919656841694,5.002531532083217
2025-03-24,6.767696402899913,1.413253444976975,3.3327264447425957,5.1123086892187155
2025-03-25,6.797103238100945,1.4168128490151097,3.3407378063886117,5.141482505212155
2025-03-26,6.559008046381608,1.3398845397443682,3.300855338297765,5.046875809239752
2025-03-27,6.397772064196177,1.2868904492468267,3.2920889829909403,5.018118565355754
2025-03-28,6.251167715143412,1.2451283899626835,3.225791462358064,4.886002448681943
2025-03-31,6.20353318231283,1.2305473106109228,3.2474460205197264,4.885794322724113
2025-04-01,6.283206891413046,1.253832403398952,3.256617968795096,4.92517975879002
2025-04-02,6.383012311867169,1.2833166732590955,3.277227566742061,4.961125353063674
2025-04-03,5.906638567213685,1.1423401830172892,3.115723040157036,4.695539020215034
2025-04-04,5.569080385682659,1.0466673348232611,2.9333191291746066,4.403904282871994
2025-04-07,5.704005112555827,1.0891955657237204,2.9280945082045675,4.41453183466634
2025-04-08,5.6745340052200595,1.083550988540474,2.882232425482873,4.335032521682122
2025-04-09,6.465054661378443,1.3355923277980337,3.1849223875701966,4.855369829821008
2025-04-10,6.160032482506597,1.2414050241295642,3.045362745907622,4.648860850586775
2025-04-11,6.340969921260154,1.3009458791494442,3.099699956658105,4.734506603396375
2025-04-14,6.318137399718348,1.2919400726078403,3.1297718296412276,4.7665980251248055
2025-04-15,6.3616938510104895,1.3038992352982102,3.121005474334403,4.771911961118869
2025-04-16,6.209307089519857,1.257856235305845,3.0516314265751103,4.6280216787199615
2025-04-17,6.131937672794744,1.2324289921274767,3.0559856075731338,4.627188214307298
2025-04-21,5.925582954447918,1.171949945428319,2.9832448860300866,4.512680514247222
2025-04-22,6.080297387101685,1.2151121682606634,3.060862088575057,4.631148050800344
2025-04-23,6.309134344194893,1.2837136003826088,3.1082916116187977,4.736173852415482
2025-04-24,6.600570039502493,1.372707452252606,3.1737181519693096,4.8694356224387
2025-04-25,6.707400643957665,1.4071114773618596,3.196649643588781,4.923720315534962
2025-04-28,6.715932099717967,1.400514950253946,3.1978678633220134,4.9221577698823324
2025-04-29,6.73932500022857,1.4031144341287578,3.218013154575857,4.954665763720204
2025-04-30,6.733844223235321,1.4031043270541186,3.2192897278267663,4.95404010507159
2025-05-01,6.858324547594393,1.4416519768090597,3.242104872617783,5.018743583616805
2025-05-02,6.980841313289844,1.4833124865109755,3.290231035804656,5.093241469737485
2025-05-05,6.942377640995185,1.4702112245019083,3.271363758629319,5.063025422985991
2025-05-06,6.9475432511705915,1.4709121022337501,3.244020813114845,5.015930681248292
2025-05-07,6.920179165467537,1.4637312326217569,3.257663649423592,5.0356229189905735
2025-05-08,7.0040335836106005,1.4894473540819555,3.2803620871792547,5.087615024612896
2025-05-09,6.946157404856186,1.4719527093769678,3.276182246320464,5.084280846768464
2025-05-12,7.286338483309249,1.5781783502316444,3.384451795266683,5.2914158048450926
2025-05-13,7.484611377544752,1.647165885325864,3.406802273157679,5.372062051953843
2025-05-14,7.496710110442671,1.6556772437827707,3.4111564541557025,5.404255615498499
2025-05-15,7.473369895270141,1.6495944084131757,3.4278178242800883,5.410194569753615
2025-05-16,7.476512368891297,1.647841228142056,3.4495300155456294,5.433742901203809
2025-05-19,7.519454419217434,1.6604027193576152,3.4533031828151772,5.438953094412739
2025-05-20,7.495993647977854,1.6541519173569559,3.4416922736250477,5.42082180135418
2025-05-21,7.376590787281927,1.622536396426475,3.3836968016058746,5.345491091208399
2025-05-22,7.452388818569376,1.643498690898477,3.3850328089951587,5.3554942651292565
2025-05-23,7.448604377512105,1.6396170561968575,3.3619266170295554,5.305898169572225
2025-05-27,7.632566886693958,1.6980881034422393,3.4318233249996464,5.430720271908559
2025-05-28,7.6404461614476284,1.7026356495507324,3.4119687207134906,5.40665130537001
2025-05-29,7.645351251494225,1.7066726312429683,3.4254372168830054,5.417280458133262
2025-05-30,7.695322523040651,1.7170940778633748,3.421606416509579,5.408736407273682
2025-06-02,7.830059486496561,1.7590366619802567,3.4408792866534608,5.451455380796458
2025-06-03,7.968325951668033,1.8062042802622176,3.4605019176965057,5.494069971146538
2025-06-04,7.944463669766654,1.8055626905235163,3.4595729441033636,5.509386120480115
2025-06-05,7.946563133315369,1.8016813861576495,3.4428532204613007,5.467917183479441
2025-06-06,7.902135296019384,1.7782088259738977,3.4782082480355894,5.521368412163041
2025-06-09,7.870948933873818,1.7658759157817758,3.481342768472783,5.5294955707194
2025-06-10,7.884585289566535,1.7705754327454564,3.501080665723585,5.566066823641668
2025-06-11,7.957802150562533,1.7990474000267718,3.491095370269729,5.547311793097182
2025-06-12,8.03076481387293,1.8227669977638257,3.5049701798215875,5.56033535495682
2025-06-13,7.921248638899383,1.7837513561042724,3.465784351873873,5.490527987538058
2025-06-16,8.014913005612902,1.813532017129559,3.4987591322579776,5.566900608248112
2025-06-17,8.011607273197901,1.8080910946920028,3.4688612392071883,5.512616235345631
2025-06-18,7.995340415923641,1.8065872216584653,3.468338939203289,5.5116787079540535
2025-06-20,7.943144654797312,1.7875508408757266,3.4601932203838563,5.489172927455696
2025-06-23,8.024328832738346,1.8068881385568727,3.4943710918114257,5.545614766056417
2025-06-24,8.156458526725707,1.8412805470716687,3.5329748254099673,5.630418729415042
2025-06-25,8.21053826822971,1.8605245825319,3.5349538021143965,5.644812720658543
2025-06-26,8.332475090884495,1.892403837487085,3.5626104878381093,5.697592823176587
2025-06-27,8.37705355526983,1.9079299554459923,3.5803114150737043,5.717099668719509
2025-06-30,8.467121909788437,1.927636157699679,3.5974288071325287,5.754129439136565
2025-07-01,8.237454283051608,1.8645587208815058,3.5962649786410816,5.70562584476125
2025-07-02,8.315591702099288,1.8885489329330463,3.612568303107622,5.745367016118155
2025-07-03,8.474876243562898,1.9305491797107253,3.641040137044317,5.8019029916905716
2025-07-07,8.42441782369807,1.913180417506922,3.613906831945201,5.758197180933901
2025-07-08,8.3725958393482,1.8987420732369442,3.6119274950338727,5.761431778512356
2025-07-09,8.512698138028421,1.9377955194515848,3.633586735885225,5.8022161412086595
2025-07-10,8.38068898248111,1.905967911645173,3.6438346221686273,5.7938712508810335
2025-07-11,8.339800176031856,1.893190448688752,3.6310253046247234,5.780832960107457
2025-07-14,8.374885250655813,1.9006666867083908,3.6379538843316213,5.801798608517875
2025-07-15,8.42618183353159,1.9163517857877976,3.6224080749741843,5.8071183080000015
2025-07-16,8.395692376561922,1.9086565984576405,3.634518591133561,5.813064946905867
2025-07-17,8.478812566931202,1.9298821868279208,3.6567606467478857,5.860107817251
2025-07-18,8.504245299064182,1.9394313802070902,3.6540821482451307,5.854475608638348
2025-07-21,8.605145644545157,1.965258728177656,3.6610110881589275,5.88482933871579
2025-07-22,8.473268187461988,1.931324128189445,3.661534828990424,5.854371225465652
2025-07-23,8.582803497691947,1.9632703227522463,3.6926858818436723,5.8810734656614185
2025-07-24,8.6617866174594,1.984176175584135,3.6939080638527964,5.893591121346639
2025-07-25,8.686448209033035,1.9898005846573446,3.7095125869348093,5.907777627019873
2025-07-28,8.759735758367952,2.0098433159284568,3.708580731686473,5.926240640835834
2025-07-29,8.736975799082703,2.0065070401634775,3.6987989531306886,5.917061325514201
2025-07-30,8.77719391066793,2.0222050822186843,3.694141117716605,5.924988683151043
2025-07-31,8.613460125358385,1.9766708763095076,3.6802835980959103,5.893591121346639
2025-08-01,8.429656044748853,1.929120877357442,3.61996190992144,5.777494619743869
2025-08-04,8.590427114351655,1.9801956568997383,3.6749849546080773,5.8840992968944805
2025-08-05,8.490384395876374,1.9522244428928195,3.656352892537945,5.844149359192183
2025-08-06,8.629431126573632,1.9843370200915489,3.6843589789539215,5.917687624550378
2025-08-07,8.618423498059169,1.9832880229392789,3.681273446655024,5.937713824406531
2025-08-08,8.651396322930198,1.9962484905210403,3.7099779742486287,5.993102865854415
2025-08-11,8.631447174068537,1.9899146466137225,3.70264164033179,5.975369253472201
2025-08-12,8.842892488444626,2.0479583212463224,3.7420601619364144,6.050472626033275
2025-08-13,8.804709735568991,2.0347842852731803,3.7548698396872178,6.053498457266338
2025-08-14,8.826308093592026,2.0395985707388107,3.7552188801725825,6.048803776045262
2025-08-15,8.783331673305657,2.0274818593191566,3.7464269501759118,6.022205919022192
2025-08-18,8.787540497520657,2.029932777835754,3.7456118019629296,6.019806386825307
2025-08-19,8.621419411700517,1.981126116691716,3.725291089949156,5.9381313570973155
2025-08-20,8.57060347172369,1.9667241396535413,3.715393324771816,5.902874819840968
2025-08-21,8.530173674800661,1.9566457619982471,3.7004872428674305,5.875546280609025
2025-08-22,8.671676845730518,1.9988265337393765,3.7573149241192647,5.966190578538131
2025-08-25,8.664543500299597,1.9997376145780972,3.740778905995815,5.948980803182086
2025-08-26,8.71816003320399,2.0143340743132616,3.756441782595505,5.972865978490182
2025-08-27,8.776340628235978,2.0282250585740194,3.765001018935266,5.982045934199378
2025-08-28,8.951352580466594,2.0747852005739538,3.778334437517566,6.0194925969196555
2025-08-29,8.763179901007279,2.0238119626850533,3.7558009745217555,5.94981458778853
2025-09-02,8.70664768343248,2.005815014524699,3.72796994865881,5.899954652555727
2025-09-03,8.85599101001989,2.0611125363328835,3.7481735934303306,5.946371864252246
2025-09-04,8.972139533002267,2.0912782670657353,3.7794986262159123,6.00019579849725
2025-09-05,9.284912124552344,2.16836671893915,3.7685519385479824,6.008853838342965
2025-09-08,9.439931241564398,2.206044433908724,3.7778103364791704,6.038164377081009
2025-09-09,9.41666961570862,2.208417210149743,3.786544273165063,6.055271050039484
2025-09-10,9.791076918960027,2.3103175612053097,3.7974902404191946,6.057253689933147
2025-09-11,9.713295291868986,2.29174633120187,3.829048327068585,6.092509586801932
2025-09-12,9.723957689060484,2.2967704524371753,3.8277670711279854,6.119421874118216
2025-09-15,9.893270909773879,2.3490439533615026,3.8481457764525366,6.171784443945476
2025-09-16,9.839935817790257,2.3321380541427925,3.842847853378502,6.166569127636046
2025-09-17,9.669804558548124,2.2853246055122396,3.8380729507221654,6.154261519071342
2025-09-18,9.79163391005677,2.3222089351571897,3.8560062114077707,6.20975430330436
2025-09-19,9.814965346550828,2.330942483908583,3.87510474141242,6.251789983297892
2025-09-22,9.749062869962602,2.3189891441269537,3.8934381919630816,6.2888005420880715
2025-09-23,9.617005231975822,2.2789949446541677,3.872243978218649,6.247028701770311
2025-09-24,9.553972584416824,2.257057746468467,3.859923821643914,6.225097989303126
2025-09-25,9.501263853899,2.243111685140562,3.842116273166144,6.198259346556536
2025-09-26,9.534451647426296,2.2537331688397604,3.8641281565718533,6.223740367670514
2025-09-29,9.44456535161596,2.228256110101179,3.8749880343770657,6.252562931085893
2025-09-30,9.452601679903598,2.232375123249702,3.889584338348104,6.26969009644637
2025-10-01,9.545952848151353,2.2598791859995853,3.902838151205671,6.2997652579341015
2025-10-02,9.620265584668655,2.280274249677585,3.907333533308197,6.325663811738864
2025-10-03,9.58270154478724,2.270330287798483,3.907275539997419,6.299034575725229
2025-10-06,9.590468209401234,2.275000069797295,3.9212879485847876,6.346341285746133
2025-10-07,9.55202257204601,2.2603540128775474,3.906749998131427,6.312923941569438
2025-10-08,9.780956754600886,2.321251470152087,3.93004601913293,6.385294140013536
2025-10-09,9.766711582305309,2.3171784347870092,3.9186605994617247,6.377566583296211
2025-10-10,9.33749664123811,2.1976489123152754,3.8127478842572384,6.156174356720688
2025-10-13,9.8360786852055,2.3343941529188506,3.871250887797442,6.286815981031721
2025-10-14,9.605091043366839,2.271842014910738,3.8665217314173086,6.244939757541264
2025-10-15,9.726631743791105,2.3089415084520017,3.8836873912006316,6.289009308433464
2025-10-16,9.730669854728134,2.3115105862306207,3.857238119003174,6.26572161472123
2025-10-17,9.684791515489998,2.299861517639459,3.8791332953735296,6.306867156002813
2025-10-20,9.743923641782247,2.3149294737129558,3.9194782691230015,6.386337971740497
2025-10-21,9.652925578664519,2.282181112892402,3.9194195553984255,6.384667840977359
2025-10-22,9.577071541594352,2.2638869689990004,3.8990430113152694,6.323157975206595
2025-10-23,9.702980248811611,2.298870529580733,3.9221639717637413,6.376313344836295
2025-10-24,9.928957072459092,2.3665576934636756,3.9542180633133865,6.444401271649602
2025-10-27,10.101270589706587,2.4204312542460626,4.000868819040969,6.559170890222763
2025-10-28,10.243719873784983,2.4566842147419643,4.011494922568574,6.609611016587238
2025-10-29,10.428220648157112,2.5155971957198506,4.013422029479512,6.639374309332008
2025-10-30,10.27172016513939,2.4785322680250013,3.9692819158396393,6.537867117179317
2025-10-31,10.306045808898757,2.4833894706359927,3.9823015942127,6.569405564247482
2025-11-03,10.32263616078036,2.4924157468583266,3.9897755271650484,6.600838347367827
2025-11-04,10.049189731233417,2.4116374844345274,3.9424825225361193,6.4668538999802685
2025-11-05,10.163181873525755,2.4446357454858507,3.956144810017426,6.508940810978804
2025-11-06,10.040349384222008,2.408397822892257,3.9136980290108836,6.387696233760672
2025-11-07,10.015359805507376,2.398167916019741,3.917551162212063,6.367541316004446
2025-11-10,10.242625747439943,2.470583042042599,3.9786818750822284,6.508418254727761
2025-11-11,10.154864662712136,2.4433528683469734,3.9877900667364328,6.491082323021893
2025-11-12,10.096928241706257,2.42546686071991,3.990009301442656,6.485964986009533
2025-11-13,9.76497634295819,2.329711141807583,3.923798950879396,6.353548207375104
2025-11-14,9.797416354862618,2.3391657461900084,3.92315634177115,6.3583511140942495
2025-11-17,9.783827963987788,2.341548444018337,3.8866065079120795,6.304047529564893
2025-11-18,9.664075662665521,2.3091443146005566,3.853968520978765,6.2272900359297445
2025-11-19,9.886586725529176,2.377198964982965,3.8688573129519863,6.264468376261314
2025-11-20,9.632797434665715,2.306243904579703,3.8098871210634675,6.116176389951199
2025-11-21,9.599105909151467,2.3047826129030202,3.847838519967484,6.162126118727054
2025-11-24,10.18875951607111,2.4727112861716476,3.9044724099075268,6.319712049732498
2025-11-25,10.30485618059833,2.5013304888957593,3.941198024733427,6.358664903999901
2025-11-26,10.423021667884273,2.530763376558243,3.9684062528675845,6.414848026025351
2025-11-28,10.537952250343611,2.5573218344291693,3.9900672947534335,6.4668538999802685
2025-12-01,10.2876552722144,2.4899651581996345,3.9718505512381257,6.445132594246037
2025-12-02,10.276346077356866,2.4885060061176327,3.97920777715512,6.495572720610514
2025-12-03,10.304886946767658,2.4979963522720507,3.9929867716717804,6.511446007123511
2025-12-04,10.301637570520233,2.4995792027014323,3.9959058883832284,6.505389861944448
2025-12-05,10.392430323179191,2.522266287632639,4.003496168164031,6.531914074397825
2025-12-08,10.442225196251048,2.52948670826521,3.9914688597983794,6.519382970573791
2025-12-09,10.515077182038583,2.549630491438852,3.988023480807141,6.527423676809205
2025-12-10,10.590762503027278,2.569996709472447,4.014473113211498,6.554157936383099
2025-12-11,10.495195333307064,2.539901628549002,4.02381471893641,6.5329591868999115
2025-12-12,9.925067762346144,2.390560230571273,3.98055062847549,6.40805991786229
2025-12-15,9.618490478200282,2.313996050025257,3.9745362538788656,6.375895171757948
2025-12-16,9.657490022371888,2.3244112944258966,3.963676736280552,6.388531299142241
2025-12-17,9.329606393837611,2.2253973076696445,3.920062164506671,6.270106988749591
2025-12-18,9.465539315307431,2.2671866666387794,3.949663607279385,6.360961974186778
2025-12-19,9.624234986885297,2.3145634539979727,3.9854613291328405,6.443879996173684
2025-12-22,9.680883373417753,2.3320445630268525,4.010290390697513,6.474767809478296
2025-12-23,9.799610460066685,2.3686503175749243,4.0286187983515855,6.505091441340299
2025-12-24,9.804901224524102,2.369288213152789,4.042790418388418,6.524123119311808
2025-12-26,9.834315928869506,2.376874982704845,4.042380502937082,6.523704305845898
2025-12-29,9.777462534579348,2.3611804165246806,4.027974748415742,6.492125514361291
2025-12-30,9.781084895673928,2.361903218844808,4.023056123206609,6.477068081602986
2025-12-31,9.698090449381837,2.3395444007290824,3.9932493625013272,6.4235310409860045
2026-01-02,9.669541528945016,2.338066294002052,4.000569126900801,6.411088310645603
2026-01-05,9.677012334001486,2.339264349841843,4.027213271030748,6.4620106488446805
2026-01-06,9.74437500070423,2.3546330783485354,4.05116414817507,6.518789971690867
2026-01-07,9.800422497945116,2.3724307616160583,4.038105567456892,6.52506448902876
2026-01-08,9.660966751447942,2.3364680643811835,4.037695652005556,6.487943143190258
2026-01-09,9.862407542405535,2.393331527144797,4.064398509860078,6.552564652127468
2026-01-12,9.965491362959959,2.4241691727011,4.070781376114627,6.558001542533542
2026-01-13,9.985652972819475,2.433502972829085,4.062641780812481,6.548277257396176
2026-01-14,9.7835572152278,2.381881270041658,4.042673351146165,6.478323241225589
2026-01-15,9.82995573845821,2.3959605815520035,4.0536823546076635,6.501641673540827
2026-01-16,9.86042796934233,2.3965021817836822,4.050285603547822,6.496204142747191
2026-01-20,9.476460591548149,2.3039669949793247,3.9678346045184893,6.358178209452361
2026-01-21,9.492868239498641,2.3103706416172485,4.013628067825879,6.444130387710643
2026-01-22,9.514461847733493,2.314417403444766,4.0345921093616965,6.4909753782989466
2026-01-23,9.45227420990731,2.2951694759793813,4.036055629993312,6.511470341850888
2026-01-26,9.564855463721566,2.3154659626268494,4.056551402560117,6.540121281399503
2026-01-27,9.684886305605763,2.3464310168074185,4.072713525922154,6.599409642715772
2026-01-28,9.711185176574894,2.3530393153035356,4.072303610470819,6.62126350867545
2026-01-29,9.561181810857024,2.3173714904563747,4.064222728893249,6.58163376475443
2026-01-30,9.623823382946686,2.3320675897581284,4.052101046319995,6.5025824028702175
2026-02-02,9.593265524647363,2.326907149868546,4.072245617160041,6.54723214489409
2026-02-03,9.390040148086056,2.275308909149037,4.037812719247809,6.446640066568287
2026-02-04,9.29306000702498,2.2500357556435024,4.018254205032829,6.334023430980429
2026-02-05,9.185814781685533,2.221769916716016,3.9680690992098953,6.242843769049029
2026-02-06,9.235123564454858,2.233728725057378,4.044195585502357,6.374803951351358
2026-02-09,9.39636740519089,2.2728726830426424,4.063696106406558,6.423636064546264
2026-02-10,9.393128490399366,2.2704050991378946,4.052979230740345,6.393834348547741
2026-02-11,9.412249604803346,2.2738660441850986,4.052042692802319,6.410983287085344
2026-02-12,9.300782501448777,2.2429116623440164,3.9894434164039483,6.280590773536144
2026-02-13,9.324623908043279,2.246167217739237,3.9922537506318254,6.293975513981061
2026-02-17,9.392079614624265,2.2638833484062477,3.99869533061095,6.287491589910213
2026-02-18,9.329010115900827,2.249965479813563,4.018839541244096,6.334441604058776
2026-02-19,9.32460588186853,2.2480974434911696,4.008240093027034,6.310182442414149
2026-02-20,9.30680181253107,2.2475777243244326,4.037227383036543,6.366020395543383
2026-02-23,9.103082847700668,2.1975597208966184,3.9960017034184263,6.288641725972559
2026-02-24,9.080080865030801,2.1935862970429607,4.025046626531814,6.356191086845759
2026-02-25,9.263041388174281,2.239360351344053,4.059011255475032,6.448312758881675
2026-02-26,9.191622199724897,2.218522484552918,4.036465545444648,6.370516556620067
2026-02-27,9.125336831864423,2.2005070723335765,4.017082812196498,6.350125976240821
2026-03-02,9.084882663573616,2.190654398910495,4.019366884144584,6.358491999358011
2026-03-03,9.07292068777306,2.1866535277688386,3.9839387345697497,6.2904200822337675
2026-03-04,9.122566735492851,2.2000161304608468,4.012046759538211,6.3863059523623695
2026-03-05,9.28101011390791,2.2379010246308795,3.9896775508884548,6.367065508045469
2026-03-06,9.180195343631535,2.2107808129683133,3.9373841540842647,6.271284661477126
2026-03-09,9.34497574415191,2.2533085810464843,3.9718757657210726,6.3550409507834145
2026-03-10,9.384910012010563,2.2637539334385455,3.965492539259625,6.355145974343673
2026-03-11,9.383903667507004,2.263781714917177,3.9605152003259154,6.354308987799416
2026-03-12,9.247153923840663,2.2279390896372995,3.900375056428662,6.245248424346414
2026-03-13,9.130074169478855,2.1975726341566726,3.878298335781089,6.208231461680609
2026-03-16,9.156507991871889,2.2060542125611904,3.9177672863516073,6.277872328333107
2026-03-17,9.18194382557071,2.2135561401249273,3.9280731659457877,6.308509750100761
2026-03-18,9.095714073405945,2.190365092732849,3.8732619229159035,6.22057108962344
2026-03-19,9.105692043213821,2.1920051353593357,3.8637171604998195,6.200912472228192
2026-03-20,8.850731758556329,2.1275104115530574,3.808327785396654,6.086309354421296
2026-03-23,9.010271777434495,2.1680332764382397,3.8483150736951797,6.156173716333125
2026-03-24,8.82286468303788,2.1201899922562832,3.835396973667705,6.114084884171901
2026-03-25,8.806507096981264,2.117721016716026,3.8567705704479596,6.154289055736532
2026-03-26,8.734933826229993,2.0967969208453257,3.7878936082096195,6.007398877800845
2026-03-27,8.483119323297885,2.0322400614806653,3.7233027478653464,5.890034408824221
2026-03-30,8.48556350946601,2.0320118581292776,3.7108543576344815,5.845014522789192
2026-03-31,8.796748687265858,2.11376311469708,3.8187208350604505,6.0428910776802125
2026-04-01,8.913360204996987,2.144543018044412,3.847493081551112,6.117540415459436
2026-04-02,8.968871264440656,2.1579356603275994,3.8509575515080106,6.124554580432077
2026-04-06,8.959587745646857,2.1573044797023906,3.869160607161147,6.161408244269432
2026-04-07,9.15628242997566,2.205078089426971,3.8708629449669596,6.162350894761509
2026-04-08,9.402803255598556,2.269454878022204,3.96945229370298,6.34557025912082
2026-04-09,9.34744732040377,2.2585344498918882,3.992352087115318,6.388496077826301
2026-04-10,9.39745767632604,2.27193773692759,3.989710329716286,6.3977093336887485
2026-04-13,9.58730820026446,2.3186521531014557,4.028699484697015,6.4638773785895225
2026-04-14,9.674325199122045,2.3442640033057778,4.077788480925559,6.581241847566147
2026-04-15,9.858820527902743,2.3913530357293658,4.109966483648543,6.673375686965752
2026-04-16,9.905234812361249,2.4018974164170963,4.120065964689458,6.705517379117842
2026-04-17,10.021860034864899,2.433027822983882,4.169859885819816,6.793253036737834
2026-04-20,9.95524154410415,2.4163737854324694,4.1615210961023905,6.771685424018616
2026-04-21,9.973200047805594,2.418374622256909,4.13427612686451,6.745930317027865
2026-04-22,10.233527211066882,2.485055106305553,4.176142614556375,6.858794142214869
2026-04-23,10.126667881634003,2.4585532479343297,4.159936185745731,6.820160200953617
2026-04-24,10.22728211503427,2.486306634277828,4.192172902193291,6.950612910933697
2026-04-27,10.197674551931279,2.4807213703705893,4.19939505052307,6.954277208566625
2026-04-28,10.053932642026785,2.4454997023029037,4.1789608733360355,6.884339842472665
2026-04-29,10.117959344366396,2.460612632266396,4.178315022365696,6.926428034246326
2026-04-30,10.37741862246647,2.52804118184261,4.21988794143468,6.991025208456158
2026-05-01,10.414792752672586,2.5389885316347076,4.231573053246054,7.0581365442365716
2026-05-04,10.416127843060773,2.5387769888228755,4.216071189130324,7.044840177275287
2026-05-05,10.58390903514581,2.581390928318254,4.249893536348343,7.136240132528206
2026-05-06,10.570128664611984,2.582657133024362,4.308964586168649,7.284491134034318
2026-05-07,10.541879790669144,2.5759570598784665,4.295752917518294,7.2758010748104756
2026-05-08,10.795199525936907,2.6396591702294234,4.331218888817548,7.446352292407365
2026-05-11,10.725014599701641,2.620664455255479,4.341083514960158,7.46791926473902
2026-05-12,10.65047998810365,2.602586928844053,4.334507217600717,7.404577890539354
2026-05-13,10.7431713926439,2.6299183125758634,4.358758147092108,7.482787142778809
2026-05-14,10.9554593071524,2.6824363362871346,4.39316727134899,7.53597261062395
2026-05-15,10.845138293629361,2.6528864453935235,4.340320596747566,7.422272439280253
2026-05-18,10.886362503961324,2.6619090663502334,4.337267122862701,7.390339513473554
2026-05-19,10.718158022534507,2.6187021173163165,4.3083774489228865,7.344797071187482
2026-05-20,10.924703424475378,2.670791110746171,4.352533771873226,7.466454698383462
2026-05-21,10.912294945481896,2.667769957665593,4.361165409799735,7.4806930754492615
2026-05-22,10.95915022395459,2.6778689364639194,4.378311618410499,7.5124159541354425
2026-05-26,11.033583517454801,2.696505909759744,4.407377433524042,7.645800358376889
2026-05-27,10.912427163924729,2.6680579254530494,4.406614155104551,7.637110299153047
2026-05-28,11.030838804263574,2.69782093346277,4.430923438113618,7.701498066629925
2026-05-29,11.336454382306648,2.7689526677581022,4.441962698954653,7.729871077976392
2026-06-01,11.57118712941578,2.8253675056678134,4.454058806838059,7.776252427969407
2026-06-02,11.645230098568181,2.8414090379420713,4.460107040883213,7.812057777366863
2026-06-03,11.450503032743933,2.790438497973847,4.4288097440288725,7.79164286226024
2026-06-04,11.019894152239836,2.689839052741249,4.445544596360704,7.753951571491067
2026-06-05,10.62433620994902,2.5890909237113524,4.330807892745514,7.38175447780997
2026-06-08,10.59738140237623,2.5811121335408456,4.340613805163548,7.49702551984461
2026-06-09,10.5355104007322,2.564113986884473,4.327871846309802,7.410755068967739
2026-06-10,10.338675254591731,2.5129541513780973,4.259640735041801,7.262714114582145
2026-06-11,10.568820405471644,2.5709235294481205,4.332041241168515,7.508018412743392
2026-06-12,10.54963849708512,2.56544172062451,4.355469818308938,7.5522006718466015
2026-06-15,10.72663671293966,2.613252093535653,4.432274213985771,7.789443771370434
2026-06-16,10.618360049698808,2.5872280627721924,4.405850876685059,7.641402176597277
2026-06-17,10.67101094585573,2.5960825126338034,4.3508310738605145,7.5644500051431125
2026-06-18,10.862339926794158,2.645590936484192,4.39606657668098,7.754056595051325
2026-06-22,10.636367395180574,2.5855453774615977,4.382232470508735,7.734592655475094
2026-06-23,10.539149277732976,2.5594509034307755,4.3185936369991555,7.479900275646822
2026-06-24,10.472363112127638,2.532270082571619,4.3165919672600745,7.4481421756447
2026-06-25,10.497268427409667,2.5320100670910257,4.322832191582523,7.508513432329246
2026-06-26,10.422345461969035,2.516766131293323,4.2915723562457035,7.405169608647153
2026-06-29,10.606629700616992,2.566983221125632,4.362275207256296,7.589218915287532
2026-06-30,10.768574159899213,2.6119952906609787,4.396243438268507,7.718347303788253
2026-07-01,10.619829074420684,2.559571619783414,4.3902975029827385,7.600642789015913
2026-07-02,10.49854116606375,2.52555664851341,4.384528429284496,7.468894574996788
2026-07-06,10.700402971130481,2.5726476246009566,4.422793928604651,7.576012842972567
2026-07-07,10.452578750427373,2.50307337456645,4.401777296861544,7.435669347088858
2026-07-08,10.451285212340181,2.500593749503201,4.388178405794505,7.456736817121722
2026-07-09,10.657452248380771,2.5536490684665516,4.425325462692516,7.580834320931028
2026-07-10,10.575828125529119,2.530885513405739,4.444399138421118,7.604207186189082
2026-07-13,10.398207651931369,2.476941996382198,4.4103721936843305,7.459880479666294
2026-07-14,10.644895135473602,2.538890166038684,4.4260318284219275,7.543206428530547
2026-07-15,10.682464143803626,2.5468633216467884,4.443574985035655,7.52276781908411
2026-07-16,10.429970053069884,2.4784046041059007,4.4194969548559,7.399089769128277
2026-07-17,10.330805486049295,2.4454745574738697,4.375756310667284,7.287884547728285
2026-07-20,10.381129221623192,2.4589730206276172,4.368692293166272,7.295535898325666
2026-07-21,10.48785932999437,2.494512939775348,4.405132984334872,7.430847869130398
2026-07-22,10.451053118723005,2.478202303726338,4.400010842227667,7.392905546436704
2026-07-23,10.25128040490859,2.417656115097608,4.345673991684084,7.25256333132812
2026-07-24,10.057486106465753,2.3563918731142346,4.350089047648079,7.17154341807662
2026-07-27,10.104930155290585,2.3631469501124776,4.351031348896493,7.149428273991419
2026-07-28,10.01790396317993,2.3437497165765073,4.361451053870833,7.079937898416121
2026-07-29,9.847855602511475,2.2974245934009594,4.294339465645672,6.935716215453592
2026-07-30,10.097923428844894,2.3667650839902645,4.366337260459035,7.1644159045054066
2026-07-31,10.194132392180558,2.3942444795956734,4.39777431759028,7.210952868676123
2026-08-03,10.405506438665675,2.452289773904591,4.460411775919971,7.337565814831136
2026-08-04,10.761650739693255,2.554769840894972,4.540828326382391,7.586807856114521
2026-08-05,10.680155497159308,2.5222032596800674,4.531762278935398,7.518156388246166
2026-08-06,10.667279344925568,2.5202477528287077,4.524521399846858,7.490381498883124
2026-08-07,10.797350488620038,2.567032394591325,4.552190332605145,7.578213855025061
2026-08-10,10.808981093152944,2.5681360562877953,4.550836314870899,7.55557423352613
2026-08-11,10.734279810598794,2.5483294307790962,4.536295482762344,7.5302097629485365
2026-08-12,10.779951974235237,2.5547927196078013,4.547657128778199,7.585236345036016
2026-08-13,10.922190945718068,2.5962679965242534,4.579388474946124,7.672963677617695
2026-08-14,10.69974450662695,2.5389435873413837,4.570322427499131,7.662482454381392
2026-08-17,10.621586162493024,2.517130654414822,4.548716857475766,7.649904602265291
2026-08-18,10.428634541866144,2.4600758245017635,4.51798688648773,7.520357400298661
2026-08-19,10.2673149634054,2.426385084924764,4.527464650420555,7.505369129397111
2026-08-20,10.171161513263803,2.400414074747925,4.4894347264125045,7.451390861749531
2026-08-21,10.21503318082689,2.4086999210588296,4.507802036411695,7.477699263594327
2026-08-24,10.115002495469104,2.3720556015518484,4.494556148105911,7.403072979767355
2026-08-25,10.32014977002999,2.4317985321487803,4.508920478833837,7.449189849697037
2026-08-26,10.344178522739139,2.436727435443524,4.509921493806828,7.456002932975037
2026-08-27,10.57416262525767,2.5011722479058953,4.539474308648145,7.558089675871837
2026-08-28,10.39720603377043,2.4490505906538536,4.529172031122957,7.509037909742976
2026-08-31,10.32949291257409,2.4229725986406114,4.515631853780493,7.512496642968324
2026-09-01,10.36877763506851,2.4325191918804148,4.484607593755777,7.416907912668747
2026-09-02,10.405497479196596,2.4478818867426133,4.504505422869842,7.433677741769319
2026-09-03,10.743348918380198,2.546650625898602,4.551660468256362,7.522033934937424
2026-09-04,11.098710058812703,2.6509718907515945,4.5341173116426345,7.535555077933165
2026-09-08,11.64839138966751,2.822203920597899,4.509215128077416,7.529266472068896
2026-09-09,11.50171200809888,2.783611375089015,4.488257570265785,7.5077801885701225
2026-09-10,11.216593271455949,2.689381430297045,4.461353716961486,7.427913613318781
2026-09-11,11.537808990322524,2.7853320815931406,4.499383640969537,7.492791917668573
2026-09-14,11.183853897700677,2.668658755928818,4.479308950267945,7.433048881182892
2026-09-15,11.204003933501758,2.6715356574267215,4.458763469149044,7.384415928519941
2026-09-16,11.411912440777527,2.739620244693769,4.439100855140184,7.386302510279221
2026-09-17,11.809318318802715,2.869615952341966,4.4894347264125045,7.514173177607088
2026-09-18,11.578017945601923,2.7970213835731452,4.495212445076327,7.561653432657445
2026-09-21,12.01956564194068,2.954998978740619,4.564910679044937,7.77958436445737
2026-09-22,12.09663343121825,2.980419298291499,4.564202512281029,7.842432640233869
2026-09-23,12.012032114402363,2.9518792089735513,4.531330390863208,7.776856953828457
2026-09-24,11.939754976343652,2.944973632633562,4.527612335249244,7.775702335053174
2026-09-25,12.194074169800636,3.00122239367939,4.5522220308122785,7.811375764612744
2026-09-28,11.637412329237284,2.8217946512320498,4.5183467331800715,7.727753956694592
2026-09-29,12.111455178386644,2.955969071493911,4.510025593600708,7.742442526216866
2026-09-30,11.957634180194885,2.921560245177743,4.5007599915315355,7.761748290065148
2026-10-01,11.928084541384028,2.911314162756748,4.50878612166042,7.785460560731354
2026-10-02,12.162687972312284,2.9735571237736984,4.542130474323146,7.86467586183158
2026-10-05,12.120513285571718,2.9310361984264235,4.572759947586294,7.934133577641188
